time_step,region_1_entropy,region_2_entropy,region_3_entropy,region_4_entropy,region_5_entropy,region_6_entropy,region_7_entropy,region_8_entropy,global_entropy,lock_epoch
0,2.5307246650633926,2.5022707775006987,2.555179535683738,2.5286854140707167,2.5627241102903957,2.520786849929298,2.553237252704053,2.5646507248813206,5.598887892886409,-1
1,3.159408080595099,3.1265146772754235,3.201524493040539,3.1617136579768204,3.2095240199915587,3.1423127751564977,3.1832107235232874,3.2076192756420077,5.604654174461997,-1
2,3.791157046930809,3.756202846830463,3.8574867861194804,3.7964133960694046,3.8513055596846355,3.7597725182193913,3.808792413085286,3.8577116440426775,5.594476561533047,-1
3,4.419023786544839,4.392207761287608,4.518193036512263,4.427859386682181,4.497251363320665,4.377986177539137,4.437455537566188,4.506719692010557,5.618928554450231,-1
4,5.048672102201909,5.022557508216692,5.183292169753138,5.0660243543390875,5.149139198036948,4.995432986425662,5.07149346333348,5.161280614692228,5.613668732210195,-1
5,5.0373669607871925,5.037513154504115,5.206132731201537,5.064182185996215,5.16093817629931,4.9887014073823455,5.064271335763818,5.171353897977356,5.614819171142886,-1
6,5.029837223930283,5.0477822579710665,5.238229103437531,5.070182706865046,5.18625717888393,4.983847802787619,5.059291638726267,5.195763313488285,5.620094203352933,-1
7,5.0325932040489825,5.057137565258486,5.264225177904361,5.078461101144165,5.210101321986296,4.979786007297072,5.055007736690933,5.230763930629456,5.621543817643481,-1
8,5.031138250910492,5.078294764450636,5.291617589974122,5.087536116753369,5.233293086518829,4.979375472369992,5.06346705620185,5.25476598651907,5.622561070720395,-1
9,5.026309866001542,5.094071127655524,5.309833251267452,5.093232769174916,5.248386503257318,4.988607818174138,5.06979708111745,5.277448548049726,5.622364360748322,-1
10,5.0106788627903,5.10242464975422,5.318183157826019,5.094536289863449,5.26614044027131,5.0034676712114035,5.086523562819133,5.291058928810082,5.626851829699351,-1
11,5.006722703511687,5.094348376154532,5.322374532664503,5.104422521157903,5.275307373892134,5.025064701980364,5.098456246994084,5.2978542709598795,5.630283139005392,-1
12,5.007749297110789,5.097696196297457,5.320314957172951,5.109057978093249,5.265285149002191,5.047613481704285,5.107017740885349,5.29177267841531,5.625861625549837,-1
13,5.003242868175341,5.0925602875250595,5.312560724818509,5.114055206462878,5.244951708074338,5.066061349702681,5.120327539188846,5.28782508468865,5.6357997331945935,-1
14,5.005786640425047,5.089923858219799,5.290905050148385,5.11953138500368,5.209974327640728,5.079479570821109,5.137556755466622,5.265150588945453,5.646221754042737,-1
15,5.0134562777624,5.09337015673657,5.2684062614058496,5.12221504353212,5.178795794283031,5.0918374542236915,5.1650990627407225,5.237711422137994,5.6366344490423135,-1
16,5.031311855702546,5.093053228248552,5.2383646928156065,5.114347924642583,5.141735571680533,5.102721159602429,5.191622735884472,5.213462991630284,5.64103294649298,-1
17,5.039947662326288,5.097217084381367,5.215199183370861,5.098468613081941,5.104332632983114,5.105959194765449,5.213445428813583,5.194488114721802,5.645459803188744,-1
18,5.05548693809587,5.105608490712923,5.202411046828473,5.086472481692339,5.0702739113633,5.102416840214077,5.229818670533701,5.171331872440845,5.640824532983885,-1
19,5.067958306738166,5.114429901821859,5.18526431318516,5.068866866401037,5.037955040338686,5.098947486674356,5.25111538610846,5.157430563254344,5.649664147488963,-1
20,5.071231760632484,5.116333305764678,5.176292825228787,5.045472143205428,5.011709789430975,5.094714659142749,5.268452244784753,5.150447024171269,5.650925168988615,-1
21,5.085646394970888,5.1120040249033565,5.170788749331803,5.02046571171705,4.991346199458866,5.097549843641513,5.275659233205577,5.1471931449784805,5.657337345883262,-1
22,5.090272720713545,5.111717681872236,5.173256413418124,4.994840128221323,4.977650005813825,5.105560306789504,5.271576561101724,5.149687977662702,5.6643811920769656,-1
23,5.0793488315382564,5.113092696573486,5.180572256082771,4.982865955465286,4.964907337765289,5.120790105258766,5.257767058112622,5.142004389128948,5.6690251652788595,-1
24,5.0687345073381085,5.120147743230726,5.201171406092417,4.975573824824689,4.953791745998213,5.131876626135896,5.235723245084654,5.141812714381503,5.665375877442598,-1
25,5.067647802310798,5.128281433975099,5.213575331285481,4.983808925126958,4.939683866339026,5.14749382147449,5.219923969277706,5.138897691461983,5.673474003803682,-1
26,5.059657414818958,5.135256968510028,5.205640617976976,4.990637945094372,4.92513991510616,5.16765798779976,5.198973772207778,5.136345531727868,5.6648840628886985,-1
27,5.045903884158493,5.155899791358465,5.202045837977115,4.998943832685322,4.920354455546488,5.173589649862681,5.177747760932731,5.129617623772911,5.664645355604237,-1
28,5.026097150988502,5.176230951825985,5.195568829553254,5.011496285839975,4.921427527805892,5.171499511935332,5.148979974103355,5.119092780312434,5.67732194026319,-1
29,5.004244445343415,5.194552595549368,5.190045912988598,5.02442850439248,4.920327678703043,5.15693553791664,5.1134476688768755,5.101074077575799,5.676651782867566,-1
30,4.981629316419463,5.211782459529738,5.189372463764435,5.0398618903350085,4.907738528955344,5.13917234753978,5.08606847658881,5.083786698004665,5.669982794644604,-1
31,4.969038292519588,5.223313393850736,5.1922231281966225,5.036575451293053,4.8931050158104785,5.11300349141773,5.068967971025803,5.080338140264936,5.683085858172427,-1
32,4.953977830341024,5.232586255765644,5.198334838268082,5.032465981591748,4.880208222674724,5.097273376138899,5.057451403482376,5.068290242675404,5.670591200040007,-1
33,4.9376797073608225,5.245296374024111,5.197498827995199,5.023013500451951,4.8750920937422775,5.084400392033126,5.04197297303796,5.048911363887776,5.688059812839676,-1
34,4.9389089932375825,5.260951347134358,5.199903504955985,5.006107211337509,4.864571204358833,5.07168753782847,5.029688182914562,5.0279099042661075,5.686480773609311,-1
35,4.94798405461951,5.258710017393299,5.199863184796998,4.99028950704713,4.849255293024541,5.06287903333029,5.011538894705926,5.017240100163903,5.684322126990278,-1
36,4.958728759861243,5.257528929228149,5.189965610603075,4.968443839699297,4.840392137947211,5.063702788042709,5.005457947955001,5.013676053867925,5.693212560411955,-1
37,4.965545237144986,5.256225767927197,5.190079255908357,4.955114877592414,4.837895864780876,5.063616604834162,5.014098197364032,5.010243226362747,5.689992864948467,-1
38,4.9706956576480525,5.259942417307828,5.195802855230664,4.945336881792859,4.836024853764897,5.06719234283149,5.026749057091097,5.010650896608629,5.695741215365266,-1
39,4.97298055731963,5.2635532403702205,5.195711509808432,4.949055094115991,4.834828824729772,5.0669250003046145,5.036058813754018,5.012682756956265,5.6908902395203045,-1
40,4.968472576541697,5.257162952681808,5.18932064133406,4.955213454702753,4.844681861387422,5.057563157114476,5.047756200795571,5.025759501752952,5.70287305577448,-1
41,4.970382522551065,5.251016918340792,5.1915899207830805,4.95379884905916,4.8480757692102205,5.054022995238162,5.063869949267332,5.046288761446691,5.705014064727925,-1
42,4.967629811340258,5.242792461420352,5.193804498435279,4.954786181257977,4.854331600869565,5.0507729269445605,5.080705245956385,5.067550549092175,5.702794665128596,-1
43,4.966706777176739,5.248088518131956,5.19883641207471,4.954974958157707,4.854799415832085,5.046690673964124,5.097381689042207,5.080346490909035,5.6998734297620155,-1
44,4.971385533543833,5.250517289487554,5.207701133586554,4.959810903108621,4.862481236005644,5.040923365438585,5.111749851153002,5.090729714420541,5.702697239258145,-1
45,4.981831366096156,5.25381483117641,5.208982779929828,4.964116159207727,4.8623093859073085,5.0318610042966965,5.116198049477268,5.094623945631543,5.714604591323538,-1
46,4.987096980445952,5.250751238000495,5.193354936355389,4.9639832819079635,4.868342123470808,5.023832099370495,5.116016718595427,5.104148449296508,5.704709444068859,-1
47,4.993929628650736,5.2472902733983116,5.174398448463027,4.960663969587405,4.873053698530139,5.022349176753274,5.113642398151171,5.092512805923487,5.707964945832622,-1
48,5.004110432731589,5.245704646923671,5.163618478865504,4.956952155341913,4.873550879417091,5.019764505884624,5.106831095195814,5.072703687406456,5.716650146483861,-1
49,5.010442155439511,5.237050526072725,5.1563359910897795,4.959055033400347,4.87000988521679,5.014376128895742,5.1048956995429675,5.048589507897725,5.711604533015019,-1
50,5.013302408728456,5.228461986452095,5.159961459953313,4.967549538943174,4.871566251283606,5.018918538127612,5.103349247395169,5.026988517987245,5.706476502132247,-1
51,5.005155640452848,5.218504613651055,5.1597788686890835,4.974199427217356,4.865806036152613,5.01776595699517,5.109546103862227,5.012093388727652,5.7132486545917605,-1
52,5.004972647116255,5.210923608107729,5.159566127794579,4.987617792969543,4.842655997744363,5.02212339440793,5.118197621057092,5.0044583433053536,5.715045266081347,-1
53,5.00104235685523,5.20516870339389,5.158017637717957,4.989744121486452,4.826736202685023,5.035577916130458,5.134333778163427,5.010175733881479,5.719384490278237,-1
54,5.00456328219509,5.191662759468167,5.16630225350228,4.988694308022201,4.818200448869016,5.049797653588588,5.150750636571352,5.009827384228133,5.733626969975478,-1
55,5.0126588949613495,5.17854782216961,5.181028222351019,4.992132029815837,4.808987715760189,5.058159192680849,5.164484194156448,5.02572335249504,5.729085310699655,-1
56,5.026684015290106,5.16002856582879,5.185548251609138,4.995603148183372,4.79758160761422,5.077339897146499,5.169912431286194,5.039253598326119,5.722580550224734,-1
57,5.03950027623428,5.141014040351646,5.185112103846692,5.0008873070754465,4.789254150025271,5.08941773920236,5.168719948028759,5.052689637837204,5.735771934105785,-1
58,5.051851414588502,5.131308980758223,5.180556520694032,5.012328028186904,4.77398056250153,5.0915828497977005,5.177467322385483,5.069240483392235,5.736605687241529,-1
59,5.070236175927583,5.1285416587866814,5.184404357826028,5.026002262186836,4.774555066680239,5.10847832400848,5.186249516522611,5.0883366085509,5.731951773296243,-1
60,5.0821323652774115,5.131773534335527,5.187106704917206,5.028011968468262,4.78241424748255,5.122860184730104,5.189058984142329,5.105579832704068,5.736957814234356,-1
61,5.088814840298411,5.13918519566711,5.1946559210314085,5.045509767469169,4.788368050383327,5.139297548727678,5.191743242459149,5.111106928136303,5.737391021723942,-1
62,5.101423941354762,5.149885188434855,5.2062119290606885,5.0607756035653395,4.79207351563132,5.164712294504512,5.198598625826176,5.113762968971612,5.737567339652893,-1
63,5.109958288051627,5.163822006947921,5.214511766928405,5.069088711566936,4.795651663171953,5.194868105527686,5.202717563464508,5.107756508126239,5.742484287169663,-1
64,5.119782841260262,5.181087910623581,5.2235528104366065,5.081850027682081,4.799526248007719,5.214778704209277,5.210189732862004,5.102252896499487,5.7401843888335735,-1
65,5.131127634557486,5.19393387155494,5.226873765008778,5.099032095214686,4.803884470825597,5.238929705318351,5.215289080681705,5.09999978720669,5.748842055928564,-1
66,5.148945324771114,5.204332038985553,5.226794879950557,5.107068724075151,4.823000805680342,5.262429929575629,5.205874451938746,5.10455812630037,5.751961837189653,-1
67,5.171282819391653,5.204444853558486,5.211649687184012,5.109713068914994,4.840808006700371,5.280156722873128,5.195463372383887,5.103365672878633,5.756092910076057,-1
68,5.187026216295991,5.205044575630358,5.196227591462561,5.123072182528912,4.860958770723215,5.2894570090029775,5.191174051846267,5.0932253068584625,5.757856031452501,-1
69,5.202374858817752,5.203359790224436,5.18442795657582,5.125190380555992,4.882133303734089,5.2916749069648965,5.182870794493086,5.087402849661995,5.755414846990053,-1
70,5.208700045515158,5.2029964932698105,5.162693300500209,5.133559184981703,4.896791103724553,5.289403087655251,5.174024757957193,5.078594935944029,5.750244519845245,-1
71,5.217620373910301,5.204702599659784,5.13992123321518,5.144426492555512,4.904519804863501,5.282399201901103,5.171728292644455,5.06981220073592,5.758922189295193,-1
72,5.212111294893314,5.207799962953022,5.116668662959883,5.150222296191931,4.914559400185466,5.275965930008614,5.1782176573880605,5.062380311046848,5.757111280253763,-1
73,5.2057110056037965,5.214024284026761,5.093307925443745,5.1491018867706835,4.934222966646997,5.263968332372956,5.188579376598021,5.045278410109328,5.765473441495486,-1
74,5.192411222338433,5.204466320617049,5.072096389035474,5.149714901272508,4.9508540746700005,5.2509380334494615,5.201880975528794,5.016876771709776,5.758683784101965,-1
75,5.17789741281667,5.204617034325073,5.065168205316562,5.152785477122712,4.967263745041716,5.236441492797173,5.213001722552467,4.991825364671358,5.770663187506704,-1
76,5.165243482024113,5.210014027498479,5.067839771420317,5.150637441286962,4.9723418569922355,5.224180929069123,5.225473461136759,4.978527285253794,5.760002364583043,-1
77,5.154447938327026,5.224696158313375,5.065684979266371,5.14251060810007,4.9807939422070815,5.218990206957191,5.228170083721397,4.963914950229303,5.766908464995981,-1
78,5.145620853500666,5.239210962073506,5.069216085907023,5.132274465438391,4.997218313648842,5.206905837412686,5.225516279104504,4.9564009720620685,5.769675276920961,-1
79,5.129908882512249,5.249313300756803,5.070866975618422,5.114218305560606,5.020188627241405,5.194779932968747,5.224200996368511,4.954750172037606,5.77073016704393,-1
80,5.123833869434175,5.250373332324921,5.068548608300975,5.096040532156103,5.040208945474431,5.1846548147423,5.220305600041113,4.944127550900943,5.779787796346448,-1
81,5.107616851752449,5.254942452426829,5.0778695006380525,5.085513807516172,5.051335087126344,5.171781225991286,5.216931617874386,4.943796610747019,5.776247387063985,-1
82,5.10480059487017,5.276092296494468,5.084240888752874,5.083902798700348,5.055267239664415,5.16852996557608,5.205484483026193,4.950519636890846,5.7747000014348755,-1
83,5.0894841436866685,5.286367069178912,5.088589477733513,5.08587268587446,5.056364719761651,5.169337623686909,5.191707305474133,4.954028114461312,5.778147005699507,-1
84,5.068226913553936,5.285218861007641,5.085937923684295,5.097517732137491,5.063714260393853,5.174312035255647,5.177535351934414,4.949536282374734,5.777790984362938,-1
85,5.0526087220237095,5.279301004420288,5.0826920208813595,5.108507958074882,5.07328996678914,5.172568114533892,5.168834725941286,4.947613866685442,5.7836714980493715,-1
86,5.038009231291013,5.274540537618078,5.082411151130821,5.1179733485488565,5.069509317134527,5.176056416595284,5.161924579773631,4.9453127944040105,5.778438857944914,-1
87,5.0301655025492265,5.263163276681339,5.096740340457267,5.133325082469374,5.0646676617607245,5.179047547468233,5.153716963764796,4.952400268327173,5.776667586208435,-1
88,5.023214523384244,5.254187764852578,5.108740724992716,5.150470865503166,5.058065122879202,5.175643126230652,5.143672029440002,4.977557221545171,5.783662476203714,-1
89,5.026629061978581,5.247029181929949,5.128597231561758,5.160083593827642,5.056083285593537,5.169379330817102,5.13730145582428,4.99612469780949,5.792535927817271,-1
90,5.015736902061967,5.225339862152269,5.141918561195786,5.161480691128695,5.057991325203719,5.152127378959034,5.131721645019283,5.0147263773593656,5.783745103658664,-1
91,5.003393142328138,5.213140568669652,5.151479518480113,5.163783595650108,5.060313534968127,5.13759540292481,5.125539020311512,5.031190395478874,5.787991685907638,-1
92,5.000382689776635,5.2066183913957715,5.154605538369623,5.158401270982314,5.062180893034773,5.1214792139973975,5.106333092486782,5.048734057874681,5.786402664192754,-1
93,5.005155057176831,5.2032872843006235,5.1561563445532395,5.163548388658547,5.061194391386906,5.111012502003841,5.095743763833727,5.069889025402656,5.80092083340598,-1
94,5.011225492837143,5.202617002356195,5.153204660480864,5.160890985707523,5.066207621864751,5.100254830185154,5.0969733419767245,5.087059384065336,5.7971427570444,-1
95,5.01736738867527,5.2016965062791,5.142372743111716,5.156252988327884,5.075430474790755,5.096797918026156,5.094859338399096,5.089575077045922,5.798834945152856,-1
96,5.028065875828078,5.210297299073945,5.136115120206236,5.157246262546284,5.084692494321143,5.100375737593462,5.092127340800473,5.09060110328204,5.794905871868433,-1
97,5.032140616807957,5.21344315488217,5.120872559076932,5.148204917315595,5.086341717137063,5.111593940470988,5.08145269393163,5.098037093165159,5.7934285919761015,-1
98,5.035826573057567,5.215411530975258,5.112497177079453,5.146217527059636,5.0877569991030915,5.12688006614407,5.082304519328062,5.104341389915607,5.805146502900456,-1
99,5.053330188021921,5.217765317841947,5.108447942681905,5.139304487985457,5.0918651480053985,5.131361916870727,5.086589815844645,5.109738343520406,5.794274592682397,-1
100,5.068762191810883,5.216459966634886,5.110108984315127,5.137814850955198,5.093386559453476,5.135589822451891,5.096418930396569,5.110493629010963,5.802332019498135,-1
101,5.073020675298416,5.207294668399103,5.110502945704016,5.135167595470116,5.085314586269406,5.141749087612614,5.098387368793322,5.109174670949138,5.801946373514597,-1
102,5.077243600663158,5.18663863051069,5.115394956191003,5.144686995027174,5.073069569577597,5.139375332715086,5.083096691955291,5.103157150758646,5.8005782524601,-1
103,5.082861236712963,5.17131663534932,5.1091413777012225,5.150319956396718,5.05590428669982,5.137374277406888,5.0759587487727975,5.107088107393776,5.808616666754561,-1
104,5.083990348157329,5.156929773762878,5.102648494379641,5.145528821602521,5.045964090335412,5.144217131145575,5.077286799612462,5.112281982104866,5.806175668847976,-1
105,5.091550744096935,5.149087300260491,5.093923626413341,5.158105901035536,5.042617458962235,5.158752599107194,5.087136052256343,5.108718892653963,5.803531380754301,-1
106,5.1028779514780025,5.156106496082691,5.082698575708221,5.1583377391969965,5.0357953571069,5.163705822157368,5.094131250427398,5.113285653967193,5.818135400117172,-1
107,5.1113562789377385,5.165119777259047,5.071933857081863,5.171802993954565,5.030993213256554,5.168137849166484,5.1053933647125,5.1212583259979025,5.8154517828394106,-1
108,5.1261205003839025,5.168962305144038,5.059232090507075,5.179442753105577,5.029586167391516,5.183896588101787,5.116126296188986,5.128554267479472,5.815462887456481,-1
109,5.142765298533994,5.170095758292353,5.042330405813615,5.180509502373921,5.038322041990375,5.199658660123847,5.12690547360576,5.134895946550832,5.81515640389571,-1
110,5.168300184364862,5.178809894624926,5.0229392616898325,5.170007022159186,5.056339964147994,5.214301587198872,5.138233282007921,5.1408616235061695,5.8162389946112585,-1
111,5.184853772123293,5.188106348207894,5.015709647840854,5.17216099334705,5.077935588046158,5.217492461118958,5.156162068124739,5.141996894311067,5.817975214237674,-1
112,5.198229565055406,5.188354411962727,5.0124904644395345,5.1783267307502765,5.0973149851947674,5.217623454684119,5.173403526454941,5.144552363105084,5.8132413259464295,-1
113,5.2146641908042195,5.180095290513375,5.0117068978935455,5.18102619712805,5.1136936256862064,5.212986427834611,5.189767239169016,5.148546888978219,5.822090180170454,-1
114,5.2244108663310005,5.161612896084534,5.01558679777819,5.17645937312969,5.12121424600907,5.213364485901803,5.2067878900762885,5.145182327793859,5.824765761235597,-1
115,5.23791587951856,5.140449248961169,5.014015154493931,5.160474936124453,5.126236820983159,5.216878933767334,5.219697852745675,5.1420128934403015,5.825589417491434,-1
116,5.248003405449085,5.1199602003325095,5.0136434350269035,5.140773790236005,5.128649168904242,5.2070993032422255,5.234757678554076,5.139886482793465,5.819085246235687,-1
117,5.258438517376237,5.112585093506469,5.021521351405964,5.129687334057305,5.120631152538802,5.189634217425104,5.253775821421726,5.1426396805675845,5.82563759274266,-1
118,5.255099319183591,5.098477237044361,5.026261297023061,5.132668689655835,5.099138504193682,5.1718099200525876,5.28083964912359,5.15121720046152,5.827006151483531,-1
119,5.2500658153098545,5.093702631265443,5.0322572509860235,5.127683630367588,5.079919709245452,5.1605896031651115,5.292086415478611,5.166675367470627,5.8201008804176615,-1
120,5.24941768957321,5.107292047440195,5.0329178162440655,5.126609671242305,5.056699118083035,5.146600493932127,5.298367934490831,5.183642687822972,5.835749958732686,-1
121,5.243209590711686,5.130557090615747,5.036532264640401,5.131289019007981,5.048037976057808,5.126055952470709,5.29542721510819,5.202792818057611,5.8328265279512825,-1
122,5.235525704710678,5.147901250924162,5.055754912964851,5.137255051696038,5.049982327929502,5.111661108854099,5.295372993804769,5.220357197420544,5.834690655306805,-1
123,5.217762392307645,5.157660663045594,5.068978239145544,5.144278042284294,5.046008883908905,5.094368018261118,5.293702371159506,5.229558010210582,5.833465845060678,-1
124,5.20366072780846,5.175230471697142,5.083954494800766,5.151288433889279,5.038682924233622,5.081642177975309,5.297932348739858,5.243217970824596,5.844179655086097,-1
125,5.192725927371063,5.190962623440446,5.099322510268328,5.1595467781471145,5.034042392066416,5.065376234633361,5.298550747362855,5.2563039177553295,5.832260037226302,-1
126,5.189977874729426,5.214959673498642,5.122142079616335,5.161451327147699,5.036398220092877,5.048892600161648,5.295453800445522,5.267917111548925,5.837998135378488,-1
127,5.193433931702359,5.225504314747658,5.132618547761847,5.163792247709159,5.03125773411904,5.036842253766282,5.296946278188987,5.274820842739602,5.832732696264391,-1
128,5.191356540878416,5.218146627017778,5.144550588888484,5.168210906582306,5.029960819667762,5.022344337727147,5.313280621270905,5.266084513127172,5.84043957548317,-1
129,5.186536014276974,5.208270023384058,5.152936128863901,5.154579789126482,5.010372526643025,5.018162801863241,5.324536055588366,5.254873410813596,5.840361310530124,-1
130,5.187961481881814,5.209919130725229,5.1444391386381305,5.157460635794637,4.986859599079742,5.013857749745589,5.3220921423954115,5.242608429819028,5.84127631026519,-1
131,5.192329692448677,5.218314304370926,5.144808181635195,5.153963252427622,4.9712543861503375,5.017033002137923,5.31977418971892,5.240587303953786,5.841238072165468,-1
132,5.196249452651875,5.2238473061476505,5.150196129467618,5.1569304138820655,4.965723686567403,5.023361408923975,5.3068261126543375,5.238188765358926,5.847004906177238,-1
133,5.191807863437275,5.225006271178252,5.150448048549284,5.152469130767683,4.9674606583190695,5.045319918061188,5.2970408520351455,5.236260458649737,5.854223692807496,-1
134,5.181631662158467,5.228828681939184,5.143945328785729,5.145286109208435,4.971972326987788,5.070084299423278,5.290282546919359,5.229567502369425,5.851096554364309,-1
135,5.177813984162769,5.240033015479618,5.142615428167054,5.134232093547088,4.985434778827966,5.08523349000397,5.28940799798034,5.22474860075059,5.843449052749575,-1
136,5.1647647230852565,5.258853910918183,5.13579201112889,5.107257808857095,4.99879778430421,5.102798708234598,5.27018147445395,5.225116667253024,5.848525887429899,-1
137,5.153813041015563,5.288847624363189,5.12735400169992,5.092001839383531,5.024773628690318,5.10991948361599,5.2633999569690735,5.232884258565576,5.854597089353661,-1
138,5.143537309388463,5.315096649366423,5.118556824182361,5.0762050248392505,5.053120432612227,5.113187330636975,5.267369952222802,5.247047181416611,5.850257759108447,-1
139,5.142034506484319,5.334418417113913,5.103792822707036,5.0737392151440925,5.07840990131442,5.119778581967286,5.267704131663684,5.265191231684007,5.849844126520772,-1
140,5.131008706738044,5.34651526085272,5.080565056147426,5.071925170257748,5.103248309923912,5.116028232958764,5.2690942134579455,5.271731325671515,5.863082785459712,-1
141,5.1281698643888065,5.358415702917837,5.06970888225826,5.078712869240359,5.12301451023787,5.100936145244166,5.265855195169962,5.273861358962451,5.857962206315789,-1
142,5.136616850715663,5.359599289734479,5.0565011674193165,5.101565332080064,5.139473280920866,5.087082275043789,5.2613154778941436,5.279112222109987,5.859362589713261,-1
143,5.140423512919179,5.353466220284243,5.044229982976695,5.1199022715596705,5.146661826197049,5.081153682248441,5.260490458585493,5.279581563325896,5.857287472098293,-1
144,5.147629635496392,5.349283822899402,5.033409934168133,5.14328548819205,5.152246257946594,5.078464067011747,5.25972563462985,5.28567062120493,5.860316543553973,-1
145,5.152001436465149,5.3284756988381945,5.023241344152663,5.164761409162263,5.155909280030693,5.082934931710165,5.25563056736171,5.278447873625767,5.8647140525951125,-1
146,5.161800496265656,5.306794725761559,5.010573511650696,5.183448593070957,5.165123280595286,5.0885940418370765,5.248714135630078,5.269123575141599,5.866950908793478,-1
147,5.162320644898383,5.282471500145039,5.002802559947448,5.187548783808658,5.178956343320966,5.094789884115267,5.248994160569235,5.256009201429708,5.868926766947689,-1
148,5.170675608711143,5.261559261609718,4.9997929123468285,5.190249780266719,5.188431781852083,5.104596804134867,5.258069425374826,5.249069974997617,5.867719787375679,-1
149,5.1648324987657235,5.238540285933917,4.980599133026933,5.188130706283772,5.201018873456084,5.114304074912541,5.2638901826848254,5.233118075660945,5.864757637154177,-1
150,5.155773642447104,5.223908385517984,4.9712607346294275,5.172630392355834,5.220711656737581,5.122358782778011,5.2671757521871,5.223047884444783,5.868276049195172,-1
151,5.141681288534171,5.218727708089942,4.95892463916775,5.164778688961837,5.239572635992133,5.13463462658752,5.266122935569766,5.21625082612432,5.870233512985055,-1
152,5.131047551784721,5.203752545931613,4.946408756360575,5.167120564032632,5.256653779479569,5.140198055770436,5.269674241270866,5.2027035557759795,5.874224596541248,-1
153,5.128598461338935,5.199638908490598,4.932093612348231,5.178270801327384,5.2595052943056,5.1513811393997475,5.262580631210059,5.201119565042019,5.874948237152767,-1
154,5.121945645911988,5.188092297545559,4.920594041693406,5.182345432842828,5.258432293889391,5.168733312979001,5.252648766234175,5.2013188741988765,5.874806974989596,-1
155,5.1112114166823295,5.185353641869209,4.910273647652443,5.196773256819718,5.246751182213342,5.177419079982221,5.236130467046928,5.192482085974583,5.873381407479728,-1
156,5.105077396250571,5.190939781450252,4.896263245400748,5.211357224382692,5.237861931433638,5.19290443042091,5.21632330048324,5.181672987151432,5.877499811880223,-1
157,5.100745349855427,5.1897313938890255,4.88133171086773,5.214188118931756,5.228215526266623,5.208209752049246,5.204575666800788,5.177146618656474,5.875245748589637,-1
158,5.086142214246481,5.189589197040234,4.861422567445504,5.2172643716348235,5.210091647002519,5.222571106658134,5.19125314060321,5.173497273188593,5.858016142552112,-1
159,5.075368600557112,5.177814999811223,4.844038437184757,5.221227182986872,5.196919299728283,5.2207367760856735,5.1764083735181385,5.163821855068933,5.875437654712124,-1
160,5.070719253455821,5.168373834524728,4.841006431737492,5.227382353778929,5.19033062438159,5.221248581880865,5.163422936973977,5.159590304756352,5.873539309541255,-1
161,5.064586034800505,5.150808699980817,4.841455023070261,5.222248002904735,5.186772330720343,5.207457897605639,5.16465525887966,5.151838746744403,5.881190723567248,-1
162,5.056011683032502,5.141867711281179,4.842202249281835,5.2243394601434865,5.176534086023974,5.18889321111634,5.169362173707943,5.13945762705176,5.8766878302147285,-1
163,5.051633092708797,5.125289071994718,4.836847811360649,5.218044195351131,5.166349519523751,5.175495333578994,5.174337787441631,5.1321035991635116,5.877080980600518,-1
164,5.038130151269437,5.101771154605333,4.839008350564755,5.208212994848673,5.15057580443939,5.166050195094102,5.18235624992945,5.130668879636906,5.886192746635302,-1
165,5.030010980491791,5.084690050241083,4.849836599530487,5.208552334867789,5.136359302045013,5.167123081604243,5.193228695514789,5.135245411624998,5.879870825285087,-1
166,5.028293151165873,5.069627758104516,4.84848865722617,5.208139087623151,5.135103864850347,5.1750153982501415,5.212070555659334,5.14193935365678,5.875674291810276,-1
167,5.021003595577495,5.067562672331539,4.847344282636166,5.1988211460108005,5.1356015930255845,5.18689978410361,5.220047251543549,5.149304934803059,5.881593087695848,-1
168,5.005896045368824,5.067768416270731,4.835789687786873,5.183004507045126,5.126436028189339,5.198168676393035,5.222474790089486,5.151026651079093,5.88857260535938,-1
169,4.9968796005474605,5.069311816056706,4.82086408710681,5.171817669185076,5.121471964870965,5.212611865129089,5.218089441129546,5.155071631023344,5.8924601777923815,-1
170,4.996915031573716,5.076132082008686,4.811855855089633,5.142678016858032,5.11459397033229,5.223048869601364,5.206366096449984,5.155790770112154,5.885857035242761,-1
171,4.99638137950196,5.085912689226349,4.815412035365267,5.122147835313891,5.101581637345228,5.228780366766507,5.197430603884935,5.155545439449383,5.895445620873931,-1
172,5.001289855393184,5.0903390007128495,4.807392086719233,5.103892699324431,5.086533399635177,5.231167525325516,5.191476008166424,5.151568932541798,5.881576461924926,-1
173,4.99926254414319,5.095267292698772,4.795369765574547,5.085856044856143,5.076352204924105,5.228976013009835,5.188975281964759,5.146058701839984,5.895611759267986,-1
174,4.992846349010439,5.106389992091548,4.800039598757569,5.061870012064842,5.069007017567183,5.22331363123398,5.186254023933843,5.126640338336989,5.893508583143741,-1
175,5.003561771925889,5.111613963223419,4.806888317010973,5.047176384501801,5.05315812978127,5.227239559577181,5.194925237440135,5.103087018912983,5.8926676484654035,-1
176,5.031151298025288,5.120999670387073,4.820219570524314,5.032163327232319,5.050517912402321,5.228347327010658,5.198737167467931,5.083058340220582,5.894299508217973,-1
177,5.063891705545395,5.127027820731494,4.835687033804226,5.0023139359148345,5.047132876141326,5.236166822909547,5.207028364068442,5.065432266206727,5.888309522465937,-1
178,5.085138216899205,5.127315118633224,4.85708575745803,4.9829860078510615,5.053967458755107,5.250921167530206,5.223442396055842,5.053869586618862,5.896810612639272,-1
179,5.102568441818477,5.125309725552568,4.87649908570491,4.961545929330701,5.064839008272869,5.271441462391923,5.2366571948902205,5.033138578356835,5.901587201303349,-1
180,5.11595793093578,5.127577535398248,4.900044893594481,4.928847178794948,5.08043938461304,5.2920831977202605,5.25058651457087,5.014222517911039,5.887687169878713,-1
181,5.1347231499092825,5.138270038557414,4.934973770229547,4.892257544903642,5.085928265718424,5.303058742815976,5.257136440060123,4.993535357724719,5.893870144808244,-1
182,5.162074845354969,5.1381034982063145,4.963487563308814,4.868024467957403,5.085703338202486,5.3065677857710245,5.2603189079999515,4.9777591731417195,5.890193769812147,-1
183,5.176309576510371,5.135861682965427,4.992708556094168,4.84397663576072,5.091996391414664,5.298986100665675,5.258951533863567,4.967680391973203,5.890761536755239,-1
184,5.17438193719445,5.126566333449908,5.02548104410477,4.828502855894377,5.086634799067187,5.294812520754307,5.268588756507507,4.953726759417801,5.904005022265184,-1
185,5.162850919733511,5.13545527927121,5.051136537817629,4.822597505822002,5.080348708182213,5.284703941469699,5.284547082038152,4.931284103805239,5.907302728563806,-1
186,5.144040096429146,5.1463593767106905,5.070874937852873,4.818513431405698,5.068148563342036,5.270357791605932,5.300508368847278,4.910103646853857,5.899971701647305,-1
187,5.131832495339973,5.164255530249991,5.0883308644681895,4.807859694799477,5.0674867609611765,5.250373944382524,5.3144769894666855,4.901396789967598,5.902334600167431,-1
188,5.1320680263973735,5.184370061356589,5.111402422704085,4.804505044132377,5.07274521073086,5.223140114193213,5.320714056264803,4.895120588734004,5.9032236009498105,-1
189,5.130740949438208,5.201711227651354,5.13321379896978,4.799649497098496,5.078954333018684,5.205066298183066,5.3198664660058945,4.896226446895577,5.91184083556252,-1
190,5.126145268662418,5.223664908256549,5.149411880016289,4.791402634612607,5.08642429215477,5.195468216349597,5.312511105762988,4.911445535171039,5.903812045208584,-1
191,5.121478409742698,5.2497337037350285,5.165157168935194,4.795369326580007,5.095131210956607,5.193054331670908,5.30321711555864,4.9286046355550885,5.909054352463049,-1
192,5.123829109637061,5.272453998212568,5.172576684496662,4.793742417253301,5.103129404620537,5.1897267789683,5.279709543767329,4.94977427218458,5.905590527197699,-1
193,5.13478992790117,5.283788526079378,5.183930711301157,4.790133272985755,5.118041238726972,5.190691885432025,5.249614970091737,4.979228885129336,5.9000116386185875,-1
194,5.154009545803548,5.290968037585513,5.190918234248763,4.796599737853246,5.126595721221362,5.195900521767945,5.214138865640242,5.005352757103361,5.908813363405845,-1
195,5.16954920327519,5.29701699160555,5.210490466806134,4.808423320486464,5.122569948209329,5.202120918473086,5.188911311441896,5.033625741716023,5.895184859903943,-1
196,5.1699155451026835,5.30968814026856,5.223388720400024,4.817327707924354,5.111785897035419,5.2073311768241,5.163665508648498,5.057107307495972,5.906529307169386,-1
197,5.174784271707982,5.313463987224119,5.229754473772699,4.830226371124083,5.103914653672929,5.199716169892559,5.14151683731898,5.0800330083933165,5.915276369399923,-1
198,5.173435077937168,5.316712057864265,5.242602984894922,4.842379779768322,5.091749385887382,5.192494337117063,5.1264510442992455,5.090193410550196,5.915886466577613,-1
199,5.165398750129043,5.313697987767574,5.253464474550528,4.844592863625152,5.091545121826721,5.186161013507675,5.110934964226414,5.091005360957389,5.9112254187624735,-1
200,5.145986682610101,5.316901758407645,5.257365870539208,4.845163449508554,5.102118950690528,5.177786212068074,5.104362780820471,5.094319260599275,5.912050587111527,-1
201,5.111837010467574,5.312118067699911,5.268112725819035,4.846348386496195,5.110590068405911,5.162037611894872,5.101595142025187,5.090227786733539,5.922877390455623,-1
202,5.080255733530781,5.312813388897159,5.284416026166738,4.834312883409645,5.129148348545072,5.157781014102324,5.10625972156038,5.08192136134944,5.914424301054044,-1
203,5.05140277615135,5.308240374733207,5.288379893403117,4.834430961678207,5.150621222243668,5.1482876972534175,5.1037862422124505,5.0616219853593165,5.913917809817827,-1
204,5.025463422212978,5.303933593010523,5.294412704856785,4.847418160886026,5.173312395469113,5.144290586215215,5.113165799058213,5.041266563760508,5.910704398706371,-1
205,4.997566028322536,5.294737099061507,5.305953853973428,4.866653909363576,5.1935032577283184,5.15194612219221,5.132836984137597,5.017505491079114,5.921671930777097,-1
206,4.974625783873873,5.278424161488529,5.313270335308545,4.885854796408445,5.20427962638178,5.1556055045804055,5.152260748235572,4.999880226326923,5.920534541695466,-1
207,4.966771304360194,5.264745148947666,5.315941538105883,4.907901587283042,5.199182664803301,5.1601252891438785,5.179036438886739,4.996215533091774,5.912098192510153,-1
208,4.96934739847741,5.2524970387916,5.328903156306206,4.9369849383709665,5.1827408912972475,5.166963903242664,5.198235455828254,4.9892283440664,5.919703126569329,-1
209,4.9749019718907,5.24470757725891,5.330985724783319,4.971746467417118,5.156552886126738,5.1790804682007625,5.206954027422356,4.97753293926502,5.90975354957496,-1
210,4.974259981685376,5.236757780501611,5.327709931187321,5.011051504225726,5.133095319373659,5.169592879252161,5.208550079797028,4.9707121444561615,5.925022514203432,-1
211,4.970231722092288,5.226591044589574,5.321168527858582,5.032258289702511,5.115859668547376,5.17504309428757,5.205426066117501,4.98211590404536,5.921918103255587,-1
212,4.965048052522491,5.198761574723627,5.31224720344342,5.0479734152935345,5.098673102371949,5.174029124917029,5.190540074151574,4.998107897962794,5.9157191847185135,-1
213,4.96402138435993,5.178313331086519,5.292022353913655,5.060933995362976,5.0833921963828494,5.174767020728809,5.17877281048043,5.009441820227639,5.921953598498346,-1
214,4.965865561250627,5.160429715630449,5.279206658743914,5.0797980417780835,5.0721674880879295,5.1798733613363845,5.159796475748087,5.021225498260329,5.928726758672938,-1
215,4.956684163241539,5.137804534664339,5.272419698060842,5.095318213705583,5.070604344502785,5.181623601561272,5.138275423497081,5.032302077410765,5.921809834980061,-1
216,4.957242541735984,5.121179182129364,5.254977918086225,5.102450141142984,5.072998405552758,5.191126786404781,5.124267510917716,5.041595505161562,5.9206084703983395,-1
217,4.9571345963388245,5.1083656836061575,5.247276698151292,5.114860454628955,5.079707061162621,5.204758742686451,5.113927987570166,5.051345557697742,5.925425536604575,-1
218,4.955705266948291,5.102656735298633,5.24095424246855,5.124165610935206,5.077646672381524,5.224774539241266,5.111941215374421,5.055537645744035,5.920432574236195,-1
219,4.963366459501154,5.105336535670959,5.238291514248665,5.1405421833818705,5.073761063522534,5.241981003238401,5.118796630667554,5.053752931409697,5.9164707993706775,-1
220,4.960791644577526,5.1175016493315955,5.23888072594785,5.15222012087308,5.056696494727637,5.260877213931036,5.12720677247658,5.045888427664691,5.9303241882517055,-1
221,4.962321977384753,5.134526991612853,5.236671156659357,5.1618182336439355,5.033737820942612,5.275526766671831,5.12488300399586,5.031622176964125,5.9290216754106195,-1
222,4.9599985340474255,5.148783108528597,5.233354903076538,5.173314576338113,5.012879684627438,5.290959053462737,5.130252661847319,5.017854892691789,5.928297243491008,-1
223,4.963983749063048,5.1691050773246205,5.229852027490148,5.179417194321765,4.989621307620437,5.302736591612126,5.1357631077082155,4.997864153473612,5.932283086283443,-1
224,4.9597632539653445,5.186764785007164,5.239340056445428,5.177244606531754,4.9727189305369635,5.3016727345047485,5.145107125003842,4.9824153257192645,5.93267159550594,-1
225,4.9596013371257754,5.193967680747069,5.240877264062227,5.176825211413232,4.966073679418608,5.292802363021869,5.15432834457425,4.980701508405846,5.935572097111661,-1
226,4.9640567983942745,5.192118922416286,5.2338679716394765,5.18518759662647,4.966722832181403,5.282516092947282,5.157180407329701,4.980138519422184,5.9334423554258855,-1
227,4.961128465428022,5.191964870939415,5.229736257634739,5.197342008386483,4.970981493308001,5.269696654468481,5.1453772812492575,4.9746405183814355,5.927115812406924,-1
228,4.973367031937029,5.199349191915223,5.223793751689452,5.205483041388542,4.988535172016069,5.258613545553594,5.127252696313513,4.969508550053947,5.935371434488012,-1
229,4.9831364539337635,5.202130562159646,5.226087914006436,5.212348194072643,5.011058488367589,5.251344955689873,5.104757464043373,4.977693200600038,5.935538105874548,-1
230,4.999744556935284,5.207291084456594,5.219250902486828,5.2125813352462504,5.036543499515213,5.244962912837278,5.083810439769094,4.9860727542732155,5.946291158552749,-1
231,5.018347025599881,5.210881499385288,5.2167987870012,5.210345253665637,5.060575714439843,5.241149388362232,5.071204039378298,4.996497779349781,5.940085828476486,-1
232,5.039346298799995,5.2074753571720755,5.207519190846404,5.215379465748315,5.075477398827126,5.245036763134632,5.055252257360422,5.00746111454393,5.942127608211682,-1
233,5.065287755131487,5.203187889743802,5.2015101128979655,5.203839544603625,5.072329003716473,5.251741064037131,5.040234578699781,5.02382083895081,5.939582927574498,-1
234,5.091320881785012,5.1891528267617115,5.204863020043356,5.194041691274024,5.0572776744802805,5.245692807916819,5.033635196001441,5.048361551065639,5.94297800969924,-1
235,5.123411044540552,5.172640946117796,5.201487243337357,5.18738191032701,5.037421281957369,5.236641961709776,5.037197796549568,5.065071756952731,5.938853464930728,-1
236,5.155891754163227,5.151444517688213,5.203056263289751,5.182890089422178,5.021315452348624,5.223487204470578,5.043523879707656,5.091746743194852,5.946926558531384,-1
237,5.179417417629043,5.133031464980594,5.1953088434035415,5.182283762725257,5.002218088448855,5.2046391097363776,5.0531867966060275,5.110305000359552,5.942864853467326,-1
238,5.1993695073314266,5.111526783356904,5.195951493107375,5.179802785732127,4.977671691489541,5.180348344274903,5.06069236771801,5.122286074052822,5.944560464093206,-1
239,5.212986633292941,5.090944172972641,5.191431661775111,5.182841124292947,4.947239656301192,5.165831622514509,5.060224326227991,5.134126474909165,5.944360150462904,-1
240,5.220171563868183,5.071110889184953,5.193176586554728,5.186488756425117,4.916344645730228,5.14302643366156,5.06163370694292,5.143573837051591,5.9458238334576,-1
241,5.213928729425041,5.056578879528477,5.198062335434665,5.197398429278482,4.894001607163457,5.122756125884351,5.0574210123038705,5.1344031426634205,5.943147111464642,-1
242,5.213710121239127,5.055288606156443,5.205413516027211,5.201953896887266,4.881804482789695,5.113410562618994,5.050713859563841,5.123739372878827,5.940936658137489,-1
243,5.211171151158789,5.054805396766206,5.209528485559213,5.196177855763684,4.870266976357404,5.104006356698363,5.05018063450809,5.12368609128486,5.946517018910458,-1
244,5.207901151013643,5.055378183760856,5.205024519691193,5.194877640366401,4.856785582512236,5.1057170996240115,5.0539122346567975,5.120147314124709,5.944958212649164,-1
245,5.215157098986225,5.050230506761151,5.196093530503499,5.188937476375,4.851735160404248,5.106338032968077,5.065341065811449,5.115338993959955,5.94522717799135,-1
246,5.210792345194211,5.051397362969274,5.184264803349733,5.183854528284793,4.853816200054348,5.108766936517084,5.082928433910335,5.101588653883509,5.951427537052081,-1
247,5.19935341327027,5.064911486069691,5.167989423964811,5.186526080127492,4.862520935722858,5.106382905101785,5.0937466650859955,5.087933959142484,5.94174331452431,-1
248,5.19576632361955,5.081840473377087,5.139334231948929,5.190222606009714,4.888336273157198,5.104805879174273,5.0985480062025985,5.068868318630114,5.953074656336376,-1
249,5.193028202419457,5.099418565399866,5.116761763429187,5.194106836153927,4.910991629784888,5.092267212469038,5.114430345788532,5.060642763264331,5.9549133974226365,-1
250,5.184716204738163,5.107771496011093,5.094219924136224,5.187521305188442,4.93477669968546,5.085754406791219,5.12077396776978,5.056062678633104,5.941590812807133,-1
251,5.168627214276808,5.115026101199611,5.065967861425969,5.180257698952352,4.959529063426833,5.079175922209846,5.123515747612512,5.050735479242139,5.945378971700049,-1
252,5.15271171499332,5.105488878365436,5.043335500876094,5.172996463182715,4.986079087762744,5.074384386209261,5.127959178624746,5.044651465740457,5.944633106082049,-1
253,5.129925351444832,5.096721713633055,5.034450090761249,5.1690747656535425,5.0011605908674825,5.071030466252868,5.126104689450969,5.0367831287078655,5.953916465952539,-1
254,5.122043523477222,5.090595992052159,5.031725061552835,5.161119363090791,5.013196509332426,5.065667785783017,5.114037507838373,5.042606927914472,5.95913262813612,-1
255,5.128211729292197,5.077875506246258,5.029166100301612,5.1497446211016,5.029516045548967,5.055226914196863,5.108019125800632,5.058494271525603,5.959607250123215,-1
256,5.115500029401283,5.066047125772028,5.038594026549257,5.137826115509872,5.036454013242057,5.047363362207218,5.1125648124538,5.077563754898574,5.944899306703627,-1
257,5.108611368176511,5.059587001422869,5.039693680336252,5.123654411076122,5.049062992713759,5.050794185293187,5.107704300575911,5.101847516483142,5.957445647563043,-1
258,5.10695079031487,5.061954555318521,5.043522277894011,5.119863211844896,5.058152821187698,5.049387059962195,5.105369039109779,5.117193493611964,5.9543006515210495,-1
259,5.119492490121546,5.0599726017540965,5.051496723593794,5.1163001944970325,5.065305420139942,5.053112261941202,5.097565242205207,5.1294985248430605,5.952450759637466,-1
260,5.13966213889503,5.0731175646942965,5.057141070099153,5.114657156980575,5.071765597619479,5.044584454423276,5.0988634474965036,5.134944081222515,5.957880854508006,-1
261,5.166345496531418,5.088849176654675,5.059787568730393,5.106577167721226,5.078019828466213,5.041303664483078,5.094691339735183,5.153531258648578,5.954926853988115,-1
262,5.181981136421346,5.095280916500106,5.058677537225442,5.106850587199189,5.089477015330446,5.044252573512179,5.100638062351986,5.15464471663603,5.950769610735231,-1
263,5.185699676308491,5.092224425755595,5.055799088251344,5.094113722137458,5.088755659610496,5.059188251985722,5.1010263826421385,5.146095404197801,5.960928154548773,-1
264,5.206081989720785,5.076059150267768,5.045877793792289,5.08898150358019,5.078879641414683,5.078995562049796,5.094204219872031,5.143230483767996,5.952763923119699,-1
265,5.215820189775233,5.051179712278925,5.026349220293276,5.088546319584876,5.084185692361481,5.099722416442022,5.096420686077715,5.13461396333954,5.9534150934622065,-1
266,5.2283616081204,5.025027522651743,5.009570677570627,5.087213430593854,5.086662187767908,5.129848037597966,5.099914046855132,5.1245614614697255,5.959862331304579,-1
267,5.236510042933019,5.01410738033816,4.996478392605958,5.089306811263107,5.095107125759966,5.154180290876189,5.109754309967374,5.1133383474134515,5.964422082949746,-1
268,5.2385673963776265,4.999041616055072,4.986986716558616,5.088018331638576,5.100869487039192,5.168704383573013,5.110627890566767,5.109985598726073,5.963379128705889,-1
269,5.236931876325807,4.980794403122206,4.986547104225842,5.097699356607732,5.104521149023808,5.1803786467536455,5.124477892218979,5.087862281594228,5.956210034274492,-1
270,5.241985686323958,4.967970521389548,4.988434022456897,5.101435401646572,5.0942727927801155,5.186460199968993,5.123731843820499,5.078044913218115,5.956945589314423,-1
271,5.25474875780922,4.958869264754176,4.9953746832465775,5.113816770655135,5.0940912316998785,5.1844510823138545,5.135835403541662,5.065543449231423,5.962743774276766,-1
272,5.2563569935798915,4.967055154254284,5.0079118883349185,5.111495247475967,5.097941072917797,5.176243521019805,5.142384813541397,5.050038915980867,5.968417864399808,-1
273,5.261334992604032,4.978245322883321,5.030833342162694,5.106013901149122,5.075113688856072,5.170965925256238,5.147645415918672,5.04201181967335,5.961304312739512,-1
274,5.267864461599418,4.985959272683173,5.054117938736279,5.093529367185235,5.052002631291353,5.155464999891078,5.157201275396549,5.0476667227922025,5.955530582464192,-1
275,5.270996365000592,4.985136812981367,5.079872563509132,5.08405939143874,5.02386209624915,5.143713361058154,5.170815028401612,5.054602449159094,5.963512262679698,-1
276,5.268941127253042,4.982137487520314,5.107773100867568,5.0734889202194795,4.996408532461815,5.144276860243367,5.1858837193636775,5.059104311614398,5.958404263766522,-1
277,5.252966152241921,4.969184859944949,5.130298932995379,5.0610774719170735,4.972480194599083,5.144710294988902,5.1937766369511165,5.067892302776315,5.966964999483644,-1
278,5.223797522009427,4.952030603342045,5.145808530615053,5.049904566380176,4.962778271471618,5.145159533050193,5.206090051737626,5.082141620318383,5.969187533160019,-1
279,5.193457757282456,4.9418633599422375,5.158185323227441,5.0344331612107425,4.948276054996758,5.138154126025875,5.217527573637165,5.106049073617445,5.958695876583263,-1
280,5.164390819678963,4.930687921782983,5.1677555325029285,5.026475733715452,4.930461822707613,5.13801343355627,5.241791011803955,5.123457997227616,5.96319885531507,-1
281,5.13827903341558,4.924046315904661,5.173828536859736,5.027892076808046,4.927469699305971,5.133925658595473,5.261132138025534,5.128630370487992,5.974027546964483,-1
282,5.100082171535302,4.913358546314441,5.166144717349083,5.0390311875528235,4.930234459515812,5.127305088993887,5.285332044512077,5.118149431960995,5.967928589443997,-1
283,5.0654980390406,4.899066293124817,5.167076690643924,5.046092076270874,4.9403229237043895,5.119744964240116,5.305584177188178,5.112873746366278,5.962755322220089,-1
284,5.032874158975964,4.883949293037651,5.171401428024538,5.066857185928145,4.951476541430524,5.109362061452572,5.320003190786657,5.107949047150948,5.968987714326041,-1
285,5.0144329341013,4.8816865709401,5.177881795063815,5.079384490803257,4.967493819219382,5.097648610096195,5.332853889495212,5.111932704937229,5.972294974401813,-1
286,5.004963244318709,4.888083559003435,5.184646245927238,5.086399969727481,4.97207347750565,5.089810246766552,5.353270066154676,5.114399389134079,5.9649077993886035,-1
287,4.995529802761058,4.893274321307683,5.189340059874282,5.09327199707103,4.977441536070717,5.08720500648426,5.369719804428253,5.104944377887421,5.97134342885922,-1
288,4.989737855718107,4.8933122711180985,5.189626209178459,5.101114377979027,4.994687850032074,5.084855115507386,5.3742377468552025,5.086840224910903,5.971123670648039,-1
289,4.993873279595689,4.898860917804713,5.196618145531206,5.096284541441353,5.003810931854584,5.080342139674047,5.373324943783749,5.089687195807711,5.973402879464965,-1
290,5.0030779094738955,4.910641880198859,5.209989266256686,5.098859353367662,5.0148007287104175,5.081189656216167,5.358895035785837,5.093235593818261,5.981241098565126,-1
291,5.008296683434274,4.921466372404865,5.209670831868693,5.103259639759921,5.028905946007467,5.087533266035815,5.337631936568186,5.099309691092817,5.970783491159748,-1
292,5.015251400451159,4.941035139053201,5.199404933768265,5.099827871090543,5.041649305121683,5.096930099538657,5.314634635678699,5.105852402991796,5.974415497888352,-1
293,5.018519852248863,4.967699401036003,5.179432976583372,5.096829409004769,5.055185100061365,5.112379411779099,5.296469282824181,5.114361230259832,5.982398529956839,-1
294,5.016040029931165,4.9913499369505,5.160527446951605,5.098013073424611,5.080562447219059,5.128060609306373,5.274720810660218,5.114904503322442,5.973843286849146,-1
295,5.01490551769714,5.002801704218985,5.14378124836934,5.10271980274422,5.099956410253783,5.135292584417737,5.252934629217088,5.122000571094809,5.966334522760102,-1
296,5.016056429104427,5.017360503874925,5.1317728067505435,5.106244763890637,5.113704707236529,5.141026274838302,5.246319539198846,5.143717947033695,5.984648252328938,-1
297,5.010984199250326,5.037307775975303,5.114837731368719,5.124225325518312,5.136741960091188,5.148800497227084,5.242576738164924,5.15189471527831,5.984233213574562,-1
298,5.0011345240889025,5.055485742922823,5.097190430279056,5.136053127676771,5.162443790626574,5.154731063304922,5.2523615846931495,5.161956767570184,5.965871334788269,-1
299,4.999727293255759,5.073880057666533,5.085859838988106,5.149099304440891,5.18033271701983,5.153561134783052,5.268085265357594,5.160051636408529,5.978123105039703,-1
300,4.998505002606999,5.094013897967499,5.081149473553572,5.16003851666262,5.200876109096276,5.155201312771348,5.291385254486868,5.163214498739175,5.9666811998307985,-1
301,4.998959046879963,5.107828860752587,5.077813179965929,5.17216172103614,5.221162112532737,5.149178608788977,5.309348662889514,5.165680858399072,5.981359516114894,-1
302,5.012029688985718,5.121065286439761,5.070326271697198,5.189640945978031,5.231193640183372,5.141477981681909,5.3255130738402965,5.186736944766434,5.976124898745698,-1
303,5.0295556869384574,5.139724731680476,5.064817608096817,5.207848887642223,5.240332383750704,5.148552493466698,5.3374940198388545,5.200739944305343,5.977741187732928,-1
304,5.058375148679967,5.158995741234384,5.054396127080362,5.2192834187362855,5.248073488247486,5.152113450999806,5.34146940770507,5.210998671006607,5.984086324055725,-1
305,5.092484704628633,5.163671227725732,5.0489057760276514,5.2236673914301655,5.24015152795674,5.154436497208088,5.359851970311438,5.214559351297746,5.98715326553467,-1
306,5.129158720639517,5.157676337359126,5.03956980192997,5.223448714465857,5.224996490920017,5.1613707872071,5.369913927486308,5.215029056621923,5.978228711777653,-1
307,5.151057236916122,5.15657277334239,5.040012481466908,5.211604851969234,5.20194256277445,5.167703521977798,5.3806646381471674,5.222314941502173,5.975172964322439,-1
308,5.179180429281202,5.148272150071742,5.034685358614364,5.210299502799991,5.1722700168926705,5.172938890928075,5.385030268745081,5.224189413557281,5.9796593269521345,-1
309,5.207268537576623,5.13810767652388,5.028177698747816,5.218594106244946,5.147482221488398,5.1771770260567305,5.38792912959299,5.21669912442826,5.979405687627939,-1
310,5.224829674962364,5.134498279060934,5.026426650878196,5.223442758027711,5.130302997735138,5.181114051121253,5.38442646953322,5.205251525558641,5.9752701937105,-1
311,5.241905307765629,5.137276357343698,5.023863354447937,5.2339766404614325,5.112758392932125,5.184793918514941,5.384184357944932,5.1951129578690445,5.989149746378801,-1
312,5.248835825005098,5.135046621276172,5.031380296131289,5.245434825332569,5.087383628795601,5.2013910961787655,5.38106101413853,5.196044804554866,5.988148217986305,-1
313,5.252830692778047,5.135202752270429,5.033906980837952,5.252790090520202,5.067002041917581,5.219553344600632,5.373486339933312,5.196780291526325,5.97466252169528,-1
314,5.260539324259321,5.1456729932891845,5.039348218518714,5.260804303176105,5.04533336089987,5.231359638928795,5.366684372531397,5.193376813951413,5.985163094027653,-1
315,5.2753792699702275,5.152450900965801,5.038272567596213,5.270533079955591,5.0330597901253915,5.24310315167464,5.349094118099471,5.18237862382937,5.991564858276116,-1
316,5.282659805274596,5.152301246195191,5.038074347334369,5.267489587051006,5.023660458045124,5.252835740599825,5.331666619483971,5.1775516778893,5.981407500680192,-1
317,5.289516534741137,5.144631594477102,5.036930581444874,5.261842014043292,5.005364398176034,5.270150659893995,5.317806898989819,5.1871048710423215,5.97034686601329,-1
318,5.299334983288746,5.126062593285644,5.033844062941001,5.253274769320286,4.985924226514851,5.291697537610183,5.313718269068629,5.189455517282956,5.989549861308962,-1
319,5.296821801417881,5.105618589145406,5.030397285017684,5.24101105631211,4.969946307465281,5.303826408414695,5.305331544737847,5.19856841276401,5.9819802921814205,-1
320,5.289338008808447,5.092344664511476,5.012350994464791,5.23683064758667,4.95646682657297,5.310103980456448,5.3028116238344385,5.199058172352147,5.9934064162164,-1
321,5.278111417653534,5.074367209384352,4.996991134726687,5.23682890577336,4.954464851424569,5.317642937239333,5.288015197430424,5.203966506399533,5.982673111918573,-1
322,5.270809964407928,5.058589921313469,4.981763677485718,5.235975617226755,4.957345468569779,5.324097553234674,5.269188237622126,5.22878355858517,5.981414320541784,-1
323,5.263529188829033,5.038532585653844,4.960955558630422,5.246578761345239,4.948091590638705,5.32996190817052,5.258413916295508,5.25318329650963,5.9976552088766715,-1
324,5.25991492806876,5.034337379658921,4.941036753253853,5.254978332803863,4.935446349829755,5.343949591390687,5.248555395674138,5.267267537298572,5.982534337820771,-1
325,5.261744807063154,5.036462745184314,4.922999359036564,5.266338389437436,4.930109642400289,5.350160784727414,5.240505311022899,5.275228951859764,5.9831868414367175,-1
326,5.2567031296233955,5.045632528535024,4.905287144322628,5.285651376522847,4.930591686315947,5.345873844773618,5.226919150474014,5.282616878735013,5.99413637074268,-1
327,5.259761684416702,5.045250154784666,4.8829943216913705,5.3035872812892695,4.940868474682921,5.339030776812865,5.21889388236733,5.287679094999804,5.9921664452749255,-1
328,5.267341390870488,5.039062351519946,4.866742003562827,5.3171613265198125,4.952870225127178,5.32540226090447,5.203972680980235,5.289822219283943,5.987844057844479,-1
329,5.271101688630846,5.041337417097429,4.840584706919202,5.328342812535445,4.956655965424247,5.312807840557348,5.194729592564958,5.297763673174181,5.988675797815245,-1
330,5.266962708317683,5.045020439225536,4.814608561900195,5.347165872108977,4.969264117407599,5.305457781818754,5.190802854884019,5.29383956758743,5.989455296638102,-1
331,5.260643922442864,5.049378789015603,4.793562127460203,5.36382499932992,4.991578236999393,5.300149108833119,5.180462464411226,5.293356118040186,5.9904388346343165,-1
332,5.250476950946647,5.042347314564175,4.772527104785257,5.386055915580468,5.022689664581429,5.289537313304462,5.167781143174425,5.30221198817607,5.993151153626227,-1
333,5.2369968590203975,5.034121357527585,4.759997114461681,5.394769819279588,5.042636766900172,5.282604907055223,5.156053364213133,5.309957866692664,5.992310210841933,-1
334,5.24121200058392,5.022283362210991,4.748842208858948,5.399538193736156,5.050802137623213,5.282975573454011,5.148608501665514,5.318361922982598,5.990055916115918,-1
335,5.248970937688304,5.024966285785645,4.74214574870354,5.394532276608224,5.053421209062654,5.278688506934213,5.140847070114278,5.3274269877709175,5.989513768687319,-1
336,5.259950738628708,5.02092187046332,4.740169748274207,5.387706590287333,5.055943503443845,5.278143046030129,5.135201931091736,5.339043970364333,5.995866100245139,-1
337,5.276968377285104,5.007408560256781,4.745490176835782,5.384149757084734,5.060064355210637,5.263874028092893,5.129657348043853,5.344199342145715,5.987655536147087,-1
338,5.291553096347078,4.99167062742433,4.7427753707404525,5.3781544161928805,5.05389559392851,5.245159957038641,5.1368240510071725,5.348840142436173,5.996741231432056,-1
339,5.30564585413254,4.988149823756643,4.737597385695487,5.368176857911203,5.033652732846106,5.23029887263494,5.148747132883998,5.355755949463286,5.98991418756992,-1
340,5.32180523120675,4.982210808281457,4.738236003250351,5.352043585148735,5.004651353443924,5.2117042139553655,5.163910280081011,5.352858314516445,5.987097031313981,-1
341,5.3373959073473065,4.98323246932159,4.736149912617642,5.3377322405855905,4.969548562549581,5.192645327796246,5.16791494153675,5.354586657971092,5.998725601908049,-1
342,5.339601130805909,4.986417882288935,4.736564985471928,5.312918036175729,4.936826573635447,5.1686747804750715,5.171278651775255,5.351569848559252,5.994728489036318,-1
343,5.333656267607279,4.979968289049039,4.737707980047187,5.293547574729582,4.896623051176104,5.159687910954321,5.160635789025128,5.350279942786678,6.000065911950336,-1
344,5.330783296367975,4.974471415557942,4.743556512575732,5.264944485851538,4.853876876129608,5.154812683495223,5.150900112801165,5.354210059785868,5.994248759198419,-1
345,5.329884480977806,4.976272344224668,4.756152712303053,5.2336678576332485,4.809476973537989,5.169948176394289,5.14729724164968,5.35630528709411,5.980705272458297,-1
346,5.330586879806195,4.974757246075627,4.775832253904568,5.204748026548068,4.763665876379904,5.1883546114423815,5.135515812765889,5.3552494218774545,5.991924404199343,-1
347,5.342255859502076,4.969015271338502,4.788400890462586,5.168926098943074,4.728143961642596,5.20661012103256,5.123586828122526,5.35224140919865,5.998720015595383,-1
348,5.354130695376628,4.969756112936438,4.798206821635807,5.13908886530048,4.701252668467731,5.221089889611105,5.120671156750646,5.362163404790796,5.997381404499968,-1
349,5.3707129085099155,4.973271507586649,4.793829853178304,5.114141873283799,4.6968428840956635,5.230463456438239,5.1275246046457585,5.363494500857282,5.9860901506443644,-1
350,5.386418598651888,4.97906295368681,4.783837501241109,5.095894475734896,4.69507564294197,5.2462335533682385,5.131387381541363,5.354532218382336,5.993410266017338,-1
351,5.401334081713149,4.983846832699516,4.778593175891976,5.083270928997709,4.6998480822018704,5.262886013920146,5.145900934166278,5.338997197956589,5.994315413563465,-1
352,5.403993743204522,5.002621624803387,4.764329200776526,5.084295834325414,4.718376111626649,5.270501715825509,5.159287827350763,5.323219396823767,5.993697571640797,-1
353,5.392258735155214,5.014176067080989,4.756028142618771,5.08625077699554,4.742969311592631,5.255251958749133,5.166891913020161,5.317555728989966,6.003971868109121,-1
354,5.3805465579983185,5.022431305735691,4.752405025871857,5.080045534188222,4.764232291689682,5.235933353472475,5.167086131534667,5.3074049122250475,5.990141536257956,-1
355,5.364541506494101,5.026412922003825,4.75122439236351,5.074722674545253,4.788897647477068,5.215892106579708,5.174051163741955,5.298771452322613,5.996816443734093,-1
356,5.341942413550667,5.030375280345247,4.7400078939576415,5.069008398051665,4.807798043419088,5.20153155692011,5.175392239008195,5.28487478176436,6.003050859416745,-1
357,5.31276628983672,5.025932493279153,4.752008582475898,5.063531587188182,4.833010271878584,5.194678882780529,5.169403466220872,5.261424472836793,5.9949448677435315,-1
358,5.285974973845828,5.016569961076421,4.776992189732595,5.065048923713717,4.8622292100555145,5.1823934111437095,5.168482342788254,5.251052773424953,6.001289589553655,-1
359,5.255653417716213,5.0104424179821105,4.795608259221101,5.0617596942626735,4.899484357738918,5.168143122205813,5.171484473894046,5.243434438353547,6.0078553919243385,-1
360,5.234600549748359,5.0008203418456025,4.819603868562528,5.065748437365497,4.931195787115591,5.161292954853636,5.174511008223197,5.228857194862597,5.984864075025394,-1
361,5.21579177123108,4.998636756699886,4.831820931661842,5.062855487851911,4.965695148731151,5.164955448829246,5.171111932170858,5.207562421894882,5.994836533573288,-1
362,5.195651630647241,5.004625944198812,4.845778860970428,5.063864689583779,4.998899509759153,5.167577756559645,5.176327077479652,5.200055441230108,5.999433858275292,-1
363,5.165700006418595,5.0063792023115505,4.858296989708292,5.0665878421816615,5.021019080136892,5.173108037539217,5.176156400449812,5.1803412260254555,5.997403581111421,-1
364,5.131291826377586,5.0066285953254965,4.885830071477282,5.0670594465751435,5.0417669348946355,5.177878371855147,5.167737385166297,5.156482541509295,6.000033678279322,-1
365,5.110358449097518,5.01074981454456,4.902447002411958,5.071896297507179,5.043915116399558,5.179889573742988,5.164505797428871,5.148129281348673,6.003409862576664,-1
366,5.098426121604072,5.015429397787224,4.913443126221395,5.067363205176457,5.046525026384481,5.185614611194618,5.1613011609525525,5.134518744274009,5.997620310934973,-1
367,5.095593536419096,5.017471962131008,4.926077838650979,5.067568422700898,5.038183389228204,5.185757762136967,5.152861951568582,5.119163111754477,5.998689953631324,-1
368,5.086330961831833,5.022141669445861,4.941527749559285,5.062001750366188,5.018347664447743,5.176590046274936,5.144897178785168,5.096781910049245,6.005833951964799,-1
369,5.083283165563178,5.023445645133541,4.9531569445841175,5.065426816364058,4.999661285458272,5.171662143091318,5.141084199397629,5.080714032647257,5.998711324753806,-1
370,5.091633407016423,5.025058562026187,4.962868496315512,5.070815423601092,4.9826828254595865,5.172341183013989,5.133237434488777,5.058726796132953,5.996462282631725,-1
371,5.105297771715172,5.027005829095498,4.975608725743345,5.080350298777728,4.969973265529523,5.163807144627072,5.1227191148967535,5.049947532266141,6.007941544385428,-1
372,5.121994694079097,5.0407537029275,4.990693239718133,5.091504252889275,4.954642511086933,5.153395462442185,5.11293345476858,5.0451564177481085,6.00596594550473,-1
373,5.1270255872534465,5.063222295734273,5.002102664114826,5.096405817351088,4.931795576615067,5.143663975555253,5.109435316377104,5.04299327444796,5.998681610271769,-1
374,5.125963114574928,5.088578925769824,5.007207228590182,5.107191716226192,4.911800008963645,5.128737143145037,5.096058206717677,5.041809627465253,6.005111328362429,-1
375,5.125747635613614,5.116374548712114,5.003865551985089,5.117889591269458,4.900447279837115,5.125541149675342,5.088490988688196,5.045646385972189,6.008478512957442,-1
376,5.130672475946039,5.132634897440608,4.997033784651957,5.119621049233881,4.905319883538537,5.131580744512515,5.07232504381032,5.05600147324705,6.000191325454123,-1
377,5.1430254744654285,5.143090690809254,4.999418483834666,5.119750717893474,4.892663563050709,5.1320988716228,5.057196061238009,5.054604796080485,6.00141703619145,-1
378,5.1476538168538015,5.136393608264001,4.993972670005788,5.123980542778835,4.891309186875042,5.13595320440392,5.05080858033313,5.055010152568921,6.000998577758406,-1
379,5.149017229469918,5.137071133055411,4.985070951349717,5.136019159313948,4.897917740976237,5.141789437125294,5.035187348103862,5.051223807728585,6.00753703449883,-1
380,5.159047428239773,5.13303859510102,4.967487213629755,5.138514974668783,4.907631554058575,5.146445569508226,5.0211358536257995,5.047878106343294,6.000046155713341,-1
381,5.164907337991049,5.113782875920711,4.953106158621172,5.132908225509909,4.92712201652796,5.144204874571678,5.009911814708222,5.030545142535031,6.004026053381184,-1
382,5.170342859787017,5.094653226416267,4.943790153538584,5.123407930128709,4.933459418589772,5.138518851059826,5.004806803483038,5.021099643093358,6.000075703564103,-1
383,5.184918857049381,5.074559447867243,4.943921173802913,5.114686561781334,4.93010418990931,5.124884489426328,4.99213820899943,5.010620814887668,5.9964420898166075,-1
384,5.20200818433831,5.069416347469752,4.9350668115687055,5.107713103899982,4.919378028596205,5.100420537485501,4.983447474766508,5.000239313620875,6.007872448499266,-1
385,5.219382384799109,5.076033662414329,4.923274360014313,5.101553117257351,4.921291955977583,5.06796807690301,4.985745788420971,5.001138110903817,6.009506454042946,-1
386,5.232634068679865,5.099344027281693,4.9208863523708235,5.091802617750032,4.911437928937556,5.041532834543014,4.9761696720400845,5.005836579686637,6.013677494813895,-1
387,5.242839148884817,5.114615900262211,4.921441309653186,5.080091753498098,4.90427404495433,5.013592115963984,4.984770092522739,5.015983912559387,6.0131247927692995,-1
388,5.252281988386869,5.128366885558458,4.919110374087765,5.072275928762798,4.899009391300652,4.993922726586856,4.991326098323238,5.029144082795198,6.008324156143849,-1
389,5.269593141078649,5.134231364599621,4.911588566841543,5.075352092276808,4.8880970883534705,4.98517970757984,4.989649760639181,5.04782047394862,6.0100905751210245,-1
390,5.285737378504143,5.1380322392851525,4.904522506400372,5.087260065129717,4.889961260708194,4.980343553761529,4.989239946242623,5.070051789705578,6.012540769064025,-1
391,5.290403526855535,5.142544815692545,4.891585620154325,5.105016760778119,4.894040269453072,4.9679665396506145,4.9928637659779875,5.091845859093826,6.006489476443294,-1
392,5.296220489433173,5.1304113849646935,4.881244795979305,5.126411068585859,4.893772654902164,4.966141789405628,4.997060362265167,5.11215140117546,6.010796885156874,-1
393,5.2852494469970175,5.111046038130861,4.872990985877718,5.143654302635013,4.891193485263893,4.980791802248083,4.999448045003552,5.130791593316056,6.00856861057165,-1
394,5.269720594453381,5.084996162381774,4.862730237301687,5.1626652644033,4.88793963303241,4.9871393222131815,5.005315405769765,5.1481968869956845,5.996650931636848,-1
395,5.269714041749827,5.06896780192659,4.858233239259048,5.176753304118175,4.8774754474728335,4.990697293730807,5.000034660358119,5.160523792794025,6.00083458825553,-1
396,5.270789119669644,5.042050582743028,4.85908345690085,5.184956777611788,4.871703965043689,4.982901233044747,4.991652993066354,5.169507010515958,6.012323000596272,-1
397,5.273227972282853,5.025236791437333,4.877210872590316,5.186681539639674,4.87282703159239,4.964980999837639,4.97419856730498,5.175352950307806,6.013432132786327,-1
398,5.2816026983962105,5.005212079492809,4.894803200254779,5.184509965401236,4.8697195432592055,4.9494095094407715,4.954533590031666,5.1759411522091545,6.005894802848634,-1
399,5.293701510547776,4.989873956600465,4.922288751560805,5.172133991974093,4.863977294728064,4.9415255287549025,4.924093834439988,5.174028706728592,6.008513421893737,-1
400,5.303803835969218,4.976067724230496,4.958393857734472,5.159455674941034,4.864103718877961,4.914978285185698,4.89622987017631,5.183973444309781,6.007182002532603,-1
401,5.323861947724635,4.9650837690942,5.001496095887406,5.146767768378766,4.86379508203696,4.877297825680082,4.874117954961544,5.183835328441879,6.018180217032791,-1
402,5.344383361917079,4.961876676452992,5.034023676398828,5.131953001238632,4.8697307880612515,4.840017846139724,4.853491555943926,5.181281771754192,6.0064336624603545,-1
403,5.352814188732298,4.945024573640093,5.06044372913606,5.12198656512509,4.877859923780333,4.808671007708478,4.841741571617894,5.17019008519294,6.015397729880706,-1
404,5.348926077689317,4.939070805238762,5.089993259296235,5.1334377154581405,4.884739063990288,4.781028987158919,4.839684479274644,5.157759421409325,6.010405099795906,-1
405,5.345116245466134,4.937189334989479,5.114929556190263,5.150708922240325,4.8896247278564156,4.776942840197401,4.849320387714796,5.152924304188507,6.010852093821107,-1
406,5.337525862861294,4.933885914158866,5.1413069151485775,5.160697097987019,4.884902978577055,4.772972434926104,4.854421818987475,5.136643534875863,6.012388750577263,-1
407,5.320948868608694,4.932801613280938,5.1658430576084315,5.174490488740782,4.884859611967045,4.773973777781959,4.876087915918077,5.119122617268383,6.009730838289594,-1
408,5.298598561827963,4.934800916772602,5.180411614235811,5.188092808830634,4.892229544230347,4.793313855102002,4.898845348231622,5.092226049094126,6.007506037574042,-1
409,5.278782836445579,4.937889825467908,5.1853410188864695,5.202582207425566,4.901499164277847,4.820135015531031,4.912417471921162,5.062020839119735,6.015402703851576,-1
410,5.266633616731607,4.933527205266898,5.201361895189211,5.207545955456866,4.905400379669928,4.841499002271192,4.928439382215318,5.034213033197887,6.009743183823123,-1
411,5.256346256729005,4.943353569911191,5.226039446593722,5.210764100749185,4.913090638126783,4.8691494423402375,4.941988672114996,5.00941251144476,6.003816088904841,-1
412,5.255119529051057,4.949344706666264,5.245691412673541,5.197817876996376,4.918645047870251,4.89597090052275,4.949937005840285,4.984401420415679,6.011467781110107,-1
413,5.245277295780234,4.957539309867019,5.2552088936376276,5.18171145415077,4.930377494347615,4.908984565993338,4.9586345487336345,4.953769736792015,6.008584730620621,-1
414,5.234031662420492,4.9756772949008905,5.264702810743155,5.178875158331418,4.948899362026398,4.923636850346319,4.970324633776644,4.940692660171599,6.012166268608149,-1
415,5.2214964914354605,4.977598039216228,5.271355205205087,5.17589470590521,4.968474049907757,4.9383579461082325,4.9728091310649125,4.931646067210592,6.021074205572198,-1
416,5.216259009067447,4.980721537463954,5.287068642382287,5.179333987385013,4.974703070097967,4.952016705432598,4.979963597575789,4.9223202664324415,6.015341589712512,-1
417,5.205593570360378,4.984706221448567,5.306851506698666,5.182765267015556,4.981952490050302,4.963979852643195,4.98304233537905,4.9222886447422685,6.0078689281423125,-1
418,5.202186688853856,4.99263251798033,5.320411343784853,5.188070070561879,4.997046787778232,4.984612636566071,4.987603963520273,4.9228840111395975,6.022309603120477,-1
419,5.200095191657954,4.986885489057382,5.327805291385141,5.189343498914477,5.010973775025171,4.99643380079695,4.995478569759519,4.934960702748791,6.019261777154939,-1
420,5.205533593099449,4.984668129568436,5.33516874948602,5.188115370986875,5.025440540609537,5.00680671367012,5.0115401460514,4.945749215997038,6.011479232635814,-1
421,5.216807386795751,4.9907357253609135,5.345950225943298,5.198325609549348,5.039800570979841,5.015133026697289,5.024251105910187,4.966824192977199,6.018369024762078,-1
422,5.237211747923534,4.991168091591917,5.357261057174714,5.199016627663674,5.055662987388239,5.031716932254444,5.038744644989486,4.9801706111344055,6.006994474342769,-1
423,5.253994596506588,5.0044496653460255,5.367668988086821,5.201503752737102,5.069193958317781,5.047454177580936,5.056467614255072,4.997177790823798,6.019508621554064,-1
424,5.26337022117761,5.015247840240862,5.364507035391676,5.201895513669688,5.08065120468667,5.060279066639762,5.072581407313753,5.009436967228179,6.010452999961281,-1
425,5.276574424210649,5.020448231175007,5.359046219254848,5.199350192720698,5.080801591669581,5.069406772610371,5.091707828102059,5.02131485792311,6.016039738448198,-1
426,5.279175559995089,5.029973691269919,5.355990724904476,5.197751442852953,5.083063625259012,5.073634211965922,5.110363488842948,5.023622655169688,6.006940043946658,-1
427,5.282028064709381,5.0423877595711195,5.34198597932617,5.196378280930536,5.0786515195122455,5.084463350066306,5.131415321086052,5.025458788615069,6.011123164302274,-1
428,5.272324798032638,5.047280458848308,5.322998491578624,5.207505463374106,5.075325458106789,5.096209388789375,5.142700089389586,5.030541703430227,6.0123702113891415,-1
429,5.259702114212723,5.039436827320285,5.308807942339246,5.217411692036172,5.062083686174894,5.105241255512183,5.155352614348033,5.030227830826525,6.01380312389458,-1
430,5.238562124631679,5.03317218788405,5.29092071531242,5.231428824927899,5.045422822727022,5.104875880902609,5.174157919651986,5.032673683447583,6.011333099853319,-1
431,5.2280023122093295,5.024675142899005,5.272194412070572,5.244335607129685,5.028875604332656,5.10129233181884,5.1853925641292316,5.02016815426994,6.013795470847596,-1
432,5.2244924573352405,5.020833672346518,5.269379868701689,5.255806936893146,5.017527003170091,5.097088410926965,5.189232157921977,5.007619025317662,6.016658861342208,-1
433,5.228964239927864,5.015855479181382,5.264922082882666,5.273719969016317,5.019214936930248,5.095513373118199,5.190524402599222,4.999837430184676,6.015203180443327,-1
434,5.239456317065509,5.006668785470203,5.25539901837134,5.2893869196768994,5.016345397885786,5.09003790209866,5.190044849957837,4.996037094531162,6.020075214878685,-1
435,5.251287846203422,5.004933865766429,5.26107034893069,5.308956948242281,5.01629677503177,5.0827757536882965,5.180198146525795,4.981649061165465,6.020873346788474,-1
436,5.269398429658184,5.0075623362584185,5.2689552072055745,5.316814025355529,5.018435855617938,5.086464814827152,5.163291418719692,4.964361316091097,6.01965514316886,-1
437,5.2886314478055985,5.015713688147724,5.273570671173605,5.314931970146379,5.029672622265679,5.092575301370354,5.143107548223575,4.944101459867391,6.019136846392523,-1
438,5.304950954328466,5.0273522659210155,5.2731276762527415,5.312087590127518,5.035893584702808,5.1026120288255825,5.120778963967481,4.92595742075943,6.019990578931582,-1
439,5.3205894473587225,5.0376561294525635,5.279146711640556,5.312425141633703,5.031020763780752,5.103936139748957,5.1131701001120105,4.922481505009795,6.0251390591903995,-1
440,5.346965424129592,5.046158751297222,5.276302833370037,5.306506614953951,5.033463507998186,5.099132824576636,5.114348864805175,4.923107520755065,6.011485187668747,-1
441,5.3602589074470774,5.057059666062734,5.276371017334418,5.299950495297837,5.026587367165063,5.088929874141675,5.117919851808059,4.91844949215387,6.027797764146634,-1
442,5.369897935945931,5.064537282860526,5.280609718610316,5.295353380341398,5.022480998708212,5.082792461144915,5.124934255803341,4.913724829657448,6.009310407346286,-1
443,5.3876101983391385,5.071792006233672,5.274563832476855,5.288464977714452,5.016611943402099,5.080288560367603,5.131024398277608,4.929526184430289,6.017198280096989,-1
444,5.4026841909590635,5.0861418891038666,5.271396223479853,5.291002058992037,5.007267163800355,5.069939606946702,5.141341763838566,4.942919921456863,6.026056211177042,-1
445,5.421437364877445,5.090242636390192,5.266209272632881,5.297413283365572,4.9884072120856855,5.061985255098334,5.148539078937656,4.957448591383222,6.025398339627201,-1
446,5.437573840790212,5.0893570943178865,5.2658760048319095,5.2951778645482195,4.962408758683044,5.049289118574269,5.146334550504209,4.965715023554392,6.021432776731016,-1
447,5.4575819111301795,5.085826626377068,5.262407060555459,5.279543163675534,4.94176496601187,5.0463048870651805,5.132809871119122,4.97404032150534,6.010000457878971,-1
448,5.451984261313057,5.078605438050169,5.260640858241998,5.275836854529619,4.918702237473532,5.049701874518324,5.114163136758376,4.990569941931201,6.018272882797115,-1
449,5.447868942852737,5.066081940621233,5.251990413336835,5.269487420325939,4.898359861449476,5.058628558764861,5.1019149265556845,5.011926739172965,6.017417950552025,-1
450,5.4370444511100695,5.059293286000121,5.246591275892759,5.2705463131708035,4.881766231669286,5.066493404319225,5.07847849778199,5.026899775660316,6.018228466675119,-1
451,5.416540171588248,5.052755389757945,5.257403180123852,5.271735313172876,4.873585469257769,5.073226446888718,5.05723981232613,5.031817345664832,6.018659791373846,-1
452,5.3916653154155485,5.0404671319983265,5.270018209582813,5.267170889774007,4.8660091331606985,5.082247269539923,5.0426970747824,5.03735523170135,6.021109469043448,-1
453,5.36791822782647,5.040250557727144,5.2812295173866035,5.265444249432355,4.870427361163789,5.092071447533463,5.031314504337431,5.050669036285295,6.0188789167823735,-1
454,5.343932695078469,5.04251088937883,5.288630764660957,5.266315522033701,4.891615996336688,5.098031997045561,5.028045640879271,5.0693280685262945,6.01736768719787,-1
455,5.31585760084717,5.050654320427038,5.288173611725363,5.281254410800843,4.912605879776225,5.094811160973158,5.0251721585738505,5.076672893611661,6.011393196510819,-1
456,5.303628104583411,5.064968837662431,5.284845686021999,5.28909744249677,4.935189481160912,5.094821030829714,5.021461588896578,5.083511967383543,6.022221140302481,-1
457,5.302217257365857,5.082207483457591,5.284287582684362,5.2930828895690905,4.954225989700624,5.1088606162048436,5.013290601801035,5.086315210684812,6.021098971491709,-1
458,5.313075453767812,5.103157587595087,5.2801038046400866,5.302403631151056,4.965666496074297,5.123519254261838,5.005660552465154,5.10208815351586,6.0178946762859855,-1
459,5.318018165570058,5.117016077654779,5.262186860802675,5.310748730405717,4.9752736976803416,5.133265800717525,5.000398400309642,5.115378453308734,6.018744094945415,-1
460,5.32422442426594,5.130373627103488,5.247078554666807,5.327770152781465,4.982298022165319,5.148156716200051,5.000846619995007,5.127267687147515,6.018602804524033,-1
461,5.323552692221964,5.142854942792055,5.236974227167393,5.33521865515451,4.982525174283704,5.151195614340205,4.9919594230977005,5.125098327360233,6.01474125856437,-1
462,5.329218165102558,5.152126688535876,5.230787605604749,5.34305926682369,4.978391323801292,5.15915800523177,4.979536289443223,5.1167689958386395,6.025505316162344,-1
463,5.331602796856878,5.148783587226223,5.227111620226788,5.341503361097284,4.988028612237651,5.174164678139938,4.979823572023715,5.111421753811299,6.015984656714662,-1
464,5.323558935844708,5.139494529931369,5.233996185511014,5.332985432044114,4.98512726888142,5.1816219619388,4.983984192956626,5.108266833161682,6.029374650089887,-1
465,5.310740565145182,5.1351375919859965,5.242387342365571,5.334979442126696,4.991512774146441,5.177449316806792,4.981429243531898,5.104555080129069,6.017718439705721,-1
466,5.2945675609423555,5.126557357276412,5.257604949302521,5.3275372940302885,4.99546234967255,5.169520403541926,4.975117337470116,5.097324131391728,6.024280483375524,-1
467,5.278471378151013,5.126110908486635,5.273599324272993,5.3163845694170515,4.993982262948334,5.155904865277849,4.972877535148867,5.090777181320053,6.029186009062897,-1
468,5.259763708717199,5.121320824987958,5.2785100442957535,5.29686740690245,4.996286666120027,5.137378942831273,4.974211588570476,5.0880689517703805,6.031860162610571,-1
469,5.250241472954986,5.114125208338553,5.278195031397764,5.281132681272001,4.997668830941553,5.131105457256147,4.991778447265892,5.085111920721033,6.0297126297165855,-1
470,5.236936452072635,5.113528914029777,5.278825759013688,5.267323333816354,5.0015413357760705,5.117355284797684,5.014729520250434,5.08526324706093,6.021285423845098,-1
471,5.228549382487853,5.114868065212249,5.2839148411134245,5.2650021393395185,5.001929007616837,5.103121678777273,5.029669115065774,5.087785802547323,6.0286732889665915,-1
472,5.2251923174491965,5.111494738063726,5.280008735495125,5.277328916601236,5.006266618798092,5.095604990127392,5.041428586913955,5.096556781391143,6.027476410908643,-1
473,5.208998220012316,5.1096173763522765,5.270135432959985,5.273514903144292,5.01509864894808,5.090055369323829,5.052946992059171,5.10454961834807,6.020744352285445,-1
474,5.190320310777887,5.110505423414863,5.252599921857916,5.2742177419764475,5.028978874022953,5.0823655437095505,5.075149502806843,5.113586462489019,6.018930602388763,-1
475,5.173321622586139,5.102331820707861,5.230145125375969,5.273566719852404,5.044793875310784,5.0782736099401795,5.097495746754653,5.125361181161193,6.029741879267217,-1
476,5.167814184199604,5.091647510469508,5.210002703715831,5.272564469724845,5.059143987830701,5.073929908390518,5.108071766351168,5.140749682811837,6.030292271756293,-1
477,5.160061396787259,5.087488855779825,5.198028303837033,5.274818142183758,5.072570038451986,5.0656229926909,5.107167711908181,5.1743140528268325,6.024360074358803,-1
478,5.1427974268219625,5.078803213656209,5.179564034113482,5.279042251166161,5.082773862100177,5.061542397808635,5.096041281423149,5.2074358241616086,6.020965328428606,-1
479,5.120951443178992,5.07440117729383,5.162572888378374,5.280990743784531,5.085307811404851,5.0536240441158,5.082419405578909,5.239798162738483,6.016055415025448,-1
480,5.100263841711445,5.074863374450492,5.14248190033819,5.274391676561242,5.094462495464539,5.0369555429086965,5.06772155640379,5.252534998059588,6.023123851611058,-1
481,5.087618661607086,5.069806543521659,5.134803935698433,5.272313886697812,5.097657044289521,5.016886593711581,5.061796859456797,5.264894070561233,6.020781444651795,-1
482,5.072398074985387,5.057910067192422,5.123292593432317,5.262900022035832,5.10453731121411,5.008847489298307,5.054256254457883,5.27491505433979,6.025260606406873,-1
483,5.0596620927910365,5.0513347637217505,5.114722724357705,5.255823764671253,5.1133756545492215,5.001295733033703,5.045387096114968,5.275153003531647,6.026089188974038,-1
484,5.041368086745195,5.056190901211754,5.1056694434517285,5.248860407864577,5.111356131316568,5.000220883458176,5.043494864159343,5.2662690261866,6.021056060493444,-1
485,5.022089542622022,5.051153467243295,5.091474951650423,5.248915488955637,5.1119821369961995,4.995895118268841,5.052758174420656,5.248649304726355,6.032522817682609,-1
486,5.017835090975313,5.045458213945968,5.08346207600843,5.252361552481488,5.106912634522113,4.996059507749767,5.067932565962653,5.233561052905798,6.02745548791626,-1
487,5.018296139452583,5.0445177884550025,5.0702143218425535,5.25176980959923,5.108998976083505,5.002614290730616,5.085166111859423,5.217371043170628,6.026189895136712,-1
488,5.024128046150511,5.0543950303654155,5.067375244065967,5.251186050976619,5.113289781671535,5.008010893645175,5.112746158819554,5.204624806987956,6.030487918378879,-1
489,5.026994578762423,5.064111337854425,5.0618869961018795,5.259570457342771,5.120872157222192,5.008980229947892,5.136516146590517,5.197727786427461,6.03131040023236,-1
490,5.034364924968639,5.079950139824251,5.0612593834423185,5.263211097139256,5.11008248825706,4.997093605681468,5.166902618703861,5.180446153938378,6.0165913610810895,-1
491,5.036976468636695,5.1026145274711405,5.055175028207797,5.264130496163114,5.097183747810612,4.98916557432103,5.192900283957281,5.165702613463281,6.021101519873658,-1
492,5.037937394768834,5.118676016139851,5.057482869520157,5.269527785161844,5.087142670430981,4.9736607392142425,5.221476467368659,5.153002775473842,6.025302402983071,-1
493,5.036625237753133,5.133376526345303,5.061991566812884,5.271522716249171,5.069544169005133,4.958056968738713,5.2517735515423505,5.133498094663596,6.028452314663106,-1
494,5.037743057722138,5.151964994478125,5.061866269199408,5.273464411287484,5.057808058996584,4.944849726201916,5.279332288644775,5.111234402040944,6.028395143336516,-1
495,5.0454799530068835,5.168776839396321,5.063587221139065,5.278132274293961,5.042997490431514,4.937718834435803,5.303044337966751,5.1001066307710925,6.028919374146929,-1
496,5.043761278759053,5.180816727982184,5.054874700293503,5.28434439710275,5.021807116138044,4.937544175648355,5.317792254237727,5.090626225203909,6.024246309769703,-1
497,5.05075521099774,5.197564310074953,5.03741189186464,5.2810515597339664,5.002254527724884,4.93940401014235,5.33175326194049,5.058059085168941,6.032666772943328,-1
498,5.062716779680276,5.206183430240674,5.023673001522633,5.283505510254441,4.992234979897488,4.953265206105102,5.3386151349663225,5.036953083914954,6.024195347024257,-1
499,5.0745243072473,5.201477641196125,5.017124417567028,5.294750730578976,4.980599067563236,4.963028056413714,5.346549844067923,5.01935067830914,6.029770069584458,-1
500,5.097010121012988,5.197795347275292,5.004687940692224,5.302106464148903,4.973887681985825,4.978569305868348,5.344169932632375,5.0067939304632425,6.027929376981284,-1
501,5.113906134806527,5.198387134744805,4.993830232905276,5.305325304831576,4.972684504759933,4.99857575781891,5.329823777306592,4.997931102109255,6.027982422568756,-1
502,5.121018392023448,5.195382600736656,4.988974929853064,5.301137682623407,4.972350911580109,5.0125378761766815,5.322208052760518,4.980858659757408,6.034509198035439,-1
503,5.109892231724318,5.19003555172207,4.991651258145355,5.290241700655237,4.9693215642894994,5.022141721768505,5.317640860701528,4.9589298551898375,6.023813431050525,-1
504,5.107483989158646,5.187310412839275,5.00292650107696,5.281428931563373,4.976189035319878,5.025906097254867,5.310495099726972,4.939880282988915,6.02984527633466,-1
505,5.096871083223633,5.183176474567933,5.013715562706121,5.275011933514483,4.980910981828308,5.0318200772340065,5.2954476043757435,4.93958460517006,6.0373843027712475,-1
506,5.084534747604504,5.175419043136557,5.024177957523978,5.269257953812744,4.979252752686269,5.028435593023639,5.278601147072317,4.934032857516628,6.036860652888369,-1
507,5.0707191647227265,5.182421709428512,5.030908519177315,5.255906222522752,4.984505461478462,5.027063461803304,5.2514714957404,4.937443224440071,6.019468961594802,-1
508,5.048423701269421,5.1860494316341486,5.031174392951566,5.242240185938621,4.990506346348513,5.025905904333479,5.2255080585253,4.941455505337157,6.033991866488689,-1
509,5.033330414895481,5.186051645569127,5.0296970936083865,5.224682782035158,5.0002392602461425,5.017458193852065,5.207501778900478,4.936852398105063,6.033827436115827,-1
510,5.0340966615595475,5.187179089856704,5.032120546046999,5.208097507912253,5.018208985531645,5.006158003016969,5.190555603520587,4.944703050391923,6.031184787548942,-1
511,5.0385636290252975,5.194817132133538,5.033216685803429,5.194062700069352,5.037060840125975,4.99035231256011,5.1736788655557655,4.9483512703526475,6.0208689377411,-1
512,5.032928378661137,5.195850438683492,5.028625170600681,5.169854297446421,5.055971989743784,4.97495534592453,5.152739602489324,4.948499631565964,6.03083233251476,-1
513,5.029600244985387,5.1968305807665285,5.033652076881274,5.149478746594342,5.071393793529997,4.952334406748787,5.1387383565445734,4.950567351183971,6.028222266529475,-1
514,5.029625113032813,5.2092530880724945,5.030640932630665,5.12471304233977,5.103570910596075,4.933420535637073,5.121790587999799,4.95657047690597,6.0306366383184535,-1
515,5.035225717802646,5.214414712559468,5.0290386670379155,5.108537276852009,5.133047645650361,4.9160407161479105,5.115689988638185,4.951709123588998,6.036495715463892,-1
516,5.0345189154722245,5.220559182936999,5.031977751985707,5.095128231405138,5.163428813809167,4.895522582316069,5.114053428393199,4.946420474012185,6.028125328369762,-1
517,5.027676922044564,5.229258462845665,5.034258293236205,5.081717835324029,5.1896378275682835,4.878324958537008,5.107676672962719,4.949127193389669,6.022599762337655,-1
518,4.999790471532359,5.23809318727258,5.038099024338861,5.079281617245508,5.205013803270937,4.867529535670444,5.094618862567673,4.9459770042964335,6.022995326578967,-1
519,4.9838636431277346,5.245194256817362,5.028319275427108,5.07526421474427,5.21443244187912,4.864159722535053,5.072043226112707,4.943265297044395,6.031137693451452,-1
520,4.979779769920674,5.2559925557348475,5.022782907189207,5.079785034201014,5.214600735336951,4.873255611886199,5.0479972672689035,4.937356440466286,6.020386405726514,-1
521,4.972480269503332,5.264243755074158,5.011070606475089,5.077603034467593,5.21629988996033,4.895141609339797,5.028141043184735,4.923970962885606,6.022840077151596,-1
522,4.958488239626753,5.264799075156156,5.005225337799731,5.084596696746044,5.210843168486943,4.9202971979951045,5.017685161758987,4.9020226201154955,6.036828944937596,-1
523,4.947281008925826,5.265990799413719,5.003240397630518,5.090160403061271,5.202960903177059,4.943148068714481,5.011107351827016,4.882764704006328,6.028021632386202,-1
524,4.945204077432887,5.267023941535162,5.00788814175172,5.090611358269707,5.201795133136855,4.964854537858783,5.003314220000796,4.8636097561385965,6.03229450078593,-1
525,4.945156121703496,5.269880651598609,5.013031016373215,5.097050528221323,5.208092411200966,4.995796434733574,5.000009673735344,4.852701773738846,6.023600276851475,-1
526,4.955767818008279,5.271317660561028,5.005756690832794,5.088571426381314,5.218394318406943,5.029734090446359,4.999534546789453,4.840300917548581,6.039543184805166,-1
527,4.9623327583222,5.272975959175152,5.008562872329277,5.079726469320684,5.238700459552643,5.058548941476541,5.004928316465055,4.828749361641272,6.042284969735399,-1
528,4.966401947178201,5.271350010061699,5.005997007398293,5.061433138226649,5.255232533429849,5.086817918625564,5.017369226804999,4.827374606246904,6.03281258944676,-1
529,4.984687233458715,5.278699709852231,5.008537414077624,5.050778167350927,5.268977828612331,5.104921573239778,5.027300336629872,4.828252978551879,6.031344254240814,-1
530,5.003831606261106,5.299521803612804,5.01604584035784,5.041147264453139,5.276906556265115,5.116503962212494,5.032567951670705,4.843890965990505,6.0437707051575345,-1
531,5.0171589772043195,5.311094989947736,5.024510794077582,5.031229969836121,5.277949712945293,5.1282153454750095,5.032937830883506,4.861690209045746,6.020892122222419,-1
532,5.030601317489857,5.331795406639673,5.034920577947868,5.024977529198221,5.270411265362351,5.138154861114782,5.034451172481451,4.878392260799186,6.027937705924942,-1
533,5.044295116710487,5.337646530472798,5.050074924062619,5.013565735181809,5.2596164347119245,5.143583314670153,5.031395787975906,4.889365216903569,6.033357580632654,-1
534,5.055609800266655,5.334303778619021,5.065119897124353,5.005669436002822,5.246596364979645,5.148532760477023,5.027032249197813,4.905474296839333,6.029845004326142,-1
535,5.077255223615777,5.32546251529892,5.084583927419215,4.999127037738913,5.233995119119868,5.1511694719968,5.0215978496869,4.9106951893017525,6.030985704942095,-1
536,5.095736187439549,5.314371457518484,5.111254965604983,4.999781898315978,5.226444919707333,5.142298626870881,5.021173895895504,4.907963943381957,6.040477719329785,-1
537,5.1115029523110564,5.293586701130776,5.139562236228049,4.997986373938476,5.223518618047765,5.139047088153159,5.018477931150905,4.910465744003031,6.0309133689573144,-1
538,5.125158181228452,5.25521883346653,5.157695405454266,4.988554697416935,5.218583457168805,5.137702118565662,5.01764713469394,4.9133052843314315,6.029909646932929,-1
539,5.147553464747516,5.228111985684381,5.1838796305591615,4.965784552598737,5.22045614466721,5.12811787221708,5.013773222585325,4.91806497358727,6.037461692385022,-1
540,5.167338632102769,5.192644757332643,5.202383176233025,4.949223392655929,5.226264889808075,5.123019051138373,5.009723851121498,4.930136278643379,6.039002849010051,-1
541,5.182103329345378,5.168827619550013,5.21567526903053,4.931069733815283,5.229014123265749,5.120803502277727,5.013343890170741,4.94030919529534,6.0338060504427045,-1
542,5.201369057107922,5.153346046177014,5.228334878112933,4.9131776274577295,5.235997182370271,5.1200969997713335,5.020989894310519,4.946482988409514,6.029509616603018,-1
543,5.204656882553886,5.143154393732241,5.2328099438636295,4.896173407583776,5.249552050289478,5.113736069669548,5.033789087209078,4.956579352530774,6.03180157646735,-1
544,5.201926217729784,5.133946031696698,5.233693013595207,4.876965943187144,5.260415329788265,5.114097773917484,5.044717977871765,4.967547150328237,6.028803014200523,-1
545,5.195541577315867,5.128330301657725,5.219563408008422,4.860944208677419,5.265578355676022,5.110942304565908,5.050094766009806,4.978297317279501,6.030450182970826,-1
546,5.183584026519086,5.132150819302355,5.218973379629552,4.848582684928681,5.282199067788674,5.10888916137331,5.054234607215269,4.978891092560542,6.020332204474358,-1
547,5.163095374339193,5.131784010977037,5.206999034573173,4.847002223247404,5.299010558102079,5.115603200016638,5.064508643614394,4.970507001372252,6.026209140969715,-1
548,5.141660813052637,5.128729485015209,5.201096333774299,4.845941885415521,5.317838528433936,5.118848968071046,5.082536127580902,4.9564278116360585,6.027095353046531,-1
549,5.126682546070676,5.118713813766945,5.18994677705664,4.840908533780147,5.3359355792704175,5.113864234194951,5.098925085213494,4.946807754708432,6.038511088619231,-1
550,5.11192064580813,5.1036814581348295,5.189515281861377,4.841434798761473,5.349562831258856,5.099941978271252,5.11640628398675,4.936332048997962,6.027911949152126,-1
551,5.096393123064837,5.084429168571558,5.197966569173025,4.849423937661221,5.360367802112432,5.08775755238333,5.130294231080243,4.93287483425375,6.0257861164933635,-1
552,5.086094736654958,5.0623930871222935,5.2027220790174145,4.867691712418462,5.371622292128186,5.070244804790995,5.14354590225857,4.939750375422993,6.040480123465849,-1
553,5.073633940237539,5.042020017838824,5.218367154117561,4.89104676846984,5.369239162436197,5.049543880333157,5.160843001728155,4.945006100120221,6.027411201343591,-1
554,5.067561245397501,5.024568154264233,5.231100704317353,4.925753615648898,5.359409585092457,5.029883883489925,5.1828975278312805,4.9568295768203035,6.034192188801513,-1
555,5.05809187560841,5.0091856839158755,5.239825771225679,4.964802149408205,5.354117933240413,5.003846386430149,5.202349504649212,4.970758729561889,6.040119631571379,-1
556,5.057546024460427,5.008223881790326,5.246474537174422,4.984201114086625,5.3540119202763545,4.979878090430553,5.210247857499105,4.978321119304471,6.03803748260513,-1
557,5.065220111491785,5.008013524185396,5.257134360596684,5.010573286218843,5.356934196302794,4.955308338328695,5.208007767898642,4.987953433588956,6.034136159677946,-1
558,5.067910241589257,5.015537400254316,5.2651233625504394,5.038345935522457,5.355033935880411,4.938992366349243,5.195260156444608,5.007132454266701,6.039023930530589,-1
559,5.082013522473346,5.015912902579778,5.260236759048201,5.052338696456499,5.343148661800739,4.9314839356416105,5.188549588982596,5.032893239172949,6.029382615935896,-1
560,5.098863582160788,5.017991568557718,5.266362539112608,5.055173009934156,5.33544202741983,4.9258011996852735,5.185566211113509,5.038102181615723,6.029890186535909,-1
561,5.118951414961223,5.023904259948848,5.267885838648372,5.058563896860697,5.33993351981822,4.932783836694615,5.188289292826562,5.043971500456839,6.031439263024388,-1
562,5.1317808723114124,5.02421085964642,5.265967038058444,5.056756478935266,5.3463542836768205,4.947845901173453,5.178959743136659,5.046665260444287,6.0312826399780475,-1
563,5.15160731436243,5.026814842119015,5.2623214038792385,5.044072354089484,5.353603137021842,4.974211178869511,5.166321813086494,5.047762748886954,6.035417756365687,-1
564,5.161994568261925,5.020479589430554,5.249572806529658,5.05357721848684,5.351494735384274,5.004134256730141,5.158244931813996,5.05477543257955,6.033468098650756,-1
565,5.1680733395948035,5.020232804284315,5.244006100484425,5.0653044492291945,5.344135485411925,5.038887860234369,5.159915306817233,5.057723217916407,6.037448949926828,-1
566,5.177091922371678,5.0176766971003515,5.236994254807134,5.0793026836999315,5.3411378899371185,5.071718812461921,5.175827288924621,5.050798884430375,6.022757039172184,-1
567,5.171740329685437,5.026010402257014,5.2306738264372665,5.102921881386586,5.33109181924206,5.094350749082619,5.184324872837067,5.043349446610936,6.033616219658006,-1
568,5.1617398376323305,5.0429842010039945,5.210740616778702,5.136288200664464,5.308057506580093,5.122327273084313,5.196616235694252,5.04895803842728,6.04435184926621,-1
569,5.145710850043213,5.054256594317532,5.202597133074552,5.165697289136517,5.281902196323296,5.147021683281706,5.203223060912568,5.049988394042768,6.03662402666885,-1
570,5.137113063517985,5.069061655945077,5.189627420638354,5.180530372132822,5.246563515214664,5.165322155255207,5.218332779357378,5.056377015248061,6.036835205628118,-1
571,5.121686520266696,5.088337981364138,5.178543510541898,5.196233624229558,5.211982981138993,5.1846542620980856,5.234440230438368,5.063786252973959,6.0364777761470725,-1
572,5.105447668668142,5.1044244949594555,5.174047263716919,5.2004158255781645,5.170831671059792,5.1909598243285995,5.247365779585964,5.061194880980179,6.039443667285579,-1
573,5.08280811445019,5.124507031424226,5.161235633617151,5.209073221223451,5.134510377554985,5.191163349544514,5.263341412615883,5.057155792648539,6.035114511835704,-1
574,5.0618063661964525,5.140418503252908,5.149449312397893,5.2136912253682945,5.093638232097703,5.188948954741876,5.271505552749398,5.055590623328361,6.029875229222765,-1
575,5.057096235214126,5.155380617814915,5.14662032904555,5.214443889524252,5.058567711964994,5.190252153984849,5.2930202422155865,5.05147010995691,6.039702184201505,-1
576,5.052985670055276,5.159616742776869,5.142678131852201,5.20136618306095,5.034884340921712,5.194239421314931,5.300925005904712,5.045779067415819,6.0354090087366,-1
577,5.0473737650970865,5.159016506059675,5.132800180849152,5.18464351248055,5.016602381568862,5.195076982249861,5.316864898061295,5.042955420419551,6.028253078295018,-1
578,5.049282366306791,5.158959749877465,5.129888120124592,5.174560168255313,5.009659100426472,5.190525952733887,5.3289512638025585,5.046825804092981,6.025114267336612,-1
579,5.067313861099535,5.146191917464005,5.128047519166416,5.168222563915525,5.001833705403991,5.1680699825543,5.336044279355837,5.052253129807134,6.033597764544849,-1
580,5.077191394394256,5.135796231143699,5.124969597941162,5.166862738584693,5.001945459388278,5.154588726100934,5.357434823510397,5.067267470961948,6.033634274553991,-1
581,5.0935472414552185,5.122060691860223,5.1118957814794195,5.1574854650378095,4.997096292483424,5.149593933426625,5.375907250984894,5.084895303002935,6.033074021653796,-1
582,5.106491974534119,5.112007855438417,5.09947920533758,5.147518807242316,5.0058625942167625,5.151588391940809,5.393903440617882,5.1014014550544795,6.0355464665707,-1
583,5.104306232523189,5.0972570295874,5.091617317846155,5.1359384210544246,5.010034671318889,5.161419998707666,5.406476793020412,5.112943325842113,6.030148398706634,-1
584,5.101560213524132,5.078325540834981,5.0867188297133055,5.12786756909793,5.013277564765074,5.170446085769407,5.424583045477379,5.127604149813935,6.0395980676496395,-1
585,5.0970379520827205,5.067207003116892,5.082651435349538,5.1198071108158985,5.010456409705261,5.174705505129614,5.432171403940905,5.143888323636652,6.042392837287236,-1
586,5.075677570865952,5.047187914335957,5.0764369025573375,5.111105274961831,5.01551725474474,5.181159365367748,5.441171817248397,5.139718150672238,6.032495076869257,-1
587,5.045230325597853,5.025853336382584,5.074933171540559,5.103681099612086,5.021003742785203,5.207723581786471,5.453336058979895,5.142653833759134,6.038058709596784,-1
588,5.017965102445635,5.006147313043385,5.077562068489477,5.087104852861872,5.02799944174707,5.230271740345962,5.452068973173151,5.143695917195596,6.032537504351878,-1
589,4.99192674632416,4.9910465924905205,5.089995911914065,5.072502469320478,5.038525852594469,5.235191712031734,5.442299375670507,5.142978883134868,6.033224873874077,-1
590,4.966630136689927,4.979109775467867,5.107515903536389,5.059470422502571,5.045459829471783,5.2294714381096075,5.434077195026659,5.132581559378953,6.035988121375615,-1
591,4.950434472820241,4.968994203534662,5.112644427781277,5.046347112073463,5.055113871462132,5.2190718773633735,5.4206051236264665,5.130480407503169,6.045324214223088,-1
592,4.9341415375177196,4.96384346748828,5.123204019407763,5.03452510443963,5.05489146554124,5.210016501156193,5.40727575161825,5.134694477360913,6.035733523421899,-1
593,4.9251645861524045,4.955399851971049,5.133169190285901,5.020703965239701,5.0611159551849205,5.20302089200524,5.398892434124972,5.130573458031049,6.044946590018614,-1
594,4.931565126888914,4.946148021575189,5.139626704271827,5.0102784854505185,5.0627760170188765,5.198264635667018,5.389180117403723,5.125991276682472,6.044493427787904,-1
595,4.9439862531108165,4.943659771917785,5.144877833946229,5.009554314523963,5.0592731234665,5.184567008404411,5.389175077603436,5.114571636284868,6.030024366164171,-1
596,4.965190882550855,4.948575322181432,5.144003008801289,5.016796612936032,5.050645022651909,5.172031154215543,5.385555231419792,5.102246227702759,6.033301594621387,-1
597,4.973632309128631,4.953861074195239,5.143018533495627,5.026773732942031,5.049503547613405,5.177994430798625,5.379871228902322,5.092107641909973,6.03517250256173,-1
598,4.983524507548203,4.954167969966202,5.13376386633424,5.031553156645319,5.042692453607812,5.188467765491412,5.378962423292753,5.0920004598121436,6.029383513471346,-1
599,5.002217756250114,4.960123162330605,5.127010952361255,5.038808680856142,5.0378480603129585,5.194419992066511,5.374338288538326,5.083770278040314,6.037617164263161,-1
600,5.024607770239053,4.972081389481482,5.1179976604991735,5.050619662370953,5.042530078087802,5.189424919289074,5.371393599239327,5.06271089032019,6.036054257732819,-1
601,5.044168055916089,4.994514587002642,5.104787222195255,5.063302431676308,5.0482591113557875,5.184681169435421,5.365916524355947,5.049580577201001,6.042697172448696,-1
602,5.061641210150354,5.023843075908376,5.088631718217357,5.075456191587388,5.048463203405529,5.181270789805043,5.358219405151136,5.04807549498902,6.039816603618238,-1
603,5.068535985371032,5.05252609845123,5.0769043463489485,5.076277050337769,5.04939212216252,5.17410834373169,5.342733800177365,5.050133560505361,6.042806453335106,-1
604,5.0725415431194305,5.072447631871713,5.0556679765259,5.08116235886674,5.050021255451003,5.16664876233215,5.325660549127957,5.0588331392833235,6.0361476708835236,-1
605,5.083998165070301,5.0869231537117106,5.03370035232659,5.084520992610161,5.054383699689276,5.155311572404622,5.319901378928402,5.068948022869632,6.038091631634114,-1
606,5.095068314419921,5.104352374723289,5.013500168757185,5.0965097233486265,5.063378810118648,5.142589365871496,5.309919021649414,5.080474202916303,6.035339220052055,-1
607,5.095276502213988,5.117962650713765,4.993165260070583,5.112424727630807,5.0815552634432315,5.140207659139439,5.301891663542431,5.093601121987608,6.035985299539203,-1
608,5.088018614338972,5.137635512142972,4.972592003652616,5.126993125165947,5.097206078683419,5.1446205200242705,5.293480753573719,5.106399304596977,6.045309812727172,-1
609,5.081844463607001,5.135587550427608,4.954580599842917,5.142968133904726,5.114930320204433,5.154138822634465,5.291058837797723,5.123135419427253,6.035929101226457,-1
610,5.074227872747583,5.139898326649937,4.94720144419087,5.157467584603294,5.122848078443694,5.160112566978012,5.28452282225765,5.142986552706937,6.039910465999369,-1
611,5.069589544519438,5.149588457293631,4.941966097729452,5.181132670016848,5.129339736334692,5.16922852960659,5.282271135593846,5.1579102008062785,6.0299264627681355,-1
612,5.058242693612274,5.160099876904412,4.954655593925044,5.198131144713158,5.139065485389829,5.173863727878734,5.278594305223696,5.171089965826681,6.039132077667782,-1
613,5.046528662797687,5.176057333558088,4.974246101418463,5.219903804573668,5.137748560790275,5.174779143029347,5.273877595818358,5.1772363832979815,6.037456538552337,-1
614,5.020132691280952,5.189283524084735,4.990722423250264,5.239559936756972,5.124860351358676,5.176800930499709,5.2652708506327714,5.184489576558484,6.037457603126186,-1
615,4.997128050295791,5.196778119164611,5.012588553919215,5.2606777521917,5.114166346710112,5.177320832212081,5.248239387361492,5.196550427450004,6.037619340467816,-1
616,4.981697611748006,5.1824672000826215,5.032183912021961,5.281208343249694,5.10151662212006,5.1746068771782765,5.224249593747699,5.219711097833528,6.045581607030018,-1
617,4.96925516908972,5.184578676071395,5.045073351394093,5.307728068998131,5.09161365510177,5.1688362287702105,5.200208527321179,5.232553875015851,6.042144955778159,-1
618,4.947205100180801,5.183053310613882,5.057152823613929,5.336833350603933,5.089982739165831,5.17059508465237,5.187899198975028,5.237391030666951,6.033230285343685,-1
619,4.9295876500454785,5.1813877990609365,5.070028473794322,5.357049844350406,5.072218744970024,5.169994056093666,5.16076005258199,5.24381559778499,6.048139609565071,-1
620,4.9149188958566405,5.175653009400771,5.073051856605989,5.3745198742305575,5.053329685621388,5.177403537125432,5.1386243806301035,5.249552666088171,6.034086413302362,-1
621,4.894641598148247,5.167900036390565,5.07918498529771,5.376523270582753,5.035748752220514,5.181833119497613,5.109358579702805,5.264393876498658,6.042533977664993,-1
622,4.895809843827614,5.157344510990858,5.085208338371225,5.370254076200226,5.028935288822947,5.189830702621252,5.092044565022073,5.2716627354018994,6.046633217888152,-1
623,4.894565289620673,5.148789523971038,5.08509975140167,5.366085532799656,5.023299713131244,5.190746357072223,5.091239445933761,5.273052419790302,6.050862927141365,-1
624,4.886942932235305,5.153303677179418,5.076491893235683,5.3651165779819845,5.019821346833496,5.190775250239062,5.095455202915392,5.268701831416806,6.035791310583955,-1
625,4.878780248769301,5.1587430333828115,5.0676933719472945,5.352294036502256,5.006676130868273,5.19912387689412,5.094703469549716,5.2775167769610505,6.027832675970339,-1
626,4.875209487107652,5.160634757308377,5.057459583063098,5.3312026884877195,4.989822517813428,5.199699726659249,5.088183161185028,5.291286572657167,6.036590151271511,-1
627,4.861520939438794,5.1593522664234275,5.045027596343754,5.318637985675088,4.981193257075728,5.19956101321635,5.084278727964319,5.306132191621192,6.033530957500863,-1
628,4.857594468899063,5.159737060860538,5.034553101292417,5.3145723781108405,4.970993079688219,5.195862858158719,5.086020226198488,5.316888900470775,6.041002468098686,-1
629,4.848424776945285,5.162158401157832,5.021312266143565,5.323686358789011,4.9643250518975215,5.195691637797715,5.090091213926793,5.319648821062671,6.040779154037575,-1
630,4.828683230266372,5.177248942611626,5.00704301455621,5.337984728921358,4.956026789257737,5.196521632119894,5.08659800405406,5.319360801468177,6.040991154722678,-1
631,4.80112415031526,5.203558180011533,4.998296416222445,5.340813370252229,4.939818449957656,5.21350331262509,5.079404587992351,5.317534915157305,6.044830484634132,-1
632,4.7776144922493815,5.232492844905777,4.994155089012056,5.343113401458064,4.923086438682019,5.225777630919943,5.07783179468662,5.315991554344137,6.036903548385844,-1
633,4.764431156570906,5.259845341536713,5.008307872782763,5.35886774572175,4.90316877420447,5.2304724056605085,5.082566100557384,5.310666519917248,6.048902101579013,-1
634,4.7443594561777385,5.287361020490139,5.017798093311136,5.383666336547569,4.8870193114791265,5.230807639781584,5.086156159082643,5.3103725724999515,6.039490377638428,-1
635,4.726421697798579,5.30524781666438,5.028439597258898,5.400189610485871,4.883957763767262,5.235400417196935,5.096932769298148,5.310290540855964,6.044158008729473,-1
636,4.708757414556677,5.329952446552413,5.050314084768703,5.41088353776224,4.884804932238476,5.24196832926644,5.106160608344095,5.307675059629602,6.035631775138469,-1
637,4.709713486703045,5.349938256917229,5.06829297303386,5.41355606057024,4.881241618963634,5.250727068406446,5.110302123595138,5.315477270901353,6.039288623480616,-1
638,4.720044055022404,5.362632016178237,5.086968592122177,5.415711887676447,4.876214222155118,5.252099667387909,5.1096314016977855,5.333923529939217,6.042478958464649,-1
639,4.7331005295082305,5.3555055448293265,5.102088984871134,5.425788745141833,4.875149645464911,5.244188883156237,5.102733442009528,5.341609361271243,6.036212384927304,-1
640,4.74517671744171,5.3414736528205715,5.123495929686565,5.423344675212361,4.879021259581884,5.237391896252193,5.083017288699524,5.342827103796516,6.034095530587907,-1
641,4.746110907045178,5.322268368520391,5.121375747679035,5.404240777562113,4.888768963176273,5.224488648896237,5.050228066584159,5.340737089706552,6.039110380198682,-1
642,4.765147163397436,5.2968952131580584,5.1081972076485025,5.378221729218364,4.900517239765205,5.222977751874556,5.023261028598082,5.332184113351142,6.033959088302038,-1
643,4.788331986059323,5.274615077053537,5.0982121312504765,5.356949255103809,4.915858786458677,5.216999119568725,4.997619885827176,5.3201216559704845,6.038386125457903,-1
644,4.814751338358259,5.245324486163757,5.080160843168206,5.329812461863715,4.931564663087664,5.209618124599432,4.963705395498867,5.308584546677529,6.034693633126729,-1
645,4.838840176488505,5.217208546381525,5.066823712158795,5.311306915051566,4.943758775174012,5.205402925584426,4.934318684929877,5.284418708213672,6.037590151547756,-1
646,4.851006522291386,5.184253300426601,5.066017702218254,5.290616946104618,4.953855477974373,5.208402952109613,4.902853627113985,5.262609422603969,6.038529070533766,-1
647,4.861775816014113,5.163906169555638,5.059257169182987,5.257396268719219,4.958868614049347,5.195354554761316,4.874279182010448,5.24781728755284,6.041492091282899,-1
648,4.873728009044516,5.1499953971816215,5.054204167340668,5.2329514045072365,4.969936885550276,5.1934400685509035,4.855068557574872,5.238223875258874,6.032715316814382,-1
649,4.887866615073389,5.135763007916297,5.060866831776818,5.212601650995645,4.987522570597257,5.197078873412317,4.849785883812021,5.225240101883166,6.0328419537325555,-1
650,4.8850937912700525,5.123059100970819,5.079811149754056,5.190618856979088,5.000400313574797,5.187366009737534,4.839303232989929,5.199963896023949,6.0376622797321815,-1
651,4.879140456983894,5.110823078439148,5.080812703908836,5.166980499436368,5.0082007626846705,5.1826410877257985,4.8387464337840465,5.18838201545664,6.035487762874646,-1
652,4.865785577859632,5.10671795659175,5.084153879838157,5.148523605647389,5.0141890440548345,5.170184414350375,4.8472220833540955,5.177968236129876,6.040342958762283,-1
653,4.855590985758356,5.100185358324827,5.086358034909635,5.124799403650549,5.027503047713222,5.150397903033397,4.851720250280516,5.183905357769367,6.044639517058763,-1
654,4.844977164518827,5.096783756422033,5.079315894525484,5.1107434233679,5.051032067600456,5.125520488985167,4.857908296999514,5.191592232249354,6.039894918844376,-1
655,4.838189464042598,5.099009662397456,5.080841597974434,5.106432855491356,5.070181719057188,5.106102099271121,4.874489854483256,5.20817646823163,6.044445530845148,-1
656,4.827527766066363,5.100745565348922,5.0790512687672775,5.103498359825842,5.087010990719126,5.098945797896475,4.893219713406413,5.218552427286427,6.046699756801471,-1
657,4.821604659350518,5.101877709194236,5.070769219762214,5.101349462790424,5.101305859924276,5.087942087401925,4.90403726031017,5.224982173850133,6.039944742804387,-1
658,4.814439705273301,5.101434286599373,5.06607677224903,5.097949881063368,5.127293788601161,5.07924130593223,4.922660845227977,5.24475127101623,6.0372958678625706,-1
659,4.819248022783193,5.108704095616158,5.082483823735279,5.08744948239333,5.140361447155617,5.06926362807863,4.930756139193179,5.259028743696018,6.02742687527113,-1
660,4.828787680796397,5.1107760139293,5.106415015979656,5.08015970824917,5.150832179217328,5.060487304711838,4.935689273756821,5.273354750409905,6.045934350399355,-1
661,4.823515639116878,5.108424718080384,5.134079138184836,5.078242946254499,5.1484590053006745,5.058761838925316,4.947253952296784,5.266421715077412,6.042043268129372,-1
662,4.827961614633272,5.107196901026736,5.160416783705853,5.075591283157692,5.144455484022374,5.059449070337397,4.963195183627903,5.2466025999217125,6.038269952748462,-1
663,4.830026064580638,5.094864738978891,5.186747277599437,5.069400193024081,5.143543467556026,5.070027260707074,4.963850985970525,5.215141578479364,6.039993315857254,-1
664,4.832695069176678,5.083687845006385,5.21410624513653,5.065823459282805,5.141085345248526,5.063767101280898,4.965412558068273,5.191304465256415,6.043694142369498,-1
665,4.828842195694809,5.075684357315388,5.243769985145448,5.068715106593956,5.1435916003914794,5.060659142550264,4.968070453093778,5.182292938591287,6.044453200253676,-1
666,4.827531126172219,5.072504488566973,5.268861944695484,5.087628950671959,5.138311414376263,5.067265801232944,4.966067192480587,5.179811475239002,6.047394758066913,-1
667,4.82102009544861,5.056686155653792,5.279309791677814,5.11608868975147,5.139965284892312,5.07596267362969,4.971471679015433,5.169941768191802,6.034176344590336,-1
668,4.808551613469572,5.034817059572984,5.271500453441364,5.14458939085992,5.140304043362484,5.089624423409527,4.974339870602713,5.15520483027999,6.052892383941293,-1
669,4.8107480691627345,5.0196381106782635,5.25826922841916,5.173571626225064,5.143267397973592,5.102090708289008,4.969057389783677,5.149212543128349,6.033592102754864,-1
670,4.814049632706245,5.0078028937035315,5.243696203872053,5.198848741550096,5.1442607330806025,5.112242490653637,4.966752724207615,5.150221886489434,6.034126989774125,-1
671,4.82052788197088,4.998913777795447,5.23311975691667,5.230278291822318,5.144208531368905,5.117602897121577,4.96411332114083,5.156174168781387,6.03849320166987,-1
672,4.833530475703914,4.977536403019108,5.21623340961905,5.262021544156197,5.138394710872857,5.117353248097145,4.9610590156339835,5.168646311938185,6.042009142829842,-1
673,4.846349080975791,4.959708734037141,5.193002191939839,5.291606199088888,5.125338972964816,5.116254210062892,4.96557997485783,5.178685543389844,6.037222480448384,-1
674,4.866690455398467,4.943842377817511,5.170080467526037,5.312401943684181,5.1086245015734555,5.1122845671824795,4.976532913978691,5.188907387978066,6.047443361755465,-1
675,4.879324407372535,4.939924521530173,5.1447809076306745,5.324371633025838,5.095172055230353,5.10047083415954,4.981576515485455,5.192864078893483,6.053015341653228,-1
676,4.890193215864801,4.939502881790711,5.121063131726007,5.3436808506636915,5.083849981998147,5.09278360604478,4.990697950617577,5.203664989319894,6.036632697814197,-1
677,4.898988107564156,4.930161455938708,5.086981918448121,5.351028270601391,5.081239730304366,5.0810177892060056,5.003964813488954,5.216397672805093,6.038471121818549,-1
678,4.899144197894388,4.91253261676758,5.055323667136736,5.351000843288421,5.082723024024926,5.0653165170204915,5.016551107465002,5.2328085412442835,6.03848331586166,-1
679,4.887503905430913,4.897137347217181,5.013235116401044,5.347264308587866,5.076472321299354,5.045891356669083,5.041279497461569,5.257725344414228,6.038536169844682,-1
680,4.872062782942734,4.893973416226474,4.979445516127035,5.343285618196659,5.074646434087744,5.032419926495719,5.060803063195988,5.277569672515993,6.042395907632493,-1
681,4.856812577220158,4.882683070576117,4.95335599286034,5.338202369087961,5.068507392545426,5.012459119156893,5.072284788613269,5.287736528902481,6.04104166885024,-1
682,4.838375649308256,4.880127208749432,4.9334419134876235,5.335476213407837,5.0629255228807,4.986025318570535,5.082794931807035,5.288921812537257,6.04427074995327,-1
683,4.830950918220567,4.881916067739871,4.914981070273142,5.336544188205626,5.058672901292228,4.9623252244315434,5.098516011395237,5.2940496237523025,6.054184859638685,-1
684,4.814748344791265,4.888207513985586,4.905861436455885,5.331244190782012,5.051611410161702,4.933303834774695,5.111985724917183,5.291593677473941,6.042863583271617,-1
685,4.795563506396987,4.906154284595908,4.907095671151901,5.3345157348439,5.04010915327428,4.910572130772547,5.133911817109578,5.290353882186146,6.046456907423633,-1
686,4.779429500341047,4.932141284297016,4.918487247978772,5.329731429731172,5.021624082860957,4.895773333180562,5.156923360491662,5.284411898777807,6.044528449457711,-1
687,4.780889081929486,4.95868836093012,4.927220350079407,5.32432838625151,5.008258148699224,4.882553349697635,5.173004866811569,5.26825229363544,6.037429206039042,-1
688,4.783025137607152,4.983666008817623,4.934674684091447,5.316743437047478,4.985400503896562,4.864271061362744,5.187891223702495,5.252268539419385,6.044252597400921,-1
689,4.787261653052448,5.008432888361786,4.947032900557554,5.300054421675427,4.971088930050635,4.8503489164744975,5.1999293652726095,5.230291851820288,6.04121283778871,-1
690,4.790756234084671,5.021822729616531,4.957987995672077,5.278669219899642,4.9625536371775985,4.840914358969273,5.207351971163872,5.208165374299542,6.040549169934469,-1
691,4.790875765543032,5.035638613053533,4.96444665872071,5.262461015032325,4.949536236441025,4.843992530660681,5.215882449712142,5.19209491497992,6.043244365463875,-1
692,4.803707043080732,5.040900352611744,4.971798520003544,5.23570179241926,4.945781641842272,4.86048235800855,5.234373347998194,5.177455213875589,6.044410544201226,-1
693,4.813436722729547,5.040110840433277,4.973560322354068,5.215280220575583,4.950711664623817,4.870702696121352,5.254155986485611,5.163394565007423,6.0403428668453,-1
694,4.838641370948143,5.032133715387567,4.962062376790859,5.210214427572746,4.961679013341946,4.874772726852901,5.265647642048119,5.151286599493856,6.03903608048012,-1
695,4.861864515864357,5.012083146232801,4.965328705473591,5.203719246993565,4.976462711055403,4.883462067683521,5.2797761610840865,5.138075699399863,6.044738226598426,-1
696,4.893988931255107,4.986923725367154,4.981586852946187,5.1944485107802,5.006527311374894,4.904709794116751,5.291263358009463,5.122905725125047,6.046621605017468,-1
697,4.921801766550375,4.969223016929384,5.002864646429093,5.199642535649772,5.028958138712638,4.93081236838614,5.3101372565479945,5.124997777096725,6.0375261189477625,-1
698,4.954988558514741,4.9630938230489114,5.012038781947449,5.207143324507656,5.0422992099538515,4.9545753612273495,5.320775720597231,5.140205470844928,6.051234763240254,-1
699,4.989194732477543,4.958518723295746,5.032837095309568,5.216288550565137,5.063377011454624,4.97178877750271,5.314961836409732,5.153348460141762,6.038018738421399,-1
700,5.022197437530232,4.954839699988276,5.039665647532299,5.23439702153923,5.078803563057885,4.9721890201488055,5.299540136797074,5.1717289370447315,6.051921988885042,-1
701,5.0596510919402435,4.951932544809981,5.05401259147377,5.240843035345735,5.091941061061776,4.976638105328323,5.274761196395668,5.192606362631787,6.046245973900682,-1
702,5.0801704566605395,4.946788188572839,5.068907974696064,5.240487467737455,5.094768885177894,4.982548821116531,5.253376312766418,5.207316546721913,6.041637311958153,-1
703,5.102119627138425,4.942675312237343,5.072643082205954,5.22562337776085,5.091424563579129,4.986016488010009,5.236763464721039,5.218882126898077,6.038275033426972,-1
704,5.110423614411086,4.952274223488276,5.069368879753025,5.210049265457961,5.081376853415013,4.979910280323042,5.227978354755691,5.238082871184039,6.041025599077948,-1
705,5.116763187648468,4.962119574699545,5.059115873235209,5.186385083486951,5.078782661967485,4.97822727398123,5.215233042049611,5.2563958511016615,6.043942486652943,-1
706,5.116889943634643,4.9548060621681,5.0534979608271815,5.1619540969664035,5.094358693646699,4.9902680931425145,5.20753157446717,5.258122083299551,6.0369383992911025,-1
707,5.110275500574201,4.941524554266953,5.050353225669005,5.131288478477067,5.1008931995604,5.001815473011434,5.20588247392447,5.253692813115814,6.0398749742307425,-1
708,5.099263491476231,4.934789861434605,5.049976436371187,5.092383100805916,5.109618517336034,5.016007521395124,5.2034201018290975,5.247106614882537,6.0426093797304,-1
709,5.080734941370089,4.9326078090885686,5.04989210990337,5.059121638714561,5.12519658242275,5.029133362070533,5.2070191387976035,5.231077323397255,6.047615584196891,-1
710,5.061083716337561,4.933718322470959,5.058818334849103,5.0304027311869675,5.149844463016755,5.041313159989007,5.213880599306438,5.213456583018375,6.039564939393921,-1
711,5.038382436270326,4.943445299938067,5.075848993488756,5.019649437381181,5.193735021427592,5.054679149367145,5.219512629536767,5.202315520583017,6.033234747369229,-1
712,5.013746750749692,4.945445741415751,5.088694939685807,5.017030923481418,5.2337183416102455,5.0701326990272975,5.224804735508114,5.186048715656036,6.040244525556799,-1
713,4.9972037043149165,4.946779365498155,5.098389976047142,5.017714006011305,5.259086489540644,5.07838416325435,5.229461191817146,5.163621543861618,6.039159970458327,-1
714,4.986970124075374,4.961419080446328,5.113954909147285,5.024069045798408,5.269723108541689,5.068867290563249,5.2334346761709645,5.146143658960265,6.049684159757321,-1
715,4.977004454467603,4.96596444162103,5.129525512320578,5.034488415665897,5.279861737222312,5.058345331363891,5.244380288774886,5.131210606638238,6.039592573456827,-1
716,4.9743172222931005,4.975034936565179,5.158271822459467,5.0492939579337985,5.290506881626145,5.054685115951449,5.250516191640413,5.120840889567014,6.0366203010916,-1
717,4.971110361382432,4.980971535588364,5.181625945120276,5.06975951321111,5.285039394193281,5.0520674912386845,5.25371269619735,5.114678464162724,6.0508549180195565,-1
718,4.9676911791642455,4.9880886855337945,5.200148927663972,5.085821709373273,5.2773357711154,5.054097117999282,5.250042582564814,5.117991102698066,6.048345626195601,-1
719,4.961543500798382,4.99716900471055,5.213158207036387,5.096522599315375,5.262132788136171,5.0582720527423,5.244129612428011,5.1253349906046015,6.046724714807798,-1
720,4.960838999479375,5.007432505794411,5.229207102847976,5.1045611190685225,5.250356364322933,5.057818184010015,5.235394890076464,5.138808294956494,6.043070813597852,-1
721,4.947973320126193,5.013813475901491,5.240848767155623,5.129259233506385,5.255618821543688,5.062291394879845,5.227041508131727,5.158044535089645,6.040708479410493,-1
722,4.940965767536809,5.01128570400504,5.249887812633868,5.149014174287355,5.255129017391056,5.072479365021722,5.215147004533925,5.174166586902846,6.0398706838092275,-1
723,4.9388982535646715,5.014859448910742,5.261358042027384,5.169895538682093,5.258838896522841,5.082424817625857,5.210128636310732,5.187210813427778,6.044515750964525,-1
724,4.933805558010253,5.005245412593104,5.274240611579352,5.189671752949502,5.250979763639577,5.080116838366178,5.221018104657286,5.198478245769881,6.047796505200219,-1
725,4.926004200327492,4.9958827814583,5.295376949103871,5.197700684405921,5.247989239064985,5.072546681337954,5.223308741005173,5.203837729268925,6.042627339732762,-1
726,4.924968290885902,4.988685714254498,5.313812730250521,5.210565212366747,5.2388359219229494,5.057148525248342,5.225789769355426,5.197810518822525,6.048541979044289,-1
727,4.928316781819829,4.983998893518294,5.340284000244667,5.217763334487877,5.224978828438878,5.042311700597165,5.2232175686603375,5.18623574206554,6.04763621113971,-1
728,4.925535349437892,4.974003850167717,5.351263264765617,5.21888966771124,5.216115633871167,5.0311070367189705,5.222043539477659,5.16095641539813,6.039887910690953,-1
729,4.923910964311573,4.96772548531699,5.363259651425354,5.211711753876091,5.187292653857599,5.013996136703883,5.216793419028608,5.129125650144844,6.042075510548694,-1
730,4.918181479860422,4.960497371754063,5.374260043721583,5.2037209563316225,5.17139252232492,5.000520040674994,5.210893722153699,5.090972466510397,6.0469889782938875,-1
731,4.911153720979763,4.961023122714602,5.378652086685008,5.18831415635525,5.157623322954105,4.988852259311752,5.19435777318457,5.060633160490678,6.042774943784412,-1
732,4.905403528600166,4.9638088957152915,5.37556102446837,5.172679747432598,5.156997256988918,4.990147603520214,5.167714706908454,5.035059289269429,6.051739032494326,-1
733,4.904949977688255,4.967142370299693,5.367804462168926,5.166601990663225,5.158497074657762,5.000909024894946,5.147886688878793,5.019057167613277,6.046537987132004,-1
734,4.896164506114354,4.987243296654891,5.357154261296179,5.154435508894458,5.158554137834927,5.025180343912589,5.1305308333343955,5.016108139272047,6.041732930386693,-1
735,4.8917974759069125,5.005487067777343,5.329428932980646,5.152259455818317,5.157536458605059,5.040643130591067,5.107210380136942,5.021456977738986,6.045030046872682,-1
736,4.902047311527024,5.0187681047930734,5.3206737363671746,5.1479575770413195,5.149351573747459,5.058901464092502,5.0802628570277815,5.030230381444302,6.042921701902399,-1
737,4.912574719528953,5.032327649446384,5.326097870752723,5.137281040855969,5.145786947520554,5.082209901426793,5.05703421032283,5.041540834408312,6.048839950870295,-1
738,4.929535840668997,5.048185500940488,5.33275778235359,5.124416164387985,5.138346099537568,5.098628019331369,5.0389715114032265,5.068718588217131,6.0469613953728985,-1
739,4.942852397668157,5.050853221970571,5.343605589279296,5.116987301131054,5.128457563695554,5.109858104396859,5.012204375527887,5.09471892748276,6.042098268448142,-1
740,4.949290092160874,5.059919505605503,5.348197156186948,5.114693063395702,5.122218079091563,5.12034446571916,4.992557594369291,5.111823003180291,6.042321239925069,-1
741,4.960268350346454,5.063800224410446,5.348570184035172,5.105045497340298,5.1158347365743095,5.120838423289372,4.970163986796114,5.126248800797491,6.0407278373151,-1
742,4.973516979468718,5.04944330008192,5.35411860792364,5.096248326640281,5.112175602275853,5.117924297808557,4.955948548132262,5.128397332726817,6.045225000511475,-1
743,4.973651330637958,5.034946685661594,5.372426298871231,5.086383870660634,5.115276485995735,5.112811759396881,4.951555674977044,5.129873252168379,6.044238342291503,-1
744,4.96516609840418,5.028909187108606,5.384973448440773,5.087545204201814,5.1190540419489565,5.113997094221143,4.943431433413501,5.132766921687949,6.046870187457398,-1
745,4.97014233895026,5.016529696909276,5.384579756940818,5.08553944286582,5.127333299458044,5.102043418624099,4.938223804691693,5.1352497628766995,6.045991508282933,-1
746,4.960513023371646,5.009333158881177,5.379444856710466,5.086815560389669,5.13067147403904,5.093208322107413,4.933574935295368,5.134936496500958,6.039875989451832,-1
747,4.961807645951425,5.00523530165372,5.366832314069783,5.081933076512732,5.127452026571812,5.091313414836444,4.9405799658127805,5.1349693661528555,6.048226457402575,-1
748,4.970071446560196,5.003450390631944,5.365820192313676,5.076131648964776,5.116294294310475,5.084126889705618,4.944349596249364,5.142057742564622,6.044721148108445,-1
749,4.972204642055981,5.0034074835292275,5.368109959989526,5.071430461852474,5.10370940526957,5.081613815309065,4.953867477932399,5.153477645602173,6.045886621567346,-1
750,4.973288303995372,5.0026189269910475,5.368210724015546,5.077771409758523,5.0954516694678835,5.072239865279707,4.9618964891525055,5.1769486654108094,6.048453123118617,-1
751,4.98039409271355,5.001669854213139,5.35811382246261,5.0831393375884595,5.087033784944522,5.0733377449664525,4.9671116369648605,5.197806613898247,6.0435893942029395,-1
752,4.991367411711304,5.0055830485342065,5.350251460704696,5.077986686590772,5.076540291648497,5.062260417138262,4.97288214772515,5.212018996678248,6.049733384743986,-1
753,4.995939299666765,5.01489020194625,5.339297505303051,5.078378394928714,5.071093579678617,5.056430866786389,4.97678642745285,5.227839145840349,6.042397714667582,-1
754,5.010218435554954,5.032071444494673,5.328608142835303,5.076306671788365,5.06894599468746,5.05573838218397,4.979930326061389,5.241202012787685,6.05230302622311,-1
755,5.011426673605032,5.045681068767864,5.32261763784794,5.07654582345582,5.068613931047809,5.045450998388546,4.988530512861293,5.255466804579559,6.047789976359429,-1
756,5.00931909479423,5.05619768633743,5.313552648232029,5.074162138552713,5.067145439831816,5.036316605685415,4.9925099403417565,5.267281380963377,6.034651744613265,-1
757,5.016899625027579,5.063431233014494,5.302488851750472,5.0703071467193475,5.072278604138336,5.023678675707067,4.99901231471043,5.272019177679668,6.0458765225030175,-1
758,5.031438194141731,5.070438694722383,5.295792593957859,5.058561230365639,5.071982840035407,5.00531003632026,4.999916227884199,5.270935849955118,6.04983244186536,-1
759,5.049396615114797,5.077633448425337,5.299076001046676,5.042927235189582,5.074193102121738,4.981542095704256,5.004625413394207,5.2633022565777425,6.043681334992761,-1
760,5.0603022590880125,5.073932318777673,5.292741688222838,5.028788198586385,5.080925276509269,4.967841070911725,5.007175916438464,5.262583446865159,6.051611928578457,-1
761,5.069869888216088,5.074137649073857,5.292609196931814,5.021183070376427,5.076714753658617,4.955772090065237,5.002098326112156,5.25859239011861,6.047332457198342,-1
762,5.073931654363814,5.067928262000611,5.299834438800797,5.021574472937326,5.078767656230328,4.933503931814642,4.996317587231548,5.253167279324537,6.044651141588589,-1
763,5.081991383732442,5.061845150204643,5.300603802535362,5.0273955191253235,5.084972517201825,4.920125956058403,4.9803510081248605,5.250146274313626,6.0395483072081735,-1
764,5.085733677773766,5.052871030416759,5.300519962366166,5.035808315654985,5.09472726472471,4.907435959273115,4.968625233668042,5.250362956573709,6.046249184479785,-1
765,5.076100061015229,5.053654802388056,5.296374821158821,5.045861210490827,5.097224243854492,4.900760809565572,4.962855707067953,5.2606432771776825,6.0434650465630995,-1
766,5.0593595788263865,5.050191600344584,5.291538610196608,5.0533548442216505,5.106692292033968,4.899445889926201,4.96322913801886,5.271914129250918,6.040348117368255,-1
767,5.0460144178032404,5.048765978519494,5.28136700703389,5.06753773685598,5.112088439615668,4.897727251441666,4.969393419166236,5.293356271230208,6.043019763150918,-1
768,5.031594981848211,5.052506608899148,5.27402906633705,5.088498742888796,5.128963045853245,4.884999764084334,4.99090183274129,5.311163668877624,6.051308677698298,-1
769,5.013397848144115,5.045357981000942,5.267230204038517,5.095486978923557,5.1518812318867875,4.881997811388794,5.024727311325304,5.325260580822447,6.0429545454547355,-1
770,5.0006486892856605,5.025213094418573,5.255842368261862,5.09559648517464,5.173250334384411,4.886635766181032,5.066485371740233,5.323167642937774,6.046552748016786,-1
771,4.992115045019852,5.015546480063247,5.247641477803467,5.093163710962298,5.195251934266873,4.887692493307021,5.109936489154951,5.316570810618771,6.045556398477794,-1
772,4.9965784290308,4.998916040823094,5.231530972628343,5.098356003666969,5.210871261626343,4.895514411157577,5.144704388571211,5.296841781954664,6.044862208053227,-1
773,5.015148241748278,4.983364444141649,5.219950761358893,5.106241464648813,5.232655606046814,4.8975914670692235,5.166662102598105,5.262611660592614,6.047397033722766,-1
774,5.043242353171933,4.9812142773661705,5.196453809503207,5.125115039852544,5.251128916423956,4.901818325545422,5.182051009938283,5.228535995437296,6.050902325320134,-1
775,5.069097052878156,4.982145223652423,5.178222890525263,5.137263609701597,5.257469471268878,4.911861532538894,5.190018421222367,5.193036149738831,6.048806057068386,-1
776,5.098616183042986,4.971754380191131,5.164231833870742,5.147150350157884,5.24615819776085,4.930975579690328,5.188404845073936,5.167450229157602,6.050046388361172,-1
777,5.130959447511635,4.961889037720625,5.155907485696821,5.1596586708031085,5.236257836100786,4.943597637762075,5.182598190819201,5.141318599497545,6.042519549189348,-1
778,5.158890793422042,4.956871846005994,5.1495184474264075,5.174964244441117,5.230386792117014,4.955129626281231,5.167561366040672,5.134746713800831,6.051033624912955,-1
779,5.178161050692697,4.951295774078341,5.1421228245967265,5.186228938975783,5.226820660655793,4.967883115174181,5.156456449283625,5.1264104066783664,6.045541669221891,-1
780,5.192675297752809,4.951253696779914,5.145178534348871,5.192528978943152,5.226976944838935,4.97274875130079,5.157309291278678,5.1210164089174395,6.056092909430355,-1
781,5.1992989699788685,4.943743519263974,5.150539773990702,5.197594042480313,5.22028402869248,4.974498917538265,5.161665411728559,5.121066117579042,6.05127238230338,-1
782,5.20617923763122,4.926657386883448,5.167082071783684,5.188557000750332,5.208896011364663,4.9690341208471,5.173035185815788,5.119888671913554,6.041929097836871,-1
783,5.205990389206357,4.897448779131891,5.1784818098213785,5.178550132316529,5.205079258202601,4.956161983210557,5.188598702636739,5.116010542239855,6.050502547140409,-1
784,5.207059101126794,4.885181959131886,5.191390845413962,5.163330111392851,5.209735424154441,4.9456514029764564,5.210895577712738,5.102721783071871,6.05555131786762,-1
785,5.21030659958525,4.875543952659716,5.193222326493928,5.143711928651299,5.211861667647922,4.944264251527214,5.227308765410164,5.096572693882935,6.054972043928365,-1
786,5.203866111739303,4.875038705999812,5.191416010681201,5.124273331153711,5.2038098798556085,4.942150716753872,5.247649110364179,5.090261748765158,6.045941391855017,-1
787,5.210255352838886,4.878744845749364,5.195149956371349,5.098572288841719,5.1977071580365575,4.936114582190984,5.26539653008609,5.082799944231717,6.0449696126291235,-1
788,5.211925029476419,4.88983918553363,5.184407646170543,5.068974079979819,5.198774470179875,4.929249368659805,5.2797421286582145,5.083420972190178,6.040813684366247,-1
789,5.212538611285071,4.8944880873613945,5.175448732829705,5.035419574437614,5.207143115099168,4.918156913177896,5.293806053252924,5.09104613809861,6.04063090402539,-1
790,5.20738338101035,4.907908313720533,5.166557887281364,5.018306636978918,5.21529406377689,4.911623240295295,5.3010316075925425,5.104364108923215,6.056955871988326,-1
791,5.202383224588327,4.925296815764624,5.161705514333499,5.006343816143481,5.216771394354765,4.90760828222296,5.3035379382139105,5.110732945899442,6.051316508286301,-1
792,5.194340513115137,4.924373627464756,5.154025416595867,5.003501121096567,5.211477689747669,4.89935815272857,5.2937102871230515,5.113702960951705,6.045653817822804,-1
793,5.192511495427214,4.9263436962846825,5.157058143348055,5.006109348741943,5.205538315422503,4.8833302852697145,5.2840740262926005,5.111181428946032,6.042506124908711,-1
794,5.194262324683463,4.924891730892769,5.156118264401517,5.009486858419153,5.20197047142346,4.872722697322214,5.267529867012738,5.108781215998642,6.046552784294234,-1
795,5.188357116207387,4.910389597670045,5.151983512650169,5.026501021980705,5.186086541654119,4.870449706205796,5.248583478358906,5.1162014673611225,6.056244030599812,-1
796,5.186429572355528,4.888648932154646,5.15593941948515,5.046571882191319,5.16478065231421,4.867102496407774,5.230166757031091,5.116924829576005,6.049178398105157,-1
797,5.193138099300694,4.873475718325747,5.1564801304028025,5.066151875175797,5.135002137500328,4.876327871276224,5.211137352982631,5.1186188058380075,6.049671459768764,-1
798,5.202427388664253,4.852887902097991,5.150181860590838,5.074287671094415,5.113083489959379,4.892717146230509,5.1952821276870615,5.121241283695181,6.046646465298629,-1
799,5.213638302308465,4.840508394392542,5.144315038336652,5.0805967274792545,5.09855191357591,4.910510103324411,5.171212766214947,5.128112329932716,6.044857837960416,-1
800,5.22854255876209,4.841049705166418,5.133431188061476,5.083210948595494,5.088185868506871,4.928256450349916,5.147571893037884,5.1337542826546985,6.051823374037516,-1
801,5.227497103349776,4.844101163354263,5.115606228400094,5.084200350352048,5.082345802707226,4.939438337414712,5.133738747440979,5.143864721024451,6.048292961041295,-1
802,5.230052067782998,4.848522979292344,5.097245939096685,5.080994300835157,5.073925186169052,4.949854570559108,5.12913175209105,5.154926219701285,6.047074666247691,-1
803,5.235220122069536,4.8525269676192595,5.066438548092966,5.067302059545153,5.069447890836804,4.9525211522337,5.128851583798604,5.165683400771682,6.050160143314613,-1
804,5.235015879626692,4.868478780223549,5.043227638791645,5.059911755036532,5.068701201981917,4.949715613095467,5.127740960735038,5.180181503298023,6.048869666006045,-1
805,5.230781401356747,4.88356724756825,5.025502815082047,5.0573396104526545,5.079975284625342,4.943402430211255,5.129036853060859,5.176252202797316,6.0458633618700794,-1
806,5.216949595917751,4.903106432305041,5.017706382070534,5.052353346535327,5.086974178451639,4.933847568279942,5.122981429897941,5.171325665564067,6.047790595937105,-1
807,5.199168651223564,4.919624636846982,5.011753726847611,5.048216407258161,5.095516507883687,4.920950966655135,5.117029188696856,5.169173113352339,6.0511164457248325,-1
808,5.18066945235779,4.930040248829911,5.002000024855735,5.0358074310540735,5.103171637931988,4.907017082539339,5.125832143791892,5.171656038791117,6.050200276807516,-1
809,5.1718023590164695,4.929595294664064,4.9976918767229055,5.02108420947053,5.112244014659712,4.89876963843084,5.127941739820327,5.17862448251994,6.048270999689762,-1
810,5.162083384813745,4.923850595790119,4.995764504872006,5.007460559224207,5.136223653214314,4.89252683196181,5.138560347077664,5.180465316812672,6.050849395033441,-1
811,5.150750067604481,4.925965637023808,5.005509044043464,5.001985713881606,5.163484572887077,4.886745693646839,5.146163353500404,5.1747529717231115,6.048362086629668,-1
812,5.147355203033124,4.921490219973478,5.013005404323511,4.995117792546084,5.192762630180062,4.891070653896005,5.151535868237957,5.169706729153873,6.053217282577994,-1
813,5.144511926288304,4.921692538092587,5.013476142050429,4.97785578036708,5.1917363782134585,4.9003811039124425,5.146413213914821,5.177045423710282,6.03859059882307,-1
814,5.146506258060999,4.920925153538219,5.006769094578916,4.959975426355193,5.18856331088431,4.910721452276066,5.138976754328542,5.178228969884602,6.048154619573754,-1
815,5.15188979971724,4.916362184121224,4.98763487876797,4.94636724216922,5.1831426681894275,4.921983230935851,5.148922394824376,5.174823020283169,6.057384628027542,-1
816,5.163370028980928,4.916535181928865,4.975143000574423,4.9393890837950485,5.184657452338168,4.938857724126094,5.152399462027589,5.163633393843089,6.041474824687723,-1
817,5.166516452807191,4.916980650231928,4.967935343238181,4.930767646520688,5.181557369819696,4.947917282251891,5.157685542805175,5.137378622672256,6.0450355220212435,-1
818,5.159825061289775,4.9206142233810715,4.965916630150984,4.925009577055424,5.1676902601470625,4.958391252494853,5.16039920636552,5.1128721404580455,6.038627360244773,-1
819,5.1634428878547025,4.920010522567789,4.967565254671644,4.917281457764739,5.1676589738848255,4.968771049094366,5.1555389159912055,5.085949883761172,6.048598976631958,-1
820,5.165913911872303,4.92000359248626,4.9782905155104755,4.909562118400616,5.159422719308349,4.980511488898264,5.150911883074546,5.054515975836459,6.049213527620086,-1
821,5.167250356648937,4.920796157793516,4.991452957002451,4.914079918330297,5.178569207299728,4.989422078414362,5.152666739737019,5.021303122966353,6.044288479871439,-1
822,5.172345312027341,4.918444057479365,5.002427751031227,4.927621318176808,5.198622810539005,4.994084474956978,5.155328309959548,4.991585003706474,6.047737861508157,-1
823,5.175794627862354,4.915471887189316,5.025944795231349,4.939263986412398,5.215467046115766,5.000304238723086,5.150622272483829,4.9597609165148615,6.052369326237222,-1
824,5.169453060584099,4.908049416683663,5.047968464533949,4.9555483707481605,5.216729104073062,4.996008888110806,5.144142757358441,4.939874427811915,6.049224696957154,-1
825,5.165954924892987,4.902332817650931,5.0620589964594425,4.9710512108900815,5.226056382399118,5.010631900524294,5.135474471069959,4.9343444893471355,6.048897821773939,-1
826,5.171252909288711,4.892710906923701,5.067470930695263,4.988122848572561,5.241748326879174,5.0202902290454565,5.124183651734895,4.930494027820743,6.0521433481627245,-1
827,5.164688317638236,4.891307900270389,5.068356801261567,5.011525785874784,5.229741797691777,5.029580254430616,5.112227690993129,4.9374424029286805,6.050793019343521,-1
828,5.158417056481382,4.888393920779169,5.060896776988872,5.034023604694445,5.217449144204654,5.044308875818876,5.103463071184077,4.944885235788568,6.049804412742707,-1
829,5.150787653902979,4.885587259506279,5.046190796483675,5.048929979581701,5.204017181485863,5.057522814372607,5.088637081092941,4.950802758551006,6.04199026958038,-1
830,5.141411811429371,4.874904193498788,5.038592123786424,5.055451298117536,5.182741609951228,5.072198930609383,5.085002331404084,4.9545614433755265,6.051934803531395,-1
831,5.136908594614812,4.862701182628939,5.033087860660194,5.05905662290584,5.1606319499597735,5.09719702932853,5.080509967586502,4.963916618999986,6.046888969027075,-1
832,5.137689220689338,4.855997252549699,5.029366667034682,5.062687985912033,5.147984354438822,5.120345802419633,5.082687472313472,4.9680303678839906,6.04445633881319,-1
833,5.135037687871114,4.8615130376708535,5.023019802902965,5.067371667565009,5.124360710052697,5.130597725452783,5.085968505725461,4.966901430593897,6.048342444700336,-1
834,5.142673490104272,4.871587348451171,5.030694270464062,5.066166685378178,5.102295135007916,5.134016640494753,5.083549870799732,4.957187686692147,6.056263890229918,-1
835,5.151188837168132,4.880670838004122,5.036068257101802,5.0571669837737545,5.091744454005113,5.1420661610927425,5.0910269268877135,4.937996397352553,6.043821702748156,-1
836,5.162660470004331,4.890949081252339,5.038327156965992,5.044129435963427,5.080507397584441,5.139300284525319,5.097617703976122,4.921167879441042,6.047575258021686,-1
837,5.172402208801537,4.902515412752921,5.041028692556948,5.032494725418583,5.065820890087354,5.146548806981782,5.116856297852298,4.902768132346808,6.056716825198675,-1
838,5.169409491711922,4.923380812447199,5.032343783352802,5.028922358175875,5.056421017156191,5.148046423533111,5.133891281414398,4.879891486673296,6.044867869633723,-1
839,5.164494875023821,4.959906669744517,5.015679210369861,5.027726184023513,5.0552581410501,5.138962755064634,5.149317549532457,4.855447798944174,6.054274189392617,-1
840,5.149504303516091,4.992289536808327,5.004204435441005,5.023548098857829,5.049898782336518,5.1369311941909,5.161121741459657,4.838795361696515,6.056153793784494,-1
841,5.147378242698979,5.011383898065754,4.996127772254119,5.023289452223614,5.051294742594974,5.141285606419835,5.17622000341645,4.81836037442817,6.0451420423654625,-1
842,5.143080670677252,5.027232648411323,4.985119270813863,5.022671054886069,5.03653946161719,5.157066670563031,5.197671120916313,4.809702459183564,6.0505598445722475,-1
843,5.139508724034256,5.03661625383018,4.972465805048237,5.023552214381534,5.019132804036949,5.1667478589422595,5.217849407116163,4.807207600341664,6.047132714736431,-1
844,5.1297495063213185,5.0480996248374845,4.95594880709703,5.021806730791437,5.012583316676716,5.174227833458979,5.235823982291669,4.802153235966055,6.042320281145984,-1
845,5.115416085018009,5.053804800546193,4.945789273345258,5.021442922512853,5.007353600065042,5.173959736815941,5.248839234818045,4.803207099525972,6.051510945648093,-1
846,5.120070119525019,5.049718439931177,4.935494148059458,5.004603956622217,5.006077473454903,5.173773651367568,5.257238430206755,4.8053339838632585,6.042841615526679,-1
847,5.112240969181431,5.028972608319005,4.9349091204199445,4.993314432824422,5.0066473761917925,5.176145661496929,5.261008022964657,4.814371926703922,6.04793338553081,-1
848,5.114261494950428,5.015363646581917,4.930674489953574,4.98306967704727,5.018073197994866,5.176960133983933,5.263663673603094,4.821851404604062,6.04717146490504,-1
849,5.114165762440165,5.011838462552826,4.931788154858806,4.9712367382691065,5.031321842886433,5.182467956642227,5.259507982154915,4.836574199988404,6.056536817798635,-1
850,5.118177317569691,5.001062746465382,4.9288303489534515,4.957935439315829,5.058678568071321,5.182525518451564,5.251205947433953,4.840202532674196,6.035029687943094,-1
851,5.122814785873175,4.9882956751397005,4.928484660519871,4.940190988040023,5.093391586944984,5.18798220038643,5.245870386732751,4.842359187802721,6.035666449399146,-1
852,5.121907917100983,4.974733460877361,4.940823832622588,4.917403302110415,5.119250117872771,5.187848461104738,5.239045364612849,4.8509450624606,6.047915261378564,-1
853,5.124852493138045,4.961704706447005,4.9474295485612485,4.902483892307071,5.144465969794275,5.1867913379840065,5.223320680973718,4.861178727704871,6.050993097989672,-1
854,5.128138766921719,4.955583700925348,4.965776289900597,4.900705664812844,5.161302936011107,5.189221407513122,5.209772554435436,4.872463746979966,6.045076428085653,-1
855,5.131973866678407,4.950793804196125,4.976152424870394,4.8979327922547835,5.168481288040763,5.188114216380248,5.1975637573991955,4.876726135821842,6.049389031472334,-1
856,5.135979358594194,4.943858739279593,4.988084079617251,4.900398815263447,5.1625502249300235,5.189197333520001,5.186937257037286,4.884526100566244,6.049131963660915,-1
857,5.131505673665957,4.923558644112116,4.994220317147568,4.910200076778559,5.144203464285372,5.1831636408338975,5.1810583361880225,4.897833987838168,6.05319654880234,-1
858,5.122152380229355,4.915062627816726,5.001726483554494,4.92226508800476,5.119319550365133,5.171874434466526,5.1699011518425095,4.916802834487312,6.047432285752142,-1
859,5.11672415603493,4.9187536502827065,5.007648924399444,4.934038406848511,5.091306373182514,5.158213037899985,5.153458600589172,4.933032536601978,6.047371290779429,-1
860,5.117895508144783,4.917828775358979,5.000314207585786,4.959024470244589,5.0652261243121846,5.1545989544340065,5.134186039932714,4.949483771022123,6.0442765946901575,-1
861,5.123976359006947,4.919930449096079,4.9995989209600005,4.968054567029337,5.039219921537689,5.155942647231808,5.12897400875196,4.963527589533975,6.0497806219831745,-1
862,5.118519538316534,4.9290236428581915,4.995489975856974,4.97802267787686,5.023248380726681,5.164560380239858,5.113895181532559,4.978027233119977,6.0451537635006725,-1
863,5.1237882354303785,4.939145372597541,4.996328967487636,4.988044235294172,5.010422568375864,5.175473797587147,5.1086287528912,4.997489337824032,6.045921636586294,-1
864,5.126812865508106,4.9542751137508505,4.990706902018229,4.986787974141066,4.998348242571516,5.177287704326365,5.114324557801979,5.014669356956722,6.053594266085386,-1
865,5.140945681516795,4.979620054396014,4.979246135309924,4.983280039855585,4.997418929908993,5.173444102237898,5.127847818394534,5.021849785346321,6.049513229143611,-1
866,5.149714762270798,5.00638063939455,4.972824870803099,4.977206389163775,4.9981695756616995,5.172860197217382,5.143546878013393,5.026896394615987,6.045659961945584,-1
867,5.146041277058332,5.02933649056931,4.969898240871375,4.966705390247856,4.994199512874489,5.168974885955025,5.162813680737335,5.038651209484268,6.050881821495058,-1
868,5.137294941658412,5.04882929610001,4.973013479404545,4.9559839072190295,4.988651735276976,5.169484977439826,5.183383154459151,5.054261796136433,6.048545693587812,-1
869,5.126030017199106,5.067909797315728,4.970595937286849,4.962689311428308,4.9830618286183,5.157737833787393,5.1958392502066815,5.064811931890813,6.053506918313515,-1
870,5.12017542589722,5.089477175738878,4.9763921895554875,4.967485725124805,4.969104221341822,5.136088729525386,5.212169252706342,5.0775597046623835,6.041135992070365,-1
871,5.125662750097124,5.10089023024634,4.9766319617063814,4.963409631010677,4.9603127184119495,5.114317398859469,5.2251073179555965,5.089607967850585,6.053764636704193,-1
872,5.136610138660115,5.109931479520588,4.980182927144895,4.961256744965656,4.9575321012343405,5.098350368542915,5.217101318547481,5.090155770742281,6.048125735119465,-1
873,5.138047900934076,5.109818999554037,4.996217446509962,4.9480816033186255,4.955446870209559,5.0849942725234385,5.203796242008449,5.091523722158507,6.056339622035916,-1
874,5.142522918002995,5.099630191124781,5.001114731080563,4.948719701974595,4.942328294508247,5.075365933073747,5.189544376585969,5.091997147726589,6.054643032228833,-1
875,5.1497243121952945,5.092293039324956,5.009218500240536,4.9611620153818405,4.935052892598444,5.069802265141978,5.170701860072626,5.092362424443284,6.04966596868389,-1
876,5.169511496872456,5.091413319574557,5.01746936183587,4.9666897089985085,4.932382828983517,5.062367410723653,5.14013626401683,5.085447107448733,6.04561629621654,-1
877,5.172786724192558,5.089544077258361,5.025376887418372,4.95790800886843,4.922214836517666,5.061963975669134,5.109962100074034,5.090827118037311,6.043587004940862,-1
878,5.1755896515476865,5.0853055415758535,5.026125097414788,4.94724416159579,4.918717975691626,5.0726554675488025,5.095399004479882,5.086393843689305,6.047792376132178,-1
879,5.179490162528638,5.093547488051884,5.0393525974189375,4.938444307723607,4.91005679691672,5.083828713923047,5.076925130395797,5.077768760623127,6.05325562394568,-1
880,5.181828650063447,5.110664659408856,5.048229472317363,4.936203189933121,4.898023115599897,5.097054160256135,5.057054305594899,5.07602224098617,6.053218491083092,-1
881,5.191057223032802,5.129008984755061,5.056793688192992,4.937786323270887,4.889306166695883,5.104296934450547,5.032849041161942,5.065043380304061,6.044156146196047,-1
882,5.188783755445743,5.147518862777528,5.076660328643152,4.923047913925613,4.891429306287018,5.10526394695046,5.0080934876844365,5.067636963523563,6.0495650013541615,-1
883,5.199159141039201,5.15209688865354,5.0943748961222965,4.9031453210752405,4.893176283005461,5.109856482394125,4.9936906803750585,5.066332779344301,6.048865676315292,-1
884,5.194150830268264,5.169260052547558,5.107199536131458,4.882857657526134,4.888014072453874,5.108654497264319,4.992366743534892,5.074956113056209,6.049061042605921,-1
885,5.198799479345573,5.181935807647145,5.119848809903361,4.870273357813919,4.878458676734516,5.112936720753381,4.994583035060321,5.069427420060705,6.044099611768173,-1
886,5.2139915367271445,5.183648045482543,5.134263688993355,4.858055883094687,4.861138174195956,5.11324231510422,4.990868343354494,5.074597729321554,6.043202012631542,-1
887,5.221455987453455,5.184544713420073,5.1470967952812545,4.860379653364689,4.849900717550464,5.114541075150426,4.994066755076175,5.084011577224965,6.048089061204816,-1
888,5.215718498099407,5.1695699714707,5.164972008694352,4.856251466613181,4.833274236966537,5.107190353029776,5.009442069335449,5.0950483161189375,6.045625171467147,-1
889,5.205567495627606,5.164764390554058,5.176737999310486,4.854927923280542,4.81083582074726,5.105828288837712,5.028962612084108,5.116791541403065,6.048150222688012,-1
890,5.206943361364782,5.169427424263814,5.183579153378254,4.848262877677012,4.790285183592619,5.112722984627262,5.0460581218881995,5.131678377898862,6.04707465661966,-1
891,5.1973893713463974,5.179064088947108,5.194333592751597,4.849481271705425,4.767022490914939,5.109622686463702,5.060175266882264,5.139210812909108,6.04775789230333,-1
892,5.193607861455914,5.181328412264487,5.204574189001885,4.854181672733936,4.749525042201954,5.107310660622127,5.072746402784838,5.133139134234527,6.041970811135243,-1
893,5.193129009709358,5.184858571723556,5.210807647689829,4.8545227796047,4.740953020090351,5.097849259120474,5.075356442799414,5.133050852527115,6.040959407286654,-1
894,5.188563273518851,5.1848848176611435,5.217005410235339,4.853295370755139,4.742312226497919,5.087936674010337,5.078965339936906,5.131015075500866,6.0476669962480205,-1
895,5.1882344847885395,5.186344157878581,5.212865462531493,4.839387711414398,4.738951026164964,5.086414945427848,5.088398676263369,5.131633151319793,6.041621699365427,-1
896,5.196962265800729,5.193309947091166,5.208922365162298,4.8298763052309805,4.745170295466793,5.080185531312918,5.094013672929219,5.133780624255635,6.04970643139341,-1
897,5.208289601464891,5.201367224006502,5.203476479610355,4.819436562480184,4.759884936479371,5.0740435504447685,5.100277839629226,5.132087754211691,6.054660636394398,-1
898,5.214175944338643,5.205190343893646,5.196179289020702,4.825133194777263,4.775671271985236,5.063563625827016,5.119586000388787,5.130476118714492,6.044355180455207,-1
899,5.2245984584058,5.214325923928985,5.19245655154414,4.8202556620416015,4.7958220038848935,5.054798226220821,5.125336387605385,5.135025509098179,6.042431031796295,-1
900,5.233815615477279,5.214267434176075,5.195034812599037,4.81892211594101,4.810015362010117,5.0502946666194894,5.129323134014536,5.144172934302361,6.04769698133459,-1
901,5.241620112939338,5.214536211846339,5.2072262627846495,4.822950854775267,4.8311887271877705,5.049837603951123,5.1493864759377725,5.156040145541207,6.035681998345411,-1
902,5.245146195694701,5.218790415871334,5.213556165547472,4.837323296128985,4.853449368731495,5.057070620457796,5.157488882285488,5.171737931251716,6.040182612665385,-1
903,5.240823375940354,5.2218664307807785,5.218930297863903,4.863779719865875,4.87396114864524,5.0572398737612385,5.156839696489231,5.17716804053945,6.053706496653877,-1
904,5.234132986368853,5.21597523763622,5.226113898915108,4.889340754370896,4.891058601690425,5.071226817665979,5.147728482799454,5.175121190793819,6.049666823702869,-1
905,5.229957666697917,5.206451255528199,5.225280856370599,4.918500379652865,4.902094371996228,5.0856637293147795,5.14304790159542,5.1780208268971535,6.050380182972365,-1
906,5.227155377899063,5.198701748919718,5.225695148946532,4.947780787833107,4.909768660271857,5.099845911775299,5.135917780708404,5.1733329803648935,6.054863304601169,-1
907,5.217771434026332,5.185811312395032,5.216877776181177,4.980444129884647,4.9265158589508795,5.113458506131603,5.1420252923165926,5.168301473545459,6.046612740659078,-1
908,5.208885036080404,5.180153232827862,5.207340920360303,5.011313796159919,4.959656392700125,5.126755376649957,5.157194678074569,5.1707656139283245,6.050741502740225,-1
909,5.1982226013909605,5.173761995398537,5.192507186044907,5.0417443178184405,4.9832121659576405,5.123238536049024,5.166897816923688,5.159391343938452,6.0481404230320095,-1
910,5.180206926642528,5.173641198521644,5.177842787020911,5.0560910369582714,5.002586819251457,5.115053268473171,5.176389848561935,5.137696804876929,6.049452703888657,-1
911,5.156647736922446,5.166915746949609,5.162478436810831,5.0489515386911314,5.028191521594661,5.0993729181913094,5.174331748070508,5.1200864548207985,6.039845557577866,-1
912,5.141676229244076,5.168643258393648,5.141823271927746,5.033175482642238,5.060644537056792,5.088623501763104,5.178267899601736,5.117941705885784,6.054042761100623,-1
913,5.119289496747695,5.162208236081642,5.1294711530559045,5.020827590038996,5.08618735324279,5.073933959952208,5.172749880752196,5.106651496496422,6.053847251991387,-1
914,5.104324783278566,5.154989559735851,5.1244688345409095,5.000900272308155,5.113463836270066,5.0630565289856735,5.167007882292256,5.109395046775744,6.054422841338781,-1
915,5.088990153754444,5.148428089602848,5.111593489704108,4.991606804119476,5.134078216416312,5.050857938217206,5.160036983452083,5.11476806029213,6.053734545835501,-1
916,5.063004243067234,5.12872054844177,5.101693931686725,4.9743030085575155,5.150884722597745,5.038132573576158,5.152610006391863,5.108717117251969,6.05488825237836,-1
917,5.0432524126855585,5.114154726182335,5.093831862104635,4.958654578083194,5.163065984466355,5.039324943596965,5.138913177423991,5.111159826554598,6.0488509139551585,-1
918,5.020848043256906,5.098971581457194,5.092547992371044,4.962540252681868,5.184742657846924,5.032952819278574,5.1316968341741305,5.12551833888957,6.051938872396745,-1
919,5.003487078406059,5.087959173242683,5.093445691186425,4.980185901548122,5.2004164266383635,5.028135640333394,5.140688981290153,5.140172479183561,6.041545292112023,-1
920,4.9784684825746215,5.074170670287014,5.100362610803987,5.00187665910694,5.213483572240019,5.0088753900668515,5.149243986815458,5.141221256092143,6.046907824343273,-1
921,4.95832247894969,5.068673322684831,5.107102783276266,5.01324513191417,5.232062456103058,4.992497955236191,5.164830106079095,5.145915085290979,6.056872142607645,-1
922,4.93724909279672,5.057037849442616,5.102632982856609,5.012921274251055,5.24977680047256,4.976511733169155,5.175076121369858,5.135607946056726,6.043954289933406,-1
923,4.917458326380346,5.046064233656988,5.107866228716796,5.01004590652194,5.268482056846456,4.971677314033695,5.177156432233813,5.128780433006025,6.0388954370610834,-1
924,4.911591400223099,5.03701701864645,5.1116174724539345,5.007815737586926,5.27933767065795,4.969801748682038,5.1800825104142545,5.127237946362303,6.039262651570495,-1
925,4.908642440509274,5.0291983196186125,5.1176013949475125,5.004152500269833,5.288154170456558,4.966983431466763,5.179648552368687,5.130520889931224,6.044497253988081,-1
926,4.914631034643548,5.022011473811223,5.114572114062897,4.983038413019438,5.288703454892041,4.968857350421094,5.172842483612649,5.125856111297669,6.047460174901389,-1
927,4.926705220344651,5.012059285337048,5.118485820831118,4.955676729294101,5.284879708059587,4.966653243113307,5.156513128206396,5.118378398516374,6.054514250839711,-1
928,4.933194355537267,4.997621935150457,5.122891722402606,4.9368058113841435,5.271897066211384,4.966230806014933,5.144644314249887,5.113191246669154,6.048703730435427,-1
929,4.936151154423868,4.9868520210143,5.131124543718064,4.9325643156347105,5.249164867732332,4.964384731666943,5.1234312780461835,5.107589615888664,6.053180338605038,-1
930,4.930215006751656,4.979794180281353,5.141856408667488,4.937384478183133,5.22850945187845,4.951936133532948,5.100294736631243,5.11346080583263,6.043027660722041,-1
931,4.927542959116856,4.9742364642427495,5.145180830617325,4.935667177933615,5.195024983400307,4.925589787134809,5.093752863141333,5.117749071997183,6.050789755848564,-1
932,4.9270170455742655,4.964998271490909,5.149678091955005,4.938782544027647,5.15648778147483,4.896763049642784,5.079825059580725,5.119042284413895,6.052561829924189,-1
933,4.910034118807962,4.955225177462642,5.15354971166529,4.942096070593797,5.128375892530498,4.868384852928011,5.066609902031673,5.120255981156646,6.0573033574789665,-1
934,4.895226217656692,4.934578704126809,5.161913624944468,4.952603535614787,5.108064170800283,4.847856805906485,5.047777261070388,5.117448556094884,6.054784975937963,-1
935,4.866594444424347,4.919743239619204,5.166026504451719,4.962857684113239,5.092557687180161,4.84156738977603,5.033523801768919,5.128202853135356,6.039596804689281,-1
936,4.849375736058372,4.905415437337657,5.162514367338358,4.9827629523958255,5.089948880164246,4.841969595693219,5.026576061113029,5.136500462728391,6.050937249320642,-1
937,4.8409227546126425,4.891952289341961,5.153656380883267,4.995157876285746,5.10512807359877,4.841402913327133,5.022452463762599,5.1417320365747,6.051760093341787,-1
938,4.831492560574357,4.878546536850164,5.142648671620595,5.00680703233298,5.114085298404454,4.850979800917746,5.023619098696719,5.1409396446295705,6.049025820361074,-1
939,4.827038356344372,4.862582341832934,5.1332072325911,5.024802464544282,5.126237273185739,4.869753934317326,5.013342828591416,5.130188210327575,6.040885822511193,-1
940,4.80975976313856,4.859021775237646,5.124328048181347,5.043173012770205,5.146310486738074,4.891366616362631,4.998216580403873,5.1167246481967075,6.059038504596083,-1
941,4.805636152575419,4.851673495500625,5.10981229248166,5.059832197254203,5.162397245925012,4.915398094206406,4.99916905360715,5.100276727177332,6.03778684506884,-1
942,4.799616910753965,4.856768399156964,5.093055619275382,5.079473882012056,5.17187055918224,4.928324727970757,5.01809951827447,5.090291016405275,6.051332204303154,-1
943,4.8032418934274554,4.861464486510089,5.080302573060878,5.106228527033751,5.186237322422813,4.93641643185347,5.0299500195834215,5.069355087295483,6.047022682359845,-1
944,4.80259771660212,4.868185501198235,5.0797022375838905,5.121804322250595,5.181736527591884,4.949397517171711,5.036080138683573,5.050831715804171,6.0518472883176635,-1
945,4.785771582957145,4.870576453101038,5.087070377627732,5.145648914164255,5.170843720424451,4.95950494957055,5.045666217114517,5.04407068917387,6.050470682705052,-1
946,4.786033234554409,4.871088705138598,5.098342070239154,5.17392802243717,5.164265191571428,4.9663233352917935,5.049829750005694,5.041861774442337,6.0445311065683365,-1
947,4.774692032571208,4.873488262395741,5.111306925879969,5.19190005174373,5.163911105446646,4.9719632403603145,5.0550376347587225,5.043286248828616,6.044201368943798,-1
948,4.769845183000049,4.871749001570676,5.121379212584116,5.208384896934939,5.164551772225118,4.981015607263838,5.072122446080013,5.050695750264384,6.05015096997929,-1
949,4.7698045872628905,4.863744224253967,5.138520632157943,5.217228983991035,5.174613117015113,4.988073795497616,5.076101769648116,5.051503607393588,6.03465571367622,-1
950,4.776367767627409,4.854997113266266,5.14969707670668,5.217093244094382,5.172723142644264,4.992376389040622,5.076913150183222,5.056592607152381,6.05892570894457,-1
951,4.780340623573373,4.854779389380872,5.153894274394046,5.211377982976165,5.169931969789237,4.99318582074245,5.079177710926695,5.050629792291177,6.058221351753571,-1
952,4.792723597956325,4.850561597439667,5.155475890073528,5.198395668364896,5.171363616877345,4.993244201704849,5.072769486294423,5.055523989062368,6.0417592731137555,-1
953,4.808392277414399,4.847417533750275,5.153848529486204,5.172193667129161,5.1741348835139505,5.004425433244237,5.0699719939782355,5.047706683934088,6.0446696868936325,-1
954,4.814618282534854,4.8526053558958715,5.144001347067015,5.157885969113312,5.178609090715082,5.017339382313753,5.067036447770668,5.036732760659961,6.047750805928441,-1
955,4.822801517380451,4.863288782834871,5.144627597966343,5.151489940685865,5.176657737591906,5.024439204860561,5.063468036532374,5.036659697321312,6.056951982061823,-1
956,4.836365444412059,4.877580664454994,5.143778368874431,5.149901528487602,5.1650562414700705,5.023864727660617,5.059658795849448,5.034127329597548,6.050509825155539,-1
957,4.843533182763157,4.895705301090959,5.150169249848442,5.148514630301606,5.146310157735566,5.022078335380709,5.058579380942362,5.048581703423241,6.0530975417112245,-1
958,4.841095425521696,4.9005467980718205,5.168603992343887,5.15660741170211,5.139224029268769,5.032110259948634,5.046751962060953,5.064037981392689,6.053029247284689,-1
959,4.844792680300467,4.902263986011472,5.193669081450546,5.165840074724933,5.126795876032748,5.042511539963784,5.027316787375818,5.101416074225943,6.0456384718001175,-1
960,4.844361690797408,4.92132742642119,5.207855300888012,5.183710253500271,5.1193854702129125,5.043136321262703,5.017354200731156,5.131129551546425,6.051799276806336,-1
961,4.8465886270286065,4.935214704302741,5.219520598293634,5.214751349107707,5.115638207882866,5.0431227963049725,5.00639787437553,5.1677660038805415,6.048394150101605,-1
962,4.847266853103162,4.947169600916785,5.22876359864848,5.2328955825791645,5.108775035099029,5.037486680298613,4.99756098193846,5.206176445824002,6.049997726492233,-1
963,4.853937315428711,4.95381019733118,5.2287510524881675,5.239832553454289,5.108332533719526,5.047170118825547,4.994631973192719,5.232279238429193,6.051116583638787,-1
964,4.8539529218546065,4.967035193373399,5.2301979506499725,5.2372121604690145,5.0979396461726365,5.06027978855183,4.987257380583326,5.262398505333405,6.052164124732905,-1
965,4.863422274292648,4.971357117511963,5.220690740062945,5.245934082622672,5.086983082560154,5.078729093326308,4.983374527066003,5.2779557953797065,6.056720614660207,-1
966,4.879077567376844,4.991274519576372,5.208920434730171,5.258434778261385,5.082822484814054,5.096791043655594,4.988573654686011,5.283605225525366,6.052587816260211,-1
967,4.888251799997677,5.006358221790126,5.190266490430205,5.272358529964949,5.079525614051492,5.120462242954813,5.0035525006351405,5.282086994352045,6.05238129741493,-1
968,4.900873175602004,5.002780473457523,5.1769404637534056,5.277281567562264,5.084606243355544,5.148233676323631,5.011862962628766,5.271377719439074,6.049249954558806,-1
969,4.912737879263491,5.001548700988611,5.166188920150517,5.268625564175866,5.0782394026483715,5.177314222042689,5.0202438131176095,5.260338382695261,6.052489210562209,-1
970,4.9253971614732865,4.9998037124361465,5.167405098918955,5.264621746831937,5.0784720802944046,5.205755933852846,5.024412052674714,5.252735601312107,6.0538916551393855,-1
971,4.932898357738209,4.995654588869922,5.172881599295985,5.271897030685528,5.070755325035322,5.234253459232201,5.026625977970738,5.24433639732491,6.0501253767887215,-1
972,4.945487451982062,4.974780016175142,5.168055298825032,5.28711627855241,5.0854031875936,5.25461029498474,5.03329036189958,5.22868485390037,6.056624366529571,-1
973,4.954032091225923,4.977281904871745,5.155416083889346,5.291225153126957,5.101965262099932,5.278304369490461,5.044550614433794,5.215106040606532,6.04861897689234,-1
974,4.954464849221072,4.9674936491639805,5.144184173912739,5.287458773891851,5.113617764633573,5.289806801796214,5.059872368815449,5.209926212218347,6.050057049094909,-1
975,4.962289908571973,4.968436749816473,5.13287583423366,5.286680005202064,5.131457028897504,5.299774622036756,5.072772108051989,5.200659592983993,6.048926977351411,-1
976,4.958183369934105,4.980191387452962,5.119396395396153,5.284776705249508,5.143198270384407,5.304619644139123,5.085557285598854,5.196649110065568,6.038798811043419,-1
977,4.964200216684469,5.001567327649612,5.101578928107148,5.284570546624457,5.164257387905641,5.301255361700511,5.095354518579927,5.201035012723715,6.055869143820587,-1
978,4.963675430945655,5.015295238735584,5.074446654803971,5.2822804462179285,5.177330125731401,5.303526494433865,5.114852183818337,5.199360579900672,6.043157925900992,-1
979,4.966405659072016,5.029155804334486,5.050733394791117,5.270001188631749,5.1988168891966176,5.296056741990713,5.1360158262134945,5.200281504369487,6.0475494482758965,-1
980,4.965981921400585,5.045707189791107,5.03584381100018,5.252789059338256,5.208495157616419,5.294185396202878,5.16066588366872,5.205043749490205,6.039456435558357,-1
981,4.957191576006225,5.052708582796144,5.0300671319057795,5.241179179020849,5.2118248628966635,5.2869396959646835,5.184842377859543,5.219076574285046,6.04999447085108,-1
982,4.9577123193004144,5.067817615579761,5.01727505516175,5.224871840635032,5.209980083257521,5.289448338611991,5.204429811750775,5.231056162462248,6.052918419224468,-1
983,4.957037390009814,5.067603338719765,5.008567243374035,5.206741033916893,5.201551701092648,5.288598698217594,5.223212736584122,5.249803641421891,6.058761669478379,-1
984,4.957033157531486,5.070762622880835,5.005692076877105,5.197789702394444,5.199092250912691,5.283093097249002,5.238854904926766,5.270832213984368,6.0547872190763075,-1
985,4.949941401598181,5.068017951660701,5.0058538804198465,5.191293760302123,5.183204322318818,5.275446475371697,5.25423113715588,5.2833864634236125,6.054942921450689,-1
986,4.948993154282967,5.074159045980865,5.00581366591461,5.191589364448123,5.163101501757832,5.2673806857776615,5.266342001709053,5.289986763334709,6.052417448115826,-1
987,4.95325108471288,5.072362308648289,4.996937635864779,5.1960981772819395,5.139546312185871,5.259454316711244,5.2761732523080545,5.298476501584153,6.0433757852611745,-1
988,4.962492804749273,5.074823996728254,4.983262405802343,5.204600713401085,5.112864932647011,5.255124774102426,5.278112084575369,5.30623780786808,6.050613618133736,-1
989,4.983807580014279,5.084075944652989,4.970738983667985,5.210802586057895,5.091545134290397,5.239976314973355,5.269717887227606,5.30711157316077,6.043877604323193,-1
990,5.002416776943964,5.082207676229771,4.960011835338201,5.216902588778033,5.0746063666633345,5.219298322664445,5.261493092203265,5.306951956596521,6.0506579316311715,-1
991,5.0206498687137495,5.085389125254855,4.947447214518718,5.220308971586626,5.05801686028256,5.197522807916383,5.258412197094503,5.297539208897964,6.046524858406577,-1
992,5.041805062681832,5.080731720618024,4.930854138984445,5.220588262617153,5.044321393635564,5.1880220050063635,5.2542460758903795,5.279346032180526,6.049715055697937,-1
993,5.060084495429978,5.081343469316432,4.915769055573655,5.223864475655986,5.0416537545744955,5.18029114056046,5.242416482582563,5.252136827258826,6.055479530054501,-1
994,5.076387505501456,5.077930434462696,4.911441210225613,5.226178813495742,5.04523385514106,5.172518191453195,5.229752118898664,5.2360232669132065,6.040723956389489,-1
995,5.0892832574322515,5.079859329200632,4.913659839512509,5.222194908513969,5.0581685481247725,5.16448298992565,5.216632892707965,5.222724072503351,6.046146660378699,-1
996,5.1072824582733585,5.084732262643408,4.9161267666905495,5.227315941519443,5.080320096174042,5.1577063931841955,5.20351311470573,5.206400152603502,6.040499433567744,-1
997,4.472138001608018,4.443968079447219,4.302153905496174,4.573019070055826,4.454476326745123,4.511296281078801,4.548242694463974,4.545016481902007,6.053275853984134,-1
998,3.8343905383945316,3.812276724721965,3.6909441832150316,3.9235877968650312,3.82712122040684,3.8664016168957183,3.892384988227189,3.884422435896522,6.045773881629017,-1
999,3.1928022745319184,3.179616403704835,3.0786752308597336,3.2745684537999615,3.201767675320319,3.2229278818041944,3.235860477597819,3.2280218970146173,6.049106564064948,-1
