time_step,region_1_entropy,region_2_entropy,region_3_entropy,region_4_entropy,region_5_entropy,region_6_entropy,region_7_entropy,region_8_entropy,global_entropy,lock_epoch
0,2.5894416166861114,2.589513245764561,2.526663469547373,2.598474463975506,2.494749946135835,2.5539048658240677,2.545970392097501,2.506629631427452,5.594167195598324,-1
1,3.2476524467235146,3.2432965666015487,3.1678016455509455,3.251434246430289,3.1191810692796267,3.206195327604032,3.184331551386732,3.1234490634696175,5.603132892386106,-1
2,3.9027044866814,3.897273102946029,3.8104153351085372,3.910454833152839,3.7413809850503865,3.8564931788460215,3.820266063773104,3.7383074409409476,5.605867436518702,-1
3,4.552563622980975,4.552161081957387,4.4557776979363695,4.566095728007747,4.359084774633317,4.501664783182576,4.453945200669624,4.349874544856924,5.606918894848021,-1
4,5.203159893359328,5.200939067851519,5.10000142451927,5.216870887941154,4.980270950087003,5.152132329287673,5.097244437820414,4.9599753952471115,5.6133956541364896,-1
5,5.205928866951112,5.216213717453603,5.111551107453427,5.219924737505334,4.970834146416971,5.175887040269865,5.097923499491557,4.925132098392672,5.608581104520484,-1
6,5.208069271456897,5.240946310868925,5.120095879906422,5.216967031917363,4.966879569540106,5.194393332069884,5.102481871844931,4.900011926691777,5.615155011813608,-1
7,5.200980022086528,5.2676689875351235,5.124046889757775,5.211895488286205,4.9596925865500365,5.2048838625029346,5.104964099944896,4.882383092854113,5.62619347485431,-1
8,5.183732947610573,5.2882832690169215,5.129665607580906,5.202380091052207,4.954223414005707,5.207569015501765,5.108833793456233,4.868562167713154,5.613658313170741,-1
9,5.1570403837258505,5.310092990434837,5.128117368669445,5.195176303162747,4.947196163520887,5.209443342287984,5.109359907379952,4.864517899637777,5.621832245837404,-1
10,5.136710386790109,5.334123450333015,5.12266976800013,5.176640548750587,4.951638182105002,5.213105901387404,5.103256456639998,4.869875991479835,5.635839843362737,-1
11,5.13522173306742,5.364754806858462,5.11242618155692,5.165867673699042,4.955366808288421,5.220521628255768,5.093802479277762,4.878704586178172,5.636376812595148,-1
12,5.13455080905707,5.402737173828287,5.095554746553178,5.159379136563219,4.957437894690731,5.225587861618321,5.077724459970288,4.886368612485638,5.634799639108724,-1
13,5.142066793224075,5.4260844232364125,5.092408894695963,5.152008193085859,4.964327484425572,5.23147464432588,5.066502193340451,4.895356491030791,5.628153579563775,-1
14,5.147708560383531,5.434857732693525,5.091955346660044,5.145684432562502,4.970409382236549,5.237618220513779,5.056280866575649,4.908086521164134,5.648616785132531,-1
15,5.160341249072513,5.4378829389925905,5.088414556294543,5.137354523603719,4.982276249255204,5.253018328086004,5.052776315376822,4.90213369366967,5.63379431930602,-1
16,5.172755221854326,5.446046068412707,5.082635824232025,5.135683254067104,4.992546528556615,5.276278069847718,5.037631653518995,4.901865516828465,5.639502249257348,-1
17,5.193367924327586,5.446483135299261,5.08454803720487,5.138916609892294,5.005936003296287,5.297356671775939,5.025184328854671,4.898259075768993,5.654000122943358,-1
18,5.208662736024978,5.44230479319245,5.092242910345278,5.156551375888164,5.007631011475639,5.312752876273202,5.023780400213586,4.882028555663945,5.651247814216889,-1
19,5.214586248764218,5.424481088192124,5.097170057754974,5.1756071488243345,5.017730950306297,5.331377732466376,5.030164793176496,4.868188380174367,5.65222305963749,-1
20,5.216242715872058,5.408881883668703,5.124494530402777,5.197232289373847,5.027862241643084,5.344438419991322,5.032722108869433,4.852117519328265,5.657467193561038,-1
21,5.210432247693682,5.392223897015652,5.139525869764417,5.224478284780627,5.036306942356119,5.346900566377585,5.034530221540763,4.845537079053651,5.655785485435046,-1
22,5.201658572355583,5.38114342812117,5.156896917558613,5.256790082013772,5.042056422672184,5.350189474204614,5.02744802804979,4.841260960266799,5.640023443304248,-1
23,5.185784186450695,5.369296560026776,5.172394434877709,5.285488594750824,5.0443451815933384,5.340344066819504,5.013890371404897,4.847037158327888,5.661169383535329,-1
24,5.178410173739534,5.35519017475291,5.179875845045455,5.311272024812814,5.0489837456454705,5.3162656137709305,5.005158208035144,4.851589315719743,5.655873507433878,-1
25,5.171265228399552,5.335739835774088,5.179804332275487,5.332480660855432,5.049186019223101,5.298754766719624,5.002777895805719,4.857408749257127,5.665375346314654,-1
26,5.176497516567127,5.315148119299653,5.171838061391033,5.343873937304603,5.047490545916233,5.294310874148884,4.999602563438699,4.862390459081347,5.663734554804094,-1
27,5.174730948466182,5.287783328466526,5.163749859559623,5.344572815922575,5.049516034909261,5.282340433860325,4.987645770740236,4.863124602651059,5.669785276228752,-1
28,5.172965178298847,5.253260352688065,5.1444550291756865,5.331401074195847,5.048809490344798,5.272142212274117,4.975315418305199,4.868941682522865,5.667640646751331,-1
29,5.168094068398833,5.222770064619252,5.136519035517412,5.318047049038339,5.05098837232477,5.265971516207667,4.960984045385359,4.871708663917944,5.672215477457226,-1
30,5.174086066096425,5.193970527639623,5.125550824063276,5.298904837844578,5.058457203620971,5.261273808454462,4.955226945931219,4.881660969658183,5.668581951001238,-1
31,5.181734422797456,5.166565792058521,5.124054801927575,5.284782049816244,5.062669946074562,5.263136216199864,4.945716066315891,4.87872016885383,5.67465099322783,-1
32,5.176459667429764,5.141689024772251,5.129874707650406,5.254216437191481,5.062880648636922,5.273416635953284,4.937666292472683,4.870053988707546,5.681954291641517,-1
33,5.168237736324544,5.131401171561562,5.134221954640575,5.223428314338447,5.063521250054896,5.2702179531408175,4.929664466528889,4.864574613009404,5.690013246730262,-1
34,5.1512943806711124,5.126091361516998,5.135767577786735,5.1898643949644185,5.072038237989514,5.261527688687833,4.9230746398838825,4.8728024083625,5.676749966674991,-1
35,5.146313353773822,5.133278315206967,5.141334675284434,5.163913690547576,5.070397266019771,5.257299137486606,4.918778650427183,4.874164690753084,5.685327828907565,-1
36,5.142637956127906,5.14586537700523,5.144124179560284,5.148884670463029,5.069291280368961,5.25309998306416,4.911233257372057,4.8830747924393565,5.69056404175181,-1
37,5.141493849570976,5.159357917822983,5.138131146450486,5.136424567259072,5.066945915688996,5.252617216664181,4.912332106929879,4.896347910509985,5.692725564072316,-1
38,5.129487190950854,5.163817702812459,5.13604341290828,5.1224377887084875,5.060731194181473,5.245801084012868,4.90364277545692,4.906236194716761,5.690269952335331,-1
39,5.108296478638285,5.176717861618218,5.1297623451925745,5.106036309104338,5.067092785356112,5.236240041868065,4.902556944535765,4.9318154319814616,5.689161758586989,-1
40,5.093808946629341,5.186859041035283,5.120900436364449,5.104077481416712,5.070730824451502,5.222885203410346,4.9076608285958745,4.960189819854909,5.693283292958335,-1
41,5.079455958461547,5.184655718853856,5.115829247009663,5.096225362381428,5.0757103014380895,5.206922775689207,4.903926063112256,4.985352665091707,5.6967756574918145,-1
42,5.062575817626086,5.172238002185914,5.118094244655255,5.096616648022121,5.06343105170035,5.197515951790858,4.8895471528756085,5.0059751535582855,5.698931450062992,-1
43,5.028180257783207,5.157414841946742,5.125124236982137,5.092063961861394,5.050265093642789,5.1926149778101856,4.873015083610458,5.039329972146001,5.707733898519681,-1
44,4.995634028305577,5.142553472741596,5.1321317535616,5.08819412859499,5.033258376318282,5.185311951897552,4.862444019636661,5.062776698694357,5.703588673936125,-1
45,4.971574591559771,5.123339904342607,5.139998976782104,5.087532285786942,5.019595500216591,5.174017918188381,4.847565456374142,5.080509956563308,5.709631452378983,-1
46,4.952822149678925,5.111090745258018,5.1479351626320184,5.088908234497247,5.001123769585847,5.169165634391232,4.847959468782195,5.087295166466927,5.7144538980017305,-1
47,4.945090104070161,5.079788166127212,5.150127218037052,5.094720377199695,4.9710027729114765,5.161968223049081,4.84855475280401,5.095089055131416,5.705737280952045,-1
48,4.936333833616914,5.048740419089219,5.160574855633506,5.099781920064534,4.946640101482154,5.159287698793543,4.846196609220305,5.100391914991321,5.7139130261580435,-1
49,4.926866648691824,5.028524341882868,5.168851025624648,5.11563276866809,4.916404413376432,5.157146259599105,4.847967016201337,5.104059545980979,5.710983391928894,-1
50,4.918178643116011,5.011171159584593,5.178010774044299,5.128656624142045,4.899927517650979,5.141861167593513,4.856941133058686,5.102758289602115,5.721060907287242,-1
51,4.914449543479042,4.997116056028901,5.1786886539902435,5.149125127798275,4.8873762960707845,5.13016568015086,4.871075890127633,5.087139254918682,5.71666671762159,-1
52,4.916110840351683,4.976499569195536,5.1770738933593945,5.1610396933051605,4.883448890851185,5.122050700159612,4.894518673445705,5.071409038501214,5.733448391995081,-1
53,4.918203829913734,4.971849904426898,5.169190458270635,5.160539284151968,4.884268083208494,5.116731250154863,4.918161918399839,5.060862576960982,5.712501934401217,-1
54,4.929133022560605,4.965986927931514,5.164797937818129,5.169934506642568,4.891996701309895,5.115502323156978,4.933561126418486,5.056375684379459,5.718700824110836,-1
55,4.938320953800138,4.976061064819364,5.161118360110259,5.178024732018547,4.901586256268563,5.127176155718628,4.942342966731136,5.05068302020141,5.7161502894038865,-1
56,4.953101564170497,4.984276853687401,5.152986674362873,5.192427467874168,4.906851306617054,5.136873019704194,4.954213816938791,5.046203995290393,5.74000321513941,-1
57,4.969865470777828,4.99315891957624,5.150889479840518,5.1990863320715235,4.924329433786266,5.154515229278819,4.976521446766907,5.041650909901411,5.73464651383559,-1
58,4.992496524310962,5.014326046774288,5.149055293719874,5.204717399565665,4.9463857781299,5.187264153546276,4.997210033897857,5.0475155021284905,5.730532465886941,-1
59,5.022011266739739,5.033390139247819,5.145447403914864,5.216076324375508,4.962527358035181,5.20608498182112,5.028793082435661,5.064347759493954,5.729766643374682,-1
60,5.054652413192651,5.047536365568477,5.140572183747734,5.2400227246955335,4.979294529605413,5.222614939773994,5.055567261657565,5.087349345240449,5.7353325170436555,-1
61,5.089053841483505,5.045929264951857,5.137699385225785,5.267599823496506,4.9826081155402395,5.233179738358633,5.093310025807009,5.110982267707072,5.735864319972589,-1
62,5.116192418715021,5.0570050504285575,5.131670291886107,5.2848788644788876,4.984158860969715,5.243740707687188,5.12609743626964,5.137595325331149,5.736932003413949,-1
63,5.141014994086965,5.066404152366704,5.129808240740249,5.294376200718871,4.987303158640245,5.241889372918979,5.16213729926264,5.16181332129631,5.739592780364497,-1
64,5.16555904601416,5.063919715975254,5.120965508978673,5.291410165816227,4.9889214520964655,5.238487464230056,5.193874888965228,5.184559298619159,5.750537744581732,-1
65,5.194870909816307,5.056385069673344,5.109362158554262,5.290147433118118,4.9875567638061025,5.231778599333471,5.2048680854058205,5.210696112077926,5.751939856736994,-1
66,5.210664939383326,5.046243648603343,5.09352212848112,5.287350959496598,4.991060580398932,5.214558196367377,5.216891410199379,5.228487506812319,5.746318310163307,-1
67,5.219903610935765,5.0254312961127585,5.077138787993671,5.266088824300778,5.003690407325474,5.204404272586784,5.225664605093509,5.235730789003487,5.7493835173543,-1
68,5.21971299323144,5.012483538663171,5.065598287214469,5.2385478638472245,5.009341754764884,5.193064825522575,5.227751130527058,5.2365898084308045,5.755557300360368,-1
69,5.217603541770313,4.995818054753179,5.0620372198568,5.218571588674367,5.020302339391218,5.194369596737219,5.2128921511489885,5.228495257110796,5.755843251593686,-1
70,5.210172772763656,4.964785651652115,5.054052588563764,5.19706118443508,5.032138929161715,5.185526946790566,5.196902663651409,5.214309184135957,5.750624348859095,-1
71,5.2123645655826945,4.931276527800027,5.048327915584781,5.1741933209891044,5.038155725617923,5.186510514844569,5.183413580772622,5.206605729268152,5.751385285340495,-1
72,5.212931435302878,4.917471166022008,5.040029022974602,5.160031852820396,5.049862585882835,5.184659189042052,5.169191633940305,5.196258412860121,5.75850654503816,-1
73,5.216189204444224,4.895136972800901,5.030521362888328,5.144679471289753,5.055370457738238,5.185201132652865,5.155112612552809,5.176893344461744,5.751496501240385,-1
74,5.228692073088355,4.8600610577725085,5.018232583092116,5.133222304651245,5.059682910719676,5.186489291269555,5.1452831374790335,5.160533903641976,5.759735898238422,-1
75,5.253843420221299,4.838492810720853,5.015695222612444,5.136135627581482,5.061368577905339,5.1869350549136035,5.134106835597017,5.153821342606951,5.767342281450279,-1
76,5.270297000833767,4.813751454121509,5.013332379573568,5.133871197872934,5.063284122018836,5.189294306418846,5.134766742184249,5.144604922890699,5.759805397299141,-1
77,5.289722194408531,4.804014046645609,5.0140431658825095,5.1213214706395185,5.063309559984085,5.179399797470324,5.13851617087087,5.138354741988554,5.76202840155003,-1
78,5.316361641489075,4.791085040080029,5.016188424612524,5.115369877151332,5.066721641943423,5.176018760437341,5.14908164471805,5.138853862865033,5.765022764532969,-1
79,5.344229432100549,4.786282140892813,5.012810438669483,5.109464303433528,5.07092333596213,5.165787968458117,5.159647044665614,5.133420890322108,5.773877617304473,-1
80,5.371550286912277,4.782584846542413,5.011634120458639,5.100969618209749,5.060812307917006,5.150116906950659,5.168181813778973,5.137076097971011,5.775687063829675,-1
81,5.387123484310131,4.7867829323109765,5.010956527375219,5.093942223475337,5.0483407451619735,5.140259648450857,5.172361614350226,5.14075392511625,5.7684860177514565,-1
82,5.394852527444057,4.795557025548149,5.008963812029761,5.084701637849041,5.027291814534969,5.129741768746075,5.1735955623189644,5.14235005211795,5.772421112339164,-1
83,5.392522896097298,4.802741348996058,5.004809152892924,5.065505960619324,5.020258969520198,5.126942950297724,5.171414237795958,5.142481210274113,5.773284874661087,-1
84,5.394866264033648,4.818226281056728,4.994250860746539,5.055476424399828,5.022533098814252,5.130303756588036,5.154271318015566,5.149754303020943,5.780784451640353,-1
85,5.387253900120223,4.831445187868648,4.973626488105425,5.0534169406899085,5.029011920692169,5.136791928728789,5.138289594037588,5.154034828844644,5.779228512514132,-1
86,5.379904438469152,4.853289972243626,4.956481991089644,5.044059561364001,5.036645803931718,5.13947318523705,5.1281821523076765,5.153600628911965,5.783594882688202,-1
87,5.372282250852536,4.864494516791876,4.958385983244854,5.0379688781743095,5.049457343839,5.144538952169372,5.114532114194614,5.147532985611459,5.783666833403633,-1
88,5.362169591418505,4.874798340929479,4.9639764450762245,5.03396680317115,5.0774584475996845,5.1523412402693305,5.09740908986851,5.139092706025216,5.783169127828606,-1
89,5.3534581978204425,4.884330778323709,4.965476960783181,5.0257953234821695,5.105098980081815,5.158984420824832,5.095318229757388,5.1360334061503625,5.7930189170036215,-1
90,5.35029166935529,4.89696110378913,4.975513433181812,5.015579242443755,5.137766167797324,5.164110372184597,5.085788023368157,5.13718260328159,5.788673930840562,-1
91,5.345568725331935,4.908438964054713,4.973929895792655,5.012010051685741,5.162017669946166,5.159269434681783,5.072841425739194,5.135336997447512,5.795184459975359,-1
92,5.346599068869774,4.919435798923947,4.9766580542914385,5.011546640724568,5.168889286357937,5.151706010085804,5.055930268579113,5.1332231264231725,5.800530193256263,-1
93,5.342450019524663,4.922813440443801,4.973658684543915,5.009246181350559,5.177853474008291,5.157390959675194,5.050616225704983,5.1370672184567665,5.8053448735752875,-1
94,5.3204943494854335,4.9179879944969995,4.967819636431612,5.010855309720184,5.181087012441127,5.166839863765583,5.036119705684664,5.141275891170764,5.797401217267691,-1
95,5.293934404769241,4.914254830811305,4.9464212526452105,5.021778165986244,5.185785599188539,5.173296595353687,5.0204251699053,5.156713522628273,5.785151986827824,-1
96,5.2713014856160525,4.908773014192592,4.925753583042977,5.026005379339073,5.191054400019755,5.1854595587791605,5.012792378492293,5.175214563386533,5.790628207010558,-1
97,5.250854774324529,4.907488001190991,4.900067527774366,5.036026955074075,5.207477247717043,5.200212527495759,5.001641689579384,5.186411228825039,5.806718425856643,-1
98,5.220730065569216,4.912259303940723,4.869250741961739,5.038293345502858,5.219833655680722,5.211998876503264,4.997745892597715,5.191346885022867,5.801366268100343,-1
99,5.194447563558808,4.919955788874517,4.84096061024656,5.042280454896176,5.219736972978535,5.225467639139636,4.995744019792909,5.208367251591127,5.806145345760867,-1
100,5.164760169711165,4.92908944306912,4.810221374580393,5.041440134031044,5.2331523559051325,5.241942758003654,4.99876918832445,5.223785633842494,5.8041129819847495,-1
101,5.132413410259644,4.945801370339732,4.782467327973325,5.045535196927916,5.240487868824987,5.243398711485533,4.991386048705352,5.239695973480455,5.804969359893668,-1
102,5.121909756899372,4.970480961382619,4.753909526405127,5.047544328882969,5.255105913609066,5.236546613803279,4.990850603702636,5.246008628459506,5.806519061986488,-1
103,5.1153922457352685,4.988719117832516,4.7279485032335495,5.045870496418513,5.265821887479513,5.225365580411243,4.996977125516144,5.2421246578821945,5.799665574326043,-1
104,5.110515590057174,4.999266879711195,4.702086330282791,5.049514917604904,5.269996257273892,5.2112666108110695,5.001272655759246,5.230150471138489,5.822942641892771,-1
105,5.109439855008907,5.00387475684402,4.687234094703578,5.054372810590427,5.267013892581138,5.193812249922056,5.0029604602612245,5.223327088268727,5.8133909397710415,-1
106,5.119249942872857,5.002496911755093,4.674734841551139,5.073832301969872,5.261925636757349,5.182851088468363,5.004817443593536,5.215789466201242,5.81291378508725,-1
107,5.130357784978783,4.9960207149142555,4.672180004011009,5.095221773697489,5.2667899782615875,5.1686403970646335,4.999595883358303,5.19620264195763,5.807482709072378,-1
108,5.134224678878723,4.989235337254384,4.674708420061973,5.114709421172242,5.258365613938388,5.146397633391653,4.999826241621259,5.171077012055948,5.81404013786499,-1
109,5.151124190855864,4.9764033998212485,4.68649895176405,5.123398970473905,5.248699622832595,5.143461296796601,5.005451452032803,5.148336887158941,5.816651003717632,-1
110,5.158495758070373,4.96757624722714,4.699533913836766,5.1395075778487085,5.22471974371914,5.138180160334548,5.0019146948270485,5.133000309119586,5.8135386746560025,-1
111,5.161456419027025,4.962937644826269,4.7154369016248605,5.146950802306344,5.207104541792213,5.137699025168709,5.007567268378593,5.121505875791323,5.809658968348624,-1
112,5.163824523579159,4.965914289517568,4.731349156126319,5.160256269581568,5.200404120191933,5.151442317581029,5.006531249791111,5.1088361101133515,5.826698578096387,-1
113,5.164241067441396,4.984870408626123,4.743724275917227,5.172040522407924,5.195164196992163,5.171036476496838,5.0020659451029585,5.09351984695977,5.825561891603413,-1
114,5.16708203784415,5.008062508463622,4.760100489514488,5.172926119320174,5.189288940340343,5.194775780773384,4.995896734194984,5.085637958618048,5.815575361576855,-1
115,5.174517431682279,5.0345697253841415,4.779542443681604,5.167687040457466,5.177609697371103,5.218781395219051,5.002389688886029,5.080899576326213,5.825035399215014,-1
116,5.195493186415032,5.061595740277457,4.803172276808015,5.165066397835086,5.1809998938602515,5.240079174644789,5.00734063311329,5.079290357813331,5.82497927114016,-1
117,5.215547736885491,5.086099912974892,4.822712348618865,5.168212531198423,5.186082489380824,5.237151397270748,5.0044712913723455,5.074928643307282,5.815130066834694,-1
118,5.2386908503847085,5.102349108596318,4.837505624637487,5.167934158541982,5.197139794768618,5.2515635096399675,5.005561691092753,5.059843380099015,5.831156303003484,-1
119,5.259907740822371,5.123758217712433,4.852682022130997,5.177349950608963,5.202491930242216,5.261384738221539,4.994387371306511,5.045933146375924,5.8262615224943834,-1
120,5.28204783200548,5.144338502778582,4.860656336920602,5.180236534526929,5.2003804010337475,5.265932235293534,5.003178511257598,5.023737165372883,5.825136533963685,-1
121,5.302027097949462,5.150821171080988,4.868451167733749,5.188682040699913,5.2010079930733575,5.259411881269501,5.020161375015517,5.000661860076789,5.830785031098899,-1
122,5.3332065954333405,5.147198108326649,4.875596094704628,5.20332752519818,5.203001867760066,5.2474830678688456,5.044200590258883,4.97736348405011,5.829165359785933,-1
123,5.355682510499831,5.15155734647294,4.877381637691743,5.218966313203385,5.202384065162818,5.236361580303825,5.071330809673312,4.948995941402144,5.83216106854386,-1
124,5.371884316953087,5.147067481536715,4.873036495312715,5.228616779428094,5.194406674538383,5.232695931864409,5.087203237531024,4.921170403144044,5.827132451145977,-1
125,5.391659888980739,5.141537260080828,4.875574843008838,5.236931208439858,5.1786659653205716,5.2349320135141095,5.100682496356735,4.884533489801858,5.842401995542672,-1
126,5.398592389671384,5.136897730919585,4.882293058526353,5.245499684806878,5.162286473763599,5.225631198873319,5.106061230004819,4.866591899330375,5.8366578593764915,-1
127,5.40925618437713,5.140452479215674,4.890269686895112,5.239068725401881,5.139983925304916,5.212819227920062,5.1148534048867935,4.851174093657857,5.8434437368355425,-1
128,5.415020316541108,5.134638432932608,4.909656719304173,5.24566200352246,5.1165933843237354,5.192852063408983,5.115883402273955,4.848848992955026,5.843278818030385,-1
129,5.421897914011607,5.128150126461101,4.936472902995671,5.253048412888473,5.083429028072117,5.169353748334136,5.113571391885305,4.85434680025914,5.844358646726949,-1
130,5.4080082164851975,5.137326514428112,4.9659897991488,5.251056035029859,5.048746748169939,5.143218588046983,5.105484829018376,4.852639054918646,5.834797155403306,-1
131,5.3942903393775685,5.133844760875056,4.991330149010825,5.242757454398482,5.02206539123443,5.117467330733227,5.083652578017562,4.86306741335813,5.849117428889924,-1
132,5.37820710655841,5.137329283059893,5.020872639473632,5.2389280670113605,5.006353625163248,5.091197977050802,5.067816870814536,4.880988252975946,5.852419997056236,-1
133,5.346988742776911,5.147214524870568,5.0379852607581785,5.235450702597253,4.995210772856998,5.06598612556966,5.057886436299276,4.912813254052586,5.85129976429445,-1
134,5.3372432913562715,5.1555987178901725,5.056669282359522,5.236075079947371,4.983408812515707,5.043349633492353,5.054532633861017,4.939987543099933,5.848829595990349,-1
135,5.328384424137705,5.152753685900347,5.078773580452501,5.250141328437621,4.978080686379712,5.031977223742288,5.047771178440236,4.95793423154468,5.8551829812466885,-1
136,5.323318916045303,5.149161463355659,5.097782355623865,5.2521131086408746,4.98061708666703,5.031688256748971,5.036686502163932,4.984943366909561,5.8502915583429616,-1
137,5.315408047185433,5.147034824960375,5.093684537555366,5.2487418095628655,4.988310265499038,5.030699549820559,5.028441809421428,5.002223496788881,5.850753898932555,-1
138,5.319595703297299,5.1367060552231125,5.092543873449322,5.2506567399760655,5.0024812715181906,5.0357591795873535,5.020132193454785,5.015766836757123,5.849177982976465,-1
139,5.320849856819769,5.12892426469595,5.094151884523945,5.255694014024787,5.021561601107552,5.050295150822997,5.023515736866516,5.023872616683466,5.848604446844702,-1
140,5.322394143923564,5.1101338235604885,5.092535085864937,5.26086349555737,5.033974045033025,5.0588118711605965,5.025609103812457,5.028710701165696,5.851530043272347,-1
141,5.320925862627655,5.091347759028239,5.0897515181933715,5.267106146198563,5.050027399670957,5.073436715400516,5.021998386055644,5.03394117167237,5.8633980995869415,-1
142,5.310024286337272,5.075061459442633,5.08872778666555,5.272078819884893,5.061168517904744,5.085633183183073,5.021144595747868,5.032817175948721,5.858994708444361,-1
143,5.30250806581556,5.058926069998506,5.0780829100474625,5.269151726867177,5.075385522519879,5.092389802399015,5.024452292512655,5.039728531016689,5.867671643771923,-1
144,5.293912890295107,5.048728314426767,5.069555599451678,5.2697409601812755,5.086566971889752,5.0831635305615315,5.0262803015418624,5.027224581656208,5.862242122620499,-1
145,5.294358311074969,5.039997636486138,5.0736301554083285,5.269123739945488,5.098148651777709,5.073430668823318,5.025606590057179,5.012693093250352,5.863489120920098,-1
146,5.293575617160323,5.03086323712293,5.071900257128991,5.263320036121367,5.097726768547476,5.0637521860833585,5.020561956998902,5.013609802204189,5.8620669691521865,-1
147,5.295920836400939,5.022157564305839,5.06694598336298,5.2578654818560935,5.088921359637715,5.050912284854747,5.010434441520816,5.016741737358468,5.860125586084312,-1
148,5.300308802202612,5.020352076300884,5.0597511539341795,5.249239769120389,5.07473053780025,5.038490504551336,5.0033687694992235,5.017595088634545,5.866262423162227,-1
149,5.314401213797206,5.0176471884507015,5.057475273159718,5.245585932321443,5.06076656573494,5.025161336591555,4.996842049442186,5.006361140467254,5.864845265826701,-1
150,5.322305355033891,5.005330958275567,5.058769536454967,5.2388786547078094,5.055837247759769,5.016485904521,4.996075651609858,5.001670668633238,5.8682237522502625,-1
151,5.3242717001583255,4.993335113599837,5.063064724262181,5.234707848292674,5.053127629847541,5.018856131323843,4.990792553453254,4.997406667702246,5.8666647833372565,-1
152,5.310918543021404,4.989402084662102,5.070228040375686,5.232096498960676,5.046671476481585,5.0271341425760845,4.991226883232592,4.9968574435812805,5.863397320607298,-1
153,5.287220815265579,4.991153434337044,5.079399616238472,5.219087091643635,5.03733696733183,5.045646189893805,4.982836457690163,5.005983027016643,5.864988715487549,-1
154,5.258834666353133,4.996457273961914,5.082639564796106,5.216556838913238,5.041116707415663,5.061646482690474,4.9821167997437446,5.000997682867858,5.870761446134395,-1
155,5.229643683104905,5.001941168536214,5.089371447093913,5.214723306070889,5.042363104323371,5.070290593012298,4.9823756536085,4.990908686220303,5.879723446463915,-1
156,5.207992888027259,5.003699593411552,5.096674384074849,5.214718741571737,5.0550919010523945,5.080164673408797,4.989103851257415,4.982101546138621,5.880111171551852,-1
157,5.188899535737537,4.99974151865726,5.1079916027380206,5.218933677360697,5.062633021957779,5.082087140171412,4.994668219107634,4.980937531293345,5.881079242254367,-1
158,5.18403401364364,4.996489491373061,5.11778938574736,5.225022881005624,5.066044728395449,5.080706066322057,5.00319529475336,4.980428052652978,5.882300495531914,-1
159,5.179015001633047,4.9963267264552265,5.130174123572191,5.236343143466442,5.0654552564259205,5.073530071866624,5.02086441675389,4.975385992534903,5.8866976515841465,-1
160,5.184566979448992,4.992047952210666,5.139070135377064,5.239434287959553,5.0576301831375226,5.080215631660082,5.043152916919922,4.973353984860643,5.876793700651603,-1
161,5.197154533201261,4.970485099040406,5.150971932004383,5.241834454374968,5.055126936998427,5.088302777970104,5.078617493130073,4.9630264917853175,5.880980834081132,-1
162,5.20567859787235,4.951433897306706,5.165374850919528,5.236150929695561,5.047816888822829,5.0946024587335295,5.112102213429398,4.952115082720782,5.86963151361578,-1
163,5.205036121191459,4.9370701082668536,5.179760634439519,5.236128883337018,5.046210631134637,5.102083238472255,5.147195360697507,4.938042852018719,5.885634256475591,-1
164,5.18981980041276,4.929710190340564,5.1970889927587205,5.243979758795645,5.0366558116982585,5.1086661106199065,5.175898985332044,4.923228206860421,5.882572000595909,-1
165,5.175985650937249,4.927214809132569,5.221136278122671,5.237020735133933,5.02813379276783,5.11754657847971,5.207950114608091,4.903293236036439,5.875076520085829,-1
166,5.14946040297542,4.9281710176428355,5.242413388406787,5.223820622385392,5.022190116956998,5.135351931080508,5.226683850292471,4.882591941079394,5.886261549195818,-1
167,5.119957043069494,4.9289762814902645,5.25818069983735,5.215643658888001,5.018182001037664,5.1571564167442645,5.231808192682827,4.858153209789056,5.893231454177486,-1
168,5.09446316460508,4.937419122398377,5.265481983488457,5.2075584155771155,5.020832250207636,5.170714791522983,5.232312572925131,4.835244350313706,5.890187143184498,-1
169,5.065183341375636,4.962503671976323,5.274094718113305,5.2145737309851246,5.022797831859612,5.1727957188254905,5.23050858940375,4.817250734271125,5.883628755868053,-1
170,5.041770899882162,4.978785059485608,5.289394398159972,5.22970843763984,5.022406264816223,5.172196120923918,5.223516814176879,4.810945755699121,5.885757279932247,-1
171,5.016932661918571,4.991542821853502,5.30702720325963,5.251363951337717,5.016007462335665,5.18174248657521,5.212643768966946,4.806690574429574,5.889180177044956,-1
172,4.997020461365645,5.007691984408045,5.320823048725466,5.265645758475605,5.007303046940424,5.194645542781544,5.203194607007663,4.801109744530241,5.889053765795046,-1
173,4.978692879289526,5.022894920908869,5.319288985639175,5.279653965033269,5.000905578876271,5.211233860170153,5.197377272400722,4.797191171451159,5.893294000703376,-1
174,4.971499629407037,5.04279650150092,5.3080799208630465,5.29462704276768,4.995994092685288,5.221310505881616,5.1952655222434325,4.791336193717325,5.892044529903307,-1
175,4.961542554012744,5.058076694535352,5.303016664210737,5.30880651619979,4.98402077079497,5.224852298462611,5.205812228780545,4.789399250111334,5.889268612468195,-1
176,4.946991852349587,5.065381659549461,5.3005802669662,5.3251735956915605,4.970102359443161,5.230580389936809,5.207448417290985,4.793307049560028,5.891221005197912,-1
177,4.937494786330244,5.06097320412389,5.29477224813721,5.342568363129039,4.971169825650146,5.243282267781488,5.209011274332086,4.7976891026109225,5.88516175302244,-1
178,4.920165635524114,5.058008370343199,5.277350807569289,5.349744802926191,4.975564003711375,5.259411696641524,5.218501739105657,4.784379318978378,5.888959690762565,-1
179,4.917093066123935,5.051111707722758,5.252616474298796,5.348347631977984,4.986404838294181,5.259987650935284,5.213481084164349,4.7815319479565455,5.89558473761998,-1
180,4.918628635315099,5.035485107627703,5.240034924993887,5.3532680336335305,5.002463564765884,5.266329770632649,5.215593357754047,4.7796744346127795,5.907922111408652,-1
181,4.917212847106235,5.0172869657324926,5.234679670131057,5.369583579004892,5.017584440657731,5.270145198961049,5.216720454670579,4.782260646699175,5.895841244643174,-1
182,4.909903013295761,4.996790920309892,5.231634986096515,5.38565558380299,5.0281376882082744,5.277873715971807,5.2084129493299365,4.785018328170646,5.903346712773661,-1
183,4.915824295122094,4.977787505773488,5.221190742180292,5.393533083389062,5.0469542368761235,5.288103464040532,5.199015132379167,4.791169989792958,5.8898808163076515,-1
184,4.921230951544566,4.9635938894883616,5.2094043471476645,5.409338117490869,5.061769542266435,5.2811172229527035,5.186684996181126,4.794160799000988,5.89432356997848,-1
185,4.931089832730387,4.953374583695301,5.19388710192422,5.4220281769763385,5.056818496366805,5.269310352321174,5.176621561943935,4.807870312967221,5.890195644142431,-1
186,4.952479692344818,4.946609710580179,5.179966788132334,5.441464163729371,5.044272252426457,5.259420061885944,5.15039982515924,4.836982210645252,5.903885435638458,-1
187,4.982075888874025,4.940043234552944,5.175788416151413,5.450987375115046,5.026925975426643,5.251576581660527,5.134970031044267,4.860435135488938,5.903952291633105,-1
188,5.011030911816966,4.940470872082872,5.164416712136602,5.460103228666691,5.014503270118079,5.241300343406831,5.120789360030569,4.886700816426733,5.895359000220215,-1
189,5.045112994501438,4.939043789052496,5.147358979527237,5.469462432182246,5.006145657338151,5.232141628864698,5.10521914102404,4.915693041660588,5.90777865068565,-1
190,5.084363286220562,4.944749611622617,5.135280658173887,5.478926261145371,5.001045624162641,5.222762337841078,5.096520244105662,4.947886567464232,5.912448857424869,-1
191,5.113909183825662,4.949389949785435,5.120853700344491,5.479640758285838,4.990598469956524,5.2057808695005345,5.085176150979573,4.973167723138186,5.9028852805431775,-1
192,5.155028601779167,4.952729510887794,5.1141813529595925,5.483262968068344,4.994826809362893,5.206121166915884,5.080379167410779,5.0000577002129685,5.907188757089155,-1
193,5.18404632313937,4.960012019078537,5.106924057746715,5.479393305021913,5.000356358749544,5.209696885499903,5.07923080948985,5.014513268792813,5.903252672285848,-1
194,5.211946581681449,4.966520665111575,5.100771349530055,5.47687620573048,5.0140502066555195,5.211139891976426,5.090674759240908,5.024716272223414,5.908240856131601,-1
195,5.218342824668257,4.982418713862039,5.0884040907249535,5.489980932766348,5.025249309905431,5.214043392182679,5.0996057211038,5.035557491260437,5.91503196858785,-1
196,5.2274080387406405,4.996193235823838,5.065070468682338,5.497239084112676,5.026734946461503,5.216200063355339,5.108598006119617,5.034664854672868,5.908307715883202,-1
197,5.232441014308801,5.013094720373173,5.037346343055288,5.497711531129136,5.024888866521286,5.221780745325796,5.11654563818813,5.029132267438656,5.9071981700037,-1
198,5.226567830978798,5.025349510531353,5.0156182292808404,5.498802399711468,5.01863876628749,5.214692774408609,5.119048862046536,5.030778215549765,5.921289504834798,-1
199,5.223615617458937,5.03595050800437,5.002100483539063,5.503560223239251,5.012788437135352,5.220823037427539,5.117932491018159,5.0415782416712815,5.915587381041391,-1
200,5.219376952603449,5.042939416701565,4.995798810294126,5.490941955604292,5.003389473207701,5.2267895312353545,5.116139953445071,5.047879981070889,5.916991088125818,-1
201,5.218950011264314,5.044039126140598,4.983351429461303,5.4732148860380825,5.002618796871455,5.234980451185974,5.11434394798951,5.055765136920349,5.920659383399138,-1
202,5.208124465035703,5.040763100274362,4.97542188268944,5.4560163070035985,5.001211588156853,5.241477073804868,5.112784836652909,5.063211033180166,5.912678096426691,-1
203,5.208373507876164,5.0352761450608226,4.965126722295201,5.431492704537122,5.005577238503456,5.24928849972428,5.118699839081715,5.073119126424293,5.916953127949823,-1
204,5.210312678418242,5.028534375034804,4.966376023954112,5.410820179616147,5.011648780684903,5.258592698010049,5.1257668490001524,5.09410839590933,5.914038254838653,-1
205,5.2054462196571984,5.030673479505443,4.97920409235861,5.392589339138159,5.0169636665745045,5.257230191174709,5.125369520014802,5.1149406960285795,5.922753222070525,-1
206,5.192822893563203,5.023888024050267,4.992678745886039,5.3694385095582335,5.022052711224632,5.262830919446337,5.1325558520875365,5.121231058909309,5.923050156595982,-1
207,5.180882018254474,5.015258739712276,5.007734856172091,5.35490999161648,5.030407931257505,5.257506190472823,5.139877010002064,5.121174519353847,5.918317704512551,-1
208,5.168294769432746,5.005488656178603,5.012127204666887,5.344211371683294,5.029799682416925,5.243018430997614,5.153886018714362,5.118195466786421,5.920990951800831,-1
209,5.145165422072713,5.0005338541483235,5.028628418112626,5.34867039970675,5.020913061796013,5.232488383475922,5.152783910694614,5.124760656018715,5.918091221125076,-1
210,5.132631714825518,4.998419938016681,5.0465608967125295,5.348777566838486,5.010310867237182,5.219043680857755,5.15141058895786,5.132679679431279,5.921271185362697,-1
211,5.116642151387358,4.998456061394727,5.060923182474389,5.340190047739852,4.996290600697102,5.212991244918053,5.155363549760065,5.141266812476573,5.919864416179713,-1
212,5.0959695148826425,5.005849166179347,5.08027945667019,5.3247759342868335,4.97958890786315,5.199127035361227,5.15235540900828,5.150779443540414,5.930983224783239,-1
213,5.0873761904510655,4.995735508596901,5.096919672937081,5.305589966602453,4.96944957654256,5.194135586965829,5.152612733139535,5.160388087668698,5.9213862358241025,-1
214,5.09395437444392,5.004678805575937,5.102113601746683,5.306345666025761,4.971641572847405,5.204043731664685,5.15337420344944,5.174890692290074,5.914457009590539,-1
215,5.088747594319715,5.019897546048678,5.099086660454854,5.298150942642614,4.968177847703158,5.22260548934726,5.155941315402379,5.192400569019242,5.932708477330083,-1
216,5.077233960684397,5.025014902130592,5.098422148256586,5.296940874752028,4.96492624864357,5.242683391369778,5.146956549927185,5.218381331500563,5.917111718630154,-1
217,5.0731767864170605,5.028878575596826,5.094154656330837,5.282307210244802,4.965402026193082,5.2624550630013545,5.139258374009941,5.231075398261101,5.929235713446677,-1
218,5.068797654369071,5.037847735868274,5.0892170418396905,5.262366054626834,4.967805595502966,5.291978016085339,5.13366096878471,5.244306108256414,5.927916276959651,-1
219,5.0616910014707015,5.039495592470826,5.0928583010101,5.249650441147882,4.977786659140779,5.310668815341369,5.116819308992262,5.257607470272077,5.92072925617482,-1
220,5.060437231276395,5.030424511731458,5.086112060787789,5.246524559656535,4.992701944294258,5.339918170904539,5.09992382231804,5.25853759580385,5.931782556759088,-1
221,5.054622403577509,5.028578166121643,5.075512599882138,5.249157597833412,4.998484674705889,5.3628572020614715,5.08102991169496,5.250864060614235,5.935031208678688,-1
222,5.047463297629552,5.013215751680404,5.068765285219179,5.247078987462875,5.004370239327864,5.370609253790288,5.061094339143912,5.248414928736467,5.92803149307488,-1
223,5.047788462517227,5.001275649806945,5.06896603719742,5.254159557208799,5.018047531853194,5.377587078746865,5.04280069236262,5.232589206166905,5.928792346675972,-1
224,5.046107233401427,4.9951251302119,5.062106799549753,5.248970480367962,5.03581974219709,5.385400043746322,5.023855131735148,5.214001690180686,5.933570520245507,-1
225,5.056210976597575,4.989297393969726,5.061813588125766,5.24714838013278,5.056733954090094,5.387998520081515,5.013896771823727,5.204644849729934,5.936211639931532,-1
226,5.064127988438731,4.979648915511092,5.054928211544416,5.250275980751476,5.0782134847467315,5.381277387825216,5.002769998221767,5.191197930487848,5.9297888111044585,-1
227,5.085185159915785,4.9622782308339275,5.048323652652166,5.2578043169580475,5.097702936122557,5.374046010367964,4.9973738686886735,5.178341704302547,5.943380709391704,-1
228,5.099962738973628,4.951904998476973,5.038551868478564,5.259964023389801,5.112142376489509,5.3620027786172475,4.993882529246843,5.1703552593078825,5.927913678275935,-1
229,5.105874485797327,4.931235088589904,5.025556332062201,5.257944222097483,5.135907482193611,5.351943179742267,5.0018900225128515,5.177840870723529,5.929705097929679,-1
230,5.103238915087676,4.913437404768953,5.000099960450711,5.246287059221238,5.149074534818714,5.348954311160663,5.00805915524692,5.180310096818583,5.9376885846163745,-1
231,5.106406701379791,4.886388840100419,4.975813915513195,5.225459231980705,5.151363402118916,5.333711942256927,5.003556286049091,5.198279951085427,5.928190001696984,-1
232,5.11066732298448,4.867376743961187,4.961082190400136,5.217904763337929,5.154649203484843,5.320298993497298,5.0059601060466346,5.220719960152221,5.94173579382377,-1
233,5.109763272516133,4.851616437226706,4.946901744900057,5.213710278840193,5.160107716425361,5.308317580552054,5.005519074093347,5.238909234537275,5.941188305547595,-1
234,5.109707343870081,4.8422040083431455,4.934068547495369,5.219059587488493,5.166631125723076,5.2981291514964175,5.008395403617064,5.261329177833246,5.934401617761787,-1
235,5.101354934031953,4.838907849781914,4.925606546477442,5.216775370250094,5.173317678518591,5.290181244385063,5.010297621614926,5.276275908717923,5.939528373305735,-1
236,5.092038030207516,4.836899763236035,4.9277951654094,5.21866911924462,5.177612963007478,5.276312476750411,5.010014553747918,5.2972255743540275,5.934504265015739,-1
237,5.092530787052332,4.844590894187094,4.950325626282753,5.221997159523955,5.170582431870928,5.264422563723754,5.004337192365196,5.310624962004484,5.94140834475755,-1
238,5.090117993723127,4.854795099801852,4.9803634557354135,5.228620260507024,5.161726931194897,5.241680182182246,4.9987323037656415,5.32888175248584,5.93237384400441,-1
239,5.089142770873041,4.873821723850584,5.004071114846276,5.229507665317855,5.154404314730668,5.234372821855978,5.000748228264093,5.351572522295365,5.936695683861733,-1
240,5.092427366697824,4.89127425960918,5.032192383456987,5.221254783575416,5.1501187410126,5.22187079880626,5.003186365532483,5.367094963127505,5.9451738935741805,-1
241,5.08715603080677,4.910588471491922,5.0565447351207204,5.2115660499594645,5.136092325652832,5.222023546808496,5.015202161662127,5.382524960925248,5.948514899119806,-1
242,5.086449631806676,4.924377869723806,5.084572948714044,5.196201676813129,5.120284397367439,5.217139287013999,5.023125116375335,5.387455978926011,5.952100907227476,-1
243,5.083533104391628,4.948494440416043,5.105919463790476,5.181259969831076,5.101409790510479,5.219291209346668,5.036409338712373,5.396223976102708,5.9589684270732315,-1
244,5.073791420016388,4.98031775095539,5.11480572718378,5.162797401269143,5.087032352697959,5.217181262360534,5.053924371163422,5.4003222309348,5.946661135856354,-1
245,5.058369636612304,5.009245904426049,5.108171101327385,5.139784907137199,5.07868764205651,5.207818448001999,5.074595628980119,5.40663893984714,5.942892500968897,-1
246,5.0465503644609,5.038925026753732,5.097532882216604,5.117755455238912,5.072636563519074,5.209273618900196,5.099959356462746,5.407522406300081,5.94916253277648,-1
247,5.0410222075363595,5.065632493675162,5.087777557367753,5.099530711551264,5.0687658180264545,5.2052653597858525,5.131239299130717,5.3966024403010096,5.945809381144976,-1
248,5.0373862685385005,5.090918420699575,5.0653342061448825,5.087915940962365,5.057426168575284,5.199370300799609,5.163104359871949,5.386763344216141,5.94655651658634,-1
249,5.04041589704611,5.110760114588107,5.038030911393792,5.080480388016652,5.04210222426576,5.178706339468651,5.181866028532201,5.375909678914379,5.955041841393959,-1
250,5.043379705767003,5.123760219459858,5.015157280994923,5.073872488292055,5.0201931616196,5.176843395078918,5.203602062106842,5.368202516417154,5.954055899534863,-1
251,5.058212370753697,5.1306613325732835,5.002094879893224,5.071062769720187,4.998810081012855,5.179856977607189,5.217917984030305,5.354126480536772,5.945357333636438,-1
252,5.076308242260577,5.123860579212919,5.001711902376215,5.069383253028845,4.978874735057947,5.182604148075258,5.221820509909865,5.349273358727412,5.965080412534196,-1
253,5.090781029861405,5.117962914617706,5.004735214230377,5.077623702893944,4.9712657733719015,5.191654814664235,5.2200380621973235,5.335581543120092,5.950461021826855,-1
254,5.110778268609458,5.1149835138721444,5.0183829688175425,5.083441712328446,4.955726072474187,5.188597734160246,5.214312518456308,5.322355609240238,5.952968638071272,-1
255,5.118226663341536,5.108348087171115,5.034728836821281,5.096021936959151,4.940588157811369,5.187511200967886,5.198245015976299,5.304672673657187,5.9645242925906565,-1
256,5.118981159294577,5.093171263383229,5.056402800132368,5.1018873255745705,4.934860941226463,5.199052753823612,5.184688689740188,5.290593547921125,5.957315820126814,-1
257,5.111423019483759,5.072301300621972,5.084247249723321,5.1073193330858455,4.9336742416838675,5.20766172623097,5.166528191233909,5.280955534456586,5.962670779168829,-1
258,5.098768602267921,5.050358641503094,5.106260268413503,5.109295506762238,4.939099071606403,5.209542706121361,5.1494493469532845,5.271420243823553,5.950512651839178,-1
259,5.072708914001944,5.030446355482718,5.123146011742173,5.11560341077846,4.935781593420258,5.2048870002485845,5.137886814998206,5.27252523284455,5.951115567547706,-1
260,5.051767350009007,5.012280447043319,5.130911262842488,5.114698014000833,4.9270634763289385,5.213605408411824,5.128969724355943,5.264952467515291,5.953207207859985,-1
261,5.0365127647216354,4.987870378321542,5.133805046902053,5.111048576347676,4.906323044497027,5.221537658488444,5.122590525606955,5.269307656245885,5.955364582151474,-1
262,5.019647038567696,4.962742459471066,5.147097918623496,5.102003701602583,4.895528134541889,5.232005064717309,5.11307405918871,5.275098449565624,5.953529105479251,-1
263,5.002279839853734,4.939878972442118,5.167648850164054,5.104741025458373,4.889799633805895,5.233616201996538,5.105528342823699,5.295248975319108,5.950708943049771,-1
264,4.983181468394748,4.922170774034985,5.198405254980363,5.116013872407125,4.881155803905989,5.231530345050729,5.098368577959275,5.311695563322258,5.964104501476112,-1
265,4.9711981657565225,4.911617794424443,5.221174372427915,5.128209522340157,4.874907648700702,5.237432466844398,5.1063490553826725,5.322655963022921,5.953849115595167,-1
266,4.956414163178491,4.909702696886833,5.239610609148709,5.144248552641002,4.868323551635513,5.245923559172391,5.108885329012406,5.3383885757987555,5.953817453617832,-1
267,4.944967868427327,4.912045237372514,5.255755390571706,5.150290860615673,4.872160818686172,5.2531835910877325,5.103637491828768,5.348174737249717,5.959433869014194,-1
268,4.938563322665312,4.919905745792517,5.262560019022411,5.163552684388669,4.880351798343733,5.255084641314679,5.092653179955115,5.359077946587643,5.957997863381975,-1
269,4.942585195340048,4.937517892328702,5.276017296830966,5.180021598188336,4.87903337776924,5.26258122332489,5.093645151766692,5.355543104894337,5.964160757050796,-1
270,4.947047014334425,4.958293120861944,5.273619621199957,5.204086421833689,4.881996661829259,5.275173511273478,5.102977347155392,5.3432431904609645,5.9591601691565845,-1
271,4.950870061562671,4.981064822934991,5.258398599080133,5.214374185437872,4.890775099621531,5.282920451353395,5.113884466692486,5.3110343448617465,5.9597155679182165,-1
272,4.96191839005145,5.006686043815408,5.222286257184379,5.220251973302937,4.896353790725052,5.288603062374324,5.117106438398758,5.275545206606982,5.968897616902033,-1
273,4.975671593681471,5.032308654925503,5.192096520172717,5.217816277668892,4.900532711771357,5.291360317186723,5.105317062619765,5.242872140609181,5.9655790402547755,-1
274,4.979398336003188,5.05315183550578,5.165937297861248,5.223020659968416,4.908821932091889,5.2871275487918625,5.085389002593332,5.215139700814074,5.967430308605648,-1
275,4.991310195067894,5.06731621941763,5.148026153572339,5.241997156420913,4.919906394807763,5.289136698636349,5.067548960403799,5.190160232643007,5.9697826228345665,-1
276,4.995911409726817,5.06831029030143,5.1424523123173795,5.25993501581489,4.921811350688183,5.290510143373784,5.058301737191034,5.157431237471055,5.963929978374098,-1
277,4.995486439151746,5.074932883359429,5.135407732399869,5.267462565139458,4.932978682939883,5.287895070154463,5.041629600800242,5.138971081298241,5.9704136574477085,-1
278,4.996512757456086,5.074091167037902,5.137561858840195,5.2708869092513675,4.9458849913754115,5.275768805656235,5.017763177949727,5.134991434463745,5.964093509434117,-1
279,4.9968146224839645,5.074537815313093,5.150944813221182,5.274623417460173,4.955226856927178,5.265586793834954,5.000038021516161,5.140243450343235,5.970126372397372,-1
280,4.997845686124328,5.069200770995996,5.173889863151032,5.27403246135224,4.964623437980254,5.256271541098595,4.979310545211316,5.15269834968845,5.964680326726959,-1
281,4.996425945624022,5.061485582143039,5.189535424604846,5.279140489306724,4.975635411978763,5.253947608106364,4.977041366479291,5.170662460662328,5.972833666160465,-1
282,5.00984011693995,5.061357886414335,5.2088776087868505,5.268427809968823,4.980585447936615,5.253683483363158,4.980376226297823,5.18244495998672,5.969072827562396,-1
283,5.016090933921136,5.0559219930889885,5.218022338523358,5.245310771802611,4.974852004049852,5.246785250018361,4.99114083341731,5.189475590585974,5.97317825862039,-1
284,5.024533551912458,5.049430495539151,5.226884916093735,5.2183680302539,4.980351008292287,5.226172731553792,5.007178801323686,5.201442712002542,5.978044584921704,-1
285,5.036921996316601,5.028266877494488,5.2374180212448,5.193981353086533,4.991143211748478,5.20487398550706,5.023938855430199,5.209774756696961,5.967702479466494,-1
286,5.046184264111665,5.00858994210026,5.235295875323023,5.171681265192832,4.994166409333985,5.189253017111982,5.04286615094363,5.214362106935303,5.970300876280425,-1
287,5.062824694613653,4.987477093711667,5.229606229275707,5.1474782462240904,4.99117680301192,5.1834612068061245,5.056146188318777,5.219159727852142,5.974278911804552,-1
288,5.06441923058653,4.978156366616796,5.227821047771609,5.132509355584313,4.98810816200022,5.175502284541519,5.07963294488566,5.234315910100179,5.9699160214121685,-1
289,5.063845532015258,4.968781749311585,5.229193333379788,5.109375295180272,4.979119458367115,5.152145802061607,5.099799846714465,5.240998675340462,5.966676405386915,-1
290,5.06144957532348,4.946452495570807,5.227895568059588,5.091110936221881,4.969355824215677,5.128275765723437,5.1180098297807195,5.249255028131603,5.9740010534758055,-1
291,5.058096017244357,4.935833586731493,5.231364518202973,5.08135518633076,4.969426584439535,5.1052173649421615,5.128375875668207,5.259895165493752,5.9761326069964795,-1
292,5.058147822367808,4.9410664116694525,5.236276105624867,5.073131317419268,4.969421571491559,5.102785439963812,5.140669168978764,5.270214189577415,5.974774811863481,-1
293,5.052116435966359,4.957264283886776,5.246144203541296,5.05978616205623,4.974643352669683,5.103479068359512,5.144219620383717,5.277062093363386,5.972892983225617,-1
294,5.044795597226706,4.964871562008022,5.265135756964546,5.052985953236838,4.982681009897636,5.106870221515483,5.1505865469678325,5.276962906289704,5.974232210519644,-1
295,5.032572436355262,4.96476150716823,5.268753813093163,5.048440669946775,4.997524284191946,5.105525876268558,5.156590492791773,5.279476825233789,5.977067209032086,-1
296,5.032715736338907,4.957628953944988,5.255840914612575,5.040110219714575,5.015106947011517,5.101800285213706,5.155888311848707,5.273354820758324,5.97209053993018,-1
297,5.033246529930662,4.952877775914824,5.237224513874846,5.038951704497756,5.041275689247327,5.10271869203176,5.144512141281076,5.263539970048992,5.97359403808372,-1
298,5.0316707774856475,4.945600228107297,5.221929766940664,5.038949578058036,5.06271906782597,5.1039263980905485,5.145515422725355,5.254648309953723,5.969447792428056,-1
299,5.034311375725783,4.9324486271684895,5.205230486227956,5.035881002313764,5.077541625808789,5.1131147936711105,5.1450649448661325,5.244811927364664,5.972048587177173,-1
300,5.029567124660843,4.914514329302406,5.193908787760989,5.028126854668746,5.095285390704654,5.1222097977637375,5.1388095261564,5.243003605494577,5.972806667831863,-1
301,5.029140455650119,4.894495373429921,5.1731468317374105,5.028617398904025,5.102343324893516,5.133494611295529,5.141147550604751,5.235799514000335,5.967112170799474,-1
302,5.035759993257182,4.885141428755671,5.147830110494246,5.021992650114841,5.106817299650986,5.148981544143213,5.144382516635034,5.231960596379478,5.974518320747861,-1
303,5.044933458628011,4.8924879551769145,5.128463649470795,5.01474879475178,5.101778487265001,5.168551106333447,5.141633457810385,5.2259724622078405,5.985449246293212,-1
304,5.057373178791666,4.899947105558846,5.120646373787447,5.012545122132213,5.090931738548548,5.190673283649328,5.140241336905302,5.214875687206793,5.9845162804584815,-1
305,5.066330101324212,4.906415753834161,5.120705834220153,5.0116035991651104,5.081551337156629,5.210415985356725,5.144988822303181,5.212779661544786,5.978671371584895,-1
306,5.075314375300194,4.929204386579272,5.112061211225884,5.018611400642552,5.0805630820187755,5.2213837597751835,5.155200579838744,5.214050503211614,5.980351275725179,-1
307,5.086059775912195,4.955788463064904,5.103896498486979,5.018201303196991,5.08098972357562,5.22104797886475,5.162918540472062,5.221251782055804,5.978790815411558,-1
308,5.1016524867078274,4.969041282133478,5.0909635875182495,5.029287464313039,5.074553318765343,5.20889095487845,5.162507100515998,5.2258300909193895,5.9837571198197805,-1
309,5.110013494531391,4.9784631615345205,5.081653756689451,5.033896294375675,5.068764230285618,5.197262720591387,5.160020856095576,5.237875509196057,5.984473747500846,-1
310,5.106741173155615,4.988868282479684,5.0735089365629955,5.041124136663156,5.068205816074573,5.180683747461702,5.166079002601556,5.254753242919554,5.975613356123863,-1
311,5.096031686371012,4.98824644383346,5.063625389160361,5.050607095146486,5.077933633066084,5.162682564295303,5.176364060677817,5.272725222857637,5.983393162653909,-1
312,5.074167431892553,4.997194323077084,5.059395116383143,5.060749454269311,5.089648344599081,5.146809559693458,5.182155066521236,5.292292437834945,5.980482313865973,-1
313,5.0569010126810054,4.997809676304217,5.063902320802249,5.073535058710548,5.092544242699643,5.1341695983566495,5.1803345990466845,5.306019818583394,5.974919586172007,-1
314,5.037831441872511,4.995810856604289,5.069032588381153,5.0859565317639355,5.091696593073713,5.128685874869671,5.167789074685753,5.317238173454266,5.979635669654321,-1
315,5.0133469622006555,5.005129102197914,5.077807370569818,5.105278928522562,5.0873691946997255,5.122391008494763,5.165866125674678,5.311674026986256,5.9858853007286905,-1
316,4.991870298067538,5.030258843363344,5.079302643093731,5.121999558865357,5.074414750985623,5.116156538924071,5.174463018460653,5.302338155275884,5.983108323648342,-1
317,4.976093845048416,5.059559231345779,5.071390004312194,5.139947141258015,5.064409311119947,5.110695206933281,5.186319802644296,5.299317435227391,5.980974233815859,-1
318,4.968646198244513,5.081071429484103,5.072047060116829,5.149091876828937,5.0567227995676785,5.105551299489173,5.1894862400924815,5.289369445490061,5.983779555558942,-1
319,4.963829236873642,5.095011689617952,5.083415020365454,5.164281916062861,5.043951960302307,5.100237756624605,5.1849572385231175,5.286162187305694,5.9864078754492365,-1
320,4.970638640372799,5.102275415448961,5.084358627871027,5.170506032282015,5.040878942126898,5.0884581128423845,5.191922864656458,5.284485594321844,5.9896461751717,-1
321,4.979607857047465,5.121648405570614,5.077147948686122,5.178745393698772,5.047984336227664,5.083901014502956,5.207932167482521,5.27684513433048,5.976490882363069,-1
322,4.98474238529005,5.135056076753545,5.070598019742625,5.171748132960585,5.0638763705687735,5.079715826863226,5.221302561503888,5.271032201568961,5.982768940124083,-1
323,4.9852108574627145,5.136672559757113,5.051908880762037,5.1604093970066325,5.084346709455325,5.079452595030778,5.226295307910614,5.277632214872913,5.986619794552076,-1
324,4.984229397657461,5.134934182527588,5.039868418064009,5.1521255785294855,5.113769669905129,5.087267400912199,5.228432825346716,5.282097626041812,5.983621187336876,-1
325,4.974096074932031,5.12871074436127,5.037579394773257,5.146185918292267,5.146593092721691,5.089313621707866,5.229784318385848,5.2830692969270165,5.98939307457385,-1
326,4.97455622160182,5.129210213491494,5.03430642333525,5.154430250382265,5.176960002789423,5.091965296450042,5.2291652595760185,5.290084846756548,5.988158153567161,-1
327,4.976245877476591,5.139882882241153,5.0224479345854585,5.159210826310774,5.205661638013223,5.090119620115532,5.237755074333497,5.29422293708488,5.9937916256830785,-1
328,4.974252227502852,5.142302498414741,5.016109817534516,5.164088649457731,5.2194661195865635,5.095777513213083,5.244584851097613,5.292775137843189,5.990690072645149,-1
329,4.968895587149982,5.137494485065897,5.007329266927876,5.167997299111075,5.225387172373743,5.095989836674418,5.248033146022883,5.298687328717495,5.988102468156855,-1
330,4.972467494947555,5.129804945658979,4.998089608954732,5.179582174744708,5.226451833850472,5.087452016632749,5.24499578822426,5.296843974175295,5.996043648973284,-1
331,4.976384336047296,5.1171722363975825,5.00025424555661,5.201359555155153,5.2235884105179435,5.0824748551501955,5.251990473193832,5.284825013232632,5.985597057825715,-1
332,4.977726773244306,5.103974054681056,4.997722791445701,5.217807752911114,5.22646916357711,5.080472239395215,5.268609104107153,5.273120116536355,5.993557451272177,-1
333,4.980130124786075,5.0941451964543365,4.997132228667523,5.23208648425901,5.227547274745408,5.07139451364489,5.276586227428946,5.261697210171456,5.990631483225969,-1
334,4.972064261262852,5.07554976851603,4.99257011971473,5.238216573614955,5.233427427182324,5.063530218742446,5.284868663395686,5.253978654234203,5.98388550500226,-1
335,4.967783460318842,5.056865719653331,4.992462326041496,5.230644530853863,5.245257610953034,5.059379066366877,5.295774252143227,5.250219195421566,5.980127695010607,-1
336,4.962206479986849,5.058794739941862,4.992363079019867,5.222708285002238,5.261515066339603,5.062783074942523,5.294234529642152,5.244568400073876,5.98696321820164,-1
337,4.9564000508941835,5.05740652559289,4.992644613078104,5.209510570579058,5.278749434565098,5.066074520313428,5.291825688709011,5.242671331729823,5.987156854281171,-1
338,4.950225540624439,5.064396671723041,5.003749349882814,5.193499548784682,5.293144614166208,5.0833018079535135,5.289485837237908,5.251300691724887,5.990790621188486,-1
339,4.9516546211618975,5.073704435438272,5.010171273503638,5.167818747200653,5.318072599566065,5.102894641241325,5.278071727428308,5.272984025631079,5.997525450335817,-1
340,4.962777123738142,5.0770581198691165,5.0227080091621135,5.135083360629137,5.344579527762544,5.10353320823471,5.259556870787107,5.287410970311364,5.981640610219764,-1
341,4.975407086023129,5.077020047551583,5.027029422996218,5.1041030170433315,5.364220575833479,5.103642841110001,5.241753129166205,5.302550011356783,5.98758029293731,-1
342,4.990661141257885,5.086255969097775,5.032612691884193,5.0740899983093275,5.383571622935853,5.098561951658581,5.2152673321044745,5.307563662390951,5.987318111180588,-1
343,5.004980888697221,5.099672482000405,5.036607560281407,5.066245134894553,5.397322818150383,5.099956744566014,5.187621553707334,5.306854597982471,5.994759515626721,-1
344,5.017277991908543,5.100997672882361,5.035334293354091,5.067580466525731,5.403194599108266,5.0872748908793906,5.163557696480818,5.293670050448398,5.996528693721874,-1
345,5.033145115342222,5.117584008011249,5.03754170345267,5.073587337028237,5.412096141843177,5.0655077810630065,5.139706081082073,5.273637807104862,5.993541460301653,-1
346,5.045961768507892,5.134007314016899,5.027845412409801,5.085121238635441,5.411574099966705,5.036437037779049,5.132445564897255,5.245514863827335,5.98926079495582,-1
347,5.07211354743368,5.146876393843035,5.021516492740346,5.101549693988042,5.4045036976888525,5.002422801866577,5.134993131102439,5.21437762728527,5.998675448774733,-1
348,5.082370895793562,5.164042189970596,5.010588572852638,5.1181950334650645,5.390137898011192,4.990310738868603,5.133439327432599,5.189446994969406,5.994200021986763,-1
349,5.084336017286263,5.18567230327424,5.007943182482261,5.139261506315756,5.38059320940526,4.988328210395514,5.129405251700608,5.1595679842966575,5.992641405918879,-1
350,5.090851219965253,5.194135966609115,5.000343101669903,5.1540464019012,5.362036707517726,4.987815218483176,5.130927900585949,5.129219415133894,5.998692645368288,-1
351,5.092867623573767,5.203475018198832,4.992747699667491,5.16106775312994,5.346879949062317,4.9804222249407335,5.131949112703024,5.105324440408637,5.992444254374578,-1
352,5.090891147236567,5.210422059831214,4.989241534277904,5.164075197150347,5.337970433947372,4.978841668205193,5.136158863956645,5.1030480984297775,5.9954277055991,-1
353,5.083887370439135,5.195474523564772,4.9902869107328245,5.163976530671672,5.324539532275337,4.9936879318867256,5.145809933859666,5.0999775431111765,5.9824392358864635,-1
354,5.075851613848859,5.172632255162508,5.006944347093254,5.165892501533262,5.31570594188914,5.007185660867984,5.1466534768379155,5.102295677811214,5.996590193170584,-1
355,5.053904339316327,5.1577649524497575,5.019716151400779,5.163736498214915,5.309894158611242,5.016261570382124,5.144492600397936,5.102627532067938,5.988677640144389,-1
356,5.04489600666706,5.141511756153365,5.034317061713956,5.168449748673679,5.299618838712623,5.016422965963745,5.152410441813496,5.111734374522008,5.99635746654269,-1
357,5.049538120868972,5.132915984101108,5.047433007856226,5.16787985430138,5.2751077984232895,5.015459925073111,5.167812611644623,5.117888141917522,5.992983057130965,-1
358,5.043030191188661,5.139500839884226,5.067421126149846,5.1773285071939235,5.250594539021315,5.017085553125353,5.185546488933311,5.124888221570575,5.996106054952691,-1
359,5.038410765379452,5.142182674189037,5.0883876128161845,5.181207945967233,5.225978827787094,5.0218265980828605,5.202754580648062,5.124907151814293,5.997557570285831,-1
360,5.04354371801204,5.136950599652544,5.110758817198915,5.18432664851832,5.2018875735924,5.030200472492633,5.222304251731671,5.123080604472843,5.998534590751545,-1
361,5.046566724767205,5.144418060055756,5.130169744264574,5.1875320275427494,5.177184163753659,5.030521972787345,5.238388422633026,5.1167163208077024,5.991002988326032,-1
362,5.0500759481669695,5.14912196634721,5.143521793897577,5.183066454069568,5.159370425363787,5.030830495465329,5.252461006422044,5.108642821124658,5.9950206513169,-1
363,5.05418637777583,5.152772508743372,5.152285617074751,5.178009066578593,5.133678953853743,5.033393176382477,5.26311134446285,5.103774145097764,5.999263759192147,-1
364,5.050188356768712,5.158896645217149,5.154019145393775,5.166115276143062,5.112213586305446,5.046749983702946,5.258023839907148,5.095514112537076,5.997647211830736,-1
365,5.044183569986479,5.1657099255854675,5.156402073004646,5.160134948538952,5.103923955277014,5.060628619454114,5.246212335019987,5.092937792689861,6.002534843412042,-1
366,5.04342702517797,5.167710201730183,5.155699360749914,5.14350279984158,5.100567171257287,5.078667619491474,5.2363151931970675,5.09991864536159,6.005978823489804,-1
367,5.051123734795202,5.161950759854177,5.154618073142217,5.130796471328258,5.090960661305379,5.09342140800331,5.223441607884842,5.103977411031212,6.008965861396342,-1
368,5.042431754839059,5.164746289859801,5.143430732318602,5.1124634084348495,5.085649176663724,5.109209859288773,5.2013811321843475,5.1006888453326,6.0019843910387145,-1
369,5.0400164517506525,5.161197702075954,5.129981180443106,5.099308002182722,5.087160167355113,5.1280191151980885,5.1848603262577235,5.119734543811503,6.002771180300814,-1
370,5.04089558151178,5.1625903508581334,5.113336687499665,5.090829432253662,5.08596007917029,5.141781637733542,5.1704824163966565,5.134183518886339,5.997599431876014,-1
371,5.042157930979611,5.153164227483529,5.114178885796948,5.079193106749919,5.094944854213435,5.151904139041282,5.1634487721478575,5.143713416805454,6.005443339985681,-1
372,5.046733610831568,5.133889154243496,5.116454458945047,5.079269806232128,5.101759362248401,5.158303454339977,5.1634521667880575,5.147527593737497,6.011202365494025,-1
373,5.049728190358583,5.112757636314338,5.113813744276842,5.068118768538134,5.116568805999321,5.163340342001861,5.172280639624133,5.157494352076613,6.011086345965076,-1
374,5.056737056606349,5.09117325016713,5.105687815795866,5.064550733601621,5.128144726715682,5.157812517802936,5.185216655497289,5.157903169721497,5.99445343690722,-1
375,5.056452620397758,5.078791065119231,5.100006464468864,5.066758143959285,5.149608184106146,5.150967931353524,5.211871199354391,5.161092745139372,6.003685673893941,-1
376,5.059888914089398,5.066027899190276,5.1109832257613785,5.066706355994306,5.163169834651565,5.148312969470379,5.246209422049801,5.170388708282946,5.999983716530808,-1
377,5.0566285499889325,5.063519076195155,5.1258964178466915,5.068971642889555,5.169695675395562,5.149308360776045,5.271573228354137,5.166520408022811,6.006495589607356,-1
378,5.0494790455094085,5.064189549037032,5.147954962236824,5.065715731115786,5.170357534683505,5.155292415900464,5.292321456790902,5.158514008300034,6.002928657635414,-1
379,5.042478486196976,5.074696715168335,5.1577748800559124,5.073855955015889,5.166969315866059,5.173193415298802,5.310385211355366,5.155238847453546,6.0027278662140775,-1
380,5.031252871581671,5.0886102481868924,5.172359368051694,5.08537664861101,5.175338536810355,5.181206765596519,5.321653364330814,5.151816399133249,6.01150359019185,-1
381,5.02533100049394,5.088353580649139,5.1974273420588935,5.109298636472834,5.170373178979315,5.188705772005749,5.330474913623771,5.13123578203952,6.007280549959926,-1
382,5.0104719617293565,5.07945659700161,5.221124630816945,5.134672513381738,5.164858502457102,5.207197285673897,5.34460722856279,5.104496617272747,5.99946451828665,-1
383,4.997395457526168,5.068860969413179,5.245134683025671,5.154098194663991,5.156983896649664,5.22115136162673,5.347296679931822,5.075585377948642,6.007808657140774,-1
384,4.993337775739309,5.045350731296119,5.25777050254997,5.18272433556824,5.147046854029395,5.212887738838408,5.348713587899733,5.038968145558092,6.001165811345002,-1
385,4.995689721556031,5.016371548935629,5.269640272581219,5.207032634046618,5.1426914562703505,5.192537861860273,5.3512681655734555,4.992472002288448,6.0035063855872055,-1
386,5.006838778458639,4.995446732073991,5.2820676422855914,5.23191442968164,5.149321549097844,5.167367515776714,5.356653350780796,4.952117600114241,6.00095293197114,-1
387,5.015557806677689,4.959042838298115,5.284576553334849,5.242479052693569,5.156051166604083,5.136008072538944,5.35222802816107,4.915031778143087,6.0026830744270185,-1
388,5.0291362028257005,4.927442184978621,5.290385183587331,5.2528518933424415,5.158805105794279,5.105685631130718,5.344813525286447,4.88245623887022,6.00624370267601,-1
389,5.0298372405323555,4.902858084110716,5.282621903719167,5.257672177652054,5.158417253127262,5.075106333161975,5.331886155238919,4.862459170769928,6.010823934900497,-1
390,5.037617736976263,4.88780317863842,5.273086307518043,5.257914971201697,5.161021231803564,5.046562395332293,5.30165552024382,4.84941603428559,6.005447160869168,-1
391,5.036766309401747,4.867457461806511,5.270107036096958,5.26002307009273,5.152963200617188,5.027256651288583,5.265324093792495,4.841301161942665,6.000822458414679,-1
392,5.034753482077466,4.869772711916364,5.274350702693253,5.261628658027236,5.1532149571103325,5.015977609956965,5.235062497430741,4.840959701673895,6.0075987733365865,-1
393,5.029971703429218,4.877009923436939,5.280496564038651,5.264131006850379,5.148069646631122,5.010466719553732,5.198121941233183,4.84592627426924,6.010747213630754,-1
394,5.016827124162514,4.871848874426581,5.270229280141189,5.271255983732788,5.1387708193618,5.011995257803674,5.167844208950995,4.858177950237361,6.0071720388976795,-1
395,5.0061719255551385,4.87505701216984,5.262551097574497,5.291991224315636,5.131630551701223,5.004331370349149,5.147043978027174,4.8551422904087795,6.00507007248007,-1
396,4.9930819774309,4.8743458010130585,5.243495996877858,5.300498560762128,5.124829625776694,4.989811797584239,5.129623907146474,4.852046137454566,6.0095644266456985,-1
397,4.981772113236732,4.8859615864819945,5.2268580317673825,5.307965798524694,5.124247643886204,4.981025766221857,5.114885607080571,4.843426285876992,6.011381111013109,-1
398,4.971036056663066,4.897533457865915,5.212992108038435,5.3088663705712404,5.1116977668475805,4.9620124504915895,5.099415514353613,4.838853265614788,6.016118216015044,-1
399,4.965754739639158,4.909607321736731,5.187659987444993,5.302458840433882,5.106246983927603,4.945300346662438,5.081987565194154,4.8354589663243,6.004019569935737,-1
400,4.9555350817506545,4.907797968066572,5.1527329870038265,5.296539587897194,5.101488872776463,4.9315785044745,5.063573073475607,4.827337784447687,6.001385666977346,-1
401,4.950139192696513,4.912316055435208,5.104073352858089,5.287864137386062,5.101471383371608,4.924714689463808,5.0490379819554665,4.820719961361795,6.015622554731729,-1
402,4.939482454496032,4.916267170347522,5.060041672348794,5.280813011498331,5.103003836564782,4.919011275648927,5.024081356474646,4.808280890942353,6.005846256366884,-1
403,4.925979796845599,4.921699724245296,5.024437247066519,5.264327699313908,5.095409563805371,4.923695030987769,4.99446977670628,4.8034319050424195,6.023356487410439,-1
404,4.914085414141481,4.937801738189967,5.000949229930382,5.2500042239003255,5.083844552993294,4.939546807993526,4.970173657767544,4.805415441579909,6.009639787689972,-1
405,4.906956541602022,4.94145761664699,4.9836653622950005,5.229749396249,5.07619096892148,4.958381882669079,4.953566317454923,4.80337753785029,6.007081119266966,-1
406,4.889006728141474,4.940163860119221,4.96514883672002,5.220355028770592,5.071483042222221,4.985782237360731,4.941462623081108,4.802617177450516,6.017504334743238,-1
407,4.873001374641188,4.9435358794226065,4.956676764404435,5.212786208072036,5.079072702856933,5.014776702911087,4.9459310537766425,4.801680422050806,6.006751274994766,-1
408,4.866477202101126,4.955507026473777,4.9488062865614255,5.205932905967646,5.087518285786361,5.0501897542609235,4.943336850860169,4.7966583276406745,6.0001579525609445,-1
409,4.855009610153809,4.953603390563881,4.947416685727112,5.1921298035687045,5.087113457305622,5.076798268214985,4.944579340520765,4.79938848762528,6.008766819906426,-1
410,4.844503221295926,4.9565744724416705,4.942902055117731,5.1760940762404255,5.090995682927875,5.097571772000486,4.956194718205961,4.804315310224507,6.008593956428738,-1
411,4.833398695805084,4.9566445466230515,4.931168625306541,5.164795615507914,5.097602652701786,5.11387540610813,4.972623283348824,4.81646794012616,6.015885137172228,-1
412,4.829404767576393,4.959050478522619,4.916695853199636,5.154477091803205,5.105744148051647,5.133749153985202,5.000516922195053,4.827112993616931,6.008024608593395,-1
413,4.821832827836148,4.9603180122574875,4.891415260156033,5.152422680346206,5.111128290923729,5.1386370109746755,5.02411478878514,4.839698161275762,6.016005970564002,-1
414,4.827089839897073,4.961569287250795,4.8834056154823475,5.147523420227912,5.1254572010649735,5.129876620439392,5.055242046170569,4.851440391326422,6.008900103273809,-1
415,4.835228519795985,4.954592926444588,4.868738280968598,5.138718684246841,5.121642467914922,5.106048029497979,5.071025553577018,4.870454192220613,6.0011051796974515,-1
416,4.832743613581828,4.943531463107845,4.8673307499044896,5.129309650485497,5.121661312269033,5.0766245671350685,5.089736475071278,4.895861540502124,6.011503040593879,-1
417,4.821975229770488,4.937665173552593,4.879959977880179,5.129490663634282,5.1265542077609165,5.061155907908624,5.11548851061152,4.923943376014337,6.019523591079313,-1
418,4.818401434266802,4.932696733458332,4.8997395891345,5.130466853064139,5.1258217178436505,5.04048036642467,5.141105670966343,4.957145769298037,6.00328612364596,-1
419,4.816150039923376,4.93838571049464,4.930188456102708,5.1336266129178805,5.132311797254631,5.027319000026139,5.163091706774326,4.982114413081598,6.015430776901459,-1
420,4.805834112726295,4.933545718639884,4.960791901502152,5.139174509754586,5.138548574305213,5.007393807372205,5.183531074222126,5.004539363881414,6.00905991630894,-1
421,4.798651413140403,4.927842974067062,4.999853986031363,5.143446085720764,5.142089471901905,4.999720673463654,5.199523203590748,5.033580408439684,6.024735063722334,-1
422,4.797191505965007,4.928654607801343,5.024967005433209,5.146868468011818,5.143797405944927,4.999327219563254,5.214848325786264,5.05851408462309,6.007016259744201,-1
423,4.801316702860471,4.928286005314321,5.051822497833678,5.1479328768747745,5.153102129550045,5.0036229414413596,5.23332001346566,5.070855863187911,6.007381335425163,-1
424,4.809647742960618,4.927920685644603,5.081960078619977,5.156339748032668,5.157612035640889,5.0123307046951835,5.255347781033188,5.085603734564075,6.013947268416605,-1
425,4.833134961644019,4.925297056310224,5.0996515194621175,5.150977359848142,5.1562543843032325,5.01296722619078,5.268553708850341,5.097953510300769,6.014501970950662,-1
426,4.853039526693497,4.918053258873581,5.122249792844453,5.139197794791739,5.15781612091854,5.022318044798071,5.276178998604224,5.098797631010625,6.01897454451363,-1
427,4.872560807327005,4.905131216713677,5.136188771857833,5.126712704962719,5.155802263175564,5.024573550226006,5.28508776071627,5.110530996675191,6.015517809370344,-1
428,4.888489469867014,4.896585397350514,5.154454202744283,5.116030121160847,5.151536507545845,5.031777852236577,5.279197246129956,5.1231578037783505,6.00861874649234,-1
429,4.898825441752183,4.900835638999662,5.159557461805077,5.106533025657544,5.140932226423712,5.031241174424669,5.276686122938311,5.135701984846619,6.016335726834687,-1
430,4.910723921741518,4.905209948979697,5.164121953490371,5.098628958374815,5.123015938300263,5.036412906305482,5.262577532686123,5.148442250753087,6.017985762917368,-1
431,4.91129175162729,4.913161661483093,5.162187034232082,5.095330883967007,5.0965413708713925,5.04051665961531,5.2590344157112465,5.163277359583082,6.01407868259414,-1
432,4.916780760217325,4.924034464887138,5.148603038430444,5.080212366787253,5.06496966026837,5.043754441087483,5.249396987453807,5.180807459121076,6.016876316556516,-1
433,4.916539613095976,4.9442118399670365,5.1307175881555365,5.068917522924072,5.048959841870654,5.051301490950132,5.252663147552013,5.193468871539993,6.008885783639878,-1
434,4.916770140393466,4.966555309719354,5.105950785864087,5.056848918256611,5.029525024716809,5.060780139163323,5.255459990836891,5.206061876979055,6.012189807989935,-1
435,4.908149734022356,4.994511208685901,5.08156823542569,5.045590885622058,5.0124544496528545,5.063540977836939,5.252742258356795,5.216445103810957,6.015914453960903,-1
436,4.899648030200094,5.02386402300166,5.045135770001674,5.02948417585238,4.983477241583007,5.060542678345876,5.246209470231945,5.2229539121619215,6.023293684087246,-1
437,4.891190751901619,5.0390684754885795,5.013900041558502,5.012470165994236,4.972371537387896,5.062181707457592,5.247350265859548,5.219847980056151,6.011139293948523,-1
438,4.875865275817509,5.067824007338214,4.994416605608041,4.999390785740691,4.976963335224784,5.058827570056382,5.254495532467975,5.22091541817609,6.020893285753931,-1
439,4.86124069969884,5.101098302103177,4.983910991346174,4.983703778122665,4.981012262614477,5.064271548936913,5.248257034686274,5.216956356905689,6.019336687884356,-1
440,4.840884984879752,5.128860244643417,4.973527951808821,4.986155342509683,4.991078029485006,5.069369958663834,5.2497406508313285,5.201957098674009,6.009857875131582,-1
441,4.8202215230293195,5.145745430650535,4.965473523236289,4.998343026937856,4.998637367214634,5.066096901395992,5.236063325596526,5.1876488577824205,6.021303032164582,-1
442,4.803353169050596,5.1665328047557475,4.974641122010617,5.006318003866441,5.00119342167862,5.069718112659361,5.227201692506191,5.178594852413017,6.020691139093382,-1
443,4.7921336742199685,5.182427193135576,4.990413104157699,5.0140661451424675,4.998859194461993,5.077942638951304,5.225396154672798,5.164231559068605,6.018254181480927,-1
444,4.791771535317758,5.20180301988371,5.007346080963868,5.03292363757125,5.007744612457018,5.077443808286325,5.228700638888817,5.146746840131714,6.020245187595935,-1
445,4.799396376393161,5.224661276720798,5.019498295990586,5.051156486511314,5.0049218202680095,5.069298729330016,5.230138463126884,5.134902914845633,6.021514324727409,-1
446,4.803389989071915,5.230675672514086,5.019423042634007,5.060526186806711,4.995662072718945,5.06085291906502,5.233492256748404,5.116432747756591,6.0127214619821014,-1
447,4.81474287819475,5.234313353668067,5.0164509992152935,5.076373218906558,4.995455811933322,5.052512608395064,5.232068966644544,5.10092364002316,6.025306047235423,-1
448,4.8395240836262765,5.246150329220208,5.018631773566101,5.0831557816616195,5.003421533394078,5.039675464977471,5.229284998672984,5.093620021652033,6.023654026289906,-1
449,4.865917436800606,5.262167548279311,5.028339427738691,5.081109444077169,5.008994451514429,5.026113445587531,5.235399964147759,5.089543770049393,6.017939663133816,-1
450,4.883820336345387,5.272991617118769,5.024773509088968,5.089273397380266,5.014314116864609,5.007726881218286,5.228575567214601,5.084143023189357,6.02098708343187,-1
451,4.906876290209697,5.287476348629058,5.021408333455076,5.097434572532325,5.019054142441515,5.0008596653345485,5.223588922853729,5.086763945758457,6.018385472586287,-1
452,4.921164044216522,5.294006057817805,5.025431992802507,5.0935733129866385,5.032714746503812,5.001183905862761,5.220413778558204,5.088740020210945,6.027236572585927,-1
453,4.941765835415726,5.297778561243474,5.038937721042639,5.082843034650977,5.0458670654351305,5.01176450471847,5.208675077155065,5.091654570174054,6.022273933157896,-1
454,4.96803980775027,5.296981899366311,5.05828662297103,5.07551060855055,5.058462713440222,5.025520245124869,5.198370372338881,5.095514214541513,6.024009997648228,-1
455,4.989957148792951,5.304582197717019,5.074765136234534,5.0656068253019235,5.064278066024981,5.035718465310688,5.200720048630846,5.099888790399787,6.019712614972714,-1
456,4.99844932115089,5.3007919078890335,5.085961632114552,5.0481128654245335,5.062002261078383,5.0434997431014565,5.195943327872579,5.1033971567750545,6.021292894187495,-1
457,5.005284048070247,5.3020940777355285,5.0937791091717255,5.035164005122512,5.056653294999535,5.047885829570336,5.187808945123064,5.104884637537086,6.016230163068977,-1
458,5.015235428688165,5.311035089259032,5.097619252793199,5.018952825174305,5.060756724232049,5.047586491979697,5.198317602533305,5.110799664653074,6.019021271038129,-1
459,5.017883412200557,5.311734462056221,5.096511997944587,5.002182260592103,5.0585212074787975,5.034563848847233,5.200196870363765,5.108521606107112,6.026128264712776,-1
460,5.022082695559932,5.311270145362862,5.10010637242097,4.982183777252023,5.050750521056958,5.028623211218379,5.202000202693501,5.110552156941373,6.0217667924857805,-1
461,5.02732326166717,5.313494206134482,5.1026393219403605,4.962707639039734,5.053203915614155,5.018890010116961,5.207973829850412,5.106853557813592,6.024583085795112,-1
462,5.025215946074967,5.314722553590125,5.0955902761965115,4.938858695957155,5.046399672638149,5.008774214005908,5.211995324970186,5.10877992216726,6.0235675274369225,-1
463,5.031774262054816,5.306207457704614,5.088785046684116,4.91396479446072,5.058678748076588,4.9902805024349455,5.213752893962405,5.107151003579892,6.017577717038204,-1
464,5.047167797334957,5.301764598930899,5.085799544968288,4.8967843306115775,5.067767267601854,4.974181564712599,5.221875033165106,5.101262988039434,6.021345654560644,-1
465,5.0655732116591485,5.290106716577686,5.084607497924903,4.8822531154561615,5.079727294610881,4.954426981854111,5.235450754138485,5.099698407398706,6.024233858166492,-1
466,5.083393869545022,5.270942912398867,5.090541305158837,4.8730090154656835,5.091916002436196,4.939910813778213,5.240770086028789,5.092785850406788,6.011681608960515,-1
467,5.105533136370155,5.253947262572857,5.096778657087494,4.860232608284836,5.111974366045911,4.935272120850759,5.251415202534012,5.0914021397481894,6.018212829870182,-1
468,5.128573389904069,5.241454160486862,5.095852745377209,4.856962262551381,5.131962387708911,4.9294384838102285,5.267679255515498,5.093931579999479,6.020096255217052,-1
469,5.144442139884545,5.224960101759176,5.097028743746772,4.863022673731146,5.15749978042382,4.921290021229766,5.287580486782834,5.104595593420318,6.016657136020609,-1
470,5.1615117160756325,5.217352171874682,5.11390995123214,4.872297665000306,5.194409407605949,4.908901236880191,5.304236358732712,5.119652421980254,6.020483309997746,-1
471,5.170792424359376,5.204451940731198,5.128678247502335,4.8883840969013415,5.2087010258880735,4.9017612894452345,5.320858414621539,5.144538109681387,6.033467807548005,-1
472,5.17520427403632,5.198716757141326,5.141204185245822,4.890729735488539,5.22404207263019,4.892994642018665,5.33840256374877,5.176496797274991,6.027291219469531,-1
473,5.178335572248193,5.1958532320751765,5.143823631230082,4.897928747702103,5.2357907626807005,4.886522762316167,5.347866494974099,5.205377959307096,6.022691949728723,-1
474,5.186105676343017,5.206776093381195,5.144123502411969,4.90504695864283,5.248137856468665,4.883308201283221,5.35842194739995,5.2400975858252465,6.01995367873973,-1
475,5.189623308941175,5.211723705094671,5.146716555902502,4.9095332922940615,5.260833032134418,4.877177410971797,5.37289464573761,5.27230548622541,6.027307789268747,-1
476,5.190921185898861,5.211791153975025,5.157236737255646,4.903401262394898,5.268372045973617,4.8744591569930416,5.382635937095505,5.295573398306706,6.025326436860035,-1
477,5.19070918642905,5.21867141201931,5.175456671422264,4.893032727061718,5.263001236970598,4.8739767466420485,5.388459322469272,5.312552689950053,6.025443213459175,-1
478,5.189524433367648,5.222806318319503,5.192613324185947,4.888237817144659,5.2484073920070715,4.861766896865385,5.393678389612507,5.317002739245696,6.03744035592019,-1
479,5.17123083316077,5.234649070376788,5.2138948434950265,4.882008682551037,5.237863748887481,4.862159278751618,5.386887872311103,5.318375073344217,6.02953431420818,-1
480,5.141703144246844,5.235311691434477,5.239245700554462,4.879231942166718,5.2340351382185,4.870149903202536,5.378095440680605,5.311750387656031,6.025246154193348,-1
481,5.111723186373727,5.237959255857708,5.274123112377519,4.873049579043229,5.237884773225472,4.885508428959859,5.3641630516956,5.3017152265613605,6.023412365737175,-1
482,5.0751698134730985,5.224251567150843,5.299751876524166,4.869821297294864,5.240469294892931,4.895025946365,5.34665524596431,5.289719450900808,6.02666186647556,-1
483,5.045729463497514,5.215907145646352,5.327082649468845,4.873721115494867,5.2338746309979305,4.909043501123113,5.322682338511294,5.27965998172745,6.013687503929911,-1
484,5.022840223187327,5.204499574478842,5.344944891512704,4.879911653964155,5.220565603519521,4.922392464809015,5.291241224309674,5.278755449720843,6.027925815790707,-1
485,4.996010838441591,5.1925328436118985,5.3455424340955835,4.8949418298691665,5.2037828833164745,4.935223708460813,5.257327076263036,5.284132366008182,6.024296803937124,-1
486,4.968823267635616,5.175853648810827,5.342701366975694,4.906553425607265,5.193491500058161,4.968424498491656,5.234242054986442,5.291629082443855,6.0271402992819105,-1
487,4.959008850664088,5.153087908104267,5.335843139622766,4.921541276154599,5.182090654544622,4.986516670244695,5.231807282998513,5.28781021506502,6.029994422025949,-1
488,4.962060093783096,5.132004127514475,5.316646037457776,4.943259919812424,5.15777582140171,5.002047393098762,5.231647599366645,5.285026300269406,6.02054089296986,-1
489,4.97176290400835,5.105075925650517,5.293770420785253,4.970313365413034,5.132733631680043,5.0128638458552075,5.240151430720571,5.2807514396101185,6.0278523592185715,-1
490,4.990685908235007,5.087032217184741,5.280254636211888,4.996507387404353,5.099292859685009,5.02601329155172,5.250685798324244,5.277700862969986,6.022933756509244,-1
491,5.0024914100616416,5.070609727123899,5.260398541719056,5.022374019627683,5.076779149034261,5.032866897360281,5.261323648869771,5.2667526017705075,6.017398053460172,-1
492,4.99964534176822,5.062883054230456,5.245843589864425,5.045439509162968,5.0701820066441625,5.032355362663418,5.278096356287154,5.24719182868567,6.027140901052296,-1
493,5.002542067046692,5.058035221153842,5.241969890858626,5.054088394981781,5.059560711329843,5.029763284439982,5.303204634574239,5.2208737484682235,6.024139282216429,-1
494,5.005790564969298,5.052412365603103,5.229517618275249,5.0556344896395515,5.052410042275624,5.028136348394198,5.321945453737779,5.20084465852029,6.021039257684875,-1
495,5.009537998188029,5.057966724114929,5.226627437699433,5.045287476557677,5.055392210898543,5.031985736356947,5.332126448086906,5.189689549597584,6.034658567989366,-1
496,5.017132674413247,5.06283465458139,5.226584037571801,5.031510924893561,5.06129061791259,5.030105409320734,5.337237218668584,5.1804524146920405,6.026785583419824,-1
497,5.021047218063149,5.078827458572861,5.222460515488235,5.00978666260618,5.06118039617734,5.0332339759497335,5.351019055478241,5.175436726575705,6.026294134060252,-1
498,5.016751910634403,5.091580652517436,5.2188818677321995,4.99332085806804,5.061258659562743,5.036585474282379,5.363168506435219,5.165983753962376,6.034426622084483,-1
499,5.0104064230807435,5.107372298770782,5.21832394952538,4.97436449520432,5.060396484669959,5.044672997303474,5.3816823428352345,5.155933934410644,6.025011392480228,-1
500,5.020246980083876,5.121915155484221,5.214048252878996,4.963136090583426,5.05671551902913,5.054280082424457,5.404011359577628,5.148511166174334,6.029327877159912,-1
501,5.0316758723381465,5.137391342946398,5.209421975226136,4.9583963585556905,5.060868541385698,5.062146237816208,5.410294859418236,5.141197024150664,6.021644165138363,-1
502,5.0441203684933384,5.150712513007862,5.210702086236459,4.962374949253006,5.051924574904728,5.063681670688017,5.414682678410805,5.131936635415741,6.030167784250948,-1
503,5.055323238026245,5.164519417089453,5.195738436030023,4.977577675249393,5.047231491996107,5.065851868500306,5.415934936506051,5.117833034763561,6.018165484492581,-1
504,5.061298213134296,5.180807165233882,5.188704773336835,4.997177676755399,5.051376755049618,5.07301904901303,5.4159108976640775,5.102807778574973,6.02194917075943,-1
505,5.057688092033398,5.19038926919581,5.187803376680564,5.023601679653139,5.057313810925543,5.077775646030245,5.404729386654083,5.079124967245685,6.023058568744372,-1
506,5.058277813209438,5.20482517890812,5.179997884700271,5.039945699689531,5.072824745455072,5.078342908438663,5.393295362786696,5.056393493209874,6.032551936062985,-1
507,5.058552877421508,5.214279162623323,5.183608511555811,5.050761685815557,5.08872460846057,5.072965526120555,5.373853282092715,5.03073029248056,6.033500601419424,-1
508,5.064003956442704,5.220357544966668,5.194012202099287,5.063247851097716,5.100992924096424,5.068967513536754,5.355173638778899,5.014703671229445,6.037273744823248,-1
509,5.061419811030108,5.221275689192784,5.199859981959495,5.069495440581906,5.114874452371852,5.072152882429125,5.342947357571619,5.0097124136031175,6.021832116458015,-1
510,5.059944342938707,5.223933790299572,5.207932133858057,5.070085078961642,5.1370074604819225,5.07106493808507,5.32356736245074,5.007245760929352,6.021659233265033,-1
511,5.055737483214104,5.2270141379196655,5.2281555721774575,5.067349610585314,5.1556848601013225,5.077880320375117,5.313361609777944,5.002441243102957,6.039691855534163,-1
512,5.049635318081904,5.2325414833591175,5.24314056289065,5.057278873066783,5.164161625310568,5.075554079027784,5.3015736299460485,4.998680959532558,6.032569540282167,-1
513,5.04404486934725,5.23694085491193,5.254278430166142,5.042166278023886,5.170649908587453,5.079806615498548,5.2918805023254345,5.000504048882825,6.028813438907977,-1
514,5.034684111041125,5.241614514866007,5.2637077218253,5.027158138716747,5.173239528458492,5.0851667172404875,5.281101967369913,5.003542119288575,6.02867732019321,-1
515,5.0404021955052905,5.257277576999242,5.266346504753486,5.0153015884333225,5.179684449981237,5.091826533246715,5.267849755803518,5.012461507457882,6.037913579117481,-1
516,5.034558014036206,5.2706969362586555,5.2724407637201995,4.999063927210743,5.184538635723222,5.107616992683983,5.24366494826145,5.016898913577743,6.0283789754968975,-1
517,5.037120373726457,5.281607335954999,5.281898545239937,4.984581044667633,5.196742736067362,5.115236578111755,5.2271034864172865,5.010318718421447,6.025271450015827,-1
518,5.035392675066122,5.293653810919392,5.279254863900678,4.97601254927206,5.2054340346289445,5.119695058645123,5.221779347263852,4.994449820016918,6.033572565498865,-1
519,5.037892804206244,5.305563068547343,5.278904945143325,4.971316326201371,5.203586549690454,5.116099785154005,5.215757244314048,4.98601220108903,6.029827313446592,-1
520,5.043423907828735,5.312196984510092,5.280785398313564,4.963190486655081,5.202376649884176,5.1164789146582175,5.218496511963687,4.986145362128811,6.034974724411177,-1
521,5.047218558023569,5.324542648266387,5.276704699989009,4.95716882955092,5.201589207212198,5.099268893746817,5.221469861578052,4.982907318467677,6.031581608131056,-1
522,5.05658468899316,5.326175316100306,5.2766205071909695,4.947351519612823,5.191084709261438,5.092708459119025,5.228426133351495,4.967567703026563,6.025136740230527,-1
523,5.068670722851356,5.314764498678663,5.262356313244686,4.936899681958414,5.1748566745258975,5.089808918263904,5.227501713236558,4.953874281878123,6.022566018529788,-1
524,5.088377114210439,5.307214203420802,5.23409757617629,4.926121075179139,5.160880716843275,5.080411142213333,5.223890384425638,4.9345258030587305,6.026039711552814,-1
525,5.109465152741737,5.303475837639674,5.202903916970825,4.920098514645248,5.1362596117462935,5.0753060118049405,5.217651660459528,4.926957186011154,6.0176911744076875,-1
526,5.141689232526426,5.308177731837901,5.1800189394043255,4.918444300989737,5.119255108252961,5.07909261794768,5.203186130342062,4.921531808413489,6.033321825543645,-1
527,5.172100107630396,5.306567003669839,5.165035485287381,4.90940334314684,5.104096786337361,5.076818683057637,5.187981781447408,4.920905150144101,6.021126351307992,-1
528,5.196825893648754,5.306653667363077,5.15928147302652,4.902395002810949,5.083850061215699,5.076154882489656,5.173949004392568,4.913786191066038,6.032817048058346,-1
529,5.23509681084065,5.297450095215148,5.164653433259176,4.886174590679075,5.065326690855966,5.09365444963355,5.158608047064138,4.913313041454927,6.033994742401776,-1
530,5.26883188320335,5.295014088368905,5.170214845918386,4.88301276961488,5.049011894259042,5.095558976925851,5.14170405754991,4.9156393497437385,6.03331433255953,-1
531,5.295624491090922,5.303372387666695,5.179389824486314,4.8807385153007985,5.028989652705612,5.089489941144933,5.145592909644019,4.919063628016193,6.032623403410977,-1
532,5.305095062588936,5.309337763637458,5.192328374898928,4.874961832623685,5.009219602559277,5.073825145522695,5.159576863340212,4.935407813401295,6.041546977730826,-1
533,5.307290008046512,5.30433577815937,5.20697488024269,4.865256591425464,4.991837917337039,5.056574754750838,5.169118068846658,4.935740920120031,6.028053977280247,-1
534,5.301036776305135,5.301975759153531,5.220687074216134,4.852230448130575,4.972448746618863,5.032980077543009,5.189936837576126,4.9452092362685445,6.031789223835294,-1
535,5.292990044836294,5.300070395731174,5.224202434682884,4.84299284819016,4.956519093001895,5.0089084462597295,5.210677673381599,4.947702942827448,6.029127669937065,-1
536,5.297691994389635,5.299740817970126,5.217364727118699,4.836731056128313,4.947524912397605,4.991495873597778,5.221832972480829,4.949489754086669,6.027055669679418,-1
537,5.300587097272539,5.291810918421146,5.209129328825082,4.843227368228319,4.9387017988210165,4.966794817350133,5.225539052900038,4.958646974424482,6.028205200571265,-1
538,5.299858959325568,5.28173368510331,5.195569413020164,4.843155491253253,4.940410483816626,4.947616897418868,5.2382070357986485,4.976949724805213,6.036952801450977,-1
539,5.293939076773457,5.269636510380862,5.178989191395853,4.839823372376855,4.945686500821024,4.944041578361971,5.239389574990939,4.989599868161722,6.0334940114653985,-1
540,5.304295033925416,5.260473862628267,5.157095102690334,4.851040922499548,4.960898867084901,4.945852788279545,5.239405974351019,4.9892927268582685,6.034721823844535,-1
541,5.3179545688729535,5.25884082526425,5.1346486276359595,4.870725601229667,4.97244096299084,4.9378732591967465,5.243385134237508,5.003554572040009,6.036417424243995,-1
542,5.333659498744684,5.257148944855939,5.12175788992811,4.890194095504405,4.971206778916276,4.936541090519632,5.242976899360308,5.0113071946540515,6.036984189876857,-1
543,5.349098596292566,5.249292071197113,5.103674684115086,4.906537794059355,4.970844352716654,4.934925266691906,5.234895431409296,5.019233610212025,6.024942260654297,-1
544,5.356427220423254,5.240303511054054,5.08678669256182,4.927408488138406,4.970259970731524,4.931559123467877,5.225389738729607,5.02660664499891,6.032131120073791,-1
545,5.348082024073058,5.240295731091411,5.070326793056788,4.935955027515348,4.969779316459089,4.926417755273544,5.227821501159706,5.032597609980809,6.038148395045711,-1
546,5.348049093650058,5.23621504998237,5.061394349990665,4.944604953719737,4.966651163080745,4.923237857833824,5.221595672784215,5.042128068750243,6.0387153192964265,-1
547,5.356842125778516,5.222663463257648,5.057905478367467,4.963128712508011,4.965342943086081,4.9097648326778796,5.21084357577444,5.0573346977706874,6.031292562034327,-1
548,5.361774380426384,5.200360829578865,5.059197872072955,4.9752763108497335,4.961060858466702,4.899763014132872,5.199946059928401,5.0714072696177,6.031828237163514,-1
549,5.371634452993752,5.188260949967315,5.061113219550469,4.988327354785622,4.9607195386747724,4.899743396885792,5.191037522149055,5.0763259105194525,6.028873912380892,-1
550,5.374952690493086,5.1738259690673045,5.05005163081957,4.989012842299432,4.969838016743864,4.895262199458025,5.177492414436855,5.0863306021901336,6.038635840937695,-1
551,5.375221448170153,5.161658496972868,5.047712270770561,4.988538697007734,4.9801401661848965,4.899643390280457,5.166215413350843,5.1052514703525524,6.030811274102211,-1
552,5.376589810273843,5.151944955073374,5.036382210112551,4.988109872623002,4.991333371902577,4.902952959919833,5.159929315331589,5.120940943045794,6.035744741472861,-1
553,5.394422277950778,5.133359961305032,5.021508546535226,4.989365690292008,5.007261662235951,4.908237108168439,5.1453956529557265,5.131970784219811,6.035365408373256,-1
554,5.405748263523961,5.12364067057381,5.001737074887888,4.9912225833941175,5.023471282560267,4.908766065831665,5.132103008230267,5.130724158381642,6.034447974357201,-1
555,5.40752406791384,5.123322070024561,4.98741063485525,4.991006377289062,5.03610541650256,4.904427701533231,5.128493813753085,5.116188660339394,6.031833912866334,-1
556,5.403649382010197,5.136278249018411,4.983559684987496,4.998671296943649,5.046480144588816,4.8966558261371755,5.133834029565211,5.107357828363262,6.027359167330876,-1
557,5.394427583120299,5.1341284150678295,4.993268382038657,5.0063440670978325,5.055847820461993,4.896524917794071,5.134689665678649,5.0981594040896585,6.027677444790445,-1
558,5.392318389095724,5.115459756336233,5.006772196402229,5.025513928037989,5.07025060893464,4.907018073012299,5.135300925883571,5.081428357820029,6.035942010031298,-1
559,5.395345298336568,5.111727216235762,5.012827411301202,5.0492002884580085,5.093197617561473,4.922401244773609,5.136278762770859,5.060310138121444,6.032452696161896,-1
560,5.391061594093089,5.110663097695949,5.022869194747112,5.069804641968396,5.1172623028955915,4.938981439926265,5.140542139601052,5.045559306092928,6.040276720765993,-1
561,5.375597371564296,5.124225950700585,5.041187781297554,5.085093976122178,5.133912669853192,4.9599728534285195,5.1476927340604774,5.0136616185428196,6.040669927136461,-1
562,5.371099356484511,5.138903705195986,5.0712345001283,5.094895086478278,5.151754317125127,4.976373448874905,5.150491846549079,4.983418959330237,6.044645098623848,-1
563,5.373442656956389,5.149613206827308,5.09995081764602,5.103145552227703,5.167472796600571,4.999001964523703,5.151011133723789,4.970447259105984,6.029444006605693,-1
564,5.374902835663921,5.146494839175252,5.118624689919867,5.103224984464488,5.181522846867318,5.018601283101453,5.1452359900654345,4.954270940347032,6.028161139837996,-1
565,5.376958791284904,5.149670223589325,5.125879122282825,5.108412314558693,5.196042259274504,5.04113830898061,5.129178965583836,4.935085187948123,6.033770086000236,-1
566,5.3782410824733216,5.166605490198716,5.130784361869775,5.106102905021985,5.217872700601838,5.046557161349751,5.113456431919468,4.91967788505839,6.028878458135487,-1
567,5.379590979947521,5.163751290045867,5.138802827894821,5.101371518668494,5.2321130728929655,5.043043823221861,5.097040421888212,4.900083484696565,6.043932402348533,-1
568,5.3806930459071705,5.1630180575469655,5.1551215812992845,5.098532337761523,5.247449414364639,5.033751950860981,5.069609779340485,4.870786897350334,6.034646079573042,-1
569,5.388991365700719,5.160311556457462,5.158887165838134,5.095046955291756,5.264483982005876,5.022702243558171,5.057601328762018,4.860701428998678,6.037301297776751,-1
570,5.399646127787875,5.147568771685278,5.152584250847728,5.1018777900593655,5.282625804205,5.015517703280962,5.054558983109184,4.854477689171244,6.030415469273291,-1
571,5.398954640112719,5.132550320294759,5.140308893020071,5.104885803665339,5.304092336526392,5.004043636387733,5.046104306305938,4.845352042526963,6.030497729675445,-1
572,5.4016581044600365,5.12495114866676,5.124979699021208,5.104193082425003,5.318548106775284,4.9987294625985115,5.044857121647606,4.83590249387996,6.0375520589728175,-1
573,5.399706401566494,5.118148387651852,5.106587842507642,5.086959180874932,5.3371712688002715,4.986345724272316,5.052596936314283,4.835865880353972,6.037159958221757,-1
574,5.390032429362768,5.111684474648436,5.093513650703178,5.079376644648971,5.346331421799851,4.983478945353881,5.055060688317946,4.829899859797748,6.033398534871676,-1
575,5.375488475148318,5.112318657207693,5.074503647148985,5.071728407216114,5.347018874070148,4.971091738419081,5.056601174071713,4.8281652829197235,6.044427923826502,-1
576,5.360894389907079,5.1142113683807455,5.044008436686816,5.0676828813101995,5.348956898135288,4.957878965406511,5.06799591342607,4.848706261408356,6.037730743213713,-1
577,5.348196037785389,5.119297397335769,5.013640146849398,5.080884218798527,5.349086661772116,4.938549901442656,5.066399127139878,4.865018022302099,6.029260497952721,-1
578,5.320259938541276,5.128337629502626,4.984321672300884,5.080125585303876,5.345265300110627,4.922041765193767,5.0549362351647655,4.881792087201279,6.037435281854663,-1
579,5.298553060499556,5.147023513696561,4.962078069908363,5.089503036498076,5.343903246708769,4.905958198910485,5.050305713686948,4.891513318703012,6.034209648446063,-1
580,5.272200150407061,5.159376739624461,4.939697263354582,5.110899146587933,5.347007678656813,4.886376172234875,5.044695702035943,4.902714075156296,6.035554477549985,-1
581,5.246246594253365,5.165700691325552,4.924674795463003,5.149594629104086,5.353349725199362,4.869200506388551,5.042356732745029,4.9085948785504225,6.0434511091750664,-1
582,5.23375052690322,5.165551412459927,4.9093453757026655,5.1875538620816775,5.362179545616806,4.853006000627163,5.046797069160609,4.922204412831317,6.038731579695501,-1
583,5.221381927537247,5.163902138373542,4.8906839350237705,5.2323655199641035,5.37708627940987,4.851115330304602,5.058058740264851,4.928673064008909,6.0418483073578,-1
584,5.212150142484812,5.156688326781684,4.878839766926687,5.268265071686397,5.38067858799262,4.856798698731147,5.05836890773487,4.915683124386644,6.027264652761661,-1
585,5.195233719212593,5.149676349773908,4.877231279762333,5.291908421149104,5.378664052454786,4.869397734861243,5.054642953703465,4.901515741017641,6.035205739753905,-1
586,5.18904533104825,5.146322771831853,4.874425288777215,5.318633260793837,5.368250383635924,4.8906875997801516,5.058194646380376,4.890806680397443,6.040883636693975,-1
587,5.189726772983883,5.1356902746606545,4.879983318713767,5.334458642148081,5.356035700366364,4.913756033164699,5.055416333470657,4.882612494405076,6.03472831227207,-1
588,5.192134358529387,5.12620402074536,4.898375497678107,5.337997786297093,5.338329039942229,4.941092748747904,5.048566359050774,4.878923024399477,6.035561753711783,-1
589,5.196912229297618,5.114062308740747,4.912165013177201,5.3269755950097855,5.318221634489467,4.967329408534283,5.0381567019576865,4.879676467664722,6.041026054854314,-1
590,5.193475885157945,5.108897806653959,4.924659470189713,5.307655992088618,5.293782076672036,4.989827991057081,5.035533818945911,4.874758055564296,6.027587195617319,-1
591,5.186195393527765,5.094866995208053,4.940670970044851,5.295644717573795,5.264397662614986,5.004261046518462,5.0310748672319665,4.8734082414132365,6.039019191876593,-1
592,5.182758056985038,5.075717389484047,4.963206661458369,5.288317467831741,5.236661884197916,5.011787608042393,5.027391692286287,4.87764753612006,6.04756789862697,-1
593,5.184367710461598,5.047473337599337,4.990704494498655,5.282143677145871,5.21950615113559,5.020336038603606,5.017989183663421,4.8759339911520785,6.034945401872762,-1
594,5.182271215958332,5.022820056591527,5.025849224076691,5.275360758318344,5.21250478653067,5.023707342535346,5.000190595651585,4.875940420044154,6.040725075216005,-1
595,5.176325560343379,4.9927795639702826,5.038612254624956,5.272039790154533,5.2100554807391415,5.024835027950269,4.972728961512931,4.888077228475934,6.0258226650868245,-1
596,5.1756939635644015,4.974434960121433,5.050916336548397,5.266803700209959,5.207283021416452,5.02975401214719,4.938562632251147,4.906000257776172,6.035256006830945,-1
597,5.179886257251226,4.971536180590484,5.058585326666678,5.266132222070984,5.196492497594566,5.035861012575852,4.907213604195288,4.9267105185162725,6.033265263885271,-1
598,5.181733181253238,4.969991003476201,5.065847047066687,5.26437902891302,5.191372073595596,5.04129346520898,4.881254199081578,4.951201760084173,6.034062464511772,-1
599,5.188254002001758,4.98112812279256,5.081400432155589,5.250359262391107,5.192907370130953,5.046982859487137,4.84944422304046,4.979675739324124,6.03476302515152,-1
600,5.20298504749209,4.997228800491239,5.096967345341232,5.237416835650986,5.191165175109485,5.046898699414672,4.819717458029956,5.007189355326259,6.0379260892661835,-1
601,5.215901717265092,5.019860005233108,5.106557625851586,5.22676996322631,5.18231975137577,5.041525906491232,4.80153250076032,5.047039924100901,6.037204461868355,-1
602,5.230345005990915,5.034510549904961,5.115648099191736,5.219126206312778,5.172428696994655,5.032272711101889,4.791319822012641,5.0804880146699825,6.04015643997575,-1
603,5.235616731157572,5.051633053043973,5.141188927853484,5.203092332603205,5.1586986038495315,5.023226109028394,4.7989664030688814,5.101311081398025,6.032132378881429,-1
604,5.240562409945818,5.063029623527815,5.1593309580934745,5.18884391762005,5.154744907477908,5.0132680059348935,4.813232724172699,5.1146394583119665,6.036385433379639,-1
605,5.243706994409852,5.069011208064779,5.172836413350068,5.178873202584832,5.149744272693647,5.00086111548421,4.819165089810026,5.129530904614929,6.03506259414575,-1
606,5.237618692847504,5.072629078211377,5.185845074543802,5.165802648755372,5.1341693993906645,4.979562068481414,4.823690318634556,5.150830674448932,6.041246096950163,-1
607,5.24029975577055,5.070366506791972,5.194950261243122,5.14161592076042,5.112336612409798,4.967094532885888,4.825554953930232,5.173036803367928,6.034845633163512,-1
608,5.233276382487394,5.069187867112608,5.193140238947668,5.120655487010681,5.102114272971278,4.956344644527572,4.83037087237656,5.200644637858852,6.039496788357928,-1
609,5.235927997662374,5.056755143719742,5.190381749190932,5.108043674963038,5.108253104836279,4.94912587453951,4.828811996694683,5.2198281549542855,6.033204259291935,-1
610,5.2375157977533116,5.038848105095087,5.178262687261092,5.097589805747968,5.119432916953592,4.939728094569377,4.821079486107087,5.242208310494689,6.035694256435189,-1
611,5.2451752590862855,5.026948113915661,5.165094891772396,5.095533915812248,5.134494436747589,4.930725869172332,4.807478271048487,5.268680106262979,6.040328499237331,-1
612,5.252813834851111,5.019664808166007,5.148527172430237,5.106924077213917,5.139995816691093,4.919276800194119,4.793442285039774,5.279149529242568,6.035333155373803,-1
613,5.261196837854491,5.0114309673178115,5.134051833328446,5.113761885292305,5.141490786958341,4.9075613988823426,4.782615645757716,5.279809293599641,6.034047610272715,-1
614,5.278945102771426,5.003034595757458,5.120978141252672,5.127083401990216,5.1377953043939835,4.917512439507514,4.7741925508001275,5.280343987254517,6.04053105845729,-1
615,5.288273848020523,5.007260814465575,5.103489919560809,5.150118046788239,5.1374364435600235,4.921721841408148,4.772397821173482,5.270957499346061,6.043870568586339,-1
616,5.287988509742854,5.011469134207869,5.084668545265641,5.168597232242577,5.136374642060876,4.9339249987819045,4.77454593759416,5.262319752733937,6.0372886745473995,-1
617,5.2797876290817864,5.028550316372331,5.058880407248628,5.18124533942989,5.125335831470208,4.945057464283877,4.784360378058933,5.259709045534651,6.039247839733516,-1
618,5.275343675789517,5.0475252814084035,5.035324688021184,5.189668835087221,5.103519371773236,4.954481511505866,4.801814731813049,5.257796859444872,6.040415515732054,-1
619,5.275792164379362,5.062373952559325,5.0153776742636484,5.190213579914741,5.084031670325205,4.960903832066709,4.824116250091626,5.253391450836395,6.040251417094923,-1
620,5.2765211529200995,5.078508539624419,5.00448383811198,5.185078937910625,5.074519711529903,4.967144822229952,4.8525837410527455,5.2639503125410965,6.049272386531981,-1
621,5.276675933924672,5.094408491927961,5.002133765180096,5.188109687916131,5.074948257505988,4.969167351846819,4.882531572733197,5.266717896194967,6.02918825720557,-1
622,5.276311473415085,5.110105170797616,4.995550139002435,5.190361214238314,5.081388449005851,4.957472002069889,4.896724438707859,5.265622716612262,6.036052463302873,-1
623,5.267798787252341,5.11740612680471,4.994581348349114,5.19160815288203,5.085276275970138,4.946435044800854,4.912136868819299,5.2654902053921235,6.043155169043866,-1
624,5.265568355239296,5.125214258729267,4.9909227874852915,5.192807688437182,5.085269149164766,4.941983458199274,4.923640838187678,5.252636028492412,6.039748143063797,-1
625,5.263973591024681,5.128569352751879,4.9929453323396595,5.206981412767028,5.085327679470366,4.934119453113185,4.938634437764781,5.241735189991397,6.040869143089642,-1
626,5.265386758155154,5.140249796779852,4.995342079927001,5.228790017659213,5.092411386009467,4.938064545520042,4.943852621311412,5.234737516991504,6.044259892542525,-1
627,5.2707706264759215,5.164733927092015,4.9903587859176355,5.265198287233334,5.090341653116693,4.950049314946772,4.947642285152696,5.227379160904551,6.044187339136825,-1
628,5.268746499168206,5.18258618499866,4.9824533460168,5.298790101815886,5.083184740185759,4.958729804635233,4.939308478077769,5.213479883158751,6.038463608801725,-1
629,5.269489594911052,5.199610562141409,4.974178512434531,5.318641232066974,5.07076071485931,4.981148048689376,4.933929085410242,5.21217832714171,6.037674063008026,-1
630,5.277851950779235,5.215448666289266,4.968063864339813,5.34675729854357,5.0577941011151495,5.008650368965975,4.935667757367663,5.205287139403365,6.035173671335779,-1
631,5.29925220391605,5.22965504747327,4.968977934964904,5.376418138200932,5.047769187047904,5.032861610976624,4.931963077947906,5.210597389309001,6.037820794736198,-1
632,5.32012296680001,5.2442829229452705,4.987699804681532,5.399558203659081,5.052259310633578,5.059489897720901,4.938673139346968,5.2220099835684,6.036533816254958,-1
633,5.332649049728165,5.254217498537077,5.005284606052763,5.4040284792920925,5.047637736977115,5.0857640015002605,4.93903395450985,5.22567260211392,6.038804896399928,-1
634,5.3431237870961725,5.26814974954579,5.021222761471982,5.3981653238403275,5.043251733558136,5.10269692913362,4.939802869689954,5.217779117981907,6.036675218686688,-1
635,5.339679607723539,5.2695937316580785,5.048598797837148,5.386929496156586,5.048821042042857,5.115105728641107,4.944938665990631,5.217672090458422,6.038351477137056,-1
636,5.337183655878325,5.273714488678983,5.072535006083668,5.374375385154707,5.050404909007452,5.1329000569017165,4.949157098946529,5.2219053444601276,6.037374668096844,-1
637,5.328125478173424,5.28556393052445,5.094190985438206,5.368561744730621,5.053468130649,5.143725195857218,4.9584984582709435,5.2259544188037825,6.040000011922841,-1
638,5.320746943626473,5.299644205509432,5.12246211204705,5.357162797645241,5.061482652347247,5.153295409111794,4.968567668735419,5.221989303788302,6.042409769773158,-1
639,5.314730561480053,5.321873776398857,5.149176673165146,5.340017072932323,5.0762519612318275,5.157833982708433,4.983779218368912,5.217093449837884,6.034015870196659,-1
640,5.307703464682147,5.346985333363625,5.166183449408663,5.331581597906611,5.092372738199043,5.150718629384361,4.996668705155997,5.212432300909345,6.040158485529419,-1
641,5.312791458257563,5.369732069727393,5.179377533880557,5.322196929019093,5.107222438371106,5.151492345887505,5.013356088404829,5.211493355674388,6.049202007659389,-1
642,5.30339522976868,5.383900530783558,5.191126630434791,5.320760642132459,5.11416981120337,5.1531481216262165,5.041304138773291,5.21333284319503,6.0399919931478445,-1
643,5.296944815489055,5.398860244123723,5.189873728779957,5.31494258832431,5.12365384115722,5.15455548160331,5.0656594432920725,5.204630808466812,6.04315565210751,-1
644,5.294738309462605,5.41090123618595,5.181049538716841,5.3118754417052525,5.137592594600525,5.1605701101067485,5.092598725935804,5.192242656192126,6.039627707173136,-1
645,5.299690693531996,5.419010349952778,5.1645118384113005,5.29791877767743,5.1512509164265055,5.154432690741072,5.110152497880911,5.1789848067206465,6.047699111777762,-1
646,5.306817383639083,5.423337540662718,5.146138556149376,5.278410809139647,5.17075277100156,5.141619645372884,5.126082384705061,5.177019713651053,6.0394073981381435,-1
647,5.309301337098105,5.421364847340723,5.11978318817182,5.262039611907266,5.183205344068641,5.146576747479969,5.135729286474825,5.177897985988121,6.033772439519703,-1
648,5.316345919773432,5.4068394875186225,5.091035740485474,5.248812629508249,5.185037662160299,5.151166619702436,5.141998820956874,5.169640543368356,6.0416693750910815,-1
649,5.314345708117163,5.3909803347307435,5.071286655576901,5.24313807772306,5.191643685633037,5.144947390408843,5.140358853246587,5.169198184956347,6.039166025655762,-1
650,5.321529318873702,5.368785261113733,5.053499610568105,5.228061942875433,5.200418736919982,5.140834749726005,5.131650553640112,5.172315948415988,6.040404629313035,-1
651,5.330032255714125,5.3449435695956815,5.04490751163332,5.215297936552616,5.19809924394816,5.141209648460706,5.1204009623676106,5.170785256504325,6.037602613991479,-1
652,5.346742965647578,5.312010382295178,5.044058466135954,5.198964180594833,5.196017078490509,5.142353179582403,5.109649046638512,5.172339270306452,6.032433412864805,-1
653,5.353753432932966,5.280069477364557,5.049558175600209,5.1958143424406895,5.199416398672893,5.147510867731111,5.103039405409318,5.173477195189411,6.047075601018209,-1
654,5.351683009902663,5.248805698404394,5.049826157584953,5.199277579533983,5.202134002669853,5.158840221655433,5.098189144937747,5.170078921627491,6.040005889186612,-1
655,5.34616064331882,5.21582244064558,5.048224932390057,5.21035218044521,5.1994426641697915,5.156892520731782,5.098546058407556,5.166481569045038,6.043402558280713,-1
656,5.344014158727358,5.196053283697168,5.049948025409571,5.218728410878532,5.191706948688115,5.1659960636245925,5.100748758484621,5.179552305513331,6.037284874731936,-1
657,5.341973954189922,5.184753049326657,5.048015666591722,5.222660690387661,5.185297436153288,5.1822459253173765,5.101640614787264,5.178391931724606,6.0469417790427755,-1
658,5.333031862621852,5.193085809952591,5.0479835104722515,5.239120866157137,5.184736344301674,5.187781771668488,5.104324147973287,5.1763972007731,6.047772057162938,-1
659,5.324491462389266,5.200037981859126,5.038267533349147,5.253564897267447,5.175414923834947,5.183589350128847,5.111911615445547,5.18070635180734,6.037510645861231,-1
660,5.308503546780424,5.2154417952185925,5.029432107112777,5.270085332529567,5.162797575047767,5.168208196911892,5.125616541868607,5.184522177943352,6.045432525682588,-1
661,5.298575775748029,5.226082193256759,5.025496722539125,5.28624295819021,5.149504818347369,5.163728483899277,5.133249911651319,5.185662225339566,6.035975452445004,-1
662,5.290113998832332,5.229240776286054,5.015853533692767,5.293503857659463,5.136737495438618,5.151771245247087,5.13072939532904,5.193421388577045,6.037718307915587,-1
663,5.2841258187238545,5.229948531010608,4.995725280239064,5.2927901827970185,5.122184158200467,5.139997342536663,5.130221268836433,5.195609144637239,6.046603129368629,-1
664,5.2792999575226505,5.225123249244709,4.977665248272797,5.291803764993536,5.117878170233459,5.124048814102162,5.128013112384214,5.197354620783542,6.0475313329043585,-1
665,5.271951122487475,5.215618759376193,4.954776487727591,5.290642375843292,5.110199613508612,5.107662373843192,5.134707070515714,5.2056958642513536,6.033778972650938,-1
666,5.262367108067045,5.1943793451601294,4.923453100982085,5.287270264511175,5.105439472183548,5.100582146323069,5.1290964991016175,5.21015362720754,6.046518839574549,-1
667,5.254284766074305,5.171471051840408,4.895605683438583,5.28154912953478,5.109683743460028,5.101193204653368,5.1199722363723295,5.209139480897607,6.03547406509443,-1
668,5.244217882493422,5.146791177540142,4.8609611203870235,5.269993106188857,5.108713690164858,5.098634718066431,5.099575014119754,5.209122532046766,6.041852923053733,-1
669,5.22999120357838,5.12063347333963,4.829087851655522,5.25173618402154,5.099595629391693,5.081516047569213,5.078808346376203,5.21513679284626,6.04216683648225,-1
670,5.225894343020992,5.102792004018737,4.805156082906646,5.243014558876104,5.0898634667303835,5.073595541567662,5.060214307496859,5.223934936520048,6.052433032890249,-1
671,5.218984464772317,5.087326245842941,4.79651208440506,5.2358214556895595,5.091816875017634,5.071029207311674,5.036534644658394,5.225461301807377,6.0447194721219715,-1
672,5.206312937260109,5.070675324926361,4.792537656755934,5.230402784679768,5.08945757320961,5.060320330069281,5.006594465405215,5.2195909921747985,6.037582003836864,-1
673,5.206586286380816,5.057033217965813,4.796209685270607,5.2326201456261066,5.088547748447224,5.05372055018948,4.977508238902161,5.206501019024891,6.036932037014242,-1
674,5.203631592014013,5.042701109696556,4.808323093252515,5.231282357683719,5.074161806762124,5.04525238778928,4.958246186107839,5.197471413319722,6.051457451150301,-1
675,5.20138579794491,5.042000815586322,4.812756499741798,5.225680866439689,5.064361595475625,5.036737688412197,4.940654291625344,5.202554993465613,6.044268333740125,-1
676,5.19985598033316,5.049412564739064,4.832770127236208,5.222578707437345,5.062600057514199,5.026372026007617,4.934220954706015,5.210129461566625,6.0422561474808365,-1
677,5.198859578864799,5.062253966678566,4.850615379351488,5.22748982347275,5.061662198899782,5.021288625945433,4.931869012872699,5.206276663518502,6.050127425097354,-1
678,5.179572264681678,5.073534835061356,4.87122738178237,5.231535509018678,5.05484223199388,5.0155278569608015,4.935185905230102,5.189245782645538,6.041371318169416,-1
679,5.164330708015771,5.084555475669351,4.889597188305293,5.23372439522258,5.038741605491194,5.010804708139101,4.941219941032917,5.182606229242203,6.042868394595741,-1
680,5.152261120691648,5.092878411095914,4.910701863706149,5.242916806362283,5.023052374470803,5.005617359814006,4.952236149546977,5.1714771226634415,6.047849538488647,-1
681,5.131392062718453,5.103945485112224,4.9221431129199695,5.248807215855156,5.007652522818662,4.992833884853807,4.962098872491426,5.166078738258275,6.040473246554321,-1
682,5.129558627536478,5.10988650687872,4.938150130515248,5.253944327231067,5.002924247319403,4.9850500279723695,4.9817306512924935,5.166833838298438,6.03194551485072,-1
683,5.116740598820047,5.109081837801426,4.971110805150602,5.260917547582792,4.993652627160223,4.9728947176844525,5.000976940723538,5.172210903116603,6.0372324391534455,-1
684,5.105230222720666,5.097893800288851,4.990089225330624,5.260646457079376,4.994926514853154,4.969637814660541,5.020671888818765,5.183741533234281,6.040143081649402,-1
685,5.09605305185488,5.089254261455712,5.003854063229621,5.251053977995869,4.993110214417615,4.968588634561817,5.035935873144943,5.202748175008982,6.029569080533015,-1
686,5.095805146634146,5.08050756242443,5.01736729835732,5.2399923330341185,4.9951702064999095,4.9745762341206685,5.052545739154149,5.236007105080058,6.042758354583816,-1
687,5.094336049079662,5.070385331374449,5.038354039560233,5.231877865804766,5.003642519116357,4.981652635750162,5.061910735493585,5.262476949047539,6.039725346102834,-1
688,5.092700490930911,5.066205905285459,5.055905195289788,5.211732218997752,5.005709625662741,4.987674030841481,5.073183440081603,5.289663151762413,6.049176857609778,-1
689,5.090706670520786,5.059176029612925,5.080208938875433,5.180853977392676,5.017927844462973,4.996577377953787,5.081396021978865,5.320524080670071,6.043157781324982,-1
690,5.0830158173288815,5.072776097117372,5.10041813190435,5.1463916421471305,5.026251595768425,5.001750186888798,5.083409806649009,5.3486226977537505,6.046591204293786,-1
691,5.0832598213692615,5.082711511136679,5.10578049096983,5.126965398935015,5.035576104241801,5.017402756439097,5.084227193087882,5.366372449824776,6.044698873550594,-1
692,5.082456136575622,5.100634455827466,5.121149781908749,5.116509930024967,5.038833132187675,5.025363752273551,5.08789850488416,5.373404196597975,6.040704951074744,-1
693,5.078798956588188,5.110200457625169,5.136237882720905,5.105420174218681,5.057978499792661,5.029834594108541,5.094314913354627,5.381454828732634,6.044774670393038,-1
694,5.078640053833926,5.125039721967125,5.14648072970376,5.103036746436668,5.073592319761662,5.022505915077724,5.09121058132526,5.379209855265118,6.039933064239278,-1
695,5.071336330162835,5.147635838684706,5.146511493504657,5.1012624675349185,5.084707285306719,5.0139245257842715,5.098637487903047,5.378486836376531,6.041672253219258,-1
696,5.054778098527548,5.170955350785212,5.146168022698563,5.102377403005792,5.105598001250597,5.0106941637406,5.108289469037091,5.379430241300998,6.0462698721731885,-1
697,5.052679400310911,5.201149941156652,5.149283564399095,5.106864726613332,5.122930155486241,5.012989649658831,5.117726767882777,5.37864461122996,6.044215657199193,-1
698,5.0482072234710476,5.217155092240416,5.1566128242398,5.113514774384062,5.149486679729164,5.012339074876112,5.118672229032928,5.384408220666881,6.0429053498999705,-1
699,5.042226690423411,5.236597000028904,5.157418937636973,5.114921727277091,5.165832730353539,5.003830101301812,5.113020381790202,5.385648160941618,6.043063218934111,-1
700,5.037642651538408,5.258752286519944,5.154875275370281,5.114056426502473,5.175762571220683,5.007131303480738,5.100701484344308,5.383460743475993,6.042407770115037,-1
701,5.029571028492591,5.289653921336724,5.153563157465589,5.1225528439089345,5.17425387129525,5.014363071909973,5.104084966133795,5.377371301379542,6.036146377441898,-1
702,5.014422716215391,5.3196252184742505,5.149859439446759,5.120879019170806,5.166106678553098,5.01852780713471,5.111148408710596,5.3705070141859395,6.039804928130853,-1
703,5.005562827769555,5.344051346956805,5.143126734280109,5.113871764076736,5.165071235636712,5.021224238119415,5.119580481847433,5.364308038197114,6.036812448810882,-1
704,5.004462580090182,5.367271819570096,5.130207775059923,5.096800759880395,5.154346912861457,5.0242458227971,5.130856176587687,5.361239496803416,6.0435674590833255,-1
705,4.986027393249038,5.376400351844195,5.117988427204342,5.078010445765905,5.134056958693159,5.01734284625564,5.138346012671715,5.359323658560983,6.053481786908966,-1
706,4.964630356484461,5.385565632702864,5.104642206356606,5.061170822957875,5.101009743998308,5.015856700381896,5.157762186483163,5.3422933953323986,6.043320851919513,-1
707,4.938745165389187,5.392400502040986,5.117510073712285,5.030957160621165,5.080051322563564,5.01511049998034,5.193332382565229,5.3315123697826285,6.0428308427215365,-1
708,4.918813532690393,5.392390730879136,5.130439903069653,5.00145758767399,5.058519397636128,5.0087555012898735,5.23180680501315,5.330293836432018,6.041286886097803,-1
709,4.902501795531504,5.381519966572735,5.136003332310635,4.974359761798718,5.049249834510799,5.011690256898957,5.256818698757471,5.333901833404717,6.051052284891822,-1
710,4.895049356904742,5.366680854939757,5.146805323132361,4.9522779366358085,5.038968489850764,5.0185232549509795,5.284063900804958,5.333870011806425,6.046119392551253,-1
711,4.8898071965727485,5.360861983600687,5.159380881955577,4.932324790890951,5.02782488351485,5.015481407839305,5.312495105756739,5.333705829975848,6.041949616222055,-1
712,4.878562941400305,5.3513583663572,5.168668397363563,4.919724930883926,5.017287947794783,5.011200388200688,5.336284083137957,5.335395043611708,6.040708641291587,-1
713,4.8681905378993475,5.345608963234733,5.175448741601069,4.909036106299179,5.014746838434932,5.017758441303945,5.370600181008166,5.331690000616259,6.0394651467577924,-1
714,4.8693365599283345,5.335232204538292,5.1791754169160935,4.904660960617084,5.025726747258822,5.019848963168149,5.40112514562192,5.329256525479062,6.052141566351305,-1
715,4.880156033300914,5.327414838045736,5.178964915024116,4.916462490718514,5.034255048829167,5.029047338136802,5.424855884815539,5.324537349946716,6.044285262801585,-1
716,4.876321728844534,5.318741197385383,5.17747223548899,4.9342610763461305,5.0401504667665025,5.0323812269688215,5.439245661848927,5.312180885691746,6.04027974925544,-1
717,4.8785810538042975,5.319878078954072,5.1845683657281185,4.946225088157748,5.0410712607307895,5.022898499497773,5.458033897486393,5.3004453207507884,6.05392212893944,-1
718,4.877839549281334,5.316964166095561,5.190194640359282,4.952904594385856,5.04509383348118,5.0239477027229436,5.47161691004991,5.295053405644824,6.049903730771769,-1
719,4.879775227524307,5.304570737465815,5.197966488723719,4.960307539310796,5.050870150136691,5.041478290099439,5.484988791325481,5.280769087779259,6.044547685051976,-1
720,4.882817037574655,5.292323789323246,5.201343197067786,4.971309759452414,5.065827876379515,5.059654139265763,5.490026580699205,5.2704670430526575,6.03189893534458,-1
721,4.8911381184452,5.28337627047045,5.200810677248978,4.991747425119402,5.077628952146281,5.063404841368286,5.482763032083824,5.256400165859999,6.042295785133955,-1
722,4.902435072727475,5.276939442663542,5.196877099011299,5.002030058938173,5.074096838909616,5.076498549728269,5.4718739100381715,5.246494737301717,6.044418046709832,-1
723,4.908948758705326,5.262269056691535,5.186343865282953,5.011061370238977,5.074395835424721,5.08554101146605,5.461299026349445,5.232992748014519,6.04518539810789,-1
724,4.9264301453212545,5.248747086936339,5.174067465392712,5.022753691192173,5.074878845717338,5.101861717712115,5.4559313727401415,5.226977318215839,6.050544176485511,-1
725,4.952139770908363,5.229062545072383,5.16100878689036,5.029684176545282,5.072749465905918,5.1252946420783125,5.448824524552091,5.223710564244296,6.045809541185731,-1
726,4.974345041684326,5.216893763077716,5.14758022693873,5.034719905340001,5.0777146164866584,5.134666658207334,5.450871183215382,5.220216805541407,6.0526586590496265,-1
727,4.993394382106202,5.207529686227088,5.1372379402298165,5.038863179111368,5.078208088122973,5.139932062307158,5.447401466312803,5.222289422895203,6.044869527707355,-1
728,5.018092585203308,5.201677059981085,5.133064424703062,5.032395651723944,5.066042457459697,5.150572215335941,5.445491380928686,5.21840274230809,6.042382086043296,-1
729,5.047672772606495,5.199679167028541,5.13150133649512,5.022309010612241,5.058920263030267,5.168886555056159,5.450557428310837,5.22370723652113,6.029443471558646,-1
730,5.062135820480203,5.203158563511563,5.132773790800929,5.0272051103692075,5.055589786238604,5.177760416458829,5.454668000774225,5.224759191978624,6.044315426932904,-1
731,5.079019398386279,5.205324624380498,5.126879329902568,5.029228129252439,5.046084913151797,5.1899232456275355,5.461211021036734,5.2275971394095295,6.048695017391159,-1
732,5.088940864745188,5.205834867784265,5.1123443201059295,5.024718671945543,5.042861844296961,5.205304028331788,5.470865907745738,5.227307424746279,6.050948079192307,-1
733,5.088051208443846,5.199924956051435,5.080541706627832,5.029362358171765,5.037331645519422,5.209533727915203,5.474471200857619,5.22491920710208,6.043036814043528,-1
734,5.089545502346201,5.1964053832340245,5.053488444746379,5.0369627942321,5.031563195238062,5.230068867585865,5.469470042282018,5.220583204122572,6.0476888113176885,-1
735,5.092267158411056,5.19096646779615,5.022891312340438,5.055671717076715,5.025911576539927,5.236899172321248,5.470662539965428,5.215939262122199,6.046948396539999,-1
736,5.099136215043922,5.188205595366816,4.995131775935513,5.08465950930973,5.024023954708376,5.232294650708731,5.477043519873958,5.211375396324083,6.048908638941109,-1
737,5.1033635674254345,5.184043068984329,4.966586443073723,5.112823203097204,5.016700538629572,5.2271789366485155,5.487441271145484,5.2049136668492,6.052678820966986,-1
738,5.110763718059915,5.1707863910175895,4.941901661504227,5.129040941052883,5.012262172502452,5.224447978544169,5.502958075725613,5.206174777377741,6.0500146630780485,-1
739,5.1209206658425375,5.159288546791489,4.930604610084465,5.144862084228984,5.016721211430757,5.2156240568059875,5.511872327497486,5.21885832619372,6.046824620533101,-1
740,5.125991446699492,5.15694858353955,4.928127973932856,5.151425997773439,5.014878488526989,5.194453454647036,5.512058508637555,5.2370452177712625,6.056186305417288,-1
741,5.128619260144303,5.154083303339081,4.945306426295422,5.151976261859447,5.012505883249492,5.179689139624941,5.51171741642492,5.247751754275004,6.048576119591671,-1
742,5.135069652834355,5.1588921074317025,4.95249001929988,5.161749926943031,4.997290919111086,5.147521026037474,5.518102747510396,5.2551158358027195,6.050678855285333,-1
743,5.139139987626,5.166304846271336,4.964564652697693,5.172553259826092,4.990582682230652,5.121293126947398,5.512329664512359,5.258373824348716,6.048627019979942,-1
744,5.129831854023096,5.161475934667109,4.985691650561618,5.178763198840139,4.992595281133911,5.093585638175667,5.501613122549816,5.263654564111512,6.040688805046227,-1
745,5.117455130033669,5.148082466228445,4.991861571282375,5.177039354758142,5.004311010822519,5.069796702473284,5.4862119919917705,5.268185834396654,6.0454595590234685,-1
746,5.100667027855359,5.149790513122015,4.991198930465776,5.185088455544881,5.01997646385506,5.050234200709417,5.465108768689207,5.275722474003472,6.043281585051114,-1
747,5.088242921850798,5.1615140768845995,4.978228241185832,5.185735976957491,5.020429667410605,5.029147594423249,5.44006224764294,5.27265826793785,6.04349895011835,-1
748,5.076296081462899,5.172399983082284,4.959407969675214,5.19065768661768,5.025693540770613,5.015997700316232,5.420638604555186,5.2693155012062585,6.039649981076554,-1
749,5.070495251403254,5.187945928307062,4.948810584525935,5.196838914681414,5.025051721531918,5.006689207414872,5.409042584166809,5.265136007519314,6.043395961622658,-1
750,5.060686034391604,5.190473422845904,4.932606528270702,5.198196700509316,5.032433558874076,5.00655045168617,5.381867272678452,5.268599376124476,6.046529085413808,-1
751,5.057284909924403,5.18985389081419,4.912577140108956,5.187799302517545,5.03849107977845,5.010576944285769,5.36504267241385,5.275590590880907,6.046197052104693,-1
752,5.06367973401605,5.199462903781715,4.879216478292025,5.177567858861983,5.040360315838801,5.01440122713046,5.3467505187375455,5.276776924515216,6.042796523187649,-1
753,5.070076725639154,5.217964801446697,4.859906696180307,5.168548850999981,5.030706336988476,5.0218809360468155,5.321388841002753,5.283345558496599,6.043117603344919,-1
754,5.0805431198775794,5.224669427330767,4.840260053785635,5.144135940032933,5.017415827147053,5.027832268508822,5.2972379396801665,5.282733714853969,6.044942237213217,-1
755,5.08820964766327,5.222390103314934,4.825634942911469,5.130491394247831,5.020637163672148,5.033274537765225,5.271100717402803,5.275539480312192,6.04475240528738,-1
756,5.107176813317433,5.21737881299185,4.814059191218876,5.119424323255449,5.024341610430534,5.042410802564608,5.2500142991919505,5.2573477275830225,6.048104284790777,-1
757,5.111676751532905,5.21679275774929,4.79413592652818,5.100768056491081,5.0307231292341354,5.052018354197731,5.2154327195463,5.2424632863178795,6.055614036271627,-1
758,5.113791492773322,5.21484910294003,4.79561272759646,5.0822835409856335,5.041186105849329,5.069902365159692,5.192056971757205,5.227605765596396,6.042582073398899,-1
759,5.105386581556653,5.21398109705108,4.810128215665339,5.067772207654348,5.042211735586866,5.0878920659069395,5.1668661142618335,5.214041603177273,6.043667770569992,-1
760,5.091721826170849,5.203730109302531,4.823730186692991,5.054597220500106,5.036736084694645,5.113297545892946,5.145999895393796,5.195014656360663,6.046140347571914,-1
761,5.090459486652999,5.18845941503634,4.837774671215176,5.054165444747027,5.037435827450118,5.1284476334634,5.128903947684921,5.168139232463041,6.048148356255106,-1
762,5.091356023755469,5.1770217036197215,4.849205508608356,5.064573237842628,5.040122262500594,5.138185305947014,5.111949503684141,5.137847474036137,6.04063901775596,-1
763,5.090959740765253,5.17645612121729,4.8545821492005405,5.074165241151549,5.03696105739148,5.152861926964833,5.104834145301707,5.118380822428855,6.052698344694459,-1
764,5.089955625076362,5.1751493427292745,4.864050169218874,5.079090105032986,5.036007626549361,5.165965820409605,5.090752662484887,5.107490737257319,6.041875711689461,-1
765,5.1033624622323055,5.174405019164953,4.872386343407785,5.090965968230102,5.05257254459322,5.16933920475012,5.087643238847994,5.105132504279385,6.048897084443724,-1
766,5.119157280805161,5.176879314459128,4.863012324364304,5.1040042453263235,5.0598229163651665,5.163724761927837,5.09059323023349,5.099897788706087,6.047479234961539,-1
767,5.135387301247155,5.1762601889974915,4.842052894382519,5.105448117734983,5.070919965398741,5.159089511405465,5.094752104830814,5.097402802747386,6.048537552109895,-1
768,5.157538393500977,5.191757213367106,4.8242548385001625,5.115500648970675,5.079779155258264,5.1499462487732846,5.101819307987866,5.105703501040466,6.05033902354656,-1
769,5.159544346987125,5.209360921030949,4.804391335911335,5.124877633252365,5.091261323905878,5.137534876575474,5.109103701675321,5.110133150557498,6.046148327481663,-1
770,5.160039733005252,5.223363997061237,4.791929639678436,5.127545438632027,5.101032823842423,5.133475604098482,5.117851619516896,5.118347539864849,6.049333081123572,-1
771,5.167271897104154,5.232616460357699,4.78038628836394,5.117230771235261,5.106515988312319,5.125185566290853,5.1247981971516,5.128041559457046,6.045000980357896,-1
772,5.170455879180794,5.234913741989884,4.758764690023024,5.108452768551626,5.108998646704541,5.122163467430576,5.14324823428,5.126151887246299,6.04185002915098,-1
773,5.172864521825026,5.23695152888054,4.740428730673446,5.101143861648916,5.099953424310119,5.128518748211847,5.163578065907705,5.121766620562882,6.049989650643586,-1
774,5.168811732169633,5.235687377175958,4.731606888205626,5.093032959128752,5.1035568636714865,5.136465636773917,5.186296432532242,5.111492106474866,6.050321546268441,-1
775,5.1667912600106,5.23787204280697,4.7249813667147835,5.099665903318493,5.099351477374837,5.142121811907509,5.210808620348319,5.103364142952679,6.043274249088468,-1
776,5.168161958672895,5.23583749375669,4.7246570697011405,5.101343777351397,5.098481431089198,5.150023754348334,5.231617529231687,5.089982036604096,6.044277865253993,-1
777,5.178242600994218,5.238184119371245,4.7257664762250675,5.09585180223354,5.098365955653468,5.160599193301846,5.252208783499553,5.076968202778341,6.0401153748281855,-1
778,5.186542463161686,5.242704194477543,4.723938004756104,5.092781713944753,5.099407489650419,5.171346481542481,5.27174732155247,5.0597217269951,6.043475221195056,-1
779,5.177007856987881,5.249579022046576,4.732096593100837,5.106624968383709,5.103129416078465,5.186926375275442,5.285048405860722,5.03718568987331,6.05113623803276,-1
780,5.163073021996473,5.262303057254882,4.7435471441983905,5.124188016407253,5.10594640417649,5.194191481415626,5.285486356742767,5.030687542598379,6.038729079289334,-1
781,5.147752843569441,5.264183221321836,4.757073493345063,5.139544967143823,5.09701148713972,5.199352261223061,5.280151354389142,5.019546650431326,6.047975200184438,-1
782,5.141467265892605,5.266549278928999,4.767732021207069,5.152902140029688,5.078697578994037,5.201781920961656,5.2642471075839605,5.0214896633270705,6.044962565486756,-1
783,5.139502784517544,5.270138308810238,4.770232654149638,5.15888216092387,5.06738168498174,5.200456606880544,5.241814367999441,5.0114411649944905,6.043830464413291,-1
784,5.132725198105302,5.271781256053732,4.772378103362176,5.162242990582624,5.0562940220437715,5.203474264790025,5.222950602703428,5.003078134999153,6.037885941703938,-1
785,5.130757386492404,5.268410047672217,4.774912353218749,5.1676479477224895,5.046799026475596,5.216215409461236,5.19980055069502,5.004043128119086,6.03086626032729,-1
786,5.141279054396298,5.26214298414582,4.782025752625737,5.167344958712159,5.042082790433364,5.223758604518212,5.177760270640493,5.00560556384362,6.044534113126845,-1
787,5.159217056101088,5.255691172534802,4.786020139222163,5.156091298719144,5.036301590795712,5.234673166886171,5.157786369414256,5.007393516938233,6.050832863762164,-1
788,5.1856112060364925,5.243073121968637,4.79106015533256,5.137599720950572,5.032399496619107,5.247773841334768,5.134654210338946,5.000978520074851,6.03685224069552,-1
789,5.216691409079427,5.234071313269219,4.786723555276391,5.1175739737285735,5.040909785546543,5.256478077917506,5.121615810653819,4.998261804022039,6.0532982722703785,-1
790,5.235286091404811,5.230589591267585,4.776353714814786,5.096062751255767,5.059703239509831,5.268009428839754,5.105045664596603,4.9896261665895905,6.050015802990846,-1
791,5.256911635491647,5.223603872471422,4.7805214017407485,5.07432050203442,5.0755052705425445,5.274931381032362,5.0819239843843365,4.993570479945669,6.05227396092606,-1
792,5.279310042062539,5.2175005878149605,4.7837829586516545,5.0514825651220105,5.090764029348576,5.272961627614598,5.062363513650899,5.000464967348232,6.038875395139956,-1
793,5.293661395899242,5.210170368182378,4.801400675194025,5.033429579809192,5.091237569582213,5.264831448489343,5.0521241874359415,4.999962538561635,6.050507226286309,-1
794,5.302412982336957,5.206542438429706,4.826249381038139,5.018266246798686,5.088843628405373,5.253842263644655,5.038720017915583,4.99560260723524,6.052818401119062,-1
795,5.313647200670493,5.190081312100649,4.853862695526515,5.008377938625938,5.085409046752036,5.235205232324748,5.0294559545090465,4.995687405949165,6.05355501981348,-1
796,5.315194509423071,5.1784209157319765,4.888816054474931,5.010571844184714,5.0787763390875185,5.216725275017479,5.027297637431872,4.993054631359815,6.0394119420317365,-1
797,5.311594739770942,5.1764677214164205,4.926130098602068,5.018833799914852,5.064182422401878,5.193154615518221,5.021571175816694,4.986789395995038,6.044018350284953,-1
798,5.3162803067210636,5.170751217111662,4.973199380585702,5.027520687240257,5.041021471362808,5.170151790841184,5.0231679568684555,4.977735490202551,6.043585121218555,-1
799,5.317774487262409,5.163574308789958,5.013766338249007,5.032230775712405,5.019588200871063,5.161494311430265,5.032538004662941,4.960144058513185,6.053971415593837,-1
800,5.319752095607551,5.149954766934982,5.050594777064341,5.034764215645232,4.998954709296201,5.157652541185118,5.028897890290844,4.943215640277083,6.053497406077323,-1
801,5.3248927957122945,5.140411831306563,5.071659353345586,5.024299180472082,4.989477694340959,5.151959977693967,5.02409079069534,4.932963324291859,6.049806234076823,-1
802,5.324395578626088,5.140430915549665,5.0802141873634445,5.0214593566799826,4.973927527696589,5.151104526237812,5.0251472290636965,4.930654578488946,6.049887675995875,-1
803,5.322423203653268,5.148463493465089,5.088458159584049,5.023615359772334,4.962087845670225,5.156254891884902,5.031106091568391,4.929758938503819,6.0406014516381195,-1
804,5.314377448566404,5.154622640273319,5.085222723764498,5.023625783414717,4.959800621883337,5.151887265410757,5.0384795483965,4.930417223932323,6.044089970900168,-1
805,5.297271604385898,5.157823306347508,5.081909977962156,5.0280395244747655,4.967095865626211,5.157535470441901,5.043556086526627,4.936269043469964,6.045759880676264,-1
806,5.277433364505349,5.161041267844456,5.0740228300186105,5.031645102315238,4.977762246922656,5.15699753910096,5.042723427809788,4.938532513025887,6.044432277073271,-1
807,5.251681241021927,5.1726409111676945,5.070729304820334,5.038502632596795,4.99647633105786,5.144777388175587,5.043235011691865,4.9499227682833995,6.0440225992334335,-1
808,5.232275349443988,5.1792160037976265,5.070908888438029,5.04691020350035,5.023314563763386,5.143941800514542,5.04663465614682,4.95474581321457,6.045223940481364,-1
809,5.212112293611765,5.18439800242277,5.067051771406259,5.071682864456953,5.046988488697244,5.143625384875375,5.044785583987189,4.956982985336921,6.04719880671975,-1
810,5.193618647113849,5.180102786330098,5.0531072617225306,5.091856830093566,5.0781136635957544,5.147587525699813,5.044262405385186,4.951942226414613,6.045627492483742,-1
811,5.1725861273130285,5.181215781382136,5.032061874489733,5.1062891334292,5.102703744637644,5.1492761722551,5.033693357163535,4.9385213211322485,6.054323049581188,-1
812,5.17380030844792,5.1805266680109785,5.023530162374953,5.119315160994868,5.116045735219352,5.15468695064017,5.017621674905209,4.927092400817757,6.051799628921756,-1
813,5.184342613039701,5.18130715255781,5.011174759369858,5.12315512457501,5.128889256531112,5.1533022669007265,5.000042139613167,4.914009953239446,6.04101825011787,-1
814,5.192578447943726,5.175490488822432,5.000526153561606,5.128253908965203,5.141070844152121,5.155065368231882,4.986646931777923,4.910920240644964,6.045005408039079,-1
815,5.204994809300903,5.169396256726261,4.983948324981268,5.133903601338763,5.145959124926205,5.161270670819104,4.980058706847631,4.901147393053979,6.04133254831668,-1
816,5.196516856943985,5.168231634646235,4.964204123068965,5.13295138015433,5.1501745235453456,5.16191133334749,4.986518031778186,4.9010441794092205,6.053781596768041,-1
817,5.196408269145151,5.169030397059783,4.949130688507946,5.124456435340134,5.157055046137947,5.164560909554272,5.0022865288798215,4.893131840133132,6.0400218686721105,-1
818,5.196213960122392,5.175684965598651,4.956203097973972,5.115401784401014,5.162957121548565,5.153812266522089,5.009975832677201,4.8946236222688295,6.048904154922986,-1
819,5.200857223186058,5.178196699137262,4.961348542766955,5.097412874767182,5.176218820349337,5.140273060416732,5.0225039070093525,4.896741077946543,6.045337743997667,-1
820,5.200118626523601,5.18645985790702,4.969182014944041,5.087510524727678,5.190729345755417,5.135133458991246,5.046479666915326,4.9000930050723,6.048582078925427,-1
821,5.208187087278714,5.200088288370245,4.982240441488179,5.077762291173809,5.198889586521289,5.131765996941359,5.071776308292953,4.907632998645251,6.045315904023611,-1
822,5.211316408880039,5.2125235634288645,4.9969719304907,5.0675311184004075,5.208592984659612,5.13604473342852,5.09670425872424,4.904347680786665,6.05169255595942,-1
823,5.211953274352192,5.216286783964003,5.007825460483686,5.062412982969807,5.222426511089118,5.140206408353993,5.119441063517302,4.89607786646299,6.050075884757154,-1
824,5.2187255074534535,5.213930110804221,5.017560704724071,5.067774177099027,5.224902744862218,5.142275741585881,5.125671721288602,4.88556985935732,6.044832551743729,-1
825,5.210536601213192,5.212962160878461,5.028711026558688,5.068297771252035,5.228430275988179,5.142866679255662,5.126908441698351,4.876668075355124,6.049333235726626,-1
826,5.197431372061654,5.1971055250774665,5.036299343490448,5.069146833408631,5.22492159039797,5.153162581199707,5.139779554764133,4.861694912988385,6.043478329216199,-1
827,5.176904211716368,5.171918601734625,5.05141388975964,5.078965366762832,5.222960767128676,5.162511892385784,5.150441264316514,4.835647210277147,6.041534295468906,-1
828,5.149957449945928,5.150968038706369,5.058592428665355,5.079771260687277,5.234245554615655,5.165274842287021,5.152793523603174,4.8121747169223195,6.053915852609501,-1
829,5.120609191449785,5.123545729513464,5.066339742400554,5.082852375427495,5.25376369532201,5.173419189514182,5.153060766749578,4.784861703062678,6.049371372466982,-1
830,5.096282542449181,5.105845025604033,5.06986424460082,5.081649505207917,5.271129617147834,5.169308166374398,5.155727410685255,4.76480963419921,6.047395100386782,-1
831,5.075667391539507,5.087166314299494,5.080629037470013,5.083854917242046,5.2820121000867015,5.1607008893993696,5.156717376841203,4.755617578573784,6.046458993654095,-1
832,5.061370990165185,5.084856481628926,5.103857979120396,5.07994595660151,5.303070763662079,5.153855795211774,5.161664984550395,4.7515424960190575,6.051659316717844,-1
833,5.050220021541366,5.073900159705415,5.130480281444859,5.079510494235606,5.314612393029105,5.152172702871759,5.167107038001971,4.751919720000047,6.039293622390959,-1
834,5.043763119435619,5.07247092276135,5.148954228860881,5.085210976950862,5.337551656233045,5.15323791056369,5.168710951337348,4.75918016693149,6.051801745854014,-1
835,5.044158130061643,5.073502337620649,5.163316829470247,5.081886448042768,5.350409409496823,5.159542737006468,5.1715603079548025,4.7923119486695285,6.0467509315788215,-1
836,5.0469686171179085,5.068099005271551,5.1801130498503865,5.090531862101903,5.360067498533855,5.165325189327615,5.174571836345102,4.819340788446903,6.040681201473395,-1
837,5.039709153245399,5.063101360310894,5.200962428067066,5.108974087505536,5.363825022275964,5.162398586087059,5.182144115653021,4.841916999956119,6.040153743712484,-1
838,5.032524240326292,5.055854811757893,5.219699301042577,5.126795381310568,5.367780502860614,5.165133205474641,5.189171909532142,4.8667956557203675,6.046985705330266,-1
839,5.03270197348454,5.063489756147543,5.23489666828288,5.143337421029624,5.365450656978803,5.170893209444597,5.195767771942152,4.892715266840531,6.051736922978025,-1
840,5.038721891904981,5.062567554623268,5.241514968143164,5.163326237638778,5.3466862704967495,5.169322154537111,5.205666551200135,4.916354411736582,6.047706458947633,-1
841,5.060211948825978,5.055870536344878,5.241445971964967,5.18537028214694,5.337427729284706,5.1622646941232375,5.2138824114140006,4.9389350164290855,6.044463217330325,-1
842,5.070210799027259,5.0474210729231626,5.244118830586266,5.205901163160086,5.3193593863087045,5.156081983037603,5.22379163853828,4.965452763626231,6.0437193938059925,-1
843,5.082429111020777,5.040202080997006,5.2491216665107565,5.227412247177982,5.302450306132907,5.147918704052857,5.235352826962188,4.983676716670628,6.046753468357712,-1
844,5.099901667823967,5.036280412171406,5.251623478815244,5.239863902207738,5.271331838829683,5.135078834403134,5.246184126892738,5.003861066074157,6.047858904392317,-1
845,5.117785671091888,5.036348187904441,5.251863197596743,5.246451192755841,5.249403758171832,5.137861009346776,5.257754827739288,5.025549749788135,6.046206075366692,-1
846,5.14549348246605,5.034895825743856,5.253046767076818,5.249769017266393,5.227940370463218,5.14562200653473,5.269798212209656,5.032861597739747,6.05395861744467,-1
847,5.164582324806727,5.022229612814784,5.251084211821736,5.239425849474051,5.212438300497158,5.147338679740921,5.288036195573732,5.033099841156472,6.0464644133867536,-1
848,5.17618537362277,5.008716747862677,5.2415413181061625,5.224237613108278,5.215774623175661,5.156628052956106,5.301677277339076,5.022151931406763,6.041611293088477,-1
849,5.182912275027937,5.004077670287249,5.237512202639597,5.214863599183699,5.211806693948451,5.18409487883654,5.316341293717374,5.016616828723009,6.049324769064442,-1
850,5.204405580255832,4.99526367968716,5.239632910270648,5.199584250883243,5.2004403790126785,5.212132666941161,5.318738308951376,5.0059149303078065,6.04720528523407,-1
851,5.226812726050268,4.997214085275283,5.2453416122660705,5.1902153511262314,5.192927969912534,5.237521636338225,5.318109212524609,4.991894607615151,6.052918888069172,-1
852,5.235109868718933,5.001960365297476,5.247199268464371,5.180530905805936,5.188844123879818,5.264432586363625,5.31987429187827,4.978360908596912,6.036807038914818,-1
853,5.234462570459976,5.006122474595201,5.247134333634985,5.153837950306731,5.174624805308893,5.2695177514127165,5.311316461001913,4.967131961048434,6.043774051676193,-1
854,5.23214743901822,5.011113736888346,5.25207527077763,5.136465334855715,5.167000493810359,5.267533407749504,5.30837965055363,4.967996961254956,6.045010198003681,-1
855,5.227876210010175,5.019301610592261,5.247174539111265,5.123009717650318,5.1558191074776705,5.2732860144804565,5.301498622762,4.967112248948085,6.048965271655444,-1
856,5.2234924621644305,5.025116635510283,5.238254703658371,5.110536440732707,5.1368630353912295,5.268512721327409,5.295241927090583,4.967354505882501,6.047178370047861,-1
857,5.208082241759762,5.030164932812511,5.2319849571825126,5.088440215873156,5.12270028144602,5.248570429572327,5.282910097018664,4.9572331814895305,6.054914993675988,-1
858,5.191899863494126,5.036355901334266,5.227882838762799,5.069147850852275,5.111187521640288,5.223733084357776,5.278975392179767,4.944619173627933,6.048422251795726,-1
859,5.161252497277645,5.042505240170393,5.219695711756593,5.047149423491346,5.09761710753312,5.194865471596132,5.270973653050438,4.934912266816166,6.052311675461584,-1
860,5.1415471214289745,5.041152407120453,5.2174425580555965,5.027176160899704,5.082356361050398,5.169575907156806,5.267262562184779,4.923071743244972,6.046772167182609,-1
861,5.134945643479132,5.040675213123341,5.210988816376713,5.018752525722556,5.065976907137377,5.157887729582911,5.263138315722935,4.905579736751918,6.048345771550201,-1
862,5.130391029083178,5.050727146345439,5.200184007821003,5.000002327112925,5.040359721202843,5.152936279777284,5.248114761789608,4.886737310890123,6.043588059369612,-1
863,5.132921460353954,5.060981992592113,5.194195010517798,4.981019853897343,5.0241163326878615,5.149151140955199,5.227698604761086,4.869255013593603,6.038164519417295,-1
864,5.135672320240639,5.072806967292461,5.201773163847221,4.963983897098886,5.010967957886749,5.145885506268801,5.211892129157717,4.855282791884797,6.054851343727662,-1
865,5.1390969515548495,5.089450295687236,5.201367192654507,4.948067451545488,4.9984985418775105,5.139292418042036,5.208801076483583,4.863228566329757,6.049880098682901,-1
866,5.127401995110018,5.1073876234551685,5.197522501649763,4.924906888195414,4.988843389213097,5.134150011185293,5.205149246259712,4.875193848215584,6.051834057598628,-1
867,5.128813602200738,5.12208805065543,5.188958338665147,4.908813582142162,4.968562722478152,5.128176606159184,5.208438422885788,4.883691628625191,6.045988735159773,-1
868,5.1205674471376055,5.13921522576575,5.177868834497649,4.901628127885641,4.958641180221597,5.122866248095447,5.204340075025552,4.897711036764029,6.037598272936307,-1
869,5.1091459042623955,5.166757656885858,5.176721231119853,4.892458283811185,4.947969817441827,5.1185068043887565,5.207873029901696,4.928937758458822,6.047513616328681,-1
870,5.100753482485097,5.180505747952327,5.178730102215993,4.89269348489959,4.94072341301466,5.10776959555265,5.208232708381735,4.962404000281577,6.046591507623793,-1
871,5.089989187332443,5.192920700736483,5.186117635485035,4.899540767039148,4.938964255204893,5.091858971396302,5.199350432697424,4.998185952417059,6.043024183465563,-1
872,5.084389881601087,5.212290763862925,5.186073517462214,4.907172149817741,4.933950220364039,5.08143266723446,5.202825382593332,5.036706587445456,6.048588866869595,-1
873,5.086376196569201,5.232145497045441,5.186582698890791,4.915720281041149,4.9386625454348545,5.07206185837106,5.19707525280324,5.061219822645418,6.0470835109975045,-1
874,5.100016777238311,5.258199403546174,5.175882335367702,4.9336682116655375,4.943802716985852,5.059008116260383,5.191036252252778,5.0825077907114355,6.0427650774700545,-1
875,5.114181440206797,5.283019439829503,5.174193312881675,4.955425917770544,4.957476381929825,5.054195249882995,5.190030777280627,5.097178419370965,6.0419521222638854,-1
876,5.142964898667591,5.3075943728079515,5.171660116904562,4.959520023908475,4.978622138178627,5.0443091141603755,5.1891251611766585,5.106883408244266,6.048696977084582,-1
877,5.1729639005975026,5.322513753634897,5.167628455683525,4.9748653283402975,5.007905536230768,5.030615439021588,5.183735293540605,5.10392279728325,6.047071122983651,-1
878,5.19521651657824,5.337744973634994,5.16563873897346,5.001133356257331,5.042896128778507,5.010634362163982,5.18324782130236,5.093881681354796,6.051406912074315,-1
879,5.212101571270006,5.347577459880442,5.176600599183944,5.038242395027352,5.063329505292697,4.990359803881102,5.193566232848142,5.077971758602271,6.044755210619689,-1
880,5.229564426395187,5.342133116070899,5.188061283833973,5.078227234215126,5.080208673061963,4.972798618188876,5.2000718388202625,5.063828941581927,6.045906008708876,-1
881,5.236383140514503,5.3411309786764285,5.1921171515681905,5.1145217879066545,5.0829696143641545,4.962994685958532,5.202479729390679,5.0433919652685475,6.043557237882419,-1
882,5.2524658102058766,5.334950372363247,5.190445904607989,5.147844916377722,5.098634156108578,4.945789822649432,5.205235792980558,5.0174153910836,6.058325332578941,-1
883,5.2668454736022765,5.326837165418434,5.186568215686212,5.169402952960221,5.119648595423124,4.926413253839213,5.188132409371246,5.000521508225447,6.0441630303233795,-1
884,5.2712697516321185,5.321966273599803,5.1798398393531135,5.189534072374878,5.131062060109627,4.913418690370248,5.175497467410105,4.98475927140719,6.0491404511671485,-1
885,5.277169503581368,5.31658616485391,5.167526996836788,5.1964183228920495,5.130328259809261,4.899141604081,5.1619826968140226,4.972173264240457,6.0405162206132665,-1
886,5.276368656462775,5.315300757055135,5.161908720320212,5.199861878932615,5.120377411796405,4.8891322626211995,5.153169043480782,4.957628121487144,6.042118453072292,-1
887,5.2827867543942295,5.321094225863156,5.143234952424227,5.189681887274761,5.120016368046525,4.879433201361241,5.148237452025047,4.952652826573887,6.0495372282140085,-1
888,5.287685706594305,5.33924917151466,5.128010188845019,5.185438310653325,5.125229120133258,4.872324536897685,5.142030835467673,4.948383874943405,6.049636436698828,-1
889,5.295168570262616,5.354206215587925,5.12988476724388,5.184139778985229,5.13252090139055,4.857335496983997,5.134893271664537,4.944419555276265,6.048274404365459,-1
890,5.286124451289045,5.358871239620404,5.137726596683582,5.1765988244796555,5.129864548172937,4.851305317899255,5.125280312143093,4.953598481489823,6.048137714771884,-1
891,5.266629597020008,5.3573483794996815,5.130473768490499,5.181750279002404,5.123196619794884,4.843463454288191,5.126639447688202,4.956952633826221,6.0480188623467654,-1
892,5.242244832765393,5.356520560074221,5.127479445031217,5.183358700968493,5.108125919235752,4.831573424472657,5.125535765334197,4.9577794918947795,6.0446061301288925,-1
893,5.211948278756311,5.354219947144703,5.125009419840483,5.187363712770803,5.105569472391894,4.824043188996804,5.122547682612761,4.952792513892834,6.045572910837321,-1
894,5.189518354822608,5.349321366627048,5.116252012120636,5.1813140484265165,5.100242285081892,4.823757069340426,5.122816744447138,4.961331524160526,6.049965689832943,-1
895,5.164418909175562,5.343658007770244,5.118448577324665,5.173840981305729,5.08560582376309,4.8321760098681805,5.11338879198853,4.9683491584504536,6.054104096945155,-1
896,5.1405815481297585,5.332217589301621,5.133187625648375,5.166927818867374,5.073238371000857,4.833271106953194,5.094740041741753,4.978635451837209,6.042997591687925,-1
897,5.122204394369131,5.317790241058884,5.133455921374416,5.159052229700601,5.067626256344919,4.842325936576606,5.091969081027807,4.990203809901095,6.0503123075274,-1
898,5.103384863224336,5.307771041788343,5.13061448986624,5.166870595809182,5.056602324698456,4.845893027120145,5.097361751847194,4.9955421534194615,6.051340122056445,-1
899,5.098212573228541,5.307485453391928,5.137165544711198,5.160271452975247,5.0473897316889405,4.851167904600896,5.100818274826143,5.006833021299029,6.045153680559238,-1
900,5.095153234009667,5.307369561418809,5.1439817868374265,5.168861549686154,5.0378602068121365,4.856423849387757,5.1016388144668605,5.022015689923983,6.051938214466587,-1
901,5.096832521777277,5.299963650573063,5.147868781469652,5.169185204112567,5.02947304327696,4.866999123961561,5.109721850486243,5.045511510956828,6.0537723715558664,-1
902,5.096553914353027,5.290526941983851,5.150336299069748,5.175595704175631,5.019709397938582,4.878049348332776,5.11770329571389,5.060736796566134,6.050743859042508,-1
903,5.0889490913643725,5.270452647536162,5.13810426629153,5.185836789064909,5.010482857886691,4.8836419767219015,5.127058676662395,5.0732391579779,6.047821343325533,-1
904,5.078373907886536,5.255322150884673,5.11408117711051,5.180572506917882,5.006572649839199,4.891977422425498,5.145942423553853,5.07297387612207,6.055451788085454,-1
905,5.071127741743329,5.231815514936384,5.082774705839899,5.176189281209777,4.995062309058953,4.886709848156329,5.153987089253673,5.084060676376856,6.049388725304428,-1
906,5.071318858874816,5.210902203355586,5.062628904297739,5.16475434331262,4.991167386441779,4.892755690979974,5.156154175165601,5.091510920127932,6.050111844422474,-1
907,5.067575961058152,5.193964068250162,5.042467174570964,5.157043949113769,4.981873532616455,4.900587136759463,5.156991641603873,5.086250461456324,6.048980618972539,-1
908,5.06922059096176,5.177438416256884,5.020887852041013,5.143391387426504,4.992332873043054,4.913666067000045,5.1551671790718245,5.075613759805537,6.055906715331283,-1
909,5.068833088110763,5.165992765812735,4.995431926563526,5.1339452546735105,4.998230718020924,4.93196456415873,5.148435124128253,5.058505688653928,6.048066342481598,-1
910,5.062373966815611,5.1544243355846975,4.966730757638104,5.1253173404232975,5.014851904702356,4.954653970940717,5.140518406516547,5.046596023581289,6.047648798381303,-1
911,5.056343234757748,5.148128169135241,4.944877523869318,5.121977045207267,5.031177449300532,4.984084660370095,5.137805631827038,5.034917999752118,6.051301791968075,-1
912,5.045131283982366,5.145423346310716,4.920953507401377,5.124139000066998,5.037199460167049,5.009538399114473,5.125458998124288,5.026458300599154,6.043075849919181,-1
913,5.028027362837067,5.149388637845051,4.914759086086269,5.122826512652759,5.048768052131307,5.04155358996768,5.107820127583712,5.010488691267262,6.038518863652526,-1
914,5.012042443409401,5.157943162987203,4.906886594795944,5.122892285351863,5.0677606176733505,5.0594561976543,5.083230872796486,4.999961827987795,6.045988709496733,-1
915,4.995528425903856,5.165361655551246,4.905168425060073,5.121118549516374,5.088490119321499,5.072626346745846,5.073098778008756,5.002002354176958,6.055292849916049,-1
916,4.97907256460425,5.166432109205516,4.910283578477991,5.127571837515073,5.103208004195913,5.085074183186683,5.064776698977578,5.015491243032578,6.03778393267683,-1
917,4.97061006915563,5.168009727769982,4.917384099518471,5.138734211010539,5.118701797254696,5.081159259169373,5.057970716097716,5.027193097748859,6.051870097429846,-1
918,4.960994351459532,5.175672143107026,4.9265084093807,5.144268855301282,5.129457678992604,5.074958714145641,5.052575940239226,5.045228222453492,6.042640511644318,-1
919,4.960714779581366,5.185153167925392,4.930607021480021,5.143708317753591,5.1476252622427285,5.064306653251951,5.039182806917202,5.059038401759595,6.0454511535326185,-1
920,4.961822515077721,5.192050679382279,4.934261488468888,5.1502506106340515,5.17029787838237,5.058769991762705,5.031658774351855,5.076527756656525,6.048724528449497,-1
921,4.967045047860735,5.200423773041706,4.934759320577975,5.160603349658041,5.183909600289775,5.0606257751350805,5.023407728597681,5.100570864480829,6.051721010978018,-1
922,4.976666261832284,5.205081586306492,4.937306536893227,5.156757108798141,5.178847237737717,5.071602048028815,5.02888818108022,5.11433463806137,6.044584201102079,-1
923,4.990648762792488,5.204829987088129,4.9399956963358855,5.153612696731931,5.184340121825732,5.076173269269364,5.031121332794605,5.124126936531451,6.052580572660999,-1
924,4.993055444889507,5.2043972161173135,4.940543861679492,5.135505939029657,5.182122052456539,5.083206543095803,5.033849209864907,5.129095533565684,6.049476444517916,-1
925,4.993125041860266,5.199685993866424,4.938655911917735,5.1255284534940095,5.1788298795762815,5.09067717667973,5.041500480521948,5.131046673462511,6.050732134396376,-1
926,5.000282788621148,5.197182561543174,4.943022317376128,5.102126189023259,5.175283014261615,5.095149685838729,5.041468384199673,5.129859292452486,6.0474791148689695,-1
927,5.002206817869593,5.201552728248823,4.95278191547112,5.081445450981858,5.165604277215506,5.100424834136711,5.04590594565222,5.131479118866656,6.051329738396086,-1
928,5.011065574985073,5.203361246083625,4.960153732810269,5.065192712703101,5.154556870960915,5.109751740756225,5.039538546897571,5.123551327972473,6.048111872247403,-1
929,5.0220125944590555,5.197235018599665,4.968315311325265,5.051876425209689,5.148289168014745,5.109959679294382,5.03980799503681,5.111561792295092,6.05662516412387,-1
930,5.036568756424218,5.187674245721418,4.980344449273704,5.047950267776533,5.150641954412995,5.110809388969454,5.034692067763566,5.1004884828918655,6.048159610861482,-1
931,5.052619342978742,5.183311368587233,4.976901283027941,5.042836013719267,5.1496903109293495,5.122356649423823,5.014168425916387,5.086394701311536,6.056721815709737,-1
932,5.080269512985872,5.178270662860816,4.985287531916939,5.04594904575795,5.148131594234001,5.135481901568572,4.996261079269358,5.06961184322185,6.060100311329048,-1
933,5.105057531448647,5.173995419645026,5.003006330988605,5.047154916784381,5.136259634850646,5.153743256633446,4.975915802623836,5.0594208264329605,6.043276846738892,-1
934,5.118129140428341,5.161094112843827,5.009954399734745,5.069164017270766,5.119240375909266,5.165544306640641,4.956893663428653,5.0344555995647955,6.046282749054373,-1
935,5.135697008870583,5.149321634163037,5.014252773543197,5.091500909158693,5.100780994308315,5.180258090050145,4.941152148195671,5.01044365001306,6.050401531534284,-1
936,5.145276411049712,5.1363450788246,5.026180333976854,5.1052488476006035,5.082535549019127,5.182189233810552,4.932525956514212,4.9999535847454855,6.046906573211378,-1
937,5.139757398255954,5.132740041118664,5.0383647638100175,5.117273631724199,5.067467225069386,5.183180864878014,4.917654568680609,4.9938274732656875,6.051508962444794,-1
938,5.119163327576934,5.1368443978489795,5.053426279233781,5.13340751508942,5.061069112915179,5.184494345653432,4.902680232390989,4.996051038067329,6.041954233502386,-1
939,5.0952681674754645,5.1347720610669665,5.086449172674425,5.148924431709825,5.055688365231572,5.187220005153048,4.897664185463,5.006894342626911,6.050175248857311,-1
940,5.076381886876654,5.135787658775467,5.087511587465996,5.1572663520332425,5.052950343391247,5.182606783599017,4.90137817108787,5.022156100257954,6.051915000245159,-1
941,5.0577521353267025,5.1350853175651165,5.0994913814300356,5.166203660999571,5.068453434216726,5.175565172269349,4.8986079393743465,5.036241048437949,6.045907125866058,-1
942,5.047315831130433,5.136390188095254,5.108031019284051,5.168031314253528,5.090265242199243,5.163516186466137,4.889544629576092,5.065215591562091,6.047225857526379,-1
943,5.032819601848896,5.127313810844717,5.120608539610455,5.161582534768239,5.114315203493122,5.153284629324999,4.885012298468407,5.10076897339016,6.051113007101282,-1
944,5.01903896264467,5.118472186911228,5.12434369621452,5.147722884683647,5.138088716780932,5.157266059631191,4.882237744192192,5.13510888910613,6.056299434723894,-1
945,5.022808136208519,5.104999270971515,5.126564023194572,5.140823869475511,5.157229035900513,5.159042136215456,4.8800301395967285,5.1603941936137225,6.056923085275979,-1
946,5.028674479545174,5.085321556770941,5.123586368116934,5.130492831084309,5.168399038769486,5.160296604812157,4.882169514938089,5.189252350867764,6.0445513795484915,-1
947,5.024386495545956,5.0639536074727705,5.114163743945129,5.126289187256886,5.179708666463447,5.152714287717439,4.884815083175519,5.212237898337037,6.040430112877809,-1
948,5.014905733401201,5.04534377029465,5.122157053383498,5.126636823099675,5.182803446390923,5.148098633726735,4.8836026082836375,5.235670175368553,6.058512620844823,-1
949,5.000074824111756,5.033475462506898,5.118497632837229,5.121459248286875,5.172952042893714,5.148461135230856,4.893931896513732,5.260919289828598,6.0440807516016815,-1
950,4.976316428700842,5.033195155636451,5.123380645001889,5.116099960752705,5.166862372376608,5.160635080853545,4.922020975159618,5.277708043149481,6.045653337396893,-1
951,4.951025023624584,5.037924910313286,5.1217214717472235,5.111655053591206,5.161411906260867,5.170963140493142,4.934543571993222,5.291162367245779,6.046884798123128,-1
952,4.929659368967989,5.043377312148456,5.124026312788338,5.114467351779008,5.1532726225561465,5.180710396214303,4.940526418502147,5.295096080356264,6.046296922899844,-1
953,4.902916215997647,5.054532812664954,5.120346669056902,5.104404803448551,5.1505665824476194,5.194894323003829,4.951223811733221,5.301927355173485,6.054906095326843,-1
954,4.882527283184291,5.067932389812961,5.120862933729524,5.095371522420511,5.144470241827799,5.204333715492218,4.958820129638126,5.3044461733259185,6.042996915923564,-1
955,4.871841327047553,5.089229899914006,5.127390781845374,5.088182476494849,5.133549670161067,5.2202819716774895,4.9720881579344915,5.303779866405366,6.054755652707259,-1
956,4.8512983231647535,5.107185369496229,5.13956193953842,5.0742340719833186,5.130180933698712,5.226870357525117,4.989293421632784,5.294247757590645,6.0522207706903455,-1
957,4.832791579816176,5.11410725652927,5.14816302444802,5.06149594772969,5.128120932800517,5.223404044308438,5.001963797347744,5.283068872913626,6.049080825157632,-1
958,4.833112438961032,5.117493022061231,5.16532427259961,5.051010498637532,5.115656301716582,5.218884070830891,5.0096978452097485,5.281827355103662,6.0514770676586345,-1
959,4.834422677186617,5.123532354114754,5.187575126004903,5.042308495969946,5.108215913865298,5.209270502424141,5.018911903242867,5.280417374500323,6.053348729045029,-1
960,4.836028667299961,5.129805663272266,5.204392468412284,5.020894411005592,5.103297982878138,5.197498023693869,5.038922960062635,5.286138431457626,6.043302922575571,-1
961,4.834396960268312,5.1375972613057215,5.230886338629023,5.0010738662182685,5.094745593096141,5.181552570581436,5.0561361554669375,5.290519890338137,6.052956292261366,-1
962,4.836665156921247,5.153114266175757,5.24246546037744,4.979470675069689,5.090058542815713,5.171793162906206,5.075994211101731,5.299615166057615,6.048243387110841,-1
963,4.833706969854656,5.169626997949978,5.249190822478789,4.960968178679464,5.081583023949912,5.16184419051123,5.090076602210836,5.312989407884696,6.047103235798973,-1
964,4.845472354004372,5.185303952865131,5.24454742652499,4.947368815390843,5.066686456056427,5.1598153150313495,5.098790654824324,5.338447817001625,6.055076808241578,-1
965,4.8573082172123065,5.206217735344883,5.242081405773357,4.927784261437653,5.057174005122494,5.160957898534745,5.111934820547357,5.370744134988502,6.041020019699382,-1
966,4.868350031468695,5.2182481364628375,5.226422880290526,4.906685670401575,5.049314816810231,5.150488710314411,5.121754605979126,5.397792503229365,6.0491778673985594,-1
967,4.884149897931433,5.23232424335607,5.205805911448024,4.88341123797709,5.035640427361851,5.138392814072525,5.137003308460168,5.4164094250572665,6.055808211657155,-1
968,4.902830359592359,5.2424992595271735,5.186911476475069,4.8720355047406185,5.019045239393099,5.115737430102083,5.154015905137009,5.426116340801421,6.05777411992383,-1
969,4.917307268510911,5.248830174520965,5.166696066921772,4.862249029745185,4.995644467850467,5.102234098473708,5.172108813417299,5.43137833232097,6.046064323197519,-1
970,4.928755766683517,5.244450952503189,5.151668493703717,4.854321113009003,4.970440781223319,5.0842595566236986,5.18094891291316,5.4355921195400825,6.043047465598103,-1
971,4.9364139226468575,5.233445698856162,5.1265143466167675,4.834758814806297,4.949421861709927,5.062749861673883,5.180354136946702,5.438707112817303,6.0412617681754295,-1
972,4.943580597572683,5.217399274965061,5.10475212815629,4.81419700725163,4.933963631722696,5.038032876553608,5.176722323145335,5.425742403488236,6.055749895301107,-1
973,4.950016335384125,5.207771567573076,5.0784438168799575,4.802664354468975,4.913835144657997,5.018105399932918,5.167228168845071,5.402742033838658,6.046106021090842,-1
974,4.955966098532861,5.199404466561214,5.0530215240166605,4.793145230211645,4.911002753631626,4.999704805600166,5.152576627990433,5.380924987620005,6.052218690329249,-1
975,4.950988521305913,5.187107121426679,5.033666115758232,4.793647104752477,4.912019976456313,4.989424265500404,5.145105589615913,5.35577953488371,6.0491222484192395,-1
976,4.943572858365938,5.180053765216274,5.0135960457237765,4.788086771676573,4.92860716069364,4.9904257029880394,5.122809485976559,5.341185532792289,6.045420866053791,-1
977,4.944503725430643,5.177297034782144,4.9961445825133985,4.789518626080497,4.952798177018414,4.989076480284991,5.102113856741383,5.3359389209442085,6.049984825291252,-1
978,4.951002533989693,5.177817058630928,4.987358815647684,4.7914207133765085,4.970622355387757,4.9880820057267234,5.076832664069323,5.326273457323307,6.056769731921279,-1
979,4.968490577016721,5.175134686996714,4.993248332692513,4.800208216036089,4.985905316760213,4.989441865099804,5.0686676427793245,5.32565410896895,6.054252468741207,-1
980,4.986137161253534,5.17679671481335,5.000135454761214,4.814683862718242,4.995287471915349,4.995079056184821,5.054847420043379,5.3327384309606085,6.037658886341626,-1
981,5.010388612844959,5.174234203392684,5.008793867926816,4.827189611986795,5.009558850076425,5.008109440010835,5.042836288183963,5.344759481252712,6.040476168851171,-1
982,5.023527511453958,5.170330153564034,5.021713183672979,4.8463216902568975,5.0154698610245765,5.029482312381888,5.029382038784517,5.353826049003878,6.046654140166571,-1
983,5.035335849168387,5.162328454974609,5.021917286511472,4.851160014169455,5.0252401988861095,5.054568678060875,5.0134855064741135,5.365838910010749,6.047590137552425,-1
984,5.039533556361675,5.1562848063048765,5.033440517543673,4.86553303782966,5.027503828729842,5.084272330611774,5.007291903259145,5.372760136035242,6.043644630868601,-1
985,5.040259654713087,5.148988614900691,5.046931046229932,4.877361942422102,5.027126437052931,5.11230753391602,5.011313700807139,5.3709016862526635,6.043912502693062,-1
986,5.025942983044399,5.135001160943231,5.053870625729267,4.890610825117819,5.039362476432185,5.141421461021548,5.031906530453775,5.373278300471117,6.044178723635993,-1
987,4.997440597450636,5.124349677291264,5.047907875808429,4.89958746035514,5.059706362130753,5.171213977077322,5.047723977958591,5.368625565619574,6.048880858573502,-1
988,4.968136820503098,5.117088971117037,5.043781559639623,4.907821966097443,5.08428591812855,5.20330680087656,5.062724276345066,5.363726657693032,6.056930804284386,-1
989,4.941131952245888,5.107306782870298,5.031121851419721,4.90907861796544,5.1039247414698545,5.221683131861142,5.075493724155795,5.34973186368438,6.049085576931414,-1
990,4.919648439351683,5.098439248595012,5.0177078840928955,4.902128719813142,5.116446177362004,5.23312120305044,5.0902794625516945,5.32891805796435,6.048617558502593,-1
991,4.909945884535252,5.089452503572031,5.006883797520359,4.904317860511196,5.128728658105781,5.2354588683795065,5.093932388084532,5.319068162938421,6.046934006426611,-1
992,4.905937748397378,5.066159528501489,4.989811151255945,4.905151824189548,5.134579051910909,5.223131580203011,5.095004164031758,5.312154767614203,6.0457155663880995,-1
993,4.902016726093562,5.034868216522563,4.96580614635499,4.910120913074542,5.137702973495266,5.203364075069022,5.0875923132315855,5.305339704043247,6.053238533560261,-1
994,4.9047304976852875,5.012633404421527,4.9418211581279765,4.912123875777872,5.135279369167986,5.18666321061213,5.083394556892944,5.293126624160641,6.046050760653219,-1
995,4.911533975405043,4.9896581556811865,4.926792742825904,4.918674638858885,5.128919403967372,5.179431876823105,5.074042168710766,5.2847099562343995,6.0466146686142395,-1
996,4.923456519675891,4.959382412615267,4.912044055758869,4.925563169565656,5.126558794784633,5.178199554023774,5.063154413766992,5.270710699504998,6.0553458619134926,-1
997,4.309191996835434,4.324430420471193,4.292800548214337,4.315587372734975,4.484050347597295,4.523846796991297,4.423851114034179,4.607761816621981,6.047643852943538,-1
998,3.6945353855690586,3.6926094407209136,3.6733081286004308,3.705388294128158,3.8446755657620146,3.8748393265148913,3.7881031145664297,3.9519993859565594,6.0425008120272565,-1
999,3.077951369872535,3.064376672263771,3.062667281782918,3.094805665628976,3.2007489076626916,3.226508232405939,3.1612079834135334,3.2928198700876123,6.0507243156597,-1
