time_step,region_1_entropy,region_2_entropy,region_3_entropy,region_4_entropy,region_5_entropy,region_6_entropy,region_7_entropy,region_8_entropy,global_entropy,lock_epoch
0,2.558766205692089,2.5372991018689675,2.5407617955356128,2.5940530013449026,2.5806532496666286,2.561756355346306,2.545004496890532,2.6258377052207367,5.600969378005391,122
1,3.195123977670046,3.1675459664572148,3.1815914783197674,3.240101857227442,3.2053447443837526,3.206010246615478,3.1887379696793983,3.279434931944166,5.599985050756338,122
2,3.826948189048357,3.803153781037535,3.8092930336813984,3.879356214696796,3.836030169085005,3.8497410875113776,3.8293147751524845,3.9328514118209386,5.602813835500883,122
3,4.4668605098951835,4.442570177384294,4.432066145269495,4.51898430137971,4.472074904873772,4.499004989905748,4.46745061896207,4.580468638617433,5.608080783232239,122
4,5.1022666979020235,5.083036060053387,5.05295690886091,5.160821637060273,5.11643075594557,5.136136550996084,5.098225844145524,5.227822084532643,5.616296917078931,122
5,5.087709501659006,5.084620934996938,5.039680004938958,5.162434266184654,5.117633036041453,5.141570308775031,5.087007603496089,5.220176255689633,5.614825623214121,122
6,5.081583839388998,5.091982900806004,5.025977489302411,5.156893645159377,5.126248050416495,5.1383509830321445,5.079832521870696,5.208104354106157,5.606498462286851,122
7,5.075695228106346,5.108506499287853,5.007717279652985,5.158368438455929,5.137447074693192,5.141342574647049,5.074756630797199,5.1963339179283725,5.614181117696338,122
8,5.074371733456582,5.128298909298714,4.993628740206143,5.155385272604446,5.154780194660646,5.148537649878936,5.05853273625887,5.185675254667923,5.613590259831861,122
9,5.073167196211019,5.1531813993744064,4.965727768065832,5.1522736671500295,5.182275679972316,5.151665505219739,5.039693288394407,5.174532554997249,5.623824220977043,122
10,5.06932153417936,5.180813734765438,4.949483141540073,5.152206916713654,5.200535502580918,5.158603270912035,5.016201125226363,5.163728504451802,5.61523943097692,122
11,5.056263753528903,5.200599694406152,4.939003588942918,5.147558185728158,5.2087308485714825,5.159132519188999,4.987786109381161,5.155425253523211,5.622962040286366,122
12,5.052446724282653,5.214130424185025,4.926898743717457,5.1438389449609545,5.204833973211646,5.165461202009572,4.9549951245252934,5.149334967820363,5.627794315843571,122
13,5.054272278949659,5.217903498760077,4.915728453076777,5.1356255164008235,5.185323724977357,5.1810916021575775,4.938499981284455,5.1611159287287185,5.630676049093746,122
14,5.0493121279094,5.231935176516045,4.9100171342242085,5.124795011142024,5.165186737348844,5.194842370055825,4.915817090263147,5.169778176165871,5.647759690078447,122
15,5.042843468358543,5.23464863556531,4.905007277209381,5.104329377886122,5.154954420303232,5.203363910500941,4.889615067054934,5.174107534953684,5.636870803252408,122
16,5.039504612340578,5.242051151681235,4.903746702173824,5.088979656060694,5.148310704947987,5.207488352517379,4.8710343693460825,5.179471180676756,5.644070702475114,122
17,5.029899055212236,5.243377403006711,4.905160603801377,5.077199497576451,5.141525774424292,5.210834777263666,4.847738195955214,5.183959823588046,5.642970359724199,122
18,5.0277023038299395,5.241662371922408,4.904805833333472,5.066606264879974,5.1385573467979615,5.213802537715803,4.840736919362994,5.185059546062769,5.642182489377896,122
19,5.021691145592543,5.240796740086042,4.905857188523237,5.054533242104926,5.135670242329132,5.217191524881365,4.837332148821279,5.186097617198364,5.653015991927083,122
20,5.012972346745617,5.243887646394308,4.91379540059831,5.044000009407584,5.140459490573375,5.215195881162667,4.850680180183452,5.1741843835034755,5.651272612308012,122
21,5.005709200684841,5.2627956269261915,4.9147436234347825,5.034299809154712,5.145961969589461,5.203980135777586,4.848211236530256,5.1421600367503775,5.65932749917088,122
22,4.996726026775174,5.267164489963818,4.909877507964254,5.034578301425832,5.152580617894108,5.19674269638426,4.854543862063087,5.104110728826444,5.658446415779712,122
23,4.987764604525593,5.273078929612778,4.909636656289034,5.037594405101665,5.141074148423024,5.185919981047719,4.851924399492849,5.077471655461784,5.660906117307097,122
24,4.983005976514217,5.267750847390295,4.908221149160823,5.046232774586318,5.133601736929471,5.170726341438025,4.845312237873693,5.048505879586968,5.655086370214767,122
25,4.98209831697146,5.262844004480199,4.911199468176827,5.0552277908616805,5.132558434781398,5.1602466923801025,4.847471870383638,5.022443969694617,5.660043232633678,122
26,4.973735026566408,5.261568181158022,4.913232101695804,5.0757512139420085,5.1292335773525215,5.147231153300664,4.841646111204943,4.999644268319727,5.6700756213738215,122
27,4.960630864996456,5.261880100574816,4.912220526261628,5.099025509114703,5.133885470813286,5.135959455131612,4.8350498879178385,4.984164628729991,5.663866367866971,122
28,4.941143298995508,5.255444786947061,4.91257483804043,5.113360185718727,5.128998829408,5.143043236313369,4.823492632856638,4.9801585238996235,5.667778974297993,122
29,4.921293753106346,5.241466812341357,4.926766664322178,5.12185991663273,5.12934445432169,5.148235993168526,4.831312772654655,4.982589963580734,5.67197303217678,122
30,4.906015377878535,5.238996384715585,4.937976833568971,5.1303991620975395,5.1232259361673504,5.138140277727379,4.833014675923128,4.984015182113475,5.679872407287699,122
31,4.884827860798804,5.2392824471053565,4.947638671073473,5.141866524261568,5.124700117174239,5.133437279892402,4.841974623347919,4.98162897010425,5.683227744898637,122
32,4.860634670214872,5.236688993283665,4.959986695548583,5.149184013301069,5.120121919091282,5.137371399059552,4.852876189835253,4.981354255419979,5.68477270357053,122
33,4.838966763238671,5.228870621325537,4.973396358088491,5.150651331677063,5.111133437654627,5.1392941135531105,4.861568694536259,4.982786875431201,5.677077675803036,122
34,4.829762553863578,5.215879455745542,4.98762240272522,5.137960816966464,5.10665368095443,5.1378349404161785,4.873392857453011,4.988347759509766,5.683700938250564,122
35,4.833782055041288,5.216955974196649,4.994183163705454,5.12916901706676,5.0908548430074605,5.138774949812142,4.887404164861109,4.988820448417427,5.675226301985433,122
36,4.8435007904399985,5.225552005087993,4.997830878844866,5.1186601706049535,5.0817562037268065,5.12898882759525,4.904330742969839,4.987161689178777,5.690371007741132,122
37,4.852536164121095,5.2358643497219,4.999787966441513,5.114976978281974,5.080054038589621,5.120595723766749,4.9064642080817755,4.979585968904386,5.69307502934115,122
38,4.866498192857865,5.241876795963682,5.001292839153716,5.1112238349376105,5.089284387316165,5.1202750789070715,4.916718082879303,4.987891856672209,5.693762090913142,122
39,4.88797471466823,5.253333604201932,5.007563297345014,5.101208238404389,5.098666487086299,5.119587524949723,4.92968978945167,4.9938075367121355,5.704738458486344,122
40,4.913043875738456,5.265629152440761,5.01033089661356,5.087650276947884,5.113621310556095,5.1138293643327675,4.950568976107142,5.0054362837093915,5.693059654227863,122
41,4.931573746950011,5.279761468438776,5.012268934926112,5.074022168836837,5.125637427031255,5.104280461333587,4.979188738329515,5.012168588193889,5.698599518761801,122
42,4.944060745826153,5.2942251441048285,5.013690933180233,5.068864880101522,5.136121040022729,5.1050560357432255,5.004806526923397,5.014728788714709,5.70053091931912,122
43,4.952875881127538,5.288121419473574,5.0256251683936135,5.062586677867843,5.158687576916962,5.110314787626029,5.040297272673508,5.012961086736255,5.697763931641052,122
44,4.958272447458027,5.272822801751509,5.047417346927958,5.057192044127666,5.182058486661699,5.119665993248343,5.075563078260107,5.009961311314789,5.708566184660315,122
45,4.961555362288431,5.252253672089921,5.061802382025666,5.0496844815287005,5.201351391891702,5.132487759154945,5.107452308691183,5.008498074892607,5.713057977777425,122
46,4.962586672638574,5.225545716352955,5.069454686140599,5.030785851806024,5.206022206206922,5.145950333947469,5.133432242685252,4.990767142573094,5.710679279012551,122
47,4.960960399383758,5.190599248368889,5.068976890750964,5.022725291679986,5.215084244658456,5.162985600337777,5.16178815470684,4.968392202146033,5.711377372968295,122
48,4.946196410748826,5.181698681898913,5.0675324757576945,5.02300904641974,5.220240337321804,5.182888473161358,5.179037455418607,4.9514881288302774,5.7091809782655805,122
49,4.936007314145417,5.176993068195523,5.065685515120544,5.0207805700967025,5.2271088053939145,5.205808504033002,5.1972234937447555,4.9344239654074435,5.72194634743919,122
50,4.922537850608444,5.162391003686391,5.061561350323377,5.009870188260336,5.23139086521167,5.218409868356329,5.220850193952782,4.927744438951528,5.720732001635125,122
51,4.911724008228031,5.155483798786866,5.049990509402535,4.996119717503397,5.234906617197135,5.23622706700453,5.233040364562109,4.931799723104705,5.716885970405082,122
52,4.90359962380183,5.154765477205014,5.0304928823681045,4.991648042140321,5.241326011699119,5.256940053111485,5.232626211381419,4.940034691950922,5.716460373766735,122
53,4.890574394547169,5.151874606039582,5.010635099716014,4.99003406436618,5.242670094430493,5.275905130557897,5.229870220077316,4.9533753982101105,5.729677107844536,122
54,4.880321273750228,5.15942209169961,5.002055355579525,5.002089745496765,5.251703811998071,5.2875492962936175,5.225967183789341,4.970968304981444,5.736156247253141,122
55,4.877732860940499,5.16200008624273,5.0016324684081885,5.007545797715943,5.260952296067954,5.294162588041176,5.203934370835838,4.995020738837767,5.736165779602328,122
56,4.881414680337895,5.150231751061151,4.9988530307788,5.012206709361629,5.265715974714105,5.303289508939629,5.1874145141310315,5.010337045130456,5.732065484454823,122
57,4.887681109009491,5.14153228522515,4.994442608398771,5.015187418569293,5.278546223426014,5.3075201095269495,5.157253379167136,5.032045221984261,5.7255837504025004,122
58,4.900791675224038,5.143048426767547,4.993368691917502,5.022587331486033,5.296298385005277,5.312021177879559,5.117588676730383,5.048258761082458,5.73177429286182,122
59,4.918869845695837,5.140053818610085,5.001850404150057,5.020865435801085,5.315727106728013,5.30884718718909,5.0807228625457785,5.055880007418132,5.727244754722916,122
60,4.937486470077667,5.140878134473882,5.003905768212177,5.017518437739561,5.326399635091814,5.29699500350582,5.0565342597601,5.064454435019916,5.736947303335803,122
61,4.967155812325284,5.138607987370816,5.007075394710879,5.001754199791427,5.339877882470789,5.281993818575609,5.051127134645074,5.060480594302595,5.735220837298957,122
62,4.993653434621894,5.134172609070017,5.00334546956568,4.983715761278366,5.352207681256176,5.270960362963159,5.05089018806059,5.058181043262142,5.741171382159035,122
63,5.019439849813773,5.138305745428759,4.998466406321027,4.963819876284275,5.366988555272568,5.265402292529492,5.063430048304134,5.051820740654921,5.742916380172205,122
64,5.0425579064541015,5.133882893967501,4.995471152071605,4.931138205804723,5.382459464876007,5.255518228390241,5.070159225398752,5.047196502976903,5.741541949592966,122
65,5.052448183379709,5.131425157140722,4.996307510041788,4.907327808474107,5.392361444658962,5.246854013781459,5.0812772296661235,5.038292470801975,5.740430640210504,122
66,5.055759609926538,5.119387645966477,4.994136814189567,4.885025938023991,5.39329858869072,5.2403139042223135,5.0881895103309205,5.024524494374997,5.752453602063034,122
67,5.055351888706194,5.115005946824736,4.983143391865015,4.887564149361856,5.387874282586948,5.2280548269199185,5.0939818822747265,5.019336466292508,5.740131100100162,122
68,5.054309374791586,5.113191799341447,4.975889649521099,4.898950479242152,5.390921398815066,5.222869922772638,5.101546350547773,5.012292833027369,5.749675465641498,122
69,5.048692499049559,5.123303959930948,4.966911156898269,4.917281727711466,5.399925611984118,5.20677160604544,5.101534045985074,5.0104873260859755,5.748027135557066,122
70,5.045095637676099,5.13669330107586,4.961428034018634,4.934252180932909,5.412137781827157,5.199237254739616,5.104247785369362,5.01287341570388,5.750968946629629,122
71,5.0432102817532245,5.147951522320627,4.954064269751995,4.9539222843451265,5.420602853910648,5.181954642209144,5.099413141516751,5.034422042610327,5.74943936538788,122
72,5.0459445317115055,5.1570384286574855,4.952806954014382,4.974807484754915,5.439610640406651,5.165823213055934,5.098465442078526,5.058229069963534,5.762064649408758,122
73,5.049908884552518,5.17332734260817,4.950168891195504,4.989218362552022,5.454689380409203,5.157213220892329,5.0987346316942075,5.085695937672433,5.751945398026819,122
74,5.057379612369801,5.189088962020079,4.954057467256644,5.005830188806106,5.479340686378407,5.147899781379022,5.10866487248463,5.107981151939847,5.764848263081486,122
75,5.066897889565355,5.206697590529005,4.967739169917546,5.005354120673869,5.506864193158254,5.1352799781369916,5.125605545375107,5.124080748401935,5.760656024848657,122
76,5.079055105243942,5.2219665086079505,4.978565688625834,4.994924818937391,5.527088588970115,5.126063282399786,5.137316399462381,5.140473620375957,5.764523269343712,122
77,5.092840634415031,5.23766279727059,4.989978015772095,4.993826835844467,5.538855830444173,5.121536011085404,5.147987216877257,5.160101115108837,5.756605906652672,122
78,5.110249615267852,5.239867659480765,5.0068560825450295,4.992357650098906,5.548648392177178,5.1105010910988895,5.1522869562792515,5.176513868533164,5.77461974277348,122
79,5.12102104019098,5.236820936211632,5.0261254540356495,4.989079402542842,5.556924937380224,5.103034353122753,5.1608783450544,5.17791192590581,5.765496515463893,122
80,5.125351529043602,5.2329392126551735,5.0438132179656465,4.980663849467142,5.550406662678611,5.111243547255277,5.160643413497745,5.175190818280504,5.771200464233089,122
81,5.134959065243812,5.21033438608283,5.0531838340571165,4.978672484775721,5.5386138132259415,5.113079845963736,5.15759824868849,5.1644178879917195,5.781076187054061,122
82,5.149089830928416,5.1900959737133325,5.05968188229082,4.974228108413264,5.523202244673609,5.1153788690962365,5.151259387118531,5.15609897356614,5.782793913234875,122
83,5.1550611003254705,5.165608446132836,5.064061181862725,4.968874524221003,5.495610727608111,5.117319142572272,5.14081045875293,5.149425239670322,5.7710830794884735,122
84,5.155539239497854,5.136581954527754,5.066797747609663,4.958283360583988,5.476785794122069,5.114909012961927,5.133458313150614,5.13390316829115,5.78062114174078,122
85,5.157055211852114,5.108396849994428,5.072121450930565,4.934669901820452,5.4597076976538474,5.12752466797476,5.126014967856718,5.1211735862653285,5.780640519741698,122
86,5.157459830274041,5.088853220399348,5.07358279284506,4.907676127635838,5.442343949518055,5.14819686181105,5.11767882919621,5.104599330051783,5.781767963410298,122
87,5.154869105235753,5.067144619971565,5.071608216869138,4.884286650469728,5.422145375467519,5.1700693440833785,5.103622861631965,5.0881795034863995,5.789691803511189,122
88,5.154324312125945,5.048666395537972,5.059781446051599,4.874864625323393,5.412107066573679,5.165074526945767,5.098917163896042,5.077448887677362,5.784351279847676,122
89,5.151512865402533,5.034815406540389,5.067055426695227,4.869620025762633,5.411772195015466,5.156072864117253,5.098732062394582,5.073242090765401,5.799858905781846,122
90,5.145076881380916,5.025927394161432,5.074347106996825,4.869046279376947,5.405337431151706,5.15122857917218,5.113292638589357,5.073264521192882,5.795723131098536,122
91,5.133187378302701,5.014825281743048,5.074889952633948,4.874360245642412,5.403509972036721,5.151898900395239,5.12624625588131,5.065609699781605,5.781378063539399,122
92,5.1278555467540325,5.01087005742978,5.074790145641326,4.889847726900822,5.395639437237792,5.1547170731533996,5.1347699261088104,5.068456381029073,5.7846767017818825,122
93,5.124243882453015,5.009719631656355,5.078328337504585,4.907862493279923,5.387211146067018,5.148776914073498,5.135506353251192,5.069700345505357,5.785472179132449,122
94,5.11222194716591,5.006551713742473,5.082904034839154,4.930506783345233,5.371321105216538,5.133539905518564,5.132381080463455,5.072907695913292,5.794792869126785,122
95,5.106542384162278,5.0253383562338785,5.096562031326929,4.950858209474777,5.359298835691584,5.117157886885667,5.141475421899452,5.075868119518365,5.793840731960791,122
96,5.113628661385269,5.0443651674785865,5.11576333871506,4.970292978255273,5.3417111599987415,5.113381367319687,5.150067393161571,5.08208893675611,5.792034020740714,122
97,5.122579216828511,5.0643709436551925,5.117158740703575,4.986675297645261,5.313246520422194,5.120991991869161,5.163404964982079,5.083625839936996,5.799637238328318,122
98,5.1287266365324635,5.0809660401640935,5.130624548973018,4.991584635490435,5.294596984436789,5.128019017764857,5.1623545751217765,5.080007931253633,5.794275532725818,122
99,5.147496136979983,5.099807778669619,5.152396059588641,4.9925846721297455,5.286044785587323,5.140565233141297,5.152192768581401,5.079988354266075,5.799452475609128,122
100,5.164060911411354,5.11826069492613,5.1763284775772345,4.9908551263505885,5.271594571470665,5.150590025324771,5.147099406969968,5.077221403396891,5.810701570286961,122
101,5.17556425483528,5.131096220008687,5.196092647811303,4.994099724844467,5.257156331342285,5.1733938350201205,5.160052315191916,5.078451636459713,5.80091099487085,122
102,5.187056434979019,5.138529528731152,5.213489824231445,4.994196972917433,5.247711769015281,5.196611747620566,5.179528072615403,5.081425319646843,5.808276664201388,122
103,5.194350601604602,5.130960535795697,5.228709056358959,4.989495755928292,5.230972151689603,5.218466453040332,5.192162410888918,5.087105505925874,5.807706674049507,122
104,5.194288726392062,5.130352052252226,5.242798170492908,4.982453705260438,5.218794769006191,5.247892465317671,5.204659417842416,5.081075287155389,5.805899495129782,122
105,5.188971419409443,5.134832184384182,5.255788737937165,4.973190948269451,5.208221800344244,5.269833197822511,5.201229022633511,5.072522782102389,5.811093508492657,122
106,5.1829246247199965,5.1330768761520025,5.260638908339196,4.962918178985581,5.1915698251073,5.286659043694996,5.1967858759703836,5.066982589572169,5.808224315368453,122
107,5.1701664880673,5.138779763462848,5.257639180257976,4.959043185377224,5.16816451558038,5.291664321362997,5.203367106265065,5.0689455879756835,5.809819199923357,122
108,5.1447699528754915,5.1547223794478665,5.251456059396359,4.9564626775769725,5.145316255712572,5.289672460987487,5.211971326544188,5.069364931844348,5.819304842712024,122
109,5.1182897985869,5.176219646151724,5.23783609503693,4.950404014747738,5.116428783673722,5.27118928843251,5.197777251163904,5.0630505858182016,5.8168161596654615,122
110,5.095363416771771,5.201400620467829,5.223528359986232,4.945612466264687,5.091897788327735,5.245908765457122,5.175759762551141,5.049453631365311,5.811075505922401,122
111,5.0830090302120805,5.2251069278740845,5.209065550664719,4.950446429635433,5.069790381995703,5.219640800669486,5.154860040784154,5.03523853575937,5.821187497893664,122
112,5.072188552370899,5.2456152655236705,5.196216365634799,4.951392003894773,5.049829925933178,5.18769120747942,5.138158014438606,5.027054770890195,5.820378921328816,122
113,5.066680276391048,5.257734421111622,5.185575516452536,4.947078635500022,5.025640369987288,5.154470128501864,5.124569510441135,5.022384559460432,5.822388780157337,122
114,5.06256829948883,5.275310177157091,5.181333780474337,4.957496127639408,5.007214200813421,5.131717639795818,5.111809064406822,5.019378337380318,5.824614794289844,122
115,5.050953104813123,5.282527829991529,5.180860886451206,4.96990251609671,4.997056896746595,5.11535739626918,5.0900530923370875,5.008513602939454,5.826114014580234,122
116,5.049447965856157,5.272724370205852,5.182889613178693,4.9812969811133625,4.99308503738526,5.106863904970143,5.062099107542984,4.9993632661711125,5.826852204975192,122
117,5.045658087398586,5.249138807327362,5.186713626848628,4.992115794024244,4.996354119111039,5.102284811768371,5.043338035557083,4.999180178260474,5.823421463764188,122
118,5.048582323372434,5.230081413639512,5.193224358053037,4.999169639322476,5.000040490444901,5.10877728877564,5.034088683944969,5.011232146413702,5.830471321562584,122
119,4.413313518235496,4.567862869323332,4.546034374613407,4.373388418742166,4.37705364035387,4.4747245157452,4.400230672928786,4.387470262596372,5.824927540756176,122
120,3.7728616529147123,3.9047031061012483,3.8972162393667635,3.7538392546281725,3.750443997225952,3.8397009281046737,3.7623716934039164,3.760446258687985,5.829708890869089,122
121,3.136506646825689,3.2462650530709336,3.2522169781071733,3.138924993040792,3.133733063456166,3.2080372556686774,3.1288014388883356,3.134858765658249,5.833407640265949,122
122,2.44315536768306,2.5941958603855184,2.5174393414999425,2.5091793212295865,2.559777574966995,2.6319958301024347,2.5216494023537486,2.5895023135061717,5.835891345798175,122
123,2.5791573479649603,2.736883335149094,2.654484817028666,2.6491038277155248,2.7062029607771283,2.7800507486817168,2.660698124952554,2.7336394808003828,5.825751755517999,122
124,2.71392624101591,2.8785032220516555,2.792371808826597,2.7879267539754085,2.8516848636623333,2.9266247143771835,2.7995001563704522,2.877268459529783,5.838990427164637,122
125,2.8464770447132874,3.022093865891625,2.9318654379698295,2.926411441542541,2.99584355882716,3.075246003015013,2.93908706384625,3.022017019803604,5.830241776661568,122
126,2.9782100346659264,3.16467537816447,3.070539590030763,3.0638061948929263,3.14019262152368,3.2226338338666016,3.0795625098265984,3.1666315223870036,5.845009688408676,122
127,3.1091097727060846,3.307133786985628,3.208471466045384,3.200327333689789,3.285821286126191,3.3695010662435,3.2193071633141885,3.312243906667957,5.831830907358019,122
128,3.240904790601257,3.450672383026422,3.3469592279031115,3.3388306338288762,3.430167670161863,3.517888320339821,3.3585700136673537,3.456588683465021,5.845454127604361,122
129,3.3732714159900734,3.594217847216801,3.4846558919388544,3.4771725028729423,3.57516540975568,3.6649413103200437,3.4975674206081764,3.5999890637049967,5.849412463802816,122
130,3.508273042976657,3.738716461449486,3.621951022756444,3.613929732506249,3.7210663375319037,3.810806192992732,3.636975172204646,3.7451083091780903,5.838303136134148,122
131,3.6418971488813856,3.8838485366323887,3.757759680747916,3.750651552797283,3.8666587159863424,3.956119639844013,3.775355242746908,3.891530175388643,5.842962923649426,122
132,3.775244923666625,4.029506914497865,3.894654241987139,3.8874291075822383,4.0110707122674265,4.102992662756803,3.9127776685367044,4.037642821054731,5.848130644897007,122
133,3.909200195680755,4.172705573763016,4.0315732193058675,4.022960047570201,4.158266224664702,4.250379948820801,4.052898045138981,4.183545703137947,5.854573197416945,122
134,4.043432197562441,4.31760553159855,4.16894117752433,4.158369789808544,4.304055968885027,4.398604595197499,4.192326629227507,4.330008490721508,5.853425309637083,122
135,4.1780699451656975,4.462763511976561,4.307737636707891,4.294013519380848,4.449109153908661,4.5463609718438445,4.331734041926503,4.476015138253184,5.848740686218757,122
136,4.315247508164678,4.6065808668030455,4.446875857063139,4.429989474689949,4.592570698955962,4.693290926606856,4.4717386825797085,4.621066368251203,5.848285760767879,122
137,4.4537637773281915,4.7497556890380555,4.584944937024556,4.565089540504721,4.736692307583893,4.8382794833210525,4.61060603282816,4.7663417668996635,5.85094495919748,122
138,4.590621928902257,4.8928476132615595,4.724560055427017,4.7013711111588385,4.880708947409891,4.983023376848722,4.7496537966389525,4.9113194172176335,5.854115866948606,122
139,4.728552254091346,5.035486014244677,4.864410152350107,4.836727191142481,5.024433012211351,5.126248001156117,4.88803743610979,5.056619309256172,5.852593458580836,122
140,4.86693439778802,5.178601087975494,5.003561505057316,4.970623518628736,5.167225571624592,5.269965849160914,5.02613046759091,5.202826807285916,5.858838475390605,122
141,4.865074964245123,5.178821890184132,4.9963404971553045,4.9638401763644,5.170047971442013,5.269910842696852,5.02442220173329,5.2078385682962605,5.858574103672172,122
142,4.862121633992821,5.179011004148363,4.991617447048281,4.954738181377644,5.173263865648305,5.267781475210608,5.024094865603077,5.211336860992683,5.858479414112179,122
143,4.86118858294226,5.17757657834652,4.987469258987234,4.945763520828559,5.176508113003125,5.267448404755544,5.021322115230859,5.214419503520423,5.855795212138178,122
144,4.862798754970842,5.17610662687783,4.9864001665642705,4.9385757258026235,5.177286040294744,5.26632236752288,5.019193710866361,5.217469498398229,5.862168218163445,122
145,4.8642267422147345,5.175199644168334,4.985748408839552,4.930188109344755,5.176037492019574,5.2630945784728524,5.0210093041264425,5.219040472800463,5.862697904470323,122
146,4.864934970952124,5.174984561122803,4.985846212942636,4.924449742481849,5.175655423696354,5.262432160449644,5.0260012491437145,5.218714667292974,5.862606982766341,122
147,4.867676950429477,5.173404136624261,4.987527909171682,4.920924133590318,5.176635304058834,5.260526355465867,5.031081941618637,5.216177668021276,5.862449227217934,122
148,4.870475986758771,5.170372993532151,4.987666064762936,4.918591068449901,5.176566630073652,5.258171587917556,5.035089257815668,5.213109384384218,5.875631485087422,122
149,4.872638837254843,5.168283167659283,4.988496574353965,4.91551397614958,5.1755152337209935,5.254203745790129,5.038378244412086,5.206934646367664,5.862838102379416,122
150,4.878060409151008,5.167690558406677,4.99001880666256,4.914960106788017,5.174713676110301,5.248583485115038,5.041191779887956,5.201575421167377,5.8631472241841145,122
151,4.884366928470115,5.167410257906387,4.990754944591489,4.914625506253119,5.174490768232596,5.244556393228341,5.044402933896265,5.197872778212719,5.870557057135721,122
152,4.891847647068873,5.166395910315705,4.992754901392579,4.914843090694632,5.174232836075699,5.239454364708045,5.049110133809661,5.194394888240904,5.869032994051238,122
153,4.899726321441939,5.165099448090867,4.993186999697944,4.914780458834726,5.173196440253912,5.234279962949352,5.051277707450556,5.189034946794463,5.875450147216527,122
154,4.907206887096203,5.162005029400014,4.990156722826409,4.916110829962356,5.170889064175189,5.227862778259572,5.052289455610129,5.18507085956995,5.87554397610612,122
155,4.911679621485222,5.158846272781041,4.988567972248102,4.916810287583871,5.166997152177683,5.223776605214226,5.0528555674296545,5.180023434701951,5.877408769558451,122
156,4.915268793084362,5.1575509821907115,4.989215967697264,4.9182448815465385,5.160639010979294,5.216905537145568,5.052709822668322,5.177022188383809,5.877363159031478,122
157,4.92117267572174,5.156508711342816,4.991018892162136,4.918628506499666,5.155162314305395,5.209847520040394,5.054094408602282,5.173019675736683,5.875877167544612,122
158,4.926347522425765,5.156610331862716,4.9943503673072716,4.916679448548706,5.14834471704566,5.204276724459306,5.057704560817921,5.169445113474528,5.871993629373208,122
159,4.931103939285066,5.1566226259179775,4.997877331661568,4.915819907432059,5.141293347451802,5.199374824085853,5.062715708144701,5.166216665267741,5.87930272511691,122
160,4.937914165331954,5.156996550884031,4.999955293634917,4.915328369904653,5.135378074884779,5.195551361097672,5.067601154575768,5.163766408880949,5.886825368466288,122
161,4.946012789296683,5.155085709904785,4.998708091825398,4.914779201056282,5.12884996780873,5.189404225798286,5.071334991185694,5.16034299001391,5.882686224486927,122
162,4.955440880480863,5.1541451919316295,4.996591231156664,4.915982649950925,5.12335917440979,5.184742210842444,5.07393315418904,5.156978524486295,5.888585057109106,122
163,4.965499774556327,5.153686961708459,4.995477858613705,4.917419257030232,5.116855483348749,5.179970308398065,5.077449683655081,5.15198980760232,5.8806255222625134,122
164,4.974235312731048,5.152416737378956,4.993556907355321,4.916936266522722,5.112649796148845,5.174873336935569,5.081097338281287,5.149089158295,5.879586931535753,122
165,4.982205368093789,5.152249274136535,4.993333485395164,4.916871067264135,5.108873411609269,5.1691288887496745,5.086458146850439,5.146753837054398,5.879279023766786,122
166,4.987277233010006,5.152399493728787,4.995144787203731,4.919124305798946,5.105047475843977,5.1650338601502765,5.090577690583959,5.142661991832274,5.884039266854952,122
167,4.995621535092042,5.15288374612749,4.999189913022756,4.921709977417001,5.100344088224347,5.1620519318888105,5.096093930402949,5.137657620804817,5.887436534831185,122
168,5.004717062010867,5.151348694884161,5.001546292398864,4.9245141009247,5.096330024426569,5.157929561345938,5.102003536687034,5.1334486305079565,5.878588077498339,122
169,5.011105026768039,5.1525706030723715,5.003892020021619,4.927392385586827,5.089763089216236,5.152369225210995,5.105523713038963,5.1300701233417945,5.891776643341915,122
170,5.016930804224949,5.152488885014288,5.0066679581835976,4.931306551075546,5.085762673156138,5.14648273292033,5.10906622003505,5.1253551284886445,5.893783489216175,122
171,5.02332968298775,5.1515091790808745,5.006278576103179,4.935338651891751,5.081968718871082,5.141232188041669,5.113567581150088,5.121495770869547,5.8946358006507475,122
172,5.027514025578933,5.151037398816495,5.005670777045465,4.938570636740674,5.079703858971893,5.135915902202176,5.119443117703366,5.120006118897132,5.886930542867048,122
173,5.030981972739692,5.149117027030272,5.004859317322118,4.941732315770844,5.075877331655088,5.133354579582975,5.126598398337006,5.118875839911707,5.89252894960992,122
174,5.036643254870155,5.147051022508174,5.002205063311363,4.9440334860311115,5.073854639344409,5.130427259795312,5.132630996313932,5.117608302567725,5.892719688596618,122
175,5.040587850877354,5.143815729002307,4.997866438638033,4.947768975549354,5.071949318855105,5.127489091257662,5.140222757786236,5.115495467522597,5.887606845597975,122
176,5.043358014327287,5.140748021139943,4.993669189662272,4.95195893485925,5.072447958192569,5.125311982468505,5.150183880540734,5.111961098255914,5.895419672803434,122
177,5.0467561499088065,5.137524363063145,4.990792601553933,4.955453741813706,5.0728461360312185,5.122813976143142,5.160347854020155,5.109503995464804,5.89412805532485,122
178,5.050673786709881,5.134202643951217,4.989594830454694,4.960615419561435,5.074213717123062,5.123631441432161,5.167712706247166,5.106742281638363,5.893717548603307,122
179,5.05289858511512,5.1316244668034265,4.988067428369558,4.965206929536907,5.075821210968424,5.12435523306769,5.176360506003783,5.1025984376171705,5.898133401847437,122
180,5.056139522619969,5.129313243729943,4.9838819024718175,4.972128462427605,5.0794360545793875,5.124587615985374,5.183355473117932,5.098887564549251,5.900675751997999,122
181,5.061766756045854,5.126193237121701,4.979801600355394,4.978817941222145,5.084165919836158,5.125318418811881,5.186071513011005,5.097798147928902,5.898383770165645,122
182,5.066492518855599,5.122554448301004,4.973573355457832,4.9852024857710955,5.085782858351886,5.123471997318659,5.189788498631289,5.095758751830258,5.894800291574013,122
183,5.06939688759412,5.118560192245843,4.96709614545785,4.989184528600333,5.085407516515127,5.122620715668422,5.192135060161309,5.0968235646053275,5.902264074683393,122
184,5.071351171331577,5.116638710200855,4.960078065241184,4.99097612256093,5.085618828554299,5.122486207457226,5.194615504699183,5.098996527170753,5.90422205465432,122
185,5.073994584989329,5.113303066402046,4.953598149851356,4.992591020080786,5.087909180108845,5.124409170097911,5.197300463801877,5.1008003176487255,5.897599284741365,122
186,5.075771897452525,5.108632817084938,4.947693693296299,4.995093523031294,5.089342393878877,5.1252216537216375,5.200193926948213,5.102090743532402,5.905775596311251,122
187,5.077534302137227,5.102199048100366,4.941635216141445,4.9973225719495815,5.091387860130437,5.127537069626109,5.201648931288409,5.102151884662064,5.910060389385775,122
188,5.076715466211949,5.09545957241891,4.935911135902094,5.000934777291578,5.093602671295057,5.130292320018995,5.202269321833111,5.1018838064082,5.89555040503546,122
189,5.076571452587178,5.090344473021367,4.931486718041176,5.004801359787678,5.096541112893464,5.1349405153404195,5.203388858346544,5.102666532807172,5.8993232470944195,122
190,5.07929259292704,5.084888797972907,4.928174087868637,5.006254747771079,5.099054778327568,5.140894316510241,5.203626727658355,5.100851515977003,5.898070190332404,122
191,5.083718414374108,5.080526588719752,4.923758535854925,5.009132540921605,5.101833617125253,5.144205043379943,5.204035616850477,5.100875134833636,5.907781988928749,122
192,5.090032112346396,5.076535126307597,4.9209280623182154,5.009491254616485,5.105918221342444,5.149297390895399,5.2048243342862905,5.099962489649821,5.901436670910502,122
193,5.09429420168135,5.071119401424946,4.917532759087332,5.011493030775991,5.110134385049861,5.152856629373625,5.205908992900741,5.100638565834171,5.902225435000493,122
194,5.09887592523318,5.064651149890343,4.91468752392889,5.012406055364646,5.113963391400295,5.1550675395790275,5.206479888295172,5.101455135630218,5.910191610138233,122
195,5.103580738468166,5.058534698400503,4.91210563235751,5.013927604219444,5.119306323617055,5.156776591520812,5.205315239503097,5.0998057296906945,5.9041310914161125,122
196,5.106896428308051,5.0531392346755535,4.909611873721856,5.014493208258911,5.1250402841998,5.1583981361768245,5.203200859869463,5.099071698321618,5.902996452612999,122
197,5.112106091604639,5.046595310240028,4.909283415714012,5.015021392309858,5.1334290942146295,5.1614535424393555,5.201036236844718,5.096969841261389,5.912907239735428,122
198,5.117523446639137,5.040002166126181,4.910640993684611,5.013609631866791,5.139611248498674,5.163619643500597,5.199011264616461,5.095811621081514,5.907202483228397,122
199,5.122694702115137,5.032210980561964,4.9107173011102265,5.012414487983112,5.145696345772958,5.166807704722386,5.19686420466959,5.094552572855701,5.903476432835484,122
200,5.128448363025311,5.025400821652233,4.912537152941481,5.010583118748158,5.148977278140402,5.166910166824119,5.196434817704816,5.092973034092633,5.9152450045885905,122
201,5.135200692840606,5.017616542757698,4.913597793479674,5.00824642329858,5.150194577327394,5.168285529809724,5.193877639862865,5.091146827738065,5.918984785195286,122
202,5.141549660937196,5.0078639809562455,4.913223739169293,5.005556517879663,5.150723375275814,5.169727490265568,5.1920408616573095,5.090068616187093,5.918459910988767,122
203,5.1459843090326025,4.996730422178841,4.9120867849063945,5.002711222657338,5.152139948543586,5.171160779295071,5.19017785104257,5.090083723672322,5.917117868257632,122
204,5.150521920084843,4.987619619198801,4.91104322337705,5.000370031693468,5.154962365557634,5.169985923855533,5.187655386784222,5.088613375509549,5.914786896082407,122
205,5.15776150433366,4.977997067933922,4.910537301757676,4.999168657773242,5.156099836736962,5.169867378877583,5.184839014525692,5.0874668349496215,5.918229180360395,122
206,5.165705924020853,4.967300795288196,4.908180895390053,4.9972311831723175,5.155914761673516,5.169124937792587,5.18266343125013,5.0862878360258215,5.924245226769659,122
207,5.171890876143035,4.958800948877125,4.907446021848484,4.994588750635046,5.155629501315776,5.16865271631538,5.17947950609796,5.084570710956987,5.916208909680215,122
208,5.177581634559793,4.951732398416196,4.906655022769531,4.99267874442868,5.154918942782525,5.16851238671543,5.174627707904449,5.08178763939565,5.915586693445306,122
209,5.183062486478966,4.946915788808155,4.9068518149005325,4.9911646768267275,5.155943351398497,5.167614509627255,5.16926785972335,5.078924391472714,5.915616150195738,122
210,5.18869462332001,4.942617854611742,4.907301434170513,4.989436575825534,5.156038999792,5.166223370856338,5.1651789255352325,5.076332839788615,5.924228622889736,122
211,5.194915193560641,4.937989868520679,4.908541625038557,4.985706790734206,5.156679928735023,5.1663225835160365,5.161619110962879,5.073479653556107,5.919582271893637,122
212,5.2027463167064,4.931961178315788,4.910776736209357,4.982759369878198,5.156306398484526,5.164503294555435,5.155194185799861,5.069507927293129,5.931573637374245,122
213,5.21201059087555,4.927070946100258,4.913444296254344,4.981632900960143,5.155127500038729,5.160918080460686,5.148009565521191,5.065868246174599,5.925088980952648,122
214,5.222020566610974,4.923094322403118,4.9147228406457,4.979818442437757,5.152922752990296,5.156027431602547,5.141858399254751,5.063429353875797,5.918004488430201,122
215,5.232446462479562,4.919045674909766,4.917421208386781,4.978909218182167,5.150734799349367,5.150186630052634,5.135380921456641,5.0622593384592784,5.930901704257676,122
216,5.241647696558378,4.9147232921772,4.920875661614273,4.975423136733172,5.147994911786489,5.144974696394955,5.128769453489248,5.061686706091409,5.94019429059644,122
217,5.25071749155532,4.912048635608484,4.92530897794237,4.972213717130282,5.146278851411301,5.139624017006447,5.124863074094762,5.0596765221661695,5.922199965316642,122
218,5.258184169148237,4.910142519137267,4.930838252584807,4.968546267375518,5.147810277590459,5.134403777753874,5.117725197031252,5.058237857622737,5.9282690901385635,122
219,5.266321400404198,4.9087124733526935,4.935889669338328,4.965687617214321,5.149581050416668,5.1285524578156005,5.110023334084936,5.056182921775674,5.924284856524105,122
220,5.274208380827815,4.905779748926513,4.942550886675847,4.966655987544533,5.150676291903467,5.123927808249574,5.103252783891508,5.054618733362165,5.932151931542884,122
221,5.280797099535393,4.903609837217008,4.949177099848414,4.966739523898093,5.150604052767355,5.1170259500026,5.096824484047491,5.054025613292666,5.928963677641502,122
222,5.2880621691009235,4.9025695723826015,4.954964667990892,4.966116857798961,5.150341912282052,5.110346823583061,5.091807670504078,5.053103873551481,5.932224368314949,122
223,5.292321998902848,4.9003777064753615,4.960218065910551,4.966824729364155,5.1490136797026285,5.103024878225808,5.0878753288949845,5.052723260686985,5.93850973760328,122
224,5.298699745248669,4.899875448481436,4.965251276968118,4.967310479816227,5.148185588064766,5.096258995796384,5.083914302002109,5.051162606514627,5.936549670931196,122
225,5.304409083860165,4.900454234016296,4.968645011932056,4.966919918917061,5.148063756803426,5.088800171087582,5.081437630909154,5.04985093679378,5.931515270144983,122
226,5.308987433629847,4.901126136787648,4.973139869031401,4.966358717331555,5.147933251733626,5.082145156264772,5.079172831587038,5.048545846846044,5.925792251088152,122
227,5.313560537064381,4.899920860145859,4.9769330266520875,4.9646066788788215,5.146862303424518,5.07545180451141,5.077319016708119,5.046585603222306,5.9302080859389,122
228,5.314490043811444,4.900080509131278,4.980997632997903,4.964635598929178,5.14615135154744,5.070025526338103,5.076548314545668,5.044785439735222,5.9450525819224005,122
229,5.315773596634909,4.901420864822466,4.984060917060349,4.962256143535077,5.145767264928263,5.0662295683394944,5.075608292550827,5.042848347326732,5.948345142866051,122
230,5.316009902766114,4.903660188128548,4.98667236840776,4.9631687047782975,5.145990549323683,5.063324822664056,5.073303009460456,5.040373559324518,5.931713993230367,122
231,5.314934200455758,4.905999233803886,4.988667317150005,4.962205396678659,5.145411862201725,5.059264801177971,5.070475083193253,5.038900135370321,5.932459490070963,122
232,5.314579022881069,4.908405592395569,4.990765199682209,4.962720332817598,5.1425894168405435,5.055481365038421,5.066714624948708,5.0365168420177024,5.938444268997534,122
233,5.313764671897681,4.9121900845800415,4.9926602863389435,4.962506541464087,5.1391064518356675,5.050278754523608,5.06272561314861,5.035677551146032,5.9447866758826935,122
234,5.312475404323209,4.916396424134091,4.994552282684628,4.962736338406823,5.136817238254768,5.0456237365191114,5.05802808166213,5.034518801364464,5.943470283680965,122
235,5.311973364885272,4.921287987989764,4.996426864108119,4.963522827976652,5.134007825481586,5.0398538893373,5.053272918433752,5.0337692426704574,5.936617104575973,122
236,5.31042163243399,4.924831454529351,4.997132756651406,4.964543721236296,5.132140442548662,5.035645094159602,5.0469879922579555,5.032888714462393,5.934692687212773,122
237,5.308936676658191,4.927727632086974,4.998229578092603,4.965731505041782,5.132295993781138,5.031866625790141,5.041829010008085,5.033031636367224,5.937419516434395,122
238,5.308928768445159,4.930431795694483,4.998502441272121,4.96622532605117,5.132247285768484,5.0281748130532335,5.037099746489027,5.031901260830529,5.942747885149678,122
239,5.309177274995712,4.933514524420099,4.999559422218487,4.9665408745507875,5.132871162762539,5.0239320884067915,5.032172426491025,5.029111693273834,5.946556542502399,122
240,5.307421389643774,4.935649309159151,5.0004867527549965,4.965817134084796,5.132232575691854,5.021709072978099,5.028953955709257,5.0268742655297,5.945964943008102,122
241,5.304099238739501,4.939135340849498,5.001222751214494,4.9651402785396055,5.133134733143643,5.019224409421145,5.025431980984333,5.022703452242757,5.942141075601103,122
242,5.301191122625648,4.943503875385842,5.000762475443187,4.964196532112707,5.134266329887787,5.018079387160769,5.022957425285955,5.019636359966158,5.9484602700127445,122
243,5.2984180220923545,4.94688032137956,5.0008800388712835,4.963248390520027,5.135923687095241,5.0162831707801026,5.020276083203974,5.017740729248071,5.94552848356252,122
244,5.295046218179068,4.949701630679634,5.002138964228208,4.962736913613526,5.138535901329224,5.015538449954259,5.017181621381837,5.014165221782076,5.944161820303407,122
245,5.290792502758954,4.9519037669541195,5.00339416471096,4.962946964733302,5.139177165480871,5.014372284908849,5.015576486296521,5.0095856932856195,5.937497111870324,122
246,5.2851227938791725,4.954627799863587,5.0038542383279765,4.963710201778655,5.139966688732988,5.0137556364302105,5.012343697805834,5.006319024648778,5.930806995160635,122
247,5.27912681259939,4.959706184812391,5.003779343489196,4.9656652026773935,5.139929016466744,5.012125004941751,5.008007046274997,5.003990304900902,5.952755057436607,122
248,5.27077808277261,4.966284517696504,5.003268329876562,4.968982878020132,5.141056904582769,5.011371342756016,5.004682211398586,5.0040480471785695,5.951152538920629,122
249,5.260609679487661,4.972743375736294,5.002446722656416,4.971719187868845,5.142456164941079,5.011045609073801,5.001166794330507,5.002974775096307,5.948705279324627,122
250,5.249978492058779,4.97888125235969,5.001183409295879,4.974875856320183,5.145418266783768,5.009603348879284,4.996594220623905,5.000853232480143,5.950354062442384,122
251,5.23780694977441,4.98496489526533,4.9984616084503015,4.976310584121196,5.148594467464125,5.01017269355604,4.992549869916857,5.000124070004372,5.943977101251379,122
252,5.224927682720056,4.991584178998053,4.995813805399253,4.976526046833827,5.150680240207121,5.009483546775954,4.988428317111422,4.99924691287606,5.956377964447077,122
253,5.21306795482823,4.995284434711861,4.9926659087513485,4.976583436195238,5.150806575613775,5.011422069146372,4.984136765954413,4.99838767982854,5.938874437239505,122
254,5.202644555242825,4.997318469062563,4.989589937733567,4.976890179896783,5.149049429830422,5.014475022773215,4.981348871437816,4.9992029332589185,5.944910456268946,122
255,5.192178659784393,5.000081810807458,4.9865808119267685,4.977621441693047,5.147429090422234,5.0169062189011395,4.9801868193367,4.9992888212569095,5.956332715197261,122
256,5.182854211086768,5.003268464240545,4.984215282386896,4.976585475027136,5.145647793427749,5.018606751488058,4.978761527927981,4.998138622882095,5.944992437476756,122
257,5.175385856484938,5.0055069010701025,4.981052831891608,4.9761628269340115,5.146116356530394,5.02219977400657,4.977401907439294,4.997565744683009,5.953115807019441,122
258,5.168139297771214,5.007518543590491,4.978158673885245,4.974210755386715,5.1474953723804155,5.025536865751769,4.975108649027613,4.997532940914878,5.952773273429984,122
259,5.162258718495951,5.011912562383623,4.977468327173028,4.972545347105813,5.148322263067782,5.027921167472924,4.9719521036754974,4.996479618927673,5.958774779439672,122
260,5.156026940749502,5.014957874254767,4.977299214612788,4.968762590911414,5.149141545970835,5.029416811958054,4.969063455440535,4.996209497324932,5.961159204213726,122
261,5.1500221008581,5.018113739350012,4.978463350379295,4.964987987678331,5.149187290350369,5.029979323278125,4.966447861586272,4.996136261907802,5.949984295323775,122
262,5.143586933559114,5.022120775615605,4.97710021664232,4.962219336010321,5.1493893048933845,5.028987661882014,4.964124560567604,4.998234290265823,5.956824754907319,122
263,5.1380077435474645,5.027429767865183,4.976222081530297,4.960724857583749,5.1501884483123215,5.028450156766272,4.963103723379213,5.000446197304246,5.958930034362271,122
264,5.132286607946477,5.031334398311815,4.974667832068269,4.959525640096906,5.152348211997486,5.024989591339031,4.961218142924608,5.003339031365421,5.960639835121574,122
265,5.127464276165753,5.034906583873191,4.97500131227604,4.957130526419073,5.154855589037566,5.021894839063754,4.960447153600915,5.005207084096738,5.95329998100804,122
266,5.123271532771465,5.038775712347491,4.9761697763995665,4.954552733050988,5.156936575057924,5.019045932330337,4.960005310590823,5.007492421727267,5.959236208371006,122
267,5.121212071265719,5.042327018332767,4.977246724177226,4.953235775138944,5.159302885314264,5.016771652716103,4.959775428470154,5.010005574783651,5.963418299159542,122
268,5.118582745235694,5.046128062798479,4.978381059947926,4.95225762704694,5.163703221969081,5.014221943736333,4.9614810296935605,5.012744050486213,5.956901432206284,122
269,5.114556067812896,5.04922346376079,4.979716940600317,4.952326467646983,5.167961321681568,5.012423976106469,4.9639881672153034,5.0151901324656905,5.9569417116505425,122
270,5.1106728371666,5.051226491724039,4.9816259283935835,4.951691891527583,5.17237383240024,5.010802226788014,4.966678005823658,5.017227753711914,5.966267595854394,122
271,5.1060309429596575,5.053487685336526,4.985067595550309,4.950668018993855,5.1765523726379765,5.010112888428992,4.967873049966979,5.019722207181324,5.964431601975735,122
272,5.101906293766188,5.054689748974838,4.987037952211766,4.95055742925188,5.181878685642828,5.0096860976489115,4.969505698066029,5.020974767151138,5.96843779250276,122
273,5.096991984587124,5.055261620805398,4.988349702136388,4.950796859360215,5.1861363246274195,5.00967701255264,4.971472063433429,5.021636706938555,5.95028280497941,122
274,5.091553215713622,5.0575300024610845,4.990117277856991,4.952723731976399,5.189979710513443,5.008696785504675,4.9729528217524095,5.023462957035136,5.964723650047291,122
275,5.085228043630511,5.059965154155913,4.990142386735009,4.955728464311903,5.193557311613009,5.006776042568916,4.974783497733543,5.026098528418329,5.964896559336147,122
276,5.0804581208162505,5.06288648306942,4.991863424466798,4.958654675205694,5.1966218261717,5.005692719807516,4.976610467360504,5.029169682113615,5.959226049523735,122
277,5.076764445560637,5.064313972447762,4.993819376341685,4.961782442784434,5.200108531313696,5.005207984880976,4.978870021979331,5.032806648711883,5.963304774580403,122
278,5.0727606059064945,5.065524655552601,4.997855168074522,4.966077213797354,5.2028392190869175,5.00389420993153,4.980833120437956,5.036386128257064,5.969253583382134,122
279,5.0691775525298794,5.065949657517015,5.001016977501701,4.970737725289959,5.205565382430377,5.002189583481243,4.983174583457313,5.039112647865261,5.969021007961996,122
280,5.065775990229534,5.066414869255182,5.002961307617401,4.974322012622975,5.208461142793961,4.999260029545712,4.985172511885038,5.043360226263953,5.96739235480154,122
281,5.063194795413035,5.067731489675012,5.004557331261246,4.978772590176888,5.211887582796134,4.997043870177603,4.986854133077465,5.0479937424066454,5.9690344323922435,122
282,5.06157956447659,5.068902299243687,5.007222620895039,4.981894365760792,5.214414116866359,4.995755171149898,4.991290248624566,5.052069520328643,5.970934373428583,122
283,5.060389479639097,5.068775105244757,5.011872197063118,4.985953885710636,5.217460427875222,4.995312954978911,4.9962705489611405,5.055489281264274,5.963135842919019,122
284,5.060615844966884,5.068432695796869,5.015895504280796,4.989744983045526,5.218541273470114,4.995362737890205,5.001635416280775,5.057031299393976,5.967956333153995,122
285,5.06104317659452,5.067744280431357,5.020079691363248,4.994174175740593,5.2206904456766265,4.996424672959155,5.007803954256124,5.058345556520483,5.951472972264783,122
286,5.06170361839273,5.067037715289956,5.024725167130167,4.997350968964593,5.221427463031633,4.997872045167643,5.014657586830017,5.060596510066563,5.966276269158446,122
287,5.063146298907967,5.067514508594545,5.029419193962699,5.000441201487372,5.221934869766204,4.997086341652655,5.021075116968044,5.061759915239502,5.97104736881153,122
288,5.0651983376587495,5.067286462970511,5.0356316815171915,5.004701866630705,5.2227201259921445,4.997324715846222,5.027383848488096,5.063876495677851,5.976498105189247,122
289,5.064535551165435,5.0690715246100435,5.041030468267094,5.008548098987878,5.224853223910582,4.995388743796962,5.034441617017782,5.066037350457771,5.975565761119889,122
290,5.064580514248576,5.072083174863787,5.0458187618829164,5.0128421790261655,5.228916575118743,4.993705156676444,5.040773948612795,5.0677913132880406,5.975174050540687,122
291,5.064684716111934,5.0750687584777765,5.052277370677469,5.017549827693292,5.233110749987035,4.993127723909262,5.045375144716475,5.0711511341087245,5.970059844333756,122
292,5.065704355689045,5.078218795591981,5.058142697642604,5.022424021472165,5.237589381116115,4.991390487781338,5.050033202022766,5.075604492393955,5.978367539957071,122
293,5.066081424661593,5.082375694712427,5.063546741747469,5.027950588937479,5.2397660538341855,4.988630951831928,5.055078257744235,5.0791206139279605,5.967267888131252,122
294,5.065213664844766,5.08620621808023,5.068822362981857,5.033419509145303,5.241104826706547,4.987281204373032,5.059361897693484,5.081389165429268,5.975053245338347,122
295,5.064976835468611,5.089651410434305,5.071380312531916,5.0386946973971956,5.242476844046243,4.986257957526737,5.064613451322311,5.084932474131762,5.976155628372587,122
296,5.064161533618934,5.093519401915781,5.072817607850833,5.044576308966711,5.243864451554823,4.986256814856102,5.070060662606505,5.087495389176761,5.97029252588216,122
297,5.0632481869701955,5.097881289567284,5.0740901149154904,5.051527982644041,5.24537716070548,4.9872546219879625,5.073862744393181,5.089755458216747,5.986996679753432,122
298,5.061715542000597,5.100950276468993,5.075632807526082,5.057762766943002,5.24746499658157,4.988299861489856,5.078506292386393,5.092031970859091,5.975830120891241,122
299,5.05989758701766,5.103820471402042,5.077011764232182,5.06377467398064,5.248879282728516,4.989585855631331,5.082320148723197,5.09520178221653,5.975444590860843,122
300,5.059313289764267,5.106324720973012,5.077378606067919,5.070013860167931,5.249389382186354,4.992270163269835,5.085155318723817,5.097287259314441,5.9740860987705355,122
301,5.057908821346807,5.108455138357881,5.077113642548964,5.077276349437437,5.248551077845397,4.994191006930697,5.087438904220704,5.098431125247339,5.966576640280924,122
302,5.056363999752763,5.109964816500476,5.078264389100442,5.083593492445797,5.246761426581081,4.995650566879,5.088518265770942,5.099587369306052,5.973822015221385,122
303,5.0530287338117805,5.111939285797947,5.079981995936691,5.088964734542976,5.245408222613562,4.99763796038618,5.089991090300994,5.100718323443678,5.9808837875707415,122
304,5.050084045909079,5.114287765453611,5.082664753463586,5.095317887936738,5.242920389609842,5.000630198865958,5.092545803689497,5.101391524505566,5.978555165692589,122
305,5.04822422112296,5.118155598922838,5.084704402778539,5.101975794201872,5.240667451432255,5.00296946146576,5.09434632691822,5.102031421176095,5.971452698647655,122
306,5.0464203994652435,5.122187803767299,5.086834702121524,5.109355379724478,5.237881326513151,5.004536372854302,5.0966475273248575,5.101677179816633,5.977735651412612,122
307,5.045094966527636,5.126903940260031,5.088145300997753,5.116426433392913,5.2352294715233585,5.005607123702284,5.100211279412457,5.101911610477869,5.982182555751223,122
308,5.044739028830362,5.132502858188468,5.09041633988551,5.122934139324879,5.232442039160231,5.0082935328031315,5.103722755379458,5.1045381222235715,5.976200303045248,122
309,5.045047906713,5.139269591863362,5.092961252151498,5.128664683192328,5.228525726472242,5.011054943773587,5.106684915036628,5.107580465588468,5.979053563785605,122
310,5.044700092793372,5.144824948896193,5.095106223369799,5.133283798305364,5.224497998372947,5.014361197319973,5.1100510937501085,5.110092571350419,5.986467700212622,122
311,5.045225674394114,5.149859429161892,5.097753684466991,5.137133862102251,5.220450545211987,5.018404510871764,5.1137590358501015,5.111405030410254,5.977090776936343,122
312,5.045986362743352,5.155084643122663,5.099560262374855,5.141219262695014,5.217151485171875,5.021895900514564,5.116635285559328,5.112316583106065,5.98535050621367,122
313,5.0466081136745355,5.1612912757373905,5.100802040065994,5.144831806450544,5.213340031931651,5.024793946140593,5.118342969443818,5.114028603470251,5.973424817224792,122
314,5.046422066707484,5.167031389273575,5.102328291191531,5.147421638897021,5.210445341871322,5.027434277046959,5.119359607733534,5.115954626216359,5.983293004434391,122
315,5.0459319432841,5.171651718263185,5.105214646949966,5.149983508974249,5.207638598297217,5.030856653546769,5.120790222411724,5.117686256486207,5.982703756815654,122
316,5.045758128634832,5.176301086170109,5.107550142369468,5.153183533696222,5.204451517222328,5.0355102443645166,5.122946639589319,5.119224388303947,5.983167221082105,122
317,5.043944180114707,5.181219848593934,5.1110881675006565,5.155299028812469,5.202037760092355,5.03984221870709,5.124907310462545,5.120915172932474,5.986443925163171,122
318,5.04199928928597,5.185509574551295,5.113807253753833,5.158228768254778,5.199893912118778,5.045307152063517,5.125452450589176,5.12172690261783,5.984592239789552,122
319,5.040813200155766,5.189800522281418,5.115074445280811,5.160434669221807,5.19737237664524,5.051083157876817,5.124665857543497,5.1217853220914344,5.992577124281168,122
320,5.040461354776106,5.193135194849416,5.117474807597388,5.161218536614584,5.195425402157764,5.054515851738753,5.123849502244935,5.1237550230028575,5.98439262143776,122
321,5.039850597581535,5.195978666497549,5.1192407396803565,5.160518203817318,5.1922087546045335,5.057486574825514,5.1229730782067175,5.125846431201177,5.984673203043658,122
322,5.038936100615229,5.197965240155863,5.119019448483664,5.160450870717017,5.189375523486962,5.061213642755247,5.1229471827679625,5.127121581824934,5.987093752599812,122
323,5.0385353608625865,5.198663043247522,5.119742229793571,5.161036422688239,5.187972387006738,5.065672951291682,5.123545642797414,5.12773348405318,5.986097734512127,122
324,5.038491131454482,5.198617876193577,5.119161886791744,5.160939823332278,5.186723975653793,5.070894626247233,5.123750073367079,5.127957374915118,5.9815933460898165,122
325,5.039235661595944,5.198525376907423,5.119331461831341,5.161067765802166,5.184403416205399,5.076448293801699,5.1231074908109715,5.128759698925571,5.976917382889056,122
326,5.039833742616018,5.198388819394696,5.120343686768618,5.159985737208523,5.18086262923255,5.082513568898753,5.123486929182883,5.12838728884109,5.993593147394085,122
327,5.040523466880188,5.198750500831272,5.119624803863505,5.15948418724231,5.177893912421624,5.087844319872339,5.1248493619666,5.1260850875082244,5.986307296040247,122
328,5.040067796823752,5.199245645758994,5.118384652617616,5.158500758020698,5.174210388557385,5.094149264881878,5.125367937381975,5.122974752532306,5.997092508599449,122
329,5.039464270935957,5.198249728066662,5.117596373705498,5.1578829372873685,5.171164032776402,5.100503632192548,5.124674107482532,5.119770139963651,5.986202133417129,122
330,5.039985368351715,5.196961242540183,5.116617146373712,5.157867563074353,5.167594201149675,5.105110929942507,5.124440533992869,5.117589417830273,5.9917397587517245,122
331,5.040257621338084,5.193609957138687,5.116306176539124,5.157030490455561,5.1644595700014975,5.109387834345861,5.124008437953863,5.115696746890617,5.98168899824883,122
332,5.04084684036928,5.190628945874625,5.115402148075657,5.156988754091288,5.161123883898778,5.1136761298818945,5.123906741946732,5.114929654178432,5.995035652296358,122
333,5.041030616877668,5.186936264417295,5.113811922978385,5.155896796307529,5.157589238032347,5.117713315802586,5.124742864368791,5.113598384767933,5.994073085767848,122
334,5.041048430695923,5.18468861331861,5.113032352807644,5.15565015754847,5.154365128617016,5.121357994327134,5.124923866298419,5.111896019005222,5.985975791395436,122
335,5.040409234741812,5.182745423294136,5.112495519221746,5.154055355543052,5.150796001760407,5.125752435022073,5.12527068472765,5.109646729450311,5.982717746162176,122
336,5.039077634553456,5.180809940885452,5.112359329355369,5.15161868412442,5.147241164878978,5.130697040982977,5.125872489616514,5.10909610524909,5.9892773355323445,122
337,5.038851434219464,5.179987787752471,5.1123265696831215,5.150517127934794,5.143677887241319,5.136357837846095,5.126175232800595,5.109885031694297,6.000500067232231,122
338,5.038533198260233,5.1790814345702145,5.1103097527581385,5.14958527049323,5.141509869962228,5.142416904662584,5.127575690809385,5.109295894497464,5.984585540645223,122
339,5.038078776584209,5.178502567062685,5.108048558071701,5.148844035829032,5.1380280731984875,5.1469386395625865,5.129483748544359,5.10919907679633,5.998891988192964,122
340,5.037664427082223,5.178075991468816,5.105805892476373,5.147047246002743,5.135328369548239,5.150665374658381,5.129937222512547,5.108085176008918,5.986765674239396,122
341,5.037625858712204,5.176318522249652,5.104143352895123,5.14462985302624,5.131649978246205,5.155635542801903,5.13053884597101,5.1071551103051895,5.98762014688156,122
342,5.037315183748135,5.174732671553689,5.102043189460273,5.142540720714484,5.128525571382214,5.161259620002818,5.130681960217405,5.108078805991791,5.994868659304332,122
343,5.036726185980076,5.171890858979768,5.0994741370920105,5.140343582640024,5.125738802034606,5.167270006358296,5.131058815075644,5.10796385182034,5.990407485894863,122
344,5.036006810506862,5.170323329321602,5.097016978792825,5.137300363369609,5.12218065279667,5.172512418841963,5.130628185586541,5.10620028302932,5.995974792561276,122
345,5.033981406221594,5.167667189293072,5.093672462036674,5.134978697457823,5.119821369975106,5.17758722346645,5.129811771672915,5.104332138938796,5.989030663033229,122
346,5.032744574150437,5.166206428661692,5.091513363819111,5.13175013563736,5.117410186572371,5.182810442880786,5.127760618288786,5.101414953108833,5.992901664988746,122
347,5.032080189721043,5.164749448346871,5.089250480248339,5.1290234983397305,5.115523801355104,5.1888746718570555,5.125563584633013,5.098867513337698,5.988192062431161,122
348,5.030617570493915,5.163702810494805,5.0864839924050145,5.126826537083597,5.113746249242185,5.194468063085516,5.123326073272754,5.096834316296908,5.99365229907587,122
349,5.029080206478085,5.162068832727137,5.084360047490341,5.124325223674111,5.112779340715289,5.199320907366738,5.122312638745397,5.094920244954496,6.003364084065441,122
350,5.027503035786249,5.16065101494755,5.081517800156822,5.121879153068427,5.111625477654563,5.204168631714364,5.1214421181882,5.092240791499098,5.989227719088716,122
351,5.026571616255382,5.160159106955896,5.07781141523585,5.1199830547569425,5.111111028791456,5.208450568160655,5.12091237989239,5.089633888374473,5.99457108516037,122
352,5.025969421074308,5.160471262239393,5.075719195969336,5.118093013938207,5.109440334984944,5.213081136552373,5.119361368977614,5.085908460380754,6.00149756638581,122
353,5.026158490919051,5.160722491564487,5.072246887155281,5.11653745893908,5.107660229690055,5.217366764589443,5.117912650570154,5.081841370154718,6.001245199665415,122
354,5.025609387049616,5.161539433208237,5.069325194058949,5.11495993536187,5.1055721561348575,5.220360874267191,5.116646560731791,5.077839441270813,6.000409678303869,122
355,5.02473209312306,5.163455988051965,5.066396458298386,5.114251618880363,5.104287905890462,5.223025210312844,5.1164502270672525,5.075389149867581,5.994996202893489,122
356,5.02343934077493,5.16510656185126,5.062533353213807,5.113908668330437,5.103336396829457,5.226237196548291,5.115784394234635,5.071992540839883,5.99341233054852,122
357,5.022244712264932,5.166838325086815,5.060320108043751,5.113580138355809,5.10273547997752,5.229758177792732,5.114979902326105,5.068661307143512,5.9959856141698005,122
358,5.021671877653562,5.168281897497161,5.059902228098225,5.112222542241271,5.101582107159485,5.233199824358472,5.113979428710463,5.065983826672317,5.997405061041962,122
359,5.02065401108246,5.169448133056813,5.058850415926181,5.111347782741842,5.100008784658103,5.236307916648613,5.113796338918932,5.063839185583335,5.999854209891196,122
360,5.019677082563085,5.171054685116481,5.05774307206163,5.11089788422294,5.097709729598897,5.23889836138977,5.114747051431245,5.061928986789202,5.9963958180956185,122
361,5.019324060809962,5.172194010446477,5.057398663999287,5.110721423819912,5.096126125941468,5.242590572165106,5.116036781014666,5.060989860890585,6.001108276571273,122
362,5.017197451630364,5.172745500891248,5.056722788245095,5.110614600429888,5.094391848276615,5.2460879040219215,5.117067817361917,5.060734853699417,6.00993708023787,122
363,5.01487580067056,5.173613326423337,5.056103194653963,5.110094265684205,5.092330493282845,5.250298713553478,5.117319404682467,5.0606553224635125,5.999604947755071,122
364,5.013396643906862,5.174045700212282,5.0551569718178015,5.11044987021183,5.090530479547448,5.254094709118486,5.117407021563167,5.060623998709817,6.001196634381199,122
365,5.012447460465127,5.17557085687595,5.054334715719037,5.109546165240571,5.08966897711345,5.259067241016144,5.118116754728807,5.061439785261107,5.998133794161442,122
366,5.011451420928235,5.176959626574407,5.053234446611976,5.108713330893567,5.089540917127811,5.264981006219409,5.11842362817921,5.062446985798224,6.000064281257139,122
367,5.010804973778437,5.179551208016366,5.051978945477352,5.1071709223660395,5.089297141097801,5.2699443831727795,5.11933889474586,5.063428312845051,6.002624348725884,122
368,5.010391066710422,5.181599507944046,5.052101264486474,5.104821025193835,5.090256130677634,5.273582520138706,5.1203875074014435,5.064108504670491,5.997345185206893,122
369,5.010657092593815,5.183643022125336,5.053236144463139,5.103303664643348,5.092380687613051,5.276427203550811,5.121113264848497,5.066204694780685,5.999797385167601,122
370,5.011606099120371,5.185652643917323,5.054022296222938,5.101017737110543,5.093546591281073,5.278829080076276,5.1221855455251095,5.068340325324256,6.014149590071495,122
371,5.014167714466108,5.187027440568288,5.053416642428443,5.099993853658697,5.095026271250553,5.280810518498434,5.121705288162447,5.069971676181533,5.996795313641905,122
372,5.017391547094274,5.1886188562768325,5.05208465238125,5.0982828374159865,5.096724687707356,5.281795764074386,5.122414353200497,5.070744158311258,6.002747850557125,122
373,5.019719370690798,5.188707708809966,5.050169581000356,5.095881238879753,5.098622792908232,5.281873097199414,5.122955966194696,5.071878934874302,5.996950013644876,122
374,5.021836937080922,5.188573636980525,5.048825238635974,5.092629513641826,5.099602794740987,5.2812195407577285,5.123724611104167,5.07346712295193,5.997917745197261,122
375,5.023197536170893,5.18782995647045,5.046617212248037,5.089634535186098,5.100608890535675,5.2803034087789555,5.1238330079966286,5.074211401852468,5.992663308848413,122
376,5.025524259062648,5.186983205042756,5.043761256649372,5.08620419659586,5.101467823126548,5.27983668767131,5.124673525051628,5.076390616031242,6.01269951709793,122
377,5.0275336278827805,5.187121495190341,5.040742326137369,5.082575001188795,5.103423933081581,5.278555446693318,5.126121301526753,5.078422420159274,6.002050744625596,122
378,5.029371284227569,5.188319951288879,5.037900008587842,5.079409305403834,5.104356530321695,5.277193851536215,5.127684765967336,5.079764773717132,6.004526759130446,122
379,5.031606356107927,5.189666107701773,5.036135173371768,5.0776880775283,5.1047120036758376,5.275285605152147,5.1292358442429276,5.081619081460716,6.014048839692236,122
380,5.0336663769990695,5.189683324221407,5.034842271212161,5.075450323980299,5.105107309795489,5.27289889807724,5.131897428497499,5.082900597703451,6.013087865223489,122
381,5.036359640789996,5.191261767368735,5.033579228592487,5.073261279933234,5.106673553134284,5.271067228845985,5.134083017185997,5.084570085057489,5.998183397637357,122
382,5.03810315092205,5.192614475469067,5.0323019384730445,5.071195784553586,5.108174783861645,5.268826032978547,5.137154498312578,5.087297667894256,6.00685486584785,122
383,5.039777674459623,5.194553440661586,5.031655095305016,5.068915740572253,5.108956911942013,5.2650349948464985,5.13911390705014,5.089817407611566,6.0055033899200625,122
384,5.041492101248146,5.1959940765175805,5.0317995527512664,5.065791414908352,5.109919991554129,5.261135003906261,5.142260473534334,5.09243576494208,6.008226444704604,122
385,5.042946802209815,5.197175951492913,5.0307779705314815,5.06394947336561,5.111281524897765,5.258566412534462,5.144853914948689,5.094557473216973,6.001828052908025,122
386,5.044342641302487,5.198107299101072,5.030871999220173,5.061447238217693,5.112194070875194,5.255726262898657,5.147933248522202,5.09613837624652,6.002253600016371,122
387,5.045042176777079,5.199446067266503,5.030933887852878,5.057915183698947,5.11258024091509,5.253187269480302,5.150515593371045,5.0979173688677015,6.012002979652143,122
388,5.0464402377191515,5.2004772777214505,5.029409865400274,5.054603954401756,5.113356278461108,5.249798701948604,5.153474438425878,5.1006972564472,6.006912759895422,122
389,5.0475906424303565,5.200242907329239,5.028446053417155,5.051375419023658,5.114097584115337,5.2466027907398445,5.155736979464972,5.103263145293891,6.001671248753174,122
390,5.049932558669378,5.199745309811863,5.0269116268738765,5.048503216198578,5.115789420912293,5.2430669902695195,5.157508141066442,5.105648864523083,6.002330223812189,122
391,5.051765403068504,5.1996546267374715,5.026431134721628,5.044565471398665,5.116887954269577,5.240185363940865,5.158242433311882,5.107442893936518,6.009223992732409,122
392,5.0534968914175575,5.19950564719397,5.026250136813444,5.040653520897321,5.117281026722146,5.238331895103398,5.1578546358643065,5.1097194900827905,6.009028041842495,122
393,5.055164896975471,5.198897334066091,5.026677912823056,5.036888716384119,5.11796129256073,5.236586097915244,5.157166473107273,5.11182796857269,5.997096671108728,122
394,5.0566377339860615,5.198843982540639,5.027078234082481,5.034105222547746,5.119197419491658,5.234472325628362,5.155767160981539,5.113614865170618,6.006107176734829,122
395,5.057840244036755,5.198619016437247,5.02714033040373,5.0307624257226795,5.1198514267663775,5.233453227894338,5.153038177518413,5.115492651215424,6.019735791762439,122
396,5.059515241092969,5.1986475450906156,5.027114047377773,5.027894616483346,5.121666001433463,5.232169094081404,5.150417871100318,5.116297013316627,6.007291363109914,122
397,5.0618543461986345,5.197827625498577,5.026042160857297,5.025211398030261,5.123345796666857,5.229595995351334,5.14693124574061,5.116115580580562,6.0042346813822025,122
398,5.065648064360868,5.197799550690321,5.024574065902284,5.022832160233347,5.124713702702942,5.2267703324349934,5.1423336173928895,5.116258566293158,6.012481307146786,122
399,5.070161645536542,5.197537873332828,5.024416281874899,5.019977545448274,5.125556301869128,5.223369080982442,5.137940288478534,5.117174696957857,6.012721318727998,122
400,5.074122274542022,5.1974626818910385,5.024469959126822,5.0171395958214635,5.125549336131826,5.219158454876091,5.134044859043339,5.11831339623919,6.00787401141347,122
401,5.077831616634725,5.196976683608118,5.025054472107079,5.015226293443473,5.124315719758915,5.213573469237266,5.130373333150449,5.117837147351279,6.007861141828513,122
402,5.080271188666562,5.196067647280959,5.026730374217836,5.013094393413656,5.124210134062158,5.207326625764718,5.126941016612009,5.116232243767339,6.011845901611524,122
403,5.082223182655358,5.1950209699724,5.030639555378599,5.011267467199742,5.124377956447789,5.201471461808248,5.123052182525625,5.114454720607311,6.010408484466588,122
404,5.0840677960654315,5.194574605148654,5.034204685411339,5.009523269179314,5.123335534302829,5.195578285191251,5.118318896389676,5.1126086062440415,6.010776759482312,122
405,5.087135730263615,5.194143282402511,5.037352536858386,5.006473558007158,5.1210507903849685,5.190198358859935,5.113968813434983,5.11109651694478,6.017637323370195,122
406,5.09046921008682,5.193476332006519,5.040547962830416,5.0039686520833975,5.119394941053391,5.185935711887282,5.109784676440695,5.109059163048664,6.0064467735582,122
407,5.092951931656848,5.192883426368532,5.0450092396567765,5.001449227813507,5.116768123452699,5.181758296889393,5.106261141183564,5.107443433842729,6.017728157707476,122
408,5.096149072723558,5.192339663527047,5.049254602020662,4.999634877874456,5.11422684941482,5.177974576508934,5.10230563726764,5.1059218170448055,6.011118409768801,122
409,5.098042889832598,5.1916290423515585,5.05335973566838,4.9979563448613655,5.111857554923463,5.173933761480276,5.098701099161234,5.103905010730407,6.0005958023848365,122
410,5.100209079124578,5.19150025853604,5.056924555366129,4.996648720995598,5.109740439940987,5.169675460447323,5.095856084437365,5.103175949221506,6.0094792545324545,122
411,5.103784044322549,5.191151294406916,5.0612041602655005,4.995552576386573,5.107319963831311,5.167204950262821,5.093308374441209,5.102957084883052,6.015373819844053,122
412,5.105702493943526,5.190097374984683,5.066126034642843,4.99555282216067,5.105572994100574,5.1645007397862805,5.090974820342251,5.101436306365477,6.001472306597741,122
413,5.107248264547521,5.189301486998023,5.0704841451915295,4.996279120101198,5.103965980293415,5.160503544529243,5.088546204283348,5.1003836421325435,6.007178295468471,122
414,5.108350880770226,5.187864452621177,5.074732391855122,4.996620069324562,5.103912326270007,5.15623367161696,5.0867971831153715,5.098922871843262,6.007885147717133,122
415,5.110071047645686,5.187095640892371,5.0785968747503984,4.996718725486225,5.105156159805057,5.153078508688363,5.084775679953973,5.0974661804544255,6.015340137380688,122
416,5.111907303321208,5.186864863378403,5.08321023538486,4.998064245079437,5.106602568430437,5.149536492999738,5.082234260304382,5.09650041864165,6.005187750789102,122
417,5.1132439907851035,5.185874320420805,5.0883739017645215,4.998636845122472,5.1068985208860225,5.145375518077156,5.080463725223626,5.09548955635751,6.018056796641797,122
418,5.116067433275026,5.18505481204421,5.0928971497679765,4.999996546866206,5.108461353766532,5.141897939165691,5.0779486544299735,5.094356371254709,6.015692553441688,122
419,5.118467156972988,5.1842345489577335,5.097128496188034,5.0007224128585115,5.109466969125998,5.139311456048224,5.076509328551531,5.093978977341496,6.021857766261578,122
420,5.120798162208612,5.182874571785456,5.1012340747886515,5.0021470113351105,5.10976077363258,5.137090628984261,5.074671977319448,5.093541690269703,6.014598779944513,122
421,5.123287604748451,5.182199141933112,5.106163858101306,5.0025623718624175,5.108693377204157,5.134437029425154,5.0730002172584925,5.093079897320443,6.021779037316135,122
422,5.125859284178001,5.1812765763049935,5.110280675914275,5.003761489644589,5.108481258320593,5.131773931503824,5.070977243247855,5.093789422775276,6.014107159110187,122
423,5.12906708418306,5.180521835915059,5.114546215495164,5.0053516713777855,5.108252252006149,5.129207638545475,5.068269252777867,5.093612468494237,6.013024885483906,122
424,5.132057616648366,5.178434229369663,5.119857152609129,5.005677515271889,5.108879867799892,5.1269436472223475,5.066704465120631,5.093784699600357,6.011041652886483,122
425,5.135806996638068,5.176658332174348,5.124422405594066,5.00551376469317,5.1089581150128165,5.124996324995493,5.065275097034217,5.093707273567636,6.0203818937415345,122
426,5.138586577714864,5.1735844197707035,5.129747582052769,5.005141543660793,5.108576337243903,5.12379295415019,5.063866601298197,5.094139500843163,6.009815178394784,122
427,5.141723448160613,5.170142962555046,5.1349657900650385,5.005361339605026,5.108333531378374,5.122164806918564,5.063848537626505,5.095128062070737,6.009763195389186,122
428,5.143980322553145,5.167282264777333,5.140265839238424,5.006063642486135,5.1084775653536045,5.120969743231598,5.064932079879538,5.095853873527915,6.013026186632179,122
429,5.146661679423306,5.165575891749107,5.144216306243685,5.007288344774707,5.108977481722835,5.119518537411787,5.0665413041630725,5.095547372567536,6.018463078076558,122
430,5.14945585761411,5.163619332245833,5.1477421365118765,5.008496398938317,5.109294828742282,5.117373197935789,5.068005076635395,5.0953150360444415,6.0240611197474685,122
431,5.152687951483678,5.16244397188011,5.151252432428587,5.009785719572125,5.109654488670113,5.114891244521209,5.069345262925757,5.094542829839011,6.006847625467559,122
432,5.155194666825993,5.161162792315822,5.154016711508763,5.011258125652908,5.109632770259132,5.1137103715564205,5.070505931178042,5.093756209000491,6.012866423117788,122
433,5.156798759764147,5.1606414015279345,5.156514565645853,5.012324870319048,5.109715722465657,5.113874939146477,5.072112483719797,5.092774115575171,6.018082859905406,122
434,5.158367436747653,5.159494680563938,5.15928375541783,5.012867827871156,5.11039508048748,5.114504125877106,5.074130879546252,5.091346604185403,6.0222803240657115,122
435,5.15933648707515,5.1579307090282684,5.161394174030331,5.01344049547251,5.110683257441088,5.114720854266013,5.075892121048305,5.089456448399011,6.019971690666196,122
436,5.160028232306621,5.156075311044754,5.162417250732862,5.013509394182301,5.112170530924503,5.115170485844738,5.0773626917760355,5.0874335680473655,6.015908840980953,122
437,5.161382039854637,5.153310934000148,5.163782516961515,5.013035688233069,5.113899554427951,5.116684793988471,5.079321271789842,5.086714324293772,6.010105002954852,122
438,5.163528384082727,5.151292643651896,5.1643668539191285,5.013086792432954,5.1150464190430505,5.117272948165938,5.081811638528485,5.087037538656995,6.0208726859664505,122
439,5.165577027858927,5.149526296221319,5.163981757570942,5.0134623453490175,5.116543891175427,5.119094639011397,5.084383390777261,5.087881431187378,6.014154542124223,122
440,5.1678195359873484,5.147131475017298,5.163132695658856,5.014929513068557,5.1186137545533725,5.121032617248142,5.087442988306416,5.088792735219881,6.021259911822263,122
441,5.167890697646664,5.145126221817364,5.1620903999721826,5.016854305827031,5.121372602617805,5.122800904633047,5.090742580761206,5.08909421840687,6.018776818501234,122
442,5.168706110846443,5.143648230457474,5.161502118606274,5.018970325474226,5.12531825726987,5.124147008198967,5.0938334049993985,5.0897978171597895,6.018683830061496,122
443,5.1688761203173375,5.1410385685271685,5.160854906491381,5.020954638022417,5.129452526302979,5.12477111363571,5.096225456973545,5.0906328065371955,6.0147016725941675,122
444,5.1687304859581396,5.138193936952833,5.160536094096207,5.022516120340381,5.1339112979723645,5.12563489963148,5.09824611314712,5.091517372976119,6.012278774977959,122
445,5.170404387354176,5.136122941732294,5.160997868108769,5.023511131253131,5.137607661696999,5.126758960788566,5.100084273512621,5.092335213782302,6.013730862703483,122
446,5.171889006493268,5.13370049917831,5.161471065920361,5.024764502533126,5.141848643917533,5.128235890564584,5.100257960001988,5.091855506086569,6.0294697761648,122
447,5.1728092102123995,5.131611005920631,5.161877107058187,5.027026899067629,5.146472157252525,5.128835297319047,5.100617076335663,5.091778276349066,6.017323113210244,122
448,5.174849340307198,5.129527035563463,5.162114759863963,5.028227367515125,5.149964015180775,5.129391206756454,5.102107156198196,5.092766779974829,6.013197889904143,122
449,5.176592734816564,5.127470794242942,5.162830605853726,5.030266439143828,5.153213405722587,5.130460118858993,5.103084212654283,5.093613834470608,6.02234152369593,122
450,5.17883072500512,5.126185376495393,5.163439332005454,5.032471668041811,5.155454744531893,5.131853653881674,5.10471651175223,5.094656878597974,6.011837129016986,122
451,5.1802684368188965,5.124534699455116,5.1640917842563505,5.034465257977555,5.156488248713469,5.133045273032934,5.106361551605805,5.095608976684787,6.014274829164807,122
452,5.181923014149813,5.123086090615663,5.163201287246937,5.036919365935498,5.157358339587005,5.13369528529477,5.107775868489998,5.096920327072596,6.021525042198978,122
453,5.183948302587016,5.121746135734728,5.162349730447708,5.039869211863899,5.157760869739487,5.133703944555661,5.1083867785451975,5.0985574151203785,6.015730345511418,122
454,5.185226294789824,5.119598594637862,5.16189404584022,5.042484656086568,5.157113038834797,5.132925813225257,5.109488750028164,5.100665142214608,6.023601521944264,122
455,5.18604741139802,5.117508505088682,5.161820289702899,5.045399739621768,5.15642353863613,5.132426879646637,5.109721016194605,5.102241149509762,6.018907787995758,122
456,5.18716598118623,5.116034906097945,5.161047936963006,5.048829373792824,5.156361865436294,5.13202231636199,5.110045541228651,5.103048542783408,6.017000984732401,122
457,5.1876967243053835,5.1151454935918315,5.159637319133448,5.051846754928949,5.156197481229037,5.131689539554536,5.11103827024581,5.1042953734191805,6.023507949375167,122
458,5.188066827089155,5.1145780683466215,5.159327531198305,5.054703309966576,5.156189025818596,5.131946464386966,5.1117016255988865,5.105237186374792,6.023279746661701,122
459,5.188036192896287,5.113873603573898,5.158958764055616,5.05739715495576,5.15553678727435,5.131873424051701,5.113307237503852,5.106527596995751,6.022199408365148,122
460,5.187430034196979,5.11404464266904,5.157763734434059,5.060566224945655,5.155207617496551,5.130820096848006,5.114732803717047,5.107317291862516,6.0352411089367015,122
461,5.186982343728123,5.114365530948563,5.157827456519248,5.06453941979375,5.155161041859735,5.1302483360867335,5.1158106403060355,5.108892865826519,6.026573572187925,122
462,5.1868092068665606,5.115185813837772,5.15790437398207,5.067823318211495,5.154917051616012,5.1289876444532,5.116837414381061,5.11042658407851,6.020518820522496,122
463,5.185355708013525,5.115269445661604,5.157690450742802,5.071190241164429,5.15406562381131,5.128181769659252,5.117466853272584,5.1107460156297595,6.020726115043911,122
464,5.1844176416053,5.115572665956083,5.157721399524061,5.074181734946624,5.15300126456826,5.12724971583386,5.117663537738651,5.1113396008295116,6.020899795147908,122
465,5.183078337711233,5.114895624338883,5.158107771631572,5.07608728026457,5.151733507269156,5.126041631925274,5.118482532496007,5.11358588305465,6.027623258821199,122
466,5.1812871124885405,5.114515090553141,5.158642668142029,5.078141693024339,5.150173419435671,5.125200050907168,5.120517043927102,5.1149839379901,6.021055981294306,122
467,5.179902936002152,5.114589992558395,5.158918632931442,5.080645861983275,5.149236935344293,5.124180748236306,5.12279647832491,5.116506857822261,6.016648771458981,122
468,5.178540598844002,5.114522410290201,5.159413777194665,5.0827105737474625,5.147570140799836,5.122127746993236,5.124634876808846,5.118653575678457,6.02491607494043,122
469,5.177043308739158,5.114939637839963,5.160274189030196,5.0849437922926155,5.144710488843949,5.118788169104233,5.1270827426291135,5.120563714854785,6.015994709103826,122
470,5.17465568738871,5.115251786847805,5.161461600359876,5.087855740061374,5.14172493773871,5.114630667751727,5.129252714077056,5.122352235923654,6.018915697936536,122
471,5.173084562863449,5.116255838959493,5.162793888025882,5.0907010893012865,5.139822247567917,5.111903527317399,5.1314759189822166,5.123695076862852,6.025179871483023,122
472,5.171250180585542,5.117736502212416,5.165460731453376,5.093154581129053,5.138020692492363,5.1097310935763645,5.132679744511222,5.124642890161705,6.021473484217295,122
473,5.168830294255572,5.120717739987821,5.167023747403909,5.095770484852158,5.136492828347469,5.107170972982359,5.132659288904005,5.1254464660988965,6.018277584594926,122
474,5.166658014703672,5.123355829745869,5.169083187913532,5.098319736275423,5.135147778150391,5.105597513303207,5.132197635248337,5.125592605836813,6.025767249612205,122
475,5.1638451990052925,5.126029821706879,5.170482133798837,5.1006825319881095,5.132680095517422,5.10307411732753,5.131437029937577,5.125235002569471,6.027539736669147,122
476,5.160961911529722,5.128977463801427,5.1720867264609565,5.102626590144821,5.129640307815306,5.100608577358052,5.130331815232546,5.125055528609412,6.023447303691521,122
477,5.159105787825073,5.131238264704133,5.173720665517939,5.104952621940342,5.125717378854418,5.098525554389467,5.129075739780437,5.124669232211007,6.017439052607388,122
478,5.156396056007274,5.132558397174868,5.174918785127824,5.107390225949901,5.121133850224851,5.0968155913958455,5.127989221277723,5.124196648906911,6.027945690426695,122
479,5.154840981024019,5.135059990471842,5.1759775503895336,5.110085145425224,5.1181138395636445,5.095770908654149,5.128010956866028,5.124227432970487,6.023895948838915,122
480,5.152617279597495,5.137473461552629,5.177312897443583,5.11352552812813,5.114773404734326,5.094754344644341,5.1283042784371045,5.123680875797968,6.030421321800683,122
481,5.150071037871303,5.1393485992915355,5.178654267184106,5.117789100559905,5.1117814900207925,5.094128762030689,5.128544452457445,5.12360668851477,6.029295876762603,122
482,5.147945791720128,5.140936662814837,5.180279297582148,5.122275408839513,5.1085231746373125,5.093800948480606,5.129609719711787,5.123719093009717,6.032895104930113,122
483,5.145739961542472,5.142410717450579,5.1817258126653,5.125204329238115,5.104434971023634,5.09300805982291,5.1303132771445465,5.122856945945893,6.031686387414338,122
484,5.1431482224276,5.143992211413577,5.182038070332331,5.12847062466357,5.1011263578767485,5.092877641578845,5.128729145215841,5.1222359657494545,6.0264477444683715,122
485,5.141142819173383,5.144729379015142,5.181748012396712,5.130651464518977,5.098195398203631,5.093588432762715,5.127030359004793,5.1208759734553935,6.021317093692081,122
486,5.13920975014255,5.144320290925113,5.180594422815277,5.133082893979573,5.095462734094371,5.093780676881575,5.124258069656355,5.119364630733163,6.031543190872783,122
487,5.137641406744011,5.143354522803545,5.1801180362220745,5.134662682612305,5.094375159483151,5.0930721809914665,5.121828679222491,5.118071712136508,6.033153361420133,122
488,5.1356207219071806,5.141870866353745,5.180239832544765,5.1349500111646575,5.093675175257054,5.092968203726787,5.119528945082978,5.117268886783462,6.026550719829524,122
489,5.133757626065599,5.140473950456759,5.180422742603784,5.135345790433852,5.093548498819833,5.093461384890822,5.117823542695863,5.116014372575173,6.035184166856532,122
490,5.132057106815587,5.139086637526249,5.180095726914411,5.135861120746055,5.093214526361757,5.094083547311434,5.11664462135937,5.115037345739116,6.030380646443205,122
491,5.130163284830116,5.137517862212951,5.179448539229126,5.136070071663363,5.093919785332529,5.094130834849989,5.115416138190722,5.1146010312509915,6.02135703364971,122
492,5.128326608280146,5.1359291195509,5.177677009423309,5.135635916510902,5.094360403605217,5.0941285661995925,5.113643419612683,5.115058762235762,6.022688426812714,122
493,5.127793782751071,5.133608239062518,5.176244362197604,5.1358733538127535,5.095152049081032,5.09399301832286,5.1116715661674235,5.11439663258405,6.028164223983598,122
494,5.12724675523833,5.131918407297557,5.174103482828702,5.136104412413797,5.09502607523142,5.093341003583069,5.109806357221315,5.1135214606116985,6.022104183472982,122
495,5.127216726715873,5.130100448860315,5.172000256246033,5.136817593227556,5.095130500788996,5.092937780301567,5.107254798246504,5.1132323176447985,6.024764993227563,122
496,5.126586089535923,5.129344462890831,5.170486741549442,5.137612131615155,5.094375259016077,5.092719523926848,5.104386598348443,5.11315484620171,6.023880283440128,122
497,5.126272746451439,5.128488439444317,5.168132284791421,5.137805667107168,5.093632660660873,5.09155141806737,5.101404366644299,5.112805895705233,6.023229511066539,122
498,5.126114372295518,5.127578573829863,5.165855570921112,5.138329371016525,5.092865118472832,5.090378292880464,5.099245269839791,5.112151602682951,6.0327637774004,122
499,5.127046165112269,5.127047547217231,5.164202454682039,5.137829919710871,5.092450189097776,5.0889528785440294,5.096778743748762,5.113063262679994,6.028822849687156,122
500,5.1280740569641825,5.1263764437748165,5.1626839353184515,5.137163168400956,5.092264103973455,5.086865203888505,5.094698298238076,5.1141546391877615,6.028494217254495,122
501,5.128717443503447,5.126422320629281,5.161403851710155,5.137298506068231,5.0921934755962965,5.085242727598986,5.0919061611047285,5.114976730708151,6.02818485151233,122
502,5.128989672496,5.126639330872369,5.15974044593437,5.1375987063252095,5.092242733191101,5.083719181760278,5.088408354031717,5.116218562957055,6.031293171122711,122
503,5.128871936920352,5.126320546761084,5.1579625029348675,5.137338642007809,5.091742160548426,5.082099981848236,5.085255308819967,5.117019930451644,6.031346844190851,122
504,5.1295597547837675,5.126198871640087,5.156833308230743,5.137184125038647,5.091624102337924,5.080280768439035,5.082371909166783,5.117419527784402,6.029319570828418,122
505,5.130884265236668,5.126010741981425,5.155770140071464,5.137582358006739,5.092012106105695,5.079255483378427,5.078820579837344,5.118229077518435,6.022506288037802,122
506,5.132280978275304,5.126432818125995,5.154746092792717,5.1382816835137195,5.093163556071348,5.07837705282274,5.076910552626294,5.119481594828686,6.029118143524972,122
507,5.132829363107701,5.126225818589196,5.15334328034308,5.1387304174690325,5.094074114386631,5.076729717064379,5.075296662677246,5.121013710811374,6.018854564354583,122
508,5.1347391218728475,5.12591818836688,5.152017194579971,5.13989348380196,5.0941083013151225,5.074963020550582,5.0743054412270805,5.123317904705377,6.018621483084061,122
509,5.136569605124395,5.125521493310658,5.151471248290492,5.14105388927837,5.0940335225093705,5.073048743164621,5.073930851646116,5.125343939365115,6.0223039937199125,122
510,5.137866635436934,5.125240695188485,5.150244829953895,5.142305559625122,5.093630460719366,5.07154333099531,5.073094501779886,5.127700375358593,6.036142112408528,122
511,5.139619302896552,5.1248239281657115,5.149462778815128,5.144054257598492,5.093737346058599,5.070060226497952,5.072181540050059,5.1301310231063395,6.023194174713096,122
512,5.14126321484558,5.124559817510147,5.149272938504253,5.145575825488649,5.093750269848818,5.068669320119775,5.071246451996995,5.131754283793617,6.03174708884374,122
513,5.142506770024706,5.12403521751416,5.148610723775472,5.14700220538073,5.094880915984227,5.0674742736109115,5.069850031945489,5.133511632206586,6.027814668982273,122
514,5.143311835635605,5.124309321624858,5.148450771193234,5.1480160610585495,5.095479941992853,5.066035100135812,5.067588811765576,5.134954102719273,6.022838038525583,122
515,5.143770657430757,5.124701014981172,5.1477172424938455,5.148425057153197,5.09489223373537,5.06468800024823,5.065463640403971,5.135933912341114,6.032401401715049,122
516,5.14421468812901,5.125113484741529,5.147001551330332,5.148381555327202,5.094780957581092,5.063174880067461,5.063329041445037,5.137370215107472,6.023392125378792,122
517,5.144855532304525,5.125818198931459,5.147317200080974,5.147545917871939,5.094965820088419,5.0620209061596375,5.061790312303696,5.13813453980641,6.033381683765945,122
518,5.144865125897869,5.127024302680395,5.147546503232632,5.146731343491064,5.094942836283419,5.061079900025417,5.059747033702447,5.139109157302955,6.0184476474021915,122
519,5.1443226819912145,5.128183493928323,5.147939921269716,5.146581705417181,5.095577033060405,5.061042759248613,5.057432104065992,5.14106376478644,6.028478561518265,122
520,5.143110022804205,5.12905517231523,5.148151048617702,5.146203222578675,5.095923209834639,5.060704904891589,5.055947747504133,5.143097638532116,6.031233833999429,122
521,5.141853568630035,5.129684667118093,5.149011663347946,5.1459153496571695,5.0958177917126655,5.060383784890952,5.055837055691213,5.145517053438476,6.025841330873131,122
522,5.140191705383222,5.130657433688981,5.151052199100755,5.145527567980681,5.095301917197066,5.061002026968588,5.056191766082021,5.148156452574012,6.031131630161815,122
523,5.137635264945393,5.13156433321824,5.15195793102186,5.145207198949075,5.093769378308938,5.061811981972986,5.056780728877435,5.149992565505345,6.03657907447217,122
524,5.135221902783804,5.132829958592074,5.151994960980552,5.146023672263338,5.092516218314973,5.061489771343072,5.05810399369744,5.151324190008378,6.026235513206937,122
525,5.132835250347053,5.134374603182398,5.152548529206621,5.146041553582614,5.090961961082146,5.0614129407750195,5.059469739996713,5.152490515553162,6.027332001698335,122
526,5.1307031408538535,5.136357775949161,5.153194036431648,5.145910777136672,5.089705963580607,5.060721021861182,5.061185780320466,5.1532189992787565,6.026229022865751,122
527,5.129034130763872,5.137566804075887,5.153930071438935,5.14633303811326,5.088147035615082,5.060412073325736,5.063680792366169,5.153687907025255,6.022729500150434,122
528,5.126906655555418,5.138021417553372,5.15657285359466,5.146742706164778,5.086282926140013,5.059887582790406,5.0666701065067725,5.1538484991731135,6.028696292668789,122
529,5.123520900685702,5.138097072450943,5.159383022621869,5.147631980084277,5.084396710600544,5.059557966440385,5.069239994536904,5.154413007881203,6.029999049869684,122
530,5.12049260453917,5.137451968191549,5.1614133882137265,5.148322767536144,5.0823251050807965,5.059465822193977,5.071302717478046,5.1547845474287195,6.020756503634224,122
531,5.117452261075147,5.136825916210763,5.162469034759697,5.149596894890745,5.081135841622628,5.060282596300938,5.073729976666866,5.154681246819947,6.0301322722387205,122
532,5.114569510916455,5.135497662822025,5.162884421292885,5.151545329365014,5.079837613297174,5.061275026469411,5.075808221828174,5.154939307854638,6.026037086827797,122
533,5.111367492933828,5.134649894526499,5.164030274289219,5.15388348764372,5.079242054716179,5.062068249868981,5.078331528505981,5.155650854029698,6.033559383474276,122
534,5.108402668797398,5.134263331594193,5.164509336470097,5.156100348744726,5.078519394505761,5.062508982101182,5.080129611546479,5.1563595135785025,6.029498433334782,122
535,5.105853079910958,5.133619434279025,5.165068705600193,5.158125626393193,5.078155630590804,5.062792959527755,5.081433060048902,5.15657293463283,6.030560572539744,122
536,5.103311605680213,5.132634965527988,5.1655093524119,5.160907588677369,5.077618104060974,5.063265583127478,5.082656955633374,5.156449471444137,6.023410367826179,122
537,5.101460092971148,5.1310851835925995,5.164976079663665,5.163013468987086,5.077260910498353,5.063346288225629,5.084210344068715,5.155955436103914,6.034433263246717,122
538,5.099573613212892,5.128753618110096,5.1646555666543135,5.165396874697143,5.077627599327866,5.06360545646778,5.086238347008894,5.15577166977215,6.026403112573065,122
539,5.0975320157307396,5.126477322192163,5.165074787802488,5.167682827327912,5.077294301410387,5.063710639702793,5.0883315333666665,5.15611932429738,6.029089602782387,122
540,5.094465643422685,5.123870737266532,5.1658150771730345,5.1694443107132315,5.077752699472946,5.064287248359772,5.090653783611306,5.1568634213306765,6.033444932750179,122
541,5.091428357336439,5.121480813035757,5.166752607823461,5.170714897724156,5.078031003139099,5.064834045964886,5.09319522247993,5.157614354067839,6.03460322964645,122
542,5.088499237583716,5.118953805548715,5.166802749642141,5.171533826627444,5.07765594241124,5.064991230393954,5.094588667814834,5.1575266028805675,6.031206253732424,122
543,5.0859750864255595,5.1156621050084405,5.167463886696288,5.172923284517614,5.077371238529274,5.065044753119104,5.095799673012306,5.157384618652047,6.032479432359087,122
544,5.0825496453743195,5.112050352987005,5.168427460875781,5.1737851529921635,5.076942328846826,5.06527454991912,5.097000632828407,5.15664540111295,6.033314937939052,122
545,5.080170182322532,5.108601350136487,5.1689948963725705,5.1748681511194246,5.076763931454024,5.065727995831152,5.0977824749815,5.156462839376111,6.019971767793045,122
546,5.078506450834315,5.105576737300455,5.169320264428878,5.17533683982883,5.076660371609407,5.065982388045209,5.099111123952197,5.155728935643827,6.0239675977999845,122
547,5.076458359381181,5.102795654814089,5.1696976840919815,5.175082985320811,5.076219258356962,5.066091627722805,5.101100016891771,5.155356862723995,6.026346162955825,122
548,5.074352334196503,5.100504797539048,5.169484112304538,5.174934657512162,5.076562532233602,5.066309333679787,5.102574136362472,5.155535883722119,6.036075784099828,122
549,5.072455587815467,5.098844808996656,5.169447427250972,5.174164121033585,5.076278675833705,5.0664453740737665,5.104087287215577,5.155809749530203,6.042281158129005,122
550,5.071249565912051,5.096776371071427,5.1690092309264575,5.172860880598642,5.075970739681653,5.066677997041246,5.105506943430906,5.155971896361325,6.04096505667935,122
551,5.069579535252417,5.094946342859415,5.1691873918314215,5.171254956197625,5.075477935648099,5.066338473261025,5.106430658138767,5.155962778551016,6.030805659484599,122
552,5.068034222873717,5.09279139810375,5.169110388688809,5.169828726135603,5.074727851382674,5.066744179896121,5.107526031541466,5.156104575820869,6.031998301492098,122
553,5.066500659518178,5.091430606366276,5.1675876280717,5.1687888947841945,5.074172497212633,5.066673793830774,5.107923076293854,5.156565058504698,6.031067118929203,122
554,5.065883607193703,5.089721634977025,5.165400358124117,5.167078554626828,5.074015862325326,5.065634975392674,5.10877875092568,5.157461113860103,6.030824668657371,122
555,5.066415550304401,5.087689925203081,5.1625547414458275,5.165279188331642,5.073225576323958,5.064312495169736,5.109957231214583,5.158198246122267,6.038316455764191,122
556,5.067539164930438,5.086022172096985,5.160309474370704,5.163830608194773,5.07253402430403,5.062566968510671,5.111148965603723,5.158931471365522,6.031855456220557,122
557,5.068518289087039,5.085096004999263,5.1585203251829395,5.162041803209977,5.071500968394603,5.060225595731808,5.1121751142149785,5.159820531462005,6.03103684196831,122
558,5.069633683616989,5.084019664512468,5.156565704923,5.160661409781464,5.070918537262003,5.0575110847405185,5.11244994578146,5.1604241636976,6.042324410570835,122
559,5.071254254558507,5.083364399753729,5.155378840437997,5.159729202249125,5.070204813757805,5.054865054207422,5.112273908601098,5.161423654883455,6.0230827277634,122
560,5.072667623849345,5.082748470781548,5.155864587504148,5.158375538115143,5.069696868443954,5.053715904406451,5.111360996295378,5.161729128001174,6.043510488593685,122
561,5.074588807567759,5.082047574870971,5.154976591333558,5.1580382891825565,5.069194868539153,5.052679008196568,5.111323070137461,5.1617808364251925,6.039426362963767,122
562,5.076399120267983,5.081470676318093,5.153531789870284,5.157721775081126,5.068997827110062,5.052354035005865,5.1108382729283965,5.162141508155656,6.042929528954563,122
563,5.078544829991502,5.08157498741115,5.151640089361109,5.156880751076889,5.068825055981627,5.052354199980826,5.10997860830579,5.162539666344931,6.025916114565796,122
564,5.081019568049035,5.082141205043339,5.14962520033481,5.155976373203272,5.0695107099373224,5.052811231560215,5.1082939198698725,5.163570388601702,6.031459249019727,122
565,5.083968868563566,5.082866531358889,5.147407471099917,5.155022113074237,5.070331242825447,5.053382055922519,5.106569114897071,5.16435715997236,6.03154992235354,122
566,5.086965720690259,5.084205103986573,5.145550070095951,5.154171622792864,5.071466326599814,5.053976493583457,5.105379104839766,5.1649711546463095,6.032032156852302,122
567,5.089576571218155,5.08527698543436,5.144507737263739,5.152407404710731,5.07229897055678,5.054034804989454,5.103583497462019,5.166036848190393,6.039491660988207,122
568,5.092448042154629,5.086296517921584,5.144201634078681,5.150078029416704,5.073747999462084,5.05426800912992,5.102072414742826,5.166945150700274,6.035766802393618,122
569,5.095355048291392,5.086970717685028,5.143702417018673,5.147106104709897,5.074820869990778,5.055397763078655,5.100548556349111,5.167751755647003,6.0342940346821115,122
570,5.098324149143998,5.087691233836455,5.143431501227837,5.143898933008406,5.075550759245562,5.057408142478941,5.099513743843047,5.169329308443897,6.040802816862029,122
571,5.100217351762534,5.088757684484753,5.142249572416362,5.141729220135701,5.0768253645728345,5.059754437767634,5.09892737422672,5.170677616114059,6.034090982414583,122
572,5.101771292504217,5.089872476930994,5.141597715632299,5.139066974643292,5.077566166757373,5.062250543469302,5.098085220363396,5.17196363355173,6.033959897759756,122
573,5.1025311763705306,5.091449918368941,5.141251011882259,5.137384134270539,5.078264643656972,5.064178910496651,5.096697549004663,5.173273044883365,6.032728536683207,122
574,5.103142801048438,5.0932827237189855,5.141682454156221,5.1347611963800395,5.0785306061962965,5.066209240683848,5.094057846668374,5.174496869697407,6.03756651777563,122
575,5.1038587279604695,5.094720143729544,5.141841672905032,5.131954950292712,5.0791230535030065,5.068080070254944,5.091119904495493,5.174693691579948,6.039393034792722,122
576,5.104891242928792,5.096726587669325,5.141476800321268,5.129709474585712,5.079325177699422,5.069859202023457,5.0889765749333735,5.173896222707919,6.036272554206492,122
577,5.105416622043128,5.097902780529534,5.140664403881113,5.127051469119159,5.08058971452008,5.0706535369055725,5.0867937538016506,5.173699197731778,6.037118969941359,122
578,5.105693879670856,5.098427986227246,5.140493778904666,5.124540042746858,5.082280527421651,5.072127003645153,5.084912865617022,5.173983094508033,6.041614334321764,122
579,5.106244175014501,5.100422548479562,5.139532703049714,5.121294347471103,5.083823898329324,5.073490969633452,5.082745137741531,5.17457877273732,6.038046212423077,122
580,5.107146973708921,5.1024314673262765,5.13759266897293,5.118724168971603,5.086072633757092,5.074649954734879,5.080674430804855,5.17557446597198,6.0349908699925745,122
581,5.106635703404898,5.10399782383822,5.135396068792719,5.115473655982077,5.087915500650927,5.075694242155974,5.079652237379104,5.1766321692351145,6.037751665327903,122
582,5.105667306391208,5.1052130135634695,5.133925583250218,5.112501001565657,5.089644570714656,5.0765911653804014,5.0789044062904125,5.178515639109324,6.0318150309877945,122
583,5.105947315891669,5.106324584655905,5.1325567376578025,5.109572456861968,5.091895508132627,5.077953117163805,5.077999815587008,5.1799272426718765,6.042789725497324,122
584,5.106277746550025,5.106522817495082,5.131063240419607,5.1066463530251305,5.093546705837124,5.079255066952834,5.077557389573207,5.181602951666521,6.03332389322856,122
585,5.106199443871458,5.1071387883690464,5.129768148234578,5.104414486701801,5.095155007264443,5.08013328654165,5.077197262903434,5.183277553810443,6.042753624275807,122
586,5.105687104280602,5.108322854654002,5.12860377181374,5.102971211001554,5.096884715923844,5.081292693969816,5.077792235182292,5.185514268072168,6.032952065063193,122
587,5.10621373758684,5.109061017496682,5.1271750256687305,5.101866797635191,5.098603806134802,5.082716747321579,5.077851690816466,5.187816243212714,6.028004191030418,122
588,5.10652099900765,5.1097082523833235,5.125703636441105,5.100632637801038,5.09991822332586,5.083726491785438,5.077391004132924,5.189407783292647,6.046121360986774,122
589,5.106025566170865,5.109658438260302,5.123739898756943,5.098423069680752,5.101184119236518,5.08465253694553,5.077021203658033,5.191075408704318,6.032601255124895,122
590,5.10496581096377,5.110047824964457,5.1221637658285015,5.097504396813424,5.101965144119556,5.086424596843477,5.076669348774903,5.192244490339924,6.046297856952259,122
591,5.103209263527426,5.110949886820001,5.120765469058634,5.09656568326254,5.103251429709318,5.088157314041354,5.076609890582397,5.192988036279358,6.037432592252218,122
592,5.101092695047468,5.111522151582453,5.119785440917736,5.095908984718532,5.103610330794095,5.0898607096675965,5.076967464643527,5.193151532839406,6.029115795228799,122
593,5.0991143469391815,5.1120145413307885,5.117666123088716,5.09495828393702,5.104711466835692,5.091507501350128,5.076813650614325,5.192784457592344,6.035281507212859,122
594,5.096979893593208,5.112489657780913,5.114893468502849,5.093757688475671,5.105660711981093,5.093050304681607,5.077441710681963,5.192699124776462,6.038490601313173,122
595,5.094486180559199,5.113167692073043,5.112248955501252,5.092364753475316,5.106651257090489,5.095093883342182,5.078022181493734,5.192211390865547,6.031663681135937,122
596,5.091762035476695,5.113590854614262,5.108910195499357,5.091478365873756,5.1070435436091,5.0972791405995475,5.078080293086924,5.192169452537239,6.042439481833445,122
597,5.088622575074301,5.1134947649979665,5.106660850323058,5.089921184837186,5.10789471266447,5.099210227382944,5.07748085034946,5.192194149052247,6.0428350986738515,122
598,5.084967411737565,5.112987814911856,5.105194397812435,5.089023498058939,5.108852932755882,5.10077032783752,5.077119176960357,5.191278979530745,6.030722231320381,122
599,5.080851240405297,5.112597233948025,5.104518418417078,5.087931957666342,5.109696313913016,5.101605428688305,5.0763490571393834,5.19053496937285,6.040814890345149,122
600,5.076853750222087,5.111906985410343,5.1036652972194965,5.08665706486971,5.109759287210551,5.102905187855412,5.076282594347006,5.189100986271959,6.032760006522787,122
601,5.072590301319712,5.110787306546079,5.103242013589735,5.085131052508279,5.109697409948575,5.104065615420135,5.076645838989127,5.188217677385371,6.045184896536238,122
602,5.068676910470338,5.110076191675993,5.103163308837738,5.083718861183993,5.10999196591013,5.105012479385314,5.0764101337735985,5.187829809681695,6.024871812330002,122
603,5.0652978661974135,5.109875338268557,5.103229710193798,5.0825305329006465,5.110095603436593,5.105273928166111,5.076184332556771,5.187455319383501,6.034898191879232,122
604,5.063376904489546,5.109444274907371,5.103073972754772,5.081253384622398,5.109972177338956,5.105545248930449,5.0753846217697225,5.186802229512102,6.040544065198607,122
605,5.061449518115359,5.108770097268385,5.102518252209714,5.080086638870331,5.1095938334312585,5.105168963019557,5.074518446006837,5.18633132552418,6.036386658369486,122
606,5.059631394617635,5.108274184986744,5.101693923845811,5.078786153546676,5.1092650230523695,5.103991075878558,5.073425349360769,5.1858067561144034,6.0410952678158045,122
607,5.058221928637506,5.107910902356952,5.101249645207976,5.077532490053251,5.10888581271306,5.102607058821807,5.072151943446868,5.1859044849285425,6.048475400176911,122
608,5.05677214790243,5.1076213801778465,5.099637904668896,5.0765414048513025,5.108795986296595,5.1009895956884055,5.07080829225962,5.18557033290788,6.0341969437221845,122
609,5.056361584772327,5.107129666950855,5.098807279348926,5.075640423445636,5.108472219093968,5.100305411279779,5.069531216757269,5.18568378840942,6.040120766733593,122
610,5.056436016102182,5.107102715749296,5.09737405216112,5.0753086043486695,5.108535334432193,5.0995329920168135,5.068954824809796,5.18528712022788,6.037677100290825,122
611,5.056801683451884,5.106896322825179,5.096320559939834,5.074775230657935,5.108916920272737,5.099095769201883,5.068205699523692,5.185253793856964,6.042737112694793,122
612,5.05698554669542,5.106610014011528,5.095341469067045,5.074530687873322,5.109247796941367,5.097995200321853,5.065964800731029,5.185983079791985,6.042839764220491,122
613,5.0578497693620506,5.106846274813781,5.095333523906197,5.074194861493662,5.108867770916101,5.097138577250554,5.0632692060050495,5.186739012413093,6.043746977425785,122
614,5.059061045301023,5.107572383959928,5.095363171973648,5.0738444263074225,5.108481044141508,5.096281103875086,5.060621407352093,5.187150300986453,6.03889999308501,122
615,5.060074586061173,5.108076181886935,5.095402379339529,5.074046882823402,5.107782585195184,5.095234336881118,5.057940154392708,5.1871094708449785,6.042433968140191,122
616,5.0610814630434415,5.108498559365081,5.095592832740595,5.074067732851935,5.106772840231555,5.094146367796851,5.055965026862323,5.186947333539599,6.036439707598368,122
617,5.062426811667132,5.108319931488213,5.096713485243969,5.075182882554717,5.105798245879215,5.092341437242239,5.053639754035169,5.186312013452902,6.044556980926104,122
618,5.064008574266851,5.108028663757261,5.097926952163611,5.07656106193015,5.104512401534814,5.0905921435702055,5.050749543629783,5.185195189229789,6.037935982447045,122
619,5.064580405729629,5.107052605352882,5.098604062232864,5.078128694894641,5.103276835478887,5.088766607211166,5.047280890280604,5.183991541983536,6.0337087540686225,122
620,5.064765338967717,5.106820517420385,5.099211603314748,5.079349200716174,5.102518027288724,5.086872910710531,5.044346251231178,5.182172956935702,6.033083505437043,122
621,5.065339010063589,5.105631982212152,5.09935885336551,5.080380622674843,5.102297854105507,5.085878038800872,5.0418033427163085,5.179832400037866,6.043558271522251,122
622,5.065591764929625,5.103694994696289,5.098864652474785,5.0818618726564715,5.101699412886809,5.084552389709266,5.038984582945885,5.17710200024439,6.04188193837838,122
623,5.064817743746653,5.10192644190778,5.098479751332441,5.0829323343634005,5.101399679673333,5.083361053640329,5.037047855519633,5.174817795597827,6.036632998974435,122
624,5.064871648163944,5.10090279484317,5.098440086793085,5.084083431710951,5.101632840444873,5.082849383732089,5.035257380225103,5.173272840996358,6.046252958275811,122
625,5.064828534841583,5.099925307096562,5.098575324526965,5.085813925204662,5.102430464385309,5.082105694575026,5.033089862657853,5.171512359648425,6.043277478491908,122
626,5.064683835831938,5.098985909524339,5.099290812206136,5.0866459197376965,5.103347869179165,5.080948455531621,5.031301384637148,5.170053964300712,6.0452680853244365,122
627,5.06430662920054,5.098145856558675,5.100072438991647,5.087338317614206,5.103613735667073,5.079978232384411,5.029578520342263,5.169157717440658,6.033635237217956,122
628,5.064659870957589,5.097475376553215,5.100874629526648,5.087855851735542,5.104472809925204,5.078968691211667,5.0281545323777435,5.16869815355736,6.033014715823122,122
629,5.064824201746766,5.096774467696493,5.102073736627177,5.089148316688764,5.104766299583007,5.078218182362827,5.026353825320736,5.167964671686287,6.039215702099177,122
630,5.0654155597154835,5.095753171741322,5.103704919089,5.090203243097811,5.1045653502672605,5.078189474587537,5.024437987593933,5.167281850535545,6.042515770034662,122
631,5.065944259373127,5.0946008829020935,5.1055542253655135,5.0913621222452115,5.104865061273804,5.077914324265327,5.022632508127237,5.166615401285988,6.039840246240048,122
632,5.066861568430791,5.092904397389836,5.106883036079443,5.091694155140791,5.1052795467934855,5.077113933220979,5.0218387095468735,5.166396560159111,6.037793909141981,122
633,5.067870665243496,5.09160850282508,5.108091137256771,5.092354461583371,5.105153435005785,5.076664958069367,5.02114230729769,5.1657765868838705,6.0463000687632835,122
634,5.0683943799448175,5.090605170998939,5.108620265383814,5.092384028156406,5.105175647200687,5.076380053594158,5.020858408861941,5.165521930594965,6.038725264966126,122
635,5.069000078268093,5.089558994006478,5.108442374612532,5.093007337308994,5.105418841460488,5.076329329680208,5.021279901317037,5.1649301547102,6.03797208845647,122
636,5.0698493898641,5.089166033041948,5.108117979183133,5.093622654665184,5.106006433685159,5.0756691238172,5.021630924197504,5.164377683436081,6.040210524921669,122
637,5.071520836468126,5.088745595651574,5.107715571477228,5.094782913703899,5.106188275306323,5.075520463780949,5.021487429515311,5.163862863958208,6.035820466919477,122
638,5.072694966769248,5.088234151783768,5.107306005747812,5.096016209505693,5.106511367822613,5.07544598786653,5.022026664014485,5.16339612755386,6.0396129704071795,122
639,5.07370892994382,5.08746097477807,5.106885478502231,5.096566685078244,5.107235159956639,5.0756903945909695,5.022808586915307,5.162657273814243,6.045985951655132,122
640,5.073959537036826,5.086644515514538,5.106414713056597,5.096920953754758,5.107949823701979,5.075762508683566,5.023914488649754,5.162444701234326,6.039286350940419,122
641,5.073845274078616,5.08635220481341,5.10631746784808,5.0973792079608575,5.108325699986321,5.07593241218861,5.0250722902321305,5.161995222189436,6.030284474183485,122
642,5.073008104037182,5.086205168664296,5.106830277635525,5.098685233002641,5.108546551871977,5.076336869344544,5.025798427248215,5.161170444805421,6.044583661274543,122
643,5.072589519163235,5.086052891893315,5.1071900717835055,5.099281349981033,5.107800004837188,5.076605995705112,5.026336553148796,5.159910265708543,6.036509610463813,122
644,5.072567275929779,5.086418668653096,5.10774281852174,5.099694827798045,5.106957202587537,5.077290477531788,5.026988221433057,5.15884861188545,6.046485438814343,122
645,5.072484784573968,5.0867245073883325,5.10738258758173,5.099792753175105,5.105861223458789,5.07751178738504,5.027670556526244,5.157520729147489,6.03929957577445,122
646,5.071878888553299,5.087114871377014,5.107135590761116,5.0996374364532775,5.104776038468971,5.077401017074939,5.02836032723536,5.156275152386787,6.035467326995881,122
647,5.0710118499877765,5.087877266028079,5.106216189490134,5.099666290253748,5.104021805751893,5.077285052119862,5.029326845374596,5.155205022726863,6.043657102317859,122
648,5.0703403539652045,5.088195111544417,5.105414439694973,5.099038381518835,5.102742103264759,5.077618873841722,5.030711662311285,5.154095979087116,6.04738344562262,122
649,5.068789537023907,5.088536642985083,5.104193903613219,5.098759517102099,5.101594052251891,5.07775269003339,5.032779426425769,5.152636151574991,6.0407731838200895,122
650,5.067908294042384,5.088567373432483,5.102988837353971,5.098141449708571,5.100559586374346,5.07740027663016,5.034747301272814,5.151071504531833,6.042065612846703,122
651,5.066980541065439,5.088422378422779,5.102389807361624,5.097388833803668,5.099702407723762,5.077950544007939,5.037055786556563,5.149786140139134,6.042725618364045,122
652,5.066082068059367,5.088580672463634,5.1019602039778755,5.096536961573078,5.0984186269448415,5.07835621345127,5.039020543154951,5.149255452079074,6.041880634849511,122
653,5.065362599740284,5.089425798630299,5.100910181047124,5.094287630589845,5.096863715481293,5.0797228711843445,5.040830758930387,5.1488039069916915,6.038496763313582,122
654,5.064224117854127,5.090823219935491,5.099295760307145,5.092152499928444,5.095301127228655,5.081093541990327,5.0425490397969295,5.1486789136598,6.035760543374955,122
655,5.063559893018745,5.092193121022353,5.0973028138892404,5.090442979082546,5.093325765541516,5.082250456035199,5.044274464237844,5.147787819473759,6.03780887626583,122
656,5.063325910466917,5.093609647703766,5.095467763048836,5.088905253765767,5.09146756691376,5.083211021507123,5.045543008182726,5.146625508313539,6.038039165039563,122
657,5.063105497674389,5.095532983496165,5.093933872196378,5.087357479327202,5.088789472730424,5.083392873218796,5.0467745679831815,5.145566611142527,6.028680551885541,122
658,5.063223075169332,5.097842816364133,5.093029199752705,5.08534146699756,5.0864600346949,5.083004988617251,5.048076333283903,5.144409498507093,6.0449716578374995,122
659,5.063699441736436,5.099990122941328,5.0922378192326665,5.083827203393536,5.0840206450006775,5.082611565570165,5.049022501195902,5.142934265289048,6.0475024373781965,122
660,5.063257250907954,5.1016140285937,5.090795353727266,5.081868365056315,5.081518777671099,5.081645916065883,5.050742021144581,5.141316101487439,6.033989600108974,122
661,5.063518333623154,5.103329170894394,5.089682584059635,5.079995480442299,5.078095011978772,5.08155624675003,5.0526877005622,5.139797162025978,6.0380439744125125,122
662,5.063991212506983,5.104920562253785,5.0882506983864335,5.078441877246781,5.075079511351665,5.082038855124355,5.054106032505144,5.138206309925179,6.037700923620976,122
663,5.065194889151512,5.1062730948180075,5.087201295881195,5.076835777565293,5.073165344134416,5.082486651981846,5.054820171421075,5.136919967152462,6.0370205838103495,122
664,5.066231356234123,5.107662021498145,5.085904231173155,5.075013071751391,5.07166707526529,5.083094449908354,5.055261046263068,5.135057422066795,6.0419585348928955,122
665,5.0670735312881074,5.108420041730644,5.084707455233276,5.0729815389959185,5.070151540352525,5.084413027466866,5.055777476641429,5.134203821166575,6.048853832185675,122
666,5.067979392735161,5.109666169622777,5.083298511809248,5.071388102445878,5.069398392193097,5.084791016445396,5.056339336468478,5.133189643514486,6.044761019166038,122
667,5.069640546027402,5.111487589012195,5.081280632492524,5.069680350159423,5.067884867221203,5.0849392455443025,5.057623165247335,5.132432777770518,6.042550955874119,122
668,5.070421157084023,5.113731952187701,5.079555530974224,5.069240979981107,5.066337680579018,5.085348078673065,5.058279908183754,5.131346612602057,6.050382329801335,122
669,5.071003342672787,5.115793869271284,5.078069994961467,5.068935478050796,5.064661768227721,5.084957805311294,5.058653345530594,5.130420096218494,6.045046791443665,122
670,5.072145403535169,5.1176662913493,5.077387764169668,5.069159554966975,5.062883610158625,5.084928839787672,5.058337252629387,5.129339850959846,6.037175670276831,122
671,5.07333457441659,5.119175442665613,5.077112683487159,5.068666749578048,5.060581988854153,5.085661515271555,5.057674187437401,5.1284271731437485,6.029622929313206,122
672,5.074080253240114,5.120213680733619,5.077139812795302,5.067880503313713,5.0588333588949626,5.086194716743372,5.056686834341132,5.127028779009245,6.044884896498501,122
673,5.074476403665287,5.121486326600762,5.077094115875607,5.066225134403493,5.057660426500693,5.085925393341138,5.056333342113613,5.125453166419899,6.04220841811075,122
674,5.075053220358812,5.122132612090136,5.0766974078959395,5.064287076448382,5.056719168578429,5.085929679008762,5.055865472677823,5.124028803631585,6.041539892746898,122
675,5.075455544698877,5.122770566973353,5.076524447517539,5.0629559832391315,5.05552657562084,5.086154966943315,5.055764652761567,5.1223989775292464,6.042187860581788,122
676,5.075252012077269,5.123839118985206,5.0759363888713835,5.062093781157852,5.053936509611983,5.086416791164062,5.055817611265395,5.120199719507488,6.042655174715613,122
677,5.075552283046206,5.1249313393875475,5.075053315681805,5.06185259214023,5.052929920142464,5.086865611052293,5.0557696451181116,5.118343927024982,6.041669460757204,122
678,5.076107860258777,5.125681761431592,5.074012117772227,5.061316197474879,5.05208935759436,5.087348196617782,5.056257981301258,5.1162922351122475,6.041423447997305,122
679,5.07688993148152,5.126193320104488,5.073224434117469,5.06100352955623,5.051592574415002,5.087887104200242,5.057132417074079,5.11410913550656,6.037716188984657,122
680,5.077896057222703,5.126582263020122,5.072772592717191,5.060799381345812,5.051383430413528,5.088483837935792,5.0577175472889175,5.112133575564105,6.0421922274142945,122
681,5.079250095802475,5.127021638322976,5.072388173225553,5.060583112176451,5.051649320384763,5.089177067220659,5.058473572455295,5.110009119722564,6.047695972094586,122
682,5.081324513181661,5.127080198233477,5.071937873993242,5.060434270759374,5.051873337325707,5.090081538159043,5.058891376171373,5.107702563848235,6.044707842534262,122
683,5.083691404470412,5.126804642170195,5.071413465806099,5.060735614102278,5.051737050181605,5.0907724776129895,5.05945314857137,5.105628027714886,6.030129217257329,122
684,5.08579309408197,5.126577254287043,5.071248562348595,5.061047177425573,5.051688139907171,5.091168776521691,5.060704953428856,5.103765327894043,6.038393913480776,122
685,5.088883386109196,5.126339783129367,5.070683084382525,5.061394369010203,5.051697795503163,5.091884716023549,5.061670961055824,5.1013271789586625,6.0322366298450225,122
686,5.091429288255954,5.126220664015188,5.069995151471211,5.062402853826763,5.051246293979808,5.092440462161039,5.062428111347793,5.0994582595365,6.035163178886046,122
687,5.093557640978393,5.126165750373614,5.069352609241719,5.063331632624233,5.051012499302846,5.092131061505562,5.063689577286432,5.09772876702223,6.050076088852321,122
688,5.095122298278444,5.126167157437068,5.068963224450569,5.064194538993572,5.05133409317245,5.092468066007328,5.064913231835138,5.095314635181422,6.037870565461736,122
689,5.09669873679532,5.125187828855163,5.068559152255304,5.066101153171978,5.052255120366503,5.092968994078506,5.06635344611595,5.092343853850943,6.04543588661445,122
690,5.098653105103514,5.123838423378386,5.0685002393919385,5.068134967764539,5.053315651335004,5.092945713003187,5.068676541282682,5.0893099062526606,6.042205517961727,122
691,5.100145718556565,5.123037567358874,5.069455377694576,5.070222274793405,5.054279151712418,5.093485279302827,5.071483061249303,5.087330683465988,6.050386444996206,122
692,5.101119996502536,5.121772352439132,5.070244849171728,5.072421165020209,5.054438675948154,5.094321382365239,5.0745420122246525,5.086141325953463,6.0400444180686526,122
693,5.10223479305991,5.120298584656789,5.071269157692831,5.074663790131945,5.054796351269145,5.0955159132012735,5.077075253712643,5.085555869443224,6.0426439924128585,122
694,5.103088566488158,5.119074788273878,5.072344409107785,5.076876763792181,5.054971416788355,5.097428922547708,5.079400579042357,5.085227704765732,6.03930667745627,122
695,5.104474076151295,5.1178135240739415,5.073711042203329,5.07852587722462,5.054862002779014,5.099175510539499,5.081768965801338,5.084969762923246,6.044431622271993,122
696,5.106669248919044,5.116728711493658,5.0753069925607965,5.080535590771692,5.054519730771423,5.100653672170581,5.0834751931843485,5.0840421144439345,6.049985330109863,122
697,5.108317762127279,5.115481782429922,5.077200911825798,5.082370943912107,5.054012254563039,5.101761534916136,5.085207163538662,5.083080048006329,6.04296436566357,122
698,5.109997277517341,5.114047908010763,5.078725997084483,5.084175262724466,5.053547334386204,5.102427571031715,5.0871367082754615,5.081788429494742,6.036402352635567,122
699,5.1113957257385465,5.113177018116005,5.080275706886907,5.08569481935035,5.052896555296126,5.102550667501513,5.089345424478761,5.07995452408797,6.041192737801182,122
700,5.112671106971083,5.112532667215559,5.081850389073445,5.087572883159247,5.0520886045464355,5.103367137607064,5.091250276532232,5.07832617801129,6.037198133205011,122
701,5.114023508461107,5.112107159497853,5.083387213471392,5.08945213173182,5.051529611855786,5.103819616323064,5.093516884755734,5.076730296369624,6.043865720124173,122
702,5.115126526410784,5.112132264392155,5.084620724331801,5.091286512039854,5.050766171856675,5.1040280833522065,5.0957097100769175,5.075026404471663,6.042647750047013,122
703,5.115845740756096,5.111611741901574,5.085870238178894,5.093650439208597,5.050592551286609,5.104224925520554,5.097278476748774,5.073147505529682,6.035734695330335,122
704,5.1175205830622,5.111053473870259,5.087031582846045,5.095092681897624,5.051060096677444,5.104185388329421,5.099272709387876,5.071320473310912,6.042184355929106,122
705,5.118796911548245,5.109854353655805,5.088002740325299,5.096263811831017,5.051472815451056,5.104429651577607,5.10157544454671,5.069945693424047,6.049612216009396,122
706,5.120036262004784,5.108637750046434,5.089231117648552,5.097363001982321,5.051978006296908,5.104339263523992,5.10405021723384,5.068492469890004,6.047968284743662,122
707,5.121230369516953,5.108207931923404,5.090658895016565,5.098787831067327,5.053462902920639,5.103321394528333,5.106531599014695,5.067342974661962,6.041821297707646,122
708,5.1224074262203665,5.1080215402260185,5.091927693797317,5.100642498286276,5.054578587633731,5.102748075494048,5.108915956412433,5.066448429117694,6.043975645256257,122
709,5.1234421298005,5.107974574787329,5.092828355564468,5.102835394000227,5.055723248020589,5.102390084886093,5.110671232870327,5.065877598919499,6.054606570354261,122
710,5.124199188623592,5.108698417769734,5.093964336346245,5.105161068031798,5.056437888446382,5.1012360691693175,5.112585351928702,5.065202821389824,6.038616098787439,122
711,5.125470799520403,5.1097077187487665,5.095038787949097,5.107182395139727,5.056569429558843,5.099731778099879,5.11416320211581,5.064075605824807,6.049500819312908,122
712,5.1267319011049395,5.109900014430581,5.096837427024376,5.109457265944515,5.056917781554068,5.098700710063335,5.115374905812349,5.063573908572358,6.0428090503394305,122
713,5.127588532064321,5.109698574759342,5.0986665104487106,5.111469222420227,5.057023259982813,5.097594979279288,5.117008246024186,5.062963065052937,6.033713023500221,122
714,5.128416917616747,5.109613876253549,5.100365093464329,5.11299063708206,5.057235096154214,5.096587641299065,5.118549980411157,5.0626257243368595,6.051380499454247,122
715,5.12901887720611,5.109225131534043,5.101658878586914,5.114636480112068,5.057235283952206,5.095506925689989,5.120242334148386,5.062303884941341,6.040864928817561,122
716,5.1293178975673435,5.108385307107003,5.102758489699179,5.115676374400488,5.057222399791169,5.09379231679638,5.121947096801843,5.062113731208787,6.038124436464808,122
717,5.129050936511182,5.1075383915573624,5.104441552619832,5.116265931057542,5.057054421994259,5.092332509216228,5.123848377308575,5.062010122921933,6.045091500341559,122
718,5.128105776139934,5.106978143114599,5.106236242536546,5.117213213065471,5.05685774151148,5.090942452553422,5.125585460508868,5.062559884252492,6.046167732600725,122
719,5.127089364648885,5.106840311716548,5.108381253572027,5.1177784905893855,5.056585916317557,5.089870210974688,5.126937940652229,5.063059355500791,6.042214453252925,122
720,5.125821783631663,5.107116741664141,5.109846355027727,5.11847911835504,5.056446369520973,5.08899355930147,5.1275360931717415,5.06339423425154,6.035528850593806,122
721,5.123931516134421,5.107548436906187,5.111203611952872,5.119155863432531,5.056536468366785,5.08793119171484,5.12807128977514,5.064240550883527,6.04217469786936,122
722,5.12222628034386,5.107794093222354,5.112791000109151,5.119249421792337,5.0564309259289075,5.087592272250519,5.128704489064004,5.065290499013592,6.040357356822659,122
723,5.1208865852772245,5.108090519512071,5.1140073910228985,5.1195160681072736,5.056469100684546,5.087517835322279,5.128821774142878,5.065938956474734,6.041343125043839,122
724,5.120076944510865,5.108722188862773,5.115220582294826,5.119563396609531,5.057054623777441,5.087054589830132,5.128959791253584,5.066832723730334,6.047977652673657,122
725,5.119498889699272,5.109987996306684,5.11638429769485,5.118567572909776,5.057222182520152,5.086344409610865,5.129150017924996,5.068252822379243,6.044946770265075,122
726,5.1185542862477895,5.110679271075403,5.117730782188584,5.117104222837002,5.0570785911365395,5.0860887333366955,5.1293091761696825,5.069198733423191,6.039275318214123,122
727,5.117805276416845,5.111663256470283,5.119209708307796,5.115438469822509,5.05688325149886,5.085330747847892,5.128856474371318,5.069825058150661,6.045199079594182,122
728,5.117393679370828,5.112738868581088,5.1206512387185406,5.113345933006452,5.057097367189547,5.08457163169377,5.128500141849113,5.0702797088862415,6.041567227577581,122
729,5.116787040950911,5.114072528759757,5.121603348215036,5.1108864090893045,5.057828368744048,5.08371298611002,5.1281312557712795,5.070448783576023,6.044146488393143,122
730,5.116739120655083,5.114839851658312,5.122100921572377,5.1084542080874495,5.059169048184787,5.08312372446551,5.128153933209233,5.0697336220734295,6.033609174124631,122
731,5.115906847053369,5.115401397553878,5.122843733054358,5.106350238616311,5.061502266634092,5.082467732953174,5.128375666638501,5.068628544507866,6.03700101719124,122
732,5.114741769629706,5.116273719278695,5.124255421847243,5.103903750665876,5.063840996851852,5.081600123595049,5.128899550210496,5.067507775230624,6.0381593357107,122
733,5.113489407026211,5.117189209776683,5.125724422416179,5.101667395187442,5.066375571651342,5.080508383937498,5.129282858875047,5.065865474298033,6.044315567680517,122
734,5.111937863473648,5.1181544616987455,5.126980658824093,5.099465335142202,5.0685174937323545,5.079224348728705,5.129567838879232,5.064271771731388,6.040060270540879,122
735,5.110125933335526,5.1191573055294235,5.127330457738241,5.0975109875461895,5.0705193712152,5.078736322679348,5.130257100677155,5.062987948318998,6.051320609556081,122
736,5.108814995271755,5.119631733128479,5.128199583500288,5.094963267767509,5.072488390596389,5.077597758006778,5.131068713222376,5.061697377561677,6.050714706779563,122
737,5.108036994733096,5.120156415961777,5.129255363577503,5.0926304653200685,5.074015703115963,5.075988680910855,5.131645406246346,5.05974436689395,6.043006371633299,122
738,5.107058772995867,5.1203517854833915,5.130782310065991,5.090606223115594,5.075696806875435,5.074747675752832,5.131755243469426,5.0580153954903695,6.048409567532136,122
739,5.105856476517462,5.120721581820309,5.131948570980784,5.088430105655474,5.0772015731594475,5.0739073948718705,5.132015957568297,5.056873318894235,6.042556783659075,122
740,5.10414975025186,5.121425996166295,5.133308387590129,5.086280682088052,5.07838711590658,5.0728736815646345,5.132286149011968,5.055836749214241,6.041018898393333,122
741,5.103393432512678,5.122902686395999,5.134490461251431,5.084168477615967,5.079962952254713,5.072633485993858,5.131949240905641,5.054782567478547,6.039892571467663,122
742,5.10288944629615,5.124059371381964,5.135402682581368,5.081710306478543,5.081724294106739,5.072204859987876,5.131145833152772,5.054490963216599,6.044385408340552,122
743,5.1021738393028,5.124861873453218,5.135760944841223,5.079148925812128,5.082447558177549,5.072089455450218,5.129746462122547,5.0540291503175405,6.044040420407699,122
744,5.101666295715239,5.125544038023849,5.136137117834167,5.077084012589134,5.082948239375739,5.071538660762557,5.129141230715395,5.053660336890132,6.043904678812774,122
745,5.101497493997483,5.126087452679733,5.136632158602456,5.074980213862627,5.083606713039164,5.071317023169323,5.129183064735714,5.053228095420989,6.045880189785884,122
746,5.101511758304216,5.125830576176439,5.137008644435229,5.072849885869951,5.084321149551658,5.071626735742883,5.128927657868464,5.05299846931409,6.046024456908855,122
747,5.10080398370434,5.125053583475879,5.137230382869906,5.071101382509243,5.085159737084431,5.072115836150605,5.128273568147426,5.053935815986581,6.046820090153261,122
748,5.100207525885292,5.124566953699397,5.136898478041202,5.068768603156542,5.086370131229812,5.072508897110366,5.128140652775707,5.054821110441562,6.051288967880672,122
749,5.099542327210597,5.124318784809417,5.136683307081702,5.066214268422328,5.08762971310502,5.072651950653979,5.1273323648051825,5.055523117878014,6.03677570823265,122
750,5.098765612985381,5.123871787954886,5.1361774515841905,5.063996515993102,5.088748261494718,5.07254837930358,5.1262237954057905,5.056114556457482,6.039255693881291,122
751,5.0979284530363635,5.123730700385679,5.135574388478249,5.061841699599226,5.090053529304635,5.072338391565252,5.124685904006965,5.057083401261276,6.042732203739888,122
752,5.09679515570457,5.124265939051065,5.135613109921984,5.059919963289143,5.091568026280858,5.0726779984299135,5.123805695081542,5.057696241259423,6.049911127089591,122
753,5.095240393891098,5.124673098978904,5.135156313212532,5.058247869690668,5.0931609129013165,5.073184933100295,5.12270234162911,5.058060766175863,6.046926250634457,122
754,5.094185599694816,5.1244061821411595,5.13457605912515,5.05665194989566,5.094028049712206,5.073809472631517,5.122377601047182,5.058630889652212,6.043964908615131,122
755,5.093237027531195,5.123819415486997,5.133930226871238,5.0553980589893355,5.094579577009658,5.074026344241184,5.122495873414079,5.059136001254077,6.049850487096166,122
756,5.092402211607453,5.122796261693033,5.133180682681875,5.05385749052578,5.095098944309484,5.074159571270188,5.122402588596501,5.059949145281493,6.045542053132809,122
757,5.09181910846014,5.121265399856645,5.132358730252186,5.052560921281245,5.0949253608605165,5.074581496990115,5.122701989732892,5.060605161976905,6.042495271304543,122
758,5.09053548219574,5.119749265340854,5.131855651824509,5.051859672776623,5.094953932431137,5.074774577760195,5.123090149617541,5.060688557506165,6.0355044261411175,122
759,5.089053221018766,5.117839115144001,5.131382286161808,5.051221403304668,5.094654460882127,5.07486086635688,5.1239024055531885,5.06106193379492,6.036640197220154,122
760,5.087451211217745,5.115872263486895,5.130154936630637,5.051044174439038,5.093727302832937,5.074888679916802,5.1243763921306815,5.061019658342712,6.0371744505971146,122
761,5.0858033372385165,5.113631499923642,5.128895520182387,5.052049593701911,5.093116651648341,5.074618631329232,5.124760876822845,5.061500827078663,6.0430707117445,122
762,5.084122989003985,5.112068475700436,5.127287022991185,5.052996137820613,5.093125815649177,5.0743579918220405,5.124999222197657,5.062753112122987,6.048833659669045,122
763,5.082992769060549,5.110018406717497,5.125472160513616,5.053973625892896,5.0936933703041545,5.07408391513141,5.125128934517404,5.064134400456137,6.042315569768992,122
764,5.0819038193057855,5.10827452430102,5.123787084871776,5.055471983542074,5.094235220155049,5.074159831631576,5.125276728870407,5.064965383329729,6.036022822716082,122
765,5.081064123037168,5.1064698754561,5.122559744061501,5.05701513572911,5.094721637464394,5.074444691083649,5.125867483532839,5.0658904839943375,6.050441879533314,122
766,5.0798000102657985,5.10435090868552,5.121849486627475,5.058231600087833,5.095297977600559,5.074799892744306,5.125828637047728,5.067452284876083,6.054656846385838,122
767,5.078794732152786,5.102568173368386,5.120663572444282,5.05979872659912,5.095568936913599,5.07510158348793,5.125506935765161,5.069005766628319,6.0499966481938845,122
768,5.077881488919556,5.100349549873817,5.119063442906693,5.0613512327757615,5.095545158365473,5.075472904368072,5.124993712385935,5.070670117316089,6.04001240071204,122
769,5.077245770280271,5.097829310374069,5.117243004604362,5.063201339618163,5.095625572710672,5.076035635587151,5.124635178035282,5.073132178933697,6.048616980256772,122
770,5.076664770308354,5.095608911728274,5.116444318386064,5.065373449020163,5.096071605348696,5.077162242258792,5.12417205390822,5.075691099113488,6.046067182866863,122
771,5.076349974342346,5.093373939125547,5.116370352721463,5.067867240630039,5.096996457581999,5.078336575290924,5.123276684155223,5.078012670832807,6.0379879660946925,122
772,5.075581645119707,5.091438867200568,5.115836660393288,5.070351360238664,5.0978456032697075,5.079156550365033,5.122129205213299,5.080437977999861,6.041120496557571,122
773,5.074868990096954,5.089657399993035,5.114852663462587,5.07280653114774,5.099021493902253,5.080069218513023,5.121214896266567,5.083123635409712,6.046016460792526,122
774,5.074315687061147,5.088300974290187,5.113903073503126,5.07460771469337,5.100211733558696,5.08107585251318,5.120509575990303,5.085897348671212,6.0427415701877925,122
775,5.074028723866226,5.086945201405262,5.113612136048255,5.07632461936503,5.101240815744529,5.081771756484008,5.119745125403435,5.088881536638406,6.039407750742886,122
776,5.073796284165146,5.085522566642539,5.113308945185041,5.077982344830275,5.101838076552074,5.083338180806473,5.118521057500791,5.091847418188581,6.045783261308273,122
777,5.073297985510758,5.0837962106298065,5.11335922734661,5.079559201915368,5.102375838870245,5.083897526138449,5.117561211613124,5.094944610883618,6.043163004817237,122
778,5.072672443921748,5.082354922217044,5.112977584951187,5.081001718567067,5.102603449205853,5.084339852919652,5.116475910576757,5.097065242537283,6.05556664269108,122
779,5.071993485080949,5.080693191392545,5.112957045742586,5.0827472019270274,5.103272064867653,5.08453800832177,5.11591542898355,5.098899782623001,6.0391680356950195,122
780,5.071527578679291,5.078977249652322,5.112816379810283,5.083836355570337,5.103637216048738,5.084891502422813,5.114984875164753,5.100909286851259,6.0471425606588545,122
781,5.070751611025475,5.077858548859335,5.112271260750432,5.084508261849789,5.103465592520914,5.085387269807866,5.113826667285131,5.102926296610378,6.046905488981555,122
782,5.070282869826842,5.0770448233209775,5.111981067374531,5.085069466261127,5.103334976746835,5.085563292484982,5.1130904992964155,5.104657460887328,6.041745072193378,122
783,5.069969556747374,5.077072615198532,5.111317117476993,5.085832031396489,5.103858210825412,5.0859851910538065,5.112740438808547,5.105954850071537,6.044959789022053,122
784,5.069813996994352,5.0773180150432475,5.1110122198066845,5.086779032843202,5.104062075021776,5.0864314512334525,5.112342234497557,5.106973583436635,6.040677805700068,122
785,5.069775403221827,5.077660621263624,5.11106512231699,5.087407954196485,5.104775120389093,5.087011018472348,5.111980301127408,5.107657224022892,6.048787368981458,122
786,5.069823673995607,5.078316528789054,5.111495011048078,5.0882434149317115,5.105563676557278,5.087977530665949,5.111971247031066,5.108276410889614,6.04838636094211,122
787,5.069565428214881,5.0790996855026265,5.112343398363956,5.089608201578791,5.106365325799031,5.089204431310835,5.112106833539327,5.108580995539924,6.0510193670357735,122
788,5.06956915856977,5.07972221254984,5.112371030231295,5.091184086742754,5.106361972573837,5.090489680202132,5.112377405096366,5.109087934057197,6.046170501212724,122
789,5.069904262093218,5.0806583260237375,5.112826955181555,5.092932392245787,5.105970714751057,5.091181002207463,5.112758737318394,5.109880948033639,6.057463242021838,122
790,5.069844696565357,5.082027765580661,5.1132907700858805,5.094266007195138,5.105838126985796,5.091560643749906,5.1128493529139,5.110083349987776,6.050638761370612,122
791,5.0696968138721505,5.083566888983701,5.113721544090945,5.095826825993504,5.106319518144236,5.092318282417269,5.113008257885106,5.110494060373906,6.046750820603655,122
792,5.069433588275027,5.0849101887937245,5.114205666510585,5.097847256859998,5.107381327569904,5.093095469725486,5.113703536188997,5.110135100305955,6.044335451506478,122
793,5.0693558312448985,5.086240598958789,5.1150987059007935,5.099570913942012,5.109055336002722,5.093622211411901,5.113916993622764,5.110162388215583,6.03979454360493,122
794,5.069810060734474,5.087846054783624,5.115701259792418,5.101135682251026,5.110769691891496,5.094461512520812,5.114082520424353,5.1109141031814165,6.0442539053822015,122
795,5.070570170795558,5.089449904888928,5.116366277419958,5.102219852939318,5.112701368749265,5.095146591272755,5.113977725246341,5.111142767196338,6.043550562041841,122
796,5.071502327693981,5.090750373410435,5.117237106665481,5.103193403159286,5.114306668494688,5.096062554113525,5.11394319102226,5.111641238206188,6.045682496569938,122
797,5.072023983725303,5.092445086207329,5.118051775010207,5.103377744479292,5.116221539049495,5.0969941347771,5.1136785753225364,5.111789159695862,6.041940291751067,122
798,5.073055732787668,5.094458656326074,5.118797330012675,5.104205800477932,5.11767900192169,5.0978238003509455,5.113195747320483,5.1115730157303805,6.0513841356712295,122
799,5.073349636017325,5.096383177587336,5.119104407085486,5.104501973618369,5.118686787672008,5.0986682117194055,5.113623419975911,5.11120856675122,6.044440441547596,122
800,5.073482134538731,5.097567688164196,5.119458274990702,5.1044842401496044,5.119652917516079,5.098975638016397,5.113654983856951,5.111209747323594,6.047553394787432,122
801,5.073181554325305,5.0987551992806885,5.1199621680184055,5.1049320411123755,5.120444967821874,5.09927073328537,5.113679158310729,5.1111624626085,6.056997583039588,122
802,5.073047845986524,5.10067290506455,5.1204717447337735,5.1058246977155175,5.120678780379896,5.099449288326057,5.114265762004943,5.110849624770488,6.041979025604158,122
803,5.072938842596588,5.102742921778248,5.120627516577555,5.1068570991228635,5.1207546685621175,5.099848378094229,5.115159946121551,5.110612999752986,6.052294266411715,122
804,5.072510574622168,5.105174127434502,5.120589826672372,5.107914550623833,5.121570678274303,5.100218188976469,5.11645566135016,5.110989320523245,6.047376298440277,122
805,5.072392144032987,5.107807766537116,5.120691338890767,5.108751679464266,5.1223974943845185,5.100070208304057,5.117537236789117,5.110951658431781,6.0490950279905205,122
806,5.072522089137527,5.110412125564332,5.119945249524643,5.109097339435681,5.123072344417205,5.099266557994872,5.1187742870703,5.111037485584799,6.049092659234955,122
807,5.072734596096662,5.112631993427526,5.118901992382895,5.108416869161067,5.123115533248572,5.097711819743301,5.120133710783391,5.110749379486958,6.047593543941022,122
808,5.0725609091296615,5.114856975985191,5.1184340763718055,5.108253417313497,5.123639744520254,5.0965228537634175,5.121497070038094,5.110259603428581,6.041103772881975,122
809,5.0722135116752,5.1174051135682515,5.11832506850559,5.1076698311443,5.123808576874903,5.095167087948113,5.122793280700933,5.1099967473715076,6.043672378358129,122
810,5.0722140774307745,5.1193105890669885,5.117686321078805,5.107216714348132,5.123685639601373,5.094187033834245,5.123655483493433,5.109630138320667,6.047998902074529,122
811,5.072673831818553,5.120870280181168,5.116897050251079,5.106487905188683,5.123625451640131,5.093141426467793,5.12440245408261,5.109059294185739,6.040505782589201,122
812,5.073629410530163,5.122339752312051,5.116263052129948,5.106375000563725,5.123985031790636,5.091526011681177,5.1256970942863616,5.108432023907016,6.045240765711381,122
813,5.07452494232647,5.124468113025613,5.115102237218654,5.1065234547493965,5.124802026969408,5.090196949963819,5.126889499509218,5.106870197674316,6.0528461805110885,122
814,5.075585363011255,5.126280252672813,5.113969030844892,5.106779544171003,5.125708712279183,5.089657383406854,5.128256373409565,5.106036645437799,6.049529494551482,122
815,5.07666935937359,5.127982624791432,5.112780597015046,5.1065443496395515,5.12612825323335,5.089148808095704,5.129677177161966,5.105243903487121,6.038095410658032,122
816,5.077637616864788,5.130006975896581,5.112154136004422,5.106324677903382,5.127155946092955,5.088877075628431,5.131091187106288,5.10425085458891,6.038558881404006,122
817,5.078546742473238,5.131723907209723,5.111849767570814,5.106413907921452,5.128282712326903,5.088189681770647,5.131948772154156,5.1031770627818815,6.045056892124388,122
818,5.079312997934991,5.133566894281209,5.1116756744960785,5.106648402463501,5.12913458873909,5.087895616143409,5.131810661625846,5.102256897903948,6.050596578225642,122
819,5.08013614171192,5.1349865292724,5.1117722792329126,5.10743879781865,5.129476277565953,5.087692890935479,5.131959101465264,5.101218333130486,6.048131480745311,122
820,5.080881622391853,5.135690702478367,5.111582170254149,5.108352704735068,5.130077692885415,5.0873190048274815,5.132447316036874,5.099922450303241,6.056713037517152,122
821,5.081629716300179,5.1365764023078615,5.1116799314856225,5.109479599733234,5.130362524516517,5.087170507689477,5.133381554234356,5.099048784371588,6.053982893538846,122
822,5.08253156439933,5.137272553216562,5.111798811606315,5.111069760140925,5.130574969243089,5.086893159929003,5.134130161209944,5.098168026194488,6.0394226745688115,122
823,5.083457070148499,5.137968092371933,5.1117511597169685,5.112244162117059,5.130596332066951,5.086330665485837,5.134447842041309,5.097618451471739,6.0466064937329795,122
824,5.084827921481866,5.1386158030830895,5.111779600980713,5.113523415928352,5.130536368582383,5.0856175047275265,5.134587239354497,5.097206357715805,6.0524273578823315,122
825,5.086114338964024,5.1390066924772455,5.111470397146679,5.11481667975396,5.130602884450342,5.0854125130207315,5.134654384359518,5.0968173725327865,6.0475902344273464,122
826,5.087338139182835,5.1392652590809025,5.111111583326334,5.11613783704826,5.131202637988238,5.0853906629899175,5.134832347373333,5.096843292954677,6.055967240994127,122
827,5.087902783292389,5.1394600288757815,5.111107881069897,5.117280567093228,5.131287045273374,5.0851872226225785,5.134856969808579,5.096845731056718,6.051326424758017,122
828,5.088657853946087,5.139949448957525,5.111483004550006,5.118489530183494,5.131079070415859,5.084824819415466,5.134803130359985,5.0969705594420045,6.045703199701351,122
829,5.0889105850968495,5.141119696228566,5.111602884768933,5.119769788553804,5.130792654198684,5.084864321259534,5.135086345304022,5.096752191277703,6.054638572354922,122
830,5.089404492694474,5.1420185380478145,5.111194449721532,5.120410102977306,5.130700631802795,5.0843591966762105,5.135526891536749,5.095962198253774,6.048877448048601,122
831,5.089653064823586,5.142708250116351,5.110969371189521,5.121298747090567,5.1306939358886945,5.083854580200541,5.1361793753481635,5.095902694379458,6.050036852780566,122
832,5.089708801478862,5.143558745772797,5.110683731725135,5.121711868729038,5.130863978373622,5.082994403597939,5.136927067612209,5.096091543045192,6.046126534963419,122
833,5.089947778047879,5.144381380355574,5.1108556364919515,5.122667371733067,5.130633874359267,5.082326958762816,5.137637595471787,5.095766589539819,6.037763961375314,122
834,5.089889135184906,5.144539883529282,5.1111003571078255,5.123026207847222,5.130338565870143,5.082305158307523,5.138725192909644,5.095450485794175,6.044842079740732,122
835,5.090466155159211,5.144728047333075,5.111546543004156,5.123787905961812,5.130163120017085,5.082035717149733,5.13946522063362,5.095014573039047,6.054932344800915,122
836,5.09114474514892,5.144996239128577,5.112196690233625,5.124558494859095,5.1298654671191475,5.0820089266821284,5.140033032634561,5.0944862711049,6.048923856802879,122
837,5.091887262117005,5.145036166901088,5.112370241586301,5.125712587537413,5.129187682166043,5.082021001261128,5.14054159941729,5.094230107771306,6.042414261548374,122
838,5.092472088467928,5.144862740952544,5.112014296681112,5.126678897240597,5.128827678663571,5.08213708479717,5.140883203394331,5.0944717589957715,6.051101217609286,122
839,5.092997610173848,5.144168226445503,5.112134005929323,5.127350750245851,5.1281889440505015,5.0822819986120775,5.140874457385599,5.094663502404334,6.0490268115043975,122
840,5.093888890681839,5.143024022569486,5.111937708559495,5.128287638115014,5.127240499882654,5.082699141952328,5.1397731410419425,5.094451107926789,6.05089754625919,122
841,5.094785634347453,5.141483411998115,5.111668635947574,5.128874319002094,5.126256216964792,5.083492987683611,5.138591498069245,5.09436201724097,6.044381901895184,122
842,5.095515296877368,5.139771151353108,5.111899974083017,5.129598203483851,5.125515403104542,5.084514519778956,5.137377129574543,5.09401093811902,6.04520537156377,122
843,5.096231115225336,5.138125210237657,5.112827485886326,5.13073367645146,5.1250687357961064,5.085800259968723,5.13624878176577,5.094112352738271,6.050045475723147,122
844,5.0973810890841955,5.135936452861829,5.113533192385276,5.1317264336281925,5.124274298162436,5.087273907491484,5.134926706346447,5.094215887343194,6.0376029447411055,122
845,5.0980981840457495,5.133504749121183,5.114005776872795,5.133005199251458,5.123918158486106,5.088647707203,5.132855529304585,5.094247402638667,6.036871269694261,122
846,5.0984885694294135,5.1312113128288335,5.114992461074575,5.133891089476034,5.123511817712387,5.089267514596228,5.13110301054141,5.094053111454564,6.059742133861123,122
847,5.098269881698828,5.129763618833256,5.115530855339825,5.135091816353869,5.123310664806855,5.09032463455178,5.129589864450242,5.093775264288949,6.057365246447664,122
848,5.097767885256413,5.128274210170497,5.11594812336568,5.135889459590178,5.1230746323762215,5.091449292140533,5.127658325363345,5.093483324626019,6.049530024626925,122
849,5.097379635746405,5.12651539237182,5.116270596274756,5.136416017972026,5.122629148716121,5.09251968221226,5.12548912855744,5.093792572731381,6.044544929555096,122
850,5.096571215883461,5.12526363319773,5.116939538466917,5.136731586061465,5.122326591103377,5.093305611580437,5.123319565878542,5.09409184256678,6.0419437883390845,122
851,5.095871370061769,5.123966245366676,5.117503818822588,5.137372865568491,5.122331113964991,5.094157554271209,5.1209588424243115,5.094270587305212,6.046816530045135,122
852,5.095210484045136,5.122125523865897,5.1171704072663164,5.1377926940345695,5.1219286949094265,5.095001409480238,5.118406853771095,5.094465017938054,6.051829824526755,122
853,5.09442884545254,5.120080762777022,5.116746080517576,5.138048172009428,5.121941675524688,5.095723426231897,5.116305041776064,5.0947225148708455,6.048560746490984,122
854,5.093369198293047,5.117904848799853,5.116157313227841,5.138460637178865,5.122050979582982,5.095848644578384,5.115224575171126,5.094948216060298,6.044888469953046,122
855,5.092293878438639,5.115288089662736,5.115198914189015,5.137961405162077,5.121769989713225,5.095416763148471,5.114082327316728,5.095460565273827,6.044987752224393,122
856,5.091419280793357,5.113143011486118,5.114614683256253,5.13694435488575,5.121459215794868,5.095152931449521,5.112447035358272,5.096220689308224,6.043337618157844,122
857,5.090402921721809,5.110653671777092,5.113321498796207,5.136063633776255,5.121097877335968,5.095135836075025,5.110813407037061,5.096819273395325,6.052108574295886,122
858,5.089424831259905,5.10834989247699,5.111768150429429,5.134391974854029,5.12080829051969,5.0947168752971,5.109169188015125,5.097455301405785,6.041130958142356,122
859,5.088463878962468,5.105953580506844,5.110315031439184,5.132805119409026,5.120592559929288,5.094476599209498,5.107834059515648,5.097416744367092,6.055494815596304,122
860,5.0870432093774465,5.103152101059548,5.109078675909152,5.131334961813546,5.120970271429408,5.094644908460415,5.106516040622225,5.097317473904715,6.049797222185083,122
861,5.086015087199332,5.1002469713067615,5.107710169357493,5.1296900592592785,5.121355573621264,5.09479725867332,5.105107437787655,5.096738292059354,6.050309075548939,122
862,5.085471721633389,5.0973019853950525,5.106344280331617,5.127753064919675,5.121708763118755,5.095225164112011,5.103609240848835,5.095883637068196,6.039698728928854,122
863,5.084991770802942,5.094201703324269,5.105423439797123,5.125549020585305,5.122095579159076,5.096154626391695,5.102235229186779,5.094933996920215,6.044655115624924,122
864,5.084766200472572,5.091185588314704,5.104481760837887,5.122991051023221,5.122390551151758,5.09750216751835,5.100675876741956,5.094524760023074,6.046106059210072,122
865,5.084692211207056,5.0879123580754815,5.103576918948191,5.120196854383695,5.122975221821057,5.098581925987606,5.098877619777445,5.0938073290173405,6.045616273549382,122
866,5.08448098860067,5.0850124433230866,5.102853104611707,5.117644091378387,5.122830463282931,5.100462399688537,5.096844252430532,5.093156960513015,6.0505714410934885,122
867,5.084110970015315,5.082170991238805,5.101948373909057,5.114716641816082,5.122688484651279,5.102472366582818,5.094385537246143,5.092469719720356,6.047284899703947,122
868,5.083686383339344,5.0790812252763935,5.101304516604554,5.112142510512042,5.122344143841873,5.105019228540247,5.092155155996922,5.091372912398568,6.051416339583147,122
869,5.083562466871625,5.075928191165595,5.100998452832717,5.109479581472342,5.121545011210651,5.107240772704945,5.089522697313524,5.09110626480283,6.0502333792955785,122
870,5.083902785645041,5.0728200141794755,5.10081072768806,5.106997888772803,5.120684753379215,5.109071391288642,5.086742453186375,5.090803093268369,6.046229831049561,122
871,5.083997847326733,5.069913830954963,5.100281306080635,5.105083430551032,5.119911950475451,5.110710865267729,5.084076401907265,5.090271436339744,6.0391121715210225,122
872,5.084020509480073,5.067081387010903,5.099626164431326,5.103396854678987,5.118796620923448,5.112563000347924,5.081393929394645,5.090180642904258,6.04325213446597,122
873,5.084099169320513,5.064293465068934,5.099432528444812,5.101124579871757,5.118181396860269,5.114050043502127,5.078504397478347,5.090005150175694,6.043077076251704,122
874,5.084599615039398,5.061353054129867,5.099709967014423,5.098656955068296,5.117448894942667,5.1154887636203945,5.075578998098244,5.089633119617529,6.047464969316232,122
875,5.084347771803682,5.058755330054209,5.09966103862208,5.0960792145773155,5.116700830404117,5.116530047744424,5.073019957937182,5.0894313347565125,6.046018341543992,122
876,5.084374829424292,5.056521980566857,5.099978814359974,5.093797401218395,5.115668588534017,5.117040661258066,5.07121410455032,5.089027566921342,6.042045932261502,122
877,5.084883793799712,5.05505223629569,5.100269072021794,5.091679230388734,5.114706161517013,5.117683942251839,5.069544300167982,5.088685303914191,6.038919057184559,122
878,5.085227823631612,5.053946231801066,5.100078214355615,5.089392882899839,5.113974417026837,5.118427486096751,5.067717232491846,5.088683805880167,6.043720721252706,122
879,5.085585180802586,5.05261758759131,5.099560749816595,5.087254081168112,5.1130572296507175,5.119439196075028,5.066316300316316,5.088746233731072,6.047881388239299,122
880,5.085908206217049,5.051698051419773,5.098842604189107,5.085094746932381,5.112004205947515,5.11988117008418,5.065255632768713,5.0891143443771805,6.046634849894099,122
881,5.086429811367816,5.05076012428138,5.098530324128573,5.082780398307992,5.110770654354033,5.1208065231941164,5.064507543046984,5.089604915870707,6.045181390063619,122
882,5.0870961422571845,5.049877981347386,5.098331229125094,5.080763884516919,5.109479766680713,5.122412669856524,5.064334160335108,5.090077081150163,6.051483206750459,122
883,5.0880686010747675,5.048099837660449,5.098364949376187,5.078929940858753,5.108141726484968,5.123949150474608,5.063906537694534,5.090739486632078,6.0404206225081865,122
884,5.088631492514974,5.04593880060687,5.097970774929525,5.07666393384757,5.1064292724488,5.125659001563946,5.063274669898062,5.0911385577660715,6.04326151090049,122
885,5.088977583277549,5.043596069655663,5.097830486081019,5.074779049210523,5.104253194859657,5.127467184574647,5.063268090447043,5.09135459741098,6.050060078045349,122
886,5.08981332248049,5.041128894719334,5.097477070525798,5.073455451900996,5.101836442113675,5.128942460510709,5.06350848825026,5.0915806910342045,6.053594504440053,122
887,5.09052090532882,5.039150221730991,5.097519452283382,5.072364899518271,5.099481186996501,5.130491112621496,5.063823368602688,5.09191812332502,6.041081948450598,122
888,5.090798028124824,5.03763947721299,5.097691136902202,5.071716342843095,5.09731395962304,5.131644921673447,5.064374174802907,5.09254803840543,6.053855727105568,122
889,5.091250235016566,5.036305226405888,5.097912866907651,5.0716330796588025,5.094650621160074,5.132580849259905,5.065273486622264,5.093038574590217,6.04542123943782,122
890,5.091915751119426,5.0346413974684205,5.097865862262009,5.07136221059266,5.091970386557517,5.133774442657421,5.06610425717595,5.09316141192072,6.047928355668391,122
891,5.092702237112964,5.0333944252885745,5.097900865040137,5.071535657130121,5.090315676644054,5.13545222685164,5.066640186753549,5.093039526977487,6.0355932169864746,122
892,5.09351950933928,5.031592516843833,5.0978312392486895,5.072232681301184,5.088547788910397,5.136956761580599,5.06732692714573,5.0926800205899525,6.055222755704827,122
893,5.0942024313446295,5.03045874505134,5.098210175825468,5.072795994815536,5.08676466224299,5.138363335600816,5.067847412673323,5.0924572871732625,6.044130560880472,122
894,5.094422446497074,5.0290522481448505,5.098352512983001,5.073702697856356,5.085297996778631,5.140130521627297,5.068476677834662,5.092093015282714,6.048276428016256,122
895,5.094837200344099,5.027759655282365,5.097936402119203,5.074761545043161,5.083701955714584,5.1417353272393,5.069275408381042,5.092138974173526,6.047724501531355,122
896,5.095421401229504,5.026513030605704,5.09732543744996,5.075598990095899,5.082198506146293,5.1428630495915595,5.070029735640162,5.092392252284599,6.051978287816989,122
897,5.095654580643466,5.0256330264212075,5.096618324871132,5.0762081744528516,5.08074541971905,5.143423778130048,5.071183438702971,5.092630029987532,6.04868799042676,122
898,5.095727174913551,5.024918059688359,5.095749905142637,5.076933122611042,5.079197342112008,5.14387117000609,5.072256156525579,5.092858505620187,6.054182282632835,122
899,5.096774367132689,5.024488730501828,5.09442264112821,5.0776991107959555,5.07804166133284,5.143949585797782,5.072898940839154,5.093248625411301,6.0489802390834315,122
900,5.097370754636199,5.024516786806557,5.092891060333755,5.078565235343277,5.076644871547787,5.143919172393011,5.074092119351383,5.093543216963936,6.043810690776292,122
901,5.097992638983367,5.0246571699001,5.0917072363244635,5.079461946245864,5.07483004703857,5.144354758738325,5.075217527674825,5.094247583260601,6.045036863289085,122
902,5.09855740987267,5.024629349808224,5.091041359356282,5.080423572229248,5.073445176426613,5.143779672230618,5.076443927641808,5.0951310348092544,6.04362143508067,122
903,5.0994958317764025,5.025128751639736,5.09102936016764,5.081463457468965,5.071444409009274,5.143213884054637,5.077659978687503,5.0958793126126505,6.045099050006459,122
904,5.100972758554568,5.0259494002838565,5.09092066924668,5.082646884837993,5.069505104370856,5.14265917703103,5.078419467198978,5.096623567801835,6.0444198765917125,122
905,5.101775407435245,5.026810605502398,5.090821242798,5.083400322157852,5.068381807588157,5.1426192669725275,5.080015442654746,5.097266066528359,6.041932041472391,122
906,5.102126592260225,5.0279136324975635,5.09063110590121,5.084150573465053,5.067236174883828,5.1424474138404275,5.081493896321878,5.097704759061106,6.055321366575336,122
907,5.102595394879789,5.028797041252352,5.090851590818339,5.084310976819484,5.066213989917635,5.142594595665278,5.082712800553145,5.098803342325153,6.050089112211855,122
908,5.103070588114804,5.030024028464934,5.090657726123944,5.084259881879396,5.0659855798890945,5.14250257915483,5.084012552096001,5.100077851622368,6.052076377001205,122
909,5.103487516200609,5.031272591268303,5.0905293854859845,5.084452677781025,5.065468559179082,5.14269341544301,5.084910871276388,5.101229897513205,6.04426225566687,122
910,5.1034507085472836,5.0329987210255815,5.089924248741141,5.0851211264577785,5.064866401303185,5.142688460356183,5.085888736164306,5.102457360601068,6.047792614011642,122
911,5.104109359428198,5.035226203017439,5.08918714713754,5.085856784960223,5.064186584504742,5.142932713650351,5.086804813009351,5.103733538613014,6.050653311109153,122
912,5.104008464508119,5.037342575640958,5.087934154490879,5.086437497570319,5.063646210325328,5.143538786053041,5.087588375909691,5.105368053438658,6.04999205070178,122
913,5.103286551126938,5.038877341503759,5.086691726844665,5.087020383461212,5.063285898930786,5.144317670143472,5.088813041008539,5.107190679580597,6.0458740604732455,122
914,5.10281673334965,5.039739462346519,5.085186934223792,5.087736336248137,5.062720444117243,5.14452963408057,5.0901061659048805,5.109244464149721,6.048333715826476,122
915,5.1025143825069605,5.0405229266932485,5.083780732649691,5.088552070225487,5.062174499512588,5.144519810108526,5.0911163274155395,5.1108964685446,6.053610904522249,122
916,5.102149349897184,5.041632024504935,5.082254147766381,5.089284930455634,5.062209223962098,5.144603304078338,5.092034505678236,5.112188155137084,6.05210863424843,122
917,5.102020685808409,5.042356431777423,5.080499426048066,5.090191984342654,5.062541832788432,5.144885804905519,5.093257423947136,5.113335222496969,6.0440002001014985,122
918,5.101938211142383,5.043263368925042,5.078993205199325,5.09104100261192,5.062983415897129,5.145072466173436,5.094022753045904,5.114653424986809,6.044979291808747,122
919,5.1019177001990705,5.044449137466673,5.077608110985657,5.0912623505470345,5.063054912161682,5.144906717591926,5.094814810782527,5.115426524054003,6.05267140536658,122
920,5.101936272874968,5.045991283541754,5.076327007166736,5.092125535944672,5.063606426640892,5.144249882820576,5.095545154208558,5.116161966853083,6.045872855326053,122
921,5.1015049188171915,5.048156133311847,5.0751109404676935,5.092688078639751,5.06445327011202,5.143766058283054,5.09611075040182,5.117203733967451,6.049768944997004,122
922,5.100630434331123,5.050091339779891,5.074204343416861,5.092919707792124,5.06502828162685,5.143575415198429,5.096742544082973,5.117915031992645,6.046449820786636,122
923,5.099664944322464,5.0517140204731446,5.073210354830017,5.093065848880174,5.065595239781249,5.143268846378091,5.0975319851003915,5.118149522690728,6.042002382158468,122
924,5.099615268134451,5.0528445822099215,5.072299945063705,5.09357326523004,5.066179455202425,5.143258498422314,5.0979232292708865,5.118102055608138,6.048219281233316,122
925,5.099690752514842,5.053909117548507,5.071609612774045,5.094207356599357,5.067341400791587,5.143145696116059,5.098086182317035,5.117766030170447,6.039185014741453,122
926,5.0995210943314415,5.055182553980791,5.071087448641375,5.094872323576006,5.068098246288789,5.143389340245815,5.097803518458823,5.117611655749828,6.048500606578792,122
927,5.099072073103931,5.056427585360376,5.07068907585513,5.095293489588781,5.068138670390325,5.1434676255990475,5.097853101458263,5.117526337730537,6.0415352643522215,122
928,5.098160403715535,5.058197101964174,5.070229672211385,5.095577217335996,5.068150607425085,5.143833696342037,5.097895944328922,5.117882598772777,6.04900184290917,122
929,5.097861669968443,5.059345425935188,5.069573952396931,5.095665836364846,5.068106200449673,5.143707596326806,5.097758121020334,5.118166919813062,6.047293387285843,122
930,5.09798704690307,5.060811167464143,5.069716428576649,5.09571728065216,5.067861418388077,5.143036121184963,5.097490820293733,5.118258951802513,6.044757088827478,122
931,5.098017903293796,5.062239927305372,5.070633205889665,5.095367278621179,5.068255422428427,5.142513183154366,5.097231930159586,5.1184119121964216,6.044095650494902,122
932,5.098268365069593,5.064012466150391,5.071953693426601,5.095081278393812,5.0686879383212755,5.14226748530532,5.096973863402747,5.118353111479543,6.049080231419654,122
933,5.098933231679187,5.065938189933167,5.073611667939636,5.095162321245261,5.068755621771331,5.142454617536342,5.095958478564927,5.1189354233394315,6.040425317907678,122
934,5.099283031792741,5.06829924593861,5.075471371364815,5.095627335193598,5.0687349455010136,5.142640722562152,5.094692769183037,5.1197124789255035,6.0524627956682115,122
935,5.099015038230688,5.070541224604016,5.076878434691551,5.096338822910905,5.068615783830479,5.142976266618938,5.093552761567663,5.120206183693625,6.042357963960306,122
936,5.099219299094611,5.072136743012184,5.078204388183998,5.096465249628054,5.068219941832011,5.142802142341234,5.092198626562167,5.120432596384855,6.048988809927201,122
937,5.099031857036843,5.073195524752569,5.078855838162564,5.096624725824281,5.0673871439969,5.142184627659563,5.090271476530377,5.120776500137538,6.04921520135156,122
938,5.099251205227432,5.074167087522946,5.079633985137855,5.096869130970377,5.066660544418122,5.14220608587342,5.088469111796018,5.120625879047864,6.046137202712748,122
939,5.098991042752541,5.075148766649009,5.079528040756908,5.096862385945114,5.066568725343167,5.142093591444077,5.086740395167913,5.120435477367394,6.054701709517024,122
940,5.098369667915212,5.076074504649657,5.079742337631668,5.096889375798153,5.066713881785603,5.141579531157161,5.085726755754589,5.120558170460269,6.04475725811508,122
941,5.098171022641868,5.07696039857534,5.079192894714463,5.097701206343944,5.066503158370367,5.141017587512568,5.084468220697137,5.120137456062151,6.042214075450859,122
942,5.0975924663701395,5.077594373354236,5.078504492107214,5.098734647979356,5.066639846491611,5.139981579646344,5.083150136540451,5.1196731807654725,6.045077493636589,122
943,5.097060437014758,5.078348354704717,5.077906319093669,5.099326109044938,5.066465739432716,5.13896086998456,5.0821107783149735,5.119066361720996,6.048909731648647,122
944,5.096596548077111,5.079041005255018,5.077463719379616,5.100280128972953,5.066152352128328,5.138039797708396,5.081187199345177,5.118378435242992,6.040804330945354,122
945,5.09626368113117,5.080267162215767,5.076637250937635,5.100940486014777,5.065812742697139,5.136985508529529,5.080844322881691,5.11722443813354,6.046358821541828,122
946,5.096413185043053,5.0810775745095,5.075967922179236,5.101357671707205,5.065243040986389,5.135916283713801,5.080577587082333,5.115790906193991,6.050294516799727,122
947,5.096190300362622,5.081624540282698,5.075447506694319,5.101723918117505,5.065217582433769,5.134653581674716,5.080336952571463,5.114444335054168,6.048980080025909,122
948,5.096206340693499,5.082082998742674,5.075814289504468,5.10216041863528,5.0651581337751495,5.133740831305127,5.080049311673573,5.113007389058053,6.048078651294813,122
949,5.096318662194603,5.082583795166775,5.076285536647795,5.10304655836474,5.064568054946075,5.133042989880576,5.079491093912044,5.1113692817744045,6.05551044014825,122
950,5.096600734827392,5.083159523480877,5.0775379817017985,5.104189901563314,5.063586521517795,5.132871600392147,5.07905010678781,5.10939523296843,6.044522008821516,122
951,5.096831965522993,5.084249682107633,5.078586467650977,5.105155529778029,5.062251196827754,5.132663618909522,5.078548052181905,5.107647073926278,6.051293137879256,122
952,5.096391260958502,5.085188616703289,5.079556306113239,5.1062015205192,5.060519398836388,5.132667618255931,5.078321363022295,5.106054772646247,6.045108186538645,122
953,5.09551298303319,5.086446308112148,5.080650685873062,5.1073209252619245,5.058827337988378,5.132530163947457,5.078217341369747,5.104569837997851,6.040822815505224,122
954,5.094732958657858,5.087914013692325,5.081225978677726,5.108597948613488,5.057303796817612,5.1321657979433315,5.078386289330061,5.102733040024212,6.051138404181296,122
955,5.093782609195699,5.089628781410897,5.081731440333715,5.110309009220979,5.055891355290241,5.13164332418393,5.078676813966043,5.100701897860743,6.044128065899843,122
956,5.093745326829845,5.091295709535811,5.08215761944455,5.111663539324301,5.054941368054345,5.131068722094943,5.079261029702367,5.098636730236739,6.048495137337675,122
957,5.093922692169182,5.09233474785455,5.082342020389968,5.113413147498044,5.054250545565643,5.13012726237827,5.0796319663057545,5.0965160260243305,6.046698040145149,122
958,5.094146236192719,5.0934166536604,5.082288383208757,5.114917170893423,5.05359077804243,5.129226260553577,5.080101912855007,5.094364443441956,6.050127201031201,122
959,5.094340070949633,5.094273952348681,5.0825546487946145,5.116456159870356,5.0531141893958065,5.128337469281316,5.08069092022465,5.0926820137813955,6.051075878524918,122
960,5.094131747690103,5.0954954216660475,5.082677548993711,5.118006811136942,5.05240084841761,5.12783532152018,5.081535459319719,5.091278312133953,6.040057491245026,122
961,5.093865942246415,5.096679502839255,5.082605612267681,5.119036402733665,5.051381380943125,5.127571954407805,5.082370972547514,5.090063075806558,6.047058033691417,122
962,5.0941206941999635,5.097512931065915,5.082670448354333,5.119959934352897,5.0510647858034075,5.127056535370806,5.083288038904051,5.089185582897548,6.050767155882041,122
963,5.094459420064294,5.098196690717753,5.083143275512668,5.120753584066275,5.050653240413885,5.126545242050942,5.084041457930466,5.088230417012177,6.046377078340023,122
964,5.09519185918218,5.099118281559784,5.083216056145636,5.12165441458986,5.050292758140066,5.125642633929303,5.084426601415807,5.087156788212134,6.049228744939665,122
965,5.09583150459129,5.10029209772851,5.083319405559122,5.122719872892652,5.050013970361192,5.124809990648437,5.084472102079802,5.0857639131045485,6.048485788730222,122
966,5.096438772048016,5.101169175773949,5.082624810016794,5.123923241633632,5.050099124184482,5.124747984262969,5.084099690624223,5.084644146033966,6.05011802375923,122
967,5.097218132241277,5.1023489155690225,5.081617572644965,5.125118345131279,5.050356931125588,5.124632542572115,5.083322616630523,5.083425030105227,6.053470711835145,122
968,5.097740816929123,5.103448196608838,5.080286623995911,5.1257532414718865,5.05096994246397,5.124448153994603,5.082336590685222,5.081942214950527,6.044503837459146,122
969,5.0981141601203355,5.105031627188793,5.078870989343847,5.126612659128474,5.051668192107361,5.124289164210464,5.082004619227789,5.080400871196514,6.040428259979575,122
970,5.099084289409897,5.106626739810426,5.077181594260231,5.127468753072209,5.052659935987249,5.124213835572208,5.081643493231743,5.079346818341447,6.040597597795352,122
971,5.099924508044233,5.108195955866301,5.075844853019238,5.12798144614694,5.053935370509664,5.123900829409099,5.081430168696707,5.078505611555573,6.04842102185725,122
972,5.100834880410304,5.110203535846729,5.07491951838154,5.128877137461595,5.0560475447665185,5.124228494093469,5.081080263052298,5.077737951499506,6.0464522451726115,122
973,5.101563314433637,5.112113927413622,5.074248153189941,5.129839339037449,5.058621825832344,5.124884852098269,5.081129667842019,5.076808901795388,6.040958978350123,122
974,5.10179927494883,5.11414453658694,5.073500021781834,5.1306572311357765,5.060817160946497,5.125030545358953,5.081230866701715,5.076694124519211,6.047683515648549,122
975,5.102670552584224,5.115659700172155,5.072701893406322,5.131973822895067,5.063314010437068,5.125241747973611,5.081603207459455,5.076722954040845,6.042854880853329,122
976,5.103154635700527,5.116968001992385,5.071739767177828,5.132897024761341,5.065523264811098,5.125558506371646,5.081532311990054,5.076560143710788,6.050047162088049,122
977,5.10392475459985,5.118534937528233,5.070726193914952,5.133845830676087,5.0677551099055425,5.125819499406406,5.081522039764365,5.076911322463287,6.0461192586531745,122
978,5.104889249226608,5.119885740967536,5.069695589398538,5.134471375196892,5.0700934729833005,5.1262225800699905,5.081533546715907,5.077368246571929,6.052660270552365,122
979,5.105484285226945,5.121312318955416,5.068558243468932,5.135181197570491,5.073016449732911,5.1262894585521135,5.081396013609109,5.078079340361194,6.051140881419342,122
980,5.106112837232466,5.122579033985299,5.06753490832797,5.13579180632667,5.07601337483622,5.126165105585924,5.081417789854431,5.078086280054364,6.056168592924345,122
981,5.1067734612290945,5.1228542751533865,5.066859671084169,5.136701411536173,5.079275629610868,5.125813336386976,5.081551255938685,5.078512452918581,6.050625016954726,122
982,5.107127914222515,5.123373378141077,5.066438709296683,5.137499824009443,5.082676997925725,5.124796708038509,5.08184041630317,5.079475110195215,6.0452434101180765,122
983,4.965798322189684,4.981356702341829,4.925748862280385,4.9957070257102325,4.942576597027356,4.982638035238424,4.9408635473874325,4.938374384325757,6.040802827740315,122
984,4.824559102020601,4.839320113596444,4.784786895326366,4.8537672052554575,4.8024474304210045,4.840252369954824,4.800132581069144,4.797188883035194,6.0399405407782485,122
985,4.683202995069716,4.697632748536095,4.643734301395067,4.711483528797475,4.662686156569958,4.697429576250324,4.6594336624061,4.656042861822581,6.045022736343984,122
986,4.5416385230460605,4.556158323325292,4.502470100921895,4.568996756502248,4.522998023287526,4.554605608289306,4.518542110480902,4.514848161984938,6.051044697107351,122
987,4.3999045200446645,4.41443922603413,4.361310762789341,4.426605162920357,4.383651611930812,4.411963855078546,4.377564228844738,4.37369282486009,6.061919955766431,122
988,4.258785903746778,4.272560355106154,4.220187456149097,4.284103994985554,4.244301236808471,4.2694211189105795,4.236301959590472,4.232511560753441,6.043348238562944,122
989,4.11787616938144,4.130679748719464,4.078942400668723,4.141585255659544,4.104665990180443,4.126684568753954,4.094925936552575,4.091093006707102,6.045820088236648,122
990,3.976756960810639,3.988344298799272,3.9377710645128063,3.9990548858264026,3.9649225616711936,3.984086012760403,3.95339468023041,3.9499453600925922,6.053149438513348,122
991,3.835627940237651,3.845820634590167,3.7966089153582048,3.856424232069477,3.8252863809425763,3.8417681379619246,3.8117292846760824,3.8092161350844114,6.03609908772179,122
992,3.6938580264921757,3.7033589808514114,3.6556404979643187,3.713955222954162,3.684978131915206,3.699661675599872,3.670167293784272,3.668749723160646,6.045809670089141,122
993,3.552085213728727,3.561039990714333,3.5149336627135828,3.5712336583471282,3.544393173326202,3.557754160807301,3.528728010550383,3.5282416143228144,6.048282666121127,122
994,3.41031421358464,3.4187007061756867,3.37414952203452,3.428700953202382,3.4040053594876665,3.4157770118802473,3.387096421275677,3.3878101182292024,6.048322446547183,122
995,3.268850066684207,3.2766597433723104,3.2329310763560395,3.28599539793796,3.2635394438765264,3.2739274864778087,3.2452263981845832,3.2473671236828263,6.051906852411347,122
996,3.127294703086983,3.134613605989003,3.091922971299368,3.1428202052298793,3.123300031843079,3.131552784529636,3.103209555841586,3.1068428011163554,6.049876172607107,122
997,2.985854259395308,2.992535466577487,2.950987068008846,2.99962195209878,2.982870338129418,2.98925923138578,2.961007194435113,2.96644179135425,6.055119740826767,122
998,2.8441707277712522,2.8508799162018015,2.809936812735533,2.8565117528885517,2.8421268296026976,2.847068939928733,2.8188450073105873,2.8258271372428077,6.052759113436933,122
999,2.7025978853069184,2.709355465847892,2.668583700558935,2.7133792825172756,2.7016747326882085,2.7047903030669764,2.676624976874468,2.6851998916905147,6.042095493238499,122
