feature,importance
E,0.5036526794702695
X,0.4963473205297306
I,0.0
