label,r2
E,-0.06115091363784608
EIX,-0.06115091363784608
