slice,eps,n,k,p,ci_lo,ci_hi
E > 0.001,0.001,10000,2516,0.2516,0.24319140930771682,0.2601993680912375
E ≤ 0.001,0.001,0,0,0.0,0.0,0.0
