slice,eps,n,k,p,ci_lo,ci_hi
E > 0.001,0.001,10000,2476,0.2476,0.23923827786569116,0.25615557163308533
E ≤ 0.001,0.001,0,0,0.0,0.0,0.0
