time_step,region_1_entropy,region_2_entropy,region_3_entropy,region_4_entropy,region_5_entropy,region_6_entropy,region_7_entropy,region_8_entropy,global_entropy,lock_epoch
0,2.5179228329657275,2.616432186537507,2.5125074193575103,2.5975017013467894,2.5753582224795917,2.5430319095603773,2.5340158440525427,2.52389431361042,5.597171321535316,-1
1,3.1455810280499996,3.2755229099186547,3.1444143953115042,3.2519651186449665,3.2180645292851766,3.18349270947547,3.1533849963570217,3.1524265480234233,5.6038260940873,-1
2,3.76686409728146,3.9285002249692123,3.7777217454054632,3.906570744970807,3.85542289583727,3.8220557798102,3.7693362161864465,3.778266720975007,5.600518028582411,-1
3,4.396579616984823,4.580710182019919,4.414814664149895,4.559803107290632,4.486270421816078,4.4567349384689585,4.390054754531869,4.405568546783827,5.605408738512234,-1
4,5.018784865835896,5.230979393181309,5.051014116645772,5.21880063597516,5.1125370878445,5.097184816699304,5.008361410192601,5.037971030080945,5.60872362713878,-1
5,5.0130878671502765,5.226382281777492,5.062830864679303,5.230984208217457,5.082107055796085,5.103547148187841,4.9813300111011,5.031905161891147,5.6069900283921745,-1
6,5.0081197919864335,5.215533909853603,5.074821567010495,5.233951520761435,5.0624883386523525,5.105649119344139,4.952381559479456,5.0342454977916455,5.61869612695477,-1
7,4.998118449478706,5.21277629426458,5.083478808914204,5.233263208440287,5.046872592855232,5.096347200064221,4.934731799741118,5.050712023178529,5.613503777194684,-1
8,4.987967078169732,5.209107853522761,5.085419445326288,5.231110218768596,5.035499485145838,5.085715538925593,4.9206948114050215,5.054202449467999,5.6159046455551875,-1
9,4.975408754769884,5.211398467756485,5.0951779350910344,5.230730291572312,5.021746403871773,5.075433066351295,4.9118854771520395,5.057364942390649,5.622490189181926,-1
10,4.976189923784157,5.2079825635346735,5.104071154566438,5.228466118407643,5.025132115038406,5.054936158867893,4.903918133559446,5.068709680464788,5.625075246309885,-1
11,4.9806642244595185,5.2053718381645275,5.111480714095209,5.236770102643838,5.037550180790331,5.043380647092067,4.895268371813588,5.08388688154618,5.622614900019279,-1
12,4.983259004043375,5.203750901112353,5.112199659092397,5.237940413794877,5.056723230712345,5.02536493565688,4.890416844057645,5.094565198492764,5.640996192829431,-1
13,4.985419755480132,5.207558916815166,5.105513235905007,5.249812831780351,5.079163749582034,5.008682158853252,4.890017318811191,5.109862460935528,5.634965576922134,-1
14,4.989408696006949,5.209534441909147,5.093689048235041,5.254432657754933,5.091663037470083,5.00225582323423,4.906386396113875,5.118644994985391,5.6441273299235215,-1
15,4.996231133835098,5.198779925186123,5.088367767175358,5.254362020065037,5.114814717704974,5.006418422082735,4.921662908289937,5.116429130696382,5.626460467203112,-1
16,4.994389223969258,5.188075355431156,5.0799849045778425,5.250718017894669,5.1437773843547365,5.00708542522324,4.9362026200993245,5.124245867123479,5.642575222548196,-1
17,5.001944541219749,5.177569624732256,5.064982392136333,5.2495420367224215,5.175052103235819,5.01013481797407,4.954721562354153,5.124777697940202,5.637915009996708,-1
18,5.001200829098462,5.186983858991305,5.051210850795646,5.249855066313361,5.191689733515171,5.014760031610879,4.972710160450069,5.129559754748713,5.646524059064504,-1
19,4.987185695587096,5.1958906473079916,5.029434381631777,5.238570657535277,5.201973745533592,5.017130833503123,4.979083278861823,5.124340287776536,5.656801906759616,-1
20,4.982625059854871,5.203094519618752,5.0172074604354115,5.235521071817495,5.202737847626934,5.0240728677084405,4.9876157337965585,5.116558233981345,5.65876326264646,-1
21,4.977339397986318,5.20960426371103,5.007247840719122,5.227604209485772,5.200324879691205,5.043555285857421,5.00548098993317,5.09897351992447,5.654278637003024,-1
22,4.972224143298148,5.217128941982692,5.008923542017786,5.229623209851906,5.192913632880674,5.050635724039543,5.012154723479586,5.084389592924406,5.660747510984551,-1
23,4.966141945326521,5.223082437433517,5.0135535611024125,5.233667561562159,5.17013288757666,5.053364886949506,5.017005119398889,5.069236469067123,5.6573477731396755,-1
24,4.963550813262646,5.221716002235396,5.020753806519036,5.236969423104378,5.143155303479945,5.0495883329662545,5.016729787449004,5.059105578237079,5.661741285314018,-1
25,4.959601119280422,5.214287836512544,5.022264842101459,5.23095866528302,5.117335067097057,5.050168047184875,5.019798042351867,5.047525725080122,5.668765481606169,-1
26,4.958926934991675,5.201783988177169,5.019251621152536,5.225748950901343,5.093482397423131,5.065665781443147,5.0263041998167886,5.0273429324509,5.667007400377762,-1
27,4.956277303332393,5.192596328244176,5.0200825792652966,5.215680188425343,5.0752735848232975,5.0828874753728845,5.0356996676014685,5.012533760043099,5.677348853813602,-1
28,4.95772356617936,5.185599855122827,5.0214286923993985,5.189163385263509,5.060332582856804,5.09130668609732,5.034836407159053,4.994215352080405,5.669845206630308,-1
29,4.965842433532722,5.183479322021396,5.022718912334826,5.155374657676173,5.048089928364215,5.0861823088316385,5.026775644041585,4.986571409226499,5.6837563860947,-1
30,4.980551797988616,5.180038723174614,5.019542393772141,5.122352433471226,5.044215979861588,5.089408261620594,5.014153719645119,4.9752413087582426,5.680810027877408,-1
31,4.991039951996084,5.1858674912290486,4.998078273967809,5.088862858260219,5.056717906006747,5.0951623172201845,5.005621878345564,4.970936441633263,5.6748791990446605,-1
32,5.000785035689471,5.196103100409597,4.976892301089906,5.055804043861816,5.070358120436024,5.109722226819726,5.001440545729036,4.971277422624522,5.687740155099085,-1
33,5.003140473376769,5.19863582581422,4.966646315276104,5.021865792591422,5.094689802800069,5.114808287730253,4.992688845260755,4.9784644054710885,5.676755024719744,-1
34,5.01883005676801,5.195595891643698,4.96344045810739,4.983343252928028,5.1253414863428155,5.103503582517713,4.981000044734973,4.989219536062674,5.674910298426842,-1
35,5.0457754270513435,5.196624361368109,4.962776128428084,4.9531026842198145,5.156452725223229,5.08615370999281,4.970980432699991,5.0069143248964165,5.684220102045375,-1
36,5.061027452957029,5.192340843932137,4.963995757121955,4.931663511639581,5.192282284868432,5.069692930910665,4.968029146546632,5.02631250819609,5.681950005937963,-1
37,5.068286752451443,5.192479152893995,4.975813363230792,4.908623692832375,5.231695930896797,5.058160892932045,4.96565364395282,5.038787017364664,5.692552428139423,-1
38,5.066195983070314,5.192631760905526,4.985720574584242,4.881132504227094,5.26749899043954,5.038601206238736,4.974760209841463,5.0559120389986925,5.695611608681141,-1
39,5.076769437467726,5.1812310985280945,5.017223438348173,4.864099543269884,5.286417057372251,5.015950182032172,4.988119614771989,5.066044347789108,5.696754070989631,-1
40,5.09149473071743,5.1736811983056095,5.040555028415702,4.855226424142088,5.29383919300236,4.994904927875503,4.999665145580126,5.068307361968948,5.692743092296802,-1
41,5.109392038560429,5.169759085558793,5.051759225728791,4.862172754100224,5.286026403669808,4.9810577134467415,5.005939391454099,5.066558211040124,5.6989747858831885,-1
42,5.107907272607388,5.16837414026864,5.058334257021939,4.868259483866074,5.278739414913345,4.974649701343635,5.016932908938915,5.048411741592839,5.699777927232009,-1
43,5.096703539104262,5.162642895383393,5.065637030477401,4.881753236186222,5.270008514319773,4.976875917821142,5.034508224169971,5.02442181904184,5.695699257091468,-1
44,5.09466472703115,5.172443296796791,5.073993310423716,4.889546326134251,5.257457494653559,4.984594081371716,5.054003992584341,5.0058769414321045,5.7065396572277,-1
45,5.091546524550106,5.169675079488926,5.0745258779855265,4.90665667867499,5.245750350716971,4.981099824188659,5.070253755662078,4.990875727977772,5.706699781113447,-1
46,5.100742488768159,5.169540459268068,5.088915840632329,4.934896855294758,5.244910435420845,4.971817690246825,5.074978353753224,4.967018141506633,5.707280281552927,-1
47,5.099272655060195,5.175777833315236,5.091483795187058,4.959623976840936,5.245087568033404,4.97354961315936,5.077441568219303,4.952967204001008,5.700822041768238,-1
48,5.097145408487508,5.182535317699779,5.110217515280936,4.970581300983979,5.248868212377217,4.9735881773003054,5.079278013327459,4.948864804880181,5.709832150415197,-1
49,5.102168831592838,5.193966623316804,5.136465369904236,4.979033606514851,5.256024666119586,4.976681792007887,5.09398553721097,4.95246802087459,5.713024454561381,-1
50,5.114931698037237,5.200688385265045,5.161727619248946,4.992068407074264,5.255976829017994,4.9866681088358495,5.109629044939255,4.969435451923463,5.716067975123566,-1
51,5.128537590247885,5.202099058975101,5.183707856877978,4.996807406596993,5.255031680065519,4.982133328667334,5.126940796597957,4.983170941319836,5.712318459615313,-1
52,5.144058020586041,5.193128791162242,5.192127793766026,5.0157191809681505,5.258882262055897,4.982373636978829,5.13807392445791,4.987531766600331,5.721609741540755,-1
53,5.160776178229804,5.192570223627556,5.200169534910718,5.038755989796833,5.260321947456197,4.988330471801537,5.146717471297312,4.986478766311207,5.7209726956116285,-1
54,5.171665129993476,5.193559124204477,5.195863482611946,5.053471807292545,5.2597408819411005,5.011731751304723,5.161372957585984,4.991611206521169,5.73191757708419,-1
55,5.184728066118738,5.196201355390449,5.196679184710918,5.055740294262267,5.263452586979351,5.02860355189892,5.159545001439844,5.004618794429478,5.723285482014122,-1
56,5.1947741825341165,5.200551887855858,5.189065798100771,5.070656483378587,5.27696023397691,5.048684575550908,5.1600034800929935,5.006980961335292,5.724691820881886,-1
57,5.1966670848840195,5.21575889441466,5.184225608176511,5.075304147023271,5.288179494555095,5.0648285846343395,5.1543341113008845,5.00396538144428,5.737099637714135,-1
58,5.19691258925648,5.236330720743963,5.182738211357963,5.084240191292512,5.296278546434401,5.079172407476389,5.148152233127799,5.0044878386593945,5.730368440877927,-1
59,5.190241447479562,5.261760996778664,5.180392661727426,5.095405759152272,5.305148238526897,5.100885716557196,5.141329163404515,5.014406128447364,5.736158563914474,-1
60,5.180674238366852,5.279196556906541,5.18497596238537,5.111672229415855,5.307275782708877,5.110909795613059,5.137932293555054,5.031859480833601,5.7320831286511735,-1
61,5.171182399160877,5.285451038396567,5.1916565108981985,5.115647557576811,5.310956588771857,5.124563956389345,5.1415280689192775,5.046814000276931,5.740006989665049,-1
62,5.150342110707412,5.280602148154738,5.197726382657766,5.116991894891631,5.30642666405716,5.125189182664772,5.148941696002587,5.063194274830193,5.74298332020779,-1
63,5.137803298151435,5.268982617843454,5.203290340630058,5.131473410360025,5.294887506321901,5.128821727126457,5.164860897887148,5.073580675902502,5.748767965943167,-1
64,5.128081896282297,5.248485632510523,5.209390379121652,5.1412373281486525,5.266539211606364,5.130233687660937,5.189370261746884,5.0858278441936084,5.738132827026371,-1
65,5.121191482338258,5.217433265477941,5.2146449996970965,5.156278519391088,5.239690509998877,5.134989821934957,5.19904404842027,5.098944251791725,5.753330527839231,-1
66,5.104732206429123,5.181818508312526,5.218928939408189,5.164007790555837,5.213978610902254,5.14316185779525,5.206724583968131,5.100431568315495,5.751536680534298,-1
67,5.096514188565783,5.156706352232511,5.215815209356881,5.170808433051008,5.186591746001104,5.15364278312623,5.2137841178455675,5.101919656327989,5.745355967767328,-1
68,5.086152637396412,5.133662521424355,5.216189980087818,5.176318458788733,5.16320496240401,5.176448502343429,5.219249749671546,5.106450337344517,5.749953364975038,-1
69,5.088960064615907,5.118653082617387,5.216187678861451,5.182648615412938,5.138220508941079,5.190162304231759,5.222215817714299,5.115007522493652,5.753366124521548,-1
70,5.098794040557588,5.107611577922317,5.212932886687199,5.196235453316885,5.112480397623664,5.207049576566911,5.221802348518935,5.11071430807946,5.754109944993614,-1
71,5.100926104337059,5.098383337854198,5.203516406470149,5.205663461708758,5.089925523794902,5.220765053921264,5.230151424970958,5.094941868861866,5.757157928581118,-1
72,5.100532348370127,5.098204450081255,5.198299962291256,5.2119221947622005,5.069136826344316,5.227168030066073,5.242559749927589,5.076330271598802,5.762699838884037,-1
73,5.102705406715431,5.094668808356194,5.188039541712291,5.209125521978034,5.043608521434792,5.231891836033463,5.268252934179727,5.055908920748477,5.756479817239956,-1
74,5.118338553566117,5.094609743297305,5.177621709808939,5.206887931002293,5.027240165584653,5.237780419566188,5.27975715815968,5.039822132803132,5.755848409175191,-1
75,5.137395277742115,5.085285027213946,5.1826879458517645,5.20612439588439,5.010952762187363,5.237705126459392,5.289080327200178,5.0164789545399255,5.76125749927111,-1
76,5.159586263459347,5.090323006506663,5.174677367124361,5.194981518247009,4.993974489183698,5.228636846296948,5.304110226131213,4.992382513333813,5.766753093738462,-1
77,5.174285127615496,5.10475960798809,5.164134553183509,5.189747450701278,4.979105284388423,5.2281572905753375,5.3122073477970595,4.976130887412927,5.772859032386077,-1
78,5.186589649151769,5.118316111106457,5.156767022300936,5.18186756651991,4.980381977914848,5.2234490090223025,5.316606192198561,4.971609768521731,5.761926049438196,-1
79,5.197681761878636,5.14100656015595,5.157444185601122,5.1763029727477345,4.980048160366081,5.226366958645697,5.307039803802275,4.97471838118457,5.765989626196183,-1
80,5.217171207106949,5.16361183656749,5.162073555373315,5.178862568340664,4.988127232232461,5.236809551456927,5.278317824423089,4.980068343200648,5.770143480814216,-1
81,5.239171284516072,5.18357966067972,5.162227091157625,5.1880998460290035,4.996271465445355,5.238630448077051,5.241223235945151,4.983251861224217,5.77197206348066,-1
82,5.253080238209716,5.202134381265306,5.155704948879681,5.205248690169679,5.000396962124957,5.232324317742738,5.220956289039853,4.986444112305505,5.77416386817096,-1
83,5.2705150343637115,5.223242281641265,5.141496541233495,5.21518632298481,5.00901136969624,5.2297431867665205,5.203193052556889,4.984364455702397,5.783246882534346,-1
84,5.291084609523047,5.234314181849537,5.144039446450493,5.225343884052641,5.0196802458299965,5.228204038179159,5.168709902477902,4.975162973615609,5.783903663501753,-1
85,5.30923806238978,5.231386365786056,5.148324603406327,5.239699425074764,5.02453391497811,5.226986669412444,5.1381393609234545,4.961782366618802,5.7797023374970316,-1
86,5.335487751606107,5.243098324570227,5.15627095014307,5.258687261635496,5.004275899787695,5.231031862808586,5.11003221615035,4.939647511789008,5.782610544407065,-1
87,5.358383073829976,5.2600633500396805,5.165718608014405,5.276689894156755,4.989897094605473,5.224580427177232,5.086915916663094,4.916812707211303,5.785880618995168,-1
88,5.37457623991541,5.2736761075010214,5.172770256503922,5.2764341449773475,4.972909994158501,5.22139394099589,5.0650895071062685,4.912327261206672,5.783123217757748,-1
89,5.374272807651964,5.297267999971013,5.1757212081663955,5.26828277724441,4.958152601726935,5.2238189704867155,5.057941008695028,4.91232098760214,5.7897950537149185,-1
90,5.366464083569491,5.330459210559969,5.186352678197576,5.257515937151433,4.940438033650489,5.221735172890832,5.052295158501521,4.921916626805141,5.787769981822327,-1
91,5.35010941497381,5.354005726985263,5.199819757437598,5.254528054786975,4.918779672147435,5.225540970211484,5.045324974496398,4.9482203991981795,5.793662940817254,-1
92,5.319283758215461,5.374145077676172,5.2178932199719705,5.249470932251387,4.904929151227265,5.229082525235787,5.043579661545039,4.97757971990146,5.7802698711270954,-1
93,5.283539222690132,5.394321317824414,5.225125952499579,5.238297590144673,4.901110912302426,5.234769015073362,5.04003675293345,4.997994328619936,5.788059737337089,-1
94,5.239574191574505,5.415504816937306,5.2298881932001136,5.227286113242006,4.909645522466727,5.2429655858147655,5.043067611872228,5.02905974468563,5.795420118952356,-1
95,5.194712837274893,5.420146709703961,5.225429001396845,5.21970675124586,4.923332788242912,5.245456285848123,5.039506009412504,5.054344465790058,5.798067701495465,-1
96,5.155282989882862,5.429061586202757,5.216086412311261,5.219941248504107,4.941248991370143,5.2340408850870395,5.05041223637498,5.064284505194159,5.794164330940517,-1
97,5.13200407066221,5.430544388808036,5.218568901330786,5.2146209874138405,4.963738147123475,5.218799415336281,5.059732803121166,5.076618348506806,5.794596849111733,-1
98,5.124824192373134,5.4254443624143525,5.219823092639174,5.205255522430776,4.995626977007821,5.211461657013992,5.053616262706689,5.080549708065274,5.800151787699833,-1
99,5.113830466015333,5.4230279957711325,5.2206674140122615,5.192453584758224,5.02609346032717,5.1985211912143825,5.0479031994264245,5.069491305848011,5.804987797907527,-1
100,5.117983849489397,5.4164683905598565,5.207900861816227,5.176385165869457,5.045731029026494,5.186029548237924,5.047822533963803,5.066628074478091,5.806028912202628,-1
101,5.122447534146595,5.415455154566721,5.214539924048645,5.16254346242354,5.056134576605611,5.173677775409163,5.040282193729348,5.073796646328153,5.806401778853765,-1
102,5.128578259579112,5.413310173677633,5.214418287519905,5.144766562846755,5.068975514673965,5.152489285616371,5.03141751001776,5.083160214938303,5.817327027237445,-1
103,5.133692342481179,5.415250366965295,5.216715090848159,5.123294740220078,5.0718773806375825,5.146349670966553,5.036196829400724,5.10005686440259,5.804853195348709,-1
104,5.132266847966606,5.412391478861462,5.218754605637906,5.103446914134456,5.065909941476939,5.14429619414847,5.034035963891745,5.113953406315798,5.818993480405775,-1
105,5.125250222347682,5.406294659196611,5.21922410574695,5.093899980775919,5.057198236200541,5.143400783931381,5.027449377367721,5.116608039552131,5.810545617573196,-1
106,5.1122316089114985,5.397602004290977,5.218874769164849,5.084566429224872,5.029941393440583,5.139819791795518,5.041609968795863,5.119088467786648,5.8164434134485115,-1
107,5.102900743192514,5.384844013494381,5.230455534545319,5.073253384901274,5.000890205010466,5.134708608525146,5.0473650076810515,5.125720610491638,5.812241599458305,-1
108,5.084738795227742,5.37845289158694,5.243587970466787,5.062726091784908,4.981594359994195,5.13031016318151,5.06089104466941,5.123477735419931,5.818527862575803,-1
109,5.072743055445564,5.3723330894799,5.239283214345418,5.055540041661223,4.9583838328108545,5.118597482829796,5.08428551815855,5.117856625004148,5.825198024946255,-1
110,5.060624513038028,5.351262553009451,5.229980578867931,5.04004793755993,4.935529777112682,5.11963361992978,5.105880868973923,5.104120169654682,5.822323983583357,-1
111,5.0496315915643715,5.334288361624525,5.225803211370354,5.023456027273274,4.920849947181223,5.115852497082879,5.122745291506982,5.087919381430113,5.825296198835208,-1
112,5.048808576018921,5.309577498635287,5.224972591186306,5.014920197186534,4.913471949641012,5.107782330177475,5.138250325369803,5.073869256688008,5.815238278101601,-1
113,5.047285700250308,5.288338467349566,5.2153207917838,5.014208680242231,4.901091620652123,5.105908371838581,5.157733419899828,5.060090979229832,5.817374727058536,-1
114,5.043808654789984,5.275402557430552,5.204590866850536,5.015150080961101,4.898718306726502,5.1058047993568385,5.167611337660942,5.052914718304341,5.819901790795849,-1
115,5.040082532761085,5.256480652106008,5.181099313873678,5.01050742439607,4.9020867470010545,5.101082497226636,5.185459654394787,5.0447283314404325,5.821920673567293,-1
116,5.039267734910126,5.237240392517691,5.153225472142213,5.005914125921594,4.892596279154054,5.096459210255219,5.194410505934429,5.042778551364768,5.833046788325201,-1
117,5.04202142879613,5.21812993059245,5.135956009680683,4.9977404405742245,4.897616932909357,5.091224197116464,5.199072732605646,5.043632320459516,5.830834576900901,-1
118,5.044908198467424,5.208939255012563,5.1208035367730815,4.991324829881091,4.892239947582249,5.086213163774453,5.2097436990744965,5.049261305070872,5.838356518402924,-1
119,5.050601532842079,5.194900645550491,5.105347739746455,4.984163213463822,4.888091367314629,5.075011667555746,5.206735062642161,5.049824066029107,5.83269025374632,-1
120,5.04628863109875,5.1902082903239215,5.08858747319486,4.972892657841028,4.8842114595419766,5.061719632913002,5.194821614251041,5.058189547863906,5.829566613761194,-1
121,5.043571315414475,5.185885193314041,5.0789105931510194,4.953207648799438,4.891018466810334,5.043597872557997,5.1849250598485614,5.085114150929108,5.83091673923787,-1
122,5.045532369361604,5.164178411803986,5.069343577156342,4.9322692878887615,4.896748995596702,5.027795049522721,5.178874481377286,5.101500602488617,5.8267798268917215,-1
123,5.047377349792411,5.157337664398895,5.064216750114835,4.916190529397237,4.900457371402395,5.023919656621173,5.162597203910877,5.114546262655127,5.8378522210927315,-1
124,5.053399792063469,5.14959104667803,5.067928047524076,4.896462171149273,4.89924180932409,5.022462877142733,5.152324808999034,5.127150247019483,5.830309412841246,-1
125,5.044909428228594,5.138512394231212,5.063567596618419,4.876610061775897,4.8911238121443406,5.017274643153406,5.142509726067209,5.14221141902652,5.833041847260698,-1
126,5.033688359384206,5.126981317893454,5.061283222676382,4.859872011798908,4.8894576987741045,5.003668042953884,5.1271340703044785,5.15301435332522,5.839843647521468,-1
127,5.025938563220539,5.117756910256985,5.055773723903537,4.841055756304603,4.879398665017844,4.9924572604946444,5.115824769867903,5.165527271075658,5.840625075129729,-1
128,5.016228371270747,5.107031495621973,5.047011676610717,4.833041012002114,4.856490689862197,4.986303832747355,5.122396486609476,5.176675244756048,5.8365774138974285,-1
129,5.009162396849386,5.091608794511148,5.041353514707652,4.83484823001203,4.8306732750943056,4.983842482034024,5.12039789790225,5.173781603198999,5.833986397369492,-1
130,4.9940484760992705,5.090380819011574,5.03339465459112,4.842195478543631,4.801313982906406,4.987302517522229,5.110038089012646,5.17660033959841,5.839931333363148,-1
131,4.982340586999016,5.085114111600837,5.0191510529244105,4.851627851783497,4.7733564285064105,4.98236649608727,5.10360244788967,5.182249892743803,5.846825696127995,-1
132,4.957765179350956,5.086328783021837,5.001640189150329,4.870464684489279,4.759368230679404,4.970463142811822,5.090932175943856,5.184051002826614,5.843575443454926,-1
133,4.944022276026782,5.090445983459198,4.9800481985960605,4.888566840985117,4.74631852588081,4.967821756601563,5.088058641287475,5.180610083043076,5.846122999565324,-1
134,4.932839385520273,5.097050606254938,4.959325617839821,4.905779741255534,4.733498471939306,4.961921566138184,5.082376519579752,5.1905759987777484,5.8359242124124275,-1
135,4.921501860801296,5.097061873194881,4.934736005747594,4.921149075379569,4.711932179140749,4.961299520376793,5.0873456715480625,5.210417591063856,5.8484425045519774,-1
136,4.9131146463669415,5.098522377197666,4.915618995743646,4.921411729959193,4.705184841175982,4.964030208193114,5.081364759141669,5.21900941242024,5.848303483911616,-1
137,4.898438461677472,5.109515980473755,4.89012736798489,4.921766531687125,4.701251835658871,4.964101674069942,5.080447410770911,5.2291663870669876,5.859689850311729,-1
138,4.893678544990377,5.114775369591243,4.857705152664409,4.91781181162915,4.706091859141098,4.953928026848421,5.085890112220461,5.230522140934681,5.84955184516317,-1
139,4.884565578854418,5.1159904744141675,4.825538020540065,4.918540072177271,4.70083119146572,4.942603305353643,5.0843270928686115,5.237464882257655,5.85335264563734,-1
140,4.87868848994545,5.108993263157216,4.7951391217561845,4.916369576429045,4.693082119205998,4.935849245634188,5.077145824183926,5.241027482810972,5.852304762575348,-1
141,4.863232860816412,5.1017497202150075,4.774806794512988,4.916239381184052,4.689432636054642,4.926678504489958,5.063917557070235,5.254830406469413,5.853239055790278,-1
142,4.857720429070196,5.0903713397099555,4.764858002627889,4.915966997550598,4.691038006722911,4.934770150799998,5.051682845580145,5.264405789636753,5.860846320432867,-1
143,4.8569423102261515,5.085349169602068,4.767236772082152,4.923008268323337,4.708430254302482,4.941322546185923,5.038553811145871,5.270406472547976,5.861466134763143,-1
144,4.864084609858328,5.079818344406334,4.7654131378258064,4.9373454175266716,4.7189952433317055,4.949408738324808,5.025808620034142,5.277809687864209,5.866919434980537,-1
145,4.875723731210842,5.082025873336974,4.764442347402124,4.940840505677905,4.728485841894008,4.9595881835958355,5.003407281948042,5.280690647733793,5.867535336650982,-1
146,4.885103115911051,5.080368229310706,4.773817239504621,4.943555113961903,4.735992196283381,4.979641089672149,4.972029130736008,5.295475970962923,5.857236209292068,-1
147,4.899732420676427,5.077542530102855,4.785843754822554,4.950767063092561,4.75341491092223,5.006030054833835,4.957206465846843,5.302224499315958,5.860134849802035,-1
148,4.914206081412125,5.082322775613058,4.7974874081832555,4.9575747333366325,4.773548332140154,5.0260562400096305,4.952845979980497,5.310563309455349,5.864316906684271,-1
149,4.942003637643473,5.085262651987767,4.808723806142224,4.973443813613886,4.791011338434424,5.0550361983513,4.948776937121788,5.311360280869091,5.862964327338361,-1
150,4.9609792159091315,5.08390667851351,4.821654058048175,4.988363177648712,4.802704950445362,5.076357010973865,4.940654717604825,5.313851680523709,5.866091558181772,-1
151,4.967894404897811,5.07649218621328,4.833913047711011,5.004857408636713,4.822211311431762,5.096826943875818,4.934058542366375,5.313423753491584,5.869116612651612,-1
152,4.969614910945627,5.058308692758214,4.852799907218455,5.022415960614533,4.843240449154096,5.1160592157826486,4.925845828820468,5.316236107395704,5.865306149124266,-1
153,4.979597341826434,5.029487269550534,4.873048966133606,5.047569583263995,4.859725484344874,5.125771367813453,4.930354022064558,5.325885268879555,5.874941083395611,-1
154,4.9888194342404555,5.005875780204259,4.8971787138775005,5.082457760927432,4.865240159296077,5.130045018959782,4.937300104607692,5.3358712524611,5.87151638630718,-1
155,4.993540894244721,4.987194192463182,4.92930713984362,5.1081499047226,4.878390868319768,5.13372303347786,4.939089051156467,5.354409869423877,5.873016732586846,-1
156,4.992445816917902,4.961048736696027,4.953860723189623,5.133362570508567,4.893679093615985,5.145236570688794,4.938854002605514,5.371563721209401,5.869504821461825,-1
157,4.986100879379149,4.929383580417829,4.9711438705537265,5.150990471492256,4.9087249592286675,5.147886530010834,4.941903355711341,5.391919198152865,5.867564138470337,-1
158,4.992328761263377,4.900517935567814,4.976490456317691,5.165325430588803,4.925182559271479,5.144257456313958,4.947523165071767,5.3947088134640895,5.866480782636697,-1
159,5.004448321974034,4.877755748572998,4.988777595538504,5.175324783964724,4.946347482612143,5.135131851280695,4.942490063885053,5.396840103140279,5.874544061868598,-1
160,5.022662186936162,4.864318058869083,5.002621533868873,5.176149011774025,4.966065323687579,5.133424537668727,4.937746500338079,5.403050573614839,5.879615474634524,-1
161,5.0308271321207965,4.8585504863000795,5.012732142205945,5.175735098067973,4.986384115143015,5.138815295025367,4.925166966826492,5.399619050088701,5.880330636858414,-1
162,5.025450052155842,4.84509914198536,5.0283103606595905,5.173975897527873,5.014993856593531,5.1480967397512964,4.916160838837823,5.388321910952135,5.872229421346742,-1
163,5.019483274119457,4.8293538160909675,5.034997374765578,5.178403043530206,5.033843832242901,5.159021727913149,4.9092469456814944,5.3743104273128495,5.890917360649774,-1
164,5.026682627680256,4.821666717796703,5.0432616826080965,5.175080456580493,5.049088567180542,5.171807201826888,4.900007394384467,5.3644694356573455,5.8781652340537,-1
165,5.027380741134003,4.825587414635164,5.052978384104802,5.1738103974561325,5.062980866501903,5.195278797593577,4.8930838514665895,5.350500292948662,5.883525059937129,-1
166,5.014986747837071,4.83105270620913,5.062946491225199,5.178660800061799,5.07558627425997,5.220100449540126,4.881518296647658,5.337713104411057,5.88480316242589,-1
167,5.005241925549605,4.841065381685339,5.064864140698313,5.1864192308815875,5.072645487947819,5.2497436318403485,4.8812276244425785,5.323064934504469,5.88674465466058,-1
168,4.992161529766271,4.85146795503167,5.055406676931016,5.202807718916909,5.068931281155026,5.268362105156257,4.883307624332195,5.313057514262782,5.886324022484262,-1
169,4.975779662064922,4.859799690453375,5.049772625199627,5.215581594360639,5.0634840856030054,5.282788240729344,4.881046833030056,5.311284861870631,5.889110221465652,-1
170,4.965848984732498,4.879179738106752,5.029396573453698,5.218461910455123,5.070417019614102,5.300506067703675,4.878103403846321,5.3181560031508095,5.879670914517474,-1
171,4.9596803713656294,4.903050980960927,5.0099460519812204,5.215538977795083,5.084627804960004,5.313442911137216,4.867607142016283,5.328294134509347,5.891292879784662,-1
172,4.950093754634089,4.922683801898501,5.000650579641295,5.2191103869265385,5.097710498251834,5.3259587503873345,4.860155336785113,5.333270375518006,5.89621984164219,-1
173,4.9401729413171465,4.939063084778852,4.992725469009056,5.21357601435559,5.111823108520814,5.323862799527666,4.8489624991502005,5.3325319483876035,5.886756543046694,-1
174,4.929256924575387,4.95322352561041,4.993423484767093,5.205319136380782,5.116726302366212,5.325018031421918,4.854988435212094,5.3370145503821815,5.890655705132369,-1
175,4.923326844938121,4.96365005771001,4.996141924958017,5.195875656056035,5.114495468207355,5.325644848550073,4.860084548165168,5.349319815321655,5.888548933671417,-1
176,4.911361788446913,4.975033314882906,4.995892564179772,5.191150163133987,5.107722029245573,5.32307630687196,4.863075465139571,5.34760202372598,5.896430386389711,-1
177,4.904898186129444,4.971262422521197,5.010929058533692,5.1828634855848295,5.10033144261851,5.33066997197111,4.868428732472972,5.3402461929448855,5.896757596850231,-1
178,4.908441533726783,4.96248213770713,5.035590178466422,5.169569244038221,5.082871882445451,5.329656538309258,4.880503824434239,5.3238564244875315,5.8922622957338495,-1
179,4.9093021545359194,4.950273664882838,5.060413147811441,5.160852175179844,5.059137258850419,5.326024686833265,4.899660738760691,5.300624814515064,5.89541229556427,-1
180,4.920154558741849,4.944985837469257,5.075984632807504,5.157262617398486,5.043276550981685,5.317638872199234,4.916536340251678,5.2747334036757785,5.895696129826027,-1
181,4.933548805537442,4.9367391833238505,5.100864816065489,5.161510018271191,5.027141746352317,5.314792889145999,4.926096447832065,5.2504277524060585,5.9007958570115875,-1
182,4.951570977885272,4.937232684024776,5.111757814622981,5.164207894581807,5.021722588251657,5.308540595264054,4.92422617386874,5.230805883239581,5.891944991937772,-1
183,4.965000012511388,4.941867142043417,5.116527780322575,5.166011104178574,5.019294900077794,5.303790507063105,4.92450124855317,5.210896844252336,5.903107594763105,-1
184,4.978694614881303,4.948586364385836,5.13339510126142,5.158931307473333,5.029032767417797,5.308484665892304,4.928553978784305,5.1940585063438665,5.90222083789303,-1
185,4.991244155880682,4.967349626639441,5.138879030698647,5.159456867499927,5.041222461870182,5.301648977589712,4.934827066431888,5.1780987665908595,5.900992327158135,-1
186,5.002527085889561,4.989706894390508,5.144421032375787,5.1645186843053805,5.050053226183824,5.294063838628968,4.934225885046161,5.175929103718364,5.896234952911045,-1
187,5.012064146365326,5.014163296182732,5.149496745148586,5.166198335510815,5.057832238129933,5.291412399627513,4.934792169998957,5.1732319867889425,5.9072269816309335,-1
188,5.019824187038878,5.037340197454588,5.158941817609126,5.1665020218688396,5.062050286686333,5.2952401410277465,4.9372206891407515,5.171074452801777,5.897475765394928,-1
189,5.0274602948967475,5.064795363661885,5.155491172269752,5.164670839577408,5.067418262087522,5.289039239958565,4.944033127255821,5.165354437908797,5.904065551587276,-1
190,5.033672974522854,5.0889037940919115,5.1573361206389015,5.164309563294447,5.074376449698044,5.285383151587604,4.957633716215074,5.168771762943363,5.903374601673503,-1
191,5.022877039280517,5.105584534914974,5.161893716818372,5.172044385926413,5.090230753700598,5.284420273668212,4.964309149426165,5.166254026711809,5.905819480296381,-1
192,5.016320933576318,5.11219627711147,5.168867356528803,5.182265782197122,5.102309905381952,5.2859933589724575,4.965315187965139,5.16700432367214,5.9094133924601495,-1
193,5.009484170456667,5.1162842157279735,5.171627838681136,5.168450705561342,5.114393739906755,5.290294622491734,4.96400318091934,5.173445495084689,5.906613224740536,-1
194,5.006302360112093,5.1213299938130845,5.16992521673556,5.1578648310476884,5.125812150267288,5.295938812886675,4.9617865768186,5.163538261062674,5.919193503568113,-1
195,5.008583092757062,5.1276743450028,5.162022739152707,5.143682589627667,5.146596007980384,5.303246652137289,4.951693688431767,5.146593607278647,5.9028056909387026,-1
196,5.003347967416335,5.1322630122967,5.151147922455635,5.130284688155871,5.157765078455371,5.3005561824145415,4.9465099754381505,5.133117668820765,5.914185876980891,-1
197,5.004409868697499,5.137390824948174,5.154263172284129,5.1216387962311565,5.16512336867013,5.299460963916033,4.947278500988277,5.120852378897914,5.909022887684816,-1
198,4.995573610927874,5.135833162659154,5.1575971054510985,5.110507947549628,5.170965845850772,5.297079371539039,4.933667969005955,5.101092785722088,5.914087935426708,-1
199,4.990230894503277,5.135126466329104,5.160047742406031,5.0879230614258555,5.1772641653867275,5.2856680475519635,4.91877890496945,5.083361030882274,5.921772678329556,-1
200,4.986267934375753,5.14186393766293,5.149351652548108,5.058440470663,5.179911004114361,5.263604619711568,4.907914332215005,5.0655319258918,5.915479458966341,-1
201,4.977222372952653,5.137186596757027,5.1488624328376495,5.054117991166734,5.1889234802490165,5.240608654015518,4.9037605506681015,5.0362963310203,5.911522286741351,-1
202,4.962054602361166,5.134710357257603,5.142698633843527,5.052245144643878,5.191677065149436,5.21943193572734,4.900969620081821,5.019349487428559,5.922491479029084,-1
203,4.950418037575679,5.129258222832875,5.139829689944206,5.055279646642357,5.192440006128322,5.192603623617279,4.906918935589373,5.017084445628083,5.912331274639517,-1
204,4.936177675114427,5.118886272111867,5.134548408428,5.044225600714902,5.201360761507564,5.16676120395111,4.899294940607408,5.024331085063599,5.9142216193988535,-1
205,4.913726948761964,5.103418608174895,5.11874906637499,5.0338250657247094,5.215164612544309,5.158546615710479,4.887189708514499,5.037706560042624,5.91841621389388,-1
206,4.900471694751031,5.093661539798908,5.115743020509879,5.042063178674887,5.222538383493105,5.141861620565165,4.879776566110717,5.045301437413159,5.920845802767482,-1
207,4.900982031325961,5.080992242220913,5.11451219210322,5.0559665780383956,5.232509400204067,5.123267508003382,4.87342624610822,5.053715221472568,5.918191490881011,-1
208,4.896625394846334,5.066894271841528,5.119000345891196,5.075344486448024,5.240328401471649,5.1079815619152855,4.8681887697750374,5.049945951234122,5.91898404927772,-1
209,4.895412823696012,5.065160457678677,5.116888082243731,5.085558691595543,5.242416774145484,5.093250140037803,4.865507354120709,5.051319699959272,5.922919298637877,-1
210,4.894533303238948,5.055546028249064,5.12302219553989,5.097441680752465,5.254305451571639,5.072943299126719,4.865807635186448,5.051989960831667,5.918844249503941,-1
211,4.89101183920858,5.050396437134165,5.136771033125711,5.106615121435546,5.258243132777576,5.061494713014886,4.867546776265665,5.046593091601881,5.926563204102719,-1
212,4.894560220800485,5.056647944656228,5.159323350316647,5.12599803722085,5.2566299530497504,5.060437661094288,4.882515462020711,5.039150898450297,5.923844269839547,-1
213,4.908480686006541,5.064640941721132,5.1850270768087015,5.143408949230768,5.237744825034561,5.042014240536603,4.901625765779772,5.030549028552646,5.9200747236351505,-1
214,4.9211956723110095,5.066826833942412,5.205391631842496,5.1454580554536005,5.220330385187593,5.034541073607228,4.929451102936478,5.037052104505969,5.927657467198821,-1
215,4.932225081729502,5.079230062951196,5.223559432845007,5.136074011944107,5.182383236766855,5.0447868281396975,4.961230350648899,5.03400378606873,5.929782921003678,-1
216,4.946537667363152,5.099620668852014,5.243142049181499,5.117797768330581,5.153512062820857,5.052082797556992,4.996707821762532,5.041629727621978,5.928381471560289,-1
217,4.961209292678474,5.115596658156654,5.258958374411016,5.101927178746339,5.120436635974296,5.058161572754443,5.029500111056239,5.047738717904169,5.921437883453924,-1
218,4.9787521923736655,5.125215070110271,5.272022590503631,5.082676649893129,5.081861085221635,5.073668387574198,5.065733201535453,5.054503835753005,5.932077641883305,-1
219,5.008505151614802,5.131293392365699,5.277699022523877,5.066023647204896,5.046429651070607,5.088173728918046,5.094308783153177,5.055849856804933,5.931819320778875,-1
220,5.041869920018675,5.129484865957192,5.280591567756034,5.053789751385485,5.012684837313076,5.0982653040058805,5.119616943482552,5.053052653940657,5.934399004263839,-1
221,5.072487535031403,5.1240528070208,5.281916078715883,5.039228598456063,4.994493199958131,5.118595598311101,5.134694331762027,5.049482112152213,5.93286407123542,-1
222,5.103905771492299,5.120897174951167,5.2733798822105395,5.0283483223315635,4.987286033602561,5.138722504413709,5.138083578073809,5.034648981172071,5.931536406365824,-1
223,5.125087839050113,5.114519167229905,5.259753984930361,5.018048955552394,5.001748047075935,5.151422385212875,5.13643303560447,5.020955823487215,5.924009756239532,-1
224,5.140608001701588,5.097233066330073,5.2398070782705775,5.020821809649243,5.007517834905012,5.168738240223652,5.131823331838524,5.00552596731518,5.931331165123202,-1
225,5.156296055738951,5.072266810158496,5.2186351960894095,5.024611221744506,5.012160445927764,5.188417237544208,5.138100423078214,4.997354116704656,5.932246463038885,-1
226,5.168485696988794,5.058631650618026,5.2029318158071804,5.019434872831173,5.015592115237055,5.202893736275491,5.133978754576255,4.982269143447769,5.928630661450225,-1
227,5.156154397588253,5.050280981578422,5.186087799811913,5.009644389603017,5.011742051436567,5.2056255263120494,5.120358847868422,4.973128767954256,5.9413774659039476,-1
228,5.136585142809511,5.0369997621393585,5.1686993819923455,4.995309518192409,5.01466283052534,5.202548461364882,5.104824823591817,4.960565998741644,5.935488616798445,-1
229,5.106636974471424,5.028099336452791,5.153543567113987,4.9826463362030236,5.017545257603529,5.201317317029548,5.0979154684184635,4.945405750942108,5.930656154592596,-1
230,5.077576488161493,5.014580647937077,5.1418831019029145,4.977373000608633,5.01586756143447,5.205248064988006,5.090554019367742,4.9233204310474825,5.944371659743414,-1
231,5.0495448047342935,4.996850385177095,5.141722157970892,4.9851447623418865,5.020180231700921,5.2083973962686025,5.0879719638416585,4.902126408014322,5.938359767021151,-1
232,5.025937467010836,4.978618354630451,5.147348401646611,4.9961179404966884,5.031002700736815,5.215646096947018,5.090900331028429,4.8878435650778895,5.939716976372514,-1
233,5.013113034909386,4.972448183859109,5.151406211707848,5.014194019190658,5.046051317737753,5.221250415635917,5.0827468705975,4.869573347830117,5.933081902091438,-1
234,5.0063097982051605,4.9694299855597,5.150030533033312,5.039582233968947,5.059042337486122,5.221253729272917,5.075672915903629,4.853027976180723,5.935360160680016,-1
235,5.021087670010551,4.960765462417034,5.158201578257609,5.074061946791742,5.08424281969565,5.228479222843842,5.078948378604945,4.837313421448938,5.9333231034998875,-1
236,5.034297714018976,4.950280975689442,5.174404463784701,5.109435775028513,5.103691027329811,5.241054945307355,5.077479804479302,4.821240465605282,5.939727884127808,-1
237,5.056581617145757,4.93780410525618,5.189687059461001,5.136142779597189,5.123408728581751,5.24689655377277,5.075933566808634,4.809458956094946,5.937423898679678,-1
238,5.085153189370767,4.935241798724536,5.213507721840879,5.154849939668236,5.140589183070356,5.24754666172016,5.080595374838032,4.790882708601466,5.946809010512105,-1
239,5.112253478025396,4.93567080371766,5.220148346655921,5.168673008162719,5.139049262009355,5.248217741967232,5.091351810497528,4.776084259552082,5.947327867963437,-1
240,5.136249046695262,4.941074812067756,5.223458521521841,5.177348525653307,5.123129429683904,5.2475803796237965,5.095489010151298,4.760628451544084,5.94437503844552,-1
241,5.152300420130221,4.937960368965059,5.233947417139538,5.177035099272085,5.1029699556267385,5.24091155772938,5.094499789529271,4.751290091621626,5.948466555107793,-1
242,5.158546869351167,4.92592545412734,5.239819024922475,5.1715506388708405,5.1050668078448105,5.242450328209841,5.0972473806636245,4.742702549548373,5.938567891500605,-1
243,5.154589582989859,4.9213588090667715,5.236983123413425,5.167446860534229,5.104254423853854,5.241021782392403,5.091607007489982,4.730035625606398,5.94323872389872,-1
244,5.160505756440594,4.920891014688978,5.220625183393178,5.167223128122792,5.099435324768937,5.241883656314979,5.0902262448559465,4.727413059271185,5.948530269783153,-1
245,5.161645356049234,4.922198416129884,5.2071592192879015,5.166778686731218,5.093774632852,5.246293222712119,5.093582010531084,4.72779190226094,5.956564452923664,-1
246,5.157560838402959,4.915040762004955,5.1917221783457155,5.163975543079113,5.082281745176252,5.251185732842802,5.099265404738561,4.74217609016196,5.942479275017893,-1
247,5.159131090129986,4.905681464450714,5.188299530860178,5.168964783388252,5.077356109882008,5.24042578131904,5.0888463365177925,4.749229387636781,5.944862521611912,-1
248,5.161895293891929,4.895430662925535,5.1893286463328705,5.173798843628894,5.084914403077825,5.23624441746414,5.077065502782264,4.751849758472416,5.94907747116635,-1
249,5.1565297346978465,4.905470227458344,5.178630850831614,5.17802655408736,5.102185679669176,5.228436099036282,5.07470735641665,4.75779947388639,5.957613464182497,-1
250,5.159952182247762,4.919115971767019,5.174701148700014,5.186063012044538,5.095339188905955,5.2168137768500085,5.070911934448245,4.767986576394079,5.952795217705164,-1
251,5.156879141294631,4.924765074899988,5.17286021093428,5.186644502349306,5.087258289920469,5.210679884398428,5.0844294497874065,4.782423387404182,5.959055891043476,-1
252,5.147396494131772,4.9374019683189605,5.173550799336664,5.182736794440537,5.088851140468004,5.200948983630698,5.101861480882342,4.797373763361037,5.957969640675964,-1
253,5.149473261508121,4.963944042549302,5.177098552800662,5.178388794084831,5.093435310942082,5.187858847879564,5.108925632815771,4.80423227829056,5.944866094374519,-1
254,5.148086571698025,4.997650808941419,5.175349972470703,5.176916524882204,5.114153425284595,5.173947901975889,5.107666514699191,4.813111040106738,5.943151985322721,-1
255,5.149262522519564,5.036751268311427,5.177117267981052,5.166899241774326,5.140592181678189,5.173251628413305,5.125009495526143,4.825501844980265,5.9467974807769775,-1
256,5.149319066042722,5.069101917667122,5.173464376130768,5.160205746047993,5.153502986164851,5.155016724289553,5.14033028376208,4.841894334651114,5.959992840296788,-1
257,5.154972505933107,5.083426822911725,5.1791587763897615,5.152167253577885,5.158060200293461,5.144737629716299,5.153430019752427,4.854066832192552,5.946495046614886,-1
258,5.156908377227863,5.106084179278914,5.190282538691922,5.148295060775518,5.171589599739789,5.130065657510244,5.168552350875488,4.864986413984421,5.95898455702209,-1
259,5.167565033226383,5.123496331371013,5.203524852509412,5.143237025113569,5.179455421209435,5.112960186493865,5.176126951301052,4.873225469232143,5.9614461712050035,-1
260,5.187764242150075,5.145650027413215,5.2238282505497615,5.141101738936641,5.17811527223793,5.104756330497634,5.184957082729981,4.8732238265716905,5.954388235684645,-1
261,5.188907073141437,5.153323815160928,5.242281237668501,5.142869794547398,5.172347514238234,5.094785453472239,5.2030380901568645,4.878030651185927,5.952240213418714,-1
262,5.1890052737064885,5.156114623785362,5.2642455545209295,5.141024854370507,5.162870831819126,5.080095707268782,5.237333331787871,4.875643727183839,5.966397605066418,-1
263,5.195761272999978,5.150881428169045,5.288335699203308,5.142824166141309,5.144238068799438,5.055157049370458,5.261305290214088,4.878886782724812,5.961165468835778,-1
264,5.201419096787349,5.140318157472749,5.314769667966292,5.141774685266334,5.138143314457649,5.0395492818403,5.286468494619721,4.884563645408969,5.964854496950883,-1
265,5.204815131630372,5.135787570047476,5.336466235370394,5.135435762611235,5.136723976101623,5.02249934015267,5.298555183070814,4.8890384652687695,5.965231358878994,-1
266,5.206217203057358,5.111158124071119,5.34578987465463,5.119121497869031,5.138404554067873,5.014612093032563,5.30974112491781,4.898004808561621,5.957780989608063,-1
267,5.19923605219064,5.087802482009046,5.351119955051477,5.1011620130103426,5.14147083622829,5.002649784915706,5.31454607572155,4.907330929383683,5.9597343562627305,-1
268,5.186208286719341,5.0586164928039645,5.351032729537196,5.085117751262988,5.154361216637661,4.988546281016577,5.317642570103544,4.929139411839534,5.960290589824537,-1
269,5.187277281203651,5.024624210112868,5.348182600090298,5.0743213918177075,5.175834674396325,4.979937358657966,5.310296045983226,4.948689931094179,5.966198650199357,-1
270,5.191439266541715,4.995126178993224,5.335245971615188,5.06723800824416,5.189725558792673,4.9769433582603355,5.297407653712069,4.972877336269194,5.950594298351984,-1
271,5.1859593350005735,4.966515006607012,5.308701258426834,5.063056535651085,5.200500869288024,4.984075776932968,5.286548121593744,5.000555751687154,5.959457966501801,-1
272,5.183283526703131,4.957915963712083,5.286880417846241,5.059570590380341,5.203826450130201,4.991333800808264,5.275274825933976,5.028627676588107,5.966589806296061,-1
273,5.190552012720602,4.952039425734545,5.25730592673312,5.066424846015268,5.200980164539966,5.005882095013951,5.2707297131486,5.050372725288185,5.9538773641594895,-1
274,5.201960049936598,4.948890470404794,5.2253075695080256,5.080709736054795,5.193456565307374,5.00516045894863,5.262606880225311,5.0639494535909595,5.955613933500589,-1
275,5.216072945319117,4.956563954551128,5.188908024746657,5.096388587589458,5.185139809915475,5.0145003225448335,5.254635980207137,5.076220333636757,5.961781500066413,-1
276,5.24014893363721,4.948868546038458,5.14695139195144,5.102084299110242,5.162954983682381,5.015276399320254,5.24507540825547,5.078328792914297,5.969473295887707,-1
277,5.2610106427039005,4.9473672004182205,5.10340647164528,5.109266087771369,5.136384005668026,5.010107294540367,5.237187748473248,5.084055604139993,5.972464993673544,-1
278,5.28727248693267,4.940690130096521,5.0722685838838935,5.125151787999996,5.108786171249959,5.0047334673486255,5.223167984928081,5.088245810411474,5.969723423332701,-1
279,5.309615654960782,4.944265870573541,5.0475205819189055,5.135422103982464,5.085053492802796,4.9985363894128465,5.204866845799862,5.080632642304165,5.966262241233652,-1
280,5.3367695484152105,4.941243569912082,5.016882066689203,5.140107767948665,5.06829256674722,4.993514352591562,5.19599846596067,5.06198746473706,5.968274564314411,-1
281,5.360971433353346,4.929498850200225,4.996731090430204,5.144040740399914,5.057251935152464,4.981423933620898,5.189991443321448,5.044524544705643,5.969325622199607,-1
282,5.369243254596903,4.9234669083355325,4.985283355470031,5.148129850458136,5.040358084375887,4.977366578183477,5.197758060181873,5.027300316613367,5.96228560673345,-1
283,5.378612154924444,4.915453868248356,4.982729853141205,5.144768631325286,5.027302957808889,4.958843686653084,5.199182206799271,5.003091049571694,5.967864055155258,-1
284,5.364114960028639,4.920823561077911,4.977326178554207,5.155235122898857,5.01154202934824,4.948769791015337,5.196347895001292,4.98211884150522,5.967139431139455,-1
285,5.349475107176427,4.921811253145984,4.97967779457151,5.1611827696577315,4.999550615286201,4.94061241888122,5.193432295611568,4.958814319175633,5.967398973820522,-1
286,5.332774141119686,4.924919126610946,4.976607733776148,5.149706410229092,4.983931982410507,4.937891162869943,5.193044079875789,4.939189574115583,5.969938394516883,-1
287,5.328786781250662,4.924507725194847,4.980694661582409,5.134565715637634,4.976356875390278,4.939922004953536,5.196421414951154,4.919912932072981,5.9732973022262446,-1
288,5.319724122508011,4.92414365693672,4.9917979381960444,5.12539341300225,4.965018384537719,4.941336311377333,5.188072112464112,4.912380902631113,5.967103924995264,-1
289,5.296149137280808,4.929945186970782,5.003581599483885,5.117011573612305,4.953274524346871,4.94868042991893,5.1766186010767195,4.90071996068867,5.973395527077466,-1
290,5.285301516097304,4.941126946860434,5.009359906379033,5.102303627609706,4.9567369111681145,4.955529220464008,5.153831417982328,4.893760789624883,5.976090482687807,-1
291,5.279375022113986,4.945431856578116,5.015691505168529,5.0900778462284215,4.9619379783469855,4.9775979362109934,5.1474170856892325,4.8906500734589935,5.97208340883948,-1
292,5.2812435844146215,4.946448896924846,5.024270879184382,5.07615458271505,4.975123981619074,4.989996455710975,5.14562111230803,4.885710341406834,5.968970137579753,-1
293,5.289603698739367,4.948882212506836,5.0388651579585995,5.058629302214464,4.980566206729931,5.010841018741729,5.144936141236194,4.88415091155323,5.979050964892187,-1
294,5.29607091141798,4.9484013963596984,5.062916373734727,5.043622716801629,4.98956307957887,5.023508513369939,5.151620873723083,4.882456971318878,5.970995700454052,-1
295,5.298294535275337,4.9555555308507415,5.075274310683394,5.021981484202292,5.001040527215582,5.02846137249602,5.157714015622968,4.88239657796958,5.969690000147142,-1
296,5.300732412571542,4.968108726123638,5.088299952655211,5.005827883485916,5.007892727826142,5.033918807191295,5.167891437009695,4.872810112970502,5.9754993841636,-1
297,5.31897919290872,4.979181849787303,5.101530404639066,4.996378221245337,5.015587888721006,5.049308492613552,5.17894981578759,4.861229841295189,5.973833380417307,-1
298,5.34763673747543,4.9825514563013575,5.1204524695391616,4.991092895074194,5.011457998381021,5.0667770027409835,5.187772155904971,4.845418970216839,5.979326146536889,-1
299,5.364182187208707,4.988752386190513,5.138869530622205,4.997027679269316,5.0044081314328555,5.083585997142957,5.192102792086959,4.837381048621402,5.975810914966634,-1
300,5.381643161074617,4.993617359023164,5.164110797022319,5.000892542827789,5.004224042677866,5.109051373499592,5.20016224370191,4.831693685543549,5.972058593178923,-1
301,5.391020860838068,5.009811086375568,5.180364010300756,5.006750194379461,5.002457878227593,5.129033329712703,5.2188714780998575,4.830415864237352,5.975887148115749,-1
302,5.401769376181726,5.0262490498757515,5.188761928676669,5.024012774088277,5.0046885281848015,5.153748115498361,5.225563314204072,4.827595382890082,5.974062741450439,-1
303,5.404245444630877,5.041414099912787,5.196843445026056,5.050382726830263,4.999324204311993,5.182029163646106,5.218511922042282,4.832069719708532,5.98045308006145,-1
304,5.41014302498175,5.048782223709206,5.20268541306632,5.068203063545678,4.999877899855201,5.210195230210409,5.208306002151424,4.843117114547691,5.974575773530431,-1
305,5.405915935572816,5.056252994829363,5.207139063053003,5.08878394567699,4.992075522078623,5.227068698898378,5.202611704768244,4.868297696342489,5.982035245891299,-1
306,5.393263564664847,5.065175748808392,5.209825810633217,5.1062827727349145,4.9957382206390095,5.238717712604333,5.204635203631192,4.901972352638811,5.986019943552367,-1
307,5.386705578268478,5.077127419890886,5.209459475878785,5.113110639105617,4.998827543582738,5.243439009738885,5.2078277628118865,4.929015149670571,5.98567243137966,-1
308,5.3731510896994035,5.1000855553204065,5.2076739587077805,5.118264525490206,4.997428486229631,5.233747327051648,5.215430460846225,4.945879005943336,5.969881589126522,-1
309,5.355039935633604,5.11852327516694,5.204678229040901,5.1207243280091665,4.998639113263864,5.217435409066907,5.217388025412331,4.963962966061768,5.977399042772846,-1
310,5.337724335859446,5.139446381062472,5.188798301797814,5.121026527093791,4.989895932933654,5.20141669860525,5.222183146707275,4.98355149969813,5.982758875732713,-1
311,5.321589557681048,5.144128046219138,5.18086430779124,5.118594024558202,4.983618143875547,5.1833870960707715,5.230230218935918,5.001641444150078,5.977196295466153,-1
312,5.2945063527538725,5.144427563324231,5.169620499250293,5.118844014914726,4.990687452423497,5.172493513416412,5.247659684720474,5.011017017365722,5.984407381053482,-1
313,5.264346150772327,5.144769984107394,5.173175605894883,5.112404863432143,5.00538956239042,5.165424767734677,5.260190354447058,5.020580601795765,5.980616574220941,-1
314,5.237367797652801,5.1500626824111615,5.177431974281828,5.115431790450333,5.0178788124393465,5.166504344217402,5.259083206581488,5.028786336176306,5.982468531937661,-1
315,5.207085022894951,5.148148202377579,5.183618692048672,5.115840912169147,5.0176444571913645,5.161385490549392,5.2595913101279175,5.03411289402684,5.985056353153265,-1
316,5.182465520073818,5.142347650320996,5.1960267138775125,5.105949083676309,5.022974460909376,5.157365419670873,5.247858940652183,5.0420159012539,5.986056845611959,-1
317,5.159903701075396,5.133369750602098,5.211309077214845,5.096395211697038,5.040459750639761,5.160662774004568,5.231354368394366,5.038462495211115,5.9887774895787524,-1
318,5.127943929714321,5.125205051669297,5.233624738440762,5.074530623720075,5.074398599224434,5.161826656392694,5.214946930483093,5.02625468678921,5.970347954574091,-1
319,5.100134471277023,5.122232414768764,5.25807000937387,5.060491796026516,5.0987153854353675,5.167424165913377,5.20431703904952,5.0263336497887865,5.98956846007927,-1
320,5.081138463725206,5.130160960886711,5.287385284010372,5.040415991828351,5.105572401935825,5.167033646323432,5.182652212653421,5.031523831043117,5.988247871372636,-1
321,5.077242794539081,5.143070212610079,5.302057036422333,5.027379482382584,5.107869754693535,5.161771776419223,5.160462791126167,5.040481943828999,5.992741964416049,-1
322,5.0730569580662594,5.152885743178328,5.3168781042954185,5.019285746388745,5.099143215034355,5.1589764279346415,5.150942608093301,5.044749790016003,5.979248932723253,-1
323,5.073299162112294,5.176256370644248,5.332039498136016,5.016019706583251,5.097796670461803,5.1578691016727385,5.131438475174507,5.056057997076488,5.986109907166876,-1
324,5.0736417791903055,5.197174801560312,5.340677236895305,5.0201579183281595,5.097456764007106,5.16507264861984,5.108979140825234,5.065722821612532,5.987917438766404,-1
325,5.072656937435328,5.217429333131292,5.338706728032399,5.025532435263975,5.0941634243991505,5.16752320663641,5.077318834345098,5.074276560374103,5.986860974185425,-1
326,5.077745883177671,5.234425754502195,5.338698113422642,5.034281679128337,5.083222126568584,5.1599817819513065,5.044617171112238,5.089824254064546,5.997741727838328,-1
327,5.078778517834181,5.246197838333793,5.3287904997161535,5.041155033933787,5.074643958350106,5.147328044448518,5.021595275257521,5.093872229540682,5.979529002590153,-1
328,5.075565793494054,5.258801647517717,5.314193707638347,5.048269307956541,5.073369837151124,5.133356697753541,5.006947158354451,5.10437863694251,5.983151142480566,-1
329,5.065428544414187,5.260520565297802,5.301702531189494,5.036496479372535,5.073708948638671,5.118835760679613,4.997785986169444,5.106523148234726,5.980404862915044,-1
330,5.055991927687961,5.277136985192516,5.282923230411004,5.019755947465606,5.07574040771153,5.099922814136447,4.989152918999352,5.098787115611542,5.985980564495566,-1
331,5.049116188030465,5.279590886663744,5.2607622103213965,5.005699481833387,5.084545017861034,5.086295756828289,4.984140253514379,5.090328313447487,5.993355364530047,-1
332,5.043865008935539,5.274019233271404,5.231071599909443,4.990481297859861,5.086460058854872,5.078245290435579,4.991957774020005,5.085221044737564,5.990863542513256,-1
333,5.0449262075506525,5.26166409921432,5.205238070676627,4.973639080338171,5.087155643868215,5.08563775492873,5.0158537752463745,5.079087742291863,5.987759824815509,-1
334,5.043868835092892,5.254258253595352,5.178080071575059,4.962741076761427,5.089552510058608,5.101161708295087,5.046593113599998,5.073184652115608,5.988429945137584,-1
335,5.041777648311253,5.255693080655366,5.151599766681859,4.947543166170366,5.094426399755664,5.118691826766383,5.071424977534351,5.0653219071923425,5.995412978700383,-1
336,5.0489927067679625,5.253366904173822,5.1201633472985275,4.936416811607956,5.100796318195815,5.13693203468609,5.088005418073722,5.04485074096894,5.992995257569738,-1
337,5.0680685496503,5.252245753504015,5.0930111068843775,4.940501559988588,5.118254857437231,5.155536522259908,5.097332259449335,5.022163245310147,5.980104082498946,-1
338,5.082603020854688,5.232252972432788,5.0840964945914875,4.939067351980804,5.143007011458641,5.169694983814109,5.102291333695741,5.014830090168903,5.991109654605197,-1
339,5.0935519995509395,5.218095304420671,5.077109576781248,4.939747707545627,5.171144359657379,5.190014667630566,5.114553901185042,5.008424739467787,5.994134151205172,-1
340,5.111417753002323,5.210523853466112,5.0823961770842985,4.942583425477224,5.191662916606729,5.206571011203838,5.116281185671096,5.0078319442638195,5.988645269643872,-1
341,5.130708050294046,5.203556028621051,5.094246806196292,4.9587416139568194,5.213524793392995,5.214548106421142,5.106909408226191,5.015689733800692,5.994511841529011,-1
342,5.1508223595746445,5.197666623430413,5.099526866131454,4.979744876171569,5.231276737436677,5.216423956081544,5.092636648366046,5.0294133900369715,5.996786921697018,-1
343,5.176670384225908,5.186712880052189,5.094768556342284,5.001149135911896,5.25210308417449,5.215070189338689,5.08237398242534,5.03752589133927,6.000629770323546,-1
344,5.2014930727514646,5.174287447280407,5.0925997688688,5.026780986960398,5.2665650132426824,5.2088776380147825,5.071778877600719,5.054315820985874,5.998676420085863,-1
345,5.2103549369712505,5.173772964685662,5.0849827581417,5.054417902498984,5.264039817567825,5.214049533396847,5.063862525730033,5.073069320188865,5.991943962116852,-1
346,5.2179417813350355,5.183985428008792,5.073212942523484,5.073618305011088,5.265540011453937,5.215467990694289,5.060512905635014,5.079831072950975,5.989809032923933,-1
347,5.223573320736261,5.195852115994467,5.05929048619725,5.0842307456145015,5.268379265355069,5.206809398574892,5.046233559406735,5.088850962517132,5.993363008918212,-1
348,5.214676773018653,5.208990373917619,5.045366195550685,5.09619571246263,5.276431328792087,5.197810104148848,5.037753185137808,5.091358607902258,5.995501200178933,-1
349,5.196113108260799,5.219444610075988,5.027809348772514,5.097911737981944,5.2767793099290525,5.188338190013242,5.0424413379091275,5.088399408105378,5.995798048746868,-1
350,5.172598720113723,5.225897814650519,5.017752016335935,5.096438219852129,5.28218287235866,5.181501154092801,5.049317077446585,5.080353823408563,5.999244646413748,-1
351,5.151045145851667,5.238857079308741,5.02261724834871,5.097637457683289,5.28294045570557,5.176581912631791,5.056021285180464,5.072246104079243,6.000467056335873,-1
352,5.131172283207031,5.258209790924156,5.027513534304578,5.090272726458182,5.290978593774377,5.176393741641402,5.0747125942141045,5.058276186752085,5.998255348105818,-1
353,5.111474768399734,5.268764799030021,5.023582283055822,5.073033761724657,5.311834121260527,5.162929439567814,5.1040588477417606,5.0398351645024695,6.001229412396356,-1
354,5.08453812847693,5.2777109335996215,5.012498995124668,5.074260264102384,5.328311175562419,5.165147637355908,5.131010734066351,5.032425397549932,6.0011973502568905,-1
355,5.055537245653131,5.280076874777498,5.007738696061734,5.083421594106097,5.33199689549729,5.164152289605676,5.169871164183164,5.02100902403117,6.000488303274957,-1
356,5.031562517748518,5.2835909743576845,5.001646006055578,5.086334368726435,5.338734768379061,5.154771874955394,5.209501754209979,5.005815765444564,5.9992738237310945,-1
357,5.014751664664596,5.28954180248849,4.994009286194317,5.086175236822516,5.339343329467699,5.140751605856503,5.238766480398888,4.994900737278711,6.0094675884871345,-1
358,5.001444405137415,5.290433198464599,5.005687789925671,5.079450897865108,5.3451356266456465,5.1331390061370366,5.2550855691133975,4.971530601716675,5.9917465087601185,-1
359,4.982540905479032,5.292906069434508,5.010877418874833,5.079250117476078,5.341894911364319,5.130069727433351,5.272482171169927,4.953299476781035,6.000001897904299,-1
360,4.957334546415122,5.283047186827771,5.020542679482901,5.081435046516978,5.33162265339692,5.125945274783167,5.280723154449854,4.947583442721645,5.99121968514308,-1
361,4.934373290989342,5.270860767893845,5.041655557824192,5.087029372526731,5.310918591635319,5.131444673952595,5.277689692706148,4.95364639912464,5.996665922882325,-1
362,4.923851237232587,5.257285160741235,5.057179280540782,5.083847971610483,5.287338212399209,5.131571234051827,5.272750281267256,4.953744849110869,5.997061537678137,-1
363,4.9152600878142225,5.251215885142293,5.06357746918837,5.080274349794894,5.276934788473715,5.133213940517895,5.257933274932629,4.95398627083154,6.002852548045353,-1
364,4.914634940604367,5.232272790722181,5.0723004979762205,5.07698360099842,5.261631978394904,5.134858603554713,5.239105753782578,4.958353447671707,6.00293733709025,-1
365,4.924891687431263,5.215577024735069,5.07871559325821,5.073536714877172,5.252748912800558,5.135831373590368,5.2304919435911605,4.96618413127257,5.997304923814138,-1
366,4.928882566492067,5.2064373318051445,5.066796034546397,5.0750085099559765,5.23337076036742,5.139964405146202,5.2362732797397245,4.989909303952753,6.000060272973756,-1
367,4.933857201566023,5.194102920766602,5.056944739026071,5.071704135433231,5.2172602123024046,5.1400472031112265,5.235188752348383,5.015084589646708,6.003477301364237,-1
368,4.941247012857678,5.190398766353393,5.051761930575805,5.075550498616059,5.20725241447477,5.133657832304417,5.236360919232476,5.025699058438936,6.0047511260146225,-1
369,4.953031775804388,5.1853627109306455,5.045750515944359,5.0798186265628384,5.199750716638424,5.120422127826653,5.238155003219508,5.026490436149424,5.995019969589745,-1
370,4.963720563963177,5.190168899478205,5.043324686646031,5.08768607265594,5.186318944114777,5.111300700017567,5.247438258361544,5.027166501734569,5.999741467885487,-1
371,4.981283386504905,5.193607390335324,5.038844968103932,5.096406442447834,5.167509924729101,5.107213564166878,5.260362956583043,5.022632645595964,6.002581860202045,-1
372,4.9997496207223175,5.198784330013743,5.037095472197985,5.108317458879943,5.1452108545671855,5.112024520532724,5.277550315325211,5.020780703973647,6.010392207495186,-1
373,5.007382188981236,5.199913236204446,5.0438566492162575,5.127602019837969,5.123978377610584,5.122022082589758,5.284372471897382,5.017375611229431,6.000179214161655,-1
374,5.027966004101478,5.20014777837832,5.053747494769764,5.145127761976776,5.104988823426696,5.125695600988394,5.289819764459513,5.006853145461462,6.001012345284828,-1
375,5.04750359023203,5.197441471221681,5.071806342512554,5.161697548895859,5.092053106676081,5.13705470023979,5.299344436553453,5.003311363542242,6.002859239460884,-1
376,5.071240821428989,5.194270255803666,5.088462673810218,5.167912902737637,5.073133731213866,5.154244105086537,5.305166157684173,5.001918120186005,6.001600483820442,-1
377,5.088519915510206,5.197065175635984,5.108324069834916,5.169335376537031,5.059103118732343,5.169168779704146,5.3184047248952515,5.004701943879176,6.006384233111976,-1
378,5.099526904282598,5.194608067052851,5.123825034951971,5.165210580788646,5.047027207435387,5.179620090633501,5.3310879238939215,5.010947831317848,5.999298055927284,-1
379,5.1083460726054835,5.185507535769785,5.1461180415290455,5.163135711315383,5.030504203162328,5.185880760164826,5.35398075289141,5.026947192601031,6.011337078196073,-1
380,5.110478390372538,5.181847459624239,5.169163362475804,5.165173266739236,5.031344740260866,5.18062025373474,5.378593952350216,5.044533739886328,6.007692939662729,-1
381,5.112786347829592,5.194483885861589,5.177369277496131,5.166979594557185,5.028906177100844,5.1678893776180965,5.4043636214058655,5.057990990781983,6.003287885021666,-1
382,5.112411683745303,5.2166679906119615,5.18593553907745,5.171991329785376,5.021316931735477,5.148835611269664,5.426970926266644,5.074396461815985,5.9996921992885355,-1
383,5.1260106962107335,5.234326274028794,5.180605443791797,5.17939294437746,5.021447266617136,5.115702635594239,5.452756614089193,5.088678128490473,6.011756258824961,-1
384,5.143997220382865,5.255151241016466,5.174095437231244,5.193464653253162,5.019319903128106,5.080639880264144,5.47584931890092,5.109107696823204,5.997734033561156,-1
385,5.157171330633515,5.279918391005521,5.16781707312498,5.215589939835702,5.018260278059687,5.05920976919125,5.486824863624532,5.133494573217694,6.012030479106378,-1
386,5.1669841081217776,5.289948115120714,5.163943108795674,5.23178115502862,5.0288148709281515,5.031424890227862,5.496548155058425,5.155273029500476,6.000084547037344,-1
387,5.173613474125802,5.29768967467347,5.16247020740071,5.240437655219326,5.044451321851413,5.002857862536551,5.50473190560189,5.176027566942722,6.015857917276702,-1
388,5.186669238476419,5.312886496043531,5.146007141285108,5.243869851001638,5.049918766365007,4.986022488545491,5.50880325743276,5.195787140679091,6.0020472175494906,-1
389,5.195548285326883,5.322835116011607,5.142311585362472,5.242627403809085,5.0545024019287315,4.976110948273979,5.510876103191854,5.212029729200012,6.0105053406458,-1
390,5.194762169063996,5.322826023385331,5.136744987561263,5.238315663406291,5.072787262569538,4.971028567574944,5.504762582613912,5.214180238094483,6.014650074099676,-1
391,5.18308648026964,5.329686074864537,5.137822975287432,5.243008536099823,5.084427500518339,4.9707429926930375,5.489959761348244,5.2126208459046435,6.012693822970396,-1
392,5.164920388908362,5.336308862271149,5.138919241818747,5.237133429954928,5.094495150533533,4.973328404357099,5.482819755518153,5.205463253403941,6.01704244752015,-1
393,5.152887177516243,5.339431214638717,5.130645159781128,5.221501319642442,5.105318668529117,4.964261331116953,5.4744616353829985,5.195345128058126,6.006985065729348,-1
394,5.140780014749614,5.352584815109857,5.128416315429608,5.2128839473429265,5.106736894362125,4.952566528297901,5.458088674860619,5.1757578850603085,6.010850741054586,-1
395,5.133792875122324,5.384143320151002,5.120973711133797,5.219900918752539,5.103541687593322,4.938519707170944,5.429563484152711,5.152215935460479,6.0021952367576,-1
396,5.122266260641106,5.409810468198148,5.124372962469133,5.229695946867356,5.10518990868377,4.927726457236765,5.407252667392038,5.128742554313737,6.003491825798405,-1
397,5.1014832827135015,5.422009931668484,5.119058755599344,5.247494340521966,5.117854263433522,4.92382126102312,5.389963166608652,5.110547673879926,6.006753435827805,-1
398,5.086799707101508,5.429695304563788,5.110474733716805,5.267657764015723,5.12483788755905,4.9218521997916,5.380307341523371,5.09989934910997,6.005223951051283,-1
399,5.0750179279630965,5.434832935378987,5.098289301406446,5.273798004527187,5.1318658640489625,4.919636131544202,5.373094341852389,5.082806167493885,6.002107941070834,-1
400,5.064529077715781,5.438058214999694,5.08284689954721,5.293192142049461,5.146181480830055,4.91943885301937,5.365409726955608,5.072144491958226,6.015836272754609,-1
401,5.0662780010294926,5.438398822830095,5.07440968774053,5.313455650044941,5.156568777228746,4.922904411394751,5.365655588076866,5.0635725948408306,6.0153404363352685,-1
402,5.072294209806395,5.43711131820466,5.063473712791204,5.3357154451824265,5.171342381617314,4.929074248621822,5.366960362579515,5.067752157491113,6.005125045842918,-1
403,5.066152325741288,5.423987259074883,5.049402340511833,5.3414727693773845,5.19247631739665,4.938129454384177,5.382740950607859,5.075678951326393,6.0133739783376745,-1
404,5.062971105230321,5.411103615787753,5.032283893618587,5.345198882639931,5.201730389520081,4.936645419497247,5.386367067795324,5.076613223813223,6.011056897115507,-1
405,5.075372110013074,5.399144647203766,5.026678862298045,5.337283761448625,5.201481220161309,4.92910304820257,5.384179637252267,5.077187581106351,6.010438684018191,-1
406,5.095793058406707,5.379376562952482,5.0271581322832954,5.326962171079668,5.197720238502756,4.916981493276656,5.3873017309167475,5.079447847399431,6.010161298415036,-1
407,5.10669596484569,5.36117992526236,5.0208913252587015,5.321163916247146,5.183145845151569,4.9124788678930695,5.392463794604864,5.090640606497747,6.012677737882251,-1
408,5.105507491363113,5.33979069751501,5.010288960964465,5.309571406121299,5.169624952136871,4.895281659010947,5.393873097582315,5.109211249466033,6.015152387599187,-1
409,5.084073133178053,5.322959925042274,4.994274391080834,5.3121838009774835,5.158208279070747,4.868723795117177,5.397083657881984,5.127536282948534,6.013365295031534,-1
410,5.060217658629485,5.302405196644383,4.979076790928903,5.316466078866896,5.148011084647844,4.845448096104457,5.399224736281847,5.140422808301103,6.01857802103903,-1
411,5.049172071072162,5.283174970725223,4.963020469620031,5.320183540069355,5.133443320366349,4.828816945405492,5.379487767069863,5.142693684365379,6.004733848303619,-1
412,5.0338651096554425,5.275842069438383,4.944530056464102,5.325852097805727,5.12268941295926,4.818235533106837,5.360231331066727,5.146307514406288,6.017138675567831,-1
413,5.012100016950774,5.271201832088442,4.918626941531624,5.332187953289412,5.1111061202758545,4.812471733493277,5.341478596992248,5.156962165899795,6.012868432266439,-1
414,4.981161635198278,5.278754586024867,4.894786793496092,5.333846340919221,5.10559670300714,4.823243618454029,5.320120666273481,5.176200280859403,6.0011890128788075,-1
415,4.961591559915869,5.288684812937339,4.884909473487301,5.331006587343518,5.108177283570116,4.826768257461167,5.302954400921376,5.194728648670704,6.012307553491225,-1
416,4.940862183768607,5.29453730562104,4.881610030618286,5.325917395032682,5.10120885066351,4.840853748816117,5.289150800415439,5.205444670552785,6.016020349647816,-1
417,4.932026783557658,5.293877364871297,4.879479576002626,5.308323466593164,5.094092286062807,4.865778837264511,5.269418888595914,5.211507280886987,6.00850974572468,-1
418,4.926849933899746,5.2936679299544505,4.880391386575102,5.287499969239358,5.083616627633774,4.891983865010154,5.249782188689156,5.216182587486752,6.011411870602802,-1
419,4.915369928251703,5.297884366392891,4.8868510838107575,5.276720400287083,5.070831201368479,4.913127724931362,5.24172025027334,5.225966071086355,6.011444231931025,-1
420,4.8981845317385355,5.2850957594278585,4.8990172655200865,5.262743121055818,5.061117328284967,4.939814419989147,5.2306446530127095,5.239745336967224,6.010626147350104,-1
421,4.890518701109831,5.27735138370197,4.915792548695089,5.246324444078621,5.055212127356343,4.96282421828053,5.221136312183997,5.249953348876673,6.01193229501718,-1
422,4.883046392252563,5.268485993891644,4.930270903777281,5.2395913139892265,5.043318319631323,4.971745876791096,5.206132659551792,5.255217333278989,6.015817935573236,-1
423,4.8709388177258,5.250321127718747,4.948250875839565,5.234911224311942,5.037376044835919,4.9874078831982835,5.187471314482895,5.262532527961483,6.0070840335760805,-1
424,4.871403063546821,5.225290368251084,4.9604781179061455,5.235044150499746,5.040805883569138,5.004498328987255,5.162172194276479,5.265271923594326,6.020172107202615,-1
425,4.87695051617934,5.207933851027147,4.968103041490445,5.235387071239197,5.048609209312175,5.023879757393478,5.1516357784847795,5.272204839171388,6.020813681665722,-1
426,4.887602748748253,5.199566332972145,4.97414398192356,5.236833561913488,5.062360652095011,5.043064467497813,5.140918716682749,5.273311141202189,6.0110848132803385,-1
427,4.901231893288778,5.19335966230374,4.977612172155504,5.232808024955435,5.081441942696623,5.064539817119273,5.12883262459998,5.278071160649098,6.01402891506212,-1
428,4.911007695961214,5.191749815663809,4.9718087925398,5.22831913812367,5.09366302089593,5.080865924603269,5.116999387397033,5.278977267307298,6.012542659667579,-1
429,4.9181916105433965,5.183089928754098,4.961188446002754,5.22582494571897,5.104784836140051,5.09117517906048,5.105696826729356,5.281455701024353,6.006669586726511,-1
430,4.933230417266334,5.184639722672903,4.95136100358235,5.215902473321302,5.109701914040182,5.102294374382814,5.094890471785347,5.285429708576059,6.018577620984181,-1
431,4.9414025976087075,5.189101133127132,4.93279650214011,5.212483516495924,5.110311819512678,5.111390205909176,5.082176517513199,5.279798624717828,6.01715336974726,-1
432,4.939078354139205,5.205670215289952,4.90932507779065,5.207934798670234,5.109501877516246,5.115333965310376,5.071461936285859,5.277458930747046,6.013428700207745,-1
433,4.933988471359919,5.216466516342531,4.893378234581651,5.20474805769912,5.10546395448516,5.112581814587045,5.052797621923843,5.2658127661841005,6.015940027481082,-1
434,4.914113244464065,5.222925948234171,4.8839391857313155,5.2001390376125665,5.093030078661162,5.112544193183122,5.037521640434138,5.265823744425436,6.022474481841723,-1
435,4.89920907847444,5.216510127765899,4.883390412369668,5.2028868120235865,5.077677495529159,5.1127820861683695,5.024188715655889,5.267972679507434,6.0127319261906775,-1
436,4.898665486712317,5.215362459687347,4.880852648780152,5.202106153803571,5.084566222171626,5.1128912405846005,5.023405847468476,5.267222636551484,6.013370144229507,-1
437,4.895251762892125,5.214400765839804,4.88150001953347,5.208491562238318,5.089648650298689,5.114456316891246,5.022148916007483,5.266861761146572,6.010612378734154,-1
438,4.882149372498713,5.196314407417467,4.875229467314734,5.213324586859638,5.1087097042887475,5.118723391470494,5.024695556873572,5.26899476334966,6.016071237668477,-1
439,4.877590599281389,5.189474564997342,4.8699598976948035,5.205227007060446,5.13274712231994,5.1231470619570425,5.028707203859935,5.2716508246073195,6.0186458937810965,-1
440,4.887888930471828,5.171750621510005,4.868603387193797,5.202210098257251,5.16558505025314,5.1327928906740805,5.033495645590879,5.271148171585983,6.014666269898198,-1
441,4.89855205976899,5.146177795216351,4.8669603208937176,5.202610801487253,5.18737839380687,5.148154502803571,5.028958692202149,5.2682235411039935,6.015935929074677,-1
442,4.91169988735481,5.125410112516098,4.85097310904694,5.199494912935081,5.209095130094698,5.164750912167223,5.021763696529261,5.26147340307627,6.0123607730260265,-1
443,4.910515705690505,5.10889533425716,4.828430210034839,5.18341116136776,5.227153801593328,5.178602987941553,5.019785759093633,5.244654833962024,6.012443822049663,-1
444,4.907217572964567,5.087732382750217,4.816512233966615,5.179028814673004,5.233704822609237,5.190339055005992,5.013672061595511,5.235911445918815,6.024524588528438,-1
445,4.899324431227963,5.074122308438466,4.803832239632027,5.172095962486744,5.238289497176959,5.20381243449358,5.016048150852189,5.221857344496398,6.01902257919946,-1
446,4.894044823669743,5.077069576880801,4.789713420258345,5.163950656091352,5.231392515106871,5.219567946413219,5.022115370250029,5.201679022801437,6.013843566666501,-1
447,4.8927311366738655,5.07117113486064,4.790042881117493,5.163976789462144,5.208502241755652,5.239027503408873,5.029752690139124,5.193675272560152,6.026434175029411,-1
448,4.884784057008107,5.07982966003598,4.795123257811875,5.157638813735662,5.181039077813353,5.2504533292297815,5.033351904891646,5.185422084427894,6.025477325931948,-1
449,4.875915913298423,5.094474702974601,4.807735655895028,5.155598396666507,5.160641021907718,5.259261617330743,5.043933091757587,5.183551792248938,6.009402272050225,-1
450,4.868912207678257,5.097728777230481,4.824206146976561,5.157324317547817,5.144209749271619,5.257930510679818,5.047526725207898,5.174755443000178,6.029759583471753,-1
451,4.876373814507618,5.101484671225827,4.852038937356853,5.160684820838503,5.130511302199826,5.252603970441053,5.046484065755529,5.17234102765773,6.012419542392467,-1
452,4.877938723199061,5.107487321626737,4.8795259221873835,5.156266751166955,5.124144912931579,5.244264903683864,5.055776592475961,5.165932558483961,6.023887012590506,-1
453,4.88655987196458,5.112621934016449,4.910902520099833,5.157314569795657,5.117110571948494,5.241801202731498,5.068484192801502,5.155991470572297,6.018333656162583,-1
454,4.8896350147976655,5.1061347209119825,4.948595182191387,5.162512080254307,5.11625959390646,5.231486720001174,5.078958277975828,5.135742817602341,6.016586541096274,-1
455,4.8836351060643155,5.10485580747321,4.977184821322159,5.161307618811496,5.122544666908246,5.218123548790597,5.086072487313297,5.101514338687053,6.028334855145586,-1
456,4.879267815870817,5.101322784623728,5.001928291631977,5.158402596708477,5.11413567287982,5.2103433718935035,5.095682018073294,5.0612855162172,6.01999732336748,-1
457,4.871618970770771,5.099732842877597,5.021546335462073,5.149474638421175,5.103198591623037,5.189621813436004,5.1021294131594255,5.018355141271317,6.024145465147046,-1
458,4.873045649042172,5.111033670595537,5.037093996901193,5.142691706113631,5.09256317125363,5.174340772338311,5.118485590478404,4.973850350222958,6.025981883614306,-1
459,4.8679485000341565,5.119491962616658,5.036433113090469,5.135182785334443,5.090469974803028,5.16546462910963,5.142839923405013,4.934428179578281,6.027516328379086,-1
460,4.8726425669390405,5.128894842811404,5.040812092289301,5.127407218495222,5.0791167605815914,5.162354544858623,5.157515069814955,4.908551102024525,6.027204602143868,-1
461,4.874549856192879,5.130610236512936,5.0388577146998275,5.109702300152096,5.0723994895122235,5.14738149100788,5.162205227008854,4.881807343207603,6.018998026028458,-1
462,4.884276362072243,5.132419365551403,5.036968030304867,5.094830366246995,5.053547392866176,5.143533635316567,5.159245851219396,4.872622536768706,6.010741694906377,-1
463,4.89377853558541,5.1323451613274464,5.023811685388368,5.073335193961436,5.045659615267659,5.140957527737001,5.1464789594431135,4.875014974470387,6.011737921938128,-1
464,4.908903483690731,5.129710985044145,5.009422274195881,5.056010044848585,5.054629588268014,5.137823140702063,5.141822087755591,4.879131222198726,6.016525567708311,-1
465,4.91988743469792,5.125555258182106,4.995262849533411,5.0255953363966634,5.072268703258608,5.143960016002873,5.14343997383716,4.894050484989794,6.027813948668353,-1
466,4.92412463764786,5.116844083885884,4.992925697366674,4.992589097175104,5.088770822681088,5.14942635299971,5.146364887908161,4.918459721865933,6.025352732210608,-1
467,4.928519724788737,5.115196851865966,4.998009426638066,4.960172458050182,5.094131079856313,5.160666808356873,5.141171464016946,4.93788952286136,6.021288037066563,-1
468,4.921085831339398,5.107366825342884,5.001719087797499,4.931420556430762,5.101436467367099,5.163224128093944,5.137240705956359,4.945237085994485,6.017033495541222,-1
469,4.911234329941383,5.109321370217045,4.9997050896862785,4.910536109012037,5.114458407318535,5.167820443332517,5.132318995104804,4.952835335353344,6.0245821367838275,-1
470,4.89677146400045,5.117632730318389,4.993447706801236,4.8890946597337726,5.1399459893007835,5.165985099075328,5.126302560974064,4.9545503403372475,6.019161792817795,-1
471,4.883474430159501,5.1223290609009515,4.994152073933258,4.8774594774459015,5.157849808196544,5.161503026247959,5.13158001131886,4.955479412383764,6.021252245591596,-1
472,4.868506892748688,5.128763883188191,4.990130305215915,4.862445807298168,5.170308366476408,5.156801055530469,5.130320742161362,4.966186387392945,6.023370916201035,-1
473,4.857131059809448,5.13288087919321,4.980042407411665,4.856608725619166,5.173138235715773,5.147424658687905,5.12605642156026,4.974277734498763,6.031212536912042,-1
474,4.844005079555149,5.120530223453762,4.964987344337696,4.847947232102866,5.167400608171257,5.1373420806556735,5.123661257951095,4.980108632748218,6.016587694207791,-1
475,4.823259289554688,5.102631971512025,4.95194306258138,4.839733728420957,5.176713565279166,5.120375263921124,5.117790799642177,4.990654566951836,6.0259652021138645,-1
476,4.811818103919838,5.088182229890334,4.93216719185994,4.836335384332101,5.1845262205711435,5.10521350969384,5.107535713045331,4.999656872208269,6.018268400320359,-1
477,4.799910213598594,5.062901150575704,4.9155278146646975,4.82787835081556,5.1877192360812785,5.103158833754613,5.097133522667993,5.011775961505641,6.033237424336151,-1
478,4.798738729563272,5.042172337976886,4.902548975551826,4.822256380019902,5.186575534238415,5.0968244362465915,5.087868667589072,5.026070636200799,6.0269846664432185,-1
479,4.799543705779381,5.024568256126573,4.891442998970686,4.816408919537056,5.183981944393041,5.088583017472604,5.079930553209301,5.038796848582392,6.0247696675577975,-1
480,4.795150887479091,5.0184295423534895,4.885304469430839,4.805861837392662,5.183491782660866,5.088672846426616,5.067964904370967,5.056028380743438,6.020063569280488,-1
481,4.788926155680035,5.005492602624193,4.888287608244165,4.798347890065216,5.189566289318893,5.088133905563945,5.0518098020929365,5.067183261465539,6.028034793503172,-1
482,4.785171459818077,5.003517606593441,4.888502503982013,4.799290502264855,5.204507990127936,5.082573058135353,5.024234690012281,5.0782742763470345,6.033472428190703,-1
483,4.7868009297914735,4.998911058117236,4.890463705812807,4.8043933189642,5.216553519101573,5.086279400521768,5.000428477124249,5.079493547807942,6.027447467803003,-1
484,4.785356687161665,4.996289640563161,4.900932611579632,4.806546030206781,5.227814779980318,5.091647119846102,4.97647429905868,5.085292303224417,6.025972535909448,-1
485,4.797299566752688,5.00130470694975,4.91594476516296,4.8181893006530245,5.243727683302839,5.082077802660223,4.962255275834305,5.080477570941666,6.031845687058539,-1
486,4.799636186077832,4.99189000534985,4.936717467061397,4.827284612848447,5.264738008195607,5.067744355638588,4.953837728406447,5.0754737293098975,6.0225995707957045,-1
487,4.810316171953493,4.98898479652461,4.956606624766322,4.837127893131763,5.283607604047081,5.051524234860059,4.945304941453559,5.070599368339295,6.020314459384532,-1
488,4.8204742841097765,4.969455957238825,4.986972439174081,4.854872337722973,5.298460999463576,5.025109758082132,4.943303665072172,5.06627328340701,6.02274670478268,-1
489,4.83193823156946,4.969796629454043,5.008802937615522,4.875979237377534,5.305550128483755,5.010195354296175,4.9429886825348115,5.066990179519543,6.025524029333414,-1
490,4.848398238341073,4.9776221196752966,5.033782223243109,4.892678736217775,5.312369280158847,5.006608568317371,4.951905645342594,5.071100665072388,6.016262514054529,-1
491,4.864331464984984,4.98351994528516,5.055055183913435,4.913346218511869,5.311023515302718,4.989069715031399,4.956839112804643,5.084112000608996,6.0203977756713165,-1
492,4.8741013670213515,4.985886097302935,5.068483172641747,4.933810384905874,5.31139651557337,4.979477736106727,4.96561308827181,5.093329040246434,6.023055561105145,-1
493,4.87373976420894,4.993881311767717,5.083780997672287,4.95196331342391,5.307054268919064,4.982336325854041,4.969789711468902,5.113280066434092,6.028384160001256,-1
494,4.871911190992455,5.015448733956757,5.0943881189551155,4.970464071330537,5.292666537445636,4.99234344778665,4.9743692902205785,5.134753062240301,6.030910052984922,-1
495,4.865795019436193,5.031876591717969,5.106879007592516,4.993184875580559,5.285937207295648,5.009218231285345,4.97480349254522,5.148712297566017,6.019138784241814,-1
496,4.8509154481451375,5.050664994599727,5.109938038983405,5.016736624799361,5.278918155577429,5.030893029943339,4.979380071935356,5.162582601273669,6.029500267894838,-1
497,4.841116366166172,5.061116824795432,5.108402690866806,5.033904354443207,5.281088951118227,5.049002613822584,4.981615994609653,5.166509484707214,6.027574974253787,-1
498,4.825603521244257,5.069900935453549,5.100584073415188,5.055675265357001,5.2834700175773675,5.060114717548641,4.984489375012052,5.178782187354706,6.027573840007617,-1
499,4.817830729302642,5.08379124594275,5.086100735933965,5.070365390556405,5.280326217039425,5.081703293544163,4.996555436356557,5.1761345056004116,6.0302215079894035,-1
500,4.817444408471396,5.09442773580759,5.075345274300283,5.085645450992221,5.2654231455879685,5.092805262655158,5.009765850535641,5.17505685367825,6.029687778204021,-1
501,4.814111099229564,5.094216447195298,5.057941788440222,5.096093847440592,5.243822273129034,5.096569392154021,5.0112524251420165,5.170600148657871,6.034582588185481,-1
502,4.819677003827033,5.086636317691606,5.036802016094588,5.116516358046067,5.227127491829252,5.101372850552913,5.017085759675018,5.15553890225641,6.028722794670589,-1
503,4.820919713469898,5.077892234681055,5.012431831597738,5.13443856157841,5.204049916448643,5.101482801124893,5.023037443893572,5.1422740898089385,6.032182484934655,-1
504,4.822546492376875,5.067701538259268,4.994585867563558,5.143278647620932,5.1865390958713515,5.102009390884071,5.024725002233542,5.11828466865669,6.034056837786771,-1
505,4.831822363224344,5.057361686855781,4.982709830030935,5.1663607191594245,5.15610195733258,5.110403167217367,5.028496280759146,5.100923822284437,6.022776062045203,-1
506,4.844501171321084,5.045083618115141,4.979431273548771,5.17957728111831,5.1153903943176555,5.117669816566644,5.021062136437312,5.072521467889409,6.030759094736496,-1
507,4.856309758963165,5.0308153998756735,4.984034521884097,5.191718998029581,5.080484535435647,5.121480559562255,5.005485136747628,5.057285520877982,6.020995444424873,-1
508,4.864704032249104,5.029821063610879,4.994636942741252,5.192915377855914,5.066403275738463,5.138683750137207,4.984144410191424,5.051325128973621,6.018796177332233,-1
509,4.882040256601018,5.039027923526451,5.007002645165473,5.19078167358807,5.060839458429071,5.155488400377196,4.9696363412501645,5.054195249404712,6.030135485144281,-1
510,4.896449251110258,5.050402820125498,5.027963398665421,5.18586403292278,5.06215150748415,5.164117860528865,4.955159383971901,5.063403208204002,6.02548954635665,-1
511,4.910768718802512,5.061366360718836,5.044793680594047,5.178573070318603,5.068600606826309,5.172334458613742,4.9440479778993325,5.071504463388047,6.029695379405056,-1
512,4.9330955136850605,5.070937086289951,5.061394100883002,5.171614794948337,5.081308703333212,5.185631724211251,4.933775811447269,5.083753583371317,6.031159279262358,-1
513,4.942044533428154,5.080432988716462,5.082391680422531,5.148570955914214,5.104137883482444,5.189433463083703,4.9338683211218815,5.090229845291759,6.03834556554734,-1
514,4.949826412897458,5.085191873300604,5.100978648496993,5.134316917458939,5.137673604065796,5.18812119552777,4.947914068996384,5.092656120697477,6.030362530617028,-1
515,4.9498569610885355,5.089541650141221,5.1201555071823535,5.126953879690426,5.169270138968938,5.180171680283872,4.957878211387843,5.085301206699439,6.02989403750477,-1
516,4.956958670316772,5.093460150065996,5.129614819680721,5.125563107278359,5.190380266980768,5.162659043170263,4.975844674965514,5.067405271368669,6.032310386477572,-1
517,4.959172719874758,5.089818667001574,5.141328822087646,5.128650540308246,5.211134634743503,5.1465530687545495,4.990889170762486,5.040394805790848,6.027300460333913,-1
518,4.9626667731022405,5.085956481093963,5.15108992372816,5.127575559109877,5.226562571896209,5.139155201326029,5.0018857136005614,5.011556243092774,6.039827330309987,-1
519,4.962094601243368,5.075204610440368,5.1621885570451935,5.128928782610682,5.2472506742892655,5.138824514598971,5.011141054511218,4.987906067621151,6.0243413094262195,-1
520,4.961882328710119,5.065765387782208,5.171754567501368,5.128490558197833,5.258955444139427,5.134799918921703,5.018094848101712,4.968838449597013,6.02706406042517,-1
521,4.963630326302523,5.060532335789584,5.175192681142173,5.134585148041776,5.270751924634106,5.13828857576718,5.025552842031224,4.954339137762274,6.036948058734579,-1
522,4.975589616724994,5.057834892842978,5.179316398500832,5.129331294568898,5.278142368089369,5.158131429139065,5.030105612983776,4.943846349980332,6.036831431665433,-1
523,4.9959714933206385,5.059325014347365,5.184466941917147,5.121053817111679,5.284605674202659,5.185518219485154,5.043778312208484,4.939940346806098,6.026373543069238,-1
524,5.008511682851811,5.049840288527028,5.185812960972418,5.109810931772894,5.289019766326273,5.207480114182333,5.052163389539487,4.939525341234254,6.043075794924158,-1
525,5.023433379698777,5.0436137347140315,5.192039934131833,5.099021188919597,5.283286296169231,5.2206945714274715,5.061747845637141,4.937722243380886,6.029897471210796,-1
526,5.026585363095737,5.044285290412797,5.190493166985374,5.083744468876181,5.268034237699907,5.23750382203213,5.073166623332259,4.928505717951545,6.028803311498054,-1
527,5.0427360315497145,5.0448234212866705,5.1914607970808735,5.065688342665707,5.247432992034108,5.250242591255637,5.081478201889338,4.9228763458043865,6.028112396752579,-1
528,5.059669040453704,5.045534625827822,5.190665888681335,5.056348404794139,5.234430655339818,5.256860328597789,5.090497379201152,4.911370871824193,6.027514590666197,-1
529,5.076978388497282,5.045510356477579,5.187317699496367,5.039705670426143,5.219415154059761,5.254568105291226,5.101831587121962,4.899191389471691,6.0405804332764585,-1
530,5.0854093364643225,5.0460318490022,5.181976435284555,5.03332014290424,5.209282337437968,5.24397676506347,5.108976096907867,4.886846762179262,6.033443068786405,-1
531,5.089023621215111,5.036612864462548,5.16181286901946,5.027140458639249,5.197287616146118,5.2350247918895825,5.10935246822823,4.872733797572855,6.031340313749651,-1
532,5.092638579619752,5.036440206146914,5.1487991366334285,5.030205517069037,5.186750457988826,5.2240019021142,5.118577411194225,4.862166901499931,6.0348485210413925,-1
533,5.088287066300507,5.033299336502525,5.133886245848594,5.025955723322214,5.174879704920796,5.2217640529428655,5.122273976632408,4.861400749208363,6.037328621963801,-1
534,5.09128217195102,5.0203442142112795,5.126222707299298,5.0270010147303825,5.176486060793132,5.218652231453729,5.115189345781802,4.871373972215717,6.030247411749892,-1
535,5.082713942424624,5.008322308805337,5.1192699455588775,5.028967838787493,5.177097741330235,5.2257311516964435,5.112340011509326,4.872666359492001,6.031809610825134,-1
536,5.079449963855373,5.00029629932935,5.1081572768862085,5.027123935827205,5.1701734790806535,5.235398544096918,5.101953491408371,4.880435227935566,6.031418713920918,-1
537,5.078030661686945,4.994606873622743,5.097262478091261,5.033468624357185,5.167253535140304,5.24799458229028,5.072848282548212,4.893440945849079,6.033362312516041,-1
538,5.078518429738512,4.99073856570328,5.084762040869431,5.045760002537056,5.167945075438809,5.259573430528289,5.050305573817214,4.908801194113175,6.033124825203367,-1
539,5.082138574697545,5.0000794507403254,5.078900643250798,5.062411862688335,5.174574401770718,5.264508350002643,5.031697512020284,4.937474941619318,6.028964084465744,-1
540,5.08429884900911,5.009328091880544,5.068475357953134,5.083063575661613,5.169786713146298,5.280883089852346,5.006218936954326,4.96244653833078,6.032358710337814,-1
541,5.094069604089175,5.024232400341316,5.059225446293546,5.106400810561721,5.187539108246554,5.29382049603777,4.987215811022858,4.977974622379801,6.035230066717427,-1
542,5.0993018351633745,5.039456257207257,5.038195049942027,5.1234435400484575,5.1917542077165955,5.3038767175404065,4.972229041917274,4.988958661954009,6.037487116692393,-1
543,5.108638459994225,5.057390090642317,5.019164943091432,5.14294960796004,5.191199860911603,5.304971822943511,4.96547502221013,5.002953956798423,6.0344475385988865,-1
544,5.111452171501281,5.081125003309073,5.003403970305516,5.162707316317886,5.185550654071243,5.29930997837412,4.969198285392432,5.013660832551332,6.023032803563788,-1
545,5.106523317940637,5.08982926731591,4.9920043698669065,5.183274443284481,5.172237562997024,5.286848098352979,4.984420701666943,5.02521271520421,6.0317183020085485,-1
546,5.101581393182039,5.107340248682492,4.986872172250819,5.1961528527251994,5.149447311409738,5.27880821808993,4.992314478168203,5.025519379267233,6.030711093090899,-1
547,5.09554963223628,5.1138608519724205,4.986622088181854,5.205543318097988,5.132915246903645,5.280559481414019,5.0024922621798735,5.014011510638379,6.0363034737361625,-1
548,5.0899717227948535,5.116914520188147,4.989419073524807,5.213481050631277,5.122259282315355,5.283590518776239,5.005692647550516,5.003804839286089,6.039408126152646,-1
549,5.085162775860562,5.114199691713223,4.994228965354203,5.219234737252848,5.091223285079128,5.291662749279931,5.00807903477472,4.99904364492953,6.029710615586903,-1
550,5.073606921210065,5.114074292056141,5.006129756972188,5.227733885551112,5.0677460905495675,5.299654068747549,5.015417101950714,5.005357843060381,6.03019051368483,-1
551,5.056148221900871,5.116282842199021,5.030134074215832,5.2313075591917295,5.04959412052014,5.307683429074578,5.021999061747241,5.005213827860865,6.031660439245404,-1
552,5.044604336512418,5.109595054524231,5.047123843773762,5.227566832479547,5.0319947483780645,5.32503564420113,5.020098097927933,5.005745828027803,6.042364875057765,-1
553,5.041244122332469,5.1125101314504775,5.064486651326089,5.219088830334593,5.028976016005236,5.353738170432286,5.01011718713886,5.0079392136787675,6.024373676714453,-1
554,5.034803699797263,5.100529033992601,5.082495952606602,5.212499588061324,5.02218547936601,5.381221465276004,4.994087744305608,5.008395818499851,6.036757069051279,-1
555,5.031569882565275,5.094809821193992,5.094766246269189,5.208072733490819,5.016109586431173,5.4006285289829785,4.981122209438842,5.007553348455103,6.036196160749002,-1
556,5.035494417090347,5.089261401660167,5.101999246501095,5.193798686772292,5.018138233260794,5.417819183799939,4.979866615422761,5.000720770306176,6.043777283714088,-1
557,5.0392908330726485,5.088222103539556,5.105143261351379,5.184354636265007,5.024115547993948,5.4264730812511095,4.974821652826785,5.001800619580162,6.031414520708711,-1
558,5.058255769008738,5.088032430747714,5.0966047123433125,5.1730220834472505,5.037304373911789,5.430506221274585,4.977650662682384,4.991373879400703,6.029379720204764,-1
559,5.088413726378038,5.086358053506723,5.073833652851842,5.162707716541747,5.046993193066537,5.43549115555943,4.984243925545874,4.9945394078242,6.025236259753666,-1
560,5.118609434912716,5.080825915394217,5.054912350425089,5.166174221308856,5.05147970778218,5.431538340484355,4.995477675264906,4.9853829192471855,6.0412764935720595,-1
561,5.150567298593296,5.072169844553416,5.040397521949667,5.170051699725447,5.045388186226903,5.420915930944267,5.015387843012058,4.9844634838450865,6.036774860785951,-1
562,5.187807055456042,5.067021657087699,5.0208383882103975,5.171044673943928,5.046217791863978,5.406378165925394,5.04569005771101,5.002019598956062,6.032786128125219,-1
563,5.219745486587597,5.061743454808321,5.006966287769914,5.171551315705743,5.041924748761878,5.392146376016971,5.068448466195647,5.020194564834336,6.03359964795857,-1
564,5.251388840643534,5.059649841392586,4.997030288353914,5.170571567251987,5.039856649929549,5.373865948477447,5.077838373993992,5.04056685690171,6.028827081184463,-1
565,5.27970110393231,5.056781600769131,4.981585431233682,5.166466009900673,5.039490523140457,5.357486202004182,5.09398786788733,5.054525348740072,6.031524550555481,-1
566,5.306421084032756,5.043427379256005,4.974799502210067,5.16549967237715,5.034465946633029,5.343295680589086,5.093219034055765,5.067246588651045,6.030731106030156,-1
567,5.323812395026235,5.028658358640646,4.974651542126528,5.163541606096749,5.031739829725333,5.3220560033955495,5.0843489483400495,5.083050110785869,6.037678479617057,-1
568,5.3354521604654055,5.012154651532958,4.981240398761118,5.160296758318763,5.0314433785001835,5.309601664341253,5.07413507665701,5.107254421561825,6.0326567265947455,-1
569,5.3423654181285425,4.9961512781330395,4.978612739950437,5.1520032797111766,5.033156630897912,5.300964232693012,5.058854650324335,5.114473782706224,6.034358138713926,-1
570,5.339450148527975,4.9859788284122315,4.974539766043094,5.148733486296321,5.039099256984434,5.297985990119162,5.040457251040868,5.1085482288362165,6.031113241009227,-1
571,5.336645917164303,4.980827383804303,4.961285224721044,5.147081455805551,5.040394716708287,5.295556822081222,5.023061210478016,5.106412564061475,6.037696120058589,-1
572,5.325205235666953,4.968178462789775,4.948286865733845,5.151457327689621,5.040355237271411,5.297737393147569,5.0105598940976215,5.103244015485489,6.042439264754283,-1
573,5.309883280704739,4.95581622186556,4.944298347194473,5.15727275327585,5.036564722546108,5.305233176758826,5.005333312563308,5.097519955822276,6.031612741908208,-1
574,5.2958640061478395,4.956242253220773,4.947917598965917,5.166844911639007,5.032945407675175,5.308318412322913,5.001590776363807,5.101335144600886,6.0372353624397865,-1
575,5.282060045144383,4.964623527376574,4.946053989919102,5.1825033452746165,5.0278823014319025,5.319230253101313,4.995230900489675,5.091941189112198,6.037977699395449,-1
576,5.26107400567301,4.976778017376555,4.9412082503709565,5.199129990679018,5.037549446204086,5.321196391497027,4.982246640036143,5.07648609669166,6.039223440814335,-1
577,5.244470215689626,5.002547088848424,4.941775164936499,5.218481581329454,5.054533447985126,5.323771732110922,4.970745176636322,5.064265007452191,6.0316074426156066,-1
578,5.23648293875921,5.0152818034235676,4.94453826659682,5.232246987640605,5.069828559139342,5.306637639255749,4.968230507281837,5.059284500032547,6.0314538633015555,-1
579,5.230056471861079,5.020500197892032,4.955375658410913,5.23375957542888,5.095045092436955,5.293520594372131,4.967002336289436,5.054414675940339,6.033961592164209,-1
580,5.234150461095607,5.025210686902623,4.96929680214356,5.235522964062174,5.11909565628116,5.278161370885628,4.960750693580716,5.054341850881243,6.043544691842547,-1
581,5.239019095747385,5.026450165069523,4.9803503058378755,5.232054179170052,5.1547580813580485,5.26180339592218,4.946895623770539,5.052141282268606,6.027721317129521,-1
582,5.2430084647783755,5.031099514251499,4.997275515399822,5.221129609382445,5.199733632449341,5.257061491199944,4.932451818946427,5.045528616089861,6.036994499918377,-1
583,5.253419285323747,5.029465654108463,5.021550125013205,5.196918550552207,5.241210176580301,5.243792251008483,4.912965474260003,5.050288838283312,6.036622452496392,-1
584,5.27468963437141,5.039559281634589,5.045149027870637,5.1689720772719046,5.277708137806555,5.234125779228507,4.90354541240944,5.062198398931899,6.037692081465944,-1
585,5.289145502444898,5.037314663702597,5.062926578195881,5.1467964448422565,5.304329377922502,5.224697132325068,4.899730854791637,5.06966828355787,6.038137641741904,-1
586,5.294775861952969,5.036780688779409,5.088354747934359,5.123140942621329,5.324577833730451,5.2280541865495,4.888135975176649,5.080977759701887,6.031549815977504,-1
587,5.300885253554003,5.035116451835302,5.113629521423922,5.1039241530054476,5.339333712226607,5.224503376876964,4.881645568158271,5.092955714625123,6.0445298418600935,-1
588,5.2940305641943795,5.037636877415186,5.1415569762188005,5.089893828708269,5.344319077884671,5.21430993610994,4.879918376638188,5.105418462891854,6.030568164224788,-1
589,5.291931071363438,5.049973664248369,5.170659520055768,5.078204321788844,5.340312348909622,5.202217783924253,4.873825417807741,5.114505361765661,6.037435208901773,-1
590,5.284241721779011,5.057963803340261,5.190738148848584,5.0772724774787426,5.331387308308304,5.190002050425992,4.878520363989345,5.124786709798861,6.044083562877534,-1
591,5.274078331621385,5.071134079493451,5.19811017642742,5.084106509687284,5.318901119690243,5.178089749226421,4.89612204896809,5.126012436488032,6.032469276125192,-1
592,5.253411274415624,5.073787835445118,5.208298362753264,5.091168100885058,5.298176261015536,5.171612412546176,4.923550475556263,5.129956828248448,6.040482542806719,-1
593,5.2424228694208574,5.088283584297166,5.221487108418335,5.106650315220823,5.283294287489949,5.161328305929604,4.944268058630143,5.137669613037864,6.031627909280466,-1
594,5.246891492134858,5.115028086922852,5.226371626085458,5.122587651004281,5.270061003422695,5.150470448196271,4.970871686071966,5.13896395010023,6.045437152594186,-1
595,5.247504394800801,5.148378922373816,5.231089552751523,5.143871416667579,5.250118282191089,5.145250968365124,4.995277585997952,5.136738484257411,6.043326528776025,-1
596,5.248947018937215,5.191472136724858,5.228196703843463,5.157365559238884,5.2321758533308085,5.152238139066374,5.0178123611382945,5.133398573817525,6.038303819330234,-1
597,5.245950394415691,5.225882158405408,5.220529769319768,5.174821846311473,5.222878229440827,5.162149464728615,5.045756502400482,5.1394268708762265,6.030309597003825,-1
598,5.2479221045718765,5.244553505168912,5.205035421355249,5.181790190463727,5.2091495199710565,5.168535302611978,5.0727307070327186,5.14106430622425,6.035967871308787,-1
599,5.259065170822162,5.25463993598547,5.1886545152445755,5.195899948446989,5.211925064782132,5.1791390474523435,5.09134719896068,5.152936990449094,6.02764178643188,-1
600,5.2686428130703415,5.271605223118722,5.165812424986998,5.205660051026206,5.222689948023461,5.180450994639824,5.102583929997854,5.151883186710284,6.036357602808964,-1
601,5.265182646629471,5.271777833030358,5.1450391900651,5.190804292944732,5.223167624968012,5.184294271405178,5.112427619652809,5.1513976018959164,6.024702903556859,-1
602,5.249076104845798,5.261589633935891,5.134478291567273,5.179855598253699,5.236790560047161,5.193402239105026,5.124809741535719,5.156600199170718,6.035917793338322,-1
603,5.2355349571235354,5.251652510650793,5.124211923592434,5.164576787907609,5.248582817147595,5.207947865960693,5.127079842776224,5.172708595275104,6.037279683960421,-1
604,5.2229608352283075,5.235091064391195,5.107898535745925,5.1501095852592,5.261720080313326,5.2168033315296345,5.1396210952367,5.186453538368804,6.036185622682144,-1
605,5.210175271313739,5.222552969826539,5.090642187417791,5.132275715042226,5.271313104825688,5.224737648355896,5.14683778887896,5.194863136326014,6.041430216233677,-1
606,5.195838679383972,5.223896410394545,5.08233884644873,5.12367806554285,5.27974892832561,5.23396946925823,5.164091831578839,5.2081987565332275,6.032185732076494,-1
607,5.178475110810512,5.226100810747614,5.079453879977757,5.118549804867482,5.278137748855105,5.239488386625609,5.181191446396997,5.211653763189382,6.040272406574683,-1
608,5.157552389467667,5.216083459926495,5.0830671174316855,5.11581587672511,5.271989251845154,5.242170849939758,5.184111576158413,5.219556300400352,6.039040497920768,-1
609,5.149167407126317,5.2139936032933685,5.086257742308249,5.1264956132130095,5.279247246130341,5.248289659751498,5.188748279114579,5.231663466757648,6.041030919865538,-1
610,5.14677368499784,5.210463240975653,5.083856186770916,5.118064888485789,5.278656853160698,5.252107066222484,5.18871406086249,5.235707887760271,6.034141186485083,-1
611,5.150400683319033,5.204606582758876,5.086670854216947,5.111103675858007,5.280627861811518,5.236759114074634,5.196516479263014,5.233098350925499,6.038831816773206,-1
612,5.155001260745475,5.195308410824199,5.10462336469838,5.104109298588617,5.282114852832908,5.225578378380369,5.195695494259541,5.223741832625632,6.043582013214251,-1
613,5.153053519153194,5.193545577235755,5.118222301203465,5.107569153150349,5.279487361603562,5.212493111567404,5.203502470496408,5.216716167197064,6.034522486053211,-1
614,5.148038090081118,5.1948917271788115,5.130732840318712,5.102744240273256,5.280864970562451,5.192954171688647,5.203467170328963,5.210619304470747,6.035962594670193,-1
615,5.142428318390408,5.197632759835888,5.141902019085223,5.08996319806141,5.288034272493875,5.17534454059545,5.19991247047549,5.206325521767862,6.036671300350283,-1
616,5.159324308852957,5.2018528616087325,5.1511648911597785,5.071372304340027,5.296640381624507,5.1597928368356225,5.2193396708711415,5.198404167021507,6.037973722206601,-1
617,5.177924510616972,5.204486813787828,5.160190381905351,5.051345871403081,5.292839683160575,5.138054032326117,5.248369201941353,5.181390173147007,6.041738984364133,-1
618,5.195739003749036,5.213432582475197,5.157445239682222,5.043479203156506,5.287873306569471,5.120188550586849,5.270090740201392,5.164086091807845,6.038442354976063,-1
619,5.2064416260907915,5.22346255439396,5.15107019629648,5.038656959036814,5.285142898283961,5.108184560216654,5.27991535848229,5.1480697708733185,6.029917065028128,-1
620,5.2155682600063145,5.227771129961817,5.134831291205821,5.034164320210574,5.281224093015054,5.09862923607666,5.297865915005179,5.146114173725871,6.039193620852293,-1
621,5.229904431567556,5.221586320760268,5.117640488472611,5.025615815702526,5.27344888606952,5.097997539180471,5.320078177700357,5.139369847296939,6.036350427752615,-1
622,5.2484544086749585,5.207097103634777,5.099651167728302,5.00669200291209,5.2565610857851635,5.102486257093749,5.335081617423754,5.1303562533226765,6.041478009380155,-1
623,5.263479934301671,5.186853573428171,5.080277743982777,4.986160784088687,5.240627676987536,5.1143364847508614,5.346363758070215,5.119155075922131,6.035638530749486,-1
624,5.270015708102974,5.1736664011885525,5.059104307703922,4.97572617929686,5.214974666977077,5.126173542943983,5.342949327297008,5.112548731330058,6.040857632222214,-1
625,5.269122179728069,5.155558069882847,5.037589968707089,4.964938249290315,5.194665163529803,5.136221919450308,5.324346660732128,5.108642988641774,6.049476355318138,-1
626,5.25869352468243,5.139677766939101,5.026618416333361,4.958754963612654,5.179294815811909,5.149266406488343,5.307050837073507,5.10358369013269,6.032000114600912,-1
627,5.240376615640687,5.120874493740958,5.015881755669366,4.955723517713049,5.164595014965543,5.170264255318628,5.300353067322959,5.095487859445677,6.03564302064899,-1
628,5.227048161486543,5.118211176922453,5.007594783036387,4.959596778931966,5.160057237072598,5.189814969380684,5.2881350310944395,5.092599445177276,6.0375789253265015,-1
629,5.220388511418676,5.120056016598999,5.008780629635588,4.963068195118515,5.157042645552424,5.195295718791667,5.272376213045246,5.092788189292108,6.049476525896649,-1
630,5.211741029785594,5.12347685629591,5.009623504721206,4.984737146939722,5.15601767742308,5.201663741339144,5.270631797162869,5.092813668217903,6.032428963797284,-1
631,5.203007262544959,5.128763406740607,5.001113604445558,4.998563181477209,5.144590420718132,5.194789170829871,5.268282124479325,5.089210688965403,6.026735028738669,-1
632,5.193530724760921,5.13633153725621,5.001535403371986,5.0115847562525,5.140514736197507,5.188249021850427,5.265749842184503,5.087951725307243,6.039404616413959,-1
633,5.191744860320886,5.156091320812687,5.001999407598151,5.036635586395309,5.129311782324351,5.185888620130745,5.2698444291900595,5.103216911504914,6.037026507106187,-1
634,5.197810572430138,5.178311365800824,5.0042813986978265,5.057339297857981,5.107958914066376,5.179316894150089,5.274797805599306,5.124019343237213,6.045984610707794,-1
635,5.20925315349452,5.205121275512593,5.005894647745164,5.074687098998966,5.08758585916049,5.179338053196175,5.286172239073562,5.1401866478551685,6.0363823992292405,-1
636,5.228265481822124,5.222613906741641,5.009788176322887,5.0802141380367765,5.062775303281796,5.171899534891662,5.3032388803522,5.145477109421602,6.037749249333302,-1
637,5.245861614370655,5.233997304478569,5.006667437210678,5.0876023959101415,5.046066291611196,5.170564314800333,5.317177964316258,5.151376485875926,6.042645094536404,-1
638,5.264136029359879,5.241946327855711,5.0045653682755535,5.0919227120785475,5.031281142330201,5.172045749018073,5.313614253279784,5.152774711497216,6.032385656528639,-1
639,5.284899347859618,5.262160245628193,5.010570056104509,5.101802517127384,5.024862264750199,5.173377159505935,5.314549618726821,5.162944986280466,6.038685120070677,-1
640,5.292827101112663,5.284040820771738,5.01136989218037,5.116477512039943,5.01842932228999,5.178229575903764,5.317802950027216,5.178048916056617,6.0507879201890225,-1
641,5.291130910396851,5.295777358096039,5.016550141998332,5.116265216224404,5.02084105214116,5.181571646716251,5.307350496715583,5.174467966458087,6.042947437260222,-1
642,5.294281394825601,5.3036022040429325,5.017958642093174,5.122950152527321,5.032135617199467,5.192878031003891,5.299978663366436,5.162109634453689,6.032801846967107,-1
643,5.305225464727842,5.305278718955994,5.023108322306897,5.118745295109917,5.0418455015554695,5.192574203736144,5.285249086297562,5.148063676857815,6.035398076332004,-1
644,5.302035441775272,5.315244563054675,5.022567665637061,5.127530448650775,5.048770301647389,5.188875996596183,5.2648596015932,5.129012007319332,6.0341497058846345,-1
645,5.294957682511119,5.329568934946553,5.024737094411895,5.125007589497349,5.04875624345504,5.189815928243626,5.247198230992893,5.110274217331693,6.040335061231367,-1
646,5.289036455594402,5.333135212737369,5.029998715558041,5.121910705018814,5.043832964006464,5.187573293299251,5.235192445323019,5.102420869113135,6.047709986162511,-1
647,5.273578533348601,5.33125285522858,5.033241186652981,5.117915347843,5.036638135316335,5.184448039168458,5.228871646582629,5.085808690312934,6.043305131357612,-1
648,5.260434964115323,5.3275557580199555,5.026938697408224,5.109561338661216,5.025775369587812,5.182366600395793,5.219972812855211,5.061793193765463,6.047135467964756,-1
649,5.248480068172677,5.317022853758275,5.01321321930107,5.1033995609941485,5.009928801456525,5.1776626238144585,5.2209140994675005,5.046854429796257,6.038542459457582,-1
650,5.221801600986877,5.299759692291895,4.994733184907011,5.094545730996707,4.98188976070556,5.156686182790261,5.218586932074508,5.044590950713564,6.045742257015767,-1
651,5.1917963804505565,5.287415104263607,4.9701820027957515,5.095370180647097,4.9507538413933645,5.136832782297694,5.218859182843969,5.055664965137334,6.035952532104542,-1
652,5.173237895876526,5.261797071119138,4.957401266756197,5.084483418489962,4.925923057589823,5.125074115556469,5.217523338086334,5.074702353935354,6.043150825856653,-1
653,5.159885352929942,5.239413026296941,4.958182297844373,5.081523683935731,4.895642240986422,5.103889083582942,5.222582864638817,5.09375169165892,6.038266717365174,-1
654,5.1461597032838045,5.231060457147005,4.954512541333987,5.069292528394792,4.872644972555026,5.082054107741248,5.231356576667507,5.105511324578636,6.042887913095274,-1
655,5.134207635130034,5.2255679551364125,4.969252361026254,5.058323382491331,4.843880659372998,5.070554735150089,5.242619029102972,5.123051115907664,6.034954322642218,-1
656,5.138266435560511,5.219401534404393,4.999646281802445,5.050084590791125,4.82147888189357,5.05826335704992,5.253155474067434,5.145195287187698,6.0490736534147995,-1
657,5.131522462374197,5.222596463460116,5.034864222061927,5.04991579429383,4.80499140101172,5.046042361217743,5.261952342383561,5.158417239281192,6.037348678668168,-1
658,5.139026938686715,5.239238916163178,5.063924516708405,5.042928627713524,4.7990543719555045,5.046726658887897,5.279780644824494,5.169519156710989,6.039042386038709,-1
659,5.142714302831089,5.2479174543991824,5.10157500904572,5.0374098187274345,4.799140105890257,5.054014525971575,5.300263532547733,5.167163772459183,6.03818991582177,-1
660,5.144072875087468,5.2572555746461145,5.130728702463377,5.045161888240164,4.800901656765191,5.053506880335852,5.3210453910116495,5.167278441079004,6.045685553024712,-1
661,5.144104957212241,5.250199702567523,5.147972985684091,5.0500494972405745,4.810896033723223,5.058704655086399,5.33524408697964,5.166941820852653,6.0418930244339455,-1
662,5.13521020816928,5.245027330387722,5.156473068093997,5.058516801825698,4.818065477414814,5.062614802892196,5.342100825844509,5.1634606304550275,6.049803802341997,-1
663,5.131181001216698,5.235104521496965,5.1566775506378075,5.066394199693883,4.832142225953287,5.067406930540281,5.345734121840475,5.151892293551895,6.036011219283026,-1
664,5.11468015462619,5.22123056367772,5.149888474059448,5.072932579070417,4.850088163661532,5.067703328830149,5.3565355713120635,5.137377453297317,6.035479385263942,-1
665,5.104462394933553,5.210403872930275,5.141205683413786,5.065712837761396,4.870646424778464,5.063120077616249,5.371010326549646,5.13283056063538,6.039167975454986,-1
666,5.087143488683338,5.183632689595242,5.141594019618436,5.068473802927541,4.890205713908418,5.0568910610736,5.383341156760921,5.122298776864722,6.0375357004714,-1
667,5.072231344818297,5.162388314795167,5.1407347255604545,5.068977392041242,4.90367788817785,5.038752237954712,5.393149242340569,5.111893535171559,6.042499094932803,-1
668,5.057255248758795,5.137886631591653,5.134704663216342,5.052452835060881,4.910667107360098,5.030294282595971,5.406379111985788,5.095432309599636,6.043018471410418,-1
669,5.049520137618847,5.118485922520098,5.1265470909976205,5.0347024002581575,4.9143403189840535,5.017122821428336,5.415940644609341,5.081658185994348,6.047686933098282,-1
670,5.053138689959005,5.092488848089623,5.134642754016141,5.017749078219654,4.918366142756482,4.991644578989147,5.429456952752898,5.077912030374184,6.04617942283781,-1
671,5.055869550293169,5.06010744382267,5.13654034607738,5.000719105358764,4.9230811283669,4.960141839373765,5.439915151566251,5.090213762019125,6.045494826052483,-1
672,5.061811947383051,5.0296758947166085,5.130099240636463,4.975214269669927,4.924394985664048,4.935894224706004,5.446220632721035,5.0997399038666655,6.039919241988316,-1
673,5.076270477324956,4.994003052602249,5.120471286679203,4.963153705419748,4.921187878827007,4.924869053816971,5.450880353565444,5.109975149563137,6.042216262004466,-1
674,5.094058342720587,4.959830084502923,5.120981757241875,4.950348320303483,4.920693612719932,4.909907025551631,5.4616229885028,5.1224443398729855,6.041670863816111,-1
675,5.110298768525629,4.924068357482691,5.109506508223808,4.945345952869941,4.928853807400877,4.897698405406986,5.470339441937097,5.14093709342573,6.036109829695775,-1
676,5.12450849586936,4.903705991733164,5.1009423852975315,4.9541965353508965,4.93917465740446,4.882712344206644,5.474213537041346,5.154522624266658,6.041380377823354,-1
677,5.12800746403898,4.8907326140267955,5.091013062080357,4.960813757030932,4.965926888639426,4.87048391225635,5.475191207402805,5.162565111495944,6.036538905728369,-1
678,5.12892970942438,4.877535778547634,5.073648836968744,4.9650594348878325,5.003955137519679,4.8706871969728995,5.471885790416714,5.164638533537708,6.0296106076281575,-1
679,5.130922764321044,4.876912021537649,5.05813328248883,4.975630311168511,5.042690079350447,4.871317328558107,5.4645349766465765,5.150292661590759,6.0374031088006515,-1
680,5.133121021105257,4.8658748972454715,5.050390375801339,4.983937998058686,5.076019314346356,4.870474857374781,5.459282407928111,5.143699958312462,6.037169234324123,-1
681,5.122366776430255,4.859166331191224,5.043733311317787,4.997328105717017,5.113086229514618,4.8713423781037495,5.450705009448986,5.129193450367547,6.045103424234533,-1
682,5.1099168064609035,4.858519142195408,5.03748298610008,5.019498272087663,5.149650081282701,4.881199672049255,5.431489345020959,5.110142732706429,6.0451679969432,-1
683,5.101501189360617,4.865030643720456,5.047475711323863,5.036713580037198,5.175381317066843,4.8903081153901145,5.403238858430466,5.08774953592504,6.040485266931804,-1
684,5.098679279044645,4.864483996496833,5.054599380211422,5.043981715481176,5.198062966476657,4.895478163740362,5.3762949232416934,5.068931255303446,6.042201358194904,-1
685,5.106511103069241,4.863978883030487,5.063540656177239,5.058757193841099,5.205578896318671,4.904296055876689,5.3477066661760055,5.060572694719118,6.04247809591322,-1
686,5.108110459459379,4.876814877524234,5.079080204999164,5.080023591300955,5.200233149658205,4.922648687540565,5.319749863921153,5.046774617115634,6.0492707588098655,-1
687,5.105979675655748,4.885256905337202,5.091883454096982,5.095991334165875,5.192966593630592,4.943478123684697,5.292820014776268,5.029497809735833,6.042197936213458,-1
688,5.108936179371319,4.895551682591227,5.104218878241719,5.120964089357454,5.183940392354433,4.96238512081193,5.268959350208363,5.010784935814265,6.043306086061199,-1
689,5.126826125800695,4.91152767746893,5.118511982467678,5.132912625061421,5.1743557314272595,4.973038043223433,5.244700281718565,4.995955786449395,6.039423993466757,-1
690,5.149181466564062,4.92932917553477,5.13270531198801,5.1352907487129,5.164526338956948,4.975751496247285,5.210405841122136,4.985681114975451,6.045614266994033,-1
691,5.170523433293046,4.944047183192284,5.146353638818901,5.1429063309022,5.160862465566349,4.971340720289069,5.185095164103867,4.983492455806231,6.051658129431707,-1
692,5.1857528560089445,4.960349697945361,5.160337796298649,5.150249406354156,5.157817499320168,4.968214333664687,5.168383880844772,4.988069035501859,6.0498678660558,-1
693,5.200751843531224,4.9698559976722665,5.16968327809233,5.160569497803339,5.1528378346197625,4.958079248199635,5.15696018378183,4.984794350166523,6.050079172604002,-1
694,5.220958581901069,4.971749713545366,5.171415797915835,5.164426841255354,5.154549375152456,4.940904346460133,5.150182371444836,4.9931656441062415,6.046547832175589,-1
695,5.244428968273471,4.977543069580845,5.170396025995988,5.167921641102895,5.155880369518728,4.9230594984836475,5.145852923206144,5.017687942845207,6.042028822990824,-1
696,5.261545384084852,4.984816263445314,5.176583276376368,5.1530211771089345,5.1691458579403475,4.900402068360679,5.136090876261611,5.045315405927591,6.042039898280342,-1
697,5.277317939324599,4.983743510798306,5.180520527871795,5.150297554711967,5.171079570153494,4.8706375175557906,5.126733091494625,5.075317456988611,6.046610715577046,-1
698,5.28847949695938,4.987504849215892,5.181492267794976,5.142579831820865,5.173366070389385,4.843451963850548,5.132342746487459,5.111537623259892,6.041937159617362,-1
699,5.292420329831466,4.9884036889949614,5.17998549659462,5.126793945948789,5.174256820661439,4.833007266144909,5.131953433686039,5.134771737126319,6.038382420231232,-1
700,5.296623360842408,4.983399270965126,5.182672605975962,5.1088484929846505,5.1820144704836295,4.816383037270724,5.126674685818932,5.145371803654175,6.040107290974004,-1
701,5.292159070284021,4.981578447073709,5.185311248110473,5.085178470504369,5.185646370389999,4.808786299889363,5.112607936113127,5.160887554993362,6.041199650999494,-1
702,5.2899822034062085,4.9868045696842795,5.1888020749231965,5.060610331577965,5.180495305639093,4.796431572743643,5.096039923307914,5.172268983456058,6.043341572372349,-1
703,5.285275056788981,4.984011259455038,5.19405207913679,5.04205860871209,5.172293641853167,4.7892153038855,5.079534930776196,5.179298211400765,6.050903566415863,-1
704,5.280588975656695,4.98382648581204,5.187592289825536,5.04309138579137,5.165165212334089,4.793646904196631,5.062718628374727,5.181073901304221,6.041101850311437,-1
705,5.278236990516995,4.980977686079048,5.18482933964955,5.036386650647881,5.175242564799986,4.807557764530954,5.051385031114859,5.185109768393951,6.04063168074741,-1
706,5.273734979131033,4.9716420094066995,5.172164986205587,5.035109419305005,5.1859935606921725,4.819758247002928,5.025878112621249,5.1837072343457145,6.044999146593464,-1
707,5.280296822910101,4.9581789666624445,5.156977307377223,5.029177064833373,5.1985202721410175,4.827391319058579,5.006777708646149,5.1925635367036795,6.047074894142387,-1
708,5.278314016440413,4.943869255858214,5.140645888001946,5.026281851353912,5.195088800186968,4.842826626101732,4.9877148703202625,5.209468579982661,6.046847830227179,-1
709,5.275553825164417,4.940470700760461,5.135191476547658,5.021850173757188,5.200340158348404,4.85555191883935,4.976625505174592,5.211612642499972,6.04231703324508,-1
710,5.2733388509502355,4.925949321006782,5.11718252335908,5.019555062140137,5.21957691330783,4.878890851427534,4.970035965558431,5.211937563802099,6.043568177135643,-1
711,5.265149722325012,4.912772512720212,5.098882737672229,5.008602408607387,5.239247355706372,4.897779534818282,4.9633376637628235,5.209754175328165,6.042004786559145,-1
712,5.260891526140497,4.909809391837099,5.093046820878699,4.996879681065232,5.254576628186992,4.921856219112877,4.952110311062279,5.205254402041826,6.032730904732018,-1
713,5.246856871071381,4.904994719805332,5.090377784258288,4.987172586638847,5.255736832666855,4.939164197050938,4.936129870802099,5.196533942209457,6.041359263169098,-1
714,5.2312870396771585,4.899589180381471,5.094639059260256,4.970785809332956,5.246027787272494,4.954970170642882,4.9242314829075475,5.178930000375506,6.046671103881319,-1
715,5.203963708817274,4.905510809851838,5.096487989782791,4.972589113290742,5.241363778513538,4.9791337514693295,4.921415653981395,5.159179959743538,6.044589709291722,-1
716,5.183104024286557,4.922220925143883,5.096594220643378,4.9821021934204675,5.244993757958775,5.002828997756666,4.911458651013416,5.134209092350185,6.0511909513334,-1
717,5.163088794147244,4.941454902361759,5.086940531927671,4.988346520581523,5.246884860277567,5.0282177515469675,4.900039100317265,5.118351666786731,6.038849298873843,-1
718,5.141046940572396,4.960537029888553,5.088770911839299,5.001156463860548,5.240619349687719,5.041920428400338,4.88961788943716,5.103357761126077,6.040380102969729,-1
719,5.130907871069006,4.983615922815945,5.087445191356072,5.011988409477483,5.247114941397264,5.051373630150455,4.878108801343956,5.094062479262335,6.04654061101647,-1
720,5.12074794460369,5.002513316342879,5.080608583755394,5.017990691143411,5.248853456798927,5.050187422985163,4.873134552270643,5.086734652603429,6.038894084417604,-1
721,5.11389944744253,5.032182211929048,5.076624291736514,5.0212208940509795,5.248027617996505,5.042840500111986,4.875811475330936,5.07402277171381,6.036382075282227,-1
722,5.108143460526539,5.063266232527848,5.064816790045267,5.031874218300235,5.2502461922223045,5.039309612562401,4.885135035860785,5.065199670422693,6.043542803992781,-1
723,5.111715951627937,5.084489788530064,5.052647923091512,5.0254189894764005,5.245079204968499,5.030903067310918,4.889905581486252,5.060468289322181,6.039432687069928,-1
724,5.120017769632349,5.0985915787182075,5.041186155216648,5.012959135014739,5.236028629972768,5.033770472736728,4.899159327057601,5.057793249055687,6.041304347720299,-1
725,5.124932230134844,5.100406320675307,5.042990295401269,5.007687187249134,5.223632150251795,5.034538507756253,4.909721064821872,5.051041228488554,6.049177577389597,-1
726,5.132353324089886,5.103144281268595,5.047696284250646,5.002705093243815,5.201186124522859,5.040470700866116,4.910010962878716,5.038522778392906,6.043953476736429,-1
727,5.137452582217582,5.105787938820306,5.058031127757136,5.007021848682268,5.167345916148502,5.05580920981221,4.909659290104763,5.016584947449479,6.044563835307939,-1
728,5.142774643856636,5.108700574701877,5.0752178685648355,5.021641148111284,5.1391326333153575,5.079418998296372,4.9034061200337495,4.988375787537693,6.051031761316909,-1
729,5.153298604417898,5.1103975994589295,5.091708884710089,5.0324440052252895,5.119913501145391,5.1114420651781,4.896542571553434,4.963790747075807,6.047174625587853,-1
730,5.163612718892683,5.115621157222778,5.102304393785877,5.038618805859949,5.107960887659857,5.13231910811007,4.888006968138435,4.949720455837542,6.04572719566575,-1
731,5.171114898492634,5.12085351343896,5.1158588645811145,5.057181448099668,5.096045005410992,5.154430865574884,4.886465903727209,4.936573667802945,6.041280959393593,-1
732,5.180415562248677,5.115376091981921,5.123786369364598,5.074403524421662,5.094532443902075,5.1605028506381565,4.891914786413174,4.919097383157687,6.0409816939167875,-1
733,5.2068267591246356,5.117486980201283,5.122832738011741,5.091329115874268,5.093045303485213,5.170066263668262,4.89730065828318,4.9016171382329325,6.046847507866275,-1
734,5.229908051406867,5.1196404990654045,5.116888334170134,5.0965196269154704,5.106071885247539,5.177872722695859,4.90573990270134,4.891695808659039,6.039254388078023,-1
735,5.252101117621849,5.113674826996412,5.106107567357472,5.099718042745604,5.1192230297652435,5.171353255645352,4.91684715694792,4.893224092291668,6.046475845389055,-1
736,5.278627449570393,5.100286009270938,5.083157235051397,5.098296589201285,5.133329811772548,5.15167555961707,4.936013951063255,4.9076558275909665,6.038720423533952,-1
737,5.2912201126073155,5.083846411291084,5.04671398684986,5.105562493441452,5.139904550248741,5.131972866694975,4.951278620278078,4.920082317023424,6.046681411763781,-1
738,5.313001917908274,5.073420492877465,5.010863638151418,5.109164450402484,5.145066883723011,5.112490885068027,4.965526259241638,4.921095834665753,6.044695522438189,-1
739,5.332683971841477,5.058386114151919,4.982454246475027,5.105472936929432,5.160044768989357,5.098577501478223,4.980703455302481,4.911207726960715,6.045414626761295,-1
740,5.353777529896214,5.046546230013172,4.969155444874209,5.103782942651206,5.165024504428423,5.0910133768619374,4.983350628509306,4.9095596754589845,6.033646358212136,-1
741,5.362456188859499,5.024158023569543,4.960159919853359,5.097354513240364,5.173175484699986,5.081743266171745,4.987391572013284,4.912646337144378,6.049018383128998,-1
742,5.37209490721665,4.998699037068312,4.9517125200880345,5.099737431866149,5.175974494224099,5.075995437070944,4.999638786329147,4.926354477394584,6.041577227774882,-1
743,5.375323935152885,4.989372182569624,4.952692606426256,5.101491330597906,5.167635015031653,5.083862252428406,5.012503412636535,4.937066843492151,6.049558804911192,-1
744,5.373316988188172,4.985757857963032,4.957188047622048,5.096617278974486,5.167105554621281,5.102830495104794,5.019873560697831,4.944965633493638,6.050624307048983,-1
745,5.379160030159374,4.993616274804625,4.976288657630235,5.08901817245562,5.1723274227698095,5.127690839320137,5.03569008975915,4.950928309787885,6.036409356184879,-1
746,5.368822099886042,4.998504234854283,5.013419721143632,5.095345209856943,5.164375845528268,5.163722500978785,5.047954884195363,4.966955002144234,6.045278276450139,-1
747,5.36999216093958,5.007862732811067,5.038347245494534,5.108198987041035,5.148379653463973,5.187191559639904,5.046073226462102,4.988006830386537,6.046073374965645,-1
748,5.366361305189747,5.024892227757185,5.060152406533357,5.120774974095523,5.13403213352574,5.209901596351163,5.045073955055188,4.999720811240547,6.0577540602729885,-1
749,5.370535619885103,5.05596375691136,5.084554413831958,5.130345314612201,5.113575772615388,5.231983962100636,5.043388059569224,5.016715051781566,6.03807954004197,-1
750,5.375708372984626,5.091607031488742,5.112917231951029,5.135563591104931,5.089771268713504,5.244847981131461,5.034432760533623,5.025545983909122,6.042229640721823,-1
751,5.383091175356111,5.122755562006118,5.144094434940754,5.14254068589592,5.071749160485101,5.254828979403618,5.033961617831782,5.036218239117384,6.050466176028142,-1
752,5.382521000316013,5.156414205391618,5.175558168928324,5.156128023351401,5.03728840412586,5.261506245324696,5.043942351342648,5.041914342053396,6.044756525775978,-1
753,5.388633204740501,5.182889462419242,5.1958088316298925,5.169933943819733,5.000688235555539,5.2619668626061085,5.039797327625267,5.053831318390323,6.052218359813168,-1
754,5.403026226291374,5.19460455852627,5.201398958731013,5.166248358476628,4.9700052708689855,5.249049444320229,5.036528031993023,5.06896953730146,6.044978679775737,-1
755,5.403556938547929,5.203901486942032,5.210459421215061,5.156469779516637,4.945122086174064,5.228412099005569,5.030097251050032,5.087080747685418,6.038614686712559,-1
756,5.395263960280863,5.21920286141836,5.223381856808317,5.147829306439101,4.926036245014612,5.209753801169863,5.023215101144114,5.106348283777097,6.04841973016829,-1
757,5.381225919359156,5.2203484438483825,5.222205366906254,5.146126771424098,4.917512587478063,5.196249633213531,5.016876411481847,5.123057615599712,6.048607643011215,-1
758,5.365322255836231,5.227332354542621,5.235511068639939,5.149190025625622,4.9133227533351205,5.179121746240742,5.022953867472969,5.135314719096189,6.0442242185117845,-1
759,5.352048665572156,5.225157743368099,5.2448990107754065,5.153073079980313,4.918263137008459,5.161250253542502,5.014838320395215,5.145761754667201,6.039166376421436,-1
760,5.342649487593169,5.220600899392753,5.264542452214145,5.1560618195493095,4.924259464063779,5.135010774414206,5.006725061159837,5.149882760071116,6.041683953254139,-1
761,5.332612805564934,5.209630696550487,5.2840751782444535,5.155949174859086,4.937208839788694,5.117038446748136,5.004881699272558,5.151871223891934,6.043435504395925,-1
762,5.328889531482353,5.199414727539493,5.31689573458762,5.162883440577271,4.950585986516703,5.102639587337603,4.997820383594387,5.145626418839447,6.040007895947703,-1
763,5.329240613769343,5.191615394611619,5.346165755755617,5.1687378869933704,4.95433288487717,5.1019918014739485,5.004456706794969,5.140065571407566,6.0498352634484585,-1
764,5.330717812403119,5.1819979057410785,5.363681989628247,5.176104680140508,4.956225812481483,5.102736598623161,5.022676062054302,5.143338099544438,6.048922874804717,-1
765,5.328374142589285,5.175310831926519,5.398747829914482,5.185740419484929,4.946106646879648,5.101162790116217,5.041462552085834,5.143438375874084,6.034542492890915,-1
766,5.328991052424348,5.163653472553428,5.421083135262981,5.187520182408723,4.933802540626003,5.122700773079152,5.049249391957712,5.148318101786454,6.047469399635703,-1
767,5.331613658745277,5.157777724449668,5.451064552607423,5.194043014880275,4.922680709158748,5.145156332625281,5.061117817713818,5.1589435111127555,6.045814912685425,-1
768,5.329351174443861,5.141721607944404,5.4684128852608564,5.193243304377743,4.9109627990074385,5.174663075272455,5.066119314877666,5.1750682858618315,6.050153827417999,-1
769,5.318297157200893,5.125287916223806,5.485058888470311,5.1964317756083185,4.894103393635995,5.200929174809545,5.078355687701275,5.189251320715413,6.046652197107974,-1
770,5.302499102621454,5.115929969855011,5.489464388024792,5.205160082798983,4.879709343137936,5.2368731193484575,5.103673973340956,5.201456849906004,6.045538346112298,-1
771,5.283530922897775,5.103688168581789,5.485488621585383,5.207920262483306,4.864051155039883,5.26661796895853,5.118821613069104,5.2128842779821225,6.04709514825147,-1
772,5.281182492904197,5.086548179589711,5.483183533337846,5.207055436523822,4.845602669524907,5.282263514514995,5.1253401491424215,5.214841162150649,6.043894741315532,-1
773,5.270590942223459,5.072300053684377,5.470585673321921,5.208131949852188,4.834045630283113,5.300026711747536,5.131498793863529,5.219413674198304,6.043610863648851,-1
774,5.254743191564365,5.063904169549257,5.454150479307687,5.209546378858729,4.8206007332759855,5.3035121714614935,5.134326675392552,5.232862188141892,6.036852204728261,-1
775,5.237711292061953,5.054192546497651,5.436935435323232,5.203945196128613,4.796468910923723,5.306419219407529,5.142783224943818,5.2426854349725245,6.042758470423585,-1
776,5.236243411151954,5.04645478882412,5.4205271629175655,5.207391248473674,4.776316844233425,5.298101593811351,5.145839538726994,5.250266329343169,6.042110993178253,-1
777,5.23963816247249,5.0395842820764924,5.411388631128837,5.209388503594604,4.754598141112144,5.281427688675244,5.129567301909446,5.24880171626113,6.050134070782977,-1
778,5.2387450379805545,5.036031981889614,5.401445630361556,5.204207088120744,4.727378686421632,5.259353348431247,5.104909544782992,5.2472692081828045,6.049456282181782,-1
779,5.248144421703925,5.045899087776992,5.4049204590298885,5.209425760196073,4.704197309014042,5.241499804773069,5.084628272027252,5.242729253523623,6.044314856316658,-1
780,5.2468720954470776,5.056838449041355,5.411637604802907,5.221984637216402,4.683198234245855,5.2313624588881895,5.066956819487559,5.23529181802125,6.047121287114771,-1
781,5.251147289129131,5.061725820146319,5.418016947740057,5.222888795833548,4.669019899983529,5.205826334128881,5.054055850915099,5.223529218961916,6.041448717721922,-1
782,5.258442627510412,5.063304255164877,5.419666776699446,5.227464306852434,4.663858089089021,5.176142213559352,5.040661569311483,5.195645677716398,6.048163958344075,-1
783,5.269833748640352,5.070406521084972,5.405034989286432,5.219691118026477,4.662924898384454,5.143832638961768,5.026984413609061,5.160866847018432,6.043084699830576,-1
784,5.271888433418317,5.08414153491694,5.388091332897639,5.204585589658,4.664630148487141,5.123847603269326,5.024883811731172,5.135339936417443,6.0439404428811905,-1
785,5.267215324466596,5.100537973172935,5.368192456430996,5.184133927885841,4.672811831778623,5.097718224222974,5.036708974806294,5.116342292914139,6.049048899367271,-1
786,5.263249514949953,5.1158798584334635,5.3569289346433,5.167418991295132,4.688967804899937,5.071006908154302,5.046878808669593,5.103956475932367,6.051224361482155,-1
787,5.256424332571822,5.1287272330063995,5.341844298764111,5.145456340150281,4.716063311533598,5.037566699681932,5.059452897625129,5.094821747335112,6.052463782678271,-1
788,5.25124720015341,5.1405310253627565,5.321815727814168,5.115181027500864,4.738088479798877,5.000121520952673,5.069737669856817,5.087766987790498,6.033894675840312,-1
789,5.25452308620727,5.156566348288315,5.302540743496424,5.094017935484243,4.757352262193596,4.968931368394976,5.069983544725585,5.084011365419115,6.039356143150806,-1
790,5.259167709710018,5.170666293392237,5.287046649177794,5.079319540598893,4.778467170613064,4.936652346103656,5.079065166220724,5.0916593727267365,6.058454952415013,-1
791,5.247846271375635,5.177324948762324,5.27626163957458,5.072368402852662,4.798755900460716,4.9134006565798485,5.090499540736802,5.101576347422764,6.043324693425042,-1
792,5.243711219347269,5.186142873380213,5.261108576897197,5.069121701616203,4.821172382926214,4.885768702553633,5.100661261167064,5.101701877544701,6.051509966984625,-1
793,5.245155521314378,5.188524560025478,5.241941818282781,5.0760805785111724,4.8388143693591985,4.87383455536635,5.109565841529607,5.102147596990833,6.050749582176642,-1
794,5.250712418601911,5.190288925964443,5.227478519304286,5.08538987017077,4.8569105588950565,4.8640552625901,5.128486269827786,5.0907868072308045,6.050101884559474,-1
795,5.262039344133916,5.185801393201049,5.204717301540557,5.0958794560327085,4.861229844398558,4.85879401026649,5.140345310723143,5.0792626370397755,6.049742224275875,-1
796,5.2756677163797585,5.1776635412924215,5.178220992397588,5.109021767785946,4.872806871962577,4.8639581577105995,5.153158701213468,5.081320346518313,6.042244770836453,-1
797,5.2839303595496965,5.172961935854747,5.151284273577082,5.120834318688166,4.885171161389298,4.875847413686379,5.165254327877953,5.0871502893483,6.051443869711712,-1
798,5.285161517142477,5.161528804092148,5.128203773437442,5.123739629574249,4.884796262680197,4.896513003890034,5.171024426970345,5.086923279747974,6.0491332466299355,-1
799,5.293212272115976,5.152059670721953,5.110679253126674,5.136721281619418,4.8914302590118055,4.903562695701241,5.169703910592689,5.0855612055875135,6.043402909863044,-1
800,5.299947009192023,5.140074570956904,5.099184413513117,5.140349012274937,4.892751635721845,4.919565409724289,5.1624538372900055,5.0957922763664145,6.051436732380694,-1
801,5.303929173720301,5.1383799660786105,5.091808033783801,5.1363499702592685,4.893297262847261,4.93350496035086,5.160839771263524,5.105115651852379,6.04773910628349,-1
802,5.303752125515562,5.133098814643116,5.070019424229793,5.136683054021715,4.8976908329716204,4.94586645543766,5.1540084521006095,5.12421226565401,6.043878126419558,-1
803,5.290092573138647,5.13115592020198,5.056674089308691,5.134500693122517,4.9054412636671065,4.965656201636484,5.144134399404037,5.14149776814873,6.049553452883145,-1
804,5.27024590118368,5.1356353947213655,5.052922540466482,5.13216356610349,4.91196674917605,4.978489531073534,5.13123162067944,5.149773155069679,6.041065679548628,-1
805,5.249344266709366,5.132904502745987,5.046718836827135,5.134524059204834,4.908582952459376,4.982665950460955,5.117670210787319,5.149244006398647,6.054346537167413,-1
806,5.238254078688716,5.141236997351044,5.039566866387295,5.141213677879223,4.915860125417336,4.983712760557124,5.10706404752422,5.14895368412983,6.049774621917964,-1
807,5.235301534890402,5.151746628885703,5.037420142864046,5.151531815178543,4.918821918706323,4.99576748581173,5.104511057868755,5.1457288838925805,6.061897567379631,-1
808,5.231235881077718,5.163319660703155,5.025732461473739,5.166828829313717,4.915592535359833,4.99955891875422,5.100691089351241,5.138264751525673,6.040737217851031,-1
809,5.225729058780198,5.163302916671818,5.008454333916349,5.183614416544617,4.916049454387062,5.00245001938027,5.092626958954295,5.131323534609761,6.040268457245184,-1
810,5.231727757377838,5.166818526894301,4.993638181410856,5.181956120529472,4.908741432063449,5.007828382659261,5.085594127561377,5.120567352007603,6.040784749434664,-1
811,5.241514566553316,5.172235696374423,4.97893712766903,5.188323109045065,4.897800349141587,5.012330577323825,5.083461253630187,5.122738037787917,6.04139584529748,-1
812,5.25222588768421,5.17430858757274,4.956340427572137,5.197960387300733,4.883856080592645,5.021884589624296,5.0903775995481935,5.130691962086828,6.048186997691799,-1
813,5.255345712815326,5.18235825715459,4.943564187197176,5.2013953902079955,4.882569104141693,5.030623369553341,5.106626664617409,5.143685331510161,6.047651326623383,-1
814,5.249375799042064,5.1866298341052985,4.93259263084724,5.207928210712782,4.882516317624454,5.033804785880946,5.12270534306273,5.155446344432928,6.0451786483778855,-1
815,5.2493539515993035,5.1882530143819,4.925784291803332,5.197419593279271,4.891295044954461,5.035018802489829,5.12693379009418,5.1712094975611445,6.042157359895585,-1
816,5.248498275858453,5.18154364811104,4.921300796824665,5.181911055837385,4.904150101213695,5.042184150283789,5.139128027115033,5.183021459588996,6.051080413633309,-1
817,5.248233756010108,5.172853609167556,4.918872455875958,5.1562708391191,4.920733465674021,5.062140297125291,5.15143681365566,5.205831260674224,6.045702584417545,-1
818,5.236210325310296,5.160861770146477,4.919278560072062,5.137228485074452,4.939223799059844,5.0825287355372435,5.163905414597876,5.223685842568537,6.05066414690681,-1
819,5.230479949510007,5.14687348025353,4.910906226370175,5.110358353202843,4.954571405043476,5.098245774517423,5.172722835006871,5.2273892130813415,6.050138100289308,-1
820,5.234052214626954,5.119206022675525,4.904340387691801,5.0800380567066625,4.971128138379078,5.117614133914016,5.183490506819055,5.225491632298592,6.046575000375656,-1
821,5.244240214821833,5.089457947663172,4.898677640006099,5.0406592109016,4.9761644691939155,5.137444454317254,5.191581252304628,5.2251969953963595,6.046595141542876,-1
822,5.258931135061981,5.066854016321648,4.898718847046893,4.994400636530341,4.970405800768816,5.163343528964443,5.208837749746208,5.220982145657846,6.041318763110203,-1
823,5.263368927686564,5.036112339927506,4.892515623961436,4.962509007407698,4.95645806419947,5.189935332513311,5.228055814592319,5.220078883106351,6.057135912972191,-1
824,5.260594799575221,5.019217662236344,4.8980211559697455,4.942904793572081,4.947754492630624,5.212928076814279,5.237446843454277,5.219655869177316,6.047404052645242,-1
825,5.2516893349254214,5.007728277269728,4.904827664944707,4.929197493552151,4.934586138142779,5.227024610603536,5.250409307206844,5.212747088491206,6.039933382873584,-1
826,5.24557490253218,4.998731411653312,4.913133358466342,4.917571284021316,4.920233661241473,5.228998671692185,5.275796752200273,5.216525633828968,6.0495634250819545,-1
827,5.233323781697817,4.9898421804195,4.932205181847042,4.918784468271641,4.903625719005212,5.229413048076574,5.303854978510531,5.216818750472852,6.046688477574272,-1
828,5.208494970805485,4.992175634044918,4.9623823306161166,4.9214014113509315,4.888759679304668,5.222943587082967,5.329640867079246,5.222294478662979,6.052616809049915,-1
829,5.1826644179951264,4.988310847459763,4.981414867442743,4.936269738155679,4.876542012184354,5.219656074862744,5.350925330477787,5.22097383433209,6.047063221980217,-1
830,5.159354660376693,4.9732734426762955,4.992277359678065,4.954145753164355,4.875630648650487,5.206212110612033,5.357599586597687,5.217792074689915,6.049373630616162,-1
831,5.131432533247433,4.9709189289684925,4.999900275514536,4.967198707586547,4.871562647097276,5.189830967853655,5.35999862023653,5.221195235008539,6.051516500177011,-1
832,5.108103786720363,4.964972716855709,5.004855176118486,4.980068601521733,4.866337386694045,5.175785657306783,5.357877687640791,5.225291690339438,6.051060475604544,-1
833,5.108403232975512,4.9571677721699015,5.011807546658375,4.990303262985671,4.8545825542805785,5.1685640187123,5.351947805993105,5.232065874906401,6.043888548606377,-1
834,5.111181004160754,4.949408393230706,5.01568903487221,5.0064466947634125,4.853052570819626,5.166165385076445,5.3327154469219105,5.228154245361017,6.043574892610287,-1
835,5.1167359932141725,4.938802736789941,5.014967582886492,5.014720787760331,4.865514691190565,5.159929758345835,5.32151503492017,5.235749795214869,6.037028288176685,-1
836,5.127535309200309,4.932798491711295,5.008322995370046,5.019679760066577,4.88465164194783,5.151959826556551,5.309854697236224,5.234320834394529,6.046900316090476,-1
837,5.144186149660955,4.9296289673562885,5.006148790784366,5.0222452277674385,4.909152688707789,5.145434330839874,5.306316628532948,5.239637743220357,6.043776227782787,-1
838,5.167428877541982,4.93453286507525,5.005408706888298,5.012152673331781,4.9198945424485965,5.142740540758352,5.308333077097331,5.249402504550539,6.046224513016199,-1
839,5.202042305646554,4.9330586668400285,5.004491666102114,5.00259269060825,4.932939849195049,5.137642015249719,5.322923491617391,5.246990364894475,6.05572135100789,-1
840,5.2400393300914505,4.925491714095763,5.000497610783368,4.984748789877935,4.9478169772868625,5.131887825953941,5.346827059634138,5.253621285145859,6.045184238231642,-1
841,5.2704514551085015,4.921229870569121,5.007809033190316,4.972195665929413,4.966907207360459,5.11641613037804,5.360961891580808,5.257925948596147,6.047676366355105,-1
842,5.2889608522739255,4.9156003304150335,5.015982159835596,4.95000704003368,4.9843019803007955,5.107072597516588,5.3760184995154985,5.263880709231764,6.0502412532626355,-1
843,5.3016015967687045,4.912505530478922,5.020297631093603,4.921934127425698,4.9983066630959465,5.111012027726001,5.380239463094343,5.262121421109569,6.043688868863801,-1
844,5.319013062030894,4.90019343375783,5.021130403615729,4.897284853929168,5.000177821156619,5.1069064749051405,5.384734141326451,5.266618627944039,6.041605381752973,-1
845,5.334257235141652,4.882985612361032,5.03163467956708,4.875389168254586,5.0066088834270355,5.098334027010612,5.381249429320522,5.26827080475579,6.040777091672425,-1
846,5.328586969324143,4.87061219409571,5.04865961488374,4.867983828357423,5.017466099564267,5.104796944715961,5.381262753418019,5.269087406953669,6.056632689308532,-1
847,5.3150695406416055,4.871990908858996,5.062330697160785,4.861026593086693,5.029785205760651,5.11260038701364,5.362809527242805,5.265453536433283,6.044287424866992,-1
848,5.297516029343967,4.872702537470075,5.080754919993072,4.858088225552663,5.041971698748478,5.114148166063579,5.3460436364144925,5.256944165375855,6.045627580445682,-1
849,5.269481323200083,4.873936705685839,5.084100159181506,4.85706089743864,5.0581307784277545,5.110750117619531,5.335110278558956,5.2527835309559165,6.049071484337148,-1
850,5.250714977861688,4.879751318824674,5.085672995093883,4.869413169530522,5.063734343495111,5.100493470540629,5.3215216365696145,5.250280960365197,6.049739917392261,-1
851,5.238814842589024,4.886570827544537,5.099356526848431,4.903995823835042,5.075202691757814,5.078505006479183,5.310418428918596,5.250951112169134,6.046446707547196,-1
852,5.221613723984758,4.903499486599054,5.111098736590314,4.9341456391186185,5.102575973688845,5.065437975726249,5.300522246681941,5.243933623250661,6.051788820978751,-1
853,5.206404059875545,4.931365490944908,5.113273717236495,4.9567146388658685,5.123823458296004,5.057172905781436,5.289611714882409,5.236347395913657,6.047633204586991,-1
854,5.1964904742084155,4.9399949657778395,5.103538452877164,4.968271566365567,5.137391225979552,5.03937578843704,5.276058792808004,5.2291019416095095,6.037532351017717,-1
855,5.183702162230601,4.936384981943718,5.100105385678058,4.9721390082827845,5.1419339240626325,5.021040987453048,5.269200197700116,5.230482919337267,6.041160697128211,-1
856,5.1711416637635965,4.930636230940625,5.091143456824184,4.981096553006683,5.135030325072634,5.0093158520355185,5.260610627230978,5.230760852498836,6.047709529592541,-1
857,5.1677132065632385,4.930344138415049,5.089927488446749,4.986734364828373,5.134788420401669,5.005009660648136,5.256060362283042,5.225671256182546,6.043034494221843,-1
858,5.164922534891154,4.923032058908108,5.089273120073069,4.988232245575855,5.139578430061582,5.007428172980656,5.252069746488792,5.220430199311224,6.045293440649942,-1
859,5.1621625824662605,4.926366281042691,5.079412342807342,4.96581910886934,5.142125564908379,5.0061629762742,5.250316026144547,5.220671128070325,6.036502904661345,-1
860,5.158999003855409,4.935530111125037,5.069000014593497,4.948649548739525,5.128558668884697,5.016691492188975,5.23254415674972,5.232104061656311,6.050418898126195,-1
861,5.149839127283282,4.939397870048985,5.061018729100355,4.933265482286943,5.119399501539562,5.0270575016978105,5.216418433082317,5.241959552625609,6.050943651402889,-1
862,5.145415265666115,4.953884245127877,5.064036057513241,4.931923007077336,5.113277944221031,5.032265805578531,5.196302202834084,5.250048409731253,6.042986903573242,-1
863,5.147605505941508,4.973303904382848,5.074336670257659,4.9257608851659045,5.114535684460545,5.03562227529736,5.183776059582707,5.256472718150915,6.040227906847758,-1
864,5.1574359980581805,4.99663503326576,5.082746575087178,4.917825913297347,5.127197510983083,5.031210037122819,5.168478429024091,5.2579428461712565,6.040488635182788,-1
865,5.1638649125584255,5.0190789430168685,5.095014436446121,4.906295152464281,5.129607928664285,5.021362903539827,5.1534332682691115,5.262370751759387,6.042187801416232,-1
866,5.177454843876463,5.047107617061545,5.104411025222914,4.8894607705727,5.1349255201161075,5.011779230850924,5.149737711135732,5.268524290225116,6.045589732576588,-1
867,5.187983526143793,5.067231716456444,5.110027100730575,4.877315246077056,5.135625317172313,5.001640501601098,5.141666765172643,5.255775215193965,6.054807524929365,-1
868,5.197834042796039,5.089869641069619,5.124859121044758,4.862742533460026,5.142720474771775,4.988229312336142,5.143353547002229,5.235688053418391,6.047162507621735,-1
869,5.208802500145154,5.120846691043398,5.142618568187258,4.843698194389376,5.1425414164358,4.976966888026537,5.150771119081289,5.217491416486184,6.039586306718513,-1
870,5.223763785489532,5.144203170477802,5.146385683291673,4.818650458205345,5.15417779942675,4.976283882790118,5.161356439976882,5.198802250984855,6.0531993747317605,-1
871,5.240028366464754,5.1555560427208915,5.137227670601278,4.8097944544745,5.160387399009741,4.985856904905775,5.172512209555043,5.184178857990897,6.04742770011473,-1
872,5.247944864321213,5.170461613389602,5.1339629232701105,4.80197192636091,5.155118057260965,5.009838123155846,5.178142503656316,5.173511458872056,6.046914079324331,-1
873,5.256405664721939,5.184930477319255,5.1240273610979825,4.799793440219471,5.149620292275989,5.031649519941632,5.181582216481577,5.154421086476257,6.051068107828274,-1
874,5.253606102440163,5.201433494870327,5.124236389681045,4.802215668782899,5.140049845953264,5.044242291602335,5.181639680590995,5.127053967109923,6.055320460142799,-1
875,5.246019342110919,5.215915031751536,5.137470568444034,4.803521390163393,5.1274101704613635,5.0695847789111435,5.179177572395475,5.11197173627378,6.050593399549952,-1
876,5.242332512753486,5.220349321931944,5.1438278746303014,4.8137405642880315,5.113747501579235,5.087576539703997,5.173769206272999,5.097351225638368,6.055342291655176,-1
877,5.243621750058249,5.217757356764697,5.144487118316523,4.822180468206067,5.096213579275933,5.098710714300492,5.161038374839703,5.081458444303133,6.060605725531254,-1
878,5.237822425929536,5.219853276763596,5.153797982777715,4.832596096054552,5.070604359815697,5.105360655980959,5.14569294313446,5.067708690905829,6.051534097769808,-1
879,5.234376581212905,5.229321029061463,5.1604844530000955,4.833029836240503,5.053938027257275,5.106754107239251,5.1285361253638735,5.045663499494633,6.045112536083316,-1
880,5.245172357581632,5.232965642325546,5.162811785894576,4.8380456458381955,5.053381066219824,5.1059721904249855,5.11670959064252,5.024407800529334,6.050292587318972,-1
881,5.2488609102848045,5.227564726820384,5.167873759826781,4.845738058524418,5.045945179925478,5.110529315756724,5.111093482745258,5.013051257310407,6.0536347065213905,-1
882,5.260052150559828,5.222118655429479,5.171670113045235,4.849507209542035,5.0326950756911195,5.120054803018502,5.0936729843463615,5.009141103950285,6.044174587646285,-1
883,5.276639887363435,5.208325988720805,5.171352295503142,4.856430374989018,5.018263180345557,5.132370718307717,5.076672234713604,5.002629496478545,6.0524208311142385,-1
884,5.298859769671913,5.191152903760198,5.173610948864833,4.85509145271118,5.005848751552817,5.146962976340562,5.064477312283673,4.9957925263794225,6.0501602940505315,-1
885,5.313036230165804,5.172500293620022,5.1633055191593265,4.868095787910633,5.001044840978377,5.167922987543551,5.052751307074556,4.995343573294356,6.049780361088185,-1
886,5.322650779030063,5.1513095073818835,5.149084239589769,4.878424233464772,4.993173525197307,5.194671917180228,5.041451562995949,4.99697383456856,6.04789220825181,-1
887,5.330616516462643,5.137064089132584,5.143613494428211,4.8922327581649085,4.984927473490068,5.215378076105812,5.02454537458243,4.999555785005945,6.049568850816748,-1
888,5.324268912532268,5.123992675719311,5.139672666432625,4.89564774605819,4.971894019820948,5.229736443023616,5.006780213868135,4.999954982697717,6.041574541323485,-1
889,5.318154952522556,5.126503608352101,5.133239931497965,4.895520492511339,4.964533612332364,5.244363287027701,4.988881758871143,5.002230940672292,6.0447471311779095,-1
890,5.304901049780407,5.122573158041821,5.123667155274542,4.9013000072303035,4.9675621101815555,5.260418681222729,4.975345610231212,5.013522782902817,6.043100088288927,-1
891,5.283602531938463,5.128562438815444,5.110065825091836,4.905021449069981,4.971414321231979,5.266571193529977,4.967406981122767,5.0249183406303715,6.046357369241099,-1
892,5.261677623983545,5.137007594393173,5.097489670268278,4.904448899394964,4.975544203788765,5.272089625487113,4.963972486466908,5.0461795350042316,6.049519742914757,-1
893,5.237134708344996,5.151773606228936,5.09393815876071,4.902696200490134,4.974117635139786,5.272893432719626,4.970683690545976,5.060099600169978,6.041966695403013,-1
894,5.2201501531578565,5.172236041560534,5.094047454816744,4.897407891921866,4.981709035422918,5.263205241365945,4.9759656902267935,5.068995447102819,6.04766734068416,-1
895,5.204205359407112,5.1820712235037,5.083690793566015,4.896843291172218,4.983384214297882,5.257075301284272,4.9805022726417665,5.086169292247766,6.051168570425482,-1
896,5.19244073852667,5.192019383010652,5.075087742393246,4.898386548241245,4.980533804066211,5.253414415388904,4.992168231570199,5.102010696708236,6.047258503720121,-1
897,5.182511624033287,5.1883343372856645,5.064963473567314,4.891589667113678,4.9795502367158075,5.2485258392536265,5.002639609909797,5.101875264278038,6.051937537954849,-1
898,5.170073338528013,5.185027983990524,5.0486568956393825,4.88317522986448,4.9787281896213536,5.249104386211009,5.0226650945796045,5.096436484140797,6.047443030425367,-1
899,5.158927150271207,5.1821697471691435,5.030130500597459,4.870145487559575,4.9815617696129575,5.24196216452934,5.04357103201189,5.089090726855807,6.040462495473437,-1
900,5.1324482153328645,5.173189943202406,5.0135084195275565,4.869048354843233,4.9876905249291745,5.230574721203696,5.063052010522695,5.079264751876394,6.054275185980464,-1
901,5.110563196123188,5.163318989652896,4.994878649943784,4.861904947747991,5.004919706719042,5.221037537701121,5.075250537952725,5.0712837217478555,6.050949454684266,-1
902,5.088071905572752,5.144630081260011,4.970530617344872,4.86772304623274,5.018129680908515,5.215921557247115,5.092125134896341,5.062038560182694,6.045681098820869,-1
903,5.063657542842214,5.124862703470309,4.954484978666746,4.865701728233531,5.04145495148331,5.209077225791331,5.11606072090922,5.0512336808896565,6.046596567418582,-1
904,5.037507712874447,5.106810576730206,4.94044666339023,4.857284034613284,5.07105286543446,5.197457749853932,5.1413883463891095,5.045232199250739,6.04937934262475,-1
905,5.01835575642831,5.080692709633044,4.932937850541902,4.856754723491041,5.100205161991333,5.178378554759623,5.156333652041804,5.045766930008662,6.05230232494054,-1
906,5.006003212727949,5.052452306004474,4.937801561400327,4.853749879361797,5.131408866279728,5.161277029835474,5.16530064812058,5.046178321112392,6.04665094269304,-1
907,5.001900269690328,5.019495769664173,4.947798456299461,4.842385598221327,5.155987188144035,5.147219401343037,5.169638429501562,5.054871293715379,6.043321946770252,-1
908,5.008012270153186,4.995806665980049,4.964275946895199,4.8244903787505145,5.176150053992504,5.140676728841738,5.1712492013131515,5.052949036965592,6.046604532277127,-1
909,5.022182241800046,4.974091839181133,4.984678659259814,4.802878427771763,5.187816473381744,5.134513349437865,5.181669522987802,5.060611739656866,6.04995992058841,-1
910,5.0420498183318365,4.961016347289131,5.005725122425198,4.7793089234819774,5.203034882560519,5.1282784610344825,5.199073190613054,5.077199822927184,6.053027770561788,-1
911,5.0570353870393685,4.944489761324304,5.027173034421562,4.755352352167653,5.214320517128835,5.128154413226329,5.214020590167647,5.087166745118025,6.048363283196062,-1
912,5.06671409192001,4.930295589531317,5.043932827143378,4.735139873744774,5.221652542358364,5.131955028993245,5.222564757117932,5.098394234084226,6.043850654734471,-1
913,5.0664137652123316,4.919862349472213,5.057920078638563,4.719340063330968,5.224821679925364,5.154420314816551,5.239090120621157,5.113247307441363,6.054513963697428,-1
914,5.072575350664695,4.911436581519988,5.062255324028976,4.707408415670588,5.226863880486941,5.1791334490465175,5.249758027140034,5.1372546921520055,6.04837910918301,-1
915,5.065957118697739,4.900795212369417,5.067240977066547,4.71301486391637,5.236338721109546,5.211946291834499,5.2624956652215324,5.159771052454531,6.046089995142966,-1
916,5.052482097795521,4.892798722106905,5.063260039356324,4.7296395509548965,5.252389389316375,5.235453208549824,5.272261309740741,5.189782968340147,6.04711744272737,-1
917,5.0358995483347035,4.878801988639837,5.068456308628619,4.7563402544297695,5.270984393787079,5.26175692685592,5.27638077046168,5.2080202189191205,6.038952257878258,-1
918,5.014481107859211,4.859432759004001,5.076471482291863,4.7730253018092546,5.289586947116689,5.282848720651746,5.26928661122338,5.224816532946506,6.03930343533923,-1
919,4.991441611625381,4.852915650622701,5.082204134564157,4.79485647580543,5.3091514362447,5.297703642905708,5.26011393405192,5.241258458825849,6.048035587697041,-1
920,4.971972873037416,4.840606982395979,5.088772396214781,4.8150014820481815,5.330543047632586,5.322112454811654,5.245602992562874,5.244586125031062,6.055891640084228,-1
921,4.964706044000556,4.839500681525448,5.090330864638666,4.833228520188134,5.353486806369515,5.3322445723535745,5.221948001849561,5.241868007574954,6.040173286774095,-1
922,4.9467654097962015,4.831863077989912,5.104297791530075,4.852776517356378,5.376890689294511,5.336358791453206,5.19866595080644,5.234752255974744,6.0494531828543625,-1
923,4.937646535049055,4.823062704509432,5.114396478055788,4.863940530641761,5.404883387086995,5.341556349024098,5.18028176132237,5.218320059933975,6.040697836864597,-1
924,4.939259270420929,4.801126280670053,5.1277436637376095,4.858257063788788,5.4174701159481025,5.353178992296955,5.170191229507495,5.197609242974155,6.038911667186812,-1
925,4.936516505234147,4.7794287133609314,5.137235951879209,4.850116433554587,5.425572089116272,5.355724001768509,5.154946727100378,5.177839264897791,6.051628536784798,-1
926,4.9330794756482454,4.764660250873531,5.141134846585652,4.844504816752523,5.426293479521017,5.362242034156334,5.143700411505747,5.154734191462133,6.049994789929248,-1
927,4.940192522185511,4.750202463189147,5.145154436837428,4.834177112088781,5.422642355744594,5.372700913418484,5.136117391585015,5.128858228059276,6.050349110983836,-1
928,4.952796176013845,4.741151498682156,5.151374234795845,4.82125328906834,5.411872578138291,5.370713342489289,5.141575915715597,5.109715043999228,6.041737290300167,-1
929,4.963590789497691,4.728549208969829,5.166690038759671,4.804965237981271,5.395324020150185,5.372080059035848,5.146411471426129,5.099894804929624,6.054217449081939,-1
930,4.975138866981609,4.7171726772513765,5.172940716537532,4.782860642266303,5.375076985350383,5.383622923708884,5.1506602686841685,5.076816573425198,6.050627252763304,-1
931,4.989343871659741,4.707260662059314,5.188986438939986,4.764341453098685,5.35049701581701,5.388260573635244,5.161700317693584,5.063549611521318,6.055041810400992,-1
932,4.9926256675968945,4.710450781085032,5.1968029957174044,4.747156454746896,5.334459510524252,5.387800185865955,5.163631131721422,5.059084582778377,6.0445206653874735,-1
933,4.998101332640586,4.715262767914456,5.197292492032235,4.733854792882351,5.320266732256641,5.3932370521990896,5.17008666700877,5.06040928254476,6.0507672407293915,-1
934,5.0174659645860595,4.723462679261787,5.209328188329707,4.726733944452406,5.314917848902931,5.405057701630897,5.172540253254433,5.053678045295991,6.047139097066176,-1
935,5.030703838456576,4.726132236997887,5.21883108296453,4.720342257626886,5.311151659885497,5.416097021019523,5.168288179543155,5.051506587544164,6.052853460828302,-1
936,5.039573131761521,4.73340159887203,5.22641342632139,4.7204357567828055,5.310363749055968,5.422509847330521,5.156173213383871,5.0564260132139545,6.044201155128184,-1
937,5.049825123879917,4.742507800635385,5.2274955916523895,4.720960378565993,5.319962606796727,5.429347522748319,5.151984545461827,5.062652249758535,6.045276215911453,-1
938,5.0714226727551,4.754020351018875,5.21896677880347,4.716469239462842,5.325177476219527,5.425215134659753,5.140412886284967,5.072671493885299,6.043508310319027,-1
939,5.090729814475763,4.769268722683683,5.198863006612744,4.715296760885756,5.326860288540216,5.420329370867958,5.11287735165291,5.076787645399852,6.050975280721894,-1
940,5.111690383720343,4.780596383175566,5.18264742097669,4.715118116994382,5.333409083940797,5.415716246410799,5.094850997953259,5.06086251774037,6.060248276603182,-1
941,5.13426993056801,4.792487302559803,5.167439475609955,4.708260915995962,5.34015402610904,5.416874897367087,5.075019122865657,5.051842459116255,6.052238664676081,-1
942,5.150756999379565,4.808576182829409,5.1491756773371975,4.703656282818979,5.348035222645018,5.4160176426449125,5.057923230227809,5.054703342228358,6.04822504514114,-1
943,5.166025578276411,4.834116782818623,5.134702541433582,4.71146083698111,5.353852965026494,5.420918002835885,5.046275776080377,5.051614387218115,6.050188828764221,-1
944,5.178533729318019,4.857483477189762,5.124440008619185,4.7197758422653555,5.36808968764323,5.430470723631318,5.034693663563544,5.0472034119799245,6.047198681632885,-1
945,5.178875957954795,4.866396186108608,5.116730345600633,4.734733511446271,5.375422230771135,5.443849347950788,5.033670591067877,5.03447060662847,6.0456653267183444,-1
946,5.163506592216213,4.884807544001545,5.11730222769736,4.760502793770508,5.391344445365431,5.456280227203925,5.046290186889353,5.026774739018716,6.057028613696748,-1
947,5.146508711257217,4.904769196383031,5.1231165293711465,4.7806380399673865,5.411098461865257,5.465606119890401,5.0670686584162645,5.028377791192263,6.048480235810329,-1
948,5.134687771282235,4.922894963157539,5.119812801647224,4.806899052991279,5.428570099424633,5.481321777347183,5.08239900339554,5.042147011363182,6.044137057462712,-1
949,5.116162444204227,4.935144524321963,5.122252021582994,4.832862873198746,5.438478245297928,5.491347355691942,5.095100859644729,5.045366028399282,6.046175787582268,-1
950,5.089406240087548,4.940701559831384,5.1273014359987235,4.85466559131431,5.445738906438671,5.49457951759419,5.102557496058542,5.049691388865802,6.04888155573857,-1
951,5.062779846666373,4.944154617249469,5.1250137574635755,4.864290407596592,5.445888858537095,5.48692562056176,5.119877908761159,5.061488639770818,6.0510259890108005,-1
952,5.040524897136099,4.940434507775805,5.110167559037221,4.870011829743449,5.439797157404605,5.481005317007404,5.13597911825847,5.057568258052447,6.0429664278915345,-1
953,5.023892607512567,4.953181141799332,5.0910130097710065,4.877854184592188,5.428328231787525,5.474142860339177,5.141776883514808,5.062147687662657,6.050628510174798,-1
954,5.014877398286059,4.964241630114616,5.073816722835078,4.882126882887496,5.405508620482989,5.463602297091316,5.145937489872966,5.068578631991064,6.056216166332373,-1
955,5.001333073498563,4.975218148949068,5.060748105614942,4.894035492062754,5.380875776478577,5.4541770026158,5.155914832095474,5.071143891628553,6.037535607554931,-1
956,4.982465769889159,4.980867291224969,5.050938974452909,4.9072454212222745,5.358363387857559,5.447083415572153,5.162726345670713,5.076565289379098,6.042680129103851,-1
957,4.96753630243606,4.9964002020867255,5.035641477181243,4.9233564265519005,5.345630358564453,5.444808827437057,5.165643120872673,5.073540801606099,6.049485228617575,-1
958,4.956857256059735,5.018140982608292,5.025281741577216,4.941396793928689,5.334410212728163,5.442152318349738,5.172808321852532,5.066750602947106,6.051488494530464,-1
959,4.952177286686697,5.036738329967015,5.025388234592732,4.9604144968915,5.325489286519927,5.4415882408047285,5.1630268398790875,5.05708889683017,6.055493758615993,-1
960,4.948477938414465,5.059143640675035,5.035246413089739,4.981589221629967,5.308040035280656,5.436790763897241,5.152498452494902,5.057493253563885,6.052555260372429,-1
961,4.941002649821948,5.084941688216541,5.049482049537159,5.001268233313032,5.296746026729356,5.423418679345425,5.146680835692467,5.056873148806471,6.054424103709263,-1
962,4.936708534115621,5.099115095260259,5.065729622401306,5.023240865036724,5.291738714384909,5.421691664254972,5.135121592980996,5.047011068544352,6.041325649399704,-1
963,4.932845924317583,5.1084677466760935,5.077364231700408,5.05012572729707,5.285018409220093,5.422470928967046,5.116234938021032,5.035004745144452,6.041607033425814,-1
964,4.9316419355189405,5.123182472000658,5.09560523329453,5.075109541456386,5.260944553398495,5.415207418390538,5.106354922118624,5.027330881999765,6.055305720471718,-1
965,4.944496384457111,5.134717627206881,5.1147151295507305,5.100751972112265,5.233844052524137,5.403555755612774,5.091126794600217,5.0280850275468065,6.040656408986785,-1
966,4.96211267473277,5.142924229096557,5.111563815662286,5.125288168907075,5.195204707428344,5.395898507990682,5.078236140332268,5.030580361777785,6.046319695935049,-1
967,4.965856456790057,5.13977862111763,5.097430778247972,5.151346830062397,5.171994044575044,5.386589843457465,5.073248263644746,5.043329001288786,6.050538272382092,-1
968,4.974539713657582,5.140598717944645,5.091668227388367,5.177533200500306,5.156764064579459,5.374495093884377,5.064896920558446,5.056553171432473,6.054147060652978,-1
969,4.983088482386184,5.133885405734538,5.0811837711317684,5.2016955738009925,5.131432981947738,5.36007222685823,5.052139611482715,5.071222106032446,6.051385018101491,-1
970,4.986718126926508,5.138710224081652,5.0628526352480385,5.216066974747685,5.093030823537653,5.341352553542797,5.051057550540112,5.091526259008507,6.04958228656586,-1
971,4.992630167303734,5.148827125059467,5.045703418332405,5.226529881280873,5.059328865107401,5.323532570229263,5.057269358997767,5.109495767876775,6.04042068997481,-1
972,4.998013740578616,5.1588991173461896,5.034066826523237,5.223775475431552,5.0373654249760325,5.3049857859369975,5.063777445677729,5.1095116093126425,6.043506191259936,-1
973,4.997207659880217,5.157303054683888,5.014411112976581,5.220380197726171,5.01105198839546,5.283295090199468,5.0777379385695225,5.1094834151243615,6.050855150799945,-1
974,4.984850393482025,5.14809582786948,5.011128418206658,5.2162849879914,4.987953678433146,5.261569736827255,5.091211304379858,5.102029036358142,6.0463512048091195,-1
975,4.988795827807489,5.1560503023436235,5.00221987128215,5.208756079234502,4.951524898322989,5.236954788070259,5.107566194769933,5.093185778391927,6.0453689745006045,-1
976,4.980582009316098,5.163262865303261,4.987162639259495,5.198826354156686,4.916500978212293,5.226238527006949,5.125667875079994,5.084345711906799,6.06028954214714,-1
977,4.977894648646747,5.1749053686394815,4.97859563107544,5.186201111533434,4.898921533720495,5.222903780870915,5.139798409434928,5.068894711147015,6.056428605074196,-1
978,4.982648273221703,5.181915859514154,4.978106653794605,5.178824370428446,4.88775836005841,5.21536175234469,5.150682169320925,5.058683219768141,6.051888885587457,-1
979,4.997644347625588,5.191400458010913,4.984806353910281,5.166735397544086,4.880702768333568,5.207319321245784,5.1553193046165875,5.046639164880468,6.054035126118638,-1
980,5.016822210751609,5.198195710484949,4.982193665742599,5.1576148991062585,4.874209915670211,5.200412770656409,5.149739969017932,5.0498697788898195,6.0589949637846106,-1
981,5.034818228242625,5.215624717881267,4.994880569336434,5.148744923097689,4.869996704155867,5.1966417296425815,5.1422655447657135,5.057806217342233,6.05095359865343,-1
982,5.059098874208887,5.230084664476986,5.004154813947091,5.1280935905217895,4.876368490019278,5.18534283509326,5.136282407157683,5.063921300561073,6.04795062478742,-1
983,5.070977116789968,5.230027478012003,5.019576747793808,5.103513661556099,4.892062174490175,5.188013166362521,5.127559507673389,5.0671378174755155,6.048614581595603,-1
984,5.096213099481697,5.231539374314703,5.037100369605904,5.079391465898148,4.906746714919177,5.17569263743319,5.1213576129945615,5.074334206181445,6.048985821069189,-1
985,5.124134756526937,5.222202008168675,5.050664720960089,5.062355636629198,4.920195579294199,5.158076432357668,5.119544860413784,5.076504127864707,6.05036650860969,-1
986,5.1381452260625675,5.21841108022598,5.067730115637597,5.045461212941265,4.937275576190612,5.140634475806422,5.120603318921282,5.072350520868427,6.053989949883965,-1
987,5.137784702252569,5.2102656761876585,5.071289473967978,5.026013367815995,4.94328074447892,5.1266163685828845,5.118270952748371,5.069002348347063,6.045453175879162,-1
988,5.129025505059962,5.196339368794154,5.075416355324912,5.021344426458027,4.944876800663653,5.113841130474247,5.123763409782767,5.0631794801186585,6.054974942322593,-1
989,5.114622295264712,5.184492474479888,5.081430742205161,5.0082378524793265,4.950170612027865,5.100623610264578,5.142064490838466,5.054767663895031,6.053610954892503,-1
990,5.0974159540860855,5.1825610179443835,5.084824656154174,5.007608907588843,4.947600808699758,5.095130664624746,5.150909938415041,5.0606155819503895,6.045697793392662,-1
991,5.082774912336806,5.182531871891904,5.096113268785485,5.015384760909916,4.932143515593598,5.0912366193727365,5.149458941064306,5.058797645734403,6.042612863258445,-1
992,5.062009273664012,5.169584549965601,5.095578750081098,5.024335096776529,4.918479023508727,5.090167819877265,5.153393231155184,5.066496090349465,6.051605629971754,-1
993,5.040883017457074,5.15637199818434,5.096876288918587,5.024635870070574,4.898803894917286,5.094784813368865,5.156301360657652,5.082365162316787,6.061176756997478,-1
994,5.036159815826449,5.134378739076085,5.093701826833814,5.029583302671196,4.887119659966545,5.100421526961977,5.1510794858184825,5.098828992971425,6.061208163804177,-1
995,5.042165422391341,5.111857695252905,5.105629921453343,5.031735493430031,4.882014514089905,5.105261689023196,5.158483863597027,5.112321440076496,6.0409790905612155,-1
996,5.062623346595238,5.098334826415134,5.126584880101326,5.0311331941781905,4.882131101466966,5.107462219747934,5.153713430488658,5.120351132137469,6.050901826423155,-1
997,4.434431340421687,4.452558323229249,4.4859416879058855,4.404364605319181,4.266835100217813,4.473840133491143,4.499429583122719,4.4906937347998825,6.037294830586262,-1
998,3.8086914520784636,3.80225281504473,3.8473328496884394,3.775054333514209,3.6543608371554646,3.8393712273519283,3.8510525895507826,3.8533039527645343,6.045930763856629,-1
999,3.1846622440302106,3.1551073885409218,3.206355410578175,3.14459599047329,3.04905492984216,3.1956226506985583,3.213028032401949,3.2197470904983376,6.053494602219991,-1
