acc_delta,auc_delta,r2_delta
0.045599999999999974,0.053105659452064025,0.32051731141156536
