feature,importance
E,0.5038286990280946
X,0.49617130097190554
I,0.0
