slice,eps,n,k,p,ci_lo,ci_hi
E > 0.001,0.001,10000,2725,0.2725,0.26386178515553443,0.28131294052184935
E ≤ 0.001,0.001,0,0,0.0,0.0,0.0
