{
  "label":{
    "0":"E",
    "1":"EIX"
  },
  "acc":{
    "0":0.568,
    "1":0.6416
  },
  "auc":{
    "0":0.6158651066,
    "1":0.686280128
  },
  "cm":{
    "0":{
      "tp":533,
      "fp":547,
      "tn":887,
      "fn":533
    },
    "1":{
      "tp":573,
      "fp":403,
      "tn":1031,
      "fn":493
    }
  }
}