label,r2
E,-0.14334218660905096
EIX,-0.14334218660905096
