slice,eps,n,k,p,ci_lo,ci_hi
E > 0.001,0.001,10000,2219,0.2219,0.2138633824776146,0.23015020526251911
E ≤ 0.001,0.001,0,0,0.0,0.0,0.0
