time_step,region_1_entropy,region_2_entropy,region_3_entropy,region_4_entropy,region_5_entropy,region_6_entropy,region_7_entropy,region_8_entropy,global_entropy,lock_epoch
0,2.5633272030839267,2.578646900481471,2.564163730517114,2.5733331070140384,2.50859677870805,2.5643085072555696,2.5682131650112154,2.5572276549567254,5.597491162940392,122
1,3.1959834593769525,3.237311671142918,3.2179485051261647,3.2188861623662928,3.141897533834829,3.2087718493652266,3.206648811088386,3.1978613885666456,5.593829725078958,122
2,3.820624611001155,3.89203600494334,3.863518615423492,3.8719261738858526,3.7764610083101866,3.8602017113343643,3.8414348735392343,3.8417244699310307,5.599073071414392,122
3,4.445389268760721,4.549359752183857,4.511962135958191,4.532457316377477,4.410187207944137,4.508640264035707,4.466340314067489,4.492769239651317,5.612560899964298,122
4,5.066311394248389,5.22008672890948,5.165496430695855,5.194991787857168,5.033577080032677,5.152394335945982,5.096027335313769,5.143393046383083,5.616280551603252,122
5,5.041902200166023,5.249929585511424,5.174634582009793,5.230839801848724,5.026322307251691,5.155287779154596,5.087977797844938,5.162574544188292,5.612175713750635,122
6,5.022420756015176,5.265976616237216,5.178992270798746,5.2525927008597835,5.023550461627048,5.15679982144831,5.078173543978013,5.180504359460743,5.6075100943800456,122
7,5.0075760535754945,5.278719436153069,5.191370961542388,5.274966072625239,5.026659041819616,5.171979287283482,5.075807904778341,5.198912240115749,5.625633569085378,122
8,4.992491750714774,5.290522293168131,5.19991262866918,5.296254857808699,5.028774305578602,5.18450250101844,5.072415358276237,5.2159100091748245,5.62590896984532,122
9,4.982941795797594,5.286854961491476,5.202630659969925,5.3091118995945275,5.0321423930731966,5.188336493722086,5.054566873689664,5.228442065668781,5.623256569029866,122
10,4.981805545315613,5.286808739931464,5.204532201010604,5.3087523904594205,5.041969127080216,5.184585513302782,5.039431605934833,5.23598302717644,5.621699408290358,122
11,4.978909185568389,5.284556577819123,5.202748335827304,5.301331660101643,5.058083777591797,5.178687025636285,5.03600493420102,5.235349502050651,5.633741064757958,122
12,4.97778928972631,5.256398263420064,5.194706305391829,5.296547272585746,5.082537253592624,5.177720797723506,5.0259632409554955,5.23682979808563,5.626073829593985,122
13,4.980345240373072,5.238309241322227,5.197419423705217,5.278290668969083,5.108442669650763,5.17809144820965,5.01257321380606,5.232116039114509,5.63378386653122,122
14,4.9820535333502605,5.2246427915635225,5.1955341502322945,5.26084351803484,5.134997249684998,5.178666163876572,4.987261060478828,5.222548985370718,5.647314066513884,122
15,4.971123668261831,5.222769269062497,5.18221546865665,5.2340038535153735,5.143470453115781,5.16903339172404,4.957294251683043,5.219090899493191,5.639579436152308,122
16,4.960621055683547,5.214435960725922,5.181576665407859,5.217415344105554,5.1555313415545605,5.170297058265652,4.9416844793171055,5.216287603554919,5.643610572800536,122
17,4.948574156935009,5.208469112348582,5.165133044505453,5.201985094009331,5.158675613210981,5.175608208966494,4.936940059861743,5.2173488354054856,5.639831821289216,122
18,4.936428274209312,5.196400901575069,5.15605377499969,5.180530884569325,5.15751504754932,5.186668601801728,4.934310972474026,5.222057201511535,5.654467881890024,122
19,4.927417737201639,5.17472884470822,5.152723675096302,5.1555295741534355,5.149191789474831,5.197142903520082,4.929593245435381,5.233487644837971,5.6473063230045994,122
20,4.922750712732696,5.165069349847607,5.152686252804857,5.126447398137912,5.138338946639838,5.213867314047342,4.929102812998979,5.250422080641004,5.645436143581412,122
21,4.913528133231993,5.146059237547646,5.151769916916993,5.098843795309441,5.135115094290732,5.220061434896096,4.933907935032636,5.274740676777527,5.6513510921887145,122
22,4.911625085983797,5.111121339272832,5.151348683046489,5.074926948552122,5.136248420089516,5.227803822656159,4.947593870896054,5.30008430249714,5.652198142093421,122
23,4.910435447433745,5.072468350865192,5.157792484469938,5.060109463954384,5.147847566140813,5.22997375474325,4.960197310028654,5.319260970361038,5.665568197661009,122
24,4.92393063540971,5.042814986813885,5.152104886924638,5.0458741267809595,5.151719366521233,5.217074374326044,4.970795833714277,5.319023593168968,5.659560009401608,122
25,4.9372084830606,5.017090256827727,5.149187953402712,5.035211373697446,5.158354502578317,5.198979712806969,4.98499079499771,5.320839492413922,5.662907663279694,122
26,4.948196963329766,5.00172039152141,5.145245446722347,5.03769790341171,5.1632552387229795,5.177916424091187,4.998611923100721,5.317944341188987,5.6647484452245,122
27,4.9621296691509365,4.996088628522289,5.138415200646905,5.0515508871175365,5.171369375039326,5.155933011273849,5.015326345543301,5.307522332669231,5.667924536772521,122
28,4.96574774531373,4.9918527112949045,5.1272207948780615,5.0706146152534854,5.17537710709974,5.131522467678741,5.024541691254023,5.2875355537456965,5.673615525448292,122
29,4.96720175013419,4.99037531117189,5.11109033154467,5.0910117596732345,5.175260061557468,5.112925716203748,5.037640805715189,5.25977731252064,5.669468571437584,122
30,4.961577400471499,5.0032755514178735,5.105539778112157,5.117868585228967,5.168251357416176,5.093642818006448,5.044536020615905,5.2357597582716,5.673195424677617,122
31,4.957344972879446,5.014675803527214,5.094791990735834,5.146057413928513,5.163427502388495,5.082877313037157,5.055899779791123,5.213841508045585,5.677212298782454,122
32,4.945058274680573,5.021942584849922,5.0899332570233575,5.1706094841154755,5.169485189107336,5.075519363342452,5.062428972407204,5.20347848067621,5.675691919806808,122
33,4.930009356415316,5.025415404666611,5.094436264045739,5.202777138064898,5.174647778780766,5.069389485512906,5.063930601086469,5.1862517540091755,5.681575956082604,122
34,4.925759091113971,5.0338272444419205,5.1054987575858135,5.234785556713172,5.177089639310673,5.066727029378793,5.068000221596784,5.1742044837377446,5.682868659254037,122
35,4.920040095095343,5.032872659301953,5.1196120710453155,5.253479121325572,5.183701480705823,5.069517439974846,5.072663695163999,5.163064802919649,5.6868479213868,122
36,4.921164643024105,5.033284001246208,5.129450667440018,5.265277931906234,5.200310094728397,5.071355727394526,5.086056530015181,5.152424788356378,5.688921865654872,122
37,4.923698894959098,5.039805876465313,5.136422376584504,5.281408980492261,5.212501635746202,5.072228755505467,5.08379899806304,5.143153572661006,5.690420216354006,122
38,4.921314212063611,5.052167650418414,5.138812135694174,5.291492083133712,5.231955972349792,5.075439153606963,5.089911429673485,5.133628206298389,5.691332381547035,122
39,4.920207172642781,5.061901073943714,5.142692841790656,5.3073780890990125,5.249857906779658,5.075691845870123,5.0887103320325595,5.1273035975484085,5.692351147084521,122
40,4.913439485879676,5.079254192806907,5.152237635853691,5.319008088265699,5.2564735871933665,5.074861138330645,5.083599325757271,5.120663626971066,5.6925847702926635,122
41,4.913036482262906,5.090273533805056,5.155795978965226,5.326881067330017,5.265465900844706,5.078350712257287,5.085315938238076,5.120356103803372,5.699396521994338,122
42,4.90008314315195,5.093668983884999,5.149093073487436,5.346363580867139,5.277325449428664,5.0760961843160315,5.085351422698185,5.116463792829143,5.697148933413996,122
43,4.890412278919256,5.103256427010448,5.141811230075152,5.373992608431462,5.284586208176075,5.067062497079538,5.079516028843246,5.111658312521064,5.703770773151342,122
44,4.892894885694768,5.1131750750137765,5.135855446640298,5.399619119465919,5.288080810604568,5.057842030578075,5.0642752533696145,5.106093973322583,5.706300837477703,122
45,4.9058120974708235,5.118971948249964,5.130733949689558,5.416661098932016,5.287921693228662,5.053429340533291,5.053481331893886,5.095790069346888,5.717582484228008,122
46,4.924995210329797,5.115125179246252,5.1245929536791035,5.44220879502717,5.289958124191558,5.042055299473165,5.046545409172098,5.089474075477715,5.7087150170598715,122
47,4.944520753827257,5.109167539718693,5.1205909454153264,5.463144123249272,5.289404344370926,5.035576334601919,5.0441666826652645,5.080992690453403,5.707847177615748,122
48,4.962668343478243,5.093585246987887,5.117490008432244,5.483414257313946,5.296773908696863,5.032925372379793,5.046952468044501,5.071662511087665,5.7184418814441775,122
49,4.976177427467598,5.084501015208464,5.115339921947584,5.502023062665045,5.297960645421559,5.0232349377589625,5.050017799427288,5.063184131262014,5.7100805999758055,122
50,4.993572136617498,5.077971471780163,5.122145528780871,5.506190053098172,5.289660806121568,5.018246838324434,5.0471610914652025,5.063321287840507,5.709174848949502,122
51,5.006738773636843,5.0772572548376935,5.131906365137009,5.496020286842091,5.268449628589027,5.020409872502876,5.046423069544569,5.069722157528269,5.72178938637048,122
52,5.00892282241587,5.072301161392533,5.147126952565803,5.4942579671023095,5.2519402998909035,5.014568421468118,5.043378041813765,5.079317465479841,5.717201374086339,122
53,5.003027627263588,5.074042652497585,5.170501852363742,5.505667146155179,5.235089073183028,5.002229600167523,5.04964051240734,5.088617873411987,5.718851416906511,122
54,4.992870573708488,5.081367636924055,5.2052987905054,5.5061999772517956,5.211278055778879,5.001743098707246,5.043449196300844,5.098589875111517,5.712503770089238,122
55,4.974455902148672,5.083139327778304,5.246014333701857,5.504464551678003,5.195095968974706,4.996816963431276,5.045891087823609,5.103377123630771,5.727940308648528,122
56,4.961079989737846,5.089790742991801,5.283602660425338,5.500472059906917,5.172554597840346,4.999448576406418,5.0532051507841516,5.114249864644831,5.71928408298639,122
57,4.955761642286891,5.091855508511959,5.311379325220851,5.489733405406114,5.153500752735717,5.017167779672123,5.060662809655342,5.1230559412827175,5.734770446976574,122
58,4.956680318691635,5.087787741317665,5.340534431397186,5.47583525435085,5.1453103567971255,5.020988788356286,5.066523247356806,5.130314045662603,5.7326138071722434,122
59,4.95453763995108,5.077924175248029,5.367600987114621,5.472036827157704,5.146418653197123,5.024142082022073,5.070408473957542,5.136837064173518,5.724848993036851,122
60,4.9550310684121035,5.066383742039483,5.40298243664482,5.459722120275485,5.151635406844514,5.036043644702056,5.081809023757966,5.14310835932132,5.736940954726824,122
61,4.957077251873985,5.052626875981128,5.436401335696412,5.431112428065044,5.1552405424156404,5.047662501213013,5.084805460093241,5.143764599815018,5.742291108778192,122
62,4.959210392549974,5.039931326181404,5.4514753729418395,5.411459659770793,5.1625547077610685,5.051269902574147,5.0868748680817895,5.143087544393554,5.732205977510678,122
63,4.9789761378812445,5.039970700059677,5.462062762422808,5.390419724237538,5.161994399520143,5.057952131344106,5.072769098333495,5.141587185124081,5.740443518064317,122
64,4.9962476928862944,5.034984215932487,5.463166817234426,5.362579946623311,5.164809586079217,5.062075636451888,5.0564887399795335,5.14562041059411,5.742643803211828,122
65,4.999950071713448,5.0396701960242325,5.472969252384647,5.335531687226464,5.173264499894634,5.06066602852801,5.035645466490054,5.147412746295122,5.738488970614009,122
66,4.99201188528095,5.05697716871042,5.470150831060046,5.315576998008888,5.173049956992817,5.066253811153672,5.025553096747257,5.137620967478296,5.740721743395733,122
67,4.994584226513915,5.07587575740577,5.467500370983197,5.289423233072325,5.182627539065846,5.065456094620425,5.014686579518699,5.127853593359573,5.749711607153604,122
68,4.996250948335337,5.099146281632635,5.44950859633216,5.264481118196455,5.1801535327577355,5.054686252777243,5.001388876750145,5.1165099791455715,5.756086265465811,122
69,4.988620190208297,5.114497549739339,5.423413248823687,5.248488765510654,5.179511546864938,5.046547332300039,5.000469020752725,5.1146267753272685,5.752772868262843,122
70,4.993562128205207,5.126895406423539,5.407567567103838,5.232318224977226,5.175946838619016,5.039319416939737,5.002534362551373,5.113236963624742,5.759296355662644,122
71,4.982536201391047,5.138611168331221,5.385940014772643,5.2159526243845376,5.179829165860047,5.0325133187222875,5.008536674048336,5.118779581936981,5.765888910438729,122
72,4.974171034462577,5.154658084555369,5.367691236266968,5.2143623509322685,5.1906151219505485,5.0301338907536115,5.015066902256372,5.118476917696737,5.755064610696011,122
73,4.964300141308785,5.1624955030376345,5.351438572778837,5.21692992421236,5.1928269075400175,5.032332197753486,5.025049023135412,5.11951542979936,5.754573754141625,122
74,4.954693190864745,5.158016154632007,5.34272011633709,5.22268167921445,5.20784356853897,5.02771051768724,5.0294162132407045,5.126167811922584,5.7638494690852635,122
75,4.941538038694908,5.157412122726953,5.337958677081596,5.230507373142507,5.217443760527559,5.031020731984463,5.036460208439745,5.120159846579262,5.768998877547515,122
76,4.927676192184184,5.161624429406515,5.329162802056215,5.2407373281502645,5.235788870556749,5.043795282699842,5.046610012348831,5.120980886368994,5.763051379489544,122
77,4.9284445312437715,5.163176681918448,5.323907934293914,5.247785582322595,5.258570926893553,5.059067681425854,5.0368779668832735,5.1200234839401855,5.762443600929563,122
78,4.9235949119855675,5.162208031636891,5.311043073693526,5.249750469005176,5.279053111971319,5.073608788412369,5.033730910893056,5.116318780048801,5.7607381089781455,122
79,4.925759167765681,5.160648730827263,5.297465047736154,5.254306227314577,5.298899406947214,5.093782435422272,5.0398774376040585,5.107840686924337,5.767645936859289,122
80,4.936846906056767,5.157881862689007,5.291287789841101,5.254520521699444,5.318550009365305,5.10364938734483,5.048266631530945,5.099933028798926,5.773236104946122,122
81,4.955109048854746,5.150475811398909,5.285482438248064,5.2673392668023435,5.325044896495275,5.10187126909026,5.046825428384251,5.098581474835926,5.77234556467131,122
82,4.9866305362556345,5.1473324708757495,5.2779104633398095,5.266480924947603,5.326771719093181,5.105546554220856,5.046834497052755,5.103501779068914,5.775531698177975,122
83,5.011114065246238,5.143652444932626,5.256192990688448,5.26178386501886,5.325590410109659,5.110727959855342,5.051868308514663,5.115201277298329,5.771769851444557,122
84,5.036069482181805,5.1397349239404795,5.242000900247919,5.259835144689858,5.322696242193404,5.114743830873816,5.052500395000181,5.117288947692292,5.771156438406874,122
85,5.048927880478111,5.1335225028271925,5.222259248455078,5.247384587212642,5.310971754578227,5.120883487227048,5.064263261234258,5.122253173129771,5.789812783235175,122
86,5.06079214330313,5.129393425126396,5.202767410943686,5.243878531386339,5.305201457815201,5.133244816679591,5.07056645829274,5.131101638746536,5.786710041345824,122
87,5.069506095764535,5.125121940731878,5.178108602316987,5.2338825341844295,5.298075691481987,5.138756913014366,5.073029052046167,5.135975718979109,5.780615773678006,122
88,5.072516369496575,5.124599936033498,5.147591012573085,5.219836307865754,5.281605224133956,5.140029344268433,5.070203060697007,5.144706103398343,5.787517771545459,122
89,5.065878361819431,5.137853513503252,5.109380774224535,5.19445255435277,5.2764085510436685,5.133998927539226,5.072373158895683,5.152077614860032,5.790774564025484,122
90,5.047674325027458,5.151712699237926,5.073131090979079,5.183094704955162,5.279905804645206,5.141377481449215,5.075784645386399,5.144949458485124,5.786818288241884,122
91,5.034015666003254,5.166403791546996,5.0504045352454465,5.18226726935024,5.277457341457428,5.148597778667071,5.068897692514267,5.130271057169213,5.77948078500226,122
92,5.0145280317099425,5.17812551014486,5.023462562085332,5.185554128830387,5.278021016376856,5.150926635067868,5.070964436718304,5.125496625323734,5.788696083450715,122
93,4.993098700289911,5.191967295035898,5.002790060921947,5.207491024480862,5.287088519724806,5.151300990842837,5.076169872645171,5.11497130445574,5.794367612567678,122
94,4.978944066357238,5.203429705148822,4.986607207921385,5.229638143763232,5.2958242352006195,5.148691538166891,5.080618527776873,5.095554296191263,5.787556485140763,122
95,4.962177169005592,5.212164595156527,4.991696188850562,5.252687900993796,5.296209810385151,5.139268418843837,5.088187318707888,5.080971142262119,5.7974507565461915,122
96,4.944431976398142,5.220240778370769,4.997654961333897,5.280558713892818,5.294698382072032,5.13512127333538,5.08991175263726,5.067819349569664,5.796335034050577,122
97,4.938912490165577,5.228662633854322,5.005503689760106,5.308063314577333,5.299000331279117,5.142208815641364,5.096874448011037,5.0461216296808304,5.792837639555842,122
98,4.943025588054529,5.236865215145384,5.011365498409114,5.33349801948282,5.29120597227971,5.131329007809555,5.100328685788054,5.022849046861921,5.800830107761879,122
99,4.947998409416394,5.246159371872863,5.002470981107399,5.35980279543232,5.2974630333009225,5.121214900117959,5.111889758414158,5.01310719544897,5.796322940232067,122
100,4.955954129370063,5.239562235575407,5.000170089908358,5.371830874997724,5.2986367427503405,5.1145345352384055,5.121962405373072,5.001644711556056,5.803793964314192,122
101,4.970684912063274,5.232889735866634,4.991117086856995,5.37346303760865,5.305242598486491,5.094571228074571,5.122893426461129,4.992122525136219,5.802409424392958,122
102,4.971326833516653,5.234045077206609,4.979344716965551,5.36639475640838,5.303378697081143,5.0698066654611695,5.120482555722064,4.9876406245158895,5.8106698733264475,122
103,4.986842823236202,5.235370007904677,4.951303786085829,5.364875662822073,5.308409651677997,5.043042934349016,5.113072010774089,4.9813755782198665,5.8171732554377495,122
104,5.0042650541243825,5.232521657270088,4.922085652536727,5.355978862614322,5.317492431941723,5.012162827566499,5.124487535341941,4.979366984920295,5.812747260775145,122
105,5.016889921462694,5.231005261921057,4.899817455974719,5.349627389053042,5.337002869335713,4.976353977715969,5.133041693550383,4.979459688232733,5.819937233400385,122
106,5.0148723572761975,5.229616967492776,4.890284052393023,5.339975833295381,5.355403077566689,4.958666529710028,5.146573602324698,4.996662985384994,5.808331358604567,122
107,5.009958991492631,5.225512674425768,4.883236371259327,5.32852830069136,5.368265179273266,4.9415497233687855,5.155232448759904,4.999878884693261,5.814472464348851,122
108,5.002385181946201,5.232863417903125,4.8788674351968755,5.322503250206989,5.382580140608735,4.9180161485290155,5.151747633169884,4.988307102188368,5.815459923438891,122
109,4.998303833737792,5.2406532320379755,4.888931099601274,5.320371418874255,5.392641768894488,4.906773936402566,5.151009158354471,4.982664670505856,5.81160320603424,122
110,5.00532117680391,5.237282691959889,4.910129198632215,5.319500587994589,5.407038820910026,4.90098843096865,5.149275486758602,4.966777501547108,5.809824791544546,122
111,4.99751722809248,5.238152025932638,4.931708991577094,5.317122172798365,5.419338494603728,4.89577731298669,5.152150624688245,4.9556812701970765,5.817392719741297,122
112,4.992995545688391,5.236126372795607,4.962538251374575,5.32192801472786,5.430759772798921,4.894366999738626,5.143935786530666,4.934190509315237,5.820833805954708,122
113,4.987582635544161,5.224087314926086,5.000920978048077,5.324020264469501,5.425920106199949,4.905701122549333,5.125658015213111,4.908487462260896,5.8152985102215,122
114,4.987148219431518,5.206748389424639,5.030210311118085,5.321138992399021,5.420598450197355,4.903657438468942,5.099727813873698,4.877161453389582,5.817655145827494,122
115,4.993275155706079,5.183079772143271,5.053754717749554,5.313339235249645,5.418220890787101,4.898638641064915,5.0762424684775045,4.845974872032645,5.815723099081381,122
116,4.999577322768984,5.165002898494366,5.078280089338271,5.301147188329298,5.415898529042455,4.902804129192774,5.056951271910098,4.82150235253547,5.821510098995676,122
117,5.001807594122338,5.148147957285529,5.100201380529197,5.286181203879834,5.411924737526686,4.907517255596303,5.041450437233108,4.791423646796334,5.821826020460295,122
118,5.0092382472455705,5.13285965663326,5.117110735316478,5.2684453817435735,5.3982619984531235,4.906194100023273,5.032755425443637,4.777169343010229,5.826045887366631,122
119,4.386876168980095,4.4809706013211335,4.489713300253497,4.602467511712302,4.719796951889547,4.298917557677079,4.3947290917855195,4.169175951494109,5.824315848765829,122
120,3.758278123814522,3.8334951370460084,3.855776801550852,3.9353734386684383,4.040896131985219,3.6910141470468494,3.7548481565772933,3.5613575729762132,5.837104875587112,122
121,3.1340539671242387,3.189479254850475,3.2114491813624193,3.2689458785080165,3.367222453258833,3.0745188789514275,3.1239623971383708,2.9609784631277214,5.829933677804053,122
122,2.4679722468657843,2.5952281267297757,2.586599945704965,2.600096582090785,2.611519277849248,2.536299615604235,2.466833205673593,2.421743455527313,5.832403855418715,122
123,2.606039833487075,2.7396653033765412,2.7303796870274093,2.7447536941191117,2.7510863012719833,2.6801162200612625,2.6040161629213876,2.5588658634115165,5.835828393491334,122
124,2.7446852517094182,2.8853596021767416,2.872947148251661,2.8903039364365286,2.8901912954485036,2.8248178287034373,2.74202990197587,2.6959559286052666,5.836354460265757,122
125,2.882346172742842,3.0319261080362505,3.0147924923184277,3.035776250374894,3.028250904604832,2.9709140760640533,2.878930563027947,2.8326803112706918,5.838451200793103,122
126,3.018637511893248,3.1772765661993954,3.155182460436952,3.1822323921283813,3.1656847827147647,3.117735401472407,3.0158167788132353,2.9699345580657797,5.842234802240664,122
127,3.1554511151345785,3.3223907661948875,3.2944805149372183,3.3297583974919984,3.303587286662162,3.265826585088716,3.1537077678105536,3.1084596171535495,5.840186923920549,122
128,3.294121204077766,3.4666136774901113,3.4336939847801116,3.4780318993510253,3.4423419430372695,3.4142790865087527,3.2909674036284073,3.247250224093092,5.844791913664464,122
129,3.4324144153863987,3.608129840684737,3.5726594872964346,3.6259333097670052,3.5823065085936805,3.5622792839904127,3.4287500776715674,3.3871535846550227,5.83811745788107,122
130,3.56999444965098,3.747255861501577,3.7094770490762774,3.7751855148298725,3.7221571203266564,3.7116242549000624,3.568161435462736,3.527506773236071,5.84716722402312,122
131,3.7085467461634787,3.8869357646662834,3.847555811790475,3.9237586325449496,3.8634041450688876,3.861384279379362,3.7060429171436935,3.667190641172886,5.842860569218506,122
132,3.8468304265348516,4.025337775109362,3.9852606548376315,4.07275919548971,4.004172913493453,4.009277611761712,3.8429706446201117,3.8073007524343305,5.840513542232907,122
133,3.9855941936915404,4.163106920321578,4.121422955726581,4.2201432323326395,4.140833480940995,4.156269515789841,3.9799177928851854,3.9460288490763844,5.852752931237085,122
134,4.126092886856798,4.301489917770331,4.257930306867489,4.366992345320481,4.278640625535619,4.3032651723842825,4.1160226669142,4.084957811316286,5.848618837684606,122
135,4.266816008675922,4.438493217718884,4.393957343783772,4.512659981643353,4.415748792984376,4.449460705807528,4.252113940009719,4.223964830931761,5.843855578328505,122
136,4.407424815568646,4.576308143812938,4.529139083494773,4.6599348000756935,4.553978116800861,4.595824867355382,4.387450771661106,4.363294370630463,5.851355945222692,122
137,4.548714670665618,4.713056848177387,4.6644857787316525,4.806628802160597,4.6936682536183145,4.741955934389418,4.523178567252323,4.504916211595491,5.861875177050888,122
138,4.6893310634844045,4.849752606739781,4.799930586833444,4.952502525483503,4.832212512825858,4.88705962637955,4.659956598309154,4.64844685223555,5.860178906695621,122
139,4.828729483662937,4.986263628821268,4.935475160441445,5.098284313296789,4.970059028947157,5.03199762709177,4.797220980935611,4.792860732183439,5.8567802204505,122
140,4.968565234251442,5.122565365535289,5.07101919159309,5.2446854139004,5.108329147679896,5.177036153459947,4.934267586586618,4.938326195872424,5.861080664206646,122
141,4.96725787360998,5.116381463025034,5.062864663619651,5.24522613161819,5.097519448861817,5.185942409149206,4.932703624691305,4.950950020148649,5.856610838677137,122
142,4.967483033696199,5.109031604912759,5.055574289180397,5.2444675186457985,5.086698847888766,5.194159534956584,4.930270141144295,4.965831117252591,5.8566754030326935,122
143,4.967099611771493,5.100497058185113,5.04846861215389,5.244276581033832,5.077047779531123,5.202120250672099,4.928274817954527,4.979871526887674,5.864687264968447,122
144,4.969244742127385,5.0921074832771085,5.04017725474648,5.24319605488539,5.0678290439704465,5.210686072977469,4.926152231688208,4.995799394578879,5.8540961596605605,122
145,4.971802437556593,5.082509519530982,5.032078787250189,5.240215482286819,5.059207629233432,5.21655506251081,4.925065746309889,5.01116402247567,5.866616578677276,122
146,4.9759023761439245,5.071574489009063,5.022034149355861,5.236886435476853,5.051985408132978,5.2227889363221,4.923408887781212,5.024113724933111,5.853906905682588,122
147,4.977500808998607,5.060386254017454,5.011139703326776,5.2350936532442685,5.047033340430814,5.2262849783183345,4.922101443578734,5.034911076281298,5.8651934404459665,122
148,4.979102437889026,5.049649573429918,4.99985947403584,5.232337318867654,5.043768567007099,5.227906316295251,4.924790121347848,5.044465207492184,5.870319975786341,122
149,4.980803163845945,5.038078976771164,4.992194959614182,5.227765442026088,5.0392740046631435,5.228710372287537,4.927314132917903,5.054043404422018,5.871846179463536,122
150,4.9797736423206285,5.027001891529148,4.983781763876123,5.22195376019506,5.032988371164741,5.228787027819516,4.92870162623909,5.064957413352177,5.872154113970384,122
151,4.978698799381945,5.015020956347195,4.975679159349758,5.216860685341258,5.029301333059527,5.225721526119945,4.930879458646549,5.075827107254608,5.861017796578251,122
152,4.977333970973529,5.004579026308809,4.965991106171941,5.213446248210483,5.025870341334056,5.220324955523544,4.932243942369237,5.089527603570023,5.886213206548395,122
153,4.977115610518423,4.992575895539253,4.957857057120682,5.210280350320112,5.0221693466766215,5.216366842753918,4.931478434834995,5.101840012454799,5.86374819293285,122
154,4.977915154922931,4.980774428337055,4.95086086695346,5.207475783756269,5.0167740194913035,5.21194650179411,4.92907314729643,5.114554338590981,5.871634295440884,122
155,4.98102693114606,4.969700019748336,4.943520771787518,5.205010106608349,5.01103120252414,5.210043205892013,4.922761790963518,5.125184083452435,5.871735235987198,122
156,4.982667486937342,4.958978354719521,4.937809596770331,5.202149872817119,5.007220549817669,5.2076075184806925,4.918042049063929,5.134522789537007,5.878669668941,122
157,4.982158969292274,4.949542085204287,4.932210850788744,5.198689396398701,5.004328250203785,5.202737449816449,4.913531794028438,5.144396877540955,5.87728916111291,122
158,4.98012597579078,4.940111644589827,4.925136146840114,5.194866395795937,5.00495400108355,5.197612503000421,4.910261036420365,5.155306663739934,5.883651409854089,122
159,4.978041620746177,4.930708812388091,4.918695908890337,5.190006665197654,5.005901931917486,5.191390411041429,4.90792996820084,5.1650507618808845,5.883412149421106,122
160,4.976429514871253,4.921485457642671,4.915003175412572,5.185742619847966,5.007822878542726,5.184594833134961,4.905510117360594,5.175880906830516,5.881549332989768,122
161,4.976837720503789,4.910035774192162,4.911922566257683,5.181535277569391,5.011328378915133,5.177177794021372,4.902900723602045,5.187497566142508,5.872249033810179,122
162,4.980092914179079,4.900946121668358,4.9111555730400935,5.176799611572212,5.016375630368531,5.1689655819533025,4.900393448638607,5.198264832633885,5.884460550592293,122
163,4.982194018728515,4.8934160297164615,4.911131144841835,5.172744548984775,5.021953502857927,5.159968280071803,4.898295386371176,5.207162020778396,5.891240385769423,122
164,4.981903928513764,4.88754503528213,4.910611990220236,5.167217301703934,5.026920480592814,5.150464518754909,4.898370042071905,5.214036594898991,5.8899728133891465,122
165,4.982715962916824,4.8842938713764115,4.9087126805101775,5.162600629943539,5.029726305466125,5.140909152494867,4.897255752726302,5.219123617718093,5.885763908505725,122
166,4.985285438040291,4.883416519951943,4.908978496946562,5.15563297078859,5.031247928269037,5.129586126487867,4.894518886835934,5.223556960144885,5.880400906955651,122
167,4.988728501029687,4.883907605280605,4.908557725548598,5.148708788237084,5.030443511490349,5.116125102976411,4.893493796740566,5.229382165496178,5.880400301675801,122
168,4.992861312788431,4.884795381514197,4.909151241108022,5.140393404310842,5.029261700229576,5.105148470596311,4.893661757633067,5.231944921467187,5.881404595180425,122
169,4.997310693553607,4.888495375832189,4.9104427205630214,5.1348935781790885,5.032668883388195,5.096262550074397,4.8942856523775955,5.236531192197542,5.8865597758429535,122
170,4.999646607984963,4.893662811796748,4.912240964092039,5.130848821558833,5.034097127884996,5.088808501954318,4.895528612091995,5.240662571886974,5.887790086780439,122
171,5.001850147267592,4.8995182012595775,4.915796102837472,5.12754157309888,5.034756177714744,5.080891863579078,4.896816834199191,5.244676529793923,5.888754607642355,122
172,5.005075815782758,4.905538290117902,4.920071528968833,5.12115803081016,5.03409549388427,5.0720409751073445,4.900406125881048,5.248325383301385,5.891320501340334,122
173,5.007696920725241,4.911845507476702,4.923573318498147,5.11606168538654,5.032828067108654,5.064046755254914,4.904074568092176,5.24908995158353,5.89229493909035,122
174,5.01069301910795,4.917654651217008,4.926254619136364,5.111726625269377,5.033152758055531,5.055736025513034,4.905890990326286,5.248921563243327,5.892469745945353,122
175,5.014889970537458,4.922152870448109,4.93022028069954,5.107711851427319,5.033525676174968,5.048040976836586,4.907952513427407,5.247342399757422,5.89839851312475,122
176,5.018333410485823,4.927197577814567,4.935441727767419,5.104478466469438,5.034205108936363,5.041625006079228,4.910637315997919,5.244162295239487,5.900545233335945,122
177,5.021472174719138,4.934650709628043,4.9409685101884655,5.103440520474669,5.034883682991666,5.034360789028959,4.913658534447094,5.242120735438139,5.903708019416242,122
178,5.0236391038820605,4.942594061637077,4.947037403005491,5.102149661032381,5.035796321280191,5.027979546647687,4.917675812149008,5.23929982782029,5.894347947045949,122
179,5.027081987662191,4.951849926177007,4.952020902784917,5.101499252484677,5.035703975089779,5.021158235170754,4.9218214969141485,5.23809682386651,5.89698514972615,122
180,5.029884582430476,4.96062845910357,4.955469581312524,5.101867466533189,5.032513953919928,5.0139776407516745,4.925892054387207,5.236211956586255,5.899290394452804,122
181,5.030687696504707,4.969822312839641,4.95832254444592,5.103398310582425,5.029202593259079,5.008551625442399,4.929977447863583,5.235146580338489,5.892622102444656,122
182,5.03086503461321,4.978722862358345,4.962171772287698,5.10681009090275,5.0242486205143795,5.0030950339409115,4.934877263134359,5.234098241502999,5.900625896353829,122
183,5.031712650083238,4.986977983358139,4.966325447956936,5.110954677017971,5.020681869354234,4.997395079092209,4.940792177493256,5.23446517191418,5.891777346526879,122
184,5.033006692147891,4.994272357937622,4.972217855224143,5.116230709591406,5.015035042344726,4.991626594829217,4.944041990667556,5.235805936829258,5.895814438432721,122
185,5.033716566468458,5.001267157367861,4.975283022865357,5.122287240692005,5.012137194279857,4.986081917041098,4.9473248658530435,5.237132284296818,5.891890436245412,122
186,5.0349537728174925,5.008649327183976,4.9798280864745035,5.128893913921276,5.011144356506952,4.982065887722253,4.952275812067279,5.237748747567926,5.90307634957159,122
187,5.0371246871686886,5.016499274680552,4.9841656367221665,5.133997839598133,5.008881727091881,4.980373513346101,4.95896004106584,5.239322861662206,5.903394894992296,122
188,5.039765282336678,5.024639054702232,4.988713959443485,5.140718013231629,5.007095604789059,4.98047497396138,4.964855041066269,5.239588790276274,5.91065205482707,122
189,5.041701770761132,5.0299399424292135,4.991859615132167,5.146162800392569,5.005972115552474,4.979608249071564,4.970823605044638,5.241416563497315,5.906384562352254,122
190,5.043501606744694,5.034276939542727,4.994038572088367,5.151304422730677,5.00738300626041,4.978550304761628,4.975010620391432,5.243024192657281,5.910841734494602,122
191,5.044725539828241,5.038554426343039,4.996728951146082,5.1541199100563215,5.00980255713328,4.977953976158275,4.978681543210964,5.245400222921846,5.899683575292575,122
192,5.0474194531900025,5.0427931672058826,4.997813366439763,5.159831476368476,5.012557884327413,4.977548365817817,4.979334766951448,5.248196772055019,5.9109024477905665,122
193,5.052253738902007,5.0466611814628966,4.998723694244732,5.165792721119132,5.0125880454621985,4.977789561789837,4.980584910824691,5.250907948387549,5.909497469877251,122
194,5.057688849307817,5.050684183354128,5.00005624448302,5.170433947289004,5.010529968900721,4.978995970944597,4.98367633593541,5.251694243364423,5.904623078446217,122
195,5.059862968645348,5.055554545423721,5.001682014606101,5.17494304626905,5.0094768943022006,4.981334288754148,4.986995705891328,5.2535677583655005,5.90960632852409,122
196,5.061154115634327,5.058867804394168,5.000861273853357,5.178261535685705,5.007207711385959,4.984244027934988,4.990921075708902,5.254193263938546,5.906301922281938,122
197,5.061553038631022,5.06400520166496,4.999972322268739,5.180556621551547,5.004480072669006,4.986713072190903,4.9965417926073,5.253857737625697,5.914707976178135,122
198,5.06078603978421,5.068413589552009,4.996489813271042,5.181878266970621,5.001357666438956,4.990202035496264,5.001840352172515,5.253113274876583,5.914002447759561,122
199,5.061369846946244,5.071973851085819,4.993054239401394,5.180304132215735,4.996600095132067,4.993601783155576,5.005729148128395,5.253859324203728,5.912705236691267,122
200,5.063380732337366,5.074355130189079,4.989689381754181,5.179438588817529,4.991886876757745,4.996157537812003,5.008031965400009,5.255108435711289,5.908943854145987,122
201,5.065475622427711,5.078547820517969,4.988508903249906,5.178125138779925,4.989506153797846,4.998129648575754,5.010845434541888,5.256322078395406,5.906580127818359,122
202,5.066837042269876,5.082842020329607,4.987490557270953,5.17700955308295,4.986851418214254,5.000824164848751,5.014641084382559,5.256784001795708,5.917372821437211,122
203,5.066020231978062,5.085505174384597,4.986219501681996,5.1754787124599,4.985946534045901,5.003616964745948,5.017770191356325,5.25683775902309,5.927821003296656,122
204,5.064800787611471,5.089330957797659,4.98426763323361,5.1757082539049195,4.985186340520041,5.006131578779836,5.019869336125847,5.259530010145712,5.918907547345221,122
205,5.063778744781258,5.0911758295780665,4.983335632152492,5.175249883773615,4.983863001554127,5.008426735421386,5.022814653774638,5.262569232364083,5.91700761673438,122
206,5.063354686995156,5.089765708311274,4.980836095335961,5.173444663863095,4.982997309952632,5.009567774400116,5.0271115664613575,5.264149687832758,5.91463498545679,122
207,5.0627354179717425,5.089270098695716,4.977981906626407,5.17240935704633,4.983735989738014,5.011728785091464,5.031677295320658,5.267063665959098,5.917364439998907,122
208,5.062313675934124,5.087154192968166,4.975184512171103,5.172010446636705,4.983944729298031,5.015332710577656,5.034992818979143,5.269720198229736,5.915787450286175,122
209,5.061806979551598,5.085358642490996,4.972545876481601,5.170174622245682,4.982639899758712,5.018226405559005,5.038036876162025,5.271827863486399,5.9224677910879535,122
210,5.061844248895474,5.0838644863687055,4.971124673311495,5.168236583025193,4.980853681143172,5.02272956610579,5.042938914400708,5.272567704729052,5.91473903721632,122
211,5.0620925280389635,5.083086950034497,4.9683179953447905,5.165491446357222,4.979807284214445,5.027081148785498,5.048494123870771,5.2736849908648775,5.92910647085778,122
212,5.06358306532868,5.081047602929123,4.962785766032878,5.160796906307426,4.978131551588975,5.0299324959515435,5.053179361949877,5.275147268986657,5.913292265736287,122
213,5.065695295603298,5.076859286292999,4.959308655298194,5.154565299636133,4.974732891247028,5.033178940297987,5.056506404885823,5.274971761761397,5.922872757656073,122
214,5.068344956340177,5.073866114395886,4.955167250609721,5.149447009956516,4.973037652666371,5.035535015561281,5.057855437618462,5.273427476247685,5.919119220441105,122
215,5.070648007103781,5.06972943191078,4.951406011640598,5.144420839659011,4.971848501641761,5.038895302598919,5.05942595282106,5.271960943167268,5.931171989441379,122
216,5.071798587423398,5.067185278857632,4.950623595207015,5.13964723701938,4.975321842841071,5.041707838297346,5.061431558915367,5.270758275853811,5.931587643933213,122
217,5.075674349304891,5.065364457207949,4.948770446092038,5.134614992239051,4.981425792816655,5.044512080820033,5.06307188432468,5.269334201789706,5.924207776237518,122
218,5.080439151532429,5.065063581494443,4.947323547773268,5.129004250828091,4.987812361739536,5.046885835453401,5.064511658806548,5.26877015814206,5.926251136681369,122
219,5.085341378775426,5.06569350512604,4.9452877424589765,5.122175644857625,4.992692633083383,5.048674571338606,5.065986219823566,5.2689936759931015,5.9217131862619405,122
220,5.089175739886718,5.066492023809285,4.942664855632301,5.115674897908719,4.99716678326479,5.050216903219191,5.068333024138161,5.267079011841276,5.930069052618821,122
221,5.092439757858312,5.0680731147176115,4.939959749197481,5.109922801090217,5.001003060330747,5.053109277106298,5.069336305349976,5.265479325446901,5.931954296960234,122
222,5.097573601895437,5.069245398638051,4.9381036631335835,5.1042145567295005,5.003908919027941,5.054903688622262,5.069676930938163,5.265609472134086,5.929786304865683,122
223,5.101997841882154,5.07075688967571,4.935015587061148,5.100386775139118,5.0059848385691215,5.055075681324028,5.069570922802505,5.263823564503109,5.933097061176441,122
224,5.104050255065751,5.0727657340145385,4.931593250142248,5.095995577998904,5.006782575026669,5.053973265433781,5.069488978910223,5.260583635202972,5.932719562196795,122
225,5.1073785794860775,5.078332545439821,4.927798618231923,5.090683995188021,5.007266743667878,5.053295667348726,5.071943357690751,5.256083391721264,5.943277835932558,122
226,5.110757419885837,5.083484775109727,4.9240018204551355,5.085632031191903,5.0075319416717,5.050612722740379,5.075019329164132,5.2509072170159685,5.936106212845336,122
227,5.114022670832906,5.088605607892827,4.921921547810902,5.083591806011083,5.006329005998513,5.046893764208069,5.080235735829731,5.245434023564721,5.946300443110545,122
228,5.116534917224965,5.093531758442817,4.919863363034067,5.0806532439405245,5.002900959707215,5.043899349083976,5.087105626192934,5.240883718685594,5.936366914199471,122
229,5.118394709049874,5.0989314455286445,4.918064329726503,5.076875845363861,5.0006272499590505,5.042937145481293,5.092306723960093,5.236319318840568,5.925177753625811,122
230,5.12139616355188,5.1022603935315285,4.914744868189407,5.07413821407072,5.000051057420492,5.041581599901314,5.09593213436407,5.232119943489433,5.93707168934887,122
231,5.124729211880908,5.104633404596017,4.9108778180597525,5.073436735214484,4.998051685666716,5.04131696786736,5.1003934834522475,5.226148453408033,5.9387590311208776,122
232,5.127696310706645,5.10555952235806,4.907151452573754,5.071927823556796,4.997745200919871,5.040293143859087,5.103384694953232,5.219630944699978,5.938278944100856,122
233,5.129889488792379,5.105495319346657,4.904007754764082,5.071888148804462,4.998616174348353,5.0388587426678475,5.107268466977614,5.213904266098195,5.9388006330842975,122
234,5.132194596400362,5.104656383436891,4.903465202883187,5.072141933589911,4.998614696531737,5.035856132855787,5.1103551435231225,5.208370953142025,5.941859277641522,122
235,5.134650061296718,5.103326625008443,4.902845319595508,5.074305858212371,5.000487489963069,5.03252194130389,5.113664947787382,5.201708560815257,5.9387980554500865,122
236,5.136027393212961,5.102374997587608,4.902841058568469,5.075662865856938,5.003114907136027,5.0320211894489315,5.116889296183755,5.1967214638949795,5.93907516341638,122
237,5.136113780139335,5.09979999466854,4.902481948790765,5.075901617393371,5.004816928634342,5.031828608466649,5.120536126225126,5.193543287551204,5.942654151052596,122
238,5.135361720288628,5.096485869840575,4.9022603537390435,5.078200629211926,5.0086207742916615,5.031141657250001,5.123856684495038,5.191760107334252,5.936310391924038,122
239,5.1340285486173585,5.0919624058711666,4.900968448659582,5.0817583456409885,5.010652875697127,5.031120988939909,5.127389012890716,5.189263633685531,5.935080728275861,122
240,5.132668768907475,5.08758160596884,4.8989444713116,5.083946051776282,5.013821451752838,5.030409834551886,5.131621349615783,5.187275403141333,5.952230562272691,122
241,5.131027786437114,5.082886829303662,4.898000071225665,5.086329572188016,5.017085863292577,5.02925827099228,5.133987491084611,5.1833882102576325,5.944497293004461,122
242,5.130574597608941,5.079346950556194,4.8970746491154955,5.0888993330922245,5.021333219505575,5.0278343967144234,5.134792944517337,5.18162036871678,5.943167203974083,122
243,5.130940000735448,5.074853224072106,4.895475954301117,5.090092376422303,5.025829751511996,5.026564214495879,5.134558261305052,5.17954280290236,5.94508053114395,122
244,5.129002713344568,5.070746184090199,4.893664714556795,5.09177453484569,5.03171383560691,5.025867655753446,5.133865207108904,5.1770804973199915,5.95080361585915,122
245,5.126685343291867,5.066941927977846,4.893626800935831,5.093199320870715,5.038224081848622,5.025227210361398,5.131682803705642,5.175577849488669,5.9415557653806435,122
246,5.124090693092857,5.063749762275897,4.894130708976553,5.095337709986209,5.044488241326787,5.024407845312142,5.128476542315939,5.1747189170689545,5.94709135153204,122
247,5.121720506848298,5.061192217757659,4.895120428045949,5.099507959421448,5.050276672641157,5.0233227082536445,5.123111034277239,5.173570958754918,5.946889525621554,122
248,5.118751070734843,5.059952320311713,4.897441899784523,5.105251044461147,5.054636086485928,5.022036266252023,5.118843015507821,5.171953151057229,5.9467983964206015,122
249,5.117157386454416,5.060213026393578,4.898957035502242,5.110703703065018,5.059647616305231,5.020612001995361,5.113998351744641,5.17091554615252,5.944352427342839,122
250,5.116043503037072,5.059481773450674,4.901124618476638,5.114253334981182,5.06198899319371,5.0200971643198855,5.1106684028826175,5.169281036111414,5.944041882931903,122
251,5.114703028749481,5.058608808601255,4.902626442242557,5.118323448899851,5.065266832889777,5.018234252911089,5.107092194340529,5.166974043780467,5.957335925989295,122
252,5.115483220630759,5.056983616379074,4.902592108692316,5.121493949364661,5.0663930381228575,5.0170248241081,5.101972131767376,5.16451004054645,5.947281378294255,122
253,5.115490696113966,5.054843074627753,4.903310800569707,5.124589548268322,5.065636236964029,5.015867042082425,5.098413103846217,5.161272290915459,5.946533076905069,122
254,5.113752294736292,5.051274269750865,4.902468218603497,5.125630765383462,5.064958536948487,5.015698821934784,5.095690007485613,5.157984143357603,5.948574057974794,122
255,5.11239666754666,5.048085705924414,4.90223836813525,5.128467622421756,5.06489069383953,5.017267767561722,5.093059988611629,5.15466554400515,5.9547258587151415,122
256,5.111040481852262,5.046046980112278,4.903142732028528,5.130888579743467,5.066214611565659,5.018838626590317,5.089472062635833,5.152161791377707,5.960456068271162,122
257,5.1111252016538415,5.043556996984534,4.904371020731239,5.132784154998788,5.06766925213498,5.019442010204187,5.085908237982016,5.148659198778208,5.953492868574426,122
258,5.1107288525432395,5.040627778488943,4.9049841190833785,5.135278969109887,5.071218458261031,5.019135983196888,5.082318323525238,5.143441844291701,5.944708373959187,122
259,5.111508263816715,5.036995630348105,4.9058651859959514,5.137238213270013,5.074998896691158,5.018547236277797,5.078559572480325,5.138009178444484,5.956528372262606,122
260,5.113391623629921,5.033535957708205,4.907152299210393,5.139232771063296,5.079074082428111,5.020200038164946,5.075120014935706,5.134346240202629,5.9624215502264635,122
261,5.115152972434289,5.0296403797721645,4.909912752522539,5.14219625464942,5.0837577602515305,5.0212446023090616,5.07071494232682,5.130442358527098,5.953027591765934,122
262,5.1168408193307675,5.027383721397603,4.912821412295499,5.146378028135728,5.088024423986614,5.024235393532985,5.0673461102415045,5.125740784765597,5.944657423648049,122
263,5.119595656208933,5.02561183706306,4.914462030503493,5.1491163205917605,5.094901297214599,5.0271682970612375,5.063814486908445,5.121224717168989,5.954457384401556,122
264,5.122043206341121,5.025036992875066,4.916262750252513,5.152528586075874,5.104192173137953,5.029962777893564,5.060526899700589,5.115589737383919,5.950559710576626,122
265,5.125203931248583,5.024230435975314,4.918733903908221,5.156720051905147,5.113669599204558,5.031742773000004,5.057563678321426,5.109693474114605,5.946854600014297,122
266,5.1278845526011985,5.024254036529332,4.921185818406216,5.159379550111595,5.120968392031424,5.034092248174468,5.054512764482135,5.103852453696978,5.952513860741542,122
267,5.132173223177997,5.025649162501935,4.922809923340871,5.161428276855985,5.128201004755837,5.034374773008777,5.0502707704189636,5.099986414964218,5.953130171222397,122
268,5.136988224212042,5.029115672227003,4.924497168687285,5.16324898762768,5.133812122633499,5.034476154710711,5.046132469265292,5.09763013923419,5.958527389899864,122
269,5.142639997640282,5.033889795727314,4.9252930303605,5.163776442459053,5.139248953142625,5.03533824316753,5.04119608125679,5.095479314895916,5.962689436312532,122
270,5.148061718751386,5.0383821069917865,4.925171570416306,5.164517418184455,5.144881851550386,5.036460598973457,5.036776720870657,5.093281806695726,5.964384694496892,122
271,5.152573932165953,5.042850526524821,4.926292944790584,5.165075584394701,5.149555778906083,5.036847804046167,5.032165403692707,5.0921785706266665,5.971981097567029,122
272,5.15738120606418,5.047299917100674,4.926140035744702,5.168023890905376,5.153679849145268,5.035188029320296,5.028494013964496,5.090264988688127,5.965538032706153,122
273,5.161590519402916,5.052825087172797,4.927333479307899,5.171152181138085,5.156726628230214,5.035025396653449,5.024337629320675,5.086480397806932,5.960182763132435,122
274,5.16649481221652,5.059903661003865,4.928354250378895,5.1731897390978805,5.158380228821339,5.035255373007708,5.020221408026222,5.08186139006953,5.960402610060812,122
275,5.172068532180835,5.067075870548812,4.930293688963556,5.1742458879904465,5.161626976778132,5.0357605269717265,5.016803829560125,5.078470222255475,5.962443872278737,122
276,5.176918031878643,5.073641336199263,4.932716353274493,5.176224704843317,5.164398293015649,5.037812142011526,5.013256734006799,5.074850871000625,5.968240413017363,122
277,5.181414445987021,5.080318489133363,4.934613651749724,5.176910100569159,5.166493087044289,5.039495994792215,5.01048176567684,5.072223115919162,5.961995404288804,122
278,5.1846397168522795,5.086350339122353,4.936839453295365,5.179327724517657,5.167465908168751,5.0419457196314,5.007782927729329,5.070754621506454,5.958163155096432,122
279,5.186275449449076,5.092237955215806,4.938595135103113,5.182928873712829,5.168307114063847,5.0446415684578,5.0060255124952135,5.06798175023439,5.968063305090418,122
280,5.187877684679806,5.0988098406007705,4.940131787060336,5.186978803006725,5.169058501311671,5.0465066032651436,5.003682697380368,5.066089444901957,5.966151094956574,122
281,5.188858464712235,5.106136888125896,4.940647495567161,5.191746367634892,5.17016515581012,5.047975137395925,5.003623350935053,5.064679269317487,5.965858852060583,122
282,5.189912932875809,5.112870078963381,4.94050722649512,5.195028320207594,5.170965734219097,5.048322968412536,5.003225260244815,5.061893921134777,5.964297264063107,122
283,5.1902125135554344,5.11888081914725,4.940107804314698,5.197052370617644,5.173013132747977,5.047369010783779,5.0046451989642415,5.060357752131773,5.964808215447306,122
284,5.19056594297453,5.124005860400608,4.940195836635185,5.198326713156965,5.176877101675291,5.046844043545863,5.006289978854106,5.059895508249756,5.960995801159244,122
285,5.18976631986773,5.128579211579863,4.939276916441831,5.200032421702858,5.181523287529257,5.046485083588905,5.009392554326394,5.059824027283646,5.961644575298341,122
286,5.189038203069748,5.133085375822641,4.938975773365067,5.202237610609603,5.186751254291173,5.046318151078132,5.013041025143059,5.062278831679003,5.973777221043715,122
287,5.188542931220766,5.138478210411293,4.939162823990248,5.204689274977559,5.190288088606522,5.0469982908318185,5.015660817545545,5.06341628064645,5.975093494286197,122
288,5.185753515512774,5.144192524077754,4.938987955421629,5.207406224762527,5.194805660997024,5.046920953901929,5.019835521594295,5.0644702305826925,5.972451977896698,122
289,5.183527949124623,5.150075224596093,4.939318145053653,5.21065387736959,5.199279196711217,5.048086495236316,5.02252501539456,5.065501513167527,5.966960576235714,122
290,5.180502824434297,5.156112616270029,4.940884058203645,5.214751205765696,5.204164873850996,5.04889494473392,5.023914831437087,5.067211702172643,5.985119195293081,122
291,5.1790902925988345,5.161635987793044,4.942499163163692,5.217443718585645,5.208705019186281,5.049588837009029,5.024261728219436,5.066090836811789,5.962988092182822,122
292,5.178597193189342,5.166162498909434,4.94461139994836,5.219864107364639,5.212323186301646,5.049839621645484,5.026222178218698,5.067154128556694,5.963412944031826,122
293,5.17762808863184,5.168942847172146,4.946934925528968,5.222080693600889,5.2144277215305355,5.049516669145461,5.029785866747569,5.069219373713799,5.964353775864175,122
294,5.17641722807557,5.1728216467308155,4.94956141020445,5.222873712827555,5.215296744499451,5.050835498169258,5.033471371369174,5.072295962890513,5.971742897201888,122
295,5.174363803053135,5.176520699259616,4.952155574099729,5.223358709070226,5.216295730581863,5.052882304764617,5.0365410569644675,5.074637975107603,5.975535894175981,122
296,5.171501331874888,5.178938832794853,4.955102542196144,5.22329913821163,5.218012713502136,5.053598118250294,5.039678980907672,5.076925123133613,5.974784662451995,122
297,5.168161247265595,5.180341114057251,4.9575291880391195,5.222442317873385,5.219552265840461,5.054188779143308,5.041430761233438,5.079721117295343,5.970144343945425,122
298,5.165224426818407,5.181077594188172,4.9601781187715375,5.220348269488783,5.220414354409007,5.052110735501561,5.042777698766746,5.082636409835193,5.97082667813814,122
299,5.1613160942122605,5.182172243437803,4.962819873840628,5.217861861492911,5.220920867688651,5.050079434139536,5.043701884236363,5.085668117095509,5.976383569833371,122
300,5.157208448967305,5.182473844495957,4.965779087601787,5.215928465301449,5.220462206980409,5.0491210838536595,5.043737617741293,5.089594672783685,5.976021036206514,122
301,5.153077217774303,5.182579071963711,4.967816423735755,5.213549811352115,5.220004073536556,5.04771558686157,5.043573780772777,5.0935129683067455,5.975872702412794,122
302,5.148914068376507,5.1830143061456555,4.972288594296559,5.211780830039659,5.2220106051595065,5.0452625901379555,5.0424564725645915,5.098769743181613,5.972929245607168,122
303,5.144254405546618,5.181915523172982,4.977774886185334,5.209205351529765,5.225004736115803,5.0438452791070585,5.041368588026007,5.1039233269629065,5.970776219558084,122
304,5.13890540412846,5.179805791137333,4.984006141434779,5.207367253941369,5.229001600133017,5.042392638590705,5.040051383694303,5.1081101890857425,5.980645350954132,122
305,5.132259216719584,5.177253414625387,4.990964058423851,5.205458534677444,5.23259328082692,5.040315501523853,5.038075208614,5.1111885235626495,5.977455655519963,122
306,5.125528209408467,5.1749346676099135,4.997299297828063,5.203554536074826,5.236975282780734,5.038831465012986,5.036682332253072,5.114218609242975,5.97765250642514,122
307,5.11872342508655,5.173041422174004,5.00193673633817,5.201308278525454,5.241491827397692,5.038337361744473,5.035754663502652,5.116260997952294,5.979382277364041,122
308,5.111840217309212,5.169782977450171,5.009189649085907,5.197302857214305,5.245757913511257,5.038495399200183,5.033553748322371,5.118192401355665,5.977864992130427,122
309,5.106144493204843,5.165432460597563,5.015396103975447,5.195188401285468,5.2504484178767665,5.037708339697492,5.0318998101308505,5.120255174890125,5.974272544376222,122
310,5.099518373375167,5.161198730998307,5.021730275079529,5.193038683772899,5.257064488021356,5.037121080811726,5.030197541545228,5.122546529327163,5.972210721615819,122
311,5.094197137619804,5.157447752137681,5.028447135648518,5.190950237866244,5.262568139934318,5.037489024542305,5.029267540416946,5.1241818809663915,5.977908618945308,122
312,5.089200821955642,5.154011345299596,5.035793592756204,5.18879714717987,5.267552371292843,5.036058594681319,5.027438093010684,5.125305106914212,5.979439963777737,122
313,5.0847238871029,5.151759950113796,5.043042244174968,5.1876133184402615,5.272464745764703,5.0341117086385605,5.0253668345972535,5.126372095393048,5.980598140754051,122
314,5.081238128595212,5.150773524669592,5.05028225375057,5.184173102463515,5.278045111023503,5.031304554117812,5.0241913291621305,5.126514934037461,5.9779399070246235,122
315,5.0794321865717205,5.150657145333048,5.057173677891123,5.1799332882236335,5.282907301309741,5.028731656184102,5.023170470729545,5.126799430258653,5.980114846374448,122
316,5.079732226517799,5.149356005447295,5.064905835587908,5.176093315639799,5.287957293691894,5.0255701648877205,5.0229139081535505,5.125672563849252,5.976503252665531,122
317,5.081224404385951,5.148187802969536,5.072156075369141,5.172638082196942,5.29143846060525,5.022857273274516,5.022047285166644,5.125267531115449,5.982199013136489,122
318,5.0830953114324435,5.147065202278262,5.079141492258269,5.1702427592611,5.2955111929346925,5.0214931622443775,5.022226042454334,5.12489556479389,5.985909069645487,122
319,5.084749535426081,5.147043446102432,5.086005798888687,5.16876376259924,5.298177632972576,5.020293211774202,5.02094390558939,5.123808754251076,5.986176267201547,122
320,5.087113923530617,5.147457880794259,5.091590180880698,5.166444169590536,5.299824272174713,5.018930571701267,5.018536288542628,5.122620104233332,5.982169500925511,122
321,5.089715124380086,5.14739323484504,5.096896291562672,5.163556297060904,5.300597664564126,5.0171196495664105,5.016440542138965,5.121470662395291,5.9877289265512745,122
322,5.091925499993223,5.147289879090319,5.101114216992708,5.160086869336983,5.30229007985816,5.015209023065964,5.013591739910414,5.118785820285547,5.992276157377461,122
323,5.09459858374559,5.145607029963289,5.105781082829113,5.157377105169631,5.30436303694447,5.013988579829457,5.011584428576893,5.116194456443189,5.982634567005983,122
324,5.097781055157881,5.143674977983613,5.110391090084555,5.154886083206784,5.305171005419149,5.013671704331952,5.009216491562033,5.113369359929693,5.985279090715124,122
325,5.100700696878007,5.141626987581546,5.115164266054208,5.151622248797669,5.3049159696836385,5.012997417246082,5.008558601029069,5.1108645441005685,5.984744701897915,122
326,5.105728917882543,5.139596863851172,5.120377182362401,5.148436753678746,5.3046578576363945,5.0115593192806,5.009022225044048,5.107594104944463,5.973579204841193,122
327,5.108932394784729,5.137575262462285,5.125020060400072,5.145644776133183,5.304051641424063,5.008904312793736,5.010649848435519,5.105260959366034,5.990692486215635,122
328,5.111526810141249,5.136371027939089,5.128726564095723,5.143373242370984,5.3038209830676095,5.006683399522246,5.012216660057483,5.101078468050122,5.984164550203156,122
329,5.1137147898350825,5.135775845195216,5.132949254350834,5.141310481842396,5.303231910738768,5.0062440244375015,5.013399658983703,5.096400788939871,5.986051117247148,122
330,5.11609996240407,5.133585573343801,5.137314765744115,5.139329082896409,5.302414047766046,5.004985091723526,5.0149275308484444,5.090974592867047,5.987557668614947,122
331,5.118095383592893,5.13245585979123,5.142474573675532,5.137560100861572,5.3008155810995845,5.0033930076941395,5.016950954210813,5.087199883882398,5.99187558541933,122
332,5.120178661108974,5.131272078760043,5.146215093889407,5.136229164942225,5.298951690203383,5.000297472086412,5.01876998166043,5.083345022173716,5.991360361171322,122
333,5.121886196482798,5.1307868429101084,5.1484131214061035,5.136730944955168,5.296978421256496,4.9972668398000994,5.022505679346498,5.080033149134138,5.9746270940486665,122
334,5.122965296897625,5.130370306112098,5.151524445941609,5.137861978841485,5.296068696204982,4.9953376579942175,5.025675289839711,5.076793458506497,5.98743239990076,122
335,5.123968442133285,5.130025395880178,5.152894210529512,5.139106809641458,5.293848870119762,4.993414676730687,5.027965554707206,5.074430418577904,5.989295085713905,122
336,5.126210330684273,5.13001131028859,5.154496757796393,5.139737908269607,5.293059563414152,4.990169325086912,5.030995279569445,5.072399961260894,5.984594297860707,122
337,5.1283624752343995,5.1279944114637654,5.156655300977602,5.140693389324214,5.291367595054776,4.98794109769789,5.034359197177715,5.070774105680298,5.98702407875325,122
338,5.130541103846391,5.125863216430765,5.156491949589308,5.1404812617247355,5.2882915434035995,4.986492917933996,5.0382533066430595,5.068516783595236,5.993061675176363,122
339,5.132280149180517,5.124351107858847,5.156305045636715,5.141248639036209,5.284061195441831,4.9860387625218845,5.043291773275954,5.065594988190109,5.9961116436964605,122
340,5.134742201169846,5.12364964466994,5.155961867642679,5.141988863463569,5.2793361892009365,4.986416273586703,5.048611760876792,5.062108424951589,5.992439721349795,122
341,5.138824636446431,5.122299566290225,5.155705683341627,5.143674710675059,5.2746503653512455,4.9856385476521305,5.054017067339606,5.060249662078924,5.999653679486301,122
342,5.142656750588599,5.120890012578991,5.155172895430741,5.145614073413166,5.268999230130207,4.984454604193365,5.060422035005491,5.058486786269449,5.993386395159294,122
343,5.145295136565762,5.118767938112514,5.154686520470825,5.146685671457012,5.26272908027792,4.983386858719383,5.0662757163893914,5.056781016981088,5.992907179274763,122
344,5.14700762189867,5.119010770806186,5.1537593142562805,5.1483960542954925,5.2560707158578115,4.982282254555686,5.071515454025375,5.055672142743934,5.9992516709735675,122
345,5.148718134517752,5.119136963129083,5.152687514687627,5.149605004973943,5.250154234106274,4.981755690417695,5.076158679179512,5.055248595252925,5.997447288801174,122
346,5.15125881870981,5.117531133840944,5.151935026169938,5.150997023613411,5.2438223803087425,4.9820016067766995,5.079933638765262,5.054987701801787,5.99234874146734,122
347,5.152858305338476,5.115991835219584,5.151297538191841,5.1537737771968795,5.237362058474833,4.9821767461546385,5.083097887404255,5.055025836097101,5.993034671393404,122
348,5.154958057672995,5.114088387280733,5.149582866482489,5.156368746306414,5.2313135762462615,4.9827967686100205,5.086954065924198,5.056299485261219,5.998819221742417,122
349,5.156383487111131,5.11146025758344,5.147132441578618,5.158925524269084,5.2255025211089166,4.984306590114975,5.089427695186176,5.057604241928413,5.991855341213714,122
350,5.155960726068748,5.1082801312849355,5.144746750564128,5.161911287820016,5.219770434832668,4.986630213002979,5.09204694475793,5.058250208955288,5.996837439061826,122
351,5.154219755218944,5.1050493880930885,5.143633738944681,5.165888429395816,5.2148470947936865,4.9888652601899235,5.093438012036014,5.0590910660512325,5.995524265441203,122
352,5.151635413919889,5.101727712736815,5.142661274104668,5.169095218793899,5.209322651581294,4.990544110686627,5.094284549334324,5.060972267607498,5.9955128173058165,122
353,5.148088640541255,5.097135991477405,5.14166949801887,5.17207047054453,5.20408904658606,4.991041645309711,5.095659515389167,5.061982183993953,5.999901562271187,122
354,5.143639771069048,5.092665844968648,5.14051428687522,5.174499986488992,5.1991679184424475,4.991239390147433,5.097228018038238,5.064371895539397,5.992237931634324,122
355,5.140466032752033,5.088874703833688,5.140012744982359,5.174807599516565,5.195992295892942,4.992118308800238,5.098533656678561,5.066921215027497,6.002847852196792,122
356,5.136008690834525,5.085203198275758,5.139862599050659,5.176259537087523,5.193195203629127,4.993110921059337,5.09932151014507,5.068912011919657,5.999082550420241,122
357,5.13171173796924,5.082380845918097,5.1408167289348885,5.177989677892746,5.189701977068417,4.994524243602966,5.099737771654046,5.071088861045238,5.998455558952921,122
358,5.127423166731869,5.080084152586286,5.140883635755912,5.1801401200516,5.185488341616367,4.995913698884545,5.100323766651975,5.073328724973816,5.99756132136374,122
359,5.122373711509486,5.0786318252913,5.140069823488836,5.18140102406006,5.180469035492787,4.996568522340507,5.10160798492729,5.076209524987254,6.001014175771644,122
360,5.11769036785174,5.077004047553007,5.139997823397515,5.182575399641089,5.175817879381393,4.997925190013616,5.103021745455363,5.0794130183429065,6.002891791219462,122
361,5.11236854309009,5.075780264381564,5.139636055010781,5.183942981712486,5.171461462353818,4.999336888051494,5.103080979524483,5.082793143277459,5.991779465814429,122
362,5.106694277962651,5.074215177582737,5.138303481323998,5.185388609927914,5.166852982316204,5.001807501894332,5.102726202154363,5.086909362946649,6.000645129065961,122
363,5.101622813211172,5.0732810224945935,5.137866930431244,5.187240463407498,5.162564420674637,5.005289563281868,5.102479172563536,5.091251120627144,5.99728896638942,122
364,5.09756058763283,5.071857551292924,5.137131666583092,5.18761239753989,5.158516855488596,5.008752136874355,5.101126516094739,5.09445900754692,5.998236842089736,122
365,5.095357825803443,5.071383992483872,5.135963336353866,5.187642770872194,5.154842702648962,5.010524918750729,5.098850948238924,5.097483378163087,5.987108543588093,122
366,5.092878009864308,5.071381431361047,5.134294871752246,5.188217188243348,5.1523771999173285,5.01242872521962,5.0967768861838225,5.100634488634281,5.999705870685436,122
367,5.091004431678106,5.0697963730810915,5.132262491623204,5.188725042800806,5.150303504756314,5.01451402259354,5.093845299723105,5.1035984291264,5.998683000730407,122
368,5.090420904728556,5.0688059362375135,5.131197218078084,5.188539742898053,5.148238280303101,5.018067457250346,5.0908513213170945,5.107519824002287,6.001000327286789,122
369,5.089534107351712,5.066574023102193,5.1306232209381895,5.1873212877660855,5.146536204851175,5.021828185866568,5.0869184080270715,5.110819538743998,6.009382827760237,122
370,5.089017047842385,5.063564556163536,5.128374976401297,5.185292952820662,5.144455657211504,5.0256489367812875,5.083299865188937,5.114113837945405,5.994605026229274,122
371,5.088761627810689,5.0604003710961205,5.127193393455482,5.183456065292393,5.143582493687381,5.029026212299035,5.080444907967478,5.116526793028668,6.0037231048184765,122
372,5.087833835913365,5.056946722278494,5.126052789236389,5.180892960910931,5.141017466084614,5.032761964546375,5.07856341115014,5.1184932357512825,6.0022563064814625,122
373,5.086176561073076,5.0561169446195615,5.12446248837573,5.178098017687752,5.139123093100141,5.035899762761005,5.07686603928179,5.119756991701973,5.999620473281176,122
374,5.0845807530892415,5.05542887402121,5.123720344921079,5.176629250634759,5.137075393884385,5.040062182827465,5.075789788628111,5.120317734779661,6.00112848100102,122
375,5.082961268875472,5.054756608676805,5.123357957138755,5.173593462173258,5.135418926724373,5.043518889611619,5.07358991321124,5.121447151073339,6.007347492584474,122
376,5.080680777046987,5.05393820803023,5.122694579875915,5.171595687309541,5.1340744324932714,5.045847759555457,5.07162999519365,5.122666884669476,6.000926991935422,122
377,5.07769107990471,5.0538719914964805,5.1214817654480855,5.169460785166033,5.132192312796615,5.049097571927025,5.069694966287432,5.1222516757543195,5.994508989555199,122
378,5.075798525575559,5.054354361306565,5.120589733777836,5.166095375062806,5.130928056014202,5.053010567231816,5.066792285337062,5.1229482136872555,6.005555684297397,122
379,5.074887685700842,5.055815921436853,5.120555451882309,5.16329443272658,5.129824662995679,5.056455213472616,5.063467003342819,5.12328896663924,6.0128445803460195,122
380,5.074225154866337,5.0566998479013066,5.119774448886993,5.160109542669213,5.128453184738362,5.059154112806128,5.061531455332288,5.125094060626029,6.011168589931967,122
381,5.073853289479567,5.057305281874978,5.119069745975972,5.156613247139891,5.126445448567056,5.0620783275638495,5.060268982952465,5.126334613280777,5.999524167045195,122
382,5.074089377889175,5.0585788268116705,5.117268939609556,5.152409002891829,5.124412577678207,5.064346799338945,5.059490120246675,5.127992561302338,6.00674534236782,122
383,5.075016040603655,5.060796010816002,5.114379278015527,5.148124655239537,5.122947896632772,5.06625719241476,5.0589926187843375,5.128333506660775,6.0000742646164005,122
384,5.074980973452449,5.063042502939501,5.112200008645438,5.143716780977454,5.121856774610667,5.068159125999109,5.059151021946764,5.127623487804415,6.00315336448537,122
385,5.0740144967075524,5.064419122251671,5.110757843412677,5.138775440386294,5.121930642404056,5.069324415827873,5.060740103511423,5.12676694805017,6.006102884037257,122
386,5.074039440783782,5.065963168114162,5.109929956727492,5.1336202081810045,5.121675094085898,5.069636739151658,5.062128476834266,5.1263354502939515,5.998960352099918,122
387,5.074190222002638,5.06790001037354,5.107593817134916,5.128103295536549,5.120574852974167,5.069911414245535,5.064440018268599,5.125703684425375,6.007463552814629,122
388,5.074431228262618,5.070638951466426,5.105324241298424,5.122306466033326,5.119621682040391,5.071374735943816,5.066876646797155,5.1256184473758015,6.0087398746650775,122
389,5.07509976047317,5.072943738459179,5.102862687838072,5.117132078454526,5.1198309226849865,5.074358386524501,5.0683362900728115,5.124622483708642,6.013507435049895,122
390,5.076359955186617,5.075797815409511,5.10047116659155,5.11209209046973,5.118613540989601,5.077158453803515,5.0693811188622835,5.122995601407301,6.010254696860673,122
391,5.077843529275436,5.076713412531216,5.098090901119736,5.108810107379266,5.116196185103355,5.08034991733923,5.070519684227465,5.12097876998741,6.007922195563686,122
392,5.079208863285,5.077704184801165,5.096342880369017,5.104677171317455,5.113770060387019,5.082681052206876,5.0726686628652695,5.11856097136769,6.006368509276017,122
393,5.080585489314592,5.078880231785362,5.095083912450979,5.101045393909573,5.112976416293938,5.084131514917937,5.074316941917414,5.115657202359955,6.005100559217498,122
394,5.081490785900275,5.079793180637595,5.093921439557288,5.098150625339674,5.111688882647966,5.0854585428430354,5.0757964736261,5.112472784810173,6.017369756020616,122
395,5.083050821778109,5.081268543158522,5.092838812930154,5.094347422153485,5.110897798113173,5.086743417220742,5.076136808321467,5.109260611237161,6.003846561359686,122
396,5.08454492199721,5.0828140096466985,5.091719135105558,5.0899253821448776,5.110630517601507,5.085895096577591,5.076067321483459,5.106395931132155,6.003128615863999,122
397,5.0869402530620125,5.084015259673827,5.089018015540995,5.08630770053313,5.11100649562068,5.085671046321013,5.077317470264566,5.103960362025571,6.009331318730424,122
398,5.089257839438666,5.085760806335665,5.086511844749118,5.082715778048112,5.1122878299808905,5.085328135285159,5.077982493233642,5.100434472572699,6.011304024601432,122
399,5.091432198024887,5.086951292981555,5.083502534636874,5.078533983676111,5.113860315495977,5.084444807854585,5.078179390924803,5.097790477522468,6.0079348253307,122
400,5.092881352189802,5.087603837700751,5.080598514399597,5.075358219319283,5.115404208913875,5.084077199273035,5.078541161496984,5.096592322093427,6.005035916923606,122
401,5.0926444404707745,5.087980042300423,5.078441257787615,5.0739118647976245,5.117789889688449,5.084568753002342,5.080044925571922,5.094856626162484,6.011424539337673,122
402,5.092317399758356,5.088398759927543,5.077375552080422,5.073131905999215,5.119702670910094,5.086372231963522,5.0814659926576,5.094174986363159,6.010919774869799,122
403,5.091596969199003,5.090371816783076,5.076870357618018,5.072978291780942,5.121219033837227,5.0887250353372036,5.082801204919762,5.094241326618063,6.013335881715669,122
404,5.0898299384292764,5.092946510214337,5.076702946000364,5.0726773100998575,5.122915696097632,5.089470846584757,5.0840684588329985,5.092579173786897,6.010835456070636,122
405,5.088247125246697,5.09574512716505,5.07712512184275,5.072604498052467,5.1241619428961345,5.09010079101491,5.085363544980668,5.090966634324173,6.020641168293521,122
406,5.085602086556017,5.0991618393978255,5.07734619427509,5.073861647521685,5.1244120668885635,5.09130084073359,5.086593661349949,5.090118970041059,6.008111543855598,122
407,5.082615271087559,5.102210091668534,5.0776029850518976,5.076430750481898,5.1236704126758035,5.091741161236502,5.087256396616105,5.089606091341361,6.007410124125703,122
408,5.079619071212091,5.104908901285057,5.07810401225376,5.079279147188057,5.122934582018583,5.092357321051759,5.087053722056373,5.088807474107091,6.012230960171907,122
409,5.077497362074439,5.10564787603474,5.07926140265301,5.082427065774075,5.121475045143734,5.093582438346939,5.086381977508918,5.087965635279502,6.016142004512401,122
410,5.07525094499889,5.106146880937259,5.081044323670298,5.08455169962824,5.12059140277961,5.093961406335069,5.085204239432624,5.088218517604719,6.01459006605029,122
411,5.072978125005246,5.106935378936969,5.0822865455368165,5.0866053995534575,5.118538163158665,5.095595514522878,5.084262827978325,5.088526522260663,6.002207883528265,122
412,5.071880240259452,5.1072575450285465,5.084076837523627,5.087891396311501,5.117163040712374,5.0974820235356955,5.083461825834018,5.0894077753008595,6.0055965181984705,122
413,5.0710213466338505,5.107215933472961,5.086149034248738,5.089732197909909,5.115873018830889,5.100083630490562,5.081801792753845,5.090956857123082,6.00546489654666,122
414,5.068666010078799,5.107495188679573,5.089218810994274,5.092468371043971,5.113767663520383,5.101390962514336,5.080373150482124,5.091196825626281,6.009222926517826,122
415,5.067094123729673,5.106959943132815,5.092311828898847,5.0954931088331925,5.111984956750106,5.102907912000942,5.07941398142024,5.092590211848819,6.0174576039157,122
416,5.066860352389218,5.106779135817463,5.095549697036686,5.097825375583364,5.110012691125778,5.104617186890892,5.078175085262499,5.092174643896359,6.008537217340765,122
417,5.06567988387628,5.106557176023447,5.098580504690391,5.099776847998767,5.107642820242278,5.106493184761987,5.076982330766276,5.091785645355614,6.013526163355512,122
418,5.063326272543424,5.106855083474409,5.101624822719762,5.101650961793284,5.103762885222572,5.108100975475688,5.075193281936534,5.090447333927263,6.0239077043311795,122
419,5.060650613376715,5.106583329288609,5.104694805044316,5.102556524232007,5.100221051933177,5.109228713432346,5.0720324717288845,5.089914065287528,6.016409738498906,122
420,5.058754639763825,5.106923055719379,5.1071514771446225,5.103516460735721,5.096655001967472,5.109736498480109,5.068325290704891,5.090320057898277,6.006117217222181,122
421,5.0583374140340815,5.108169154112764,5.109001704448656,5.105397051890506,5.093195161544415,5.11060077039942,5.06423706764233,5.090730852025056,6.022265360336825,122
422,5.057667158217395,5.108798079075443,5.110930913339674,5.1084571865206625,5.089859977479259,5.111037277625217,5.059780692541478,5.0906088384944645,6.016777793317567,122
423,5.057619390486332,5.109177597449266,5.1136956184807065,5.111760802150836,5.087358008070493,5.110832278687182,5.055337727916431,5.090374789508707,6.024716487306047,122
424,5.057562156630983,5.109960083194769,5.115880520779971,5.115753581627876,5.084878236376536,5.110155706950044,5.051744021911629,5.090224636898769,6.009656127199433,122
425,5.057468575474843,5.111495285497119,5.118872747585179,5.119123918941941,5.082142786300089,5.108894224829829,5.047964195338032,5.090377737806795,6.011983388092114,122
426,5.057017451235165,5.1125974341661875,5.121482878682556,5.122164648510552,5.081193969906528,5.107990060397617,5.043696938742766,5.09086612942585,6.011695581202279,122
427,5.05644355914133,5.1148559011790855,5.123067066914723,5.124751416566269,5.079549407811153,5.107173523982938,5.039824419219576,5.092072585579633,6.017527569657219,122
428,5.055661014576279,5.116598151273649,5.124797891492259,5.127682263242492,5.07781400340827,5.106537525403818,5.036056471469118,5.093589007813078,6.0092817858529886,122
429,5.054937931764986,5.118004949478548,5.126036358666781,5.129960576577789,5.074973575223128,5.106853549676474,5.032672946604287,5.095017196478347,6.016533611998312,122
430,5.054324752363099,5.11834735759574,5.12717548109808,5.132139950369603,5.072790482224293,5.107497671009094,5.028962814226268,5.096918690533515,6.01174163669245,122
431,5.053297658773962,5.118635507125008,5.128205924715383,5.135683306676472,5.071456550098173,5.109382371845823,5.025683418842625,5.098139493839714,6.012160045696989,122
432,5.0521353445776445,5.118471652881167,5.129057009246089,5.139468022646172,5.0705305780178325,5.112071527847761,5.0220818745883555,5.099052622345933,6.016822696239088,122
433,5.050399703783428,5.117698680013865,5.130880939281595,5.142273293209055,5.068513163077607,5.113647115110413,5.01736248033011,5.100021293392022,6.0114192579759065,122
434,5.047688024674612,5.116478080428365,5.133062904482623,5.1451779689029,5.066472813700027,5.114206759184906,5.012818017544262,5.1015370109027565,6.01746324358894,122
435,5.044994107592265,5.115187801542967,5.135719854318849,5.148056321129603,5.064301317326477,5.115854522588856,5.009005731268385,5.102265366298363,6.020112537488234,122
436,5.042407352996047,5.114194812070727,5.137919857268093,5.150142236906488,5.062153899562999,5.11746420676645,5.006090204337814,5.103389790113112,6.015747508405693,122
437,5.039172096188723,5.113653932386002,5.139239667153532,5.151439507690911,5.05921965257556,5.118524369360757,5.0033864132791495,5.105985910163947,6.008297039798551,122
438,5.035788765204935,5.113769727875196,5.140335406516766,5.152072818584051,5.056469728207404,5.11856536457419,5.001459234734091,5.108075895820646,6.0086037010125555,122
439,5.032627095953163,5.113659800652928,5.141228679179415,5.15229540948477,5.054201215470306,5.118067695759464,5.000157340591454,5.109036768879966,6.016401974367138,122
440,5.029766356954001,5.112667339981098,5.141598671065201,5.152656317482238,5.051684339859115,5.118739756508049,5.000105935331286,5.1108432035624585,6.0134903471564805,122
441,5.027509824875267,5.112407163037914,5.140800166238847,5.153004890444031,5.049469077182718,5.119386095420211,5.00037423990856,5.112670767491013,6.0079424211881705,122
442,5.025343054049922,5.11212220523702,5.140747035007605,5.152827491608731,5.048695454966318,5.119707994956274,5.001078966529436,5.114174128234317,6.014645726236816,122
443,5.023094669671307,5.111961248032669,5.141069160814192,5.151106671160454,5.048377164049386,5.121180723019265,5.002005513356007,5.114647103749417,6.021414665190798,122
444,5.020637412484712,5.111931829576831,5.140938756110336,5.149824277616895,5.048889849905623,5.1215544426376916,5.003554051848364,5.115645951737748,6.014362548407927,122
445,5.018463063470769,5.112963018057101,5.140568930833634,5.148055806819407,5.050410920727323,5.121589441088831,5.005335714003888,5.117530199346216,6.023333771983002,122
446,5.016404378628769,5.113835907998029,5.1395159815335765,5.146809846107275,5.052119055588747,5.121581377453936,5.007352465452365,5.118335796828596,6.007672839908552,122
447,5.014488300910495,5.114176609236925,5.138612062395025,5.145493936857727,5.055338313094234,5.120287822356289,5.00929499102347,5.118771793114181,6.028040178339877,122
448,5.011777965602908,5.115218884587465,5.1369500794278835,5.144277770675941,5.057435063392035,5.118759422257391,5.011054315115557,5.119459782497982,6.020947882972987,122
449,5.009825950076218,5.1168471539760105,5.135123518377222,5.14291232523604,5.058328419987283,5.116319111817443,5.013445377000023,5.120229732050706,6.0116771015315615,122
450,5.0085895686098745,5.118271626488637,5.133788262198804,5.141339796445401,5.059366680697085,5.114803255709637,5.01517704339103,5.121197337042464,6.015413835057404,122
451,5.007173585266284,5.12007188972397,5.132572989137798,5.139846108876892,5.060659293331836,5.113062053973638,5.017050894897227,5.121543261119918,6.026264229546808,122
452,5.005568435023671,5.121433016425839,5.131213997171234,5.139349029372099,5.06189651509642,5.111548784274973,5.018620975800426,5.122085008492223,6.019198819819928,122
453,5.004540240082784,5.123182903623144,5.129921998409946,5.1391897861502835,5.063091653056649,5.109107339404902,5.0199810520276165,5.123396244177444,6.012278756142135,122
454,5.003619719326116,5.1246738685284265,5.12854603164224,5.139215853410729,5.064819287803127,5.106895112846715,5.022122324276989,5.125392251677041,6.019325974150286,122
455,5.002158334053452,5.125580688896184,5.1274117120889855,5.139491540765117,5.066147673649128,5.105902631354893,5.02500374922646,5.1266467186376286,6.016352854040996,122
456,5.001621318325218,5.125848613611774,5.127206526744093,5.1405545360631155,5.066816752838481,5.106138924088968,5.0284563059154195,5.127567867279058,6.02466686183977,122
457,5.000328153162354,5.125762007090728,5.126719688335717,5.140453692766947,5.067411863124647,5.106309055942328,5.032045074395796,5.127913773905557,6.03407230468275,122
458,4.998787881646377,5.125615839821066,5.125077113593429,5.139555289064684,5.067775140437842,5.107455294903776,5.035115393547405,5.1272781687908955,6.021666152590821,122
459,4.997401370827434,5.125471504014348,5.12319805086604,5.1379401881109406,5.068371227328523,5.1090593033698575,5.0377531190609375,5.127634153173815,6.0175811779544075,122
460,4.995601266252528,5.125263506185904,5.120655628101515,5.1360297902244705,5.068543040703886,5.111086311959564,5.040021533010259,5.1278992809074495,6.01290781147082,122
461,4.994004338526006,5.125414480492756,5.1172849891429575,5.133631635442887,5.068081067244235,5.113427894022458,5.042960765206185,5.128093059999976,6.026379452691734,122
462,4.991612969068269,5.125241752792589,5.114149607519298,5.131869372822765,5.0667371645870976,5.115360378915493,5.045839899077139,5.127970502405702,6.028740748277267,122
463,4.988356078832172,5.124984705940477,5.111468729288978,5.1298023770104475,5.06658078913372,5.117259633140234,5.048972638348401,5.127182002776577,6.019398340205287,122
464,4.985948691529201,5.125325544900102,5.109093782174659,5.12816078612474,5.067081071576884,5.119359688906439,5.051597180989862,5.126783251745961,6.0186330326497925,122
465,4.983523576583906,5.1256078064931385,5.106551769636349,5.126605543481113,5.068045734348619,5.121813417982842,5.054056937794569,5.12627712983951,6.0142122956683,122
466,4.9820791515538,5.126667369503138,5.1047967722013645,5.12511926999567,5.070966029678682,5.1240130514835,5.057038355852175,5.12494861071169,6.014202781180354,122
467,4.980518118300266,5.1274713029343815,5.104025900987319,5.1222494166736094,5.072623912695675,5.124836735589643,5.061435072970566,5.124090849001927,6.024297089879385,122
468,4.979902023066057,5.127936285407879,5.103568262618095,5.1205255498833075,5.07423884767417,5.125447233867505,5.066379385678342,5.123125515304687,6.030830454338072,122
469,4.978925209696801,5.128330589681288,5.10273626106836,5.119455129765322,5.077370180907528,5.125520839995246,5.070623191884614,5.122333685573971,6.02923348003496,122
470,4.979340257158883,5.129182346300848,5.100938529905432,5.118237253981947,5.079530923963725,5.1263460945052435,5.075731368195788,5.121699409668235,6.029420975409562,122
471,4.979418753596729,5.130095547400643,5.099534345973919,5.116421039888397,5.082193370042784,5.126334734427273,5.080128933802207,5.121480444430533,6.0224827825131495,122
472,4.979444926693789,5.131429651364101,5.098043030807066,5.115168963024358,5.085240767058591,5.12666316052505,5.0838810347272165,5.120071122426611,6.015861337448473,122
473,4.981009417080409,5.131800179609233,5.096519150713403,5.113501892417935,5.088311053451572,5.127300135413255,5.086628493195234,5.117917922825795,6.02772491737284,122
474,4.982526094897055,5.132107386075265,5.094241591328664,5.112249429906157,5.090955968806422,5.128201989107451,5.089030402830349,5.115253406291357,6.025752776048546,122
475,4.984409417996506,5.131831077261439,5.092112723544144,5.110376153260924,5.09383846638486,5.1289028314663,5.091694200097104,5.113465725375714,6.022221068845247,122
476,4.986374414387477,5.131647380274475,5.090842306979312,5.108279444395912,5.0966016030908765,5.129114790653168,5.093477908118253,5.111001157906686,6.024672712387729,122
477,4.98929915844397,5.130867488774641,5.090085425406038,5.106264070848658,5.098236896343744,5.129356131435069,5.094882358853209,5.108535031636829,6.017320195659293,122
478,4.992930924367785,5.130395548121873,5.089808669862407,5.104541486564504,5.0988667843806965,5.130051921226187,5.096638095298302,5.106698157716081,6.01417039338094,122
479,4.997322134911773,5.130199165329755,5.089090522658147,5.10301814628489,5.100013347366133,5.130827836060666,5.099005670908605,5.105787722730347,6.018509890008032,122
480,5.0021114644171165,5.130273578214382,5.088581817273444,5.100969024104293,5.101181444907805,5.132551238663848,5.1007343088886365,5.1044624759116815,6.032486499592064,122
481,5.00635153096957,5.130380010770298,5.088071011221504,5.099265310912352,5.101817343965452,5.133827108060046,5.1022787738792035,5.1031346578836825,6.013940935647915,122
482,5.009999207245892,5.130699681505275,5.087359251186909,5.0976384469504845,5.102337258277933,5.134912033124172,5.103705120519056,5.102539642211809,6.017201543476858,122
483,5.013850000646647,5.131280884769021,5.086951301186122,5.096917204675542,5.10217320994266,5.1361735189778805,5.104760526710889,5.102190562234512,6.028539020484377,122
484,5.017596019109426,5.131136957354951,5.086804366744803,5.096192753395371,5.101255444223717,5.13783452825678,5.105860633427997,5.1015649064097754,6.028178492699989,122
485,5.020417722215772,5.1298765446648495,5.085387828549505,5.095755398416844,5.101138103017084,5.139071850119741,5.1070653047382155,5.100326195765889,6.029593033359011,122
486,5.022675220387286,5.1288990409018,5.083637542403495,5.0955540605979035,5.101497383092347,5.140257360359783,5.108334403408838,5.09907295647562,6.032356086061014,122
487,5.024749504406217,5.127408857494879,5.082180204242611,5.094869790221388,5.101570700353927,5.141259595268143,5.109427026322108,5.098202414092809,6.026335983849188,122
488,5.026326274311277,5.1259942760061445,5.080478320715322,5.094060651936276,5.101902024992225,5.142328975107867,5.110896078498975,5.097652626158079,6.016699435450727,122
489,5.028129500524316,5.124831347165006,5.0783007679196075,5.092728431532418,5.102703548439294,5.14340800431928,5.112050057766331,5.097579390332769,6.026042131905279,122
490,5.029800577685647,5.123173230178089,5.077053204133252,5.091694335074811,5.104708548054889,5.14418782438009,5.113294749812759,5.097697769513783,6.023089246448501,122
491,5.032109150558275,5.121533688680996,5.075881692236763,5.090711628437388,5.106844502817068,5.1442775082668755,5.114482558775757,5.09868915391921,6.025828931568796,122
492,5.033851030783389,5.120475161358859,5.074009878848354,5.089549063647775,5.108987925655448,5.145077787520519,5.11552997796227,5.09901727509992,6.023375802137245,122
493,5.035441449640573,5.119280783508846,5.072025353756764,5.0891848014929995,5.110418806079381,5.145806021699981,5.116313965529812,5.100467965231352,6.0280742388224695,122
494,5.037113702445782,5.118384116467818,5.070384896412947,5.088755118444425,5.112354215008964,5.145873644726823,5.118276454530848,5.10310136312067,6.0240189428851565,122
495,5.038962463996497,5.117834262551562,5.068684984841774,5.089397223111371,5.113678771865124,5.146075519335451,5.119936471744518,5.105055660952615,6.029400697432632,122
496,5.040715777908306,5.116621706350676,5.067941364887982,5.089839438304567,5.114167666486003,5.145918384114816,5.12129788702371,5.1062938352093745,6.030301515101475,122
497,5.042793740750048,5.115823673828748,5.067717099357422,5.090111938690589,5.11487158432628,5.145588263069058,5.122483453417869,5.107915564707063,6.024594635883304,122
498,5.046618719992692,5.1152424808771455,5.06794871342899,5.090946149250863,5.1162082997296965,5.144846169661557,5.123474505924999,5.109177252650938,6.0286384824223145,122
499,5.051347205879554,5.114441239375498,5.068290696558691,5.091298244332188,5.117271257384347,5.144258079473152,5.124750599854647,5.110817813822933,6.025327500989403,122
500,5.055447428507437,5.11382579045075,5.068762190586372,5.090915083419807,5.117949588444004,5.1441358100736085,5.12599826756292,5.112945071846361,6.015560388943731,122
501,5.059921784513335,5.112069399910658,5.069286269723614,5.091369051892046,5.117821254467801,5.1433285874133166,5.127013421479339,5.114930496642673,6.020859487245576,122
502,5.063547305586646,5.11060500366277,5.069107112493116,5.091132385471683,5.116316105624788,5.1434829186088775,5.127835859032747,5.117632934302595,6.030180970101245,122
503,5.067776325366957,5.10872666443305,5.0683341525785695,5.0920602853544485,5.114935592812177,5.144254659285931,5.127971295543736,5.1201257293602005,6.032902831892314,122
504,5.071754279789701,5.1080596185737,5.067391793232019,5.092670227860016,5.113367679488995,5.145532846292241,5.128380828457491,5.122284491225413,6.029021514518073,122
505,5.075697056765367,5.1071955506276865,5.06710821348213,5.0937949335661274,5.111239009945313,5.1473979736351945,5.130116530312067,5.123580976150199,6.032622542995882,122
506,5.07954359139646,5.105911542869835,5.068323107316447,5.0948433601410805,5.109232625267259,5.14879257147771,5.131224848593846,5.1243993830767725,6.033810168731087,122
507,5.085254772292201,5.104685091855563,5.068907996248038,5.097282811030832,5.106644903496175,5.1503647110167154,5.132081877327348,5.125640563032491,6.029403194301476,122
508,5.0909853595592445,5.103570285910141,5.069403095001176,5.100020308426083,5.103683372663453,5.1505397398820705,5.133208215478579,5.1270034142729255,6.02978353034852,122
509,5.095991623019492,5.103087601973605,5.0703961000295035,5.103142464524769,5.10122472902853,5.151223660141088,5.134530734055575,5.1280439168818,6.029699729895399,122
510,5.100800649497864,5.101776107331321,5.071793901151699,5.105848175923793,5.099254087548269,5.1507633204929215,5.13619597091685,5.129533127398155,6.036267533230661,122
511,5.1057403850098755,5.100521191786532,5.072859785433339,5.109033040804705,5.097193013666469,5.150842488255865,5.138251248483902,5.130716233258092,6.023091162382051,122
512,5.110761154517183,5.100088782520912,5.073729535945703,5.11282199888246,5.09522628083786,5.150942755839651,5.140466153907769,5.131799096424119,6.022696527420375,122
513,5.11399800079834,5.099395023496566,5.074912793432009,5.116795914300646,5.093849624748795,5.151522751230708,5.14275698829821,5.132531559726516,6.032309839700875,122
514,5.11693327982748,5.09826843453059,5.075683844386268,5.120228742756392,5.093287198663727,5.150879069992655,5.144516115065553,5.132615836997704,6.024374040563944,122
515,5.119248502906535,5.0974120981806825,5.076423907352905,5.12418043800586,5.0926809060982405,5.150228094847246,5.145749847806732,5.132846854091618,6.028576309992757,122
516,5.1221400787557165,5.096597631566911,5.076968043364568,5.127947889738093,5.09261013467449,5.148846026027816,5.146942204680835,5.132776810905753,6.027751027998673,122
517,5.1240080831942,5.095616466705108,5.077468097147941,5.131210728735992,5.092032048582927,5.148114961843539,5.147924425429314,5.131921356796045,6.022454144302478,122
518,5.126209426901742,5.093772383367398,5.07853107948445,5.134756033762409,5.09172211788221,5.14782774314677,5.149268455108393,5.130671819373063,6.026411240259129,122
519,5.128354166510875,5.091844241351527,5.0795390672539975,5.13778869264474,5.091055808265887,5.147200219998461,5.150689547543308,5.129223444233234,6.029527646213114,122
520,5.130648715765933,5.089877832243994,5.080622773557299,5.140230357335899,5.09193645789459,5.146775551438233,5.152814586253972,5.128121584037345,6.0319837625094666,122
521,5.13312284445907,5.088349538900404,5.082905941432513,5.1422587488460065,5.093270914291912,5.146443515950628,5.154567369816948,5.127479919409504,6.033168812001879,122
522,5.135716863829487,5.086608044355078,5.08469483545858,5.144508918018239,5.094608478784623,5.145759718873347,5.156195511085751,5.126913819639543,6.036720222140061,122
523,5.138217242767128,5.085104955549358,5.08575281138188,5.147150320650673,5.09573499556117,5.144998564102045,5.158028314519772,5.125701691063643,6.028719927928421,122
524,5.140861004943551,5.083670951782235,5.086525123689439,5.149973847819691,5.098086478424138,5.144602105100797,5.158856938144828,5.124100893156496,6.042722665508929,122
525,5.143252077151875,5.082000971532743,5.08760996118998,5.153244726437568,5.1007609347747,5.14460424726958,5.159507198405443,5.120822931080091,6.032745513408561,122
526,5.146574283494211,5.080850945606591,5.088173213475552,5.156698858343715,5.102365102747337,5.144874049237048,5.1589174419993284,5.116900182372026,6.034073397591805,122
527,5.149715660278204,5.08088534432874,5.089011641394552,5.159132293603362,5.10376347684211,5.145348507404832,5.157375011457294,5.1123857401502,6.042916221687706,122
528,5.152565710043762,5.081080284570263,5.090314254292707,5.1609005737752,5.1052092440681545,5.1445383871905275,5.155248171157279,5.108303306726244,6.031715552446379,122
529,5.1552957644513135,5.081763441036741,5.092067852575857,5.162133364769657,5.106754038246433,5.143607187172148,5.153830900584808,5.103363138828968,6.0291922886939116,122
530,5.15846925629848,5.0826076437941525,5.094141434392027,5.16322091995244,5.108231831286395,5.1430923490335525,5.151152121169415,5.098554490015543,6.038599358556302,122
531,5.161008907089716,5.083205886862397,5.096192666614043,5.163395620653247,5.109740052134335,5.1417689138901626,5.148964878367391,5.09354545925466,6.020284620994159,122
532,5.163992844992528,5.084101262747545,5.098248806088947,5.163889932786482,5.111428810850015,5.140674911502003,5.146634332538335,5.0892769287122706,6.03179782042698,122
533,5.167463664349,5.084478502300216,5.100097716950779,5.165091206817476,5.114034643777504,5.139901276413946,5.144170624348002,5.085405600559186,6.032807233761028,122
534,5.1704175390948075,5.085586386400076,5.101461966698196,5.166222820553836,5.116204155566292,5.140318933070491,5.14171905852932,5.082443592361879,6.038205581381264,122
535,5.172823239345531,5.086392115803584,5.102837005160758,5.167367305064489,5.117966131684007,5.140005768493755,5.138301735025976,5.078945995704012,6.029382608550731,122
536,5.1748942120549435,5.086555064739899,5.1028281357735725,5.168378496068213,5.119180747834342,5.139846235912513,5.13466545569699,5.075684369145381,6.028204468472978,122
537,5.176803197705132,5.08729846876424,5.102994472958057,5.168308817477486,5.121222994985967,5.139838855978198,5.131943192159303,5.072856213777912,6.016292458149938,122
538,5.1782733846080164,5.08718425484212,5.104000314006562,5.168465643997344,5.12308144220931,5.138851428434237,5.129731788202863,5.069860784812187,6.034875934181545,122
539,5.178724428560816,5.087744288577149,5.104667826544322,5.16797675195531,5.1257895717314454,5.13785841000962,5.127119989764314,5.067187220894372,6.034261582734081,122
540,5.178748413015911,5.087670590466664,5.1044613929957645,5.166859036355188,5.128136087686978,5.136796769961025,5.124047033403245,5.064984409462474,6.040413812783155,122
541,5.179802200950845,5.088218446895793,5.104191530397846,5.165564384295132,5.130228031291738,5.135645546702417,5.1210139879395005,5.063791020904283,6.032519375018338,122
542,5.179349473990591,5.089826874733812,5.102555805903395,5.164168791849246,5.132590407441427,5.133909987207391,5.117191447505991,5.0622110287189415,6.02245484566885,122
543,5.1772846269231465,5.091336205164043,5.100572541494007,5.162044714914791,5.135217264261654,5.131559919002068,5.1137833042835865,5.060679052262872,6.0336570586294815,122
544,5.175290800599202,5.092622071418095,5.098904708394853,5.1597668931182605,5.137798501244719,5.130239613033775,5.110501476092376,5.059863376305404,6.028894026861861,122
545,5.173187838423063,5.094456635560057,5.096773865814464,5.156475675971451,5.139895646652866,5.128269402580985,5.107236182117398,5.059879469580747,6.036895380766578,122
546,5.17162539837786,5.097052935374094,5.094831154710615,5.153868966013619,5.141327547657691,5.127397171235989,5.103422795289058,5.059416467051067,6.027916473984853,122
547,5.169095968555169,5.0994366433888905,5.092716020023547,5.151069235331717,5.142871285585159,5.126588841672993,5.099162558136797,5.058758325467993,6.028840681558008,122
548,5.1665831543985465,5.100281941179727,5.090072921129789,5.14810951143033,5.144093064704791,5.125720417367305,5.094012837685146,5.058240331159406,6.033116975668968,122
549,5.164295934554181,5.101616874149047,5.087446287675058,5.145132813811931,5.145036958981609,5.124393267891342,5.088711690472977,5.058672011867208,6.031705267648298,122
550,5.162400708105341,5.10328707257658,5.084922688455832,5.142588722296811,5.145294560454504,5.124405320182193,5.084122053994102,5.0590129543863736,6.0296911170867284,122
551,5.160675860960049,5.104725252463469,5.082786188074197,5.139867866741536,5.145370471370391,5.124072937289273,5.080153489821434,5.059092830376514,6.02802978480405,122
552,5.158626566239887,5.107118422654025,5.0808848855607875,5.137814713628509,5.145125043921044,5.124473758695842,5.076667794667236,5.058990331157179,6.028943132077819,122
553,5.1577917746374675,5.109817226764856,5.078194474656782,5.136146667126523,5.1450716644470855,5.124248184444651,5.0738033910658675,5.059052849374675,6.035067889244964,122
554,5.157076654636359,5.113017938106745,5.074609839326346,5.134589522323759,5.144710937976306,5.123862891553882,5.070993885625269,5.058968771708035,6.039274057440144,122
555,5.156612530812307,5.11587588027198,5.071600387582511,5.133212822463765,5.145102667512013,5.123352826552962,5.068144558125372,5.058842744794159,6.039899603952165,122
556,5.156349831105078,5.119301660156494,5.069477792523494,5.132359407145087,5.145266478720409,5.122278777213264,5.064669112673241,5.058521073208477,6.02948630923262,122
557,5.156100344156648,5.12319856274657,5.067260539293969,5.131251254959224,5.145279835731767,5.120972647914054,5.061661954172005,5.058071054116329,6.034688980387661,122
558,5.156428621020317,5.126757332019577,5.064483688628441,5.12971876919868,5.145910343200692,5.119899597962888,5.058827905578925,5.058604745853021,6.03143043226963,122
559,5.156533391833936,5.129937940359298,5.062509407425823,5.127491800057609,5.146764414646507,5.119806186792692,5.0559232418089906,5.059733638656569,6.0337138341335494,122
560,5.156534215272295,5.132431751219627,5.060987337452084,5.1245043366617,5.146661828177404,5.118947487931923,5.053770957078483,5.060593135902815,6.02838922482823,122
561,5.156390007176485,5.135210146580988,5.05891072821103,5.1218625549326395,5.146287768062806,5.117836613978119,5.052075984718474,5.062384253735786,6.034138856788863,122
562,5.156297029615709,5.137585156932724,5.0573099974175335,5.118990090442245,5.146273815982134,5.116239079145732,5.050403623716974,5.064377082712072,6.023504827405562,122
563,5.155879236278741,5.139362828620226,5.056091040754959,5.11702866088697,5.146482435506883,5.114372442835545,5.04925074453949,5.067008281573974,6.028536224212307,122
564,5.155121749219868,5.1405653473914485,5.055075853772127,5.114948762636551,5.147690748958716,5.112368369422748,5.04912865009665,5.069276990394286,6.036582368056463,122
565,5.154166003135411,5.140827406595456,5.053699876769393,5.113450478391729,5.148358273510601,5.111137874455071,5.048020935205374,5.072032403059206,6.035188545294469,122
566,5.1528961175040795,5.140751440358629,5.051995267060761,5.112368294739333,5.1488529024525524,5.11006715403704,5.0481891412807975,5.074660246761756,6.040252730828878,122
567,5.151858470254043,5.140063842134925,5.049787539583891,5.111692866877174,5.148780001674606,5.10949465821332,5.048710771323213,5.078355057102175,6.040328737288655,122
568,5.150866458499775,5.138904291106973,5.047317268057906,5.111139299778326,5.149234422559414,5.108867121840695,5.0493106257400076,5.081640590757294,6.042100088725574,122
569,5.1494287036686845,5.13755325341611,5.045206925141754,5.110571190107601,5.149420815134389,5.10785457533388,5.049974582368593,5.084997363139495,6.031294192770882,122
570,5.147359426956973,5.135215221449512,5.043286644395346,5.109129131767036,5.14939166645788,5.105773361897245,5.050907532059854,5.088598678164627,6.03170501160464,122
571,5.1444805612813855,5.132860083270411,5.040394215704975,5.108169519471494,5.149768015783509,5.1039563467557905,5.052854022610871,5.091759039271674,6.037684040819736,122
572,5.142050235732745,5.130909982533753,5.038392421724532,5.107697812453262,5.151172175117894,5.10188400262906,5.054865281042119,5.094322754161665,6.040407569663431,122
573,5.139473919815151,5.129405565260132,5.036671425071452,5.108172035846971,5.152665014906845,5.099895390966308,5.056018180565362,5.096659344474773,6.042059515861614,122
574,5.137126871747937,5.1277777647402,5.034335930529126,5.10868450911289,5.153458828755014,5.098304953116287,5.056767489877604,5.098324626935985,6.035974583115634,122
575,5.135716841867623,5.126485366125186,5.032853155486686,5.1094304590495545,5.1542138343511485,5.09621605583064,5.058048666328016,5.099991871475066,6.032127767474859,122
576,5.134436287142167,5.125436509377353,5.032305537324952,5.110542647186071,5.154645019503843,5.0938036996695075,5.059276358435194,5.10160782488213,6.035450470384879,122
577,5.132793709964526,5.123982255291879,5.031954747793144,5.111606175899752,5.155419648483248,5.091857298130201,5.060060524832307,5.102600357809177,6.032628028591704,122
578,5.1319293078704185,5.1217977181284375,5.031970752406679,5.113117628342652,5.155618094937808,5.0903056591242954,5.061892419454049,5.104291723393817,6.036185774534549,122
579,5.13130723040761,5.1198649550823205,5.032978712327075,5.113910484902,5.155687914867432,5.089209503332517,5.063702384935702,5.105112867650736,6.035955748100927,122
580,5.13030320294534,5.117673575156301,5.0337627372089955,5.114443595119801,5.155778177030433,5.087433303096738,5.065402109392417,5.105245952238819,6.034895214423599,122
581,5.12953615781686,5.11468726265079,5.034376799677479,5.115226507721634,5.1564486641447,5.085616400879924,5.0676842964447895,5.104814309598444,6.034564889874925,122
582,5.12859832087811,5.111528932707344,5.034825919624239,5.115491866276345,5.15685679942899,5.083483154504041,5.070008166420559,5.1045558817571814,6.032088204692379,122
583,5.128005993128389,5.108459176927335,5.035109923215827,5.1153421715130385,5.157277016321686,5.080799727728849,5.0718851605859925,5.1040759238410525,6.034134906477016,122
584,5.127277679264871,5.105905981767187,5.03523674410844,5.115473027543443,5.157837866212585,5.0779726890742864,5.0742195699665595,5.104340244501046,6.034087290007342,122
585,5.127376709156682,5.103411656365366,5.035243665989428,5.115065829820288,5.158090700318164,5.075349813025805,5.076701937639637,5.104254826037275,6.0279216332719425,122
586,5.12750768092258,5.101035823829684,5.034797834473411,5.114499819158331,5.157697613085418,5.072157110783545,5.078684045453862,5.1037055307738735,6.0414703776463545,122
587,5.127577681779734,5.098793139724529,5.034127186473483,5.11389138843166,5.157248563325034,5.069321708974618,5.080852343541267,5.102759161559957,6.037802682302792,122
588,5.127473799463423,5.095991130752745,5.0329021138815,5.112923437491418,5.15631081587866,5.06650441113788,5.082716727536191,5.102318009979735,6.030961336372557,122
589,5.126639778095923,5.092346182644182,5.032404764132002,5.112459031251527,5.1556566210737405,5.063834393146327,5.084118992779922,5.103003736678993,6.032556286832339,122
590,5.125587545411911,5.089887128911391,5.0321282709100466,5.111733537825437,5.15474664332733,5.061220785534563,5.085422856435796,5.103770327911201,6.035037359746763,122
591,5.123808645238556,5.08762192432574,5.030680003397937,5.111858351259011,5.1536491306499475,5.058759126464106,5.0863292321422655,5.104987896572057,6.0405438298242125,122
592,5.1222215058852765,5.085470374824316,5.028704551941718,5.112402007524365,5.152277246586144,5.056486407582342,5.086427506801292,5.105895843617139,6.039356588377006,122
593,5.120979840163292,5.0832073163585125,5.026827369699172,5.113391425026093,5.150804342282536,5.0545594450543,5.086405178432008,5.106940513029855,6.032007618114843,122
594,5.119238160892094,5.080925322169512,5.024932462010008,5.1150142801279,5.14829887666123,5.05361285310052,5.086947166639952,5.10737257087391,6.0459596951991275,122
595,5.118274894111419,5.079223762260492,5.023402987258077,5.117643588001842,5.145431175622864,5.052032893293333,5.087082941995069,5.107680757660994,6.037369038395214,122
596,5.117115725219115,5.077428070764865,5.021868638180074,5.1204775926037325,5.142977472733877,5.050686049353672,5.087919855045064,5.1088174890729725,6.037816856542686,122
597,5.116063120984704,5.075722464279358,5.021018250945954,5.123279533048116,5.1409813504548225,5.05002431868602,5.0885891375227565,5.1100860173736695,6.036140653517463,122
598,5.1146467769533945,5.074861106563922,5.020101633338722,5.12644698752269,5.139208864856766,5.049332142104469,5.0904388045615665,5.110925857338818,6.042343050024456,122
599,5.1138207989978035,5.073933781235526,5.018389943589798,5.129671198223882,5.137002200328029,5.049008597687522,5.093019920284439,5.111218346715196,6.047704708976089,122
600,5.113416350593438,5.072467457674598,5.016267655330447,5.132481945789813,5.134358811640224,5.048581489049518,5.094746590640003,5.111793578663468,6.024784071018196,122
601,5.113457937172001,5.071712706470664,5.0143754843793875,5.134794941431915,5.132393117888752,5.047517934168582,5.098036853368191,5.111852002432529,6.035404657984704,122
602,5.113664672754722,5.070825479652669,5.01377673689244,5.13679200797676,5.130008347103877,5.0462328827681375,5.100163467488349,5.111023088375966,6.039847496474095,122
603,5.113352291318268,5.070046539339321,5.014065909987437,5.138376766054861,5.128568285448663,5.045282752645208,5.10236465383385,5.109284624849947,6.035240374286057,122
604,5.1128434682794985,5.070306242542305,5.0139746951939435,5.139507963203712,5.127394045940062,5.044010156516774,5.10498480544187,5.107734457809325,6.041688760929749,122
605,5.112487803979118,5.070254297216471,5.014291112783516,5.140182156802813,5.126288574073904,5.0429976908406005,5.107211231512536,5.10660184591563,6.035709101751185,122
606,5.1127675592431725,5.0707061123275015,5.015554904229219,5.141243531100805,5.124956055649003,5.04229207257835,5.109364603761957,5.10468388995645,6.027965651391033,122
607,5.113405723325635,5.071236787708682,5.017615582061785,5.14199480717059,5.1235907765069815,5.041292395565488,5.111519578875994,5.103376017888026,6.044843753377255,122
608,5.1138239642549905,5.071337034915068,5.019171462757122,5.142302099925628,5.121425770148501,5.040891495396327,5.113599876201149,5.101865461972434,6.044913538331536,122
609,5.114470095288805,5.071454500898742,5.020423858873711,5.141697387400306,5.118738936721061,5.04017170402806,5.115693966133691,5.100154103766592,6.039839683115685,122
610,5.115760180231645,5.07304958728116,5.021882099002109,5.141081065455933,5.116776659496282,5.0389263721385635,5.117851363633081,5.09917500196101,6.040205618769724,122
611,5.1173050330876375,5.0740187321291526,5.023012055546602,5.1405929117252604,5.114485104189429,5.038278585372334,5.119467586606316,5.098449867715929,6.034933747698853,122
612,5.11925937461389,5.074846059333781,5.023659317424725,5.139713079750933,5.112753487491563,5.037691292939811,5.120890920324517,5.097776258533485,6.044186765302157,122
613,5.120808083192834,5.07592714769233,5.024138511063858,5.138517210297993,5.111042484815919,5.036678490468712,5.121313638479635,5.096808901760346,6.0334961457689245,122
614,5.1218750660175285,5.076505359079216,5.024548360675601,5.136353929410063,5.110034708610771,5.0358008361095745,5.12126593183535,5.095839462108721,6.054989731387844,122
615,5.122292179340984,5.077275507301622,5.025001649883747,5.135256365177181,5.109630161336293,5.035439282715728,5.121631732322324,5.095577953051456,6.031455990214396,122
616,5.12319561748471,5.078378068392442,5.026209661882984,5.134519432709503,5.109057012512231,5.035922087184591,5.121194570416861,5.095857351938507,6.03080568437794,122
617,5.124226237079628,5.079920946930334,5.027613137951532,5.13503906641381,5.108159580167422,5.036503500788476,5.120106689618282,5.096338642444959,6.033956027203911,122
618,5.1258025950120185,5.081610608438263,5.028594471826336,5.135748694462423,5.108342770661149,5.037240551856758,5.118330705037836,5.096821214368675,6.0307248559290825,122
619,5.127967161071548,5.08356885904998,5.0301590183601785,5.1366361639539,5.108747298600521,5.038675194176027,5.116748476713693,5.0975692324562525,6.039626311803237,122
620,5.130586700722714,5.086399961036643,5.032371689691578,5.137925658199716,5.108942261751361,5.0403317780685475,5.115164479346195,5.097618268748636,6.034246621091588,122
621,5.132916812939877,5.088847564853019,5.034787031222233,5.139019541170329,5.10986158080239,5.041886556912079,5.113638724335896,5.097475545854781,6.040885818848357,122
622,5.134489230337493,5.090843984364914,5.03775158111477,5.139682641042754,5.111158913868037,5.043508529937762,5.112046769659743,5.098063580418059,6.039175991774707,122
623,5.136467621492511,5.092587532691638,5.040781002262061,5.139658403090493,5.112082256345264,5.044669156101284,5.110161001804541,5.098961360577146,6.049868631995539,122
624,5.137970088368622,5.094254254532963,5.044520389434133,5.13993450101259,5.1138486327073425,5.045873439903122,5.108212619755035,5.09960606081406,6.038788123245152,122
625,5.139262352012528,5.096565091317357,5.047792272338048,5.140215171538849,5.115555067774249,5.047179341607033,5.106195163778478,5.099301356523322,6.040078583033677,122
626,5.140823832770058,5.0981749503290015,5.051706977095321,5.140339387324105,5.117107979778483,5.048297989802739,5.104016763840465,5.098622509770911,6.026489922548344,122
627,5.142973400322775,5.100316010810026,5.055689035393601,5.139848181838413,5.1178509170066615,5.0497120556747515,5.102274443374929,5.098383073356683,6.040434322054072,122
628,5.14421011904806,5.101647105289916,5.059700353470093,5.138670819671189,5.118245151268301,5.051247857412155,5.100707273906844,5.098352086824319,6.042393952947735,122
629,5.145115686519036,5.10225890489944,5.064394650008343,5.137080397046651,5.1179474931277085,5.053982542537584,5.0999755004886325,5.098092952821506,6.04231671282693,122
630,5.146252352083341,5.102326874008385,5.0692423619638625,5.135047117318064,5.118199448553639,5.055328325702911,5.098898762499701,5.098096179509856,6.032866191724464,122
631,5.146474809468145,5.10228785605176,5.073723700131094,5.132664141128563,5.118034224743383,5.056422937648542,5.098092584790785,5.097645688079412,6.04600052660119,122
632,5.146775077055688,5.102718192849352,5.078474645303292,5.130560576394776,5.117462633755194,5.057237577064247,5.097103485183631,5.097341027508964,6.0417698486056715,122
633,5.147004105151063,5.102788183558484,5.083033891995127,5.1273969865076126,5.116355119533801,5.057585597759355,5.096535419757675,5.09653885539478,6.032238856090528,122
634,5.146784973366586,5.102716388957673,5.087592176031756,5.123786642940397,5.114823775175898,5.057689489245966,5.09517352115877,5.095633465708495,6.047331321260033,122
635,5.146075316729938,5.102676486714436,5.092494766571433,5.120521243418899,5.113521223018038,5.058039155069476,5.093921556426794,5.095135782990305,6.0311369564133726,122
636,5.145163910846276,5.103322503782815,5.096902461236483,5.117497084266654,5.111515529799881,5.058885442318212,5.092705625971001,5.094812801635289,6.038019955916131,122
637,5.144387623812533,5.103455802141749,5.1008735802417515,5.114258475031507,5.1098600201485365,5.059864023978185,5.090992110909208,5.094502674483772,6.033266623878421,122
638,5.144126820059052,5.104222998414949,5.103868996981581,5.1113445840554785,5.108292475456982,5.0604886155031785,5.090122709270323,5.095151180616215,6.041064495261015,122
639,5.144130351934698,5.105548645169277,5.106904233958996,5.108404055030437,5.106635455847809,5.060927208673711,5.089041731730669,5.095666171623634,6.038341563181521,122
640,5.1442671984085555,5.10616544789558,5.110229360222366,5.105481915605577,5.104945591706086,5.0614926720895586,5.087081141613103,5.096070538265496,6.04340754344298,122
641,5.144234496044778,5.106866224347945,5.113133472595063,5.10314314178426,5.102714509244446,5.061856233811142,5.085417820611966,5.0958065420598855,6.045099554490908,122
642,5.143577143887679,5.106535658382411,5.114652348403,5.100845282157113,5.10100482724186,5.062386081642215,5.083929044854907,5.095774102824197,6.03939039455624,122
643,5.1432625385396396,5.106900139691879,5.116147263794243,5.098947873611071,5.099559141466021,5.063737269166952,5.082008421123694,5.096049880898696,6.042371904360858,122
644,5.143304050598472,5.1073729207341225,5.118073840698854,5.097729871160698,5.098638449869861,5.06479327167145,5.080306185692431,5.096143663176433,6.037622379777748,122
645,5.142585665372773,5.107656014984832,5.119618602868333,5.097391534995463,5.097978817213143,5.066062628447694,5.078762890323809,5.096542546994899,6.039125912233865,122
646,5.141106381432046,5.107316659310792,5.120590140533709,5.096954682278498,5.097586976714352,5.067766815753366,5.0766821764751935,5.096824020806594,6.038310581931909,122
647,5.138292746740321,5.106806062714383,5.12170480675524,5.096428425739267,5.097543181911376,5.069675588494473,5.075046463946355,5.096879003174431,6.044931988474582,122
648,5.13511425459349,5.106116438534675,5.122468560239366,5.096507792746672,5.097563782193718,5.071537874694839,5.073373809241566,5.096329410403784,6.051118760714208,122
649,5.132119400058314,5.105134126554198,5.1234103828343045,5.096467264179413,5.098140874329116,5.073420419810566,5.07244787308643,5.096294742238491,6.039528201439893,122
650,5.129926524875474,5.105137010181161,5.124231769111029,5.09672720821949,5.098247997282125,5.075295156353653,5.0718699129060925,5.096129174288363,6.046063729604087,122
651,5.128078872280971,5.105056205835774,5.124217754650075,5.096763948962178,5.097675187543549,5.0766474733917,5.0710426893729466,5.0959963571547995,6.04889771925708,122
652,5.126093058345681,5.104900567064561,5.123973995040453,5.096719357466055,5.097043850031428,5.07723942505735,5.0706437342370165,5.095723203056345,6.033972135372988,122
653,5.124178663083427,5.103997768556858,5.1239219812188,5.095473690136831,5.096435504372638,5.077817417777705,5.070796867723575,5.095231502978367,6.044922382665638,122
654,5.1218132024672895,5.103204548672487,5.123916753280097,5.094103793138815,5.095448736837256,5.07765232382803,5.071434233554312,5.094721253887723,6.050877121846874,122
655,5.11903565110868,5.102346670683271,5.124229664233171,5.092462272708868,5.093931782651045,5.0771815565440965,5.071835541980425,5.093714547090816,6.037065382529267,122
656,5.116220785189442,5.101421088141546,5.123993483070544,5.089677210502434,5.092753571330771,5.077222209763057,5.072872779602403,5.092243491166223,6.047755231946542,122
657,5.113885261503274,5.100805529671694,5.1231740615605865,5.08669141584909,5.091316298447313,5.0774303587775265,5.074010770264007,5.090654645016436,6.046290651297047,122
658,5.11205281150467,5.100235735972316,5.122272917015373,5.0844632630052065,5.089978689133758,5.0776079689902565,5.074989421595502,5.088590909366035,6.046269928092692,122
659,5.1095784808688105,5.099486036555577,5.121281159147718,5.0829000603779235,5.08890521441368,5.078060074249219,5.076025928220975,5.087136257409567,6.035968731036239,122
660,5.107742704186196,5.098510402289948,5.120385735321273,5.08114777418579,5.087124439540718,5.078320386673038,5.077331105111558,5.085509562429149,6.049008019170403,122
661,5.106089708581593,5.096887477689846,5.119836722220123,5.079111470468037,5.085476886946539,5.079334761038581,5.079036260801468,5.084037916589093,6.041598281063209,122
662,5.104426700423297,5.0954236614062225,5.119576816099116,5.077526004755988,5.084163650379072,5.079952446028206,5.080109595923622,5.083016125604508,6.038982113419869,122
663,5.102384796733044,5.093853684480347,5.119227768765871,5.075573635716481,5.083744379871885,5.080250023958808,5.0813838112607606,5.081356169363971,6.033996986459068,122
664,5.100428993783852,5.092186544423481,5.118750641919791,5.073480004532725,5.083708101280207,5.080577832408483,5.082581259512111,5.079675949524837,6.040143112660764,122
665,5.0981031729619986,5.090828944262812,5.118027739830119,5.072072264630364,5.084688338979889,5.080304072197659,5.083643980710127,5.077800352132404,6.048991196964066,122
666,5.095689376687741,5.090038111102203,5.117574873706186,5.070843043726123,5.085875982643189,5.080680959073522,5.08574757692036,5.075786635811912,6.037647343943401,122
667,5.093620824613542,5.08862288832478,5.1162788571379405,5.069838285531404,5.0876474511762275,5.081348470937291,5.0878431415757746,5.073879846942063,6.035704853651912,122
668,5.09183345198438,5.08669766049558,5.11449986801235,5.06921652463994,5.089494035004266,5.082634863779949,5.089542187548773,5.07172542912357,6.052827943399581,122
669,5.090239016729943,5.084871502744561,5.112407726652597,5.069331695137347,5.091145836277677,5.083320070574912,5.090830892861705,5.070063333776316,6.043647933429672,122
670,5.08878212682399,5.082784560404121,5.109810876384051,5.069069862215083,5.093341718117587,5.084120630043104,5.092275144743178,5.069250545724827,6.040222658545742,122
671,5.087373548977398,5.08054687163483,5.1073884469205755,5.068855130054951,5.095597730367223,5.0843357280472645,5.092782439836556,5.068230180673903,6.045583304988915,122
672,5.08660591307059,5.078135992774582,5.105700412094019,5.069474307097421,5.098537620509294,5.084364048709851,5.093720076604248,5.067068723005262,6.03866487412665,122
673,5.085827162923872,5.076267005710535,5.104673361534045,5.070265331310743,5.100701795051846,5.084684617784095,5.094177325511771,5.066391072180977,6.044435748051237,122
674,5.084490978430763,5.074273889384484,5.10368238650914,5.070910134204092,5.102326779368104,5.085075670992827,5.094160045480735,5.06556125022519,6.039473575786011,122
675,5.083151823170812,5.072081287047865,5.102407656418535,5.072331690515461,5.103429325530305,5.0852070618178065,5.094049271483939,5.065246245294887,6.045062580602803,122
676,5.082206605928322,5.07052498483952,5.100785267089979,5.073979392014877,5.104355187438626,5.085090804714468,5.094782707857153,5.064998560234981,6.035209178811951,122
677,5.080999830470995,5.069614094160842,5.098871863562249,5.075625168897202,5.105420398764544,5.0849665489144895,5.095603949136072,5.064840344712215,6.041469195842475,122
678,5.0804707934876046,5.069697892372373,5.097118261452536,5.077156437049456,5.106198566423065,5.084747814613912,5.096061352907373,5.065165244300578,6.045639785042908,122
679,5.080194715215972,5.069903768234539,5.095139719558963,5.078598245404803,5.1070924186742115,5.084846633044264,5.096260840725009,5.06486207543368,6.043954705706027,122
680,5.080218354142658,5.07052097397006,5.0930171499911445,5.0798404804129005,5.107285813280805,5.0845280529411045,5.0970887384411165,5.064341279965839,6.041412062901253,122
681,5.080657646954787,5.070898222233825,5.090863774797436,5.080416264134053,5.1067315726724285,5.083478671483442,5.0978976419536295,5.064122503479716,6.045897573036702,122
682,5.080667308208843,5.071145078590032,5.089498798721762,5.081192211962238,5.106295898499859,5.082246180630044,5.099417766028683,5.064615977096258,6.04903088419676,122
683,5.081666133533281,5.071407131366692,5.088063405500615,5.081265737660454,5.105943199570081,5.080847149331885,5.10041889990887,5.065170029852555,6.044855611376386,122
684,5.082392663109163,5.0720066108014095,5.086648198459134,5.080212035254418,5.1055333002829695,5.079827399938813,5.101273561280218,5.065825309494455,6.047036578318142,122
685,5.083304000043846,5.073020811508522,5.085467224586174,5.079752187703146,5.104746844543322,5.078750087656976,5.1022225349977965,5.0662123712888985,6.043680638536335,122
686,5.084595168109361,5.07378846593912,5.084315289956052,5.079198057609599,5.104426204649478,5.077991454381718,5.103083673423821,5.066459382622742,6.050448203590433,122
687,5.086305988513499,5.074220303103779,5.083564966750215,5.078860622090203,5.104361113701252,5.077297682147451,5.1041967277512,5.066270655048487,6.031433553411527,122
688,5.0884389693728735,5.074670831746269,5.082574574614406,5.078139456686043,5.104239065353078,5.076988655433675,5.105608792349799,5.066051148856522,6.045665937391426,122
689,5.090836975376092,5.075954703526071,5.081433497913686,5.077847482877607,5.1037279347925795,5.076681877278912,5.10701120898527,5.066186652010652,6.0440084581411915,122
690,5.092869241798479,5.07685950248486,5.080252816518974,5.0772460227998115,5.103051702260593,5.07741226750764,5.108537778415984,5.066203147315054,6.045733407855315,122
691,5.094661083649907,5.077170520990908,5.078915154243628,5.076734649330839,5.1026345221404865,5.078629943997843,5.110212527556192,5.066609280940023,6.044640404439216,122
692,5.096472944255237,5.076785181101956,5.077574160414791,5.076429667422851,5.102019067360381,5.079507565100832,5.111407992667789,5.068172558443642,6.038113886365966,122
693,5.097621407712516,5.076393005215905,5.076317679942884,5.07677736182344,5.101340896025046,5.0803962901949316,5.112633130960197,5.0698834380105975,6.041793681190204,122
694,5.0986684914840135,5.076193573533979,5.074660001609647,5.077210715510229,5.101200465870333,5.081674056545522,5.113787290548532,5.071651480974149,6.043134219996583,122
695,5.099980419044423,5.07618128765196,5.073662646302491,5.077842730234931,5.101126600992907,5.082685025708804,5.114810254442763,5.072870093525396,6.0416049367513365,122
696,5.1007628632070485,5.076021753240286,5.072096585195386,5.078205237000617,5.1011063720129055,5.083274735177908,5.116063470871554,5.074626276673976,6.039271812767291,122
697,5.101509563175376,5.076267764008358,5.070424761392638,5.078830599542583,5.100914871745054,5.083703464108099,5.117250263480997,5.0762207405472175,6.042685931022102,122
698,5.1022304330436405,5.076041442377872,5.067725849255325,5.0790338832509425,5.10022890972101,5.085013480738939,5.119502214251086,5.077833093513799,6.042672312120671,122
699,5.103231667120139,5.075526534807198,5.065649281783334,5.079100750314205,5.099540976469205,5.086466437980326,5.121462824255943,5.0797950430473895,6.033544692571953,122
700,5.104389490677616,5.075452840708223,5.063384790240512,5.079423506083386,5.098530685316884,5.087277498061226,5.123751165815415,5.082650381675894,6.036483956080455,122
701,5.105584998747614,5.074891158824704,5.061397248945076,5.079551704705386,5.097474923186901,5.088195406713497,5.126069326599795,5.08625272899995,6.046081854502456,122
702,5.106653731411429,5.074012508837936,5.059378245885848,5.079934861918669,5.095754496960776,5.088700594613179,5.127392298888122,5.090043483208168,6.0482053930646,122
703,5.1079437338877405,5.074176632545888,5.057808636266406,5.079885258078566,5.093555265989709,5.089300967018844,5.128749775581428,5.094212037367891,6.046824043206058,122
704,5.108939938354066,5.074649488087885,5.056959061204536,5.079079009851846,5.091372379721436,5.0894793097606605,5.130445380034524,5.09797672484402,6.039420363044685,122
705,5.10992200955125,5.074629012271928,5.056568500383866,5.078219306758096,5.089738411312534,5.09031730947618,5.1320890746723915,5.1019790983714355,6.04157189319733,122
706,5.111161891094927,5.074621517782475,5.0568064194544435,5.078107962169398,5.088113986010843,5.091612028730517,5.133934708989896,5.105544902291778,6.039998807619328,122
707,5.112154008222206,5.0749702436293145,5.056703186164211,5.07825843158079,5.086626863611681,5.093302005766654,5.135763764072967,5.109068597047728,6.047847631568697,122
708,5.112475232999983,5.075371821228504,5.056787030457249,5.077389615615523,5.085423195505683,5.0945698251882074,5.13733581893257,5.113062018683348,6.0454428258404835,122
709,5.1130323739164485,5.075959887449466,5.057457940197393,5.077181252461067,5.084094714766287,5.095633657231174,5.138650809092995,5.116810899274966,6.043329250109263,122
710,5.113626225776205,5.076157755297149,5.0585737687342,5.077119075953026,5.08338991247347,5.096527205888197,5.139866835630334,5.120808463106741,6.050758840110428,122
711,5.1137659391928025,5.076587354709121,5.0600462943362325,5.076372381708726,5.08301108689711,5.097707324532953,5.141221533891277,5.124104675761476,6.0392457404601805,122
712,5.1130508520083735,5.0764836723837625,5.061795418756654,5.075396387926174,5.082630539825941,5.099051214077203,5.142508144249001,5.126999373717965,6.0499889644888984,122
713,5.112490420308667,5.075784047684728,5.063119837551707,5.074478689582882,5.0822895491529385,5.100559255275604,5.143620899621848,5.129865821747718,6.047357490700876,122
714,5.111339747054284,5.075051975209597,5.064670467620809,5.073562304594908,5.082556321490975,5.101772139860545,5.144752022822248,5.132764303663346,6.047261205956094,122
715,5.10989716437604,5.074092701661854,5.066578755553021,5.072298336018015,5.082164422422765,5.102675387278984,5.145806170870651,5.135407020359832,6.039025434234476,122
716,5.108557876046934,5.072510540923121,5.068290000026175,5.070895539537696,5.082538162909813,5.103718080821459,5.146041447998502,5.138335486763099,6.051599776171016,122
717,5.107471013354552,5.070673345856752,5.070210883357667,5.07001390659453,5.083492770612618,5.1054636165378895,5.146347373972439,5.141024856664736,6.044562256894108,122
718,5.107501438809209,5.06871507369792,5.072394072842433,5.068949877827625,5.084073489753555,5.10686306060528,5.146293657450969,5.143200615482645,6.04193305343507,122
719,5.107051374657704,5.0671909257849705,5.074605965579547,5.068715871805541,5.084446035722788,5.108282634371806,5.146579271718487,5.145229530904763,6.045030908722567,122
720,5.106819004274864,5.066134877472318,5.0777494593845915,5.0693748510762,5.085219741008361,5.109402937589735,5.147088415384268,5.1471063783064785,6.039820003736064,122
721,5.106713112509788,5.065292747276403,5.080960139349418,5.0697834081085364,5.085899929282659,5.110299801104109,5.147012696846762,5.148913706313541,6.034845284791016,122
722,5.105969567886988,5.0641808196796205,5.084285280478851,5.07070018508113,5.086229794502502,5.111179364549363,5.14671391057132,5.150620029076488,6.034324631360064,122
723,5.10482291252119,5.063234721429973,5.08766136361673,5.071248121328935,5.086052567619086,5.1121051560969395,5.145932107140371,5.152656801973928,6.037619497163586,122
724,5.103412902370071,5.06246183580442,5.0906782537187,5.071864408215151,5.0860611220100935,5.112871701668654,5.1449296766412065,5.15450604885117,6.039985252575089,122
725,5.101679526125163,5.061475838975877,5.0939415813826425,5.0723487030343355,5.086418562208182,5.113792938021,5.143489579981712,5.156033485935317,6.042668695589294,122
726,5.099530657426566,5.061200182247428,5.097573735409456,5.073185788816332,5.0868736878363965,5.1142265180386115,5.142606727643653,5.15775055071412,6.032970541200614,122
727,5.098183775500679,5.061360299445804,5.100758768192044,5.07430785953871,5.08728885317851,5.11395964394671,5.141621319003685,5.159416932389105,6.03907125987558,122
728,5.09672510612781,5.062037568772202,5.104713297608807,5.0755201733405535,5.087488251630568,5.113307065614886,5.1399552228213885,5.160933066765997,6.045584971615789,122
729,5.095557616134447,5.063108266237836,5.108482474634642,5.076548973484728,5.088150720495223,5.112694615837467,5.138540688801734,5.1622686322378195,6.041065130256563,122
730,5.094106168747796,5.063836677730887,5.112130658024409,5.077393744271777,5.088116052428399,5.111823196943012,5.137289139723924,5.164172271572103,6.039517990237024,122
731,5.092616075793384,5.0639562555654525,5.115365874470588,5.077439862633898,5.088140332981977,5.111140459173331,5.135729585476854,5.166097685569136,6.05419626771898,122
732,5.091982825634298,5.064531231570907,5.119013383458891,5.077672001826768,5.088317391284914,5.110321946674619,5.134190027877487,5.167890011292098,6.050136808967969,122
733,5.091170873055786,5.0648999835197985,5.12312063949149,5.077606480197237,5.088687083713366,5.109066777446325,5.132383252976609,5.1697944536503,6.049314137353319,122
734,5.090329649612764,5.0653240601732215,5.127724577627201,5.077306414550739,5.089331013805982,5.107713275242448,5.13031234155507,5.171621193370807,6.0493758464259395,122
735,5.089432800473052,5.065485441335001,5.1314031838328935,5.077881298918538,5.0895164575099665,5.106368313472231,5.1283425142307895,5.172783269738531,6.044621313735658,122
736,5.088973158415715,5.065608396245683,5.135124847292408,5.078379040115538,5.089992961165665,5.105710354342625,5.126123963878571,5.172718491788606,6.043554940254173,122
737,5.088795465841974,5.0665457031297905,5.138003505584163,5.078381763844104,5.089895604993943,5.104652860925858,5.123511759897145,5.172260152038243,6.04637121472333,122
738,5.088716981304559,5.068018617562023,5.140856909148281,5.07796283729658,5.09047513906067,5.104045476681652,5.121043363411836,5.171692195484231,6.0509977219004565,122
739,5.088501261595249,5.069066810566769,5.143159582153999,5.07774266864658,5.091261950392401,5.103136658484852,5.11870672474186,5.170623769985553,6.042548813693632,122
740,5.088481278515638,5.070234099565518,5.14449007490693,5.077295540347591,5.092279685590601,5.101539083117773,5.115775805863611,5.169483479895756,6.0407385519110575,122
741,5.088018769784756,5.071724228210016,5.1452199631493265,5.076687115762759,5.093191306199869,5.099684928756844,5.112555784842206,5.168056745476299,6.0498760369461815,122
742,5.087815900665919,5.073112041435143,5.145989860290975,5.075586418326971,5.093197797921855,5.097634503618309,5.109541754599011,5.16683477662634,6.046841861762136,122
743,5.087586872460739,5.074130631927402,5.146946954947894,5.074305768452733,5.092920130032167,5.095360206056745,5.106929060872049,5.165887296120374,6.055694485289614,122
744,5.087322441422415,5.074959209835051,5.148199435524097,5.0733927169797655,5.092099009057215,5.093790262368314,5.104337340077029,5.16432713973675,6.040684514093279,122
745,5.0869984396930885,5.075740502238009,5.148463383749668,5.072022316228967,5.0913753938453254,5.09263661097085,5.102034386561387,5.163049303978463,6.048891731223587,122
746,5.086431144229991,5.077483666073882,5.148332135501748,5.070316169253868,5.090602082246744,5.09174121007741,5.099390942780677,5.161437014751828,6.048967872675286,122
747,5.086476706569135,5.078836505127397,5.1478294723259745,5.069447563812872,5.089854191001466,5.090735060806902,5.0964717620499,5.159929145056893,6.051417530000072,122
748,5.087053894674323,5.080264164652907,5.147262638924451,5.06849594281003,5.089472832218541,5.089581747410596,5.093245888288733,5.158475308111017,6.045767044974091,122
749,5.087372001936657,5.082235313980444,5.146852227025916,5.067493296870083,5.089520870440839,5.088550943159694,5.090233941423955,5.156779383756495,6.037768595021853,122
750,5.088178922135048,5.08420732616951,5.146073097267474,5.0665222692973595,5.08941744871359,5.087241757379198,5.087618969662922,5.154602107265201,6.0476035185438715,122
751,5.0885869416798135,5.086040622170987,5.144955149903648,5.06571955015276,5.089574883227772,5.0860695264179,5.085896385827927,5.152940676030856,6.042242288820533,122
752,5.088675593233502,5.08856997732418,5.144319722120315,5.064869461141802,5.089524406368501,5.084807278343846,5.084479466914053,5.151600402693957,6.0445449485058225,122
753,5.088751278510085,5.091839750846225,5.143873094114319,5.063821445434398,5.089945821330284,5.0838728218501785,5.083162784151888,5.1500492731005885,6.052943431482359,122
754,5.088875943398292,5.094767360707438,5.143270184580388,5.063353026307642,5.090290092678117,5.0832714482651395,5.081854672252785,5.148810316473559,6.0503647264399625,122
755,5.0893821843731155,5.097441423913898,5.142540515889453,5.062976245707444,5.0908068476728126,5.082873250254879,5.080840762618196,5.147183457051355,6.046074401436112,122
756,5.090207398770401,5.099595608842019,5.141302093674367,5.062337952613661,5.091243436161317,5.082382761210465,5.080124816714994,5.145392240655661,6.044309227770959,122
757,5.090754716661602,5.101362369861125,5.139866461437252,5.061556047287308,5.0912344237023195,5.0820722410059,5.078861777637979,5.143586362591056,6.040654282064159,122
758,5.091082670312582,5.1026597889581495,5.138578865112405,5.06059524542545,5.0911188218601895,5.081836434580562,5.07795238039029,5.141473965688333,6.05046845224391,122
759,5.091953586514617,5.103776891249984,5.136962538569804,5.060118650694483,5.091499659476648,5.081470553283584,5.0772508161386245,5.139198887800047,6.035316435083742,122
760,5.09281038203177,5.104456659668527,5.1356582730536235,5.059817800618068,5.0916551459711945,5.080918218218738,5.076761596806218,5.137091147619497,6.052525910432563,122
761,5.093603268642945,5.105163528807518,5.133627102412702,5.059670030459139,5.0917610940387386,5.080544246594973,5.076306919978878,5.135523844220909,6.046871389531564,122
762,5.094831760557902,5.105829093070815,5.1310424364838525,5.059586248021988,5.09158796174372,5.0801853495836315,5.075456520494653,5.13392797039256,6.056324558198474,122
763,5.09552047820214,5.106598034840932,5.128670412720885,5.059844803193231,5.091541593680695,5.079940350347307,5.074509760321579,5.132411244146942,6.042758627197348,122
764,5.0964424735012885,5.107064865976838,5.125934420464038,5.060194175173886,5.0921666972222415,5.080733606538555,5.074252495271901,5.1308594622838735,6.0450670652932175,122
765,5.097727226666828,5.106930734344188,5.123042278574471,5.060756577911617,5.092622441830314,5.0806543216344,5.074221902397197,5.129444933426388,6.045182878508456,122
766,5.09951668203753,5.107701482045535,5.121031642530599,5.061319015078251,5.093433192131845,5.0806919190518505,5.074442299940749,5.127700676726583,6.030229180997349,122
767,5.10133658903428,5.109164737162936,5.118887410819005,5.062084698050352,5.093872528537137,5.080883152848249,5.074657171283086,5.125638975559909,6.0414144017365,122
768,5.10270787122793,5.110129601710436,5.116673216390238,5.062837340735834,5.094128592272136,5.081245654534071,5.074120416332503,5.123555303372168,6.045250467096343,122
769,5.104754533529788,5.111722932885492,5.114102596411842,5.063621669602613,5.094748397693515,5.081853270192385,5.073731112100284,5.121130769739866,6.039042939416054,122
770,5.1068742129784095,5.1130950208985055,5.111487111910041,5.064384615112662,5.0959119768550725,5.081886047969514,5.07352577790727,5.1192830336931365,6.046890751698719,122
771,5.108991823633663,5.115228511693912,5.109116941947983,5.065164642099232,5.096819712753104,5.082066761279066,5.07357177397329,5.117753455813287,6.055647365598321,122
772,5.11050918199557,5.117069700083074,5.10724476853508,5.06598235344411,5.09749393749404,5.082691227338855,5.074244531370326,5.116213559588651,6.0443266284766475,122
773,5.111850821564622,5.118732050120931,5.1053550820333555,5.066499581690236,5.098827631060734,5.083693526757883,5.074775985466346,5.1149005406915755,6.053614541900107,122
774,5.113111485874915,5.119745769536124,5.103461097213711,5.0673676339123475,5.099650927506163,5.0844970459857945,5.07528811651062,5.113184950150384,6.040027865288418,122
775,5.114339063880589,5.12123190870796,5.101688397305418,5.068422134169673,5.1005057891394285,5.085137206688502,5.07579789316922,5.111899463503696,6.043698613535896,122
776,5.1155289876368,5.122606073847274,5.099943200428228,5.070231770549525,5.101057240000937,5.086679037469425,5.076571552095778,5.110919615504974,6.038420876516627,122
777,5.116545401624807,5.1239332854381665,5.09884285269309,5.072606559370299,5.101254706826015,5.088258403829674,5.077906624420395,5.109852714973988,6.046881904281025,122
778,5.117213272131519,5.125716782185912,5.097403509122014,5.0751862389806135,5.101757163425595,5.08984868022681,5.079406934554242,5.108671840838177,6.0505699575072365,122
779,5.118187807976292,5.127727317707095,5.095657945043584,5.077265890323968,5.102158359327301,5.091509289625876,5.080847843573747,5.107356258709386,6.046393033962337,122
780,5.119614258516348,5.130158161798399,5.093530991210496,5.080056691391119,5.10274599699689,5.093288019940346,5.081783668867877,5.105961208627106,6.044161391286622,122
781,5.120659424053919,5.132282318959133,5.091240777120547,5.08255800195575,5.1038266738918985,5.094414607916279,5.082495504409648,5.10481910931777,6.040397216585234,122
782,5.121696680898816,5.133945456063559,5.0888330439478375,5.08486768104914,5.105262991046343,5.095391832199281,5.083671874225155,5.103834163359071,6.052097323235019,122
783,5.122820546116955,5.135368434002759,5.086651019738481,5.086880404607376,5.106350200365156,5.096586879340785,5.085159371681517,5.102830305899856,6.051385687228906,122
784,5.12425916103035,5.1370796793486475,5.0849526275050945,5.0890074764417825,5.10702645277285,5.0978127050591215,5.0869224858118995,5.102307012465632,6.036802464998324,122
785,5.1257987342288525,5.138573611776505,5.083609598555258,5.090956476022562,5.107518532964983,5.098924939167468,5.088479747746253,5.101505265660626,6.046524122627544,122
786,5.126923628407287,5.139943571290354,5.081997403530902,5.092746576526848,5.1075432627379085,5.100998727130481,5.089563146995635,5.100386785220165,6.050026771749673,122
787,5.12810624363222,5.140959760376776,5.080466683892528,5.094819891034016,5.107407328479493,5.102628968338214,5.090231984920777,5.099082270356316,6.05192686616148,122
788,5.129664320406037,5.141268698988875,5.078986075229287,5.0972391426168535,5.106989081804396,5.104556287465689,5.091106476194954,5.09764201438038,6.04313299311443,122
789,5.130856709860207,5.141749726928113,5.077604666004144,5.0996074028619915,5.106000850421106,5.106230616512372,5.0916754749388655,5.096694914446093,6.0509281017833,122
790,5.131883446759531,5.142913983754569,5.07671382720725,5.10132455759432,5.105328353590097,5.107832257897787,5.092102797935915,5.095393281548512,6.042747824639206,122
791,5.13212487408046,5.143502396887904,5.076181532194066,5.102991779236914,5.104256963693754,5.10900358396862,5.091802887308724,5.094148943075126,6.055009749579521,122
792,5.132393640228782,5.143792175798062,5.075370752572043,5.105121073642836,5.103163475690344,5.110393668129801,5.09164131052159,5.093366077187459,6.046430543439803,122
793,5.132416706763245,5.144281606368155,5.074594101396459,5.107468026449942,5.102798143915033,5.111996260871403,5.0919015984702884,5.092708858313895,6.048065598632118,122
794,5.132848986036716,5.144842288574898,5.073650287494759,5.10969695630564,5.102235190734772,5.11357117891255,5.091623569978966,5.092515678742288,6.047269295393204,122
795,5.133066996665124,5.145509358455707,5.072823449139664,5.111597746092915,5.101421897329953,5.115539049142823,5.091760884693025,5.092206776430608,6.038435814374264,122
796,5.1337519962553735,5.1462342051231165,5.071864039695834,5.1130659845070845,5.101161339111172,5.11781506199558,5.091681533145843,5.091739166205726,6.051724822570557,122
797,5.134683760652215,5.146770720710284,5.071881145393257,5.114032540835288,5.100925502864513,5.12003777085364,5.09230294561994,5.09080487056673,6.055478969508344,122
798,5.135868444742619,5.1467341689253345,5.07238025336911,5.114967252056675,5.100996944055771,5.122161758164671,5.092375377769906,5.089783368689922,6.0524736860923225,122
799,5.137037310237326,5.147012175514381,5.073230224272719,5.115049360367858,5.101151798381825,5.124448733695493,5.092793519153256,5.088899488373043,6.048368657361808,122
800,5.1379207118933135,5.147105370908628,5.0738424622650715,5.115003148906575,5.101660381513895,5.125978180755871,5.093139629176967,5.087687819094803,6.037321545153699,122
801,5.138378413514623,5.147503796346871,5.07443996331469,5.115093835587375,5.10173747249099,5.128137233351936,5.092856019734747,5.086274587677367,6.039793618704809,122
802,5.138337559149651,5.146978818407965,5.074658955493074,5.115078559152424,5.101702749807639,5.129835101556465,5.091982451177987,5.084667918074741,6.046720298054068,122
803,5.138316629687842,5.146344568946107,5.074933615729089,5.115289991564891,5.101900984105313,5.131294403816258,5.091426509833315,5.08333428186384,6.046940175101805,122
804,5.138706809979647,5.146084591572127,5.075068599475987,5.115547741633145,5.102003207807854,5.132917519272216,5.091440233033941,5.081914081205995,6.053086975928449,122
805,5.138896869929888,5.145013106081342,5.074902270353805,5.115558487431391,5.101259249542341,5.134772467698804,5.091704117985529,5.080712744431385,6.04206679808707,122
806,5.139073372453993,5.144130269669232,5.074657802410814,5.115898803038487,5.099867533810025,5.136910832663457,5.091479260283229,5.079146109150612,6.049603683251872,122
807,5.139042947353438,5.142651510352567,5.074842518177711,5.115819689523512,5.098698899230314,5.138562477259116,5.0911269184533054,5.077760322797714,6.045557704121393,122
808,5.139465151968368,5.141480947297225,5.074584597144996,5.115591424378543,5.097542757654992,5.139628205206947,5.090627931797368,5.076943193303096,6.048579296416564,122
809,5.139573817452946,5.1401901587133505,5.075023210226708,5.1160494277040955,5.096250112242216,5.140778914867319,5.089937260746579,5.0762210533894265,6.037644051217236,122
810,5.139876449163324,5.139911582495552,5.07576959363226,5.1163568094021175,5.094717587281821,5.141889742079419,5.08925373072648,5.076062161823694,6.050360511608775,122
811,5.139934170111291,5.138960273254583,5.076908211122358,5.116384797133597,5.093824465152281,5.143518615674042,5.088484167181978,5.076138907055274,6.043498671032977,122
812,5.140041082680128,5.138242029458455,5.0780595398451025,5.116285297056105,5.093539608329916,5.144711858947982,5.0878108874457055,5.075663401540565,6.030251097057203,122
813,5.140705113897944,5.137534914183139,5.079111135919733,5.116159684574172,5.093050112576664,5.1457834094327515,5.087097141993184,5.075716624978911,6.051841060987914,122
814,5.141346581906877,5.136063309885314,5.080347916293263,5.115838957204362,5.0927624404529785,5.146914233191323,5.085701545308547,5.076151976456056,6.050929229384038,122
815,5.1420022078732215,5.134447875500845,5.081765528353469,5.1155339481513025,5.093007289624358,5.147612866535442,5.084275869306055,5.076863351562797,6.0456194316295395,122
816,5.142492398659308,5.132793318938502,5.083116578159964,5.11410555296564,5.0932620513935625,5.147871079939517,5.08354862018765,5.077477884083011,6.05263571018108,122
817,5.143064873466427,5.1309092177476305,5.084808252005377,5.113260001267236,5.093409804522757,5.147771762846339,5.083415432041234,5.0781795128697045,6.05001180344237,122
818,5.143576261743559,5.129141886070934,5.0864902948335935,5.1130419202249096,5.093661885371278,5.147527975863883,5.0833886343538435,5.078485885208135,6.045278265560771,122
819,5.143640570284537,5.127803004231176,5.0883556650601935,5.112648521913672,5.094290838257736,5.147201513673157,5.083373233019641,5.079618576983673,6.055031188061149,122
820,5.143228620843932,5.125963769100736,5.089925925438445,5.112668728820909,5.094856428682683,5.146861558982044,5.0834814591618445,5.0802983049014285,6.053821074410866,122
821,5.142533820768838,5.12414142198508,5.091487903197661,5.113032585713212,5.095214060995884,5.1470899824907805,5.083771402942052,5.081254560330891,6.045639397718095,122
822,5.142066579995244,5.122491359070347,5.093515993921357,5.113481221801436,5.095779173677566,5.147149549225306,5.084465287397854,5.082753416546835,6.033516920828754,122
823,5.1412002393207725,5.1208325828429295,5.095774102059286,5.113608331722995,5.095992060344567,5.147290386923685,5.0852619064984514,5.084554109996535,6.045129240058574,122
824,5.140103820860146,5.119672613761946,5.09773455034126,5.113345414115756,5.096304732729575,5.147202142411532,5.086184196084326,5.08612556553408,6.038631091707685,122
825,5.1393278108620155,5.118023523199303,5.099606408896502,5.1130783047387,5.096490483379226,5.147046450293604,5.087082210936503,5.086845220496565,6.043525142734548,122
826,5.138353164816413,5.116410468679527,5.100590860527113,5.113098486580607,5.096461697585099,5.147096632557495,5.08800733188945,5.087533549599103,6.047067910424635,122
827,5.137840154946013,5.115541454922684,5.101012031767578,5.113210585979164,5.096326373821832,5.147062436589886,5.089523361410958,5.088240686886182,6.0419836690341615,122
828,5.136760480058425,5.115471769752526,5.101560368629835,5.1126323638068705,5.0958582981412,5.146852650768681,5.090668846796375,5.089458621328695,6.051692624252191,122
829,5.136266820554509,5.115354070650412,5.101999980018844,5.1126070979754985,5.094271226288814,5.146195223794269,5.092636715867702,5.090690124429359,6.053539298523352,122
830,5.1354835755593875,5.1154394216676025,5.102369703096556,5.112921252067164,5.092860116603163,5.145529915750483,5.095356899774497,5.092095110455952,6.0453477609097535,122
831,5.1347486313315205,5.114975068993597,5.102603242773515,5.113151921539184,5.091665800473571,5.144478571899469,5.097553523424031,5.093563027602817,6.047457135038147,122
832,5.1332601527690525,5.11463083815301,5.10299912327624,5.113770120181082,5.090498107467741,5.143454237158014,5.099809562588305,5.095078381262194,6.048785079453126,122
833,5.131587585689925,5.114789768182817,5.103305342168884,5.1147489850329055,5.0891614324221255,5.142241186349104,5.101750115904941,5.096352018199555,6.046152861965576,122
834,5.129615726950151,5.114792065224648,5.103201483773838,5.115182986621554,5.08798664898586,5.141128310828451,5.103929170482816,5.0975203564152665,6.045550136178894,122
835,5.127699001408514,5.114519859498278,5.1025939914585905,5.116134537545883,5.086783584846194,5.139777101900869,5.105966143415955,5.098901453234041,6.049477006993299,122
836,5.12559943067897,5.114100535003877,5.102210756130198,5.11725445711147,5.085287306141298,5.138611666670036,5.108259684938614,5.100767004401635,6.041877474413961,122
837,5.123587488297117,5.113673492999796,5.102591984823951,5.117816599043179,5.0838834169734,5.137140037279281,5.110438257685994,5.103019695936869,6.0448849125044015,122
838,5.121980168625602,5.113443559309764,5.102854407435906,5.118291502508334,5.082772557825208,5.13576054200536,5.113221726192165,5.105027042619067,6.047957380617104,122
839,5.120174176725535,5.112899081421292,5.103207128040994,5.119038532131972,5.0815135619900635,5.1347779443563395,5.116157624779793,5.1067283680560625,6.048659708726925,122
840,5.118365906884303,5.112309528202293,5.103842169890375,5.1197656079352,5.08091278795686,5.133959469885216,5.119250332187196,5.10864457684213,6.043344471470207,122
841,5.115982880022534,5.1120579661374395,5.1049211596567154,5.120612176130139,5.08059998797858,5.132403165297813,5.121871252447441,5.110433033536609,6.052698011431187,122
842,5.113635586402506,5.112302097622061,5.106306722930633,5.121097939075909,5.080462909033516,5.131185715946721,5.124659270103949,5.112146008000065,6.051489889333845,122
843,5.11177967523111,5.1127101955802585,5.107399065641162,5.1213368650778825,5.080261207738871,5.130216734256365,5.127404553658495,5.114081533783119,6.04202797316358,122
844,5.109541541892237,5.113248615178071,5.108872348511319,5.121986599776812,5.080240411931182,5.1294508679733495,5.13026386516002,5.116148198995909,6.054016663606766,122
845,5.108240433057859,5.113620250709852,5.10976579277798,5.122465767778346,5.080072567100956,5.12824224373546,5.13253014915499,5.11768679515342,6.059393762054755,122
846,5.107074258322796,5.113989374763406,5.110777116682879,5.123253087245978,5.079864288615793,5.1272595536739445,5.134204640286372,5.118826235514209,6.047753637072303,122
847,5.106304862779237,5.1148357859134554,5.111703857558109,5.123440841989657,5.079234853654369,5.126312518474997,5.1357685603002885,5.119528424116053,6.054828394773431,122
848,5.105277365479108,5.115290535656179,5.112604421883768,5.1234038094353185,5.078052908322247,5.1258912569552795,5.137491020560187,5.120471903116865,6.048665886492846,122
849,5.104453312391963,5.11582384470153,5.113055947313398,5.123009727734848,5.077552469918771,5.12579602378322,5.139096968546953,5.12111918628517,6.041268313407208,122
850,5.1038307078731755,5.116392534608707,5.113214934519566,5.1224720531248735,5.077089759312227,5.12579946205505,5.140650828747156,5.121445788239611,6.056198545968601,122
851,5.103058774315965,5.116630538539356,5.113753528573789,5.122185525337387,5.076850429139711,5.125962085743863,5.142416439919414,5.121679914929195,6.0504393844355215,122
852,5.101911165555311,5.1168511285712945,5.1137035409423675,5.122499886199272,5.076243036138248,5.125775193601519,5.144416471145499,5.122256835802733,6.037840290733468,122
853,5.100745261099504,5.117071056176426,5.113713067115599,5.122308435186493,5.075268736483833,5.125950558348425,5.146247541410371,5.1225064274705225,6.047278447321863,122
854,5.099782336574458,5.117126737672824,5.11399903610911,5.121724606154778,5.073805369214533,5.12629925420365,5.148236315226552,5.122873545972815,6.048610158256817,122
855,5.0994077531324,5.117390003671298,5.114279224724429,5.121216755677176,5.071745622479979,5.126197460298223,5.150104159428906,5.123285968208691,6.0441089778850845,122
856,5.099085901447884,5.1179964208089554,5.114500247083101,5.120879529842274,5.070025851897803,5.1260638655140385,5.15180472775171,5.123754727825949,6.041983438251414,122
857,5.099237195783923,5.118847087440336,5.115012061385952,5.120287405986671,5.06837656658129,5.125465377506814,5.1531374244525825,5.124523390836192,6.043620284519397,122
858,5.099770569903093,5.119178701774183,5.11578838953087,5.119747487974628,5.066603890157994,5.125044438061613,5.154235096828485,5.124361265740625,6.053121294649591,122
859,5.101034677592349,5.119669515977055,5.1158894741645256,5.119157532249322,5.064991024070621,5.124829535408186,5.155069947237871,5.123853429495944,6.049396140210505,122
860,5.102008765793611,5.119993183353703,5.115738893515333,5.118612806362548,5.063620832772626,5.1246657515472975,5.155374382038597,5.123354367826753,6.046655340576869,122
861,5.102773813382768,5.120386372511384,5.115456825882597,5.117731772699565,5.0623943478800015,5.124410784528336,5.155798566602296,5.123152368587419,6.048178012841576,122
862,5.10347174038272,5.1208768251110275,5.115752006602252,5.117126664202861,5.061280487329736,5.123652283105742,5.156073966467745,5.122696481167365,6.04533661124555,122
863,5.103731208912995,5.121351492558133,5.116540500132018,5.116108313373251,5.060607977939579,5.122709449261918,5.156035894773963,5.12251080344528,6.045089466395593,122
864,5.1042378195027265,5.1210703033004945,5.117522839411777,5.115138312606302,5.06017980831865,5.122033487575518,5.156291940057864,5.121671887170476,6.051486408309702,122
865,5.104421010702406,5.120682931414621,5.118540057072113,5.113453619314775,5.060349660084137,5.1212681830175075,5.155612327419174,5.1209195180523155,6.03596061728942,122
866,5.10492077490046,5.120669523000192,5.119196611833164,5.111798025806982,5.060523007433135,5.120228997212631,5.154152636424975,5.120526613259566,6.046597347670555,122
867,5.105218037225584,5.120919987623873,5.120198071185605,5.110050621068153,5.060557826149999,5.119572925679206,5.152794811939656,5.120161335190346,6.054323374236049,122
868,5.105568521547557,5.121388809383107,5.1212975827840745,5.108774173615538,5.060151679490373,5.118937069695032,5.151122643375506,5.119437515473875,6.046263760490265,122
869,5.105865225858233,5.121197252566205,5.122200939017876,5.107765339803189,5.060205338523433,5.118526235112641,5.149519843430654,5.118897794107346,6.0472411065686105,122
870,5.106433700461046,5.121557887655069,5.123346043081699,5.1069494636506825,5.059798707405334,5.117876013134965,5.147949025623467,5.1186634159800315,6.050685802733813,122
871,5.106766607992599,5.1218814522691165,5.124434058163406,5.1062079409751195,5.059563589839863,5.117434986069751,5.146619337662715,5.118066635659433,6.050733903434756,122
872,5.107149094309671,5.121973637335048,5.125380666374914,5.105840493962804,5.059289512516434,5.117484968022947,5.144979756173347,5.1173577877943135,6.049587954949018,122
873,5.107324356000543,5.122279192203502,5.126630256798531,5.105924394542971,5.058942913849123,5.117670114199149,5.143086669902269,5.116014743305753,6.043292260533412,122
874,5.107548550554238,5.122578160637067,5.1275268690898965,5.105832884845144,5.0583462191456,5.1183503946175986,5.140848442044288,5.115278851766073,6.042948192073493,122
875,5.1080551202667355,5.122582153283975,5.128849848625496,5.1053032495737884,5.057766841295789,5.1188253791789196,5.138414637343838,5.114666829275206,6.055184672973372,122
876,5.108091139144509,5.122567711213581,5.129810609872724,5.104978090489239,5.056394788309182,5.1191782170590105,5.135346979218209,5.113636488719749,6.053146564603396,122
877,5.108518369064273,5.122360845986412,5.130285433101175,5.104610562207736,5.0552493740886,5.1196002350090914,5.132561390011199,5.113088814345041,6.046651502042883,122
878,5.108635069343412,5.1216884675590615,5.1303685314295215,5.104562011989538,5.053955637521703,5.119916253136569,5.1297656254728405,5.112292548577613,6.049744797895204,122
879,5.108788955191335,5.121070698446362,5.130453642207346,5.104753773690581,5.0531981347085635,5.120348517463595,5.126915060053117,5.11104996122514,6.040682886389327,122
880,5.109338816519925,5.120690445884771,5.130233248626485,5.104548256089375,5.052469447319478,5.120815073135386,5.123406557744982,5.109372380771124,6.042658322549085,122
881,5.109125807634821,5.120324586414645,5.130606777079315,5.1042170880102855,5.051858121252678,5.121108313069332,5.120810144571154,5.1078529538313475,6.042277543841457,122
882,5.109168883822199,5.119526712763756,5.130649802693233,5.10291972897932,5.051552133049245,5.121140870370985,5.11841750228509,5.106885586057658,6.044145469925086,122
883,5.109058757615076,5.1181437961753025,5.130441213984367,5.1025446173850355,5.051222218774541,5.120956382232887,5.116097672118653,5.105723899298152,6.042684616868291,122
884,5.109308407713282,5.117030051220091,5.130724634626267,5.10234421681931,5.050716666625664,5.120462350242232,5.113562545023669,5.104973802070978,6.049640206609124,122
885,5.109378277229894,5.116101918621172,5.130852792526886,5.102096843662339,5.0501124054093225,5.119779347228983,5.111243147140176,5.1039797829210585,6.043659375124296,122
886,5.109160567086033,5.114990250491049,5.13104650882548,5.102225096938761,5.049662197916209,5.118834184481486,5.1089956267640435,5.10343497418426,6.04394965214115,122
887,5.108608486056874,5.114120905420238,5.130962865325239,5.102387862649335,5.048782896893551,5.1179825750624515,5.106391508311387,5.102736941871265,6.052773198568545,122
888,5.108290887019061,5.113144252124794,5.131418512088864,5.1024365789397335,5.047892550285052,5.117498932517545,5.10350521768917,5.101950323589367,6.046374386366557,122
889,5.1082825603164075,5.112479092893965,5.1316560963072355,5.1031642655214196,5.047257703350455,5.1170185151116385,5.100564597702955,5.101000420839353,6.050163438199422,122
890,5.108330374761056,5.111856373009542,5.131555818444838,5.104216171740839,5.046843301283937,5.116898310974268,5.097393748869452,5.100107183390868,6.043236564430762,122
891,5.10808423272271,5.110939793653175,5.131738125235013,5.105378880808944,5.046906745477649,5.117299471089716,5.094205672164832,5.0982611623452385,6.043702777791932,122
892,5.107653705497464,5.110300630153467,5.132314628146407,5.106329248211605,5.047049513900864,5.117989551559024,5.0912386843631925,5.096292631841898,6.036770893146165,122
893,5.107008697984684,5.109442519806269,5.132230140337482,5.106977915120214,5.047086304678823,5.118669581218153,5.088398957175206,5.094051751832218,6.039783411785413,122
894,5.106203225316731,5.108683375968903,5.131597407627378,5.107502916036738,5.047325296216204,5.118908756221917,5.0855542213919325,5.0927222018877165,6.046257229951645,122
895,5.105165821879462,5.1082795926970785,5.131307877908773,5.108256743425521,5.048043605093296,5.1188512812961875,5.083045766313093,5.091745318174481,6.0481047679545945,122
896,5.103924607333942,5.107956476675467,5.131104469534359,5.109248822435119,5.048351803640325,5.118654712501815,5.080779746333277,5.090978373717562,6.050773458907749,122
897,5.102790142478732,5.107631473006701,5.130844293644152,5.11079447243979,5.04908425656564,5.11824329159235,5.078933603389816,5.090488194088325,6.0521749605618,122
898,5.101995219061694,5.107183888815712,5.129532920007858,5.1120865253353145,5.049445934574421,5.118250460561088,5.077172591402384,5.090510330877432,6.044508004275242,122
899,5.1018736701716705,5.106711746475944,5.127896304049693,5.113476885145621,5.049359750320156,5.11858866771804,5.075355321063852,5.090527303291527,6.057161689702872,122
900,5.102063514924911,5.106447858102386,5.1259524998088635,5.114854997579948,5.049390954227327,5.118583037981697,5.072957885420255,5.090543473360728,6.054200923127502,122
901,5.102248609135199,5.10601236211571,5.1240655386134755,5.1165829060354175,5.049489386818921,5.11868377409891,5.070770401272152,5.090659721259584,6.0494982131618515,122
902,5.102185510724223,5.105536220388791,5.122419339009697,5.118231970604748,5.049836098721567,5.119338462494289,5.068737095597279,5.090294934873457,6.050314835884174,122
903,5.1021906326665185,5.104969563368545,5.120265809473306,5.119931246524247,5.050359231392322,5.11998315030465,5.066617656289532,5.090041469946264,6.047354085814899,122
904,5.101780674261616,5.104382352247727,5.118021148266317,5.121541162834266,5.051049505922632,5.119753169463661,5.064564996465443,5.090343316879453,6.047600495748996,122
905,5.101460465200028,5.104354335446351,5.115483426551578,5.122988454097486,5.051269816681353,5.1194393158342475,5.0623787993853755,5.091157525782318,6.0451707146067895,122
906,5.100947464227937,5.104473711389098,5.113031365311739,5.124350062994127,5.0520846901197345,5.12008390457027,5.06028852010069,5.091717114276918,6.040851921310387,122
907,5.1006076050481335,5.104833972977927,5.111021070343557,5.125642501066251,5.052928682403982,5.120343276118382,5.058022280715982,5.091861166298713,6.049272145533875,122
908,5.100653930058238,5.104976441378012,5.109497677363171,5.126474636612863,5.053713529327014,5.120103833962204,5.056018663850693,5.091535209897041,6.050319103451095,122
909,5.100786405823724,5.104285546760575,5.107564884369297,5.12748832411482,5.0550987838709815,5.119803343185151,5.054415401115849,5.091963065428148,6.044551065444598,122
910,5.100779038117425,5.103748482726375,5.106433367309402,5.128708264118904,5.056524679647707,5.119061175586129,5.052891437757797,5.092393005388024,6.0398600737777235,122
911,5.100452055562309,5.10347274465601,5.10458602893079,5.129713164814236,5.057958233341849,5.1180679644892955,5.051501113416211,5.092793672016134,6.048131242237809,122
912,5.100545414331109,5.1032062747379845,5.102322181788702,5.130310534299733,5.059851626096226,5.117380214473639,5.05000862432192,5.093378145896847,6.0473098532262926,122
913,5.100849379607077,5.1034587425001865,5.1005936430054835,5.130953206374092,5.061607772113353,5.116622776989599,5.04854383748737,5.093643975217823,6.043240783319656,122
914,5.101734129475853,5.104002317359259,5.099440516114667,5.1314383726637915,5.063086177276327,5.115943662716,5.047321137318482,5.093901925733094,6.051759861492289,122
915,5.102170743078217,5.1045852246478125,5.0982141399091505,5.13147352852104,5.064167899613686,5.115198385416869,5.046553137027218,5.09389428878203,6.048634032434992,122
916,5.102719133022939,5.1047807311045,5.097331910684604,5.131514404025358,5.065135990753387,5.114236523124674,5.0461945790766745,5.094118711117735,6.048532556129264,122
917,5.10319364147661,5.105128424530275,5.095751932221546,5.13099368016702,5.066146512448952,5.113793427083213,5.045523117906242,5.094371683934748,6.048647127482277,122
918,5.103340650764,5.105309943599565,5.094105822948592,5.131235468453703,5.067212922663424,5.113638602890729,5.044914487279956,5.093922692759858,6.04497480159083,122
919,5.103296358558895,5.105485771829719,5.093016402294015,5.131327823478967,5.068127472097738,5.113520422071727,5.044347817208235,5.093743914170217,6.0561229109838415,122
920,5.102919838346899,5.105370646274796,5.091706046128937,5.131042216260779,5.069009059436414,5.1132513866396465,5.043636120031497,5.093626285552173,6.050053760738756,122
921,5.102440644313436,5.1052376580747225,5.09106755322256,5.130817512919135,5.069369725020737,5.113069878143916,5.042978933610648,5.093703247439567,6.041371501344311,122
922,5.10203274983275,5.1051401381042805,5.090542590228761,5.130609436402073,5.06986422660208,5.1131481827986285,5.042590580774643,5.093099460986572,6.053684291706063,122
923,5.101795777892712,5.105011742231264,5.089702781843377,5.130393313008308,5.070370722494278,5.113291090319148,5.042669248295994,5.092414812246258,6.047015476232063,122
924,5.101854236100914,5.104923166270682,5.08856646536537,5.130088250843746,5.071004627951078,5.113481489676042,5.0426488722995675,5.091938446742786,6.050751712325587,122
925,5.101338256394353,5.105050838846106,5.087673036412255,5.128915255073499,5.072070617241414,5.113543430614687,5.042665268218327,5.091509598645969,6.048182851208426,122
926,5.100726887591845,5.105002597178123,5.086860917963854,5.127548964819237,5.072933309853991,5.113164869737642,5.0429114233470465,5.091503032416695,6.0491214031003935,122
927,5.1001523775729165,5.104848343664723,5.0857097566676215,5.126042233279607,5.073913651864856,5.1122109909420335,5.042997778761636,5.091611793327402,6.039068103692278,122
928,5.09936753922552,5.104379357049604,5.083761583917352,5.124554282384956,5.075181779519308,5.110929146679755,5.0426946199543625,5.091739977329327,6.054508809670706,122
929,5.098570453042122,5.104037588959771,5.082150348631768,5.123452457210076,5.076294414027766,5.109812104279184,5.042755608271481,5.091456659358208,6.046614751886287,122
930,5.098027202801956,5.103907266195222,5.080877355907711,5.122799925832362,5.077477302012882,5.108568044398263,5.0434245822518164,5.091040496615299,6.049873882594973,122
931,5.0977664066881,5.103515078799591,5.080051810186216,5.122090423865085,5.078488919567226,5.107380677636458,5.043693933156,5.090769281242489,6.057509500018243,122
932,5.097755738394827,5.102920306208182,5.079523261719182,5.121210240540812,5.080105145647247,5.105774204513768,5.044203171959594,5.0902859875057285,6.048843470753492,122
933,5.097358513680662,5.102845836516662,5.079117298566627,5.120248170893604,5.081430838867265,5.105060603776476,5.044461762072859,5.089975038181331,6.047945856807412,122
934,5.096892059850775,5.102736603661687,5.078676749364529,5.119085811814444,5.082883241062345,5.10437535491384,5.044953916789369,5.0898667354059475,6.043849470363578,122
935,5.096881945082782,5.10232541360269,5.077876358791782,5.118183287476835,5.085613399389761,5.103618925365126,5.045497667837886,5.089293237269731,6.042525874224518,122
936,5.096613028245402,5.102187439743469,5.077528752211449,5.118116102440782,5.087985318814868,5.1029142309662205,5.046786787167145,5.088777588954947,6.044243198157231,122
937,5.096581397460808,5.102170218055752,5.0769895252360975,5.117647577887859,5.090120396543494,5.10272504757728,5.048697454510913,5.088408472914294,6.046094279706868,122
938,5.096048281644336,5.102117882031566,5.076435563431382,5.116895017732192,5.092285557524672,5.101781216527313,5.050906447257705,5.088054213464176,6.050933196934081,122
939,5.095315300344124,5.102635877599239,5.076242935219707,5.115967527454993,5.0941952182843595,5.10075482241359,5.053192869943943,5.087577635636411,6.047735870506281,122
940,5.0948206172414245,5.1030263848018524,5.0760199605936265,5.114912587328266,5.0964179262322595,5.100549717698977,5.055773201080632,5.086885819704769,6.041949941134546,122
941,5.0940945356300915,5.103206093431044,5.075838077808757,5.113575929012571,5.0989968597756565,5.100412583605442,5.058646315734796,5.085679399628434,6.050761512352277,122
942,5.093770141452826,5.103065424094252,5.076000607754409,5.112407194105874,5.100722848264821,5.099953099452822,5.061151032804758,5.084468192093942,6.046156533522257,122
943,5.093355610729216,5.1022904646699185,5.075901258026264,5.111255925099751,5.101735079863463,5.099637536669187,5.063722726841621,5.083926302063059,6.045903146126963,122
944,5.093048694463485,5.101897768975751,5.075517308541015,5.110477247613182,5.102609884888723,5.099131018778422,5.066132438407662,5.083404415453971,6.05112301475533,122
945,5.092690142365258,5.101925220433594,5.075061283110071,5.109323069305689,5.103116798157686,5.0992618700921755,5.068511478587497,5.082600951548807,6.049313240101944,122
946,5.09243382781286,5.101975322132992,5.074358472837409,5.108351714329571,5.103749008948595,5.099331284218833,5.071071266255366,5.081700063381602,6.045361522363981,122
947,5.092537380778477,5.102122813410431,5.073576890075769,5.107863212476623,5.104473822186791,5.099682767117066,5.073140823569228,5.0808681072897475,6.050367750798278,122
948,5.092830198645483,5.102229089805234,5.073133555509353,5.107345962604515,5.104997119309686,5.09986530736632,5.075643853107682,5.0801231605639225,6.05460011058523,122
949,5.093044603163085,5.1019192082367555,5.072382840265188,5.106695660388001,5.105251242398266,5.100528446653133,5.07815238714705,5.079868044383421,6.0477033321387,122
950,5.092926991207545,5.10174150505058,5.071306296629704,5.10594416554178,5.105833040583672,5.100441994683877,5.080530405099433,5.079681975709931,6.051209716676491,122
951,5.093167337288233,5.10132502396114,5.069890528904203,5.105869545100996,5.106635197805343,5.100520859965352,5.082251643183243,5.080257156132292,6.040678909337168,122
952,5.093363001391173,5.101181030707504,5.068236121878559,5.10568927739091,5.107634026101998,5.100893804862238,5.083874931181194,5.0805537948415695,6.053997378139865,122
953,5.0942182986012865,5.101136504376693,5.06677521894124,5.106086236261946,5.108473535401018,5.10130413767364,5.085946238786786,5.080942416321051,6.052346635659615,122
954,5.09491593863096,5.101540702547789,5.065998921642705,5.106328172204313,5.109052542807625,5.101000344931505,5.087904279736604,5.0817198152739245,6.047953839777196,122
955,5.096091842098381,5.102273978727476,5.064605950337256,5.1060088012911,5.109984248687977,5.10065324805252,5.089850980512395,5.082204670894871,6.050400903948463,122
956,5.097058490002388,5.103182160060819,5.063340248487325,5.1055004304589,5.111413887139969,5.1002551020480436,5.091840733895169,5.082140018438782,6.048493492932239,122
957,5.097866462167637,5.103686769965124,5.061519107910572,5.104949485192151,5.112987995376129,5.09964938649671,5.093398766717854,5.082184496415266,6.047920049931087,122
958,5.098531949951573,5.104164910657346,5.059527182922803,5.104860882837886,5.113826050729019,5.098697916145835,5.094816881276666,5.082662925839146,6.0422548338864,122
959,5.098774717832017,5.104849433054041,5.057950810302797,5.104899359674589,5.114803811019339,5.09766366692833,5.096118090097576,5.083596916692734,6.045092001968708,122
960,5.09863802648081,5.10568252135114,5.056439934527642,5.104812154349787,5.11600711082921,5.096986920763245,5.097708272871542,5.084236967469986,6.054580317119733,122
961,5.099091926348455,5.106281242735982,5.055131736518343,5.105049629206977,5.116534356638773,5.096078190429098,5.099535968173846,5.085008106484702,6.04921509142114,122
962,5.099534404092676,5.106738357152899,5.054183289610968,5.105644647811759,5.117481519455629,5.095540943412816,5.101151639657125,5.085653669788355,6.046426376090439,122
963,5.099616941667413,5.107030135996082,5.052760821199492,5.106149544652411,5.118322307760682,5.095408558844278,5.103142138684916,5.086621037184197,6.048220403795049,122
964,5.0999036063763,5.1071288968389075,5.051792503785591,5.1066683694498005,5.119153201112633,5.0951384243333795,5.105047734502904,5.087857929289914,6.045148583757021,122
965,5.100373336405169,5.107130323159173,5.050880899148487,5.107271600960923,5.120311368654281,5.094376587864329,5.106549461860917,5.089565239745767,6.051987792047819,122
966,5.100575048209381,5.107477701942019,5.050462408063612,5.108059942910615,5.1215213579062375,5.094191829496353,5.10762109603477,5.09131228515175,6.042818304915964,122
967,5.100570690165452,5.107965659885212,5.049890230060563,5.109226807306259,5.122789325744221,5.093770541102935,5.108435426325609,5.092865340422352,6.050415625855473,122
968,5.100170951001443,5.10833205544578,5.049545013503165,5.110273336557402,5.123573618958096,5.093522423684202,5.10920857633625,5.0942712909993375,6.045265424938706,122
969,5.100406279385744,5.108385378845172,5.048847743931171,5.110749068859416,5.1241900901424735,5.092803147953914,5.109942307576633,5.095248888129802,6.044916201227367,122
970,5.100443602529463,5.108197076998501,5.048695271893191,5.111701623298268,5.124490407791127,5.092179369153368,5.11072560390496,5.095803221217311,6.048412730490288,122
971,5.1000338180461,5.107988264025335,5.049258648917618,5.112501885199771,5.123940780593566,5.091483628991352,5.112097230815302,5.096735390649284,6.049710063971728,122
972,5.099750320567333,5.107172618620827,5.049460393533398,5.112728963071896,5.123027039768941,5.090941313161605,5.112854956260987,5.097918995550023,6.0518113259961686,122
973,5.099274719384768,5.106422400975275,5.050049913563094,5.113026564511416,5.122658766956252,5.089845429525895,5.113080583166942,5.09917533263005,6.0460669737139225,122
974,5.099772483841136,5.105744084969003,5.051210345427197,5.113441067398567,5.122334977014349,5.089359279266149,5.113715591965098,5.100566915016454,6.049035416960206,122
975,5.100903443249338,5.104968244083821,5.052515179028301,5.1141511425673425,5.122451335665977,5.0885605953104385,5.114490423750084,5.1018298238506965,6.046397255078253,122
976,5.102094255576894,5.104599620894245,5.053888151174428,5.114394024078369,5.1224860132356795,5.087743693862137,5.115955440178638,5.103516580621952,6.0436782540665215,122
977,5.103497662310275,5.1039286698926745,5.055614562759295,5.1145716442378495,5.122213834858712,5.0866109306234035,5.117032228341738,5.105206534981345,6.041675317471445,122
978,5.104659757779956,5.103256367935041,5.056933853307464,5.114885595955192,5.122176619932065,5.0852344606081665,5.118173321241191,5.1069054138540135,6.052579202895718,122
979,5.106034465018125,5.102731985343064,5.058432036838278,5.115387713364665,5.122343678414291,5.084025463618697,5.119262265201816,5.10809201938943,6.047386063547686,122
980,5.107166265318129,5.102512621716922,5.059874572261673,5.1158022201425055,5.122527360125147,5.082761670761055,5.120315814458081,5.109311824755638,6.050833859858521,122
981,5.108083146345364,5.102379163790649,5.061251999278281,5.116494724311378,5.123239103074258,5.081277147374983,5.121548496026032,5.11023200314286,6.049371489794931,122
982,5.1089003319454225,5.102183421603609,5.061953389022561,5.1168640822729206,5.12382390080527,5.0801800582992,5.122715454666772,5.110859394505765,6.054210367462725,122
983,4.967330131680232,4.960568751704262,4.921493971724418,4.974665800502531,4.981489492089275,4.938397270362468,4.98083862700539,4.969921423879304,6.049010408577073,122
984,4.825371672237086,4.818920030964324,4.781072657997786,4.832616905621755,4.839245137431589,4.796522140099276,4.8389248488008665,4.828902808474568,6.055249049948479,122
985,4.683467092838398,4.677402461906592,4.640896733742538,4.690817546803183,4.697304756370978,4.65440263805114,4.696946596198192,4.687465375831376,6.048100878087164,122
986,4.5415710214200065,4.5355793384150305,4.500652500624575,4.549275323831591,4.555426387468357,4.512630067569045,4.55494576908403,4.546059895177836,6.060624678856157,122
987,4.399494273295401,4.3939856100166335,4.360927645868271,4.407377850839694,4.413509120271047,4.370642444597766,4.413205499731625,4.404188359808861,6.048421015635159,122
988,4.257198204462138,4.252316519264001,4.221143522914539,4.265635953725068,4.271484239225098,4.228429017944667,4.271494789546101,4.262535919795708,6.042571776819205,122
989,4.114581327439989,4.110578925537126,4.081471298237252,4.123866005979904,4.129312955207082,4.086098436047474,4.129534917170745,4.120935357076393,6.0524889433989815,122
990,3.9720220509206126,3.9684772718435353,3.9412694663738344,3.9820054766046447,3.9873807801700556,3.944235980456825,3.987831192378795,3.979233089595916,6.0475151201355075,122
991,3.8291392220366767,3.8263317021460543,3.801318451775373,3.840461050006965,3.845229671531218,3.8023371718527366,3.8461044729552167,3.8376786443081814,6.047077897294736,122
992,3.6865754871768797,3.684267339678973,3.66124164230076,3.699358812885567,3.7028418865452397,3.660743089078103,3.704457241682892,3.6963445190266286,6.046805972858723,122
993,3.5442387102701605,3.5424001860227525,3.521494813740919,3.5582157113505577,3.5606460830439044,3.51922512040776,3.562859219605842,3.55472039767568,6.044009811404176,122
994,3.4021274575923446,3.4007933829436876,3.3817805355982875,3.4165882844730846,3.4188683355359095,3.3778280750218306,3.4213516751443604,3.4129631558663314,6.0531941950617085,122
995,3.260477514972733,3.259093706684525,3.2418395830133813,3.274694683513314,3.2769499370719193,3.236529735908035,3.2796921571024913,3.270912310829223,6.041044617830868,122
996,3.1189744201821696,3.117176543907124,3.1020585312808264,3.1330735734046886,3.134990237042344,3.0949108344034517,3.1377622541183987,3.128928851708406,6.046940455340988,122
997,2.977190511391777,2.975072595186396,2.962037608617477,2.9914540953647606,2.993229569965067,2.953627031450538,2.995544498272544,2.9868091690990304,6.043068755519785,122
998,2.8354251756135076,2.833142965904646,2.8217998805925246,2.849591780708076,2.8512960012687363,2.8122500688656724,2.853253320256231,2.844543076373168,6.047077749756857,122
999,2.6939835461548935,2.691495452631904,2.6818516440077556,2.7076993654455253,2.7093400247032173,2.670867207958308,2.7107556086167506,2.7021817282296707,6.0481209337353405,122
