time_step,region_1_entropy,region_2_entropy,region_3_entropy,region_4_entropy,region_5_entropy,region_6_entropy,region_7_entropy,region_8_entropy,global_entropy,lock_epoch
0,2.5331023543261937,2.535512567525379,2.5532890168364943,2.520137843623252,2.598841289325758,2.5480274441419044,2.5303773955855955,2.551275531502166,5.596962051909832,-1
1,3.171055111445836,3.165546289174878,3.207467008291073,3.138474473039946,3.2567706100177523,3.179178393142295,3.1598037263309986,3.201444448428078,5.602507758744268,-1
2,3.819066904606066,3.7919193932187456,3.8698444405441963,3.759369779202723,3.9108995567668137,3.8123513707237406,3.790219613239959,3.84962463040912,5.601722144640891,-1
3,4.465316331194756,4.415690358893197,4.536530750988957,4.388455238952788,4.566019694104954,4.45053344420441,4.414568961878409,4.5002609130039675,5.611416886188823,-1
4,5.106909120965913,5.0366260066668085,5.205153557724904,5.01381753222459,5.2190044052989695,5.079251754722358,5.049505519441325,5.1495991205861165,5.611183076312503,-1
5,5.122186053696333,5.040104434255657,5.234496407967859,5.004054556747169,5.232608182543619,5.050670067058592,5.044855228336084,5.167728511188943,5.611644854004222,-1
6,5.1403081162719255,5.037991027823596,5.265298077994743,5.000654135330455,5.243393558906906,5.039509300503846,5.026737603745542,5.1773577468343115,5.611535292870689,-1
7,5.15285902833454,5.021896655027104,5.295690063282134,4.999839646572239,5.243759683167578,5.031871656901455,5.0277666538304695,5.183265805720687,5.621269220886226,-1
8,5.173353268494734,5.004905338430989,5.317075984537965,5.003752519138036,5.238332210663334,5.029231588919527,5.03418725315548,5.191487298042535,5.6177893327546595,-1
9,5.185921155302292,4.998699800863244,5.32978811435323,5.012071753492554,5.231544044864425,5.030628487943251,5.039059605918204,5.190541956638976,5.618162667018147,-1
10,5.184441330623242,5.000675113746367,5.3358692075822445,5.007781929978759,5.236700882500144,5.026841144495543,5.048349128377373,5.193601007490368,5.632520371297358,-1
11,5.185773811540619,5.006522670920923,5.330611715915001,4.98926266895719,5.245050632026857,5.01820902879746,5.061919427903295,5.195869854275823,5.628393518085632,-1
12,5.19236905694141,5.018960818491184,5.323779264073759,4.97820162859902,5.262001197064769,5.022782861236774,5.066458010758124,5.201650428087017,5.636706589544648,-1
13,5.1948710776192835,5.026384625980406,5.313928079878108,4.972247086189354,5.271660838201154,5.031999880361907,5.071342476088413,5.206443480184562,5.632871548282856,-1
14,5.194762611991047,5.034525824706728,5.30015957103096,4.957206835252782,5.277649913532394,5.0388691794994855,5.084804698881349,5.220881361496757,5.627092829144924,-1
15,5.192728508526768,5.047325693782102,5.293394994967665,4.950261974912113,5.2797701210047085,5.0486529527495785,5.086697068206064,5.235572151823725,5.647509527072394,-1
16,5.182101052388267,5.07259584612623,5.2919616364402815,4.937540188694002,5.283206166120095,5.04811720014572,5.078910271825403,5.251315099662675,5.645496890780083,-1
17,5.17728825456937,5.093524838075547,5.29218524108609,4.922188519333912,5.285142838228488,5.040718967147912,5.0668164833454945,5.258659710710451,5.63516696152239,-1
18,5.178654144586582,5.109373547918807,5.292241101070646,4.9132678255813,5.277161831906634,5.031874716517179,5.048192067918506,5.270129735347808,5.631268971140807,-1
19,5.181328180733363,5.130163690795606,5.293961141804164,4.9149589709621,5.257717246904883,5.023477558663711,5.031932537186298,5.277015783465247,5.649032712787954,-1
20,5.181435791323613,5.139166866375022,5.298257523660744,4.921085710108879,5.2330193243598,5.008166376705274,5.018566045360279,5.284887250212695,5.655806892856734,-1
21,5.175568751785172,5.140510791612761,5.301913094888139,4.923996568951326,5.202804506207665,4.995096444311843,5.012354193277382,5.293819041128869,5.656220288088296,-1
22,5.164367904543735,5.143067732074215,5.306318285200133,4.930434794660449,5.176013727895456,4.9808276168446675,5.0024131062764,5.298331600616401,5.649783445535025,-1
23,5.155001153985706,5.151183540569901,5.315645170878129,4.936001663176263,5.151654162286681,4.9698377542528025,5.002383858010344,5.300022870414889,5.657995734824388,-1
24,5.1524430272710235,5.145687746938086,5.313132863307309,4.951548790087912,5.130379458280217,4.969341316477821,5.011497186585073,5.297223247991834,5.668668308097479,-1
25,5.146678249498812,5.140568248524412,5.301236081788806,4.974821965246335,5.108058412506857,4.970855852622375,5.025857983595846,5.300270169552367,5.658090271618723,-1
26,5.136679823106589,5.143574231588594,5.2860448607916455,5.004019926474512,5.0895972135982745,4.97961719936845,5.036323503007041,5.295919409720452,5.661488670755349,-1
27,5.127331425627241,5.1354076619749405,5.281295108506935,5.040730650591225,5.0804615969084335,4.988335519446649,5.035838815991418,5.282792465019332,5.664873733896518,-1
28,5.124935675557868,5.125686618659722,5.268127026056725,5.0613306336111235,5.071015437278368,4.998612541936664,5.024478515372471,5.26685980908853,5.677900316964566,-1
29,5.119478969225014,5.11815066375244,5.258441530233142,5.087702202747605,5.062263365191778,5.013360748929996,5.019860139886379,5.240336964675161,5.672305958594662,-1
30,5.122614636284465,5.1092795068747945,5.243358870650823,5.109293947914748,5.054283426543053,5.024968924034322,5.031052153901689,5.217274004005925,5.6782613666417285,-1
31,5.125459703418234,5.093753092091849,5.220021651050549,5.122355152961825,5.0456838050718,5.046096400770661,5.043219280441924,5.197345154566349,5.670413711117794,-1
32,5.128094337952704,5.0867913657101935,5.203901041833244,5.129938126029439,5.032708770360679,5.060135725176436,5.052129123091764,5.184941373960967,5.682209036749464,-1
33,5.130648623259537,5.082975789889256,5.190515344601548,5.136315784766324,5.015506620525334,5.072978479791807,5.061189129643553,5.173609841643794,5.681915718260293,-1
34,5.136375027089927,5.077287228968717,5.184662726578244,5.143873110980716,5.002876943946289,5.082833993582359,5.0661751028282165,5.161571333782832,5.691399536474088,-1
35,5.133006142581021,5.082916267820243,5.16658276193116,5.148472972295771,4.991516044813013,5.0918605943916955,5.079437604177051,5.161852518057868,5.683074906984077,-1
36,5.130240970216927,5.098436655542788,5.152531325194923,5.158323785246965,4.973462862870032,5.099036699070914,5.105135479156521,5.165099972754431,5.6898072164145175,-1
37,5.130137328640129,5.122239865620922,5.14037128663877,5.160414385555457,4.964864541183037,5.105124983585185,5.126596000834984,5.1732836846026355,5.685284940126531,-1
38,5.125375651561208,5.148699762785727,5.140700513209904,5.166692000000575,4.957176210225414,5.11285008493366,5.130723326998844,5.1795628063181045,5.698286745324209,-1
39,5.1270937890567065,5.1754551657496055,5.135752070187748,5.181955966080323,4.964377016443899,5.117007500545949,5.129011909652313,5.18784039827785,5.705378160850344,-1
40,5.127949042013869,5.205201881741223,5.134330070002571,5.194500993375402,4.9765658205676715,5.123607573779276,5.133582415900024,5.189660693691023,5.700547177753828,-1
41,5.139433061299153,5.233488399628001,5.131547570844352,5.208286799175649,4.988810470864698,5.1302983045201005,5.139479128789079,5.195517621107147,5.695611471277785,-1
42,5.147250690742931,5.253744575429662,5.129645430338706,5.212851210988388,4.993586911681713,5.138476361957706,5.153752049274061,5.199848252864429,5.706252447650627,-1
43,5.161665802176304,5.273643830387749,5.133144940626729,5.202626703659329,5.003448164137211,5.142138189614571,5.16640855001104,5.202218290643307,5.707196172880459,-1
44,5.170304170187425,5.289973108753859,5.137451380571466,5.19011446253814,5.011221561181818,5.146548112813835,5.173765747406517,5.197310376539735,5.707693526820208,-1
45,5.1857615814294675,5.301798156741673,5.137443664958435,5.177505035350438,5.015885849912422,5.149581936130358,5.184441049801621,5.184495111031753,5.709472889949241,-1
46,5.198305929850623,5.312714536398494,5.1293875593293965,5.160062697687954,5.0236324318146375,5.151152773050574,5.197103434171237,5.174040845014539,5.715596837646351,-1
47,5.209177851202605,5.328584064062662,5.128923040863356,5.1384740235153945,5.0099534311356795,5.157405695144067,5.206296390402967,5.161235878739545,5.715487270447637,-1
48,5.207833810764761,5.330873214915385,5.125911208904854,5.128189277020027,4.994559430397123,5.159924807061307,5.210960795848028,5.154126573962637,5.709828927707724,-1
49,5.206121316965944,5.330948003929678,5.129130614970401,5.113994073951355,4.979750246247416,5.164713086956789,5.217393387275028,5.146312054865467,5.723281302960215,-1
50,5.201165920086849,5.321024525875228,5.130761015103908,5.108873783239525,4.967280417716775,5.1667494299208965,5.223368896061638,5.1373394022651615,5.708761554808482,-1
51,5.195164131216484,5.298500101896451,5.1382327811240796,5.115504421591358,4.9485222324594575,5.172225658290073,5.224983767338244,5.13321962491076,5.717316268684783,-1
52,5.192148310444886,5.276674053490873,5.145390055869771,5.125049571315341,4.938750685538456,5.18049514549812,5.226629104918053,5.130687059198508,5.720440578034275,-1
53,5.1817750218842304,5.250860173969308,5.160339652702596,5.1392706834393245,4.914439095472996,5.180380176697582,5.217587395101431,5.136941876821882,5.718704633326433,-1
54,5.175282993692114,5.214016822332278,5.1735576331256325,5.160285686305293,4.885692176199976,5.186007386426088,5.215793923267843,5.142571103347763,5.725433669479252,-1
55,5.163140095608523,5.174901572907074,5.179976644977191,5.189855266572855,4.876885891934087,5.180033018131668,5.2145601685848355,5.156950182364292,5.719491595224878,-1
56,5.163018793051039,5.146981740104483,5.177600811464725,5.208230488418919,4.8675431007937116,5.177171072639278,5.210037490672177,5.165610069643642,5.730396537073869,-1
57,5.154545694196522,5.113560836510382,5.1708375900208114,5.223414932901041,4.860250497863719,5.17117869286534,5.202586454076078,5.167566556150884,5.729980886320696,-1
58,5.154784319787293,5.099952601160457,5.158597567248459,5.239101396647556,4.851661242937306,5.171285632672888,5.195905691854095,5.173143479049061,5.737161572370348,-1
59,5.15022439091346,5.093529474232854,5.1452554322437,5.247450628289739,4.8404783051892695,5.175940248430238,5.188129693701328,5.167778505502319,5.732751819519312,-1
60,5.139623174260296,5.088157236194883,5.1334537392122135,5.2538264732508555,4.826211492099189,5.183715129615775,5.17667526249767,5.164998541795468,5.746601849198101,-1
61,5.128825332890627,5.082326919061783,5.120564313128159,5.2613285517748105,4.8199438947622255,5.191410125990175,5.163087589606679,5.1574726990693165,5.742592056270866,-1
62,5.133758086237357,5.08270374267389,5.107212484737281,5.270422214406954,4.825065237804187,5.187601831582832,5.145074777441412,5.139572670193729,5.741094668966359,-1
63,5.143661688828104,5.08476813650639,5.101538442134671,5.271230369763018,4.82463493060794,5.192878427938596,5.132341666838733,5.114667575807556,5.735987767946121,-1
64,5.1484783987411245,5.089202048094139,5.105757591435108,5.271996150588556,4.828635581983146,5.2007992500833575,5.120939847782557,5.085000675158784,5.745465787579158,-1
65,5.147039081017165,5.101045074263186,5.105185367790359,5.2789952295669185,4.839162805660551,5.207006834191368,5.113236410621403,5.0598085812840425,5.749782315018388,-1
66,5.147201628834758,5.102390236793469,5.104869524316275,5.280220072654661,4.861829662490012,5.206820221335,5.105408391760521,5.03698945422309,5.745374381666282,-1
67,5.154179781920167,5.105493024075287,5.098784512820038,5.272269219336973,4.895526959135824,5.2032950339062145,5.102418306090732,5.018215835054632,5.751414132723775,-1
68,5.168365914926475,5.1019102918589185,5.09154088076736,5.271854100408682,4.93743812850165,5.198762112466046,5.105489367853406,4.994049026337425,5.742843773553518,-1
69,5.180780898203674,5.094714008591203,5.077878325231595,5.2659863967631875,4.988387380897569,5.199449748042147,5.110601135782337,4.972174232682628,5.754889479737685,-1
70,5.178899665434204,5.0896811481155915,5.067329119512128,5.256178187389584,5.0309367022159694,5.207701644993877,5.108882660480766,4.964168277208551,5.760507485520061,-1
71,5.178243301612809,5.092912666141251,5.062664246079482,5.24794586905751,5.075706395992866,5.200256124741326,5.105180876949286,4.948072590790883,5.7586756613329495,-1
72,5.17065576928783,5.084513832799526,5.052711102399714,5.239154070949726,5.120896317888971,5.187944552653177,5.1024958059915075,4.933732822280201,5.752583456101493,-1
73,5.171357498151025,5.074217077859635,5.048996772783163,5.22245670757307,5.1624374659056835,5.178254631708336,5.098343133274292,4.921522585439464,5.760354506336003,-1
74,5.161647761452395,5.06413255269849,5.050398843427149,5.2009854608505455,5.187019965503538,5.172200979310533,5.100927554690544,4.909204134654407,5.761007568510631,-1
75,5.14471163911708,5.061773604058554,5.052719980120138,5.191039421661232,5.198359238268875,5.16271635224334,5.1090888527224205,4.8996708421383905,5.762502358979981,-1
76,5.12597540252338,5.073129346717984,5.065051258312852,5.172627803519918,5.191327498561571,5.155177919380417,5.110732225880005,4.888293359091327,5.7628794071842675,-1
77,5.106143723836653,5.086611426552458,5.075039631004312,5.154260468108953,5.180901730094512,5.146804151535722,5.1138584912301255,4.881017826730786,5.77418768445004,-1
78,5.086242932182379,5.096624273648806,5.087086989185203,5.143629359599638,5.1646150879294765,5.139736399541192,5.1200329500824235,4.863050140547139,5.767219878364698,-1
79,5.061231596982439,5.09685582459386,5.09491706660868,5.131381043952418,5.141941798488845,5.1291510232129784,5.130886469893975,4.855210552337559,5.783081151899397,-1
80,5.0447724047181435,5.10324789899137,5.113457017541818,5.117561698612998,5.120467747511668,5.123129402266403,5.13790554619555,4.862074414434783,5.766507409405812,-1
81,5.029475240942554,5.109665404807103,5.1369903503643215,5.112756496329005,5.093222413215477,5.119574673409556,5.148050610010479,4.868179331162988,5.78320808868305,-1
82,5.014064371390291,5.116479749750275,5.149382526106342,5.1146984185577855,5.072223832541024,5.122734572357544,5.151016528443611,4.879115357724347,5.783979936427198,-1
83,5.002701425171394,5.111834729724555,5.173377293849348,5.108219734597137,5.056462057144024,5.134617760025701,5.144565075623931,4.890731269592818,5.773229421592911,-1
84,4.990476984639973,5.1075781903986766,5.19063138932462,5.108768549213308,5.051828158269786,5.150042183253437,5.1410815336293005,4.91479146629198,5.765519990604118,-1
85,4.9843758461943235,5.110343661846546,5.209522557484684,5.107129301236252,5.054303860603173,5.165916268952077,5.137757918767008,4.9390219520685035,5.779389311734992,-1
86,4.9857362327272625,5.113098092577146,5.2232317756880144,5.10458410952829,5.064096907474988,5.18903995726085,5.139863043870902,4.974245283185,5.775191267928628,-1
87,4.992501511940626,5.1140031349600275,5.235608289662574,5.101818498407493,5.0690476679523035,5.223737858723277,5.138355069181054,5.003393141640018,5.780844654696295,-1
88,5.003215522864664,5.11378829170592,5.252465942307111,5.106083064233734,5.066274625173766,5.264072337533911,5.141771743872235,5.021027842225011,5.780740054889281,-1
89,5.005948264129566,5.1099808738922405,5.26505758097648,5.108753276542055,5.069340900051926,5.29875593510385,5.138290830369871,5.03567554220139,5.784352134805862,-1
90,5.0221251879079025,5.112502326307344,5.281223529842172,5.105999630066596,5.07845439572865,5.322158478283313,5.132806507208525,5.0419334878991595,5.78992410766291,-1
91,5.033768435683552,5.117623648353112,5.283180114304357,5.111232032422795,5.086237180274567,5.342083068368984,5.141357414406248,5.046297566861463,5.795519223344839,-1
92,5.041887731753103,5.110518807013291,5.27337378049217,5.116247695813461,5.094132434460803,5.3409364372176755,5.155330642282355,5.034724967392134,5.790143616931259,-1
93,5.039386246935631,5.093367382766526,5.266501697850151,5.126385509627046,5.092104798591153,5.334346686690604,5.167073232038879,5.0228468482194435,5.789039547356133,-1
94,5.026827167461705,5.083810635770604,5.261539750395889,5.134512935250384,5.086310192139863,5.328890537104273,5.186133768633863,5.002199844162098,5.788126384439039,-1
95,5.009593195351391,5.083449519302475,5.252422363602957,5.147718723537631,5.082995777484937,5.322475772596289,5.193530099114297,4.981194190586061,5.798838277192226,-1
96,4.992686713179642,5.08985218529184,5.228174819524766,5.161619667450778,5.083831130023839,5.30829743957195,5.198911043831079,4.95351317868557,5.8016931779383425,-1
97,4.977330863233672,5.096745790750618,5.200132881292332,5.166787886626835,5.082775352752741,5.289184071848913,5.200249373137133,4.933590778952796,5.8041488528769465,-1
98,4.950744842701452,5.101509367823492,5.169220919594194,5.1704930174747314,5.064811426978531,5.268797962868072,5.206687584884007,4.91114998502737,5.791826425822782,-1
99,4.92923367671198,5.103562465790726,5.146980475302804,5.176047266828592,5.050327385157705,5.244035592428782,5.208593279888518,4.894130079481795,5.808244596543059,-1
100,4.906423914710806,5.111240473690476,5.1315476634608475,5.181878950514185,5.033287498293676,5.231497649042447,5.209408626266495,4.893448386842634,5.806118615138868,-1
101,4.893790312941961,5.132084573647674,5.112407416433627,5.1768961801396,5.029095171460063,5.224300038609824,5.2263854463927375,4.890276210858,5.809029995253471,-1
102,4.8891818958078535,5.1458492814419,5.094043620347806,5.171755711834355,5.024079420395529,5.204539465276131,5.231226632351264,4.887877844993765,5.807676148973431,-1
103,4.893367582159112,5.1476533725050135,5.082542147840955,5.163592296185228,5.0283725364880425,5.19285074438884,5.238272876045282,4.89430908693967,5.801787949715058,-1
104,4.891726725047203,5.143028449902914,5.076598494118201,5.149265337755481,5.03450396367755,5.184165132911269,5.252383869780741,4.908934491667819,5.806558763119943,-1
105,4.889331488993557,5.1374730558306,5.076586202622428,5.13698756347422,5.038231892843038,5.189465204450522,5.269757919847267,4.915039041058828,5.810202887876182,-1
106,4.888598120994344,5.135964190268435,5.080481093010981,5.139487762830237,5.040100237827111,5.207050000131754,5.285027816625277,4.9299195166017435,5.809368802837904,-1
107,4.892237811175283,5.132731447709409,5.075477255916653,5.139688997878855,5.037426784481018,5.22832390215882,5.297999421730077,4.944451342536704,5.815375776942353,-1
108,4.8990957652289575,5.133252084118871,5.07056554984734,5.133585373715034,5.037293071326679,5.239977205000991,5.308122396226823,4.944624890438876,5.819291114030613,-1
109,4.908326690497045,5.12047396709545,5.071947340501739,5.127469921148729,5.027895348718327,5.256709476566522,5.305820915586318,4.951641375567397,5.811489964599605,-1
110,4.915381509432757,5.112645674670214,5.076756379060806,5.119975122739003,5.019368736743154,5.278947562822262,5.301410263133592,4.963893764809401,5.812557727186724,-1
111,4.9104879072551935,5.11199609145872,5.070716522925734,5.100559654803971,5.00746462634684,5.288851974849446,5.3000104960445205,4.968278447788974,5.8209027825803386,-1
112,4.915202506690406,5.107276771565021,5.058826590296892,5.090940420301576,4.993664011774859,5.305010159023317,5.285721461146418,4.973532643817887,5.8133657823218305,-1
113,4.9174717579376495,5.115497153712035,5.04130195952672,5.096153411848741,4.992442103996595,5.311237804219835,5.281414012973846,4.976950541251776,5.8154334493339475,-1
114,4.9166308585186345,5.12191419996404,5.02236917795443,5.088172180169496,5.011320581517933,5.306307079687731,5.2751715498176255,4.975461935025496,5.821296386217031,-1
115,4.923402640148767,5.135993604692037,5.01245820656011,5.079349476173526,5.027430900996649,5.29426478943201,5.273308642365773,4.972313253159583,5.828273601066154,-1
116,4.93392878873305,5.145151270654197,4.997745308275248,5.062187053928228,5.046639018374185,5.287493433658072,5.272346790533579,4.981572413327173,5.822295024198627,-1
117,4.944885778289961,5.161006828504633,4.976416946726912,5.056909828906126,5.064905988668921,5.271404582642794,5.2693409574558085,4.996952772223473,5.828438102927553,-1
118,4.9542054319636275,5.167258432765051,4.9525074026258835,5.0607292067418275,5.080233653033405,5.255120880587317,5.265717015858779,5.010794362427499,5.830128981156373,-1
119,4.972095065974867,5.177999582139148,4.933640195518958,5.071058698995255,5.097297028319835,5.242028731282334,5.263818615488031,5.026688073074039,5.840159041698231,-1
120,4.983222222582928,5.193144286194602,4.921923952657496,5.085268288088688,5.109955075402154,5.216811206793913,5.26138772633092,5.044286186722823,5.822386939777923,-1
121,5.002264151331051,5.202788177114935,4.9081637988676405,5.091900704719036,5.102713467110191,5.187902046895248,5.253387054567302,5.066688597322822,5.831621100836468,-1
122,5.031661483051424,5.204018465970563,4.898367623453172,5.106777190763874,5.084686165004778,5.166828787436985,5.2465018435751345,5.086291540353482,5.829464584968883,-1
123,5.048473105208409,5.201738533999841,4.87952919335932,5.119147594691209,5.064111756142561,5.153450674628197,5.237229248873593,5.100178237093763,5.836208470547038,-1
124,5.052191534931421,5.191680744997267,4.8685373829093415,5.149633530268463,5.04089217464027,5.155175171002608,5.226940483125399,5.110999075622315,5.842148238498005,-1
125,5.050586554696729,5.184156289342069,4.863232986006014,5.174138931537297,5.019034579212935,5.160219313909798,5.229610316811222,5.108478486394971,5.839426157749933,-1
126,5.048992885835815,5.1818473748736515,4.8652293272602165,5.184258451308482,5.009309376037985,5.161680999868794,5.237986331451911,5.107709247880782,5.838928729118107,-1
127,5.04475673928526,5.1694031449127005,4.875140800154835,5.198163618460319,4.99629898077458,5.1535821836274245,5.243350435951049,5.104113553642171,5.845352724709336,-1
128,5.037814283169321,5.164570585424888,4.885691755241919,5.214796788859811,4.985169894927975,5.156596669894196,5.250204027195764,5.091050731223118,5.841067768589928,-1
129,5.0221022360080285,5.155163772918673,4.891979959573709,5.223755330628589,4.9818093997418,5.164671980823193,5.255539788436844,5.071060507230431,5.837791658532084,-1
130,5.004816461379093,5.150737840710801,4.897073539466859,5.221606066254525,4.978437977296804,5.162881186369448,5.258206313305189,5.051670932515521,5.83850196241761,-1
131,4.989530657557924,5.14044275145859,4.907186372301439,5.225370824527983,4.97774125437927,5.158625739181625,5.259373386024793,5.039549994431163,5.845293801123471,-1
132,4.991399394072419,5.143687555288339,4.92397792517185,5.226281736662242,4.963904164233349,5.1428529349353935,5.2523288319020125,5.03114799934292,5.848853600770164,-1
133,5.000757015340088,5.152565833335956,4.951911658879802,5.230605708524062,4.961316253860472,5.138268555459401,5.237924394937863,5.020971859009403,5.842642082889386,-1
134,5.01567335126148,5.165977304339593,4.975664172326984,5.229259780480897,4.9418721761522555,5.131460996557059,5.221367012535519,5.014532230961782,5.843655716533361,-1
135,5.034957392466254,5.190085149345183,4.989414468029011,5.229481867205982,4.921654657507202,5.1271712363724085,5.203473419824307,5.008204880060459,5.857285891503444,-1
136,5.06865410009155,5.207239333181876,5.001365325900568,5.211671615068312,4.897429717049156,5.1192658347397115,5.184218821780657,5.0126340573775865,5.851997190028594,-1
137,5.100613146295533,5.215775544998633,5.032943996835145,5.2040731464508205,4.884042302482574,5.110330838074199,5.164401300117612,5.023573483822715,5.849769889360488,-1
138,5.131952042657174,5.223543080315221,5.060293325872784,5.199482494691024,4.86948459523232,5.111027770739563,5.147883138975566,5.032651172521865,5.856794601087507,-1
139,5.168071002535814,5.237066910241639,5.08562806609128,5.204419158703277,4.856250927367361,5.117947718966436,5.136760633959141,5.041847688541621,5.849216544995495,-1
140,5.201575043251685,5.242364679370861,5.096289140741011,5.206865385165728,4.8598506551531315,5.120753494732981,5.127781418105625,5.0422724865778505,5.858595039424417,-1
141,5.222839661815929,5.237637630340483,5.090326417980214,5.208508495812272,4.852032856696085,5.108247707130666,5.118721522606735,5.043603816985881,5.856141431443806,-1
142,5.2369496546059375,5.230433751500221,5.096751926859882,5.209873082969335,4.848693474968488,5.103699339201002,5.115925896078002,5.042077546400842,5.8542626056534806,-1
143,5.244079524806533,5.215197530168525,5.107164791197334,5.208222967275569,4.844782682726003,5.107115086927065,5.119401952342307,5.053658939229428,5.852885148966354,-1
144,5.237987900056587,5.2015480640152525,5.114494169652018,5.209307006942965,4.842162797248915,5.109382963527917,5.124445616328168,5.053647987566715,5.860302962715221,-1
145,5.240837517530528,5.197773487966159,5.113233893844867,5.203758067870783,4.8411562688551495,5.1132010542236905,5.132245230076959,5.051021595810815,5.864540052178322,-1
146,5.238134545400994,5.199504802076035,5.12651058670136,5.198475511602479,4.853503484827002,5.117031188884967,5.142729365956687,5.06017134524789,5.856575712905583,-1
147,5.222811586237711,5.2011952458954,5.139650148483555,5.171435261112208,4.873816949106969,5.116500904613894,5.148966705413666,5.069874359914233,5.861478705640549,-1
148,5.205530552330844,5.2052438072208504,5.160240895537141,5.151967994633041,4.898874427135446,5.124216698983632,5.1601423488344125,5.0731197470628935,5.862696272587378,-1
149,5.195069684994904,5.21294552919836,5.177684826672275,5.147506253184869,4.925388328303671,5.134662098575019,5.168437479208761,5.066998000324896,5.862215746839415,-1
150,5.187562739926286,5.220371156690386,5.177201596176611,5.1438853821008275,4.960171016376518,5.141172521915737,5.174410639373587,5.0598017286870975,5.865109565152661,-1
151,5.178926966266409,5.230853694407168,5.173693731734303,5.136867842762051,4.985022593819118,5.146020911869109,5.189346344283555,5.036499386630566,5.863994380537156,-1
152,5.172202930953709,5.242905902678801,5.17467302342668,5.132730752607474,5.0189306651873915,5.159168973593426,5.207293785514714,5.017735133973392,5.877366469682113,-1
153,5.159278674964116,5.259469625220337,5.173859161116259,5.131885415859084,5.035659785031589,5.166593793994873,5.221429745863818,5.005555004566822,5.8693930210330745,-1
154,5.148110144986271,5.263759517327779,5.15793497640656,5.12510760408956,5.047003672205877,5.165437906183368,5.2231322811241485,4.986371435316817,5.864626591942371,-1
155,5.149149656949918,5.268341094125389,5.138917452627622,5.125954168050778,5.056437367084818,5.163594574100294,5.2299484979958075,4.9607890151979825,5.865015728052335,-1
156,5.140581419053433,5.274383735858395,5.123970308453227,5.124239120559922,5.053414493270163,5.153399703475994,5.226714301200603,4.946159191246617,5.8708182135287466,-1
157,5.130459212947231,5.278463047656682,5.122439526372398,5.112871507221597,5.0606426392535715,5.153907110777098,5.224330890928045,4.939316357691468,5.876631765829122,-1
158,5.111406492584299,5.2798955544338995,5.1286879619507335,5.110593135622601,5.059565980277333,5.155836594331378,5.220436379202029,4.934669725289188,5.873101101147269,-1
159,5.100172657398702,5.2748743246163725,5.140819552476385,5.113229202685481,5.062742110302534,5.1488494054607905,5.204676194630185,4.937487905742996,5.877724354968104,-1
160,5.08322369123423,5.273507675778578,5.149045038483504,5.116464350716926,5.066585480612314,5.127290049477818,5.192904527879401,4.938122776543268,5.879805110602092,-1
161,5.065915619492837,5.2699847712380254,5.159348799171639,5.113631959625876,5.075570077711718,5.1037776394187055,5.189000281538834,4.927481024079842,5.884922310338676,-1
162,5.052906851717457,5.270490422931657,5.171072954078682,5.123746985034124,5.078506545132466,5.078002264078342,5.196678046579961,4.9166168061501345,5.880218669903215,-1
163,5.030617904650944,5.260929054048138,5.183672763715087,5.138145905900471,5.084288954193489,5.057318593283015,5.2013109063614715,4.9099197172937785,5.881288380367235,-1
164,5.016945547027687,5.245925445998899,5.186822166015575,5.146372457676731,5.086939906140231,5.042386309904027,5.212255212028218,4.903792240384522,5.875262418912967,-1
165,5.016583399742115,5.232078411831964,5.181819834617256,5.14431315164091,5.0765355550617395,5.0201157645359125,5.221735528581993,4.906594328035039,5.879755129095731,-1
166,5.022953891316491,5.21745360981991,5.166063347087285,5.146705204982742,5.069573629186489,4.989704404789036,5.23798283932376,4.910311357774377,5.883356920032128,-1
167,5.029186602265231,5.206735815657341,5.152550198367679,5.146142964068046,5.069574945489357,4.968911388582279,5.257217219266005,4.9060685970293045,5.885194749493087,-1
168,5.037562961910757,5.192856898077482,5.137985477626199,5.147743018576282,5.063790446277553,4.962170929447288,5.27750571808113,4.9131268199273626,5.883166112115201,-1
169,5.052864100743112,5.180287132269217,5.117312890038293,5.149024772494249,5.059332009772708,4.968964646064643,5.286158922486086,4.928695731455919,5.882249004937681,-1
170,5.0571561494704,5.172588875014579,5.101994360786007,5.148908244628345,5.046710199567287,4.979499910314659,5.304762752242887,4.939035708007074,5.888292561267541,-1
171,5.0712542409245005,5.17370902366314,5.094818454477121,5.145552654762949,5.026963219784136,4.980072390146126,5.322329657428549,4.939880457360906,5.888947967540374,-1
172,5.085603008296191,5.1836358776869425,5.0892590768628745,5.13816339127666,5.015631401951338,4.978206983519932,5.345105952489704,4.941069088990516,5.893196551675571,-1
173,5.092728837231259,5.19577403082347,5.086563341989409,5.126027876145902,5.011980522452752,4.986318179745237,5.367167113236833,4.9430940852093395,5.891864266546151,-1
174,5.092659197891637,5.206878990426505,5.09215845821412,5.102807606731559,5.00751314137921,4.996929306459621,5.380184534859232,4.943802662329534,5.8903429909276745,-1
175,5.0850507928622415,5.21887605264665,5.097816199850087,5.082576094642947,5.003894430499614,5.010343445551247,5.3918053156101715,4.947790249009374,5.882493187514589,-1
176,5.074337177725596,5.224911728225839,5.090851741566823,5.062529026866371,5.005486258063046,5.021768589975549,5.399449218484779,4.944579505228838,5.897729228407104,-1
177,5.0584041088365055,5.221427760947177,5.086850542281818,5.042778050512445,5.012865190644105,5.027861243852412,5.416022114279548,4.947556603672868,5.889286498591406,-1
178,5.05648177221395,5.219412056395092,5.081235781270474,5.024745338148536,5.033045499998387,5.038638834947405,5.417851762588745,4.952227782393416,5.892376267650516,-1
179,5.043070673100217,5.214543817366752,5.0795066525597505,5.003856556375984,5.0475473201465855,5.042965914764784,5.4234570664393065,4.973399652680152,5.898843181256047,-1
180,5.032541539454547,5.212471158285882,5.081108205900375,4.993812931106257,5.0620834075146295,5.046500647150126,5.421574548524418,4.999071372516246,5.906397353339541,-1
181,5.020239474723327,5.2080720857208425,5.083464460429685,5.002287614302955,5.078794999242133,5.039983287726264,5.415373798024261,5.019291722196907,5.9062164561302595,-1
182,5.019783362070557,5.21302992453434,5.081519188490153,5.006716571246259,5.099109109742575,5.026504222628575,5.403995597120873,5.038481608027909,5.894730253457153,-1
183,5.012596266924946,5.217018292508893,5.082905206055217,5.005994556288373,5.114199933955262,5.0028196778169844,5.390014270592748,5.057152229015157,5.904252917171299,-1
184,5.014150484870737,5.223848275836766,5.0988450903991485,4.999453095164703,5.126150778867476,4.976914340029891,5.381913408471157,5.076487554830708,5.899094397973436,-1
185,5.0099891274083355,5.239577059837131,5.111351132149937,5.002497566550689,5.129057154511653,4.954964927426893,5.3698768494983735,5.078166021730707,5.901412120624151,-1
186,5.001217906368112,5.260772443776691,5.125591075327124,5.003212954223543,5.120797169460199,4.921033542456254,5.358989446192457,5.093869311056401,5.900427935273116,-1
187,4.995361519972822,5.292349469267481,5.134893799655413,5.0062154032730035,5.121194533878418,4.896089159683699,5.34639191229365,5.1053363234564175,5.895387581589943,-1
188,4.989660635118463,5.314831921719089,5.138014866108174,5.005789495352999,5.12098220878656,4.8768846671513,5.334996302857486,5.113173662929315,5.911323176098506,-1
189,4.983229168184535,5.335201869847751,5.140333689968495,4.99874261779007,5.116874075869082,4.865583953861689,5.326703573517671,5.119798131223222,5.902726989141462,-1
190,4.972619397631407,5.359498251426336,5.138811997072849,4.992383382276282,5.10564210516267,4.8626063367669285,5.322939288652897,5.121068603664573,5.9115413233132355,-1
191,4.974008885450203,5.377630770187838,5.136740911773088,4.985061214009839,5.091897370995344,4.865433849063686,5.324803559113126,5.1248941969451485,5.898722474556585,-1
192,4.976517473485235,5.396303203380027,5.1337335363263294,4.9796249558728265,5.081806043562682,4.8644521627413315,5.328225206672733,5.124405081000543,5.903037922383417,-1
193,4.99120184933136,5.413128690645559,5.140602315082139,4.971836350977445,5.076557096084172,4.8629947942093805,5.327627924634761,5.137574406051542,5.918293757580108,-1
194,5.00854700009644,5.422316071429977,5.148209204352259,4.9643213553124665,5.079355602051886,4.8717794076868,5.327374906100999,5.137535224102494,5.90697354894488,-1
195,5.032563258407371,5.418204050017216,5.158009382499046,4.966445907041257,5.077562312851703,4.894921073126038,5.3189632399847975,5.133640801775003,5.910399484161085,-1
196,5.047851546404834,5.41718568798165,5.180458381449919,4.9647826605553425,5.085069916430284,4.922098463711308,5.306529560286911,5.129548107160682,5.914222410135136,-1
197,5.062615671629372,5.422170894548128,5.2067770629551475,4.954428508161102,5.09137397305402,4.940718464769057,5.28922086338076,5.130843523272749,5.910791845616372,-1
198,5.084053056085511,5.411112663647844,5.243887589623219,4.945750140288166,5.099588239058891,4.96087095664588,5.2716780528686495,5.133785463795403,5.913044845961441,-1
199,5.1022822557924945,5.40022280201923,5.276404026890987,4.947233568172262,5.1097512473724,4.986560931143814,5.251040070082973,5.127023453896437,5.91146595021998,-1
200,5.119550672625582,5.391968868503655,5.311283019389467,4.954794150388102,5.123120366810567,5.010324926287427,5.222486049323391,5.128363397952546,5.920054294127488,-1
201,5.133243204405476,5.380813080964325,5.333845795229798,4.95447673181769,5.145770393122964,5.029738640142897,5.191007818288591,5.128318361236541,5.908882570847973,-1
202,5.139012950627463,5.357473802278896,5.354188578830323,4.960343534552593,5.167143910713187,5.052464441238273,5.163665618344893,5.131204511155436,5.912998067363391,-1
203,5.143849450136234,5.343292905798427,5.364042622800026,4.948396577301272,5.192766176884992,5.05004437601822,5.136067512227063,5.126128103913103,5.907079621733004,-1
204,5.1487074086748,5.327255621316079,5.366264597172836,4.938879057709267,5.215633330036514,5.045587381415713,5.130787214972674,5.11227705537376,5.915694609958757,-1
205,5.145908271095233,5.298911553671184,5.358109024305842,4.9394122122269435,5.234463090106406,5.03868082323007,5.1369982232787486,5.095307510220151,5.920567368520734,-1
206,5.142451471111784,5.277111837669892,5.350664264983236,4.9531420465369465,5.251375824459021,5.0351548371366235,5.155374231904649,5.083626204156654,5.925836545379013,-1
207,5.137981345826362,5.265758718704986,5.344666053886386,4.96361895823439,5.2746234596292645,5.030354679903849,5.171863273539214,5.084559359872058,5.925620941449807,-1
208,5.1334568485576515,5.25155130218953,5.328797594462893,4.971664602075734,5.2867526350883915,5.018344307854427,5.186549088476342,5.074788057489643,5.9348459515545295,-1
209,5.124995346633821,5.235700738962415,5.309893417448571,4.984705639351354,5.290793017028293,5.01217538062791,5.216983417146908,5.064948972175532,5.924193765293027,-1
210,5.118399636247531,5.238838044240888,5.287165173622581,4.987278266272861,5.294995759354093,5.005125073569317,5.234492824033668,5.059070694349573,5.928634449101642,-1
211,5.112926456523859,5.233525247203704,5.277325404333338,5.004485391810543,5.303973972682071,5.010156123491009,5.246384114591672,5.06630363009941,5.92147005535104,-1
212,5.111133856640771,5.228892841471424,5.25852529321339,5.01471582708646,5.313421605932589,5.005466922169202,5.241561123952238,5.0748967069192075,5.923447425061861,-1
213,5.112942220587353,5.23311244797296,5.235359121878693,5.027128420709448,5.322129768767819,5.006395079700333,5.230504732298112,5.07877898625038,5.926245048905609,-1
214,5.11634440007521,5.2435851514788,5.209555573818758,5.0300227832799305,5.3333109122614735,5.00681585235818,5.2117253084737305,5.081265684131202,5.922476823009459,-1
215,5.115265666300461,5.250965187573971,5.173061087258866,5.0302762909666034,5.327146639433251,5.000029995721649,5.195758913686153,5.082434573542965,5.930164857937202,-1
216,5.101940688577722,5.2582228918782175,5.139724180258409,5.024851059249789,5.321906769154389,5.008920810642767,5.172074977245684,5.087198013458302,5.920356562903696,-1
217,5.083875113188079,5.269193391454636,5.11335963126069,5.012747121992622,5.3079048294365005,5.012042098890724,5.138649694525527,5.082772085272821,5.924836345101738,-1
218,5.068214060491138,5.272171378069958,5.080719265643955,5.005225023329514,5.295773874434466,5.008320728434548,5.109262351506902,5.0589961943063155,5.939239501469149,-1
219,5.05278358450628,5.270108496857767,5.042531554474354,4.984115515957392,5.276883690797472,5.014452048057262,5.086161657846856,5.032585434281294,5.932285449908352,-1
220,5.034676870773124,5.266485938957362,5.015805644546502,4.961225925635487,5.252818907554798,5.025181477750232,5.066300429297517,5.021136425069368,5.9268344507518735,-1
221,5.016736150506902,5.268065806902935,4.992243231921731,4.932700664957695,5.2325227426891,5.026210912372455,5.055333893046528,5.019214918811535,5.929329576097826,-1
222,4.994924456560402,5.27249055593989,4.9745500619666245,4.907183683571323,5.2162829205685775,5.024057765061306,5.041877245678392,5.006913172357959,5.929972583900989,-1
223,4.987131051680898,5.272739633685136,4.96392875471304,4.8865888696278,5.218212958052849,5.029359487213622,5.027148088437186,4.99208975969411,5.932100997316352,-1
224,4.995009741182131,5.272788686158399,4.95528812336517,4.875305213912357,5.21644886324779,5.027487307913871,5.021993950609506,4.987656286976694,5.938983075503064,-1
225,5.010009747086224,5.27244503975357,4.952263548937323,4.8705977336634465,5.224487003598838,5.026459220846094,5.016591092952692,4.988298425874808,5.932990237112585,-1
226,5.018387075658854,5.262768653865348,4.959422069293296,4.863256934877439,5.235524707568927,5.027782039634167,5.021463573093666,4.998783734084406,5.931480209499092,-1
227,5.026334586564039,5.265747217140426,4.968861090026173,4.865244232654659,5.236849866345013,5.017168685176986,5.031512349154838,5.0071995573664765,5.942557783359179,-1
228,5.037261254475512,5.266079683199989,4.979047489777491,4.882396484512171,5.236776502667535,5.011093512428415,5.037936665923562,5.000925455521755,5.933901211706876,-1
229,5.04465596954909,5.249799106222789,4.997400239128109,4.899424390511364,5.241468519012523,5.015338210397051,5.037752399128365,4.988681947698974,5.931921423850587,-1
230,5.0562749974062156,5.222263165273849,5.010594429912815,4.921390342367978,5.238831777218162,5.025914978196088,5.04242088799437,4.9888522816760315,5.935779632602964,-1
231,5.061769518026056,5.194346176108131,5.016862036279525,4.941056448249968,5.22386645779849,5.025799806856373,5.039944624451031,4.992439354353928,5.933121729458639,-1
232,5.057481553426898,5.169400733566133,5.01845970306194,4.948344505849536,5.2105706791837685,5.022726084892363,5.0406343973580885,4.975898526199978,5.931227291465905,-1
233,5.060937117213754,5.138717789261927,5.016236095779282,4.9588698589041895,5.195879933420073,5.013936696660787,5.038486598635439,4.960600982487943,5.931763679662282,-1
234,5.064841550487087,5.127026482614973,5.014729459013067,4.966779909944107,5.176543887648634,5.011177193591585,5.033974921884867,4.951076270417797,5.938236897581987,-1
235,5.058550026614736,5.113355672703603,5.0209219659378626,4.982968474251685,5.159975339004466,5.012216919864944,5.030678793148088,4.941290729262842,5.943153075397357,-1
236,5.05832456912804,5.109763786771935,5.022897787998711,4.99629801132697,5.157235607897527,5.0157435849860805,5.028366388717175,4.93388843038309,5.941734083042914,-1
237,5.068076487402682,5.125077017461975,5.018464003706513,5.015832133374697,5.141541598248361,5.021467517099011,5.026028948270152,4.93282624123744,5.939714217681988,-1
238,5.063742703840962,5.1402914942997295,5.012680365722118,5.031642556076086,5.128131946052523,5.02610967947947,5.016393682193722,4.929653790775643,5.940612429760396,-1
239,5.055906371841472,5.162217695055859,5.016117458027299,5.0535649506608795,5.12818590611594,5.043861308453147,5.02361713067814,4.925613460031996,5.949303325100663,-1
240,5.050197831642334,5.177627061443954,5.0302902641058065,5.08123559476174,5.135829580252527,5.0667009830077046,5.019471548074916,4.931163075372767,5.936493727597838,-1
241,5.040625440865748,5.207512145391984,5.047365695277272,5.1091857293925536,5.14579638765038,5.085767849346711,5.01501444872014,4.926241846300987,5.948198165561514,-1
242,5.038527456813023,5.231117051812573,5.062969741009148,5.142582111357683,5.159026518949846,5.10299139785553,5.007476269559081,4.916853316018273,5.9484609935125885,-1
243,5.048194955781851,5.244096137428499,5.064717589168265,5.167347411326104,5.177403870331894,5.124158163878368,4.994010433215482,4.909813986228737,5.936705740453762,-1
244,5.048934755248931,5.246733702933313,5.06593751147916,5.181254187793557,5.179372431299543,5.137073016862092,4.988481668638404,4.911073379990363,5.950211103806177,-1
245,5.049796437479443,5.240557862783758,5.060203689826782,5.187784865141187,5.194638019403712,5.143135125768411,4.9818783901375685,4.901427695701808,5.940995496169235,-1
246,5.049845755935103,5.2465895587137705,5.061104948816909,5.195218479977807,5.211952774746477,5.143258920476424,4.987896621836789,4.895808599798377,5.950876057318161,-1
247,5.046174583253035,5.254164945379827,5.0659376266292435,5.2069600820011495,5.2212318243332865,5.133850399798351,4.991445855437223,4.894157518815797,5.956102051906304,-1
248,5.03920959614136,5.264007068853643,5.065947166882834,5.214827196972479,5.227823751164641,5.126341251551466,5.002520982965838,4.902626959649817,5.947471845354923,-1
249,5.035914546669894,5.261923239138147,5.069080411974722,5.212378275264797,5.231721153507497,5.130160567350309,5.0225770661142946,4.930471263664864,5.958093176934436,-1
250,5.036424948278901,5.24428069498633,5.074603566024932,5.204340189963147,5.230978362323484,5.130954019877147,5.055400745307042,4.965891120421367,5.946197433426315,-1
251,5.029278695223543,5.240148623723239,5.082692356388926,5.188439528709958,5.234532779471753,5.12719399485397,5.098813506174555,4.9969788431469535,5.946967313378369,-1
252,5.0246832814403835,5.245088140822369,5.086104525791443,5.170212805507457,5.229513279343499,5.125432137050457,5.132657270158843,5.021732675706185,5.950975137394971,-1
253,5.0101039538529655,5.241873300443069,5.105017140306646,5.140320932071412,5.225527781798828,5.124886459201873,5.170054665594121,5.046532452190663,5.9477039456977465,-1
254,5.003038733478174,5.227085459340844,5.118818878298536,5.11080285568494,5.218617324941493,5.127557347959115,5.192835643074838,5.0651522156266555,5.950221093928538,-1
255,4.989547482993468,5.218995842102853,5.121791861469959,5.067604698224147,5.217346469386199,5.123748589584705,5.204860747387311,5.073925975670848,5.956995171251003,-1
256,4.979427634883027,5.2097351916119825,5.118480984727217,5.0289954943504735,5.216411893624036,5.120652243315912,5.218969476525992,5.070731809173055,5.955354105381764,-1
257,4.96488809183406,5.195561909899554,5.109390216489473,4.998322639353874,5.206229511021814,5.124216676271649,5.226388300052259,5.053292245251739,5.949330824326624,-1
258,4.946974914009084,5.189462556370586,5.105985091696464,4.978914107717353,5.191129884425225,5.130033389260392,5.219422895308447,5.03099975461735,5.960105256024877,-1
259,4.930143398713303,5.180457723961995,5.096120814314921,4.959342894055552,5.168605094930542,5.135919267028105,5.210046778196592,5.006345465337897,5.956674705709443,-1
260,4.914157613726653,5.160664472305732,5.093056799653145,4.949641871855453,5.158314572052342,5.142373783153879,5.2002510170784255,4.98340675302087,5.959926722177134,-1
261,4.909639029860951,5.1533750856576965,5.084425462593071,4.948471902078492,5.133866282445144,5.15906971612856,5.191161639751854,4.960801476610492,5.942204483212797,-1
262,4.899954634210796,5.152625025146243,5.066405141384143,4.948206471320342,5.110763077127549,5.1711370667276615,5.182043830846836,4.9361601468056024,5.9565384154789145,-1
263,4.901594822760474,5.138683035626299,5.0452520608547715,4.952535668140633,5.085880749197318,5.194069693046265,5.177824037259958,4.918386937070333,5.957427204475173,-1
264,4.903796519477856,5.127334572673109,5.03750459483874,4.961779136535895,5.059690561196668,5.214216954790897,5.1709099577670115,4.911941753735886,5.95543651151852,-1
265,4.903004687101263,5.114201272754662,5.033157677848557,4.975180639876785,5.046564857343115,5.230281787982187,5.162497239828359,4.9029571220892425,5.959119775818469,-1
266,4.901481881874249,5.100595541226973,5.010192651091659,4.982915226156446,5.036318441066777,5.239510228737007,5.153442440934299,4.891208798201815,5.951244598567299,-1
267,4.892716107692076,5.089959586890968,5.000757110059629,5.000864071776787,5.032307503866119,5.252822263381971,5.138223045199797,4.881704033850605,5.958310592800583,-1
268,4.890124769380424,5.089034118705419,4.986278473900199,5.01773890277149,5.02025206086454,5.269195538815671,5.127659171876076,4.869712561588817,5.9604811365531125,-1
269,4.881001727762128,5.084362150887228,4.969815137101708,5.0352509510236345,5.019112384220557,5.277822404265098,5.116312610622624,4.862512943997192,5.964750993691603,-1
270,4.879116001019252,5.072262024004609,4.95909848913089,5.049489900561652,5.018295373434095,5.289756782198497,5.1078611257612225,4.856111401200357,5.957076294399677,-1
271,4.885858937728468,5.053793206356218,4.961142006162898,5.061589291185758,5.017381197824392,5.296698030342435,5.103842128623748,4.847263343423151,5.9566166108051455,-1
272,4.894618824673726,5.033232063515634,4.955846777254116,5.068867680305461,5.014576839842366,5.297010564090974,5.1088973536303115,4.832487675022624,5.9627610074151685,-1
273,4.895429791501453,5.019828274297342,4.951555054624568,5.072352273288764,5.005813169299323,5.291289332106036,5.118852922105772,4.820511503272876,5.963157904602585,-1
274,4.890916274397434,5.012197881021609,4.963247601969073,5.082804747605408,5.00581311940245,5.298011396749441,5.133172882645222,4.809434023824054,5.963381622206371,-1
275,4.893646298356838,5.003853620318819,4.96136599218253,5.092126698537159,5.003491908193412,5.3008319716096,5.146695456372115,4.806920610700587,5.969460824200327,-1
276,4.893102827338302,4.998309005000256,4.959666248541353,5.102757256023126,5.015997813709573,5.296775391292955,5.151044681221438,4.79932448420392,5.963060686974694,-1
277,4.894555733621763,4.985628631336701,4.95659807627927,5.117197528962732,5.022386112324327,5.298790420967364,5.1460400210859305,4.79884352963322,5.961659150087792,-1
278,4.896046290737575,4.97489982430241,4.967635631223908,5.133172924820362,5.030484560575821,5.293806360671969,5.146331010503318,4.8055533950058225,5.970460928149428,-1
279,4.892546437592553,4.971223039946643,4.964229732987295,5.1440469276978265,5.040555706321591,5.284398325847226,5.13888068775047,4.815468019134265,5.960036188156108,-1
280,4.884086895684526,4.964860946555419,4.960111250476524,5.1534764933043045,5.047133001492965,5.277735009892506,5.129431818409511,4.831284198627381,5.9679415625870815,-1
281,4.887794974614268,4.963642614590779,4.955034360764484,5.164460166934425,5.053624387266232,5.265334706168769,5.118072351267362,4.84141162057609,5.972134269398692,-1
282,4.901880637433422,4.9568585215855,4.941031726775232,5.168567687656886,5.064291969871572,5.244813396976243,5.102858901644705,4.859136407858153,5.960440734829842,-1
283,4.9191236520959505,4.952528190155485,4.931825309308554,5.171870865412014,5.07414540133319,5.213672652252331,5.098172775895936,4.877952696881941,5.968299368268109,-1
284,4.932214102171596,4.944601829035386,4.931487027064222,5.1772905902898945,5.08267325163211,5.185716468469735,5.1003894133678935,4.901644680395364,5.969800516725071,-1
285,4.946083868044842,4.945147641315724,4.93848383356116,5.173273043454213,5.098337324890469,5.148331016009344,5.1085427900211595,4.923738877922416,5.970627207306993,-1
286,4.959772813496673,4.945364276430415,4.934818095868359,5.175958394989992,5.111600141750319,5.117309095122834,5.120781965667834,4.944194888304612,5.968684434224514,-1
287,4.9669351949082685,4.941727792724141,4.942243801699031,5.188600289958749,5.118499881893306,5.095977025203668,5.132979053846281,4.957922063029159,5.974428512430715,-1
288,4.973627470126298,4.937132577772848,4.9485058082799664,5.200226812165406,5.133977101225703,5.072847706358668,5.1424046377773855,4.9669632605768435,5.9599719217606575,-1
289,4.9812312251895055,4.927688485783371,4.956279491085815,5.206274868477375,5.148727672141343,5.06132124823103,5.148880399885952,4.989291792343564,5.980466994792331,-1
290,4.990556475330966,4.93648240169842,4.9644940640501005,5.210010359332438,5.145138259773632,5.064707632607835,5.161396039976504,5.006285286782351,5.9722890441041665,-1
291,4.9987955349675195,4.94330421260665,4.970780481851876,5.215584342550997,5.140277327344255,5.081847154110449,5.176243314710822,5.015452756847494,5.961996162425472,-1
292,5.004720270318117,4.947047481917273,4.9800602527201185,5.210654799194732,5.12439008585487,5.10572844016725,5.17906528309844,5.026801439017163,5.9725750757008385,-1
293,5.018848331380405,4.947617856793119,4.98738484758725,5.220693647108501,5.107517852534468,5.132055540539906,5.194035445426272,5.025812906492083,5.973608940968105,-1
294,5.036844785504945,4.946853185926925,4.99570046575977,5.221532972191117,5.087786795763241,5.1643330593751955,5.196453350626727,5.020575204222515,5.968260139791155,-1
295,5.06267973230544,4.948479524046517,5.0023912219146816,5.211758821595436,5.070783508477164,5.195415252383002,5.192772540045977,5.022728424993615,5.969366642108323,-1
296,5.0859614705775815,4.962986645763175,5.0150796530512265,5.2060765932497475,5.047607395610535,5.240331028114375,5.192962619079536,5.025563220431237,5.982105452664478,-1
297,5.107497928462823,4.977797533839107,5.023864363553433,5.201140421027988,5.029056076118352,5.280098801517191,5.19156184751695,5.030292894062434,5.980928930822684,-1
298,5.116346607760897,4.978290644092208,5.043347851379078,5.195210960514353,5.019263165910369,5.306199065807492,5.188136346607586,5.038991824662964,5.969433921925408,-1
299,5.133317962044568,4.977161179175624,5.067980171460414,5.188009858026276,5.014664936969488,5.327020890843344,5.174637777595714,5.045567032098296,5.971038018321613,-1
300,5.151844390981465,4.9770563522216404,5.093220444867502,5.18867780008083,5.011498257918334,5.340716503367258,5.176378419179586,5.047333537265026,5.972507381612735,-1
301,5.154659993061394,4.980073016722239,5.109088624660157,5.185840884315031,5.010586250164694,5.355091015609049,5.16755110092672,5.063232772194573,5.973015484566953,-1
302,5.1512914350451995,4.980574727671716,5.119063605296073,5.181268708832839,5.024749245498805,5.359735800782096,5.15863916472836,5.079897904284033,5.981033749595785,-1
303,5.1413023246259755,4.9905096652391645,5.130487667753296,5.187294172386562,5.0366405718654566,5.356567103750706,5.15842238232095,5.090536467664135,5.976466655582248,-1
304,5.129980460145988,4.995871880394196,5.14118240234944,5.188577453222026,5.051324378248076,5.342181505939993,5.151538230373649,5.100560935353792,5.980334676204597,-1
305,5.114113157971572,5.005130375966355,5.1488574127911395,5.187830154729766,5.065692960700155,5.326455729078697,5.151246312159197,5.10632373715195,5.9847974135776605,-1
306,5.102902700035167,5.012789542953946,5.153412792248631,5.183652684647596,5.073960363041757,5.308391809709287,5.153726981885275,5.1070947643967886,5.978328918872015,-1
307,5.079155770994585,5.005883094741875,5.151762759064377,5.1716866428690444,5.074874380950051,5.284184148639155,5.153362016206194,5.111350328851123,5.974859038093103,-1
308,5.0552819167320076,4.9960675505201015,5.14233176852441,5.154742460192029,5.078546612668038,5.2623592852860295,5.148982257447355,5.112533934411344,5.9810495839725,-1
309,5.049947023103605,4.98650774415377,5.136805894074513,5.135330267697669,5.08082611638621,5.244953035486242,5.140823202567351,5.108006913676199,5.979410193091806,-1
310,5.048948723411786,4.987033236259794,5.134692651895932,5.121129721625819,5.064486868597283,5.225385646854162,5.136800705617785,5.105486634936357,5.978980570459216,-1
311,5.053972310445306,4.996185363396073,5.125312737311987,5.099741517451955,5.047755144902218,5.216268633724987,5.124733194380498,5.105219494575142,5.985726967977189,-1
312,5.06947335233447,5.005141408338738,5.106808334101874,5.085283672358406,5.031432840109176,5.206226111004885,5.109869700392659,5.107752579878075,5.977832863069327,-1
313,5.0857004963282195,5.0201320316516105,5.091705863793777,5.072036512736341,5.018705147839763,5.196100194978599,5.097546170658447,5.107345149528267,5.987746975247015,-1
314,5.100060059032346,5.039361993995741,5.0648123191496,5.065262785816835,5.009015259705016,5.183488730577949,5.081876990236561,5.107096567561134,5.980123577340803,-1
315,5.119924968483185,5.062086377946582,5.0316870559051825,5.0607085976517014,5.006207637337418,5.176764936457918,5.0728346978898475,5.095465813791651,5.980774430725566,-1
316,5.149477656503017,5.09508395423541,5.002647668066514,5.056917633645274,5.001026038550891,5.1625819901033125,5.060396670996812,5.091248923326688,5.980169467626052,-1
317,5.162958018864516,5.119306132168752,4.9810128214048355,5.049142776283423,4.9938918588314385,5.146101407421105,5.048339751319037,5.082568514936816,5.988087075243297,-1
318,5.158868504215165,5.145649312459545,4.954984470475442,5.039580540975101,4.99559561618785,5.1346097538339475,5.034941559740427,5.067754083866089,5.9821664033970965,-1
319,5.1615153469136095,5.153325647994555,4.9334771907991115,5.030506418063624,4.991970980263877,5.113498476584998,5.031287716271232,5.059297590370535,5.9866651344859685,-1
320,5.16822073110191,5.150762717759376,4.915633664501059,5.02586533927351,4.984297111914066,5.0905705993920005,5.026807586442896,5.048355083910475,5.9866376010364695,-1
321,5.178243293214684,5.135850953493975,4.902505627975491,5.0229795545172795,4.977749404831305,5.067234286075546,5.01761456457922,5.043373020266098,5.9792167417144535,-1
322,5.182701365479124,5.120129336470814,4.897329167938491,5.023700823298374,4.96762638207842,5.053569946103131,5.003845283451755,5.042392456247308,5.98749545161519,-1
323,5.186669299841709,5.111133091394687,4.909906931016222,5.0262216298961535,4.954424798502165,5.042132205580159,4.981542592376922,5.051758237508896,5.992323701048085,-1
324,5.176998565143194,5.088752434088371,4.917268687186619,5.022503471424327,4.946718326484683,5.040683167925852,4.973008631802774,5.067736108475405,5.9832005940878705,-1
325,5.170587354162292,5.072725046749842,4.918261760464865,5.026977181379936,4.929901530840177,5.034772241756169,4.968428060136609,5.076140484016997,5.989155617290952,-1
326,5.177201574039867,5.044841717548936,4.918314134332617,5.031462211861887,4.912559036886816,5.030816650546056,4.963585816119793,5.094248278605051,5.9864711514958895,-1
327,5.165668477808555,5.026148836812467,4.914731190438216,5.036324028284605,4.895988864224891,5.035312666854382,4.954553606149991,5.1041742602979205,5.993130948189628,-1
328,5.143443106438536,5.0152709236780275,4.91140520548392,5.027072474845444,4.891976329869484,5.041726900063885,4.942365654634292,5.109549472390497,5.98844219833346,-1
329,5.125973973327101,5.009754600054377,4.906426338028005,5.016395323944522,4.88019418963797,5.051801840414822,4.9344515130960955,5.104752928581647,5.983064285429982,-1
330,5.114410006453493,5.015822299526722,4.90735601686558,4.994632595904875,4.874288611038583,5.066131489877595,4.927935680677644,5.090133601909344,5.9818373828763045,-1
331,5.116882989211325,5.029731726357746,4.893132514181488,4.965819205962599,4.8638211968731495,5.072946562834645,4.933356677402918,5.073958103684237,5.989505817260286,-1
332,5.124064207549512,5.053465370463822,4.875400257633012,4.950744036709965,4.845584586857345,5.077343625433783,4.936038736556906,5.053745269934857,5.9803822048697945,-1
333,5.125350113269719,5.074480393512957,4.862505469438399,4.931932438076677,4.837443773419177,5.081625520104618,4.9403362449595525,5.04336225379718,5.994640590266878,-1
334,5.12542650115822,5.09548782014081,4.856462042820388,4.9105886574151505,4.816864963939606,5.083658643201018,4.947432100058005,5.032520032128247,5.976398934158858,-1
335,5.124578303141422,5.11864091572729,4.851346225563399,4.892150649156887,4.795292040510289,5.087078629880688,4.955825045304621,5.029352879830872,5.9813425877943525,-1
336,5.1220520904904605,5.140882519024189,4.854990485383513,4.870248085075592,4.766454994964195,5.095272732719952,4.959866966864656,5.03481798743856,5.988284527537206,-1
337,5.111211746605937,5.16311562849573,4.853170238962266,4.855605325093995,4.742749558524339,5.108922542123352,4.964100121937691,5.04560034171647,5.989352754623788,-1
338,5.094202985811569,5.173982466637581,4.8433578017632986,4.851694297716019,4.720631998682501,5.1104821919257954,4.974850953111445,5.056209618923692,5.989067734108555,-1
339,5.065825575947999,5.1930088794349185,4.837472931828006,4.858520371856304,4.711614530433174,5.121305299359049,4.97358849348293,5.065972567981586,5.993582895908142,-1
340,5.037608017644028,5.211092158986572,4.837995360175155,4.862179889428471,4.70507657662181,5.127318817107766,4.964850196652645,5.074231135813283,5.9850476115656,-1
341,5.023688184150351,5.223842585556563,4.836895104698902,4.855984018805172,4.691936888341938,5.1373750826030955,4.9585040267463905,5.082733349617559,5.993770919209263,-1
342,5.010240909667731,5.243666609831658,4.838602078029475,4.8494312136960565,4.697039791939603,5.1507851032645435,4.956925635898477,5.077160622292393,5.993598072803255,-1
343,5.005901409534103,5.256047673695457,4.84980583416918,4.844867815242988,4.715054743941225,5.149908070906538,4.952418436910685,5.06192736545319,5.9876083499620485,-1
344,5.007408202023463,5.278060291121412,4.852286351306618,4.842262519248356,4.733338958242715,5.153215068626927,4.948745680004313,5.0413112952456105,6.000251659729511,-1
345,5.001492891480838,5.29894740882458,4.858250938238043,4.839476687929156,4.750893575409013,5.149916273556893,4.943739726785723,5.020687432133495,5.989421138417297,-1
346,4.999380437547831,5.320808237514734,4.868642617336942,4.845191681491614,4.7624915431455515,5.15463426923132,4.941062057248926,5.006674209332667,5.995126532104288,-1
347,4.9909285761218,5.332822002724273,4.878189822834372,4.858249498117464,4.767884796059375,5.156003677279413,4.94537971787935,4.983563790551618,5.988980093222076,-1
348,4.982077422094302,5.3540141774341,4.8889071612284,4.872836795327789,4.780693134534997,5.158490343917073,4.942546435560624,4.969666382045309,5.991270051815687,-1
349,4.966685053507138,5.382073648346104,4.894562639557349,4.8966430789664885,4.809654463989812,5.166353889315738,4.9393288646675195,4.9600702084070205,5.990370797441548,-1
350,4.938944688250627,5.406027294426082,4.894097273917717,4.919725236072893,4.8344397891301645,5.163467760843183,4.930346818892665,4.961262624970719,6.001957539220889,-1
351,4.9133155237305735,5.4300816175292,4.888572323463551,4.9347146806512505,4.85597283119538,5.183737996249082,4.930910427948441,4.964241750157656,5.994061023985864,-1
352,4.883581793554187,5.443901059915776,4.898269096972726,4.967032739601639,4.869349327922436,5.189258572152427,4.939168494329118,4.9659954109381035,5.994551988664521,-1
353,4.860427312216792,5.447030844280629,4.893623479609565,5.004132348511498,4.892149257399178,5.192774367961933,4.942514814633525,4.9690305552443705,5.985891099840808,-1
354,4.844011945808385,5.438879050914539,4.889976199620597,5.022798043039622,4.922739989232576,5.190133369340681,4.946874167117523,4.97763020476064,5.999716947945902,-1
355,4.834054897778916,5.433517489683269,4.890585892646537,5.030993308753605,4.952691894938151,5.186841947913154,4.949695267798651,5.002522851490292,5.9927189739028615,-1
356,4.819043216396761,5.4111385174490145,4.893608246557053,5.042502760482978,4.971765077526447,5.190227749201309,4.963208331297234,5.019305901183828,5.9954954129233595,-1
357,4.8102575883472936,5.377731427148073,4.905660588109767,5.051486380944848,4.981485006558051,5.177527353765363,4.976434343311109,5.033814170706703,5.994571934534598,-1
358,4.820643683614832,5.351500274919456,4.923153195450347,5.068986604905262,4.9937521159668545,5.182731234223173,4.993992238480204,5.04994589144006,6.000223429343516,-1
359,4.8250385042274555,5.328211565937087,4.944199097843771,5.089306837367177,5.00233139722581,5.176758542545097,4.999975264123173,5.050281488368342,5.990861157240323,-1
360,4.838579805247432,5.2999809213356155,4.947759169241017,5.101883049804477,5.0191163821714015,5.176031060603744,5.006128740854596,5.049160209473437,5.993607558674334,-1
361,4.857250541677109,5.280502483984454,4.95569903978331,5.106528511652259,5.0241412720271414,5.183211094408392,5.006921778900907,5.037290651590852,6.002926064055191,-1
362,4.868826649112828,5.268471065327592,4.948246623616627,5.121750456987098,5.021319140567699,5.19147857821521,5.002191496093202,5.028104337635581,5.995228295323507,-1
363,4.870874461630741,5.249973345385073,4.941424191789515,5.1343733613214155,5.0195535936085625,5.202983575379664,4.9957095977995625,5.019772765144047,5.9996882481681615,-1
364,4.883318316090027,5.240421759483584,4.928543740139208,5.1423421463207735,5.027599942971607,5.195072815060371,4.993753300385536,5.013069978484276,6.003793496281133,-1
365,4.884421380309426,5.2375469797246375,4.920650918988812,5.149424252147546,5.034867343208508,5.189557271460059,4.985834853493622,5.003667383245227,5.9972102020606055,-1
366,4.87836770910585,5.2342252251720796,4.911469906230693,5.155553694563215,5.036485176013819,5.176224740299508,4.983641635835053,4.991553861533283,6.00132214452587,-1
367,4.878857397861083,5.228461298150583,4.896996506624937,5.161246883123687,5.048291120271596,5.157155117270024,4.986092601156897,5.000721489799771,5.9987586616335244,-1
368,4.886074392188269,5.226262807389352,4.887491183904089,5.1638967683124335,5.0659939759559425,5.1328048970746565,4.993279393675455,5.005714136654291,6.007566201063444,-1
369,4.884924862145935,5.228255588084883,4.879723345714616,5.164960352272441,5.078863536407352,5.097153040181708,5.0107678665872655,5.023447725366077,6.005970432324496,-1
370,4.900848316220022,5.231754012086244,4.885346111154461,5.164501265488706,5.099877207634512,5.051423267771504,5.024307970750785,5.037309010237366,6.011242531443023,-1
371,4.9250948891296975,5.234012969248357,4.900361464562924,5.169148015844303,5.118465427176983,5.006925827262588,5.037446303357245,5.04217341702624,6.003326687040057,-1
372,4.943926521074106,5.229146096352208,4.911931914910742,5.176183234735257,5.1268299050493304,4.982932356604241,5.043939844266075,5.051648355262474,6.01140209770387,-1
373,4.968300338929189,5.230541442349959,4.911192913053177,5.187519122404382,5.128680183733917,4.961552030207762,5.06237285913714,5.056368577882727,6.003080678001065,-1
374,4.9905324319017925,5.223301672764018,4.9052737884545765,5.19656456550867,5.140863179595737,4.927639829865425,5.0701508056314415,5.056171321376595,5.9895507806164225,-1
375,5.003854087316412,5.205799899435462,4.905641359016935,5.210475817738283,5.147528523445106,4.900383187953594,5.074465569670875,5.050233525112329,5.999249642388363,-1
376,5.006677940745694,5.1838284365402085,4.90718783341492,5.213206518467089,5.139596150300739,4.882771292422273,5.079370227592104,5.046158985922929,6.008002994784107,-1
377,5.01775557537235,5.1574848907191075,4.913314467154027,5.206430738696439,5.141182866509727,4.863848366890811,5.082369556517744,5.04452450170634,6.006592492324845,-1
378,5.015611020969447,5.131705618430027,4.9121143530590325,5.197678020498463,5.138545475598505,4.858777519763133,5.089098994784562,5.039426471098029,5.991067480331658,-1
379,5.010886652829559,5.107818711966259,4.90159942268534,5.18785661832985,5.134662734241056,4.852372656520175,5.09977889979669,5.035066025306433,6.008955605500343,-1
380,5.0058042503387785,5.084793757907435,4.898909345480292,5.170007330558358,5.139302437797161,4.843756827911318,5.114398153269449,5.026774364593898,6.000346070031445,-1
381,4.9971985667861585,5.069305713906312,4.901641018701589,5.147295272935399,5.148269447835072,4.843633633958034,5.1149773406714925,5.02511160786788,6.008114355347688,-1
382,4.988476558691303,5.056180729076792,4.908181972151386,5.127933142914963,5.146082286010257,4.85234467965858,5.111587529243005,5.033683945037893,6.014463288831201,-1
383,4.981619427627723,5.052230860222908,4.914073960164556,5.108591997618769,5.143260998043589,4.8606965275538485,5.113054950048751,5.048235110022883,6.0042886717033035,-1
384,4.969587117465552,5.054577348596199,4.915472434123412,5.1025838402991495,5.149370591545553,4.871171285137295,5.1226609694005365,5.066259954891137,5.9995502370796245,-1
385,4.947265276959457,5.057299636872108,4.919898596100359,5.110467627024072,5.146948856429259,4.8892688916714455,5.132452455823112,5.070446305338935,6.005464985759186,-1
386,4.923054744938136,5.064827829611662,4.927637869167359,5.119190024850161,5.1341054296321245,4.904260193100185,5.135242467459395,5.074811022230036,6.00872833414654,-1
387,4.905287233498311,5.070497982832151,4.933991913694615,5.141308690181826,5.123986580629713,4.927591860645439,5.132147342642294,5.090348349676027,6.002549645437841,-1
388,4.893444861184703,5.085569355965543,4.936815213074306,5.167351031070148,5.110991878138022,4.952128113990561,5.12583463406046,5.099227097186379,5.998021837399519,-1
389,4.883878180808239,5.095555456371983,4.94042005179783,5.1907985506377905,5.09899170478292,4.980538149336956,5.12055362393404,5.103892607035859,5.998658521176489,-1
390,4.877099533915584,5.1104923192047575,4.946639655538003,5.20162426618195,5.087291893668804,5.006472750650796,5.121799169042945,5.113336747499172,5.997637252497141,-1
391,4.87684963914347,5.117070964472883,4.955419563179604,5.208374929635743,5.068841185567531,5.026812422435968,5.1199099872873735,5.115921938747167,6.008010061384498,-1
392,4.880137716175338,5.121606895286755,4.961255483075105,5.220928801745005,5.048432979219245,5.0413470372599924,5.109336018512817,5.118507434567672,6.009096366153082,-1
393,4.895629379841123,5.12503790167689,4.968819120448001,5.229342963428734,5.033667641197968,5.054435930368484,5.103769541530995,5.127531079823629,6.005743112417076,-1
394,4.909029901626647,5.122851983158811,4.971999981792389,5.229998585054782,5.032025883843687,5.060759131693711,5.09276494075741,5.132986507290838,6.0117625589753825,-1
395,4.917933057381989,5.1222997204714655,4.971555932760288,5.222629210749078,5.035197270459176,5.058343775830887,5.084299232358724,5.134950607064509,6.009599886214854,-1
396,4.919213876387819,5.116588450321764,4.969948533678015,5.210682177981091,5.035493521104529,5.055377788042018,5.072522376450208,5.134686254912362,6.014704283527042,-1
397,4.926153788883438,5.112431849499801,4.973902796385961,5.2015873114039985,5.034247852648677,5.048756480464781,5.069651621905977,5.131893005543439,6.016773852040014,-1
398,4.9375532060440595,5.104508842200147,4.966396613882385,5.1961659251900105,5.036752893319191,5.038664320098721,5.066248642299032,5.114424319237662,6.004847258122161,-1
399,4.95246066883627,5.112003816694958,4.958249165380161,5.1946519477880155,5.036794777954044,5.026698523049771,5.067387384167147,5.1043383831198685,6.008282428792584,-1
400,4.970928358223819,5.121739418890549,4.955952914573373,5.179118841586039,5.036436028507878,5.022103511718752,5.05725407489976,5.100922929014683,6.006247395096838,-1
401,4.982171130619653,5.123371783310621,4.949104190668157,5.170351153917091,5.030210748138054,5.025986592095345,5.045750051803976,5.10165006594401,6.004658808790081,-1
402,5.00650991535384,5.126015336181695,4.949039447741948,5.167908693967796,5.022897673183172,5.02504699378028,5.043243642915076,5.105728938424691,6.003550769227023,-1
403,5.036987388232619,5.128329857178436,4.953315968797279,5.158391736971194,5.0058785988527505,5.023390838705316,5.043489729859205,5.106528261815606,6.007001199356597,-1
404,5.072862333570299,5.122463925721928,4.957852941145036,5.1548964464350435,4.983186216115978,5.026118245344282,5.0373076089045,5.1120064472185485,6.009857044504607,-1
405,5.095748546460486,5.11229903536834,4.963281341128244,5.160414964825207,4.967743404830546,5.0268248072711,5.021313922200436,5.122355083450975,6.012876939391633,-1
406,5.113132486324385,5.096888401292636,4.971788360968918,5.172767289861641,4.952129706574349,5.033205252242043,4.999151608000139,5.131210323480635,6.011010888522407,-1
407,5.128856817286243,5.071686873863385,4.975686793909008,5.173698829634332,4.940511081406403,5.043299134640096,4.9729225371928125,5.133779098969942,6.011268387668858,-1
408,5.141477530534435,5.0452564196946055,4.976841522634061,5.185992122367693,4.926563762803708,5.0596600586571325,4.959516105317058,5.129558159562315,6.008799051620164,-1
409,5.158771191368152,5.031534489272489,4.976223388269893,5.193005294891416,4.917800051042255,5.076151360944862,4.938389830782571,5.114502080551414,6.0105059442891156,-1
410,5.168398270241787,5.027570328024627,4.976180532319197,5.200425821949328,4.920728595696506,5.102213064924014,4.922559486603576,5.10736906225032,6.0132824110716125,-1
411,5.160418460277366,5.027614281601171,4.980995847919039,5.218952525878871,4.931295816110571,5.128088156746266,4.910844964839028,5.094066934535785,6.024416684308875,-1
412,5.151511076940887,5.036095420169453,4.991895536323315,5.235328020462373,4.9414821676163525,5.138462584881162,4.914532534630684,5.081445061642337,6.015940486877638,-1
413,5.140062896777109,5.044896294729842,5.004604792289854,5.242448716013508,4.9541955490956395,5.156573968735167,4.927260126037732,5.073797361354643,6.014783429004424,-1
414,5.124665291152359,5.065517710506603,5.025093939424912,5.239201184983878,4.963758986615227,5.175751491525947,4.93718528080661,5.069492882655176,6.014537387079017,-1
415,5.09838091525341,5.092108307525558,5.033823395894284,5.243540122670896,4.9806936094547085,5.203441897587893,4.954857165436046,5.057405209736605,6.021605161077607,-1
416,5.0805587467084905,5.108005845547414,5.0538427328779845,5.24154337672944,5.006541100288514,5.214955651931312,4.970591732925378,5.044634772852942,6.017830165555094,-1
417,5.059304390001195,5.12575509477299,5.072064739446233,5.240826805751811,5.037912732380196,5.216027346069836,4.981999513763617,5.043502520809734,6.013737748732177,-1
418,5.038066893598859,5.130674726854057,5.088487087244937,5.232485079203505,5.060684904089605,5.221155925012994,4.992970299006683,5.036514307114559,6.0169171828455505,-1
419,5.033386791149958,5.133901026651559,5.099994471623235,5.209614835434725,5.084282598135619,5.222294260163792,4.998103590176715,5.024472759411406,6.008850644193867,-1
420,5.034138636641004,5.136692338135267,5.113661334385825,5.189573620036268,5.1116524660933695,5.234961931911301,4.991228094643279,5.01441559217484,6.020110644921368,-1
421,5.043247517222514,5.140714513641856,5.123660825736801,5.181626799393277,5.126064719940832,5.237746613477322,4.978326121731982,4.998901298757844,6.010139432440987,-1
422,5.05762553264686,5.127599137146492,5.127532927612517,5.183719789878796,5.142350785267342,5.234950222188448,4.969785581182359,4.9833020743491385,6.015729357815236,-1
423,5.076746406693971,5.120518243994765,5.145127268020605,5.1820941519848995,5.153326535787807,5.22099158143479,4.955363890777991,4.9801806882072315,6.016165003843438,-1
424,5.074516078597804,5.123395415746565,5.151271785223766,5.182713046051698,5.147646566515747,5.205885224649855,4.937383269299718,4.973121239725911,6.015342564818435,-1
425,5.070458332616802,5.121484473130036,5.16057260977148,5.186634283582001,5.144050182270776,5.192710590735425,4.935687941378137,4.964496267565273,6.023768308315854,-1
426,5.058730144119494,5.116721251425568,5.171272979764414,5.201126662286285,5.140151982418251,5.1770298265848815,4.931180333977172,4.953492109249694,6.0171082953457775,-1
427,5.033369042772255,5.108979975142507,5.1848857850752195,5.21414144995281,5.123784108533178,5.1733665746687185,4.920766400242324,4.951276879684936,6.0067206557150055,-1
428,5.011565153914293,5.108146367124702,5.188054071037855,5.2266491967919375,5.106912003642757,5.168645301282811,4.911748151409997,4.946328999390506,6.023277050369223,-1
429,4.989581477707407,5.110739269084936,5.196849383518664,5.226981134947669,5.096357729105975,5.17207903604737,4.903049840788584,4.938344157307078,6.012359494527373,-1
430,4.975088807356544,5.127124324554025,5.209678250988644,5.218513673716397,5.092288188571011,5.184404806212499,4.899581275036773,4.93508787730919,6.016688192423054,-1
431,4.965338729915841,5.129352402751992,5.2153680730449725,5.215395677102007,5.08628970629683,5.2040393002892715,4.9000087164347175,4.9350312678330015,6.012898509903798,-1
432,4.973947205682399,5.142455505979014,5.220663075061473,5.204168612814446,5.084417863556633,5.2314499887363874,4.905403915585556,4.9407733582621765,6.01899131819125,-1
433,4.986050332229617,5.150483602443744,5.220778193607387,5.191301797500493,5.076257766539922,5.260473750162295,4.902921281587153,4.949559689650849,6.013292070149632,-1
434,4.998846497955893,5.167336200510339,5.214197331745039,5.177806197061427,5.056952168183106,5.290254914075486,4.8987872025981964,4.967750107325255,6.014934624532404,-1
435,5.01154536967206,5.185563342083033,5.192184715666189,5.165780009553292,5.053386660663005,5.315257866417644,4.905295971112414,4.984690606731097,6.01312245103162,-1
436,5.011392381206907,5.20112995958759,5.185348246118891,5.154529941657219,5.058527356191311,5.34197172295635,4.915683908435511,4.999771724003312,6.013665760124327,-1
437,5.0184701057120416,5.210280092512422,5.167862336409148,5.1491212757391,5.060576443211255,5.3566767262691215,4.931023240706006,5.016517381165254,6.018803561614775,-1
438,5.021078966103766,5.220623139269327,5.143077399323779,5.144993493277827,5.053633287474891,5.371651229785279,4.951771441467883,5.03042084533089,6.021067671997338,-1
439,5.014478890002154,5.225540198466845,5.112218142788842,5.142405818716039,5.052994764345915,5.382790051668503,4.965203834635693,5.032130042654103,6.009676985861024,-1
440,5.003740036311663,5.225527049472456,5.083207093450668,5.148760572329441,5.055992154897876,5.391668490161802,4.972420448763435,5.027062315066443,6.022383891472275,-1
441,4.99355988086159,5.234820473335916,5.058883143665631,5.15558709890869,5.05532479643041,5.40226376455207,4.986326857750503,5.0189946171882,6.014914760514625,-1
442,4.9929584958264925,5.237256159303333,5.053809544119897,5.160115682722829,5.060723075048652,5.4050011031412115,4.998890813952112,5.008376822268648,6.015498157152083,-1
443,4.99524291074481,5.232326328679761,5.056990832228308,5.163636070295953,5.058412318345434,5.406640197737504,5.008372771503178,4.994594005298138,6.007096686145955,-1
444,4.997169091655995,5.221710477344402,5.0532697088415786,5.157598148561749,5.052241283355162,5.389569908651173,5.021534933858121,4.9860076277145335,6.01497371591278,-1
445,5.001741193177637,5.211014946270158,5.047580641152206,5.1479284278172734,5.047659212738363,5.382918833074774,5.022783843560839,4.985981524507225,6.013578983328924,-1
446,5.000864672746692,5.198323323119665,5.048854261192408,5.142909040477397,5.039559210417163,5.368511759045695,5.025014399841234,4.9866391734081645,6.022072441024675,-1
447,5.022803251183705,5.1959629244545145,5.058581533599806,5.137538272387943,5.026192784008283,5.347891685194275,5.027759544672726,4.996807579918786,6.012506650608548,-1
448,5.039812562027935,5.19058918701953,5.088359052544019,5.128789804695506,5.022139409212613,5.321406213449924,5.02766255327833,5.014891658993436,6.026539086060387,-1
449,5.060237899558726,5.177802101622166,5.111800998903033,5.111225438333055,5.022928015758024,5.289427976018956,5.014579580130281,5.032079308596619,6.023039129497662,-1
450,5.06962287997756,5.172342721206406,5.1199896594323056,5.095926377296081,5.019686549821699,5.261725699198082,4.998960961410846,5.0410580669439815,6.019815337039163,-1
451,5.091787101262652,5.17379025034108,5.1313490502664445,5.084627997175966,5.0151647265481625,5.226641873632746,4.980316201171439,5.053702303431917,6.018694535919071,-1
452,5.115743257638351,5.174950623912972,5.146508483023123,5.0834068395523655,5.007691128404808,5.207889570694975,4.954393214766477,5.057971539393769,6.025846069077722,-1
453,5.122983547867236,5.175118512265124,5.168559949847541,5.082918491379523,4.987052628255877,5.180036438799866,4.9438764469053,5.057949187367348,6.028677826996396,-1
454,5.136557020466057,5.175261695987462,5.184643273924132,5.079567045272786,4.968325267893725,5.163191739885555,4.926698817089278,5.064923227817781,6.0203223447701255,-1
455,5.129540150396131,5.178609739556079,5.19953283524625,5.061486068166997,4.951328353703388,5.15684499552582,4.920017029710303,5.076648396758323,6.022615627942624,-1
456,5.131781598162557,5.177504550562845,5.193270837767322,5.049788766353465,4.936735200743482,5.150659801301177,4.9143413690684845,5.08605514284841,6.021736793432093,-1
457,5.123975502835929,5.181881740490701,5.195821976934807,5.0405669750470015,4.9258442352152505,5.1593980186002,4.917871286559216,5.089474282616528,6.013089958525119,-1
458,5.127628192042312,5.1879149928739565,5.195131830358448,5.029072830441438,4.921874196277935,5.169762207495265,4.925718739486256,5.095878182854763,6.020469124589,-1
459,5.129906304382695,5.2001461336135755,5.199352404974146,5.020094861255032,4.915994935678712,5.180287230851037,4.93765134439032,5.1027155728166536,6.016138169034109,-1
460,5.1226734460065995,5.204939724564353,5.189991229870588,5.0128155716785745,4.927271074432121,5.187164208201548,4.955645148172863,5.117379067742262,6.013264824055475,-1
461,5.128512434940389,5.2152328476987355,5.176553143541428,5.002878834312684,4.945176183038632,5.198151552537457,4.9718952812596955,5.126902923282607,6.024028353333201,-1
462,5.126458745094403,5.220724772452591,5.169745426069466,4.9858769322025625,4.967457640740355,5.200869477505841,4.985467927081628,5.122266159169495,6.0247814789983725,-1
463,5.122023358687742,5.225211726490567,5.166635179473793,4.983221870514813,4.9907309744848565,5.203616487795319,4.996438849613282,5.106418324851102,6.014120080819994,-1
464,5.113738792856967,5.234155125367681,5.168886478133603,4.976025233969735,5.005352584907824,5.208887467818385,5.0086266670683415,5.098540201430177,6.023239267670179,-1
465,5.1011152660423065,5.2365393697389715,5.172080502746654,4.975296066178295,5.016600144844004,5.196476123673716,5.018101932966635,5.098594835028644,6.018683409518416,-1
466,5.09247817766492,5.232703492424615,5.185951115202419,4.975841626675403,5.0242609839271495,5.181140479444218,5.036847740678502,5.09661595547788,6.02058610943884,-1
467,5.074091073120814,5.22836603279267,5.194909470934852,4.977743510393371,5.031725820662793,5.163565647830477,5.0523334444320565,5.096929544497346,6.030971818632406,-1
468,5.057521426807499,5.237927909876719,5.207204249247554,4.979765966802255,5.017141317303732,5.150309846246589,5.072137580033834,5.098823908382144,6.020809878195385,-1
469,5.022029768415469,5.238995111313195,5.221196368854629,4.9830746036255364,4.999529871528105,5.135226629364214,5.089545978637092,5.097906150316162,6.025166411753211,-1
470,4.99390669780322,5.234559307685072,5.225421174493779,4.996990347839975,4.982184781183667,5.123773101665036,5.108057137339425,5.109524955096398,6.010458498494807,-1
471,4.970648650867227,5.232164894545085,5.224931239180043,5.017439462873326,4.965113982522493,5.107262283454071,5.12176864270864,5.116424412486684,6.025118720524406,-1
472,4.954979473878029,5.228458007679805,5.222870644442867,5.0239817370815505,4.948154817156238,5.10016810133552,5.130492015312488,5.112567289717658,6.018987749924861,-1
473,4.943907349218765,5.2278879163622545,5.217190534149234,5.032839096147988,4.921509128318682,5.101915357019039,5.13948560364869,5.100105810895698,6.019893309807339,-1
474,4.918116211197909,5.2294788665068195,5.205823020617094,5.043965854795903,4.894288892843283,5.105150519919162,5.141822827236116,5.087049885852122,6.024323558732978,-1
475,4.901992943331,5.230711957141353,5.19449860624884,5.055616990088561,4.8714970444342525,5.113246326454969,5.141969179402395,5.070413724891628,6.026042956720265,-1
476,4.899686498796884,5.228140380304998,5.185647303189823,5.06012883504132,4.86127945567721,5.123062534710939,5.134179094018559,5.053219249941172,6.027506551217855,-1
477,4.90423822933584,5.230596061128715,5.1745701522434455,5.0681267290731995,4.849751545537817,5.127639876188937,5.116534596598877,5.0431523618280085,6.0311193830756595,-1
478,4.901288535494837,5.243828514098216,5.1687708431934265,5.0709983373615035,4.830588734331864,5.134343895428143,5.094425994059238,5.032352020815556,6.030549392734776,-1
479,4.893793243171228,5.25596216362789,5.170675834565942,5.077948253476266,4.813771651762191,5.146346929738138,5.071807274089476,5.035819404031606,6.023548173989271,-1
480,4.882501872333037,5.262922535601978,5.168050902932017,5.100696024912225,4.805020336762461,5.155936539280527,5.050696018016232,5.034813484217977,6.020000476346644,-1
481,4.873108634933142,5.274928621007784,5.174329575820428,5.11533063476664,4.799769558160747,5.161945620728485,5.03292285051964,5.042172173508986,6.024446045027531,-1
482,4.867954985031547,5.285277240915239,5.188395436019716,5.12802324110653,4.7931168553362005,5.179284881119229,5.010995608900207,5.056333908476837,6.019816634518805,-1
483,4.847058047974832,5.286571961658377,5.197226511296012,5.134719365612043,4.78773962904336,5.193799911685438,4.9886653061989135,5.073736840826779,6.026037225471612,-1
484,4.813784345109706,5.2843981563123545,5.2085472987822765,5.142536834903494,4.781939629064993,5.203374155264153,4.982720605286751,5.084904055215398,6.04178196613209,-1
485,4.7878028682054605,5.274940335263393,5.223678330013673,5.1426941051641455,4.7876739499542476,5.222134217551067,4.978102621534651,5.097983865063446,6.031192134196333,-1
486,4.773193998247088,5.261172125694191,5.234405928983732,5.144144755248778,4.801176860309921,5.237972955694139,4.984615091339336,5.1000197003921555,6.025564786616276,-1
487,4.76851529437951,5.2518599204145975,5.24111474474136,5.128679330460805,4.81438805097631,5.246914583852218,4.988475917476101,5.093556219701708,6.022984825577121,-1
488,4.759855239920855,5.259451806074151,5.260533855744163,5.124711014552327,4.821822631221162,5.251502802988758,5.003778438621804,5.086143530509765,6.028945730385962,-1
489,4.751200118128911,5.258518866448721,5.26979966991059,5.133488686040972,4.837779117743641,5.257199141117982,5.011705804655695,5.07586143732029,6.018482216742929,-1
490,4.7502766503677245,5.2583439215067465,5.275482860263951,5.141439511369875,4.856453125065042,5.250623193487826,5.029896739682229,5.05981325619217,6.018756432669242,-1
491,4.758146006698988,5.251008636351406,5.2811469511826346,5.156342553933186,4.862594121015697,5.2484591631946955,5.050963463868744,5.043600652528281,6.022436211931785,-1
492,4.769979184925216,5.235734337284947,5.2827805015233045,5.167888619932859,4.869181930984437,5.244215607030835,5.055131240521126,5.029270628068053,6.030109977578574,-1
493,4.77734792104169,5.233946390135374,5.288003469860622,5.174977884786652,4.8762631682813815,5.242039811928508,5.06292618814194,5.0076176035260875,6.021695551164541,-1
494,4.787858307379678,5.235209063622521,5.2962864795650075,5.183532584712507,4.8848381304112385,5.246166377591466,5.070468337043039,5.00183975419173,6.031096214046302,-1
495,4.795767293344761,5.230771959764791,5.294142537679856,5.196569046966554,4.890950179711704,5.262535411269568,5.090312244677676,5.001788853881618,6.023345347290224,-1
496,4.806246563809653,5.216764434253824,5.281916362449024,5.2026511271448,4.903779636624055,5.283925622978617,5.102343458501652,5.016536066233911,6.026358934560952,-1
497,4.819097806202162,5.207356807417828,5.264873408103957,5.208539426885615,4.908218801867693,5.304366673571951,5.118464006736568,5.038406502132485,6.0271706433689625,-1
498,4.828611614535551,5.197305682620382,5.238865239575344,5.204332227974794,4.918873861559845,5.328784010279603,5.124091709340689,5.058949986938246,6.030721779693925,-1
499,4.836479016002244,5.195348543039254,5.230145087086939,5.190664926447441,4.948228018065856,5.357503798764311,5.129427145511712,5.080747775016476,6.028088166618612,-1
500,4.851063399297037,5.1954583703496695,5.2165344014218915,5.184463785412195,4.982380343199379,5.382787805464277,5.128420597509723,5.102968751580584,6.019908531998683,-1
501,4.876812893229348,5.187396338024642,5.1925542203903365,5.1928273846085515,5.003620231913402,5.399122493623864,5.12747415005904,5.136570493976852,6.034857947075151,-1
502,4.900155580484368,5.173281886267642,5.1687059682500385,5.201907671933324,5.023307108378316,5.406357511587923,5.11500645237546,5.162421987378717,6.0284472885920755,-1
503,4.920692836373763,5.154974005293038,5.15682856405466,5.215868347219496,5.041882866678504,5.401118630171287,5.09615879229171,5.190440382810732,6.02996468957218,-1
504,4.9382575208369435,5.136639095010037,5.1389591421923395,5.22594910728929,5.056444956203558,5.398931310685509,5.074651635552552,5.205665875928758,6.027385881720095,-1
505,4.967134916689099,5.130458153624051,5.127186455843372,5.220651791283232,5.067322470044188,5.391823387712755,5.051919211587624,5.204163375277289,6.026704328669828,-1
506,4.987421925200657,5.122359142129492,5.1167100690299945,5.224787362581269,5.080561970370022,5.378956536865915,5.03720996091926,5.195669877707993,6.04027382296281,-1
507,5.004587109690701,5.120161366471304,5.096694691447893,5.234867513384349,5.080573452218486,5.3672703978911525,5.021922993205449,5.18389834877207,6.033929094998326,-1
508,5.005326461386399,5.128733448002936,5.0828545230994795,5.243878032479292,5.072219231654096,5.366396301018569,5.015131816652431,5.175987215316256,6.029823393946973,-1
509,5.005638790663481,5.141756183735986,5.072600675069666,5.2563365319310345,5.070981141650922,5.370876926914068,5.00593476920016,5.158903903735009,6.032444158906392,-1
510,5.003735378765456,5.152372373269776,5.0673262709622415,5.26500775515517,5.069431785138907,5.37099704606472,5.003127571136579,5.140176471791806,6.034317592371256,-1
511,4.999753119873114,5.157960146751134,5.05848028515143,5.273807896666445,5.065925510582087,5.374089612942863,4.996573517834865,5.116454741683225,6.034721483891218,-1
512,5.001447273738248,5.168628792555983,5.05803890461122,5.283160690095649,5.059938453450859,5.367846249642765,5.000243942080073,5.098090484553242,6.019311586125989,-1
513,4.987697001899338,5.175975989604196,5.0685095173153565,5.291400169245706,5.057549928772967,5.3615623150284755,5.005118484234992,5.094498422889635,6.036396358477496,-1
514,4.980654686763183,5.186899702281273,5.091523545515276,5.29532768885579,5.047114181901993,5.351507982038328,5.007957014101052,5.100096426217173,6.0349493770946605,-1
515,4.985505243758024,5.195658438503093,5.108879873566898,5.2979440854874795,5.0382399636080395,5.3316940177731995,5.016583191774399,5.103528109278451,6.031981326669164,-1
516,5.000742359465164,5.198971150375989,5.131269570944911,5.302884636643702,5.03848551332487,5.30491645004577,5.035265004820614,5.112309210769426,6.03430579529709,-1
517,5.00494414134751,5.201344784546473,5.156634245263765,5.304522023256344,5.0495084197737246,5.269047583044682,5.052080647367152,5.121495608317254,6.033188378298805,-1
518,5.002490844444169,5.2127371549306485,5.184226632660602,5.309627958824714,5.055027656873629,5.243877312718674,5.062050648802464,5.1235344455938865,6.035891080534236,-1
519,5.004508172137145,5.23397280463654,5.216947453745963,5.311042003055683,5.057835699899251,5.2299077322528325,5.069080103736516,5.124541691802786,6.0247423961689295,-1
520,4.999888802768751,5.250653017560454,5.253554091145923,5.306182590368509,5.058831584922993,5.220017819651977,5.056258379010797,5.134421343601251,6.0361758551256255,-1
521,4.997410454462956,5.255504484334908,5.27792102475867,5.302791347091149,5.059211971312221,5.212214510663479,5.035977797422087,5.14309752276043,6.022691539065701,-1
522,4.994421835424245,5.262928789892587,5.292292782413226,5.305218072346734,5.068231142229662,5.22419972067258,5.003281341134199,5.149510306332613,6.030353356492079,-1
523,4.98602711753738,5.266472192884673,5.312356538014821,5.304580745657677,5.07631763312417,5.238713401792092,4.961597837577435,5.164230476783973,6.03383028995128,-1
524,4.982259219062787,5.275221838834022,5.3344558580379555,5.295825174732293,5.074931613386779,5.2555464783272114,4.9113906118375805,5.177119591913341,6.038672775377124,-1
525,4.988037557653209,5.284346019211987,5.347492347014279,5.2758549445744425,5.073010767278006,5.27495399662167,4.870918831082971,5.192105477079476,6.03005190361666,-1
526,4.992077516246489,5.294588773743456,5.3547139452876955,5.25616154907113,5.082741613305425,5.288970283666475,4.838638060487007,5.212175247055522,6.033683871142158,-1
527,4.99871515425687,5.289911533287287,5.355782794469661,5.234190648695141,5.101902120709074,5.2874094978818835,4.805283448578301,5.226070480525884,6.031444911523585,-1
528,5.015473964641526,5.288471124122015,5.354005352385894,5.214505727418037,5.126074487697258,5.29223186558942,4.78986007807716,5.229393700749374,6.024178612932246,-1
529,5.0200716994921,5.288609098961203,5.361957279484487,5.1908424920675955,5.153356646410927,5.300522745258236,4.776520736026519,5.239785908462629,6.0217131399573125,-1
530,5.023476221263516,5.285150511483742,5.369938380876344,5.152909611213969,5.17412676084662,5.295369656134858,4.779373483360986,5.243878947045708,6.038110387336935,-1
531,5.018824110485844,5.286066408389246,5.371619115281036,5.108969962126345,5.20159610548751,5.285311712986582,4.796753068435287,5.250915963499788,6.037395675922461,-1
532,5.013824764411272,5.290692120122026,5.3805289578986715,5.067672628361295,5.221887920656989,5.269881101832144,4.819494642289858,5.252972843484006,6.039193864771451,-1
533,5.009472048797328,5.288244541958326,5.391771119641709,5.037019870843277,5.237780921804127,5.263669364516702,4.838699072868507,5.24905807296323,6.031704153397464,-1
534,5.013095493924568,5.273552003677789,5.409681015713794,4.99945572360731,5.2583659681595085,5.2511706925689925,4.860221940730483,5.24298703892495,6.027689942949067,-1
535,5.011642921503284,5.280434745177298,5.424249339254673,4.970289410990898,5.270727712745507,5.238866922856387,4.886104877105849,5.244553699733732,6.032304672686035,-1
536,5.007845868953796,5.280133095146826,5.436338477469445,4.936126785095371,5.267905460358746,5.216123001299517,4.909378741667307,5.25413094909648,6.043082588378112,-1
537,5.017063522467707,5.285986116534799,5.4407204928416695,4.898483976396848,5.270936338387719,5.196513260663602,4.924923308401576,5.25093741877883,6.041495057503059,-1
538,5.024442744238051,5.289511409818199,5.459689372555223,4.867129819287351,5.275849328339194,5.177488782912398,4.9426393089892455,5.257702645768882,6.040698452064532,-1
539,5.029023227469998,5.290489562605879,5.485215652175068,4.847441339966047,5.2811811152679295,5.158807122686225,4.961028012976048,5.250269926559349,6.032451358960799,-1
540,5.03023719112425,5.289738605902177,5.48508018123906,4.824834554141383,5.29688473209914,5.146507088529432,4.9772924779015,5.240619872650919,6.033390392625214,-1
541,5.021219782568307,5.295954995200224,5.481674812090028,4.804378950815563,5.306224950781871,5.126659105761705,4.995008197825267,5.240240141464154,6.030090881996372,-1
542,5.003229655996802,5.31236990128844,5.4654812701906135,4.782598147978916,5.305369330322028,5.108079696345972,5.007131219146242,5.252427845774139,6.024245355795913,-1
543,4.987885501852378,5.312575042045822,5.448575551394702,4.75902410179308,5.308642374211392,5.090020194217207,5.011598104810707,5.265441782845628,6.031329288935962,-1
544,4.965201888421217,5.300297921497334,5.43109665896372,4.742994451699458,5.3207525114043825,5.06975993765686,5.011175358750904,5.271400304002867,6.035938757365074,-1
545,4.952230546568311,5.2857118706904425,5.405555938195556,4.745136579692297,5.3247172888891265,5.045935454836454,5.028834684241101,5.2834932515570525,6.037158032531745,-1
546,4.940505059106309,5.27037099925815,5.363267628573136,4.762259145768337,5.318370493822586,5.0262281343232615,5.038994779938278,5.282965128255567,6.034916447534711,-1
547,4.93167605951885,5.25840185064686,5.315198390164301,4.782567584267592,5.304180563428026,5.016343497964501,5.0379298484481305,5.278420632698663,6.029367281787672,-1
548,4.9201922439521875,5.245666101596501,5.277780447184213,4.812157026438928,5.279534132250184,5.001640516929729,5.025449353282574,5.268702536595319,6.040689136636344,-1
549,4.907485496934241,5.233815415090525,5.242840283952706,4.839419926046504,5.254922349833687,4.994549214406719,5.013850924552043,5.249664786869461,6.039347724533585,-1
550,4.8993687847072955,5.218469922934962,5.2070050216138775,4.871407590302332,5.233030749457126,4.992652629262709,5.007772430610176,5.2214590964516505,6.021732589229417,-1
551,4.89263168798507,5.211145374952899,5.173147183461908,4.896652777243792,5.212463850413712,4.996816103905392,5.0047555516835525,5.190050949929355,6.033142242860699,-1
552,4.879396901262924,5.218274000466374,5.141880689721136,4.925535418226743,5.183158869587132,5.004815339228258,5.007733044982494,5.159703791730668,6.035887669856707,-1
553,4.857675553543594,5.220882125326484,5.12616219637044,4.949682492961413,5.157394184307362,5.008915580059558,4.991177769629775,5.123366175050071,6.0294343332661855,-1
554,4.838907881433729,5.2254326546117404,5.099689830867493,4.9662740790369835,5.141740072447189,5.0073082222078655,4.975068203945178,5.095414128767941,6.033304959556841,-1
555,4.8245794965092825,5.225075011346031,5.077959293736745,4.982989483811466,5.1335845156681845,5.00848736502738,4.964170808045862,5.0832084222914515,6.0355284061887975,-1
556,4.817682916141295,5.210442555291262,5.059007047740362,4.99476240853321,5.131681837078924,5.011396036164992,4.95421037684851,5.071030874959432,6.0268638733471365,-1
557,4.819688295833618,5.189610965049635,5.045057093357016,5.005830937805869,5.133139381007258,5.011040940528829,4.9510168324117245,5.060190142872573,6.04084070185958,-1
558,4.816474375719182,5.161127803465208,5.036744483090997,5.004663405273678,5.131616019880469,5.005050463727297,4.9477615232652905,5.053744177319065,6.03700090276737,-1
559,4.804772987494645,5.135100933174587,5.026261077200337,5.006856143727689,5.121741611664793,5.002410440866508,4.950578682024556,5.051049273806739,6.0316873018545,-1
560,4.795182032872015,5.112365905616362,5.010688804417555,5.004102035451919,5.118736562701421,4.998565512601508,4.9565976691955616,5.059291888108064,6.021804911988722,-1
561,4.790361732496042,5.092260195797947,4.982964924723892,4.987749922119574,5.110288303468111,4.991792686412527,4.978641233847968,5.071963722037268,6.04128438620508,-1
562,4.783020063471611,5.0774274920134355,4.974917701014602,4.980294266851866,5.095515524165229,4.994456364261362,4.996914469209651,5.089726001930629,6.029285110725056,-1
563,4.778805588653384,5.071709340123715,4.964853317861459,4.974745709349042,5.083824995813086,4.994945467164555,5.0113371315799755,5.104047321686425,6.02042615798075,-1
564,4.76774712593879,5.073260467683486,4.95056363112608,4.968370106130062,5.071563045882002,5.005494278136387,5.032177004798862,5.122037614081611,6.0338216821608786,-1
565,4.7583747163494605,5.080564574887256,4.9355444764714145,4.9589711034175705,5.051022698880779,5.010424507388861,5.040263860953285,5.149387970609874,6.043845883206352,-1
566,4.744253025391996,5.0983207829329595,4.9179343654921635,4.96628383317787,5.033184576539778,5.0167980044494485,5.04647543780725,5.171099661640202,6.0287966886113935,-1
567,4.743851749313369,5.116949068894425,4.9121542152186075,4.981116631992931,5.012060527607277,5.018756622965167,5.04545802292226,5.188184920043049,6.041838957470625,-1
568,4.751503642670365,5.137542744838839,4.914349463580852,4.992924359487134,5.0043734268386455,5.026771751581782,5.039231709477741,5.188182686706346,6.034814214402968,-1
569,4.758283668076068,5.154545950979861,4.919038557837206,5.017206994790888,5.005140819366504,5.048544251261134,5.032539319566467,5.191461022012245,6.037961953030436,-1
570,4.758354516376965,5.1636413952328155,4.91539450041351,5.0316027345971515,5.013069883667184,5.067651916025441,5.0294576441643715,5.191068235587552,6.040499768579938,-1
571,4.749725176884536,5.165640603107752,4.912371043347207,5.0433190532985535,5.010300078663021,5.088809022232469,5.026985211474386,5.194377625506154,6.042420424421919,-1
572,4.7456176378558075,5.167347739036923,4.91609443061533,5.054655894801031,5.00056548805269,5.098389051004719,5.029067581590257,5.198148465107053,6.036372589341382,-1
573,4.740773382797101,5.169730281277258,4.915643086879941,5.060391056444098,4.998826594415804,5.101932780544932,5.031441044745769,5.191233838287427,6.0323204883980495,-1
574,4.740584514607163,5.169796837102999,4.930691795400269,5.058267723303606,5.000735044560018,5.11599338995798,5.028102120968242,5.188310580472975,6.037962548547049,-1
575,4.7364996489766655,5.17122799000142,4.940464081428745,5.043017086072457,5.011763176476507,5.12336618018905,5.030623938786802,5.18301056752689,6.0452276701539125,-1
576,4.733579374905869,5.156348333521805,4.950039016561934,5.026580427381184,5.005332054589573,5.120825779017647,5.036815128456331,5.180372386274085,6.030148303970122,-1
577,4.7323801362696924,5.145142561453365,4.960757657282469,5.007755188224095,4.987101267039046,5.113938034415792,5.040840202366246,5.174296819195731,6.0386071412367865,-1
578,4.741389703477401,5.133049362680467,4.982537885510181,4.981396479514402,4.9651342988379215,5.107253786333777,5.042400870783798,5.1679701038086465,6.040205974942188,-1
579,4.757325770245144,5.118765305576019,5.010110623437154,4.950770680551449,4.945734258490481,5.087307742228743,5.04044713930651,5.157116327102111,6.031028144191107,-1
580,4.763365303060286,5.105737160566645,5.041821381873554,4.929589878160252,4.933358691944887,5.071686029429688,5.045100467965639,5.141645862845904,6.035154253287002,-1
581,4.770231324426291,5.095018095187988,5.06956491336385,4.9226894398172725,4.9246634937790486,5.062244867285825,5.048109256981974,5.137916757336346,6.039334623386193,-1
582,4.779827735570042,5.089998496723926,5.090471230624999,4.922361404177434,4.915533556317243,5.049344095402662,5.055258260316702,5.130098581195043,6.045394943872413,-1
583,4.796998687661244,5.077268887235323,5.112894603361021,4.92700881768984,4.913368713379478,5.044582466734059,5.062383535244677,5.124982089458735,6.0285858270381025,-1
584,4.816445815871237,5.083056579417135,5.131621070499192,4.946637442518161,4.9188155835617895,5.053838753538749,5.076986818059858,5.1299481594812955,6.032467518739679,-1
585,4.829416615774747,5.091630079195194,5.148638548552877,4.962649571308695,4.936183114327476,5.055983499618515,5.100873299801793,5.132834015528238,6.03812108546741,-1
586,4.8465305003292025,5.11073086887218,5.149691641823335,4.979617441359601,4.954664344729798,5.050095780804304,5.125611434842515,5.136353923723387,6.034912889351327,-1
587,4.866100093273792,5.126138980666851,5.15157584339261,5.000870800267515,4.966978190863625,5.052768414260274,5.144213599134432,5.134150349583689,6.040479959557492,-1
588,4.8953442626996075,5.137499182166149,5.1477506655950265,5.011241824607968,4.980859826523756,5.058430521644605,5.1447034680074015,5.1337587634344155,6.027504454244456,-1
589,4.921738693384334,5.142566255278944,5.1551756859238,5.005546916020095,4.990533959248525,5.069440634361644,5.149984437794252,5.125813559482806,6.037733453996074,-1
590,4.946353107618778,5.148877102723774,5.160117512905721,4.997912138574482,4.985681844988432,5.073616878403777,5.160309999261996,5.121178301177932,6.0356457612139245,-1
591,4.947224441374113,5.158648370407338,5.16961581127856,4.983778163892058,4.97798729698649,5.074300235310083,5.170553622990697,5.109289095696214,6.043956909268919,-1
592,4.934102514532318,5.161026428290109,5.1812366598726864,4.949456883339227,4.966331477965177,5.071070957281039,5.17159128250725,5.094767380315982,6.0361149956937705,-1
593,4.920145713253484,5.160141400700363,5.196676216720338,4.9248097484483235,4.954637836635966,5.067759066398849,5.153824875259515,5.082551799795717,6.031766781114363,-1
594,4.899170974848412,5.143670349128352,5.214207276875605,4.908636020023618,4.94238304178004,5.060713750471672,5.139013907531016,5.0785467517965435,6.03194559425751,-1
595,4.876417288400647,5.129269948993157,5.2283211120676185,4.886949260035671,4.933299519714298,5.046195846364624,5.137400807474281,5.074588927996496,6.033434928993681,-1
596,4.858063874012887,5.118148012950821,5.235557398610648,4.867850506397392,4.915540797869938,5.025273287317839,5.141588618717185,5.077605414808511,6.04016609875121,-1
597,4.8376915333907435,5.112306084830606,5.23962889738288,4.862145934208684,4.906577026185321,4.994798095486429,5.140626119149508,5.08490545520227,6.033751588761092,-1
598,4.831171613401841,5.106065028779317,5.249469857393533,4.862163283152197,4.904986491175083,4.963216550444116,5.134692795065832,5.089754937231715,6.030826429443179,-1
599,4.842381305641673,5.102584192162768,5.252229237037471,4.865751178767606,4.903569501266092,4.932340623988736,5.121286680611512,5.09915434860662,6.036686449042869,-1
600,4.860785491168785,5.092927965423424,5.255039400955321,4.879336284839549,4.913222170126058,4.90144915536533,5.111692685211159,5.106881796943282,6.038669990292963,-1
601,4.874830327443815,5.090090397230874,5.2539322317976875,4.889810017204492,4.925624858417159,4.881167759659342,5.115354854292407,5.112680015583769,6.040845706596252,-1
602,4.88680886025471,5.095175685006139,5.259352978454631,4.892015119618849,4.944251234313716,4.861065472276561,5.112565496761721,5.112631477223194,6.0416410839749854,-1
603,4.902705199866378,5.0993415795351655,5.258841312474621,4.905582423072361,4.952719180953681,4.849954589252135,5.104917348728391,5.114822759881481,6.042237235642676,-1
604,4.915370338910112,5.104858296154649,5.277795999833593,4.911884545344015,4.97572424577916,4.833911069228053,5.103313290322489,5.115672001235242,6.0417740204751365,-1
605,4.93404846958639,5.107118362484436,5.294032317759832,4.913738338975267,4.997065967132056,4.838247526321087,5.104239788251501,5.111405170984313,6.036773297050028,-1
606,4.947340562713243,5.100670367796411,5.308375088362835,4.911661059543483,5.027824688363224,4.855838456257148,5.1040637368804544,5.10510520963022,6.047946561372159,-1
607,4.958557036685117,5.086808513822174,5.31937961065321,4.91015274602187,5.0586488422537865,4.8729226133328325,5.111119159407729,5.097250770951014,6.034618016390287,-1
608,4.964828973120867,5.080543243395395,5.326517243248988,4.909288550078276,5.078913094927519,4.883858382876815,5.105984535230976,5.088590335281159,6.040814027769947,-1
609,4.972434282427743,5.068266582339559,5.336705647892328,4.917146452316448,5.100708977247092,4.886204934595227,5.0989430107644615,5.0781604590492915,6.038710581424313,-1
610,4.977431185499155,5.04195606830233,5.3436554280743485,4.930845013620051,5.1112668367964575,4.897308586290262,5.093280339493657,5.066451452604603,6.038175638105474,-1
611,4.982033172880908,5.018528971761607,5.352982483936822,4.935434061901428,5.136735874109791,4.903769312603211,5.091538255310993,5.049576773581771,6.042542065635351,-1
612,4.991698925690511,5.003949926739968,5.350062229744662,4.948799842245087,5.1541403934125505,4.913688332514992,5.085207001181446,5.034840977544983,6.034678313111616,-1
613,4.990828646418526,4.995427064852735,5.348656785352947,4.95087096120833,5.162369324838464,4.921383737283518,5.077738243658647,5.01672548464134,6.049620831059307,-1
614,4.9863069480835165,4.987082503397181,5.340154927540604,4.960060079169421,5.154632755195512,4.924694978687588,5.072001225206502,5.007522952930635,6.042162730723394,-1
615,4.972894030748352,4.982930751265091,5.343645732123172,4.971354203496634,5.144842336536539,4.93285617394362,5.067275933714528,5.002433211296537,6.025824026651388,-1
616,4.9697151595614315,4.97803080685729,5.3557033416017115,4.9845456523834395,5.135388600225544,4.9449198835337835,5.069192453262724,4.996073094612855,6.038736384418048,-1
617,4.973074472644098,4.9706561244654255,5.370821492880975,4.980827548107338,5.117781066741025,4.962885899485879,5.07224128311322,5.005857971178107,6.043431827639411,-1
618,4.986842126284621,4.981145382412646,5.389398299301136,4.974136076659148,5.098653864796131,4.969873947815189,5.069239798356214,5.0150499993239235,6.042217806549879,-1
619,4.997126853382265,4.9949894544264355,5.412559633711106,4.977380042460378,5.0858579198025735,4.974813494883832,5.057803952710138,5.0348323674129825,6.037407361529586,-1
620,4.998109183443697,5.010125824200909,5.430560684949148,4.979695684263542,5.077645678204778,4.980370417963174,5.0480442514544155,5.04228297950138,6.040739296399708,-1
621,5.005699446780987,5.020371611895435,5.449318887152227,4.999123808341213,5.069563778711601,4.977078448890724,5.0380596735413965,5.050369909371415,6.030611957862992,-1
622,5.007728899390517,5.032611460076795,5.472844861720337,5.008573486310117,5.074947398372154,4.970998115850396,5.032041479602441,5.0522226714101635,6.037342837125945,-1
623,5.013222716757817,5.038997829156282,5.485559598431913,5.009074164880664,5.0759843729251095,4.959570738430881,5.02098556395992,5.050056179129215,6.028042157879335,-1
624,5.024428716046409,5.039945529471152,5.481746167896447,5.008308518761667,5.0782049629913315,4.952375268886402,5.018472756552463,5.045585634818847,6.042706187559945,-1
625,5.042463352579277,5.050309244389705,5.480521572669254,5.012067963102812,5.080352806076197,4.944131587202459,5.0137714341448225,5.032489135946505,6.041671259046663,-1
626,5.056626566618648,5.051410004139758,5.48279194813647,5.015908817948514,5.087811362156782,4.941635420500954,5.012184137963649,5.022681744508131,6.043603954391991,-1
627,5.067902217099094,5.042840742777774,5.486512045549956,5.008932592190319,5.079041119120117,4.935383549678202,5.011701373527188,5.020786780651428,6.044887548587328,-1
628,5.0898000477174605,5.021155588482049,5.487095976962062,4.991687961710216,5.067943261689894,4.935394064800555,5.0046498171271905,5.030189465242212,6.033731818226337,-1
629,5.110423299680535,5.000014776605536,5.485968198673975,4.973560354013726,5.06089867787218,4.927358237564741,4.986466587948417,5.048653682202639,6.032741537073254,-1
630,5.137793606854881,4.98298413531443,5.480621325865879,4.965602009923912,5.0489864922781145,4.925935270036634,4.959272724425184,5.068992417047855,6.036296891135888,-1
631,5.167762533501505,4.972822811835697,5.479476561856094,4.968922359519924,5.0411416035295336,4.913435116612416,4.941439770426403,5.103708575681681,6.043057450049848,-1
632,5.186671572848471,4.960904247802549,5.483631954179236,4.965639818147606,5.03580464278282,4.895225693603209,4.918293560621433,5.1470124327641456,6.032502439906268,-1
633,5.197174062374945,4.943194272378474,5.487396261622275,4.966133372878884,5.033826238483277,4.874764927888599,4.888752950811765,5.178647548729362,6.0420319088622465,-1
634,5.212179441169995,4.931995911807747,5.483975637665596,4.973303077048222,5.041255506972438,4.856968980785734,4.8677527482613145,5.206195392799818,6.041368069460191,-1
635,5.229959175282572,4.931832509718016,5.479646493133147,4.991704849411929,5.058665585448917,4.841720530449798,4.854029968987729,5.222956573221361,6.049204433268148,-1
636,5.23859331814376,4.934550865175566,5.477953438555218,5.028700047943104,5.080121099381189,4.831946815000521,4.845938909521251,5.247071999442513,6.039093607685975,-1
637,5.248106086154417,4.929716952095257,5.476537448104073,5.06144635767202,5.103051532320246,4.822331833295431,4.847229321176723,5.269144979128803,6.039306781947628,-1
638,5.255730460685097,4.928264492924157,5.482554421569894,5.092680222052362,5.120864069041641,4.806994996299769,4.8590421288965935,5.288960523363155,6.041730006095268,-1
639,5.2586448611657834,4.924689839556719,5.489728700892436,5.116634554077744,5.132476912452469,4.797207702142558,4.869158639427196,5.3007818584618365,6.043863910453637,-1
640,5.252775709451559,4.935303239384033,5.507355519715885,5.155555878487858,5.154077280759163,4.787346397848953,4.87373693849865,5.309711268823715,6.044520895299172,-1
641,5.243740911578538,4.941365810485271,5.5143269395083605,5.189875942091197,5.165006727902214,4.779263233848567,4.885628621888635,5.323220263811768,6.042346760544926,-1
642,5.228819099644889,4.949592364509463,5.5227637233580325,5.219517178867674,5.1650267051408045,4.777882229892957,4.894544021941573,5.338374692366034,6.03798686907721,-1
643,5.216362276185787,4.958140118255051,5.524884779165829,5.235876170458847,5.172762352870351,4.782064916577605,4.898034941250895,5.343804009179335,6.04997866543482,-1
644,5.2001935054931305,4.969084683873095,5.525567672118528,5.239099183308981,5.181657938890108,4.776970034639151,4.899351621989715,5.336121356697257,6.032074252348528,-1
645,5.180709036997804,4.97639135873477,5.520874266376963,5.236787499797535,5.1862643395592585,4.775324863400127,4.909826418990896,5.32509469795144,6.038866476617797,-1
646,5.1617571525941255,4.975755852831954,5.511624142068093,5.240451619557945,5.199771996082848,4.776171100218314,4.920385075925369,5.312391734060963,6.035621149915965,-1
647,5.154506036364297,4.9769780116026485,5.497133891242721,5.243047985241997,5.219601723441643,4.79156555485151,4.925964407230017,5.295411125479118,6.040745889023599,-1
648,5.146428008889827,4.973304664246589,5.470907599112678,5.239031233314705,5.2304077417202555,4.816374663413649,4.940244404891668,5.267514419120236,6.044643528057227,-1
649,5.152592436179877,4.9800712017725255,5.452584406665223,5.230849343211869,5.250221450732264,4.833416144572812,4.96082499541978,5.242930040978887,6.042193383036707,-1
650,5.158942483306246,4.981807833756345,5.437705710829252,5.225387496796365,5.2689810690224546,4.83854390967006,4.989092670751391,5.232052493493291,6.043662756026353,-1
651,5.164765530263951,4.985832241811291,5.419572183730737,5.218877507995184,5.26776692710078,4.844873018927243,5.019968709942282,5.230503898810793,6.04311717052124,-1
652,5.1687627111465115,4.986817427886178,5.407399837230413,5.21561415437793,5.247956958185087,4.856643734238878,5.060887058929429,5.235280533592743,6.0419977153582405,-1
653,5.172682648478557,5.002297420370287,5.398558997849049,5.208360617930363,5.230414525505613,4.870081800384496,5.102515862083525,5.242343968143216,6.035932851246093,-1
654,5.179017701353558,5.022124920043016,5.387767234749469,5.183560744028059,5.201383384036541,4.882424471270191,5.137214957059511,5.250604666928382,6.040843352530127,-1
655,5.172064439518149,5.03925791285681,5.373750838128156,5.155862528518593,5.176211116221352,4.891972576598625,5.170633044258828,5.269452769775761,6.053340555458014,-1
656,5.180088821450471,5.052983233123648,5.356814085674189,5.1209249027920976,5.147786948911215,4.890135387980367,5.197425925942758,5.299836569081498,6.039215395019174,-1
657,5.181841030698994,5.049567840024699,5.330114554373106,5.10011632545325,5.115913923448851,4.887848195477453,5.2124943733448585,5.324950740309457,6.046927539745215,-1
658,5.182103733599593,5.05139209115353,5.299142191987151,5.0794625671772495,5.094493762851518,4.893488242412989,5.222989285721624,5.332591267648214,6.039441665745957,-1
659,5.1779131992959355,5.052771740908128,5.271662002740959,5.062557719167929,5.097629144719466,4.897490530507712,5.232372362869339,5.333960263999051,6.034884291575134,-1
660,5.183395048656433,5.052429076451503,5.224969189420588,5.0392044471899835,5.114507423682253,4.89460832305872,5.2278304108643825,5.330828096310608,6.0281859948427075,-1
661,5.192252266633769,5.048193858148737,5.188163982554561,5.020813179698133,5.13281483162486,4.895931269099498,5.208525389100574,5.330039954913069,6.042389055961869,-1
662,5.197061959299404,5.036845129414661,5.15458079398935,5.011425596547732,5.152053282056557,4.900484200080733,5.188397026629315,5.321869608235738,6.040609939247073,-1
663,5.208948382632783,5.032654008321997,5.123056934305405,5.008436417524292,5.153602825398475,4.896134056281285,5.166045274081734,5.3015140201228945,6.039635900025569,-1
664,5.213774910374838,5.027835461203717,5.104391274667507,4.999426267490446,5.154426404791359,4.893889453954392,5.151288192724839,5.282834672923258,6.0436855657157835,-1
665,5.216991114821353,5.031928592920094,5.095868454098393,4.984762095217873,5.152020510546565,4.902388682284654,5.144261555451359,5.265381271240325,6.040546453730047,-1
666,5.220526125317599,5.038954634718352,5.084355573150322,4.965764329077237,5.137681363997454,4.910727681558588,5.129786067576661,5.254750164233114,6.034608028589498,-1
667,5.227146157766186,5.042110254971824,5.08440796650769,4.951158171893959,5.118362566785898,4.921242867906323,5.117117752770925,5.2395578254478625,6.040736115962376,-1
668,5.226699690574171,5.042317816091157,5.10352307624601,4.9390156032689125,5.10287982123405,4.938172001583197,5.109924755282417,5.226696816791246,6.04342981221962,-1
669,5.223457755179928,5.042475624188892,5.116309408449952,4.925464676830271,5.095562144754474,4.950740967178403,5.121794540497745,5.2158084899747506,6.039421662667951,-1
670,5.214945023160214,5.050095550475931,5.129704225947826,4.914658422215895,5.096953674024437,4.966295352506066,5.138147499011206,5.213533803589415,6.040842195154569,-1
671,5.20818899717577,5.058115413395537,5.139685457671983,4.908078941501953,5.109876892395842,4.988724334986072,5.159277986661751,5.216543262901812,6.035204749544898,-1
672,5.203050842612328,5.063661648282452,5.146983466386927,4.907430683894375,5.123620573200648,5.014782111457437,5.164853467370968,5.211879480412529,6.049472369526087,-1
673,5.193880696889679,5.0663011186594655,5.153807740430683,4.902441750153722,5.1345993467462625,5.024626721563169,5.166426747616592,5.205887722904186,6.033958404058989,-1
674,5.184928584005953,5.070554301469671,5.152411833821802,4.900495162909743,5.156461585089104,5.037426778785365,5.174765008468419,5.200660659980645,6.043915012888455,-1
675,5.168800116971752,5.075401192568042,5.147372232708918,4.899019632692919,5.167929565913316,5.0471762687436605,5.176101690014641,5.2032120918472495,6.04307229218841,-1
676,5.157288102347891,5.082212017611394,5.14059721816737,4.897513154859776,5.179231311609697,5.052997290607495,5.172431257814179,5.204705751065923,6.04196130844588,-1
677,5.140274619756399,5.079301837110126,5.132952202288934,4.900261214732504,5.1712984813839755,5.0631828355987984,5.1670959886150385,5.200462425362364,6.048499178043777,-1
678,5.1306947459633765,5.076755989786521,5.12298908210953,4.892741121017698,5.159323887562262,5.0739974203317795,5.163156952197086,5.196641415136575,6.039389650721949,-1
679,5.118265342429501,5.072209853188093,5.114743466895788,4.8810756724316695,5.144613040357651,5.087202656899596,5.157171057571824,5.189105175861563,6.040542179335899,-1
680,5.10749912079598,5.07452709563203,5.106545045496901,4.876108701856596,5.131088213317174,5.102738166127561,5.16063654129375,5.175766622186133,6.0485273723470945,-1
681,5.103864309077861,5.076268947413346,5.101325709945795,4.868798621186355,5.125010067948398,5.1295388700193385,5.169125652727867,5.174102250688373,6.038264915936028,-1
682,5.105250629510408,5.074008309662935,5.107571170500285,4.865382220941649,5.108886659281844,5.147814048965484,5.1799629083939775,5.1666896932393795,6.04363892627118,-1
683,5.11302638681029,5.068348736520131,5.106505164699756,4.866420986406798,5.096285235384229,5.162877994203036,5.194519967637988,5.163821919689787,6.043940250021582,-1
684,5.114400586556899,5.065307946708807,5.096232612087336,4.878803465184595,5.079042741619693,5.177546320479066,5.208607577334096,5.167966613387069,6.0469463771428895,-1
685,5.130635699080702,5.075616481010362,5.083363799336193,4.891263259490892,5.070187300357552,5.18914583589879,5.210048253186473,5.172187342646107,6.04431215972278,-1
686,5.134939422200739,5.084785023304613,5.071439652681377,4.907491146565415,5.068759293823332,5.182441711683895,5.210792535142069,5.173387315407977,6.061787749596785,-1
687,5.13317468798927,5.088624455734174,5.064388020907495,4.920687754769791,5.0654405549474815,5.172427515969748,5.205888911587173,5.182137111109561,6.041785391463226,-1
688,5.141518015659075,5.095062657787668,5.0541199723512,4.935785745623035,5.059792686921947,5.150313494320827,5.204626494119898,5.204410347964634,6.048666754230458,-1
689,5.146257107430689,5.10685349166344,5.039843002506157,4.95407583469782,5.065826187763359,5.129790053498107,5.1982946755700965,5.211801020039496,6.047545476633278,-1
690,5.1534364261700185,5.112720622757705,5.032714472847041,4.969372116370074,5.0800312866122725,5.1143275242669795,5.182447303177565,5.218518191396127,6.037167538194974,-1
691,5.169145549195101,5.121743864257667,5.026059116295967,4.977933543575864,5.09633171056487,5.101670817919135,5.1711200322091155,5.216228695092233,6.043871865760791,-1
692,5.190862154826676,5.126537410013977,5.029803153445581,4.994166822055345,5.111160977089995,5.0900419832095745,5.175172606637334,5.204234359934526,6.040817169694768,-1
693,5.2003816068715585,5.136448025275498,5.041249938014319,5.003421043435666,5.1335413148246065,5.071937549789219,5.187223866681283,5.191917895173141,6.036138041922781,-1
694,5.21587585057574,5.144582536538637,5.057228965396327,5.016758697932793,5.1413778424129095,5.051149359727687,5.191859973205354,5.182079199642173,6.045750335441047,-1
695,5.237963016965701,5.156772253880503,5.072142075017961,5.0341874220177605,5.161418466954342,5.035018155199399,5.199818628499541,5.168396014257056,6.042156580407983,-1
696,5.248045465085692,5.1611778685419205,5.077528095023178,5.047716536151638,5.177785935269029,5.02398560200743,5.208371980416323,5.149545493969993,6.047783793641541,-1
697,5.2547427252099475,5.159065257153303,5.0861095308523705,5.059469899947369,5.180286119094946,5.005768786302683,5.209197856157153,5.143748760088174,6.05518020583776,-1
698,5.254473864824702,5.164177530248645,5.0959605028954815,5.065847974267743,5.1852859194393375,4.982623809241254,5.215919323046622,5.13001696253475,6.04760877789708,-1
699,5.237370287219379,5.176805322217423,5.106405636875812,5.068122903274532,5.185154847826525,4.962233020840137,5.225488632421979,5.127576759954254,6.059282735586163,-1
700,5.217710426842633,5.191658605737647,5.1222799564524975,5.068127266871137,5.186581011324187,4.9464330339536495,5.224035629440659,5.119050879174818,6.039858244968409,-1
701,5.2055722276478145,5.197494376908651,5.128771595570395,5.072844985487681,5.183617461536487,4.940234988765895,5.2165331899393514,5.106557476377683,6.049957103074189,-1
702,5.1994098892774785,5.2115610763712095,5.129006010744044,5.065254203924869,5.18577298087276,4.942657059696849,5.208048893638413,5.095292996705004,6.047228547822777,-1
703,5.190339905464439,5.228782896380395,5.132136782100666,5.062049034597667,5.175365929407983,4.945092375303517,5.199991741532017,5.081154990512676,6.04426517615296,-1
704,5.180891167408694,5.258247292151429,5.141925594330811,5.061421005452733,5.170534466232516,4.9458127921029575,5.187272031564015,5.063549267327389,6.042222781698681,-1
705,5.170390329099662,5.295564851934942,5.148790413574607,5.070218457685036,5.163184732779025,4.956827830210512,5.183534021320181,5.048653096078924,6.042387552964891,-1
706,5.158605728352811,5.319471583191119,5.147470900326997,5.094429955976371,5.146010634786565,4.9702502951713665,5.18110295624926,5.046542654720882,6.040038343925059,-1
707,5.159025538033662,5.331047577667496,5.15741869367334,5.123242417554739,5.124128536683114,4.989553647730326,5.166865069631894,5.047399222314042,6.042892413543265,-1
708,5.158087507974885,5.337676101678479,5.162470400669896,5.138255466127047,5.100021625092113,5.003983979760405,5.15438421785758,5.0550728596109495,6.038910585686318,-1
709,5.152329631091131,5.340091559203171,5.176654416530731,5.160375065637495,5.075670852122138,5.021195549166329,5.1474123681916994,5.061246271154454,6.0441789731798155,-1
710,5.145958333373062,5.328756787797783,5.196576338472246,5.189903603918639,5.063854909355929,5.0507094161307,5.143345217968461,5.056760453424346,6.046640201029205,-1
711,5.144810727408475,5.310445917431923,5.212687540465332,5.207046952624835,5.0581927073300275,5.071854339355473,5.151896885477245,5.056675584313925,6.036512325011188,-1
712,5.1366654679163,5.2804212957071535,5.22829589000288,5.224863578101039,5.04718004214663,5.094423190420586,5.151150571298905,5.059988548576943,6.046722991448727,-1
713,5.130527829012432,5.2528995864613695,5.239569336443773,5.239725043150398,5.039823738496498,5.104423690571183,5.1560200978094075,5.064855572141612,6.048982866565135,-1
714,5.122150186426644,5.244423366489045,5.254499735579135,5.239506582199823,5.034586206246951,5.12407264331228,5.1635326152960115,5.068575311652245,6.039258631482495,-1
715,5.1148936562664895,5.229014935927369,5.262105098101642,5.230435716227015,5.043336974493732,5.136602546249561,5.1847769159871815,5.067677069393319,6.055040726833575,-1
716,5.117408621565394,5.225464218148462,5.264518506386,5.217622622693577,5.048709922715757,5.1513334530711665,5.195863126121859,5.072427450092251,6.047698643249466,-1
717,5.114244690065744,5.227208307203005,5.267559598260548,5.196155206383159,5.057291420005212,5.154796842910651,5.201320626242787,5.085811292058403,6.0423076465703565,-1
718,5.104439890108402,5.241179021392768,5.2678981755544605,5.176667630847551,5.049806931288616,5.1476016669840785,5.207784840747879,5.105342800214617,6.046262879419802,-1
719,5.0975408141836445,5.259433153097637,5.272776944154263,5.165057715837322,5.045791371104083,5.143662795458444,5.206835730457412,5.128922980211768,6.0537967628543345,-1
720,5.098579514983632,5.279761266139649,5.2813355626957295,5.145000513238246,5.053586741823888,5.140349464014295,5.214325981215366,5.144268133055003,6.048389832033104,-1
721,5.096669695848006,5.287603225641381,5.29602239960996,5.114893346437069,5.068005316415516,5.134719222035968,5.210644728917652,5.150146393820052,6.046615781375744,-1
722,5.0893304239910115,5.283870244010124,5.299234610748638,5.083458512093148,5.085125265574803,5.116190052113683,5.189726766088849,5.145592593877775,6.048931500934154,-1
723,5.07106577848684,5.295132609606009,5.297988454936446,5.049232473434377,5.10209650004812,5.10375466745798,5.163285124764416,5.130214135946374,6.034460427754441,-1
724,5.053980967051439,5.306145550132305,5.297664806445323,5.028977432939016,5.125574342046977,5.0882898786842565,5.14346574127344,5.113361358563632,6.051878024972254,-1
725,5.047940734389825,5.316021304258712,5.283541071837014,5.0111659454846516,5.149002369167147,5.0749611630739,5.129591040842242,5.088120949912248,6.033146685987546,-1
726,5.045919243445163,5.322136467577292,5.264084994016093,4.9998641393684995,5.179306363637603,5.061317020930073,5.11337995809567,5.052791847405767,6.038479327920065,-1
727,5.047334082501568,5.323499108356482,5.230907132003748,4.9915103780638495,5.208074695596254,5.046146992790229,5.085251699324585,5.019110004557756,6.050099138489563,-1
728,5.050935317922553,5.324741411006318,5.197289476877263,4.985339040346393,5.221200013597148,5.032085731604999,5.063272912345789,4.998556144009044,6.046261894399508,-1
729,5.058151768597313,5.339618098440912,5.161937885834031,4.982302516402753,5.225257391802813,5.022644367302714,5.045040015948294,4.986423229355304,6.045826585539038,-1
730,5.069777678202021,5.356052007266483,5.133390261603052,4.979918977394072,5.231299147253906,5.015008360527396,5.045544848348702,4.982275931732881,6.046916829622504,-1
731,5.0919557489360505,5.380036543718804,5.110355274016654,4.987984459050727,5.233783429513677,5.011439699701943,5.043293341166239,4.983799598615297,6.04182536879874,-1
732,5.1030456375027935,5.3929149821517175,5.088001409154251,4.983583932623156,5.233520802746056,5.004865657270787,5.048621435637516,4.977467488981797,6.044352028645405,-1
733,5.1103795226051805,5.3961126433965845,5.076730870631382,4.978220780049601,5.233371311852047,4.993166951649418,5.047064817369345,4.980073441155313,6.047686632475062,-1
734,5.124300108736877,5.3912447507379175,5.060021866101976,4.969666048883852,5.233073554330826,4.983143624743337,5.051412753673068,4.99288837228638,6.04191850309933,-1
735,5.132757129849508,5.391810565694001,5.0550265441108015,4.955431072054142,5.232826118086357,4.975901935987556,5.0717891397710995,5.012619983695746,6.047211069059651,-1
736,5.135787227592567,5.386473540501813,5.042368687527663,4.941309820943869,5.241167779667038,4.975301044766092,5.081138748737853,5.029199544180955,6.0448151203143095,-1
737,5.138080859460302,5.370771203422504,5.023897046229564,4.922981234672502,5.250984126842976,4.9728047812527025,5.097148973747653,5.0387145702673894,6.046401526478336,-1
738,5.145046802500748,5.349775719479097,5.016169822885945,4.907354435370516,5.255170583454248,4.9779182125231936,5.100783669015453,5.051980305490355,6.036654193925983,-1
739,5.14665447305067,5.311901548288549,5.000676121266312,4.895925701368885,5.254041567695481,4.977614907039567,5.09527273097773,5.06615922008976,6.046228311023974,-1
740,5.14854332467636,5.281554700204281,4.987624142402739,4.884960924108544,5.251999049404099,4.983196509446853,5.08552793920383,5.08468278618291,6.04580186401259,-1
741,5.1513067401526955,5.252920956176337,4.973394450577867,4.884364147735105,5.251289121825147,4.996225398058515,5.081510545162833,5.108413133214818,6.0503952181419,-1
742,5.152925858904567,5.230011705439788,4.9623820905815315,4.8778678991733875,5.246959381905458,5.014322595650613,5.06767823098009,5.130959330702534,6.043870428076085,-1
743,5.141539193390598,5.206724135249217,4.9589024145328615,4.879282847651084,5.230681069440001,5.032083746304586,5.046037470200258,5.140977541644716,6.045731180343003,-1
744,5.138822162427735,5.181907661462827,4.965720610401323,4.881046886828766,5.220473668467104,5.035807422073147,5.028200543428479,5.15108146500678,6.051422616302016,-1
745,5.140880391864657,5.158101009526841,4.981048872714906,4.8832314887461195,5.210810073590612,5.046674677755525,5.004116055383946,5.16663522137042,6.051138631503138,-1
746,5.136339646583658,5.135397884494965,4.98178140823421,4.885407227832209,5.201885147385327,5.06194923906902,4.9879662063151695,5.180256195923752,6.042503752133494,-1
747,5.1337315596518875,5.10820417159231,4.98395076826256,4.883834682936387,5.197995578177303,5.075120223793006,4.97973881898204,5.190322791281438,6.0556309084399045,-1
748,5.1346960489690705,5.085627480877198,4.988648972273351,4.880747319231049,5.197435210836698,5.08116972865491,4.966919410928928,5.199475483658918,6.040856280757131,-1
749,5.130701702705165,5.068617174537643,4.9828693984867884,4.867061890556157,5.189843760397186,5.084517579097233,4.956354053469644,5.193526426302744,6.040015903809271,-1
750,5.124193224830453,5.047942100323783,4.979062167546114,4.856567805757127,5.184004442858859,5.086911454449561,4.9532072151046656,5.19223011166879,6.048476663289804,-1
751,5.126591536525141,5.022467734030062,4.966851614471808,4.834142154413981,5.186457446161377,5.090991797917346,4.961552511906836,5.185276862521413,6.033689537588652,-1
752,5.11592825430003,5.003237300732985,4.948973350327433,4.811255362387204,5.172601383697844,5.098527375942155,4.965897854055075,5.175734808597998,6.0469034208037336,-1
753,5.109916485959037,4.9887389281990755,4.926939779465525,4.796554425348664,5.1607789653883565,5.104217918631189,4.9699067492780316,5.160751705766062,6.0412493956237325,-1
754,5.1150153328177,4.9722099258816534,4.916503716678984,4.782609860036388,5.152698501419662,5.102048620509156,4.983131863758322,5.1405356199125976,6.04304586343818,-1
755,5.1255115779051525,4.966583917262064,4.916593244028226,4.76682458912405,5.1381668659673885,5.097061572821604,4.993714819205948,5.125778430975178,6.048179131486079,-1
756,5.131757425404817,4.958452840779781,4.91553630932188,4.758951952829651,5.119013559774532,5.102142105068849,5.007709803185621,5.108978192068033,6.04396269822391,-1
757,5.140975760319337,4.952924885536895,4.930907197096206,4.748678413024174,5.102544895057982,5.101917498703983,5.0173758067308105,5.093210963607345,6.0472090716259155,-1
758,5.148640612720639,4.957983213976117,4.942997217767899,4.739970809886236,5.090091311527777,5.102121569760814,5.026920683285753,5.078193546096155,6.040661298578099,-1
759,5.152650286740558,4.9625959358112475,4.946921409092927,4.743117853327926,5.080716901872175,5.1055592116750645,5.034769551395406,5.068176024754703,6.047964693260168,-1
760,5.162496572511076,4.971808233782766,4.950401412290332,4.754545425779589,5.071202305686422,5.1083336806416,5.05269455310985,5.062109551224304,6.044846132581168,-1
761,5.161277944284665,4.979388525857739,4.952243596817771,4.770920954979466,5.061033826429304,5.121521344115762,5.064561654622484,5.053244684605652,6.038321758312889,-1
762,5.159233148433258,4.988934629341625,4.946363184779584,4.791105882099921,5.0503680998738805,5.143300641013025,5.0640150047567145,5.0451409017618145,6.05150245138533,-1
763,5.1464215270013725,5.003068652695137,4.9353776683716175,4.802188274685125,5.042411258754595,5.170778001201492,5.0758535231961135,5.044199589849818,6.050968635917305,-1
764,5.131852441534528,5.021176900516569,4.914930736963334,4.81471273244617,5.045876407321881,5.198458727357439,5.091239084155344,5.050661334949782,6.045915684953742,-1
765,5.116446113358219,5.0370036239635105,4.881294174616601,4.82446395738403,5.042208797798143,5.23467272287353,5.10904854091007,5.0609640727860885,6.038611551765756,-1
766,5.103289559888095,5.049459663164322,4.860532443396007,4.838711169273286,5.0340509807474385,5.265173349029258,5.125532223520894,5.07208690407236,6.04259519974906,-1
767,5.096732616028987,5.064109453951708,4.85456377149613,4.855165840881085,5.027199712600525,5.286669334778114,5.128494799893709,5.079830148332675,6.050173859682197,-1
768,5.087925688750556,5.072970266190553,4.847954658195887,4.862937450027053,5.0363262244131795,5.314179061561001,5.129533382288624,5.086996099332662,6.045446855097747,-1
769,5.08269225845299,5.083891653489811,4.85440085356727,4.853344276900563,5.043178269660147,5.34171617422479,5.135593014387754,5.1012396724425795,6.054267577315583,-1
770,5.078369744423402,5.094492043764621,4.866247816067456,4.843448948906918,5.045744116731379,5.359351863704265,5.138895787251863,5.125204653464571,6.054807110485579,-1
771,5.08198242501923,5.0990798216787425,4.869529565198203,4.847277146894237,5.049939329204173,5.368633297394422,5.137650407994156,5.129002100311176,6.0375011559401415,-1
772,5.098455042114816,5.0933953864956925,4.881313309105423,4.84507478251042,5.047723199659993,5.378884844411065,5.13272595603345,5.132710371608314,6.049023674182642,-1
773,5.1109143243985,5.091526419270302,4.900300944028002,4.850234700465293,5.049801256340167,5.388021693912658,5.124459209411907,5.135332682935478,6.047424027860459,-1
774,5.11706672858375,5.0784761024996286,4.919037173775235,4.852901032367454,5.054378558616068,5.391144288248935,5.118122475342241,5.127920475686076,6.059606886402665,-1
775,5.120343546077708,5.05901550597983,4.929280331436476,4.846968658941021,5.059925524521033,5.391173812715774,5.1118496164729565,5.123817116288417,6.038421820020702,-1
776,5.128318491463231,5.041455932691282,4.9448377574728095,4.843445281786067,5.061129069428523,5.394556705469628,5.103070388490942,5.10315519986574,6.049493183446516,-1
777,5.122964015001892,5.022887174777317,4.942570017208105,4.842823699809726,5.071675718583038,5.402461901398586,5.09787023664665,5.074164608354515,6.049924131191909,-1
778,5.1197259017092405,5.00600233410969,4.94656926827594,4.842610233674183,5.081784334960527,5.4111330870744645,5.085256941839615,5.040782704057212,6.047230580741351,-1
779,5.114444266788646,4.987420820210321,4.956364990950237,4.829985058679237,5.092469426210418,5.4161808145994295,5.071772195927509,5.028254529654138,6.0507839617188415,-1
780,5.097244641084369,4.976883138464666,4.964258350910188,4.8125383259365115,5.1034699853252805,5.407102786105879,5.05526360524946,5.010112444618987,6.042025224928207,-1
781,5.076186857822525,4.962458216968205,4.965162080428623,4.798528305744415,5.110077730837823,5.395441658762412,5.036250885750776,4.993107561302205,6.050733988885,-1
782,5.06516674907685,4.94519859629887,4.963223131718876,4.7853359433433695,5.110949693695971,5.379069799048513,5.005067508667188,4.984510378170122,6.039984615869977,-1
783,5.057638726963662,4.9264995662526445,4.963972360182296,4.776979055748641,5.108760799230331,5.366888029826934,4.98181920847865,4.974102409471451,6.051609043404483,-1
784,5.055513556450144,4.903653104593144,4.96082293977542,4.765934483396557,5.109134464664668,5.352643794901014,4.961827103688268,4.981675441230376,6.046922661191893,-1
785,5.070122616631939,4.887088108950919,4.960797574364329,4.766834648229939,5.09333566532146,5.328607922526037,4.944008321570386,4.98649562927387,6.034894630007603,-1
786,5.075015932265666,4.874607146852749,4.950827202231319,4.760177923896032,5.085160004877687,5.305158610941369,4.933883698196555,4.9901527882947585,6.046262760543875,-1
787,5.073385324652131,4.876191417014669,4.942629189769651,4.755160874561916,5.072469821368443,5.286222249664542,4.925169393383064,4.982113525395206,6.052099889378326,-1
788,5.072307847257032,4.870191835228511,4.931979703373996,4.764405190924868,5.0696225269000905,5.274267808081365,4.917572667206895,4.973326551662065,6.043376020817757,-1
789,5.077427583250383,4.863585531149136,4.928699084596016,4.7787209947489675,5.06881752430718,5.272029780793541,4.91670520776318,4.973712762922261,6.04741316211101,-1
790,5.077865917206221,4.861428348592315,4.919453060575166,4.78718131096442,5.082017311302805,5.278606062494636,4.929627956503365,4.98242765299606,6.045025849626457,-1
791,5.068722707758864,4.873247515916339,4.912903490338474,4.788070917829055,5.098899432327723,5.285428331543208,4.939373257884598,4.996156274104395,6.043175369665459,-1
792,5.04963159612802,4.890780550595376,4.9111326972675835,4.794056064224767,5.111547859372826,5.284907225517144,4.951332617358635,5.008985576721757,6.054275061077653,-1
793,5.02477626293666,4.899820291208553,4.917178761018119,4.79782554398997,5.142611842075766,5.286417772513715,4.960795183146835,5.024437152919107,6.043813742798092,-1
794,5.005674102270093,4.903913094601857,4.929050222816115,4.809022576710834,5.16590635888323,5.300350426580907,4.970238188137014,5.040067466317295,6.042498051079961,-1
795,4.986563436733304,4.895385038804617,4.937803492161589,4.825585509847515,5.1928961800091304,5.31442270818294,4.989633421576446,5.0628100329122265,6.042485608160225,-1
796,4.9735364905896,4.895961776298695,4.953920598273058,4.826343156816588,5.207153760867918,5.321471899455334,5.00826851857637,5.089134394829282,6.049724732048724,-1
797,4.963876593365427,4.894448198460994,4.970321159139671,4.826837063893414,5.216372311303424,5.321661531428177,5.024957713503946,5.110541594315707,6.042147252363846,-1
798,4.94980538265618,4.904654658505365,4.986192260279929,4.824929972856729,5.217231000853458,5.321914110623656,5.036502220920078,5.13165230445129,6.046128610251652,-1
799,4.945075628596811,4.906504551986039,4.9909946993261025,4.827149523887707,5.207844244427701,5.325602008706904,5.050333669780829,5.144154101862182,6.050676653857004,-1
800,4.943163275891162,4.902925314806587,5.002027423845281,4.833412581009246,5.206225327581167,5.333837535325612,5.052095209735149,5.151073650973955,6.045715866260685,-1
801,4.934222842963275,4.894924532440445,5.008578542042312,4.8331341707651925,5.189230598988801,5.338527050091394,5.048592057253703,5.151915329115348,6.0477502732279165,-1
802,4.923047713178701,4.8849516551010215,5.01150775500076,4.828725343802665,5.1793234374756425,5.330965106019454,5.044319472002724,5.144404507292539,6.045368936081074,-1
803,4.918163136447839,4.878150638972845,5.0087169030368734,4.8182373865201775,5.165877838711674,5.326643147706554,5.02960493358891,5.130128216503409,6.044628389036877,-1
804,4.908294090252298,4.8728856491039565,4.992296197321359,4.814412234296805,5.1621503500421575,5.330181540164787,5.015474405307575,5.123229009343295,6.036366437346457,-1
805,4.891372276979237,4.866309310981253,4.976298871931785,4.7939740465438305,5.162152534586838,5.33539664943205,5.001169071058889,5.108432832974655,6.055792376760199,-1
806,4.87683249390679,4.851889136731429,4.9682795478856745,4.792609930361905,5.156014101886941,5.341804707985836,4.990547532098404,5.085279400467062,6.0453321715099575,-1
807,4.854636229430829,4.838757972824741,4.971400429160458,4.789582038092517,5.152991664562012,5.344521731198901,4.977580447255229,5.062708375907651,6.043134670116286,-1
808,4.829773842553045,4.833584929942704,4.972216527958737,4.782265949013871,5.138339409873028,5.3379423230260326,4.969720075495969,5.054443612309275,6.046518236325557,-1
809,4.813913318537098,4.825928322426139,4.976535730529417,4.773804051685425,5.133340675307788,5.329473426135566,4.966822922685845,5.056949405105113,6.041233455090899,-1
810,4.801995963085133,4.819723801640648,4.978594901358631,4.761757159864931,5.119215331069266,5.314362408065328,4.9574765294050565,5.062001633760613,6.042077304910079,-1
811,4.790033528958112,4.804356352868541,4.988548504585541,4.756034493760174,5.1129013355280755,5.300492985381318,4.937534102103306,5.061736586909388,6.0528165333156805,-1
812,4.779760224465067,4.782110097362899,5.003855478887338,4.7513148295005,5.095711745404668,5.285625333648448,4.923618257718133,5.057225886673147,6.049430669618283,-1
813,4.779204014429991,4.766697344321346,5.009937586381471,4.763439397347844,5.0826927338303785,5.271613876121004,4.9131542434804985,5.05638594062944,6.044197413960618,-1
814,4.785016201878179,4.76306819625997,5.01253358414254,4.757161448605476,5.069500067047049,5.265206732516764,4.898557266599597,5.051704953537618,6.041023666749244,-1
815,4.8046892808385815,4.764169851179583,5.009473689898651,4.751405691955272,5.052849689787802,5.254536539042685,4.887498128677207,5.052042897014122,6.056199912506432,-1
816,4.828521367445624,4.7568929931924036,5.013104756341375,4.74874174635877,5.042194075038591,5.255295920459445,4.873279983304893,5.038222500034207,6.0426165992339085,-1
817,4.855803907897954,4.754628908516531,5.013973609445898,4.757342022397354,5.0334890269154675,5.260548410301876,4.866543305824924,5.025546089766075,6.047874250408689,-1
818,4.880082183959341,4.758762722921416,5.014250869638066,4.7708949026495935,5.028719318123317,5.269038825991686,4.875957478768053,5.018067523433423,6.0463543334813705,-1
819,4.902423894820108,4.778278125150927,5.011109808461005,4.789988018028444,5.020570074531656,5.277201609037221,4.888284434138137,5.016942161570348,6.0434684825322265,-1
820,4.929062692258528,4.799470519835518,5.01011585517331,4.818590140584317,5.017681087880721,5.280114720078992,4.904776641611221,5.0213373883137775,6.040909711474961,-1
821,4.9595502812647005,4.812238135003758,5.014014598423648,4.836165349376085,5.008192509582817,5.278522856970225,4.913544523334546,5.031463818026907,6.041468247694557,-1
822,4.984878265499937,4.813633249108434,5.0161474810588045,4.850795573015246,5.0135019713028655,5.269518128358076,4.925117543517001,5.04062871427156,6.0511091216725745,-1
823,5.002610752271494,4.809290097312332,5.020350657882807,4.8589677724275555,5.023124560948351,5.258856640389553,4.943498516403537,5.048876610277012,6.046785688664935,-1
824,5.017367120974513,4.814973334907599,5.006225105930002,4.860093051707177,5.026933158900186,5.250638586300789,4.963188730938489,5.058843538333138,6.044733848924177,-1
825,5.0366607729192365,4.816271102837611,4.988079699498992,4.849246068012052,5.033011357896537,5.239657006470289,4.985480557055999,5.070065566296144,6.046670022588644,-1
826,5.057789145496916,4.812043774465726,4.969400728964286,4.845123926681645,5.031631835896875,5.229746134767632,5.004782749477017,5.08770080122654,6.056275897984294,-1
827,5.077582206989744,4.793734270362606,4.9460897108580975,4.8479403347697865,5.036237971885925,5.226848891695122,5.022853050921718,5.112400788722023,6.053034895933022,-1
828,5.111274065883647,4.7827011358834115,4.920558498249568,4.845611815234634,5.042273795355691,5.227609046666053,5.028709578039892,5.129421097523117,6.041684244248614,-1
829,5.135021966705525,4.772479834865932,4.905466062332328,4.844415338995596,5.053000250599466,5.238684571848139,5.034509823971207,5.128420488598211,6.04826753293478,-1
830,5.159673143589172,4.7649075689497735,4.892779234985365,4.851598011895433,5.054424078356372,5.24824054560459,5.046294375979924,5.13151140165867,6.048392994925997,-1
831,5.181737823031806,4.761478688501301,4.8928078324433635,4.873354820743559,5.062926926490548,5.259999421340704,5.050992037587031,5.1313155281941265,6.046968752654895,-1
832,5.2004026691436716,4.75687222557903,4.903107464743353,4.899478944911275,5.074567659924984,5.263352181529077,5.061100337949489,5.136136167647976,6.0503177345980355,-1
833,5.211094208788665,4.750627653283448,4.921668912945498,4.933456885313138,5.069030886369551,5.268950644699401,5.06414070050184,5.152934547744482,6.054219546638386,-1
834,5.215400041791277,4.7521433041523,4.941151609137819,4.965197866412244,5.073908800907782,5.272295771104487,5.063985162045161,5.171779510743464,6.0419569278716425,-1
835,5.214105433568471,4.766044785773843,4.971699090622022,4.981863688342441,5.069845021817917,5.265118157625521,5.064892823134132,5.19040464507489,6.0501932512292065,-1
836,5.189458690312406,4.774160318841659,5.0051297218017465,5.003311082404708,5.062620577649166,5.257257338484875,5.070538619626979,5.212738518659475,6.04933626512544,-1
837,5.173026986380505,4.782706317644935,5.025659740430249,5.027148438680684,5.053374122128424,5.241746027063573,5.074310010977641,5.248630363999056,6.050076187027945,-1
838,5.162412894305658,4.792759844142692,5.041947782889302,5.05194105382661,5.0432717046032565,5.231005092140688,5.078908254546563,5.2894421041476,6.046243883904492,-1
839,5.153542089436979,4.798537473723326,5.0453189031993,5.073059691909315,5.025213467161435,5.225418140079726,5.085204530858945,5.341694964631799,6.044653987856329,-1
840,5.14797999295279,4.796731641766685,5.046520488803113,5.095767848245577,5.009409759452,5.21690636954472,5.0978244274361995,5.390907410032097,6.046344257237426,-1
841,5.138051590916517,4.8094802049133465,5.04399010521105,5.123794960714692,5.007177820163809,5.201754034457918,5.102723267029251,5.419222554555529,6.04959212163665,-1
842,5.128658597463803,4.81072143372661,5.0398464271832,5.148919522772656,4.999543385257377,5.195715497024883,5.10892393320773,5.439078876969475,6.047832481786346,-1
843,5.124641320543653,4.812376648349773,5.036312963230364,5.182602644007925,4.997297634616923,5.190264015212779,5.121340481303949,5.4519614115668755,6.049809200387228,-1
844,5.125408586382463,4.80602751900207,5.038712091316233,5.205902184333727,4.999460152926427,5.1859086954176155,5.143109270509634,5.464206078900344,6.048414259871274,-1
845,5.124959132401429,4.8043732901628635,5.039840989469719,5.229493759373918,5.002042968181941,5.177335205621965,5.165781711854899,5.473153197218655,6.048430582029092,-1
846,5.109023533119198,4.803546164226969,5.041109415105412,5.243473029583903,5.003448619714488,5.1712889264714,5.180194623858313,5.472077984566793,6.049128734312608,-1
847,5.085890197875338,4.803051581715091,5.0448794349084665,5.253831009833115,5.003407862417969,5.166765288528432,5.191242445976348,5.454713261050326,6.049187678961009,-1
848,5.073435309361652,4.797232995659631,5.044171377432219,5.255572905396253,4.998153479110313,5.168167942787532,5.192715223556608,5.43795772140497,6.042853139664951,-1
849,5.068184512516078,4.799276275543717,5.038976347401111,5.25044829346877,4.98779387204514,5.172422242085071,5.198505340674815,5.429409033355226,6.046967017430277,-1
850,5.065422616805506,4.810709495492665,5.031270028789634,5.246369565162693,4.985723751728316,5.172346338941364,5.21045251995254,5.419973797099707,6.042817601327205,-1
851,5.0621419515241675,4.822892521598178,5.026326552233981,5.234424543994012,4.980166419355495,5.17073259998758,5.210336162586524,5.423855628419638,6.046199782037413,-1
852,5.06901411545955,4.848736256038692,5.010058835911268,5.220114440932417,4.979913314906524,5.166229114749487,5.202736975998727,5.42984818757846,6.0438491976472655,-1
853,5.062122383401035,4.865738603350176,4.992115774123928,5.200656092192196,4.981284234102565,5.162942719448733,5.194266592409615,5.436088239780892,6.05148764268582,-1
854,5.066071625625134,4.873122072796455,4.973831877107712,5.1887957413579935,4.9829932966109105,5.161521146349805,5.179690277438734,5.4462700027557265,6.055286986509789,-1
855,5.076829651772852,4.883846445847866,4.959180383941315,5.1749930315688735,4.993497324301657,5.155439339454056,5.168693529724386,5.457838485853272,6.050594673902967,-1
856,5.080864948842231,4.895920687158274,4.9509639465271915,5.1682133176639695,5.007767885209595,5.1549616488091745,5.1486305551400475,5.468916290668116,6.048921735001017,-1
857,5.081952581766859,4.898264440497854,4.948274956572073,5.157801808133848,5.0250296253486475,5.159956549948938,5.127751457600028,5.483412459791655,6.044085600081298,-1
858,5.081311594664847,4.897699950382011,4.95451684406651,5.146136666879877,5.039605562390896,5.168817787511873,5.108517473934568,5.505659417764605,6.049861562463861,-1
859,5.081716622052304,4.890072210443833,4.956190161711048,5.130788170140806,5.057143214626648,5.176818317897679,5.093670230372233,5.518831093986385,6.056639533146908,-1
860,5.075114730532043,4.875873939811697,4.968938647767593,5.119891984265567,5.063142471577878,5.186596898966411,5.087633279925348,5.525249917323456,6.044909910055716,-1
861,5.06827505787202,4.8756422014870555,4.981473041977664,5.113891435120371,5.065688391887728,5.196896778268574,5.0826437556528905,5.540134817738279,6.052972043987533,-1
862,5.0668358916375835,4.882205144581183,5.005918697917226,5.105706682722772,5.069199062473373,5.200756436178786,5.087672369165247,5.55121267475029,6.05488544224213,-1
863,5.066764722058971,4.882239245321342,5.023013777284123,5.099077890241797,5.073188449709535,5.206130654445799,5.090500923274081,5.565406031233283,6.0505764050002915,-1
864,5.058637076106849,4.887097971155683,5.028888372308684,5.092965899529564,5.075303546778762,5.2021131984810145,5.1006047028146195,5.577311095687475,6.054701424498353,-1
865,5.049564153298022,4.897736663352806,5.034261454590837,5.086080893309853,5.082620307523799,5.188680913651002,5.109118945803657,5.587867858084349,6.048276115020705,-1
866,5.033625919319734,4.907398559496877,5.040339865296388,5.078351623973293,5.086564564681917,5.164458898868279,5.113045108314475,5.594853829767278,6.040575174119415,-1
867,5.0122624053772125,4.91721239670817,5.049705230218802,5.07472475787983,5.0888542479521455,5.1422514013884255,5.129386422237527,5.591967852144463,6.047722299093064,-1
868,5.001934315516602,4.9265259153459855,5.0542317818475295,5.077018380044237,5.091768724140362,5.123527068177838,5.139227956102795,5.582060718587586,6.042201814910502,-1
869,4.995955921650087,4.9246463565240575,5.062250886083934,5.068931484660196,5.095874658655668,5.103866578837449,5.149376768349087,5.565004195673413,6.042807884055727,-1
870,4.9806843158240985,4.9182681574318945,5.0506054816077715,5.06444933663181,5.099825368267581,5.080034479222977,5.156281823219328,5.543108629753591,6.053623440511638,-1
871,4.961497050066098,4.912937675692088,5.040718238462832,5.054450467742409,5.098754252153587,5.054664166794211,5.165946780476679,5.515415837399456,6.046823171552017,-1
872,4.947676110892405,4.909141810364763,5.0378250850837825,5.0484638523852565,5.103785860106507,5.029522131555642,5.180264396048275,5.474851075424304,6.046725519806521,-1
873,4.938581879539477,4.902002405294159,5.039889894205662,5.048625202493233,5.104999730960321,5.003659047451659,5.197420424340344,5.433387941210768,6.053843848508622,-1
874,4.937105842763563,4.895807729167515,5.0433533396319055,5.05009766995866,5.11410673308869,4.988809561732415,5.213094641457192,5.39448007017553,6.052450849561182,-1
875,4.945529996001603,4.881053074978226,5.0460184896219396,5.050500623892439,5.118231932652496,4.974399506977768,5.217610226118842,5.368341161526082,6.046856629830413,-1
876,4.9455262909470425,4.872382995854422,5.038357350726672,5.041774625402046,5.122543093832817,4.956789907795022,5.21596623481389,5.343219654899001,6.044638570012662,-1
877,4.945099441255113,4.864343128487285,5.02987930421696,5.038034078762579,5.139298951134238,4.951440554519734,5.223903100755112,5.320305166609597,6.045790033454313,-1
878,4.956898318071647,4.8652222949808674,5.036387441856845,5.030375975287761,5.151342594607266,4.948549461749603,5.238024129378133,5.306357962930023,6.053044151014904,-1
879,4.979402018642137,4.870665589156341,5.049587053245503,5.02288807291667,5.162946257780356,4.946412446811237,5.250921273226982,5.300134606215835,6.04127336603723,-1
880,5.008695583863683,4.871879511619441,5.053681187255501,5.013069989812392,5.164289620022647,4.951801558938544,5.256673384511668,5.311949862721616,6.0527622768349145,-1
881,5.03564715492825,4.860248670068097,5.047521491643129,4.997061290138944,5.159188498928619,4.963153573004678,5.2577504869896075,5.321697641720756,6.0472323244067585,-1
882,5.071853431334445,4.856621240297738,5.038836919998251,4.982335555160621,5.155800268773859,4.9728873956002335,5.260906209271637,5.3244705479358,6.0480518258744596,-1
883,5.101952687967689,4.854914126120252,5.026405308142293,4.974072383332631,5.150879380156807,4.98485324607722,5.264801068921441,5.315617964562408,6.042280608256205,-1
884,5.126568661999959,4.846839741182486,5.019062904827939,4.976798198732969,5.144457464475081,4.996750633315916,5.268591394026882,5.3111595381450245,6.041291943500465,-1
885,5.147124155183856,4.844222059061653,5.001373723756095,4.991010792810235,5.129240284403858,5.0012416508995265,5.267743021480248,5.310316491200609,6.049492394257709,-1
886,5.154838883526786,4.843002299038789,4.973061024518222,5.007717721069307,5.118854509955419,5.016010013246038,5.269058063366644,5.311154454528295,6.046509799133429,-1
887,5.156183132442478,4.8482025815630045,4.940406814775718,5.0323935783878495,5.1150477722516845,5.034522068155136,5.273726675750218,5.319903906807972,6.047217094224598,-1
888,5.152103571213981,4.865228404511938,4.906194872025964,5.050445100726759,5.1219855250813815,5.056241839679892,5.2786152454535795,5.323952048685067,6.048388258544042,-1
889,5.152589917157514,4.883525088121489,4.872610086639308,5.073029442457685,5.128236311936288,5.078207560788668,5.282666811303047,5.328613536727648,6.040296698732122,-1
890,5.140776437595169,4.8939587315503275,4.844255166772089,5.093236451163259,5.122611066013764,5.100017717567259,5.271451075090798,5.329716307756172,6.051566736456352,-1
891,5.12662135761078,4.907569322068053,4.801986669076975,5.110954463921219,5.127808643895996,5.113904741554998,5.267284862968864,5.341519700200754,6.05100681135556,-1
892,5.120421628558212,4.915147093522735,4.759197307110721,5.122661182526723,5.133118706528197,5.130005819931219,5.264944048883368,5.350139836166073,6.039230074726394,-1
893,5.130203989187724,4.924338425150653,4.733998103800087,5.130266219043231,5.145805326109383,5.1427865631566405,5.264010803981398,5.358744332355945,6.053343511017304,-1
894,5.137664145819044,4.926374559334376,4.71295792359071,5.134963412819012,5.155626495352344,5.142470775545179,5.252755442550415,5.364016233229394,6.0569047440202795,-1
895,5.1302527902241915,4.920009928596822,4.6987454684321595,5.141669418851123,5.160920391606201,5.1500379663360745,5.232233540721054,5.356663376381599,6.0484226789546245,-1
896,5.120643414418861,4.908345450802169,4.699796617014371,5.149324037247331,5.15299159497561,5.145999911656762,5.219890922596729,5.336935055543782,6.049506968002646,-1
897,5.106885324871495,4.899331767807052,4.704387585445768,5.1550824810279074,5.15062222116568,5.147713905911405,5.206191843323911,5.325608230899009,6.049424089616324,-1
898,5.09839089916683,4.890924364895997,4.705576366533887,5.155893825306197,5.149212881034023,5.144988782914455,5.205885638197813,5.3219145423163035,6.053995946224502,-1
899,5.09578595849387,4.888093753741062,4.7119160508394735,5.148029050074048,5.1402761346989765,5.14398684923093,5.202516856361729,5.315074244194474,6.046110437910218,-1
900,5.0842737594639384,4.887102991939328,4.715783270420234,5.133738217854262,5.131920910162469,5.14697759405643,5.200206935876933,5.307554455448268,6.0448915588870795,-1
901,5.066759025342586,4.8774746879406505,4.708926516760544,5.122131963679922,5.111158052252765,5.157291176350639,5.187746348578387,5.29354608426973,6.051563679460258,-1
902,5.055755320459175,4.8691754843108495,4.708813590930232,5.117525455288749,5.102107399982604,5.177924432834283,5.181185831998049,5.284643674087109,6.051604070810088,-1
903,5.053461860735791,4.863804546567796,4.704343078565674,5.107799919550328,5.085380921662065,5.187461373766871,5.177298138437989,5.286311832625695,6.045344358845542,-1
904,5.047717151706981,4.8633616881747646,4.705417732507357,5.095475129562206,5.073119850426885,5.196855040363235,5.1752574491267715,5.30776315662222,6.045093590805876,-1
905,5.031039833939438,4.861913884059036,4.710013150762778,5.078757258117674,5.062446168929938,5.203503150097874,5.186566937759098,5.314015708029949,6.043336371615272,-1
906,5.022778990459998,4.866529857465154,4.714472939029967,5.066715452802362,5.0561286010423725,5.212952396564291,5.194307606195032,5.316672397199822,6.054554901346959,-1
907,5.005136193735705,4.868644400268029,4.724812850902006,5.0668756243493975,5.057575891392368,5.2270347495345515,5.192998137961801,5.319841506752479,6.041261883503565,-1
908,4.9892610210588915,4.867669451482072,4.740533583664074,5.075555591277074,5.057148067795918,5.237243662173891,5.197409438230514,5.318222920778943,6.049160652593709,-1
909,4.980572053476324,4.870073436735675,4.763819199478166,5.075191724029012,5.070672688630514,5.243952421361555,5.207933527016623,5.321076558414818,6.048291787086098,-1
910,4.973137535849332,4.874134410550333,4.787637456456433,5.07310304926259,5.065653872239504,5.240898415979711,5.204485877772125,5.314124650480207,6.051335042017773,-1
911,4.970547509511397,4.878815144237777,4.812291178963995,5.082435967767115,5.062821778147575,5.238797107192588,5.209356562881799,5.304296582521403,6.049096197639697,-1
912,4.9721191047479945,4.87990257161079,4.828652024686172,5.103019912356911,5.0679265249944905,5.241324970123282,5.207746223038603,5.289931365296941,6.0469521967079025,-1
913,4.982496340154509,4.88961819894401,4.844925327942708,5.129811065120129,5.070934287978989,5.242069820540204,5.198854138725949,5.275076821249723,6.046028945927968,-1
914,4.987068759436855,4.900803892525992,4.855274561189154,5.157849247350994,5.0675939304625,5.240476157597447,5.187935334748777,5.26587090296355,6.042718616511459,-1
915,5.008521496306137,4.913495333429106,4.865163686292986,5.18002919540903,5.057312559245209,5.241410377172014,5.193781567871701,5.249357933394069,6.043340228876902,-1
916,5.026444028387009,4.931331946803711,4.881665897703016,5.191117130175783,5.05233749534393,5.241258916960739,5.1937605294223115,5.244640783267057,6.043961247388237,-1
917,5.033466743949247,4.957062979667999,4.903572518214617,5.20128708846224,5.035493444179488,5.235226848766612,5.193308792887991,5.234299966958226,6.0577661557794675,-1
918,5.042561334055802,4.981871677287937,4.919609765232565,5.214839943786298,5.020780765932732,5.235066682701146,5.207797824199141,5.236659149731435,6.049292338594343,-1
919,5.0520528670272284,5.009536461356677,4.933990238647881,5.217904113602256,5.007163901872748,5.23040392718776,5.221080852240824,5.241440824693937,6.049962840160407,-1
920,5.058492392830936,5.031928245131676,4.955029854943762,5.213781753904502,4.988825561377525,5.229354218063208,5.23750537577139,5.244167914615132,6.036003499974763,-1
921,5.059598135352451,5.046413596131462,4.969156452377994,5.206420308476243,4.968082583604306,5.227145880563789,5.258997847978852,5.2490648827126964,6.05577104095784,-1
922,5.067857304351134,5.05517037420569,4.9827940507644595,5.193490593528667,4.949844631130928,5.219874746580515,5.285765664207767,5.249941931232451,6.044202284958639,-1
923,5.064522294687849,5.054728727313467,4.984581243655355,5.190794960063371,4.938833964294852,5.207256685697081,5.298920512585045,5.257688517898188,6.056718717653343,-1
924,5.063057404858066,5.047698028070217,4.977845861090587,5.191251802283527,4.930950318123978,5.189531737715696,5.311306801854403,5.261703257267712,6.044236013240365,-1
925,5.065439566104517,5.031399276551446,4.976043249821411,5.189633982654752,4.925871112703975,5.180285126885251,5.3237591257651,5.269262270209322,6.0421874144585805,-1
926,5.065989398164663,5.0125320942132445,4.984803568137927,5.178178674823703,4.924420142445968,5.16318000499934,5.332020420725137,5.278625678670185,6.045164262142404,-1
927,5.068605416517753,4.9831007405930485,4.984681053298406,5.163890824038782,4.922717928443857,5.150625731564476,5.329247855116232,5.284652832285453,6.049442272587868,-1
928,5.077890473329949,4.961141449595951,4.982868684776429,5.14764516463447,4.930736412792714,5.133564674532581,5.32732277856917,5.29273407609749,6.049850988169446,-1
929,5.094738168563544,4.94800799823789,4.982618111070507,5.132303247157507,4.942704637713473,5.108217971213842,5.321795533212718,5.302601772118166,6.050733541670445,-1
930,5.08884749223118,4.940656333674227,4.985067698940934,5.1062079605390025,4.957237822708663,5.091810358815225,5.315915683696423,5.310755053701961,6.041084252950336,-1
931,5.082251224837679,4.932441410780282,4.998631420763653,5.068101235333398,4.960624141308362,5.07788473541644,5.316812181112089,5.318028163306446,6.056968092791872,-1
932,5.074152440367986,4.930032077849091,5.018355902467829,5.031146423896028,4.959988787257568,5.068182744771018,5.318993221097947,5.326822658406388,6.041503418010119,-1
933,5.066536697609711,4.937708828107005,5.022468903450553,4.9969669276209405,4.963543413430147,5.0587383575821,5.322245124731021,5.323336494810176,6.0577921076770505,-1
934,5.0481886607453745,4.949075138902123,5.018341267782781,4.966864476089777,4.968820191944127,5.0637946943350585,5.328081278491127,5.31243714634114,6.047795314017607,-1
935,5.036488825866266,4.970405232317132,5.010478405811926,4.939602675758,4.976949448163944,5.072940593729987,5.3336792303010805,5.301982071014236,6.042445875191909,-1
936,5.027337417431252,4.98473658258296,4.999188453254912,4.908132592210434,4.972915177649224,5.083562814992581,5.339550365785436,5.288770696206596,6.058601757727984,-1
937,5.00849691406809,4.998707841270253,4.990576107611486,4.877304535756426,4.960494237444923,5.102085513738033,5.350394744154656,5.279185767365385,6.047270750049776,-1
938,5.004226373044248,5.003783998636568,4.987865477889734,4.860350670442364,4.949912335027115,5.111855180414646,5.35989109618985,5.269598889023785,6.051138083806887,-1
939,5.009562458250905,5.014977102137751,4.98293605871526,4.8527758511203825,4.9494868071067355,5.121574706459735,5.363360253486351,5.252370245456685,6.049812236987863,-1
940,5.017362511067084,5.037951088170843,4.97221054597178,4.8567072788106564,4.953379264220726,5.1296598460666765,5.360221625058474,5.240082511624576,6.051939739104438,-1
941,5.027432244771694,5.051011199465725,4.9608727522929605,4.865289005295884,4.950158942414024,5.130895660997253,5.355822824119986,5.234300340137995,6.047667444693164,-1
942,5.046087399812226,5.065276126616188,4.952381108758152,4.8761075004214165,4.954275274901197,5.125842434104708,5.355935961602183,5.2251730470369315,6.044899697062995,-1
943,5.053571857593958,5.069285784462778,4.950275649084085,4.897608218709551,4.963104950915051,5.120453882728132,5.360265989791973,5.210604539907513,6.050983512893229,-1
944,5.05405259403693,5.078868474421003,4.946937303701331,4.915940114434045,4.965721978536896,5.114700594120384,5.364615179667862,5.194847642793949,6.047186595031313,-1
945,5.052472667287995,5.069591899535781,4.9385059628798125,4.940016119783779,4.978444626529445,5.102770874879899,5.365579262496002,5.182996336597193,6.052827869195008,-1
946,5.044915611034519,5.0587840811745375,4.917252268065351,4.960891315635248,4.9868141125391405,5.103645255490441,5.373311707137695,5.175761826242864,6.041345817480775,-1
947,5.026560385799785,5.044894053387631,4.907026369408798,4.978839895047517,4.983612618770893,5.105865605527285,5.382387372433607,5.183940782546224,6.045329592540748,-1
948,5.007986786406229,5.016080462851177,4.9030374540539325,4.9895709138348945,4.9605811845398815,5.106083222700408,5.39003705458136,5.187061087152878,6.049864040528504,-1
949,4.988990526231414,4.99975947294788,4.904900425661082,5.003333931594116,4.944422756069225,5.113203836681427,5.401461717051278,5.19749674216121,6.0512875567762805,-1
950,4.967952691483905,4.9824451995120524,4.897758603041777,5.014483012980081,4.923821172894208,5.113361336782577,5.402551087370197,5.213264022047558,6.053029223566337,-1
951,4.944973448956144,4.97328368900556,4.8910624485572045,5.02207787923816,4.904116891741167,5.104144055644229,5.400198563518046,5.232287638656779,6.0495480792469465,-1
952,4.9296841638551605,4.962658675475801,4.8813819795810645,5.037944580954922,4.899420331396327,5.087805818863195,5.3917679798616645,5.246336460294436,6.049809632562868,-1
953,4.924182843030483,4.962065775232592,4.879642897643835,5.042524722825669,4.895493446219938,5.088652386359043,5.369477145490261,5.24983960856034,6.051687844721479,-1
954,4.924439547976163,4.96023961543279,4.8788499583802025,5.052762607574595,4.895493867013386,5.079213392679945,5.334924776000605,5.255740578307353,6.05387571289676,-1
955,4.927231201319522,4.961020864799995,4.87623410669289,5.058913527048932,4.904757467484473,5.067522629314853,5.30915575716361,5.249274859752899,6.04203630628826,-1
956,4.930719350968085,4.960636905469524,4.872677715920021,5.0560468897356055,4.928917869361911,5.064808340166511,5.285277353634088,5.25313068335479,6.052433940398764,-1
957,4.933390708907811,4.943443029178057,4.8747965597083125,5.048835349872284,4.957961693937271,5.056025010081612,5.265973337417296,5.25151438412903,6.0545743268305605,-1
958,4.949732228923344,4.933970761694997,4.879160222394927,5.041062987516374,4.982289665387825,5.046407819822216,5.246854760124222,5.251334053559382,6.047403507721619,-1
959,4.96841267251224,4.926948484691003,4.888134664836678,5.026686388336071,5.0053751988757655,5.040124921516914,5.230782239985739,5.260502958142611,6.048312045871969,-1
960,4.990575414795039,4.915836755565609,4.8915269834483714,5.007505960908881,5.036469540690899,5.03148718093892,5.224833168359244,5.272837519544031,6.041849203406308,-1
961,5.0119717034216515,4.912413599946608,4.8976068401508845,4.9871936270935615,5.061801528388162,5.0164589758022515,5.2270851909089595,5.290493353641729,6.045711022441223,-1
962,5.030560300766215,4.917759885474502,4.908007760440952,4.969288201561911,5.0884215913957735,4.997686285350035,5.238956656509535,5.300324952430717,6.046380824470258,-1
963,5.046632991088168,4.930694085997497,4.912400898391191,4.961162446993497,5.119201653578045,4.979306072068634,5.241784303805784,5.311224692972518,6.054234344479037,-1
964,5.06714628993719,4.947547039765225,4.915261702812467,4.962419983626032,5.150577080024223,4.963209422752786,5.242620224732265,5.304722283768207,6.0385121033611675,-1
965,5.083762261296663,4.974965430879238,4.9097590130648,4.9582638322877965,5.1716026279164495,4.942622674753051,5.229887284047761,5.307459376277833,6.040231059523463,-1
966,5.094917793042248,5.003471997395155,4.904370545478868,4.959696142038786,5.20206605251531,4.924566674367945,5.22199252329299,5.303007343407877,6.046354022775721,-1
967,5.113138461176802,5.021291386255738,4.900499994718641,4.959994063327615,5.223388819764477,4.916111407493612,5.228181084470177,5.3003166524084,6.051274659022113,-1
968,5.128309295604289,5.0325824296305175,4.905471686116584,4.96873110155439,5.232357562245326,4.919507545346899,5.220802798396719,5.296593909944638,6.048784513480938,-1
969,5.139942676319906,5.043271594738041,4.904104717544277,4.985445301093606,5.240014638127967,4.924181852033256,5.211961091925139,5.294331651439467,6.044330505316786,-1
970,5.151893792861692,5.0491154040900685,4.90347994613967,4.995687790694142,5.24851802712954,4.933927842288359,5.197209368232573,5.2988366185951055,6.047886232197071,-1
971,5.168982380498223,5.056659374453294,4.897994588180655,4.9948184366728,5.248254585520465,4.937743195304391,5.178597208261818,5.312500349095305,6.054513341551023,-1
972,5.177569792930638,5.066045473764201,4.901427611812697,4.989648107035807,5.249908694947849,4.933497709022066,5.172886380902545,5.325213775558083,6.049095558106954,-1
973,5.1814817985731505,5.07465086479314,4.903412801349283,4.99357976982616,5.2632954222131305,4.934461805957165,5.181104857352017,5.332548266629157,6.051134468381774,-1
974,5.173420966142971,5.06786829622769,4.905934271714215,4.9932198996752,5.257675131159419,4.946032361549644,5.192037004275389,5.345369135469557,6.046165535751648,-1
975,5.1605644466958145,5.071939668522635,4.904159931380761,4.993694081274675,5.256399168859909,4.950163550006606,5.195333101308742,5.347574641775692,6.059871204001567,-1
976,5.145102067611828,5.078572229873258,4.90626056949403,4.986946599812505,5.247674358370445,4.9529363685754655,5.207545824486771,5.3562676444492325,6.054041319330043,-1
977,5.132475859076773,5.082212430754064,4.9133358658936155,4.971949373968063,5.236560312047286,4.944786936431268,5.2286794831118035,5.36356454529449,6.049589060860805,-1
978,5.120333828723139,5.082132048510963,4.925047084945963,4.961419195727998,5.224018777284162,4.940000953821246,5.247321835732906,5.36466499965449,6.043764508678391,-1
979,5.105760980446739,5.078048244846132,4.942689460789589,4.953353826280671,5.20239479412782,4.934101063836085,5.2730945432175504,5.358490412350941,6.052818006224681,-1
980,5.0974430536912685,5.075229243256218,4.956005788523241,4.949948149487101,5.173017327156834,4.942459787975526,5.305892801362258,5.363594815997414,6.055468616496785,-1
981,5.096168007970897,5.078441063596355,4.976924036721134,4.948023793725571,5.127864287382783,4.95856849823247,5.328946966881031,5.365417810055067,6.0508050543922565,-1
982,5.110806331136969,5.0845890022815485,4.998864003997389,4.9523023046965795,5.100542813886331,4.961179759389797,5.344085867420165,5.370156518337262,6.045817497838881,-1
983,5.123228013732092,5.089715282995973,5.015698989129281,4.951741365789731,5.075791395826884,4.9551900309490975,5.3459397507056385,5.372765231488403,6.052705861287224,-1
984,5.14461303311794,5.10164586827012,5.029019582874525,4.9584660023597324,5.053133669351374,4.95362371471147,5.352773277354381,5.373384321347162,6.045832764161767,-1
985,5.168771493844995,5.1126942225727605,5.029570400391982,4.9735817526077275,5.02667293990273,4.955368301004054,5.341818088813142,5.367737639421808,6.055098004647196,-1
986,5.1930701873375975,5.1313360575273546,5.024651480182917,4.987609964337524,4.997943825036577,4.9591562435687475,5.333228546799045,5.360875865941614,6.047178556722839,-1
987,5.225335878039971,5.1427813873091415,5.024993835312351,5.002300697273583,4.9838521486149405,4.968906897532321,5.322789994310915,5.356841531754231,6.046999857311587,-1
988,5.260898048592766,5.165733934853961,5.023865009647742,5.013602575409803,4.964566481958427,4.966588906641509,5.304325139224629,5.3536972670655585,6.048653468477771,-1
989,5.291202022608598,5.180948418880388,5.02049451370865,5.027354882555726,4.949226893258361,4.959089264967544,5.295137299155025,5.348854683662099,6.055661245465458,-1
990,5.302944486362391,5.205981542149487,5.01775240582986,5.032840010770755,4.936685922187576,4.961068719835169,5.288880995372924,5.338595349658625,6.043078821725255,-1
991,5.308890222140229,5.2274555627071555,5.026967708810551,5.043877278062313,4.923751991435041,4.976881536294037,5.285771785410805,5.331488158289586,6.052367306027302,-1
992,5.304248141885341,5.247680467888789,5.034338764590047,5.0496059842631045,4.911557340377587,4.98196500334715,5.27532177379316,5.323353229424558,6.0527559906016215,-1
993,5.298323488402829,5.266629506222349,5.046664363264517,5.052904440991158,4.8991792211650305,4.992215735640073,5.275527260010801,5.323730247544935,6.050261956783446,-1
994,5.291869639766714,5.284126132602536,5.061784847327171,5.059766492497639,4.890871792341906,4.998342198619596,5.271987568544246,5.327045244572686,6.0547390335485725,-1
995,5.278071680459538,5.295308417749201,5.066398505480762,5.066757606562103,4.879488855275962,5.002996865296422,5.268848656853712,5.320801429680028,6.039656910936054,-1
996,5.255873604060505,5.292386683734291,5.073313443253822,5.073306542979621,4.86966747011941,5.002210497146721,5.257376467807704,5.306437879965895,6.0462282156415,-1
997,4.588304074098725,4.636188779853991,4.442873970532947,4.438234230000607,4.261915399458324,4.379832833751659,4.59220569149101,4.642254751945848,6.051844833239486,-1
998,3.9280236844948817,3.971125256716025,3.8116729016036475,3.80403380089409,3.647682680232749,3.7545161015896724,3.927858433729195,3.978991428134686,6.044503066548733,-1
999,3.2743576140031845,3.305751492404174,3.1744226454695994,3.169833895917444,3.0323299689448904,3.1247857071655543,3.2683777683517627,3.3147572879760774,6.054817137358227,-1
