# ell Dl err_minus err_plus
2        9.72003672e+02 -2.91601102e+01 2.91601102e+01
3        1.84270096e+03 -5.52810288e+01 5.52810288e+01
4        2.90811150e+03 -8.72433450e+01 8.72433450e+01
5        4.17961724e+03 -1.25388517e+02 1.25388517e+02
6        5.67726735e+03 -1.70318020e+02 1.70318020e+02
7        7.42269210e+03 -2.22680763e+02 2.22680763e+02
8        9.43080549e+03 -2.82924165e+02 2.82924165e+02
9        1.17237102e+04 -3.51711305e+02 3.51711305e+02
10       1.43175599e+04 -4.29526797e+02 4.29526797e+02
11       1.72198131e+04 -5.16594393e+02 5.16594393e+02
12       2.04768640e+04 -6.14305921e+02 6.14305921e+02
13       2.40747463e+04 -7.22242390e+02 7.22242390e+02
14       2.80308571e+04 -8.40925713e+02 8.40925713e+02
15       3.23279729e+04 -9.69839188e+02 9.69839188e+02
16       3.70524474e+04 -1.11157342e+03 1.11157342e+03
17       4.22350258e+04 -1.26705077e+03 1.26705077e+03
18       4.78523676e+04 -1.43557103e+03 1.43557103e+03
19       5.39719517e+04 -1.61915855e+03 1.61915855e+03
20       6.05233514e+04 -1.81570054e+03 1.81570054e+03
21       6.75654958e+04 -2.02696487e+03 2.02696487e+03
22       7.51225787e+04 -2.25367736e+03 2.25367736e+03
23       8.31841132e+04 -2.49552340e+03 2.49552340e+03
24       9.17961212e+04 -2.75388364e+03 2.75388364e+03
25       1.00995455e+05 -3.02986364e+03 3.02986364e+03
26       1.10754417e+05 -3.32263250e+03 3.32263250e+03
27       1.21138047e+05 -3.63414142e+03 3.63414142e+03
28       1.32151349e+05 -3.96454047e+03 3.96454047e+03
29       1.43806242e+05 -4.31418725e+03 4.31418725e+03
30       1.56152601e+05 -4.68457803e+03 4.68457803e+03
31       1.69121922e+05 -5.07365767e+03 5.07365767e+03
32       1.82859047e+05 -5.48577142e+03 5.48577142e+03
33       1.97304965e+05 -5.91914895e+03 5.91914895e+03
34       2.12475090e+05 -6.37425271e+03 6.37425271e+03
35       2.28502936e+05 -6.85508808e+03 6.85508808e+03
36       2.45234325e+05 -7.35702975e+03 7.35702975e+03
37       2.62794950e+05 -7.88384849e+03 7.88384849e+03
38       2.81237076e+05 -8.43711229e+03 8.43711229e+03
39       3.00566924e+05 -9.01700772e+03 9.01700772e+03
40       3.20790661e+05 -9.62371983e+03 9.62371983e+03
41       3.41909278e+05 -1.02572783e+04 1.02572783e+04
42       3.63945567e+05 -1.09183670e+04 1.09183670e+04
43       3.86925635e+05 -1.16077690e+04 1.16077690e+04
44       4.10888239e+05 -1.23266472e+04 1.23266472e+04
45       4.35880152e+05 -1.30764045e+04 1.30764045e+04
46       4.61918465e+05 -1.38575540e+04 1.38575540e+04
47       4.89024252e+05 -1.46707276e+04 1.46707276e+04
48       5.17214456e+05 -1.55164337e+04 1.55164337e+04
49       5.46510492e+05 -1.63953147e+04 1.63953147e+04
50       5.76960444e+05 -1.73088133e+04 1.73088133e+04
51       6.08617749e+05 -1.82585325e+04 1.82585325e+04
52       6.41490991e+05 -1.92447297e+04 1.92447297e+04
53       6.75577117e+05 -2.02673135e+04 2.02673135e+04
54       7.10893081e+05 -2.13267924e+04 2.13267924e+04
55       7.47461954e+05 -2.24238586e+04 2.24238586e+04
56       7.85365793e+05 -2.35609738e+04 2.35609738e+04
57       8.24689813e+05 -2.47406944e+04 2.47406944e+04
58       8.65448943e+05 -2.59634683e+04 2.59634683e+04
59       9.07630443e+05 -2.72289133e+04 2.72289133e+04
60       9.51254414e+05 -2.85376324e+04 2.85376324e+04
61       9.96356334e+05 -2.98906900e+04 2.98906900e+04
62       1.04297175e+06 -3.12891525e+04 3.12891525e+04
63       1.09114516e+06 -3.27343549e+04 3.27343549e+04
64       1.14091313e+06 -3.42273940e+04 3.42273940e+04
65       1.19232815e+06 -3.57698445e+04 3.57698445e+04
66       1.24545345e+06 -3.73636035e+04 3.73636035e+04
67       1.30031411e+06 -3.90094232e+04 3.90094232e+04
68       1.35692045e+06 -4.07076134e+04 4.07076134e+04
69       1.41527422e+06 -4.24582267e+04 4.24582267e+04
70       1.47538531e+06 -4.42615593e+04 4.42615593e+04
71       1.53726754e+06 -4.61180262e+04 4.61180262e+04
72       1.60104633e+06 -4.80313899e+04 4.80313899e+04
73       1.66685821e+06 -5.00057462e+04 5.00057462e+04
74       1.73475894e+06 -5.20427681e+04 5.20427681e+04
75       1.80479909e+06 -5.41439727e+04 5.41439727e+04
76       1.87698705e+06 -5.63096116e+04 5.63096116e+04
77       1.95125025e+06 -5.85375076e+04 5.85375076e+04
78       2.02761194e+06 -6.08283582e+04 6.08283582e+04
79       2.10615394e+06 -6.31846181e+04 6.31846181e+04
80       2.18693989e+06 -6.56081968e+04 6.56081968e+04
81       2.27003879e+06 -6.81011636e+04 6.81011636e+04
82       2.35550944e+06 -7.06652833e+04 7.06652833e+04
83       2.44337407e+06 -7.33012220e+04 7.33012220e+04
84       2.53367831e+06 -7.60103493e+04 7.60103493e+04
85       2.62645962e+06 -7.87937887e+04 7.87937887e+04
86       2.72176005e+06 -8.16528014e+04 8.16528014e+04
87       2.81958757e+06 -8.45876271e+04 8.45876271e+04
88       2.91996154e+06 -8.75988463e+04 8.75988463e+04
89       3.02293733e+06 -9.06881198e+04 9.06881198e+04
90       3.12856209e+06 -9.38568626e+04 9.38568626e+04
91       3.23689302e+06 -9.71067906e+04 9.71067906e+04
92       3.34797657e+06 -1.00439297e+05 1.00439297e+05
93       3.46187978e+06 -1.03856393e+05 1.03856393e+05
94       3.57864019e+06 -1.07359206e+05 1.07359206e+05
95       3.69832721e+06 -1.10949816e+05 1.10949816e+05
96       3.82097950e+06 -1.14629385e+05 1.14629385e+05
97       3.94664645e+06 -1.18399393e+05 1.18399393e+05
98       4.07538939e+06 -1.22261682e+05 1.22261682e+05
99       4.20722418e+06 -1.26216725e+05 1.26216725e+05
100      4.34222403e+06 -1.30266721e+05 1.30266721e+05
101      4.48042790e+06 -1.34412837e+05 1.34412837e+05
102      4.62188667e+06 -1.38656600e+05 1.38656600e+05
103      4.76662630e+06 -1.42998789e+05 1.42998789e+05
104      4.91469704e+06 -1.47440911e+05 1.47440911e+05
105      5.06613637e+06 -1.51984091e+05 1.51984091e+05
106      5.22098118e+06 -1.56629435e+05 1.56629435e+05
107      5.37926772e+06 -1.61378031e+05 1.61378031e+05
108      5.54101767e+06 -1.66230530e+05 1.66230530e+05
109      5.70629356e+06 -1.71188807e+05 1.71188807e+05
110      5.87511594e+06 -1.76253478e+05 1.76253478e+05
111      6.04751808e+06 -1.81425542e+05 1.81425542e+05
112      6.22354640e+06 -1.86706392e+05 1.86706392e+05
113      6.40323204e+06 -1.92096961e+05 1.92096961e+05
114      6.58660526e+06 -1.97598158e+05 1.97598158e+05
115      6.77369538e+06 -2.03210861e+05 2.03210861e+05
116      6.96454684e+06 -2.08936405e+05 2.08936405e+05
117      7.15918791e+06 -2.14775637e+05 2.14775637e+05
118      7.35762925e+06 -2.20728878e+05 2.20728878e+05
119      7.55991318e+06 -2.26797396e+05 2.26797396e+05
120      7.76606494e+06 -2.32981948e+05 2.32981948e+05
121      7.97610870e+06 -2.39283261e+05 2.39283261e+05
122      8.19004982e+06 -2.45701495e+05 2.45701495e+05
123      8.40792745e+06 -2.52237823e+05 2.52237823e+05
124      8.62976242e+06 -2.58892873e+05 2.58892873e+05
125      8.85555581e+06 -2.65666674e+05 2.65666674e+05
126      9.08534414e+06 -2.72560324e+05 2.72560324e+05
127      9.31912548e+06 -2.79573764e+05 2.79573764e+05
128      9.55691495e+06 -2.86707448e+05 2.86707448e+05
129      9.79874624e+06 -2.93962387e+05 2.93962387e+05
130      1.00446127e+07 -3.01338381e+05 3.01338381e+05
131      1.02945057e+07 -3.08835170e+05 3.08835170e+05
132      1.05484786e+07 -3.16454357e+05 3.16454357e+05
133      1.08065025e+07 -3.24195075e+05 3.24195075e+05
134      1.10686089e+07 -3.32058266e+05 3.32058266e+05
135      1.13347859e+07 -3.40043576e+05 3.40043576e+05
136      1.16050632e+07 -3.48151895e+05 3.48151895e+05
137      1.18794257e+07 -3.56382771e+05 3.56382771e+05
138      1.21578786e+07 -3.64736359e+05 3.64736359e+05
139      1.24404027e+07 -3.73212081e+05 3.73212081e+05
140      1.27270460e+07 -3.81811381e+05 3.81811381e+05
141      1.30177634e+07 -3.90532901e+05 3.90532901e+05
142      1.33125534e+07 -3.99376603e+05 3.99376603e+05
143      1.36114379e+07 -4.08343137e+05 4.08343137e+05
144      1.39143642e+07 -4.17430927e+05 4.17430927e+05
145      1.42213509e+07 -4.26640528e+05 4.26640528e+05
146      1.45323148e+07 -4.35969443e+05 4.35969443e+05
147      1.48472441e+07 -4.45417322e+05 4.45417322e+05
148      1.51660995e+07 -4.54982986e+05 4.54982986e+05
149      1.54888389e+07 -4.64665167e+05 4.64665167e+05
150      1.58154168e+07 -4.74462504e+05 4.74462504e+05
151      1.61457570e+07 -4.84372711e+05 4.84372711e+05
152      1.64798861e+07 -4.94396584e+05 4.94396584e+05
153      1.68177473e+07 -5.04532419e+05 5.04532419e+05
154      1.71593368e+07 -5.14780105e+05 5.14780105e+05
155      1.75046219e+07 -5.25138656e+05 5.25138656e+05
156      1.78536255e+07 -5.35608766e+05 5.35608766e+05
157      1.82062546e+07 -5.46187637e+05 5.46187637e+05
158      1.85625295e+07 -5.56875885e+05 5.56875885e+05
159      1.89223816e+07 -5.67671448e+05 5.67671448e+05
160      1.92857691e+07 -5.78573072e+05 5.78573072e+05
161      1.96525862e+07 -5.89577587e+05 5.89577587e+05
162      2.00227848e+07 -6.00683544e+05 6.00683544e+05
163      2.03963142e+07 -6.11889425e+05 6.11889425e+05
164      2.07730577e+07 -6.23191730e+05 6.23191730e+05
165      2.11529904e+07 -6.34589713e+05 6.34589713e+05
166      2.15360212e+07 -6.46080637e+05 6.46080637e+05
167      2.19220883e+07 -6.57662648e+05 6.57662648e+05
168      2.23111274e+07 -6.69333821e+05 6.69333821e+05
169      2.27030720e+07 -6.81092161e+05 6.81092161e+05
170      2.30978534e+07 -6.92935601e+05 6.92935601e+05
171      2.34953653e+07 -7.04860959e+05 7.04860959e+05
172      2.38956033e+07 -7.16868100e+05 7.16868100e+05
173      2.42984214e+07 -7.28952641e+05 7.28952641e+05
174      2.47037395e+07 -7.41112185e+05 7.41112185e+05
175      2.51115119e+07 -7.53345357e+05 7.53345357e+05
176      2.55216187e+07 -7.65648561e+05 7.65648561e+05
177      2.59339760e+07 -7.78019279e+05 7.78019279e+05
178      2.63484604e+07 -7.90453811e+05 7.90453811e+05
179      2.67650206e+07 -8.02950618e+05 8.02950618e+05
180      2.71835661e+07 -8.15506983e+05 8.15506983e+05
181      2.76039649e+07 -8.28118947e+05 8.28118947e+05
182      2.80261596e+07 -8.40784787e+05 8.40784787e+05
183      2.84500521e+07 -8.53501563e+05 8.53501563e+05
184      2.88755017e+07 -8.66265051e+05 8.66265051e+05
185      2.93024446e+07 -8.79073338e+05 8.79073338e+05
186      2.97307340e+07 -8.91922021e+05 8.91922021e+05
187      3.01603019e+07 -9.04809057e+05 9.04809057e+05
188      3.05910373e+07 -9.17731120e+05 9.17731120e+05
189      3.10227842e+07 -9.30683527e+05 9.30683527e+05
190      3.14554680e+07 -9.43664039e+05 9.43664039e+05
191      3.18889696e+07 -9.56669088e+05 9.56669088e+05
192      3.23231237e+07 -9.69693710e+05 9.69693710e+05
193      3.27578044e+07 -9.82734132e+05 9.82734132e+05
194      3.31929727e+07 -9.95789181e+05 9.95789181e+05
195      3.36284548e+07 -1.00885365e+06 1.00885365e+06
196      3.40641637e+07 -1.02192491e+06 1.02192491e+06
197      3.45000112e+07 -1.03500034e+06 1.03500034e+06
198      3.49359084e+07 -1.04807725e+06 1.04807725e+06
199      3.53716239e+07 -1.06114872e+06 1.06114872e+06
200      3.58071578e+07 -1.07421473e+06 1.07421473e+06
201      3.62423203e+07 -1.08726961e+06 1.08726961e+06
202      3.66769640e+07 -1.10030892e+06 1.10030892e+06
203      3.71108403e+07 -1.11332521e+06 1.11332521e+06
204      3.75438916e+07 -1.12631675e+06 1.12631675e+06
205      3.79758112e+07 -1.13927434e+06 1.13927434e+06
206      3.84065359e+07 -1.15219608e+06 1.15219608e+06
207      3.88358502e+07 -1.16507551e+06 1.16507551e+06
208      3.92635853e+07 -1.17790756e+06 1.17790756e+06
209      3.96898282e+07 -1.19069485e+06 1.19069485e+06
210      4.01143588e+07 -1.20343076e+06 1.20343076e+06
211      4.05371101e+07 -1.21611330e+06 1.21611330e+06
212      4.09580696e+07 -1.22874209e+06 1.22874209e+06
213      4.13771199e+07 -1.24131360e+06 1.24131360e+06
214      4.17941965e+07 -1.25382590e+06 1.25382590e+06
215      4.22091814e+07 -1.26627544e+06 1.26627544e+06
216      4.26218443e+07 -1.27865533e+06 1.27865533e+06
217      4.30320617e+07 -1.29096185e+06 1.29096185e+06
218      4.34397088e+07 -1.30319126e+06 1.30319126e+06
219      4.38446030e+07 -1.31533809e+06 1.31533809e+06
220      4.42465581e+07 -1.32739674e+06 1.32739674e+06
221      4.46455010e+07 -1.33936503e+06 1.33936503e+06
222      4.50411837e+07 -1.35123551e+06 1.35123551e+06
223      4.54335302e+07 -1.36300591e+06 1.36300591e+06
224      4.58224653e+07 -1.37467396e+06 1.37467396e+06
225      4.62078547e+07 -1.38623564e+06 1.38623564e+06
226      4.65895023e+07 -1.39768507e+06 1.39768507e+06
227      4.69673311e+07 -1.40901993e+06 1.40901993e+06
228      4.73412034e+07 -1.42023610e+06 1.42023610e+06
229      4.77110426e+07 -1.43133128e+06 1.43133128e+06
230      4.80766474e+07 -1.44229942e+06 1.44229942e+06
231      4.84379400e+07 -1.45313820e+06 1.45313820e+06
232      4.87948438e+07 -1.46384531e+06 1.46384531e+06
233      4.91471541e+07 -1.47441462e+06 1.47441462e+06
234      4.94947281e+07 -1.48484184e+06 1.48484184e+06
235      4.98375528e+07 -1.49512658e+06 1.49512658e+06
236      5.01753542e+07 -1.50526063e+06 1.50526063e+06
237      5.05081861e+07 -1.51524558e+06 1.51524558e+06
238      5.08358390e+07 -1.52507517e+06 1.52507517e+06
239      5.11582355e+07 -1.53474707e+06 1.53474707e+06
240      5.14752312e+07 -1.54425694e+06 1.54425694e+06
241      5.17866804e+07 -1.55360041e+06 1.55360041e+06
242      5.20925757e+07 -1.56277727e+06 1.56277727e+06
243      5.23927725e+07 -1.57178317e+06 1.57178317e+06
244      5.26871256e+07 -1.58061377e+06 1.58061377e+06
245      5.29756310e+07 -1.58926893e+06 1.58926893e+06
246      5.32582166e+07 -1.59774650e+06 1.59774650e+06
247      5.35346667e+07 -1.60604000e+06 1.60604000e+06
248      5.38050541e+07 -1.61415162e+06 1.61415162e+06
249      5.40691634e+07 -1.62207490e+06 1.62207490e+06
250      5.43269984e+07 -1.62980995e+06 1.62980995e+06
251      5.45783425e+07 -1.63735027e+06 1.63735027e+06
252      5.48231269e+07 -1.64469381e+06 1.64469381e+06
253      5.50612089e+07 -1.65183627e+06 1.65183627e+06
254      5.52925974e+07 -1.65877792e+06 1.65877792e+06
255      5.55169969e+07 -1.66550991e+06 1.66550991e+06
256      5.57344171e+07 -1.67203251e+06 1.67203251e+06
257      5.59447931e+07 -1.67834379e+06 1.67834379e+06
258      5.61481406e+07 -1.68444422e+06 1.68444422e+06
259      5.63443996e+07 -1.69033199e+06 1.69033199e+06
260      5.65336723e+07 -1.69601017e+06 1.69601017e+06
261      5.67158245e+07 -1.70147473e+06 1.70147473e+06
262      5.68909658e+07 -1.70672897e+06 1.70672897e+06
263      5.70590482e+07 -1.71177145e+06 1.71177145e+06
264      5.72200254e+07 -1.71660076e+06 1.71660076e+06
265      5.73737693e+07 -1.72121308e+06 1.72121308e+06
266      5.75202351e+07 -1.72560705e+06 1.72560705e+06
267      5.76594644e+07 -1.72978393e+06 1.72978393e+06
268      5.77913324e+07 -1.73373997e+06 1.73373997e+06
269      5.79157138e+07 -1.73747142e+06 1.73747142e+06
270      5.80325689e+07 -1.74097707e+06 1.74097707e+06
271      5.81420341e+07 -1.74426102e+06 1.74426102e+06
272      5.82439016e+07 -1.74731705e+06 1.74731705e+06
273      5.83384025e+07 -1.75015208e+06 1.75015208e+06
274      5.84253323e+07 -1.75275997e+06 1.75275997e+06
275      5.85047522e+07 -1.75514257e+06 1.75514257e+06
276      5.85768185e+07 -1.75730456e+06 1.75730456e+06
277      5.86414215e+07 -1.75924264e+06 1.75924264e+06
278      5.86985425e+07 -1.76095628e+06 1.76095628e+06
279      5.87482575e+07 -1.76244772e+06 1.76244772e+06
280      5.87906469e+07 -1.76371941e+06 1.76371941e+06
281      5.88256086e+07 -1.76476826e+06 1.76476826e+06
282      5.88532288e+07 -1.76559686e+06 1.76559686e+06
283      5.88735983e+07 -1.76620795e+06 1.76620795e+06
284      5.88866215e+07 -1.76659865e+06 1.76659865e+06
285      5.88923952e+07 -1.76677186e+06 1.76677186e+06
286      5.88909238e+07 -1.76672771e+06 1.76672771e+06
287      5.88824096e+07 -1.76647229e+06 1.76647229e+06
288      5.88667675e+07 -1.76600303e+06 1.76600303e+06
289      5.88440110e+07 -1.76532033e+06 1.76532033e+06
290      5.88143556e+07 -1.76443067e+06 1.76443067e+06
291      5.87778235e+07 -1.76333471e+06 1.76333471e+06
292      5.87343387e+07 -1.76203016e+06 1.76203016e+06
293      5.86840282e+07 -1.76052084e+06 1.76052084e+06
294      5.86270242e+07 -1.75881073e+06 1.75881073e+06
295      5.85632581e+07 -1.75689774e+06 1.75689774e+06
296      5.84928687e+07 -1.75478606e+06 1.75478606e+06
297      5.84157908e+07 -1.75247373e+06 1.75247373e+06
298      5.83322753e+07 -1.74996826e+06 1.74996826e+06
299      5.82423691e+07 -1.74727107e+06 1.74727107e+06
300      5.81461217e+07 -1.74438365e+06 1.74438365e+06
301      5.80436924e+07 -1.74131077e+06 1.74131077e+06
302      5.79352441e+07 -1.73805732e+06 1.73805732e+06
303      5.78208358e+07 -1.73462507e+06 1.73462507e+06
304      5.77006387e+07 -1.73101916e+06 1.73101916e+06
305      5.75748298e+07 -1.72724489e+06 1.72724489e+06
306      5.74433696e+07 -1.72330109e+06 1.72330109e+06
307      5.73065539e+07 -1.71919662e+06 1.71919662e+06
308      5.71644620e+07 -1.71493386e+06 1.71493386e+06
309      5.70171762e+07 -1.71051529e+06 1.71051529e+06
310      5.68646675e+07 -1.70594003e+06 1.70594003e+06
311      5.67073660e+07 -1.70122098e+06 1.70122098e+06
312      5.65451360e+07 -1.69635408e+06 1.69635408e+06
313      5.63783040e+07 -1.69134912e+06 1.69134912e+06
314      5.62069711e+07 -1.68620913e+06 1.68620913e+06
315      5.60311242e+07 -1.68093372e+06 1.68093372e+06
316      5.58511051e+07 -1.67553315e+06 1.67553315e+06
317      5.56670265e+07 -1.67001080e+06 1.67001080e+06
318      5.54791243e+07 -1.66437373e+06 1.66437373e+06
319      5.52873988e+07 -1.65862196e+06 1.65862196e+06
320      5.50919720e+07 -1.65275916e+06 1.65275916e+06
321      5.48933358e+07 -1.64680007e+06 1.64680007e+06
322      5.46912565e+07 -1.64073770e+06 1.64073770e+06
323      5.44862368e+07 -1.63458710e+06 1.63458710e+06
324      5.42781695e+07 -1.62834508e+06 1.62834508e+06
325      5.40674453e+07 -1.62202336e+06 1.62202336e+06
326      5.38540865e+07 -1.61562259e+06 1.61562259e+06
327      5.36383692e+07 -1.60915107e+06 1.60915107e+06
328      5.34204481e+07 -1.60261344e+06 1.60261344e+06
329      5.32004817e+07 -1.59601445e+06 1.59601445e+06
330      5.29787606e+07 -1.58936282e+06 1.58936282e+06
331      5.27553223e+07 -1.58265967e+06 1.58265967e+06
332      5.25304660e+07 -1.57591398e+06 1.57591398e+06
333      5.23042344e+07 -1.56912703e+06 1.56912703e+06
334      5.20769353e+07 -1.56230806e+06 1.56230806e+06
335      5.18488828e+07 -1.55546648e+06 1.55546648e+06
336      5.16201305e+07 -1.54860391e+06 1.54860391e+06
337      5.13908664e+07 -1.54172599e+06 1.54172599e+06
338      5.11612827e+07 -1.53483848e+06 1.53483848e+06
339      5.09317111e+07 -1.52795133e+06 1.52795133e+06
340      5.07023531e+07 -1.52107059e+06 1.52107059e+06
341      5.04732760e+07 -1.51419828e+06 1.51419828e+06
342      5.02446864e+07 -1.50734059e+06 1.50734059e+06
343      5.00167944e+07 -1.50050383e+06 1.50050383e+06
344      4.97896736e+07 -1.49369021e+06 1.49369021e+06
345      4.95635392e+07 -1.48690618e+06 1.48690618e+06
346      4.93386102e+07 -1.48015831e+06 1.48015831e+06
347      4.91149666e+07 -1.47344900e+06 1.47344900e+06
348      4.88928324e+07 -1.46678497e+06 1.46678497e+06
349      4.86725801e+07 -1.46017740e+06 1.46017740e+06
350      4.84542987e+07 -1.45362896e+06 1.45362896e+06
351      4.82383696e+07 -1.44715109e+06 1.44715109e+06
352      4.80250333e+07 -1.44075100e+06 1.44075100e+06
353      4.78143864e+07 -1.43443159e+06 1.43443159e+06
354      4.76066743e+07 -1.42820023e+06 1.42820023e+06
355      4.74022960e+07 -1.42206888e+06 1.42206888e+06
356      4.72012070e+07 -1.41603621e+06 1.41603621e+06
357      4.70036624e+07 -1.41010987e+06 1.41010987e+06
358      4.68099212e+07 -1.40429764e+06 1.40429764e+06
359      4.66200936e+07 -1.39860281e+06 1.39860281e+06
360      4.64342906e+07 -1.39302872e+06 1.39302872e+06
361      4.62527784e+07 -1.38758335e+06 1.38758335e+06
362      4.60756718e+07 -1.38227015e+06 1.38227015e+06
363      4.59033989e+07 -1.37710197e+06 1.37710197e+06
364      4.57357669e+07 -1.37207301e+06 1.37207301e+06
365      4.55733667e+07 -1.36720100e+06 1.36720100e+06
366      4.54161651e+07 -1.36248495e+06 1.36248495e+06
367      4.52644454e+07 -1.35793336e+06 1.35793336e+06
368      4.51183345e+07 -1.35355004e+06 1.35355004e+06
369      4.49779604e+07 -1.34933881e+06 1.34933881e+06
370      4.48437761e+07 -1.34531328e+06 1.34531328e+06
371      4.47155899e+07 -1.34146770e+06 1.34146770e+06
372      4.45938600e+07 -1.33781580e+06 1.33781580e+06
373      4.44785576e+07 -1.33435673e+06 1.33435673e+06
374      4.43699829e+07 -1.33109949e+06 1.33109949e+06
375      4.42681068e+07 -1.32804321e+06 1.32804321e+06
376      4.41732330e+07 -1.32519699e+06 1.32519699e+06
377      4.40856692e+07 -1.32257008e+06 1.32257008e+06
378      4.40052196e+07 -1.32015659e+06 1.32015659e+06
379      4.39323628e+07 -1.31797088e+06 1.31797088e+06
380      4.38672434e+07 -1.31601730e+06 1.31601730e+06
381      4.38098345e+07 -1.31429503e+06 1.31429503e+06
382      4.37604525e+07 -1.31281357e+06 1.31281357e+06
383      4.37192441e+07 -1.31157732e+06 1.31157732e+06
384      4.36861824e+07 -1.31058547e+06 1.31058547e+06
385      4.36614129e+07 -1.30984239e+06 1.30984239e+06
386      4.36452590e+07 -1.30935777e+06 1.30935777e+06
387      4.36378705e+07 -1.30913612e+06 1.30913612e+06
388      4.36390415e+07 -1.30917125e+06 1.30917125e+06
389      4.36490975e+07 -1.30947293e+06 1.30947293e+06
390      4.36681882e+07 -1.31004565e+06 1.31004565e+06
391      4.36964639e+07 -1.31089392e+06 1.31089392e+06
392      4.37337117e+07 -1.31201135e+06 1.31201135e+06
393      4.37804440e+07 -1.31341332e+06 1.31341332e+06
394      4.38364457e+07 -1.31509337e+06 1.31509337e+06
395      4.39018646e+07 -1.31705594e+06 1.31705594e+06
396      4.39768495e+07 -1.31930549e+06 1.31930549e+06
397      4.40613630e+07 -1.32184089e+06 1.32184089e+06
398      4.41557401e+07 -1.32467220e+06 1.32467220e+06
399      4.42599429e+07 -1.32779829e+06 1.32779829e+06
400      4.43741204e+07 -1.33122361e+06 1.33122361e+06
401      4.44984222e+07 -1.33495267e+06 1.33495267e+06
402      4.46328077e+07 -1.33898423e+06 1.33898423e+06
403      4.47774258e+07 -1.34332277e+06 1.34332277e+06
404      4.49324264e+07 -1.34797279e+06 1.34797279e+06
405      4.50975710e+07 -1.35292713e+06 1.35292713e+06
406      4.52730051e+07 -1.35819015e+06 1.35819015e+06
407      4.54588748e+07 -1.36376624e+06 1.36376624e+06
408      4.56551298e+07 -1.36965389e+06 1.36965389e+06
409      4.58615182e+07 -1.37584555e+06 1.37584555e+06
410      4.60785781e+07 -1.38235734e+06 1.38235734e+06
411      4.63056548e+07 -1.38916964e+06 1.38916964e+06
412      4.65432858e+07 -1.39629857e+06 1.39629857e+06
413      4.67914106e+07 -1.40374232e+06 1.40374232e+06
414      4.70499656e+07 -1.41149897e+06 1.41149897e+06
415      4.73186797e+07 -1.41956039e+06 1.41956039e+06
416      4.75980952e+07 -1.42794286e+06 1.42794286e+06
417      4.78877324e+07 -1.43663197e+06 1.43663197e+06
418      4.81879287e+07 -1.44563786e+06 1.44563786e+06
419      4.84984021e+07 -1.45495206e+06 1.45495206e+06
420      4.88194903e+07 -1.46458471e+06 1.46458471e+06
421      4.91509057e+07 -1.47452717e+06 1.47452717e+06
422      4.94925645e+07 -1.48477693e+06 1.48477693e+06
423      4.98448033e+07 -1.49534410e+06 1.49534410e+06
424      5.02073245e+07 -1.50621974e+06 1.50621974e+06
425      5.05800373e+07 -1.51740112e+06 1.51740112e+06
426      5.09630623e+07 -1.52889187e+06 1.52889187e+06
427      5.13558727e+07 -1.54067618e+06 1.54067618e+06
428      5.17590156e+07 -1.55277047e+06 1.55277047e+06
429      5.21717383e+07 -1.56515215e+06 1.56515215e+06
430      5.25941489e+07 -1.57782447e+06 1.57782447e+06
431      5.30263560e+07 -1.59079068e+06 1.59079068e+06
432      5.34680268e+07 -1.60404080e+06 1.60404080e+06
433      5.39194870e+07 -1.61758461e+06 1.61758461e+06
434      5.43801745e+07 -1.63140523e+06 1.63140523e+06
435      5.48504124e+07 -1.64551237e+06 1.64551237e+06
436      5.53300777e+07 -1.65990233e+06 1.65990233e+06
437      5.58190442e+07 -1.67457132e+06 1.67457132e+06
438      5.63171817e+07 -1.68951545e+06 1.68951545e+06
439      5.68245853e+07 -1.70473756e+06 1.70473756e+06
440      5.73408913e+07 -1.72022674e+06 1.72022674e+06
441      5.78659590e+07 -1.73597877e+06 1.73597877e+06
442      5.83994123e+07 -1.75198237e+06 1.75198237e+06
443      5.89413325e+07 -1.76823997e+06 1.76823997e+06
444      5.94913340e+07 -1.78474002e+06 1.78474002e+06
445      6.00492581e+07 -1.80147774e+06 1.80147774e+06
446      6.06149421e+07 -1.81844826e+06 1.81844826e+06
447      6.11882197e+07 -1.83564659e+06 1.83564659e+06
448      6.17693961e+07 -1.85308188e+06 1.85308188e+06
449      6.23580647e+07 -1.87074194e+06 1.87074194e+06
450      6.29540508e+07 -1.88862152e+06 1.88862152e+06
451      6.35574174e+07 -1.90672252e+06 1.90672252e+06
452      6.41682319e+07 -1.92504696e+06 1.92504696e+06
453      6.47858333e+07 -1.94357500e+06 1.94357500e+06
454      6.54102809e+07 -1.96230843e+06 1.96230843e+06
455      6.60411438e+07 -1.98123431e+06 1.98123431e+06
456      6.66782292e+07 -2.00034687e+06 2.00034687e+06
457      6.73213403e+07 -2.01964021e+06 2.01964021e+06
458      6.79700279e+07 -2.03910084e+06 2.03910084e+06
459      6.86238341e+07 -2.05871502e+06 2.05871502e+06
460      6.92832957e+07 -2.07849887e+06 2.07849887e+06
461      6.99474475e+07 -2.09842342e+06 2.09842342e+06
462      7.06170774e+07 -2.11851232e+06 2.11851232e+06
463      7.12912086e+07 -2.13873626e+06 2.13873626e+06
464      7.19706327e+07 -2.15911898e+06 2.15911898e+06
465      7.26543613e+07 -2.17963084e+06 2.17963084e+06
466      7.33429323e+07 -2.20028797e+06 2.20028797e+06
467      7.40358590e+07 -2.22107577e+06 2.22107577e+06
468      7.47326462e+07 -2.24197939e+06 2.24197939e+06
469      7.54333109e+07 -2.26299933e+06 2.26299933e+06
470      7.61373470e+07 -2.28412041e+06 2.28412041e+06
471      7.68442394e+07 -2.30532718e+06 2.30532718e+06
472      7.75539923e+07 -2.32661977e+06 2.32661977e+06
473      7.82660795e+07 -2.34798239e+06 2.34798239e+06
474      7.89804986e+07 -2.36941496e+06 2.36941496e+06
475      7.96969796e+07 -2.39090939e+06 2.39090939e+06
476      8.04155167e+07 -2.41246550e+06 2.41246550e+06
477      8.11355648e+07 -2.43406694e+06 2.43406694e+06
478      8.18573820e+07 -2.45572146e+06 2.45572146e+06
479      8.25809589e+07 -2.47742877e+06 2.47742877e+06
480      8.33054674e+07 -2.49916402e+06 2.49916402e+06
481      8.40314361e+07 -2.52094308e+06 2.52094308e+06
482      8.47577513e+07 -2.54273254e+06 2.54273254e+06
483      8.54846631e+07 -2.56453989e+06 2.56453989e+06
484      8.62115931e+07 -2.58634779e+06 2.58634779e+06
485      8.69379541e+07 -2.60813862e+06 2.60813862e+06
486      8.76639890e+07 -2.62991967e+06 2.62991967e+06
487      8.83891020e+07 -2.65167306e+06 2.65167306e+06
488      8.91129706e+07 -2.67338912e+06 2.67338912e+06
489      8.98358337e+07 -2.69507501e+06 2.69507501e+06
490      9.05570817e+07 -2.71671245e+06 2.71671245e+06
491      9.12766666e+07 -2.73830000e+06 2.73830000e+06
492      9.19945404e+07 -2.75983621e+06 2.75983621e+06
493      9.27106550e+07 -2.78131965e+06 2.78131965e+06
494      9.34246729e+07 -2.80274019e+06 2.80274019e+06
495      9.41362520e+07 -2.82408756e+06 2.82408756e+06
496      9.48453368e+07 -2.84536010e+06 2.84536010e+06
497      9.55512862e+07 -2.86653859e+06 2.86653859e+06
498      9.62540374e+07 -2.88762112e+06 2.88762112e+06
499      9.69532324e+07 -2.90859697e+06 2.90859697e+06
500      9.76485082e+07 -2.92945524e+06 2.92945524e+06
501      9.83394976e+07 -2.95018493e+06 2.95018493e+06
502      9.90261304e+07 -2.97078391e+06 2.97078391e+06
503      9.97080371e+07 -2.99124111e+06 2.99124111e+06
504      1.00385144e+08 -3.01155433e+06 3.01155433e+06
505      1.01057681e+08 -3.03173042e+06 3.03173042e+06
506      1.01724969e+08 -3.05174907e+06 3.05174907e+06
507      1.02387237e+08 -3.07161710e+06 3.07161710e+06
508      1.03044104e+08 -3.09132311e+06 3.09132311e+06
509      1.03695185e+08 -3.11085556e+06 3.11085556e+06
510      1.04341016e+08 -3.13023048e+06 3.13023048e+06
511      1.04980593e+08 -3.14941779e+06 3.14941779e+06
512      1.05614452e+08 -3.16843356e+06 3.16843356e+06
513      1.06241890e+08 -3.18725671e+06 3.18725671e+06
514      1.06862822e+08 -3.20588465e+06 3.20588465e+06
515      1.07477160e+08 -3.22431479e+06 3.22431479e+06
516      1.08084817e+08 -3.24254452e+06 3.24254452e+06
517      1.08685391e+08 -3.26056173e+06 3.26056173e+06
518      1.09278472e+08 -3.27835415e+06 3.27835415e+06
519      1.09864283e+08 -3.29592849e+06 3.29592849e+06
520      1.10442093e+08 -3.31326279e+06 3.31326279e+06
521      1.11012124e+08 -3.33036371e+06 3.33036371e+06
522      1.11573955e+08 -3.34721866e+06 3.34721866e+06
523      1.12127165e+08 -3.36381494e+06 3.36381494e+06
524      1.12672297e+08 -3.38016891e+06 3.38016891e+06
525      1.13208602e+08 -3.39625806e+06 3.39625806e+06
526      1.13736630e+08 -3.41209890e+06 3.41209890e+06
527      1.14255954e+08 -3.42767861e+06 3.42767861e+06
528      1.14766470e+08 -3.44299411e+06 3.44299411e+06
529      1.15268077e+08 -3.45804231e+06 3.45804231e+06
530      1.15761003e+08 -3.47283009e+06 3.47283009e+06
531      1.16244480e+08 -3.48733440e+06 3.48733440e+06
532      1.16719071e+08 -3.50157213e+06 3.50157213e+06
533      1.17184337e+08 -3.51553012e+06 3.51553012e+06
534      1.17639836e+08 -3.52919509e+06 3.52919509e+06
535      1.18086136e+08 -3.54258408e+06 3.54258408e+06
536      1.18522453e+08 -3.55567360e+06 3.55567360e+06
537      1.18949360e+08 -3.56848081e+06 3.56848081e+06
538      1.19366410e+08 -3.58099231e+06 3.58099231e+06
539      1.19773839e+08 -3.59321518e+06 3.59321518e+06
540      1.20170852e+08 -3.60512555e+06 3.60512555e+06
541      1.20558374e+08 -3.61675123e+06 3.61675123e+06
542      1.20935957e+08 -3.62807871e+06 3.62807871e+06
543      1.21303144e+08 -3.63909432e+06 3.63909432e+06
544      1.21660525e+08 -3.64981576e+06 3.64981576e+06
545      1.22007997e+08 -3.66023992e+06 3.66023992e+06
546      1.22345103e+08 -3.67035308e+06 3.67035308e+06
547      1.22672087e+08 -3.68016260e+06 3.68016260e+06
548      1.22988844e+08 -3.68966532e+06 3.68966532e+06
549      1.23295269e+08 -3.69885806e+06 3.69885806e+06
550      1.23591254e+08 -3.70773763e+06 3.70773763e+06
551      1.23877412e+08 -3.71632237e+06 3.71632237e+06
552      1.24152919e+08 -3.72458756e+06 3.72458756e+06
553      1.24418386e+08 -3.73255157e+06 3.73255157e+06
554      1.24674073e+08 -3.74022219e+06 3.74022219e+06
555      1.24919515e+08 -3.74758545e+06 3.74758545e+06
556      1.25154606e+08 -3.75463818e+06 3.75463818e+06
557      1.25380343e+08 -3.76141028e+06 3.76141028e+06
558      1.25595893e+08 -3.76787679e+06 3.76787679e+06
559      1.25801524e+08 -3.77404572e+06 3.77404572e+06
560      1.25997136e+08 -3.77991409e+06 3.77991409e+06
561      1.26183376e+08 -3.78550127e+06 3.78550127e+06
562      1.26359401e+08 -3.79078202e+06 3.79078202e+06
563      1.26525862e+08 -3.79577586e+06 3.79577586e+06
564      1.26683043e+08 -3.80049128e+06 3.80049128e+06
565      1.26830097e+08 -3.80490291e+06 3.80490291e+06
566      1.26967685e+08 -3.80903055e+06 3.80903055e+06
567      1.27096097e+08 -3.81288291e+06 3.81288291e+06
568      1.27214864e+08 -3.81644591e+06 3.81644591e+06
569      1.27324277e+08 -3.81972831e+06 3.81972831e+06
570      1.27424249e+08 -3.82272747e+06 3.82272747e+06
571      1.27515077e+08 -3.82545232e+06 3.82545232e+06
572      1.27597065e+08 -3.82791195e+06 3.82791195e+06
573      1.27670131e+08 -3.83010393e+06 3.83010393e+06
574      1.27734194e+08 -3.83202581e+06 3.83202581e+06
575      1.27790346e+08 -3.83371037e+06 3.83371037e+06
576      1.27837732e+08 -3.83513196e+06 3.83513196e+06
577      1.27877456e+08 -3.83632369e+06 3.83632369e+06
578      1.27909057e+08 -3.83727170e+06 3.83727170e+06
579      1.27932859e+08 -3.83798578e+06 3.83798578e+06
580      1.27949195e+08 -3.83847584e+06 3.83847584e+06
581      1.27958400e+08 -3.83875200e+06 3.83875200e+06
582      1.27960415e+08 -3.83881244e+06 3.83881244e+06
583      1.27955179e+08 -3.83865537e+06 3.83865537e+06
584      1.27943441e+08 -3.83830322e+06 3.83830322e+06
585      1.27925147e+08 -3.83775440e+06 3.83775440e+06
586      1.27900245e+08 -3.83700734e+06 3.83700734e+06
587      1.27869090e+08 -3.83607269e+06 3.83607269e+06
588      1.27832451e+08 -3.83497353e+06 3.83497353e+06
589      1.27789466e+08 -3.83368397e+06 3.83368397e+06
590      1.27741321e+08 -3.83223962e+06 3.83223962e+06
591      1.27687978e+08 -3.83063934e+06 3.83063934e+06
592      1.27629400e+08 -3.82888200e+06 3.82888200e+06
593      1.27565965e+08 -3.82697894e+06 3.82697894e+06
594      1.27497637e+08 -3.82492911e+06 3.82492911e+06
595      1.27425221e+08 -3.82275664e+06 3.82275664e+06
596      1.27348691e+08 -3.82046072e+06 3.82046072e+06
597      1.27268018e+08 -3.81804055e+06 3.81804055e+06
598      1.27183600e+08 -3.81550800e+06 3.81550800e+06
599      1.27095837e+08 -3.81287512e+06 3.81287512e+06
600      1.27004711e+08 -3.81014133e+06 3.81014133e+06
601      1.26911055e+08 -3.80733166e+06 3.80733166e+06
602      1.26813992e+08 -3.80441975e+06 3.80441975e+06
603      1.26715212e+08 -3.80145635e+06 3.80145635e+06
604      1.26613837e+08 -3.79841511e+06 3.79841511e+06
605      1.26510278e+08 -3.79530834e+06 3.79530834e+06
606      1.26405386e+08 -3.79216158e+06 3.79216158e+06
607      1.26298713e+08 -3.78896139e+06 3.78896139e+06
608      1.26191119e+08 -3.78573358e+06 3.78573358e+06
609      1.26083037e+08 -3.78249110e+06 3.78249110e+06
610      1.25973581e+08 -3.77920742e+06 3.77920742e+06
611      1.25864507e+08 -3.77593521e+06 3.77593521e+06
612      1.25754934e+08 -3.77264801e+06 3.77264801e+06
613      1.25645301e+08 -3.76935904e+06 3.76935904e+06
614      1.25536949e+08 -3.76610846e+06 3.76610846e+06
615      1.25428545e+08 -3.76285636e+06 3.76285636e+06
616      1.25321887e+08 -3.75965662e+06 3.75965662e+06
617      1.25216541e+08 -3.75649623e+06 3.75649623e+06
618      1.25112970e+08 -3.75338910e+06 3.75338910e+06
619      1.25011191e+08 -3.75033573e+06 3.75033573e+06
620      1.24911675e+08 -3.74735024e+06 3.74735024e+06
621      1.24815355e+08 -3.74446066e+06 3.74446066e+06
622      1.24721803e+08 -3.74165410e+06 3.74165410e+06
623      1.24631043e+08 -3.73893129e+06 3.73893129e+06
624      1.24544022e+08 -3.73632065e+06 3.73632065e+06
625      1.24460772e+08 -3.73382315e+06 3.73382315e+06
626      1.24381791e+08 -3.73145372e+06 3.73145372e+06
627      1.24306651e+08 -3.72919953e+06 3.72919953e+06
628      1.24236786e+08 -3.72710359e+06 3.72710359e+06
629      1.24171307e+08 -3.72513921e+06 3.72513921e+06
630      1.24111190e+08 -3.72333570e+06 3.72333570e+06
631      1.24056482e+08 -3.72169447e+06 3.72169447e+06
632      1.24007231e+08 -3.72021694e+06 3.72021694e+06
633      1.23964432e+08 -3.71893297e+06 3.71893297e+06
634      1.23927666e+08 -3.71782997e+06 3.71782997e+06
635      1.23897461e+08 -3.71692382e+06 3.71692382e+06
636      1.23874353e+08 -3.71623059e+06 3.71623059e+06
637      1.23858404e+08 -3.71575211e+06 3.71575211e+06
638      1.23849674e+08 -3.71549022e+06 3.71549022e+06
639      1.23848709e+08 -3.71546128e+06 3.71546128e+06
640      1.23855576e+08 -3.71566728e+06 3.71566728e+06
641      1.23870827e+08 -3.71612482e+06 3.71612482e+06
642      1.23894047e+08 -3.71682141e+06 3.71682141e+06
643      1.23926771e+08 -3.71780312e+06 3.71780312e+06
644      1.23967607e+08 -3.71902820e+06 3.71902820e+06
645      1.24018101e+08 -3.72054302e+06 3.72054302e+06
646      1.24078334e+08 -3.72235003e+06 3.72235003e+06
647      1.24147895e+08 -3.72443684e+06 3.72443684e+06
648      1.24227357e+08 -3.72682070e+06 3.72682070e+06
649      1.24316804e+08 -3.72950411e+06 3.72950411e+06
650      1.24417319e+08 -3.73251958e+06 3.73251958e+06
651      1.24527992e+08 -3.73583976e+06 3.73583976e+06
652      1.24649404e+08 -3.73948213e+06 3.73948213e+06
653      1.24782145e+08 -3.74346435e+06 3.74346435e+06
654      1.24926302e+08 -3.74778905e+06 3.74778905e+06
655      1.25082471e+08 -3.75247413e+06 3.75247413e+06
656      1.25249727e+08 -3.75749182e+06 3.75749182e+06
657      1.25429178e+08 -3.76287534e+06 3.76287534e+06
658      1.25620916e+08 -3.76862749e+06 3.76862749e+06
659      1.25825038e+08 -3.77475113e+06 3.77475113e+06
660      1.26041636e+08 -3.78124909e+06 3.78124909e+06
661      1.26270808e+08 -3.78812424e+06 3.78812424e+06
662      1.26513167e+08 -3.79539500e+06 3.79539500e+06
663      1.26768293e+08 -3.80304878e+06 3.80304878e+06
664      1.27036804e+08 -3.81110413e+06 3.81110413e+06
665      1.27318803e+08 -3.81956408e+06 3.81956408e+06
666      1.27613865e+08 -3.82841594e+06 3.82841594e+06
667      1.27922614e+08 -3.83767841e+06 3.83767841e+06
668      1.28245681e+08 -3.84737043e+06 3.84737043e+06
669      1.28582114e+08 -3.85746342e+06 3.85746342e+06
670      1.28933074e+08 -3.86799221e+06 3.86799221e+06
671      1.29298136e+08 -3.87894407e+06 3.87894407e+06
672      1.29677403e+08 -3.89032210e+06 3.89032210e+06
673      1.30070981e+08 -3.90212944e+06 3.90212944e+06
674      1.30478974e+08 -3.91436922e+06 3.91436922e+06
675      1.30902025e+08 -3.92706076e+06 3.92706076e+06
676      1.31339705e+08 -3.94019115e+06 3.94019115e+06
677      1.31792119e+08 -3.95376356e+06 3.95376356e+06
678      1.32258828e+08 -3.96776484e+06 3.96776484e+06
679      1.32741027e+08 -3.98223080e+06 3.98223080e+06
680      1.33238279e+08 -3.99714836e+06 3.99714836e+06
681      1.33750143e+08 -4.01250429e+06 4.01250429e+06
682      1.34276722e+08 -4.02830167e+06 4.02830167e+06
683      1.34818672e+08 -4.04456017e+06 4.04456017e+06
684      1.35376102e+08 -4.06128307e+06 4.06128307e+06
685      1.35948010e+08 -4.07844031e+06 4.07844031e+06
686      1.36535054e+08 -4.09605161e+06 4.09605161e+06
687      1.37137338e+08 -4.11412013e+06 4.11412013e+06
688      1.37754968e+08 -4.13264905e+06 4.13264905e+06
689      1.38388052e+08 -4.15164157e+06 4.15164157e+06
690      1.39036133e+08 -4.17108399e+06 4.17108399e+06
691      1.39699313e+08 -4.19097939e+06 4.19097939e+06
692      1.40377696e+08 -4.21133088e+06 4.21133088e+06
693      1.41071385e+08 -4.23214156e+06 4.23214156e+06
694      1.41779916e+08 -4.25339747e+06 4.25339747e+06
695      1.42503959e+08 -4.27511877e+06 4.27511877e+06
696      1.43241900e+08 -4.29725701e+06 4.29725701e+06
697      1.43995557e+08 -4.31986670e+06 4.31986670e+06
698      1.44763305e+08 -4.34289915e+06 4.34289915e+06
699      1.45546395e+08 -4.36639184e+06 4.36639184e+06
700      1.46343769e+08 -4.39031307e+06 4.39031307e+06
701      1.47155523e+08 -4.41466569e+06 4.41466569e+06
702      1.47981174e+08 -4.43943521e+06 4.43943521e+06
703      1.48821404e+08 -4.46464211e+06 4.46464211e+06
704      1.49676316e+08 -4.49028948e+06 4.49028948e+06
705      1.50544249e+08 -4.51632747e+06 4.51632747e+06
706      1.51427063e+08 -4.54281188e+06 4.54281188e+06
707      1.52323087e+08 -4.56969261e+06 4.56969261e+06
708      1.53232413e+08 -4.59697240e+06 4.59697240e+06
709      1.54155728e+08 -4.62467185e+06 4.62467185e+06
710      1.55091936e+08 -4.65275808e+06 4.65275808e+06
711      1.56041125e+08 -4.68123375e+06 4.68123375e+06
712      1.57003984e+08 -4.71011953e+06 4.71011953e+06
713      1.57978804e+08 -4.73936411e+06 4.73936411e+06
714      1.58966266e+08 -4.76898799e+06 4.76898799e+06
715      1.59966459e+08 -4.79899378e+06 4.79899378e+06
716      1.60978255e+08 -4.82934766e+06 4.82934766e+06
717      1.62001732e+08 -4.86005197e+06 4.86005197e+06
718      1.63036968e+08 -4.89110905e+06 4.89110905e+06
719      1.64083430e+08 -4.92250291e+06 4.92250291e+06
720      1.65141193e+08 -4.95423578e+06 4.95423578e+06
721      1.66209715e+08 -4.98629146e+06 4.98629146e+06
722      1.67289069e+08 -5.01867207e+06 5.01867207e+06
723      1.68379325e+08 -5.05137976e+06 5.05137976e+06
724      1.69479935e+08 -5.08439806e+06 5.08439806e+06
725      1.70590967e+08 -5.11772901e+06 5.11772901e+06
726      1.71711864e+08 -5.15135592e+06 5.15135592e+06
727      1.72842690e+08 -5.18528070e+06 5.18528070e+06
728      1.73983509e+08 -5.21950527e+06 5.21950527e+06
729      1.75132499e+08 -5.25397496e+06 5.25397496e+06
730      1.76290970e+08 -5.28872909e+06 5.28872909e+06
731      1.77458350e+08 -5.32375051e+06 5.32375051e+06
732      1.78633428e+08 -5.35900283e+06 5.35900283e+06
733      1.79816884e+08 -5.39450651e+06 5.39450651e+06
734      1.81008132e+08 -5.43024396e+06 5.43024396e+06
735      1.82205940e+08 -5.46617821e+06 5.46617821e+06
736      1.83411628e+08 -5.50234884e+06 5.50234884e+06
737      1.84623314e+08 -5.53869941e+06 5.53869941e+06
738      1.85841674e+08 -5.57525022e+06 5.57525022e+06
739      1.87066100e+08 -5.61198301e+06 5.61198301e+06
740      1.88295978e+08 -5.64887933e+06 5.64887933e+06
741      1.89530684e+08 -5.68592052e+06 5.68592052e+06
742      1.90770242e+08 -5.72310727e+06 5.72310727e+06
743      1.92014676e+08 -5.76044028e+06 5.76044028e+06
744      1.93262698e+08 -5.79788094e+06 5.79788094e+06
745      1.94514322e+08 -5.83542965e+06 5.83542965e+06
746      1.95768902e+08 -5.87306706e+06 5.87306706e+06
747      1.97026447e+08 -5.91079342e+06 5.91079342e+06
748      1.98286304e+08 -5.94858913e+06 5.94858913e+06
749      1.99548476e+08 -5.98645429e+06 5.98645429e+06
750      2.00812301e+08 -6.02436904e+06 6.02436904e+06
751      2.02077113e+08 -6.06231339e+06 6.06231339e+06
752      2.03342247e+08 -6.10026742e+06 6.10026742e+06
753      2.04608378e+08 -6.13825134e+06 6.13825134e+06
754      2.05874840e+08 -6.17624521e+06 6.17624521e+06
755      2.07140963e+08 -6.21422889e+06 6.21422889e+06
756      2.08406068e+08 -6.25218203e+06 6.25218203e+06
757      2.09671504e+08 -6.29014513e+06 6.29014513e+06
758      2.10935917e+08 -6.32807750e+06 6.32807750e+06
759      2.12199298e+08 -6.36597895e+06 6.36597895e+06
760      2.13460960e+08 -6.40382880e+06 6.40382880e+06
761      2.14720891e+08 -6.44162672e+06 6.44162672e+06
762      2.15978392e+08 -6.47935175e+06 6.47935175e+06
763      2.17233448e+08 -6.51700343e+06 6.51700343e+06
764      2.18484661e+08 -6.55453982e+06 6.55453982e+06
765      2.19732004e+08 -6.59196013e+06 6.59196013e+06
766      2.20975453e+08 -6.62926359e+06 6.62926359e+06
767      2.22213588e+08 -6.66640764e+06 6.66640764e+06
768      2.23447071e+08 -6.70341213e+06 6.70341213e+06
769      2.24673771e+08 -6.74021313e+06 6.74021313e+06
770      2.25895045e+08 -6.77685135e+06 6.77685135e+06
771      2.27109450e+08 -6.81328350e+06 6.81328350e+06
772      2.28316233e+08 -6.84948699e+06 6.84948699e+06
773      2.29516050e+08 -6.88548151e+06 6.88548151e+06
774      2.30707437e+08 -6.92122310e+06 6.92122310e+06
775      2.31890335e+08 -6.95671006e+06 6.95671006e+06
776      2.33065402e+08 -6.99196205e+06 6.99196205e+06
777      2.34231870e+08 -7.02695610e+06 7.02695610e+06
778      2.35389683e+08 -7.06169050e+06 7.06169050e+06
779      2.36538785e+08 -7.09616354e+06 7.09616354e+06
780      2.37678397e+08 -7.13035192e+06 7.13035192e+06
781      2.38809181e+08 -7.16427544e+06 7.16427544e+06
782      2.39929632e+08 -7.19788895e+06 7.19788895e+06
783      2.41040407e+08 -7.23121221e+06 7.23121221e+06
784      2.42139989e+08 -7.26419968e+06 7.26419968e+06
785      2.43228306e+08 -7.29684918e+06 7.29684918e+06
786      2.44303820e+08 -7.32911461e+06 7.32911461e+06
787      2.45367181e+08 -7.36101543e+06 7.36101543e+06
788      2.46417574e+08 -7.39252722e+06 7.39252722e+06
789      2.47453440e+08 -7.42360320e+06 7.42360320e+06
790      2.48476160e+08 -7.45428481e+06 7.45428481e+06
791      2.49484169e+08 -7.48452506e+06 7.48452506e+06
792      2.50478110e+08 -7.51434331e+06 7.51434331e+06
793      2.51457149e+08 -7.54371448e+06 7.54371448e+06
794      2.52421188e+08 -7.57263565e+06 7.57263565e+06
795      2.53369382e+08 -7.60108145e+06 7.60108145e+06
796      2.54302375e+08 -7.62907124e+06 7.62907124e+06
797      2.55220070e+08 -7.65660209e+06 7.65660209e+06
798      2.56121613e+08 -7.68364840e+06 7.68364840e+06
799      2.57007657e+08 -7.71022970e+06 7.71022970e+06
800      2.57877342e+08 -7.73632026e+06 7.73632026e+06
801      2.58730565e+08 -7.76191695e+06 7.76191695e+06
802      2.59567990e+08 -7.78703969e+06 7.78703969e+06
803      2.60387998e+08 -7.81163995e+06 7.81163995e+06
804      2.61191255e+08 -7.83573764e+06 7.83573764e+06
805      2.61976126e+08 -7.85928379e+06 7.85928379e+06
806      2.62741736e+08 -7.88225207e+06 7.88225207e+06
807      2.63487967e+08 -7.90463902e+06 7.90463902e+06
808      2.64214705e+08 -7.92644115e+06 7.92644115e+06
809      2.64921057e+08 -7.94763172e+06 7.94763172e+06
810      2.65606901e+08 -7.96820704e+06 7.96820704e+06
811      2.66272113e+08 -7.98816340e+06 7.98816340e+06
812      2.66918130e+08 -8.00754390e+06 8.00754390e+06
813      2.67544055e+08 -8.02632166e+06 8.02632166e+06
814      2.68150554e+08 -8.04451662e+06 8.04451662e+06
815      2.68738297e+08 -8.06214890e+06 8.06214890e+06
816      2.69307174e+08 -8.07921522e+06 8.07921522e+06
817      2.69856285e+08 -8.09568856e+06 8.09568856e+06
818      2.70385514e+08 -8.11156541e+06 8.11156541e+06
819      2.70893947e+08 -8.12681842e+06 8.12681842e+06
820      2.71380666e+08 -8.14141997e+06 8.14141997e+06
821      2.71844740e+08 -8.15534221e+06 8.15534221e+06
822      2.72286034e+08 -8.16858102e+06 8.16858102e+06
823      2.72703606e+08 -8.18110819e+06 8.18110819e+06
824      2.73098116e+08 -8.19294347e+06 8.19294347e+06
825      2.73470229e+08 -8.20410686e+06 8.20410686e+06
826      2.73819810e+08 -8.21459429e+06 8.21459429e+06
827      2.74147533e+08 -8.22442600e+06 8.22442600e+06
828      2.74453268e+08 -8.23359805e+06 8.23359805e+06
829      2.74738511e+08 -8.24215533e+06 8.24215533e+06
830      2.75003140e+08 -8.25009421e+06 8.25009421e+06
831      2.75247036e+08 -8.25741107e+06 8.25741107e+06
832      2.75469255e+08 -8.26407766e+06 8.26407766e+06
833      2.75668850e+08 -8.27006551e+06 8.27006551e+06
834      2.75846508e+08 -8.27539524e+06 8.27539524e+06
835      2.76000448e+08 -8.28001344e+06 8.28001344e+06
836      2.76129701e+08 -8.28389102e+06 8.28389102e+06
837      2.76234946e+08 -8.28704837e+06 8.28704837e+06
838      2.76316870e+08 -8.28950610e+06 8.28950610e+06
839      2.76373668e+08 -8.29121005e+06 8.29121005e+06
840      2.76408530e+08 -8.29225590e+06 8.29225590e+06
841      2.76420489e+08 -8.29261466e+06 8.29261466e+06
842      2.76410249e+08 -8.29230746e+06 8.29230746e+06
843      2.76377680e+08 -8.29133039e+06 8.29133039e+06
844      2.76325180e+08 -8.28975541e+06 8.28975541e+06
845      2.76250102e+08 -8.28750306e+06 8.28750306e+06
846      2.76154006e+08 -8.28462018e+06 8.28462018e+06
847      2.76035074e+08 -8.28105221e+06 8.28105221e+06
848      2.75894022e+08 -8.27682066e+06 8.27682066e+06
849      2.75729870e+08 -8.27189610e+06 8.27189610e+06
850      2.75541627e+08 -8.26624880e+06 8.26624880e+06
851      2.75330863e+08 -8.25992588e+06 8.25992588e+06
852      2.75096578e+08 -8.25289735e+06 8.25289735e+06
853      2.74839486e+08 -8.24518458e+06 8.24518458e+06
854      2.74559442e+08 -8.23678325e+06 8.23678325e+06
855      2.74258896e+08 -8.22776688e+06 8.22776688e+06
856      2.73935987e+08 -8.21807961e+06 8.21807961e+06
857      2.73593182e+08 -8.20779546e+06 8.20779546e+06
858      2.73230358e+08 -8.19691074e+06 8.19691074e+06
859      2.72847391e+08 -8.18542172e+06 8.18542172e+06
860      2.72444156e+08 -8.17332467e+06 8.17332467e+06
861      2.72021404e+08 -8.16064212e+06 8.16064212e+06
862      2.71578136e+08 -8.14734409e+06 8.14734409e+06
863      2.71115988e+08 -8.13347963e+06 8.13347963e+06
864      2.70633958e+08 -8.11901875e+06 8.11901875e+06
865      2.70131925e+08 -8.10395776e+06 8.10395776e+06
866      2.69611540e+08 -8.08834619e+06 8.08834619e+06
867      2.69070909e+08 -8.07212728e+06 8.07212728e+06
868      2.68510800e+08 -8.05532399e+06 8.05532399e+06
869      2.67931985e+08 -8.03795954e+06 8.03795954e+06
870      2.67333452e+08 -8.02000356e+06 8.02000356e+06
871      2.66715977e+08 -8.00147932e+06 8.00147932e+06
872      2.66080343e+08 -7.98241029e+06 7.98241029e+06
873      2.65425535e+08 -7.96276606e+06 7.96276606e+06
874      2.64753243e+08 -7.94259728e+06 7.94259728e+06
875      2.64063358e+08 -7.92190073e+06 7.92190073e+06
876      2.63356679e+08 -7.90070038e+06 7.90070038e+06
877      2.62633104e+08 -7.87899313e+06 7.87899313e+06
878      2.61895265e+08 -7.85685796e+06 7.85685796e+06
879      2.61141247e+08 -7.83423740e+06 7.83423740e+06
880      2.60372782e+08 -7.81118345e+06 7.81118345e+06
881      2.59588863e+08 -7.78766588e+06 7.78766588e+06
882      2.58791236e+08 -7.76373707e+06 7.76373707e+06
883      2.57978894e+08 -7.73936682e+06 7.73936682e+06
884      2.57151746e+08 -7.71455238e+06 7.71455238e+06
885      2.56310627e+08 -7.68931880e+06 7.68931880e+06
886      2.55455450e+08 -7.66366349e+06 7.66366349e+06
887      2.54586127e+08 -7.63758382e+06 7.63758382e+06
888      2.53704438e+08 -7.61113313e+06 7.61113313e+06
889      2.52808433e+08 -7.58425300e+06 7.58425300e+06
890      2.51900837e+08 -7.55702510e+06 7.55702510e+06
891      2.50980636e+08 -7.52941909e+06 7.52941909e+06
892      2.50048695e+08 -7.50146085e+06 7.50146085e+06
893      2.49104939e+08 -7.47314818e+06 7.47314818e+06
894      2.48151187e+08 -7.44453560e+06 7.44453560e+06
895      2.47185479e+08 -7.41556438e+06 7.41556438e+06
896      2.46210592e+08 -7.38631775e+06 7.38631775e+06
897      2.45225515e+08 -7.35676544e+06 7.35676544e+06
898      2.44231139e+08 -7.32693416e+06 7.32693416e+06
899      2.43228362e+08 -7.29685085e+06 7.29685085e+06
900      2.42217131e+08 -7.26651393e+06 7.26651393e+06
901      2.41197391e+08 -7.23592172e+06 7.23592172e+06
902      2.40170997e+08 -7.20512992e+06 7.20512992e+06
903      2.39137891e+08 -7.17413672e+06 7.17413672e+06
904      2.38098010e+08 -7.14294030e+06 7.14294030e+06
905      2.37052263e+08 -7.11156788e+06 7.11156788e+06
906      2.36000594e+08 -7.08001781e+06 7.08001781e+06
907      2.34944894e+08 -7.04834683e+06 7.04834683e+06
908      2.33884145e+08 -7.01652434e+06 7.01652434e+06
909      2.32819272e+08 -6.98457816e+06 6.98457816e+06
910      2.31750232e+08 -6.95250696e+06 6.95250696e+06
911      2.30677961e+08 -6.92033884e+06 6.92033884e+06
912      2.29603406e+08 -6.88810219e+06 6.88810219e+06
913      2.28526533e+08 -6.85579600e+06 6.85579600e+06
914      2.27447310e+08 -6.82341929e+06 6.82341929e+06
915      2.26365701e+08 -6.79097104e+06 6.79097104e+06
916      2.25283661e+08 -6.75850984e+06 6.75850984e+06
917      2.24200173e+08 -6.72600519e+06 6.72600519e+06
918      2.23115209e+08 -6.69345626e+06 6.69345626e+06
919      2.22030740e+08 -6.66092219e+06 6.66092219e+06
920      2.20946751e+08 -6.62840252e+06 6.62840252e+06
921      2.19862223e+08 -6.59586668e+06 6.59586668e+06
922      2.18779146e+08 -6.56337438e+06 6.56337438e+06
923      2.17698520e+08 -6.53095560e+06 6.53095560e+06
924      2.16618321e+08 -6.49854963e+06 6.49854963e+06
925      2.15541572e+08 -6.46624715e+06 6.46624715e+06
926      2.14467261e+08 -6.43401783e+06 6.43401783e+06
927      2.13396403e+08 -6.40189209e+06 6.40189209e+06
928      2.12330022e+08 -6.36990065e+06 6.36990065e+06
929      2.11268127e+08 -6.33804380e+06 6.33804380e+06
930      2.10210729e+08 -6.30632186e+06 6.30632186e+06
931      2.09157839e+08 -6.27473517e+06 6.27473517e+06
932      2.08111523e+08 -6.24334570e+06 6.24334570e+06
933      2.07070776e+08 -6.21212329e+06 6.21212329e+06
934      2.06036647e+08 -6.18109941e+06 6.18109941e+06
935      2.05009160e+08 -6.15027481e+06 6.15027481e+06
936      2.03988340e+08 -6.11965019e+06 6.11965019e+06
937      2.02975249e+08 -6.08925748e+06 6.08925748e+06
938      2.01969920e+08 -6.05909760e+06 6.05909760e+06
939      2.00973427e+08 -6.02920280e+06 6.02920280e+06
940      1.99984762e+08 -5.99954285e+06 5.99954285e+06
941      1.99006053e+08 -5.97018159e+06 5.97018159e+06
942      1.98036295e+08 -5.94108886e+06 5.94108886e+06
943      1.97076580e+08 -5.91229740e+06 5.91229740e+06
944      1.96126953e+08 -5.88380859e+06 5.88380859e+06
945      1.95188517e+08 -5.85565552e+06 5.85565552e+06
946      1.94260266e+08 -5.82780799e+06 5.82780799e+06
947      1.93344370e+08 -5.80033109e+06 5.80033109e+06
948      1.92439824e+08 -5.77319472e+06 5.77319472e+06
949      1.91546683e+08 -5.74640050e+06 5.74640050e+06
950      1.90667138e+08 -5.72001414e+06 5.72001414e+06
951      1.89800184e+08 -5.69400551e+06 5.69400551e+06
952      1.88945871e+08 -5.66837612e+06 5.66837612e+06
953      1.88105322e+08 -5.64315967e+06 5.64315967e+06
954      1.87277517e+08 -5.61832551e+06 5.61832551e+06
955      1.86464663e+08 -5.59393988e+06 5.59393988e+06
956      1.85665741e+08 -5.56997222e+06 5.56997222e+06
957      1.84881892e+08 -5.54645675e+06 5.54645675e+06
958      1.84112093e+08 -5.52336279e+06 5.52336279e+06
959      1.83357491e+08 -5.50072473e+06 5.50072473e+06
960      1.82619241e+08 -5.47857722e+06 5.47857722e+06
961      1.81896321e+08 -5.45688964e+06 5.45688964e+06
962      1.81189894e+08 -5.43569681e+06 5.43569681e+06
963      1.80500031e+08 -5.41500093e+06 5.41500093e+06
964      1.79826807e+08 -5.39480421e+06 5.39480421e+06
965      1.79170296e+08 -5.37510887e+06 5.37510887e+06
966      1.78530572e+08 -5.35591715e+06 5.35591715e+06
967      1.77908818e+08 -5.33726453e+06 5.33726453e+06
968      1.77304007e+08 -5.31912022e+06 5.31912022e+06
969      1.76717329e+08 -5.30151987e+06 5.30151987e+06
970      1.76148867e+08 -5.28446600e+06 5.28446600e+06
971      1.75597590e+08 -5.26792769e+06 5.26792769e+06
972      1.75064696e+08 -5.25194087e+06 5.25194087e+06
973      1.74550271e+08 -5.23650813e+06 5.23650813e+06
974      1.74055526e+08 -5.22166579e+06 5.22166579e+06
975      1.73578306e+08 -5.20734919e+06 5.20734919e+06
976      1.73119821e+08 -5.19359463e+06 5.19359463e+06
977      1.72681290e+08 -5.18043871e+06 5.18043871e+06
978      1.72261680e+08 -5.16785040e+06 5.16785040e+06
979      1.71861082e+08 -5.15583247e+06 5.15583247e+06
980      1.71480726e+08 -5.14442179e+06 5.14442179e+06
981      1.71119574e+08 -5.13358723e+06 5.13358723e+06
982      1.70777721e+08 -5.12333164e+06 5.12333164e+06
983      1.70455263e+08 -5.11365790e+06 5.11365790e+06
984      1.70153443e+08 -5.10460328e+06 5.10460328e+06
985      1.69871216e+08 -5.09613649e+06 5.09613649e+06
986      1.69608683e+08 -5.08826050e+06 5.08826050e+06
987      1.69367097e+08 -5.08101290e+06 5.08101290e+06
988      1.69145409e+08 -5.07436227e+06 5.07436227e+06
989      1.68943723e+08 -5.06831169e+06 5.06831169e+06
990      1.68762141e+08 -5.06286424e+06 5.06286424e+06
991      1.68600769e+08 -5.05802308e+06 5.05802308e+06
992      1.68460876e+08 -5.05382628e+06 5.05382628e+06
993      1.68340242e+08 -5.05020726e+06 5.05020726e+06
994      1.68241306e+08 -5.04723919e+06 5.04723919e+06
995      1.68161841e+08 -5.04485524e+06 5.04485524e+06
996      1.68103124e+08 -5.04309372e+06 5.04309372e+06
997      1.68065266e+08 -5.04195797e+06 5.04195797e+06
998      1.68048378e+08 -5.04145134e+06 5.04145134e+06
999      1.68051394e+08 -5.04154181e+06 5.04154181e+06
1000     1.68075603e+08 -5.04226809e+06 5.04226809e+06
1001     1.68118752e+08 -5.04356257e+06 5.04356257e+06
1002     1.68183330e+08 -5.04549991e+06 5.04549991e+06
1003     1.68267086e+08 -5.04801257e+06 5.04801257e+06
1004     1.68371329e+08 -5.05113986e+06 5.05113986e+06
1005     1.68493793e+08 -5.05481380e+06 5.05481380e+06
1006     1.68636988e+08 -5.05910963e+06 5.05910963e+06
1007     1.68798638e+08 -5.06395915e+06 5.06395915e+06
1008     1.68980063e+08 -5.06940189e+06 5.06940189e+06
1009     1.69181384e+08 -5.07544151e+06 5.07544151e+06
1010     1.69400310e+08 -5.08200929e+06 5.08200929e+06
1011     1.69639371e+08 -5.08918112e+06 5.08918112e+06
1012     1.69896269e+08 -5.09688807e+06 5.09688807e+06
1013     1.70171117e+08 -5.10513351e+06 5.10513351e+06
1014     1.70466462e+08 -5.11399385e+06 5.11399385e+06
1015     1.70778775e+08 -5.12336325e+06 5.12336325e+06
1016     1.71110609e+08 -5.13331826e+06 5.13331826e+06
1017     1.71462087e+08 -5.14386260e+06 5.14386260e+06
1018     1.71830881e+08 -5.15492644e+06 5.15492644e+06
1019     1.72218333e+08 -5.16654999e+06 5.16654999e+06
1020     1.72624562e+08 -5.17873685e+06 5.17873685e+06
1021     1.73048454e+08 -5.19145363e+06 5.19145363e+06
1022     1.73490126e+08 -5.20470378e+06 5.20470378e+06
1023     1.73947215e+08 -5.21841645e+06 5.21841645e+06
1024     1.74422306e+08 -5.23266917e+06 5.23266917e+06
1025     1.74911785e+08 -5.24735355e+06 5.24735355e+06
1026     1.75418242e+08 -5.26254726e+06 5.26254726e+06
1027     1.75939292e+08 -5.27817875e+06 5.27817875e+06
1028     1.76475033e+08 -5.29425099e+06 5.29425099e+06
1029     1.77028071e+08 -5.31084214e+06 5.31084214e+06
1030     1.77594756e+08 -5.32784267e+06 5.32784267e+06
1031     1.78177695e+08 -5.34533086e+06 5.34533086e+06
1032     1.78774479e+08 -5.36323438e+06 5.36323438e+06
1033     1.79387729e+08 -5.38163188e+06 5.38163188e+06
1034     1.80015026e+08 -5.40045078e+06 5.40045078e+06
1035     1.80657734e+08 -5.41973203e+06 5.41973203e+06
1036     1.81313420e+08 -5.43940261e+06 5.43940261e+06
1037     1.81980903e+08 -5.45942710e+06 5.45942710e+06
1038     1.82662819e+08 -5.47988457e+06 5.47988457e+06
1039     1.83356713e+08 -5.50070140e+06 5.50070140e+06
1040     1.84061394e+08 -5.52184181e+06 5.52184181e+06
1041     1.84778223e+08 -5.54334670e+06 5.54334670e+06
1042     1.85506006e+08 -5.56518019e+06 5.56518019e+06
1043     1.86243538e+08 -5.58730613e+06 5.58730613e+06
1044     1.86993473e+08 -5.60980418e+06 5.60980418e+06
1045     1.87753319e+08 -5.63259956e+06 5.63259956e+06
1046     1.88523153e+08 -5.65569458e+06 5.65569458e+06
1047     1.89303053e+08 -5.67909160e+06 5.67909160e+06
1048     1.90093099e+08 -5.70279298e+06 5.70279298e+06
1049     1.90892068e+08 -5.72676205e+06 5.72676205e+06
1050     1.91700034e+08 -5.75100102e+06 5.75100102e+06
1051     1.92515766e+08 -5.77547298e+06 5.77547298e+06
1052     1.93339351e+08 -5.80018054e+06 5.80018054e+06
1053     1.94170880e+08 -5.82512640e+06 5.82512640e+06
1054     1.95010444e+08 -5.85031332e+06 5.85031332e+06
1055     1.95855501e+08 -5.87566504e+06 5.87566504e+06
1056     1.96707450e+08 -5.90122349e+06 5.90122349e+06
1057     1.97565054e+08 -5.92695162e+06 5.92695162e+06
1058     1.98428394e+08 -5.95285183e+06 5.95285183e+06
1059     1.99296223e+08 -5.97888670e+06 5.97888670e+06
1060     2.00169945e+08 -6.00509836e+06 6.00509836e+06
1061     2.01048310e+08 -6.03144929e+06 6.03144929e+06
1062     2.01931392e+08 -6.05794177e+06 6.05794177e+06
1063     2.02817931e+08 -6.08453794e+06 6.08453794e+06
1064     2.03707996e+08 -6.11123988e+06 6.11123988e+06
1065     2.04600314e+08 -6.13800941e+06 6.13800941e+06
1066     2.05496292e+08 -6.16488876e+06 6.16488876e+06
1067     2.06393307e+08 -6.19179920e+06 6.19179920e+06
1068     2.07294114e+08 -6.21882341e+06 6.21882341e+06
1069     2.08194727e+08 -6.24584182e+06 6.24584182e+06
1070     2.09097907e+08 -6.27293721e+06 6.27293721e+06
1071     2.10001003e+08 -6.30003008e+06 6.30003008e+06
1072     2.10905425e+08 -6.32716274e+06 6.32716274e+06
1073     2.11808506e+08 -6.35425518e+06 6.35425518e+06
1074     2.12711654e+08 -6.38134963e+06 6.38134963e+06
1075     2.13613553e+08 -6.40840660e+06 6.40840660e+06
1076     2.14515617e+08 -6.43546850e+06 6.43546850e+06
1077     2.15415150e+08 -6.46245451e+06 6.46245451e+06
1078     2.16313566e+08 -6.48940697e+06 6.48940697e+06
1079     2.17208151e+08 -6.51624453e+06 6.51624453e+06
1080     2.18101696e+08 -6.54305087e+06 6.54305087e+06
1081     2.18991478e+08 -6.56974433e+06 6.56974433e+06
1082     2.19877526e+08 -6.59632579e+06 6.59632579e+06
1083     2.20759870e+08 -6.62279610e+06 6.62279610e+06
1084     2.21638537e+08 -6.64915610e+06 6.64915610e+06
1085     2.22512162e+08 -6.67536486e+06 6.67536486e+06
1086     2.23380767e+08 -6.70142300e+06 6.70142300e+06
1087     2.24244371e+08 -6.72733113e+06 6.72733113e+06
1088     2.25101594e+08 -6.75304781e+06 6.75304781e+06
1089     2.25952448e+08 -6.77857343e+06 6.77857343e+06
1090     2.26796944e+08 -6.80390833e+06 6.80390833e+06
1091     2.27635095e+08 -6.82905286e+06 6.82905286e+06
1092     2.28465501e+08 -6.85396502e+06 6.85396502e+06
1093     2.29288164e+08 -6.87864491e+06 6.87864491e+06
1094     2.30103086e+08 -6.90309259e+06 6.90309259e+06
1095     2.30910272e+08 -6.92730815e+06 6.92730815e+06
1096     2.31708299e+08 -6.95124898e+06 6.95124898e+06
1097     2.32498587e+08 -6.97495761e+06 6.97495761e+06
1098     2.33279709e+08 -6.99839128e+06 6.99839128e+06
1099     2.34050229e+08 -7.02150687e+06 7.02150687e+06
1100     2.34812994e+08 -7.04438982e+06 7.04438982e+06
1101     2.35563703e+08 -7.06691108e+06 7.06691108e+06
1102     2.36305217e+08 -7.08915652e+06 7.08915652e+06
1103     2.37034663e+08 -7.11103990e+06 7.11103990e+06
1104     2.37754915e+08 -7.13264745e+06 7.13264745e+06
1105     2.38463087e+08 -7.15389261e+06 7.15389261e+06
1106     2.39159167e+08 -7.17477501e+06 7.17477501e+06
1107     2.39844593e+08 -7.19533780e+06 7.19533780e+06
1108     2.40516455e+08 -7.21549366e+06 7.21549366e+06
1109     2.41177642e+08 -7.23532926e+06 7.23532926e+06
1110     2.41825231e+08 -7.25475694e+06 7.25475694e+06
1111     2.42460661e+08 -7.27381984e+06 7.27381984e+06
1112     2.43082453e+08 -7.29247360e+06 7.29247360e+06
1113     2.43692050e+08 -7.31076149e+06 7.31076149e+06
1114     2.44287965e+08 -7.32863895e+06 7.32863895e+06
1115     2.44870174e+08 -7.34610523e+06 7.34610523e+06
1116     2.45438651e+08 -7.36315954e+06 7.36315954e+06
1117     2.45993370e+08 -7.37980111e+06 7.37980111e+06
1118     2.46534303e+08 -7.39602910e+06 7.39602910e+06
1119     2.47059941e+08 -7.41179823e+06 7.41179823e+06
1120     2.47570247e+08 -7.42710742e+06 7.42710742e+06
1121     2.48066671e+08 -7.44200014e+06 7.44200014e+06
1122     2.48547693e+08 -7.45643080e+06 7.45643080e+06
1123     2.49013275e+08 -7.47039825e+06 7.47039825e+06
1124     2.49464872e+08 -7.48394615e+06 7.48394615e+06
1125     2.49899455e+08 -7.49698366e+06 7.49698366e+06
1126     2.50316977e+08 -7.50950931e+06 7.50950931e+06
1127     2.50720393e+08 -7.52161178e+06 7.52161178e+06
1128     2.51108162e+08 -7.53324486e+06 7.53324486e+06
1129     2.51478733e+08 -7.54436199e+06 7.54436199e+06
1130     2.51835075e+08 -7.55505226e+06 7.55505226e+06
1131     2.52174124e+08 -7.56522372e+06 7.56522372e+06
1132     2.52497341e+08 -7.57492024e+06 7.57492024e+06
1133     2.52804680e+08 -7.58414040e+06 7.58414040e+06
1134     2.53094570e+08 -7.59283711e+06 7.59283711e+06
1135     2.53368479e+08 -7.60105438e+06 7.60105438e+06
1136     2.53626357e+08 -7.60879072e+06 7.60879072e+06
1137     2.53866624e+08 -7.61599871e+06 7.61599871e+06
1138     2.54090750e+08 -7.62272251e+06 7.62272251e+06
1139     2.54298684e+08 -7.62896053e+06 7.62896053e+06
1140     2.54487297e+08 -7.63461890e+06 7.63461890e+06
1141     2.54661137e+08 -7.63983410e+06 7.63983410e+06
1142     2.54817071e+08 -7.64451212e+06 7.64451212e+06
1143     2.54956579e+08 -7.64869736e+06 7.64869736e+06
1144     2.55078054e+08 -7.65234161e+06 7.65234161e+06
1145     2.55182980e+08 -7.65548939e+06 7.65548939e+06
1146     2.55271296e+08 -7.65813889e+06 7.65813889e+06
1147     2.55342941e+08 -7.66028823e+06 7.66028823e+06
1148     2.55396292e+08 -7.66188876e+06 7.66188876e+06
1149     2.55432839e+08 -7.66298516e+06 7.66298516e+06
1150     2.55452516e+08 -7.66357548e+06 7.66357548e+06
1151     2.55455255e+08 -7.66365766e+06 7.66365766e+06
1152     2.55440980e+08 -7.66322940e+06 7.66322940e+06
1153     2.55411182e+08 -7.66233546e+06 7.66233546e+06
1154     2.55362637e+08 -7.66087910e+06 7.66087910e+06
1155     2.55298410e+08 -7.65895230e+06 7.65895230e+06
1156     2.55216845e+08 -7.65650534e+06 7.65650534e+06
1157     2.55119439e+08 -7.65358316e+06 7.65358316e+06
1158     2.55006113e+08 -7.65018339e+06 7.65018339e+06
1159     2.54876788e+08 -7.64630365e+06 7.64630365e+06
1160     2.54731382e+08 -7.64194147e+06 7.64194147e+06
1161     2.54569813e+08 -7.63709438e+06 7.63709438e+06
1162     2.54393593e+08 -7.63180778e+06 7.63180778e+06
1163     2.54201045e+08 -7.62603134e+06 7.62603134e+06
1164     2.53993685e+08 -7.61981054e+06 7.61981054e+06
1165     2.53771433e+08 -7.61314300e+06 7.61314300e+06
1166     2.53532600e+08 -7.60597800e+06 7.60597800e+06
1167     2.53278705e+08 -7.59836116e+06 7.59836116e+06
1168     2.53009666e+08 -7.59028998e+06 7.59028998e+06
1169     2.52727014e+08 -7.58181041e+06 7.58181041e+06
1170     2.52429050e+08 -7.57287150e+06 7.57287150e+06
1171     2.52117310e+08 -7.56351930e+06 7.56351930e+06
1172     2.51791713e+08 -7.55375139e+06 7.55375139e+06
1173     2.51452177e+08 -7.54356531e+06 7.54356531e+06
1174     2.51098619e+08 -7.53295857e+06 7.53295857e+06
1175     2.50730955e+08 -7.52192865e+06 7.52192865e+06
1176     2.50350735e+08 -7.51052206e+06 7.51052206e+06
1177     2.49957882e+08 -7.49873646e+06 7.49873646e+06
1178     2.49550674e+08 -7.48652021e+06 7.48652021e+06
1179     2.49132311e+08 -7.47396933e+06 7.47396933e+06
1180     2.48701073e+08 -7.46103219e+06 7.46103219e+06
1181     2.48256877e+08 -7.44770632e+06 7.44770632e+06
1182     2.47801293e+08 -7.43403879e+06 7.43403879e+06
1183     2.47334244e+08 -7.42002732e+06 7.42002732e+06
1184     2.46855653e+08 -7.40566959e+06 7.40566959e+06
1185     2.46365442e+08 -7.39096325e+06 7.39096325e+06
1186     2.45863531e+08 -7.37590592e+06 7.37590592e+06
1187     2.45351507e+08 -7.36054521e+06 7.36054521e+06
1188     2.44829298e+08 -7.34487895e+06 7.34487895e+06
1189     2.44296831e+08 -7.32890494e+06 7.32890494e+06
1190     2.43752355e+08 -7.31257066e+06 7.31257066e+06
1191     2.43200823e+08 -7.29602469e+06 7.29602469e+06
1192     2.42638812e+08 -7.27916437e+06 7.27916437e+06
1193     2.42067931e+08 -7.26203792e+06 7.26203792e+06
1194     2.41489796e+08 -7.24469388e+06 7.24469388e+06
1195     2.40902658e+08 -7.22707973e+06 7.22707973e+06
1196     2.40306445e+08 -7.20919335e+06 7.20919335e+06
1197     2.39702783e+08 -7.19108348e+06 7.19108348e+06
1198     2.39093305e+08 -7.17279916e+06 7.17279916e+06
1199     2.38476257e+08 -7.15428770e+06 7.15428770e+06
1200     2.37851573e+08 -7.13554718e+06 7.13554718e+06
1201     2.37220890e+08 -7.11662671e+06 7.11662671e+06
1202     2.36584132e+08 -7.09752397e+06 7.09752397e+06
1203     2.35941216e+08 -7.07823648e+06 7.07823648e+06
1204     2.35293773e+08 -7.05881320e+06 7.05881320e+06
1205     2.34640011e+08 -7.03920032e+06 7.03920032e+06
1206     2.33981565e+08 -7.01944694e+06 7.01944694e+06
1207     2.33318359e+08 -6.99955076e+06 6.99955076e+06
1208     2.32652042e+08 -6.97956126e+06 6.97956126e+06
1209     2.31982545e+08 -6.95947636e+06 6.95947636e+06
1210     2.31308066e+08 -6.93924199e+06 6.93924199e+06
1211     2.30630261e+08 -6.91890783e+06 6.91890783e+06
1212     2.29950797e+08 -6.89852391e+06 6.89852391e+06
1213     2.29267870e+08 -6.87803610e+06 6.87803610e+06
1214     2.28583152e+08 -6.85749456e+06 6.85749456e+06
1215     2.27898326e+08 -6.83694977e+06 6.83694977e+06
1216     2.27209836e+08 -6.81629507e+06 6.81629507e+06
1217     2.26521114e+08 -6.79563343e+06 6.79563343e+06
1218     2.25832104e+08 -6.77496313e+06 6.77496313e+06
1219     2.25142749e+08 -6.75428246e+06 6.75428246e+06
1220     2.24451229e+08 -6.73353686e+06 6.73353686e+06
1221     2.23762770e+08 -6.71288310e+06 6.71288310e+06
1222     2.23072031e+08 -6.69216094e+06 6.69216094e+06
1223     2.22384254e+08 -6.67152763e+06 6.67152763e+06
1224     2.21695852e+08 -6.65087557e+06 6.65087557e+06
1225     2.21010317e+08 -6.63030952e+06 6.63030952e+06
1226     2.20325829e+08 -6.60977486e+06 6.60977486e+06
1227     2.19644117e+08 -6.58932351e+06 6.58932351e+06
1228     2.18965140e+08 -6.56895419e+06 6.56895419e+06
1229     2.18290641e+08 -6.54871923e+06 6.54871923e+06
1230     2.17618797e+08 -6.52856392e+06 6.52856392e+06
1231     2.16949565e+08 -6.50848696e+06 6.50848696e+06
1232     2.16284698e+08 -6.48854095e+06 6.48854095e+06
1233     2.15625960e+08 -6.46877880e+06 6.46877880e+06
1234     2.14969722e+08 -6.44909166e+06 6.44909166e+06
1235     2.14319550e+08 -6.42958651e+06 6.42958651e+06
1236     2.13673611e+08 -6.41020834e+06 6.41020834e+06
1237     2.13033682e+08 -6.39101046e+06 6.39101046e+06
1238     2.12399736e+08 -6.37199209e+06 6.37199209e+06
1239     2.11771750e+08 -6.35315249e+06 6.35315249e+06
1240     2.11149696e+08 -6.33449089e+06 6.33449089e+06
1241     2.10535374e+08 -6.31606123e+06 6.31606123e+06
1242     2.09928767e+08 -6.29786302e+06 6.29786302e+06
1243     2.09328032e+08 -6.27984096e+06 6.27984096e+06
1244     2.08734975e+08 -6.26204926e+06 6.26204926e+06
1245     2.08149583e+08 -6.24448748e+06 6.24448748e+06
1246     2.07573676e+08 -6.22721029e+06 6.22721029e+06
1247     2.07005412e+08 -6.21016235e+06 6.21016235e+06
1248     2.06446618e+08 -6.19339853e+06 6.19339853e+06
1249     2.05895445e+08 -6.17686334e+06 6.17686334e+06
1250     2.05355578e+08 -6.16066734e+06 6.16066734e+06
1251     2.04823317e+08 -6.14469951e+06 6.14469951e+06
1252     2.04300492e+08 -6.12901477e+06 6.12901477e+06
1253     2.03788944e+08 -6.11366832e+06 6.11366832e+06
1254     2.03286803e+08 -6.09860408e+06 6.09860408e+06
1255     2.02795916e+08 -6.08387747e+06 6.08387747e+06
1256     2.02316276e+08 -6.06948829e+06 6.06948829e+06
1257     2.01847878e+08 -6.05543635e+06 6.05543635e+06
1258     2.01390716e+08 -6.04172148e+06 6.04172148e+06
1259     2.00942909e+08 -6.02828728e+06 6.02828728e+06
1260     2.00510081e+08 -6.01530244e+06 6.01530244e+06
1261     2.00086602e+08 -6.00259807e+06 6.00259807e+06
1262     1.99676230e+08 -5.99028689e+06 5.99028689e+06
1263     1.99278971e+08 -5.97836914e+06 5.97836914e+06
1264     1.98892946e+08 -5.96678838e+06 5.96678838e+06
1265     1.98520047e+08 -5.95560140e+06 5.95560140e+06
1266     1.98158388e+08 -5.94475165e+06 5.94475165e+06
1267     1.97811772e+08 -5.93435316e+06 5.93435316e+06
1268     1.97478317e+08 -5.92434951e+06 5.92434951e+06
1269     1.97158037e+08 -5.91474110e+06 5.91474110e+06
1270     1.96850945e+08 -5.90552836e+06 5.90552836e+06
1271     1.96557059e+08 -5.89671178e+06 5.89671178e+06
1272     1.96278309e+08 -5.88834928e+06 5.88834928e+06
1273     1.96012805e+08 -5.88038415e+06 5.88038415e+06
1274     1.95760373e+08 -5.87281119e+06 5.87281119e+06
1275     1.95522956e+08 -5.86568869e+06 5.86568869e+06
1276     1.95300006e+08 -5.85900018e+06 5.85900018e+06
1277     1.95091550e+08 -5.85274649e+06 5.85274649e+06
1278     1.94897617e+08 -5.84692850e+06 5.84692850e+06
1279     1.94718237e+08 -5.84154711e+06 5.84154711e+06
1280     1.94553635e+08 -5.83660906e+06 5.83660906e+06
1281     1.94403845e+08 -5.83211536e+06 5.83211536e+06
1282     1.94268901e+08 -5.82806704e+06 5.82806704e+06
1283     1.94148839e+08 -5.82446516e+06 5.82446516e+06
1284     1.94043695e+08 -5.82131084e+06 5.82131084e+06
1285     1.93953703e+08 -5.81861108e+06 5.81861108e+06
1286     1.93878707e+08 -5.81636120e+06 5.81636120e+06
1287     1.93818943e+08 -5.81456830e+06 5.81456830e+06
1288     1.93774259e+08 -5.81322776e+06 5.81322776e+06
1289     1.93744696e+08 -5.81234087e+06 5.81234087e+06
1290     1.93730692e+08 -5.81192075e+06 5.81192075e+06
1291     1.93731900e+08 -5.81195700e+06 5.81195700e+06
1292     1.93748366e+08 -5.81245099e+06 5.81245099e+06
1293     1.93780138e+08 -5.81340415e+06 5.81340415e+06
1294     1.93827463e+08 -5.81482390e+06 5.81482390e+06
1295     1.93889796e+08 -5.81669389e+06 5.81669389e+06
1296     1.93967584e+08 -5.81902753e+06 5.81902753e+06
1297     1.94060482e+08 -5.82181445e+06 5.82181445e+06
1298     1.94168740e+08 -5.82506219e+06 5.82506219e+06
1299     1.94292013e+08 -5.82876038e+06 5.82876038e+06
1300     1.94430354e+08 -5.83291061e+06 5.83291061e+06
1301     1.94583819e+08 -5.83751458e+06 5.83751458e+06
1302     1.94752273e+08 -5.84256819e+06 5.84256819e+06
1303     1.94935580e+08 -5.84806741e+06 5.84806741e+06
1304     1.95133606e+08 -5.85400819e+06 5.85400819e+06
1305     1.95346822e+08 -5.86040465e+06 5.86040465e+06
1306     1.95574489e+08 -5.86723467e+06 5.86723467e+06
1307     1.95816878e+08 -5.87450634e+06 5.87450634e+06
1308     1.96073857e+08 -5.88221570e+06 5.88221570e+06
1309     1.96345292e+08 -5.89035877e+06 5.89035877e+06
1310     1.96630850e+08 -5.89892550e+06 5.89892550e+06
1311     1.96930803e+08 -5.90792410e+06 5.90792410e+06
1312     1.97244817e+08 -5.91734451e+06 5.91734451e+06
1313     1.97572759e+08 -5.92718278e+06 5.92718278e+06
1314     1.97914499e+08 -5.93743496e+06 5.93743496e+06
1315     1.98269903e+08 -5.94809708e+06 5.94809708e+06
1316     1.98638840e+08 -5.95916520e+06 5.95916520e+06
1317     1.99021179e+08 -5.97063537e+06 5.97063537e+06
1318     1.99416788e+08 -5.98250363e+06 5.98250363e+06
1319     1.99825535e+08 -5.99476606e+06 5.99476606e+06
1320     2.00247084e+08 -6.00741253e+06 6.00741253e+06
1321     2.00681508e+08 -6.02044525e+06 6.02044525e+06
1322     2.01128677e+08 -6.03386031e+06 6.03386031e+06
1323     2.01588044e+08 -6.04764133e+06 6.04764133e+06
1324     2.02059686e+08 -6.06179057e+06 6.06179057e+06
1325     2.02543261e+08 -6.07629783e+06 6.07629783e+06
1326     2.03038638e+08 -6.09115913e+06 6.09115913e+06
1327     2.03545683e+08 -6.10637050e+06 6.10637050e+06
1328     2.04064057e+08 -6.12192170e+06 6.12192170e+06
1329     2.04593415e+08 -6.13780245e+06 6.13780245e+06
1330     2.05133834e+08 -6.15401501e+06 6.15401501e+06
1331     2.05684969e+08 -6.17054908e+06 6.17054908e+06
1332     2.06246268e+08 -6.18738805e+06 6.18738805e+06
1333     2.06818015e+08 -6.20454044e+06 6.20454044e+06
1334     2.07399653e+08 -6.22198959e+06 6.22198959e+06
1335     2.07990836e+08 -6.23972509e+06 6.23972509e+06
1336     2.08591638e+08 -6.25774915e+06 6.25774915e+06
1337     2.09201500e+08 -6.27604499e+06 6.27604499e+06
1338     2.09820494e+08 -6.29461482e+06 6.29461482e+06
1339     2.10448060e+08 -6.31344179e+06 6.31344179e+06
1340     2.11083845e+08 -6.33251534e+06 6.33251534e+06
1341     2.11727921e+08 -6.35183762e+06 6.35183762e+06
1342     2.12379722e+08 -6.37139167e+06 6.37139167e+06
1343     2.13039107e+08 -6.39117320e+06 6.39117320e+06
1344     2.13705505e+08 -6.41116514e+06 6.41116514e+06
1345     2.14378986e+08 -6.43136957e+06 6.43136957e+06
1346     2.15058977e+08 -6.45176931e+06 6.45176931e+06
1347     2.15745333e+08 -6.47235999e+06 6.47235999e+06
1348     2.16437477e+08 -6.49312430e+06 6.49312430e+06
1349     2.17135475e+08 -6.51406424e+06 6.51406424e+06
1350     2.17838747e+08 -6.53516242e+06 6.53516242e+06
1351     2.18547149e+08 -6.55641446e+06 6.55641446e+06
1352     2.19260332e+08 -6.57780997e+06 6.57780997e+06
1353     2.19978605e+08 -6.59935814e+06 6.59935814e+06
1354     2.20699454e+08 -6.62098363e+06 6.62098363e+06
1355     2.21426003e+08 -6.64278010e+06 6.64278010e+06
1356     2.22156171e+08 -6.66468513e+06 6.66468513e+06
1357     2.22890044e+08 -6.68670132e+06 6.68670132e+06
1358     2.23627709e+08 -6.70883126e+06 6.70883126e+06
1359     2.24367068e+08 -6.73101203e+06 6.73101203e+06
1360     2.25108199e+08 -6.75324598e+06 6.75324598e+06
1361     2.25851183e+08 -6.77553548e+06 6.77553548e+06
1362     2.26598292e+08 -6.79794876e+06 6.79794876e+06
1363     2.27345221e+08 -6.82035664e+06 6.82035664e+06
1364     2.28094243e+08 -6.84282728e+06 6.84282728e+06
1365     2.28845437e+08 -6.86536311e+06 6.86536311e+06
1366     2.29594470e+08 -6.88783411e+06 6.88783411e+06
1367     2.30345827e+08 -6.91037482e+06 6.91037482e+06
1368     2.31097375e+08 -6.93292126e+06 6.93292126e+06
1369     2.31846970e+08 -6.95540910e+06 6.95540910e+06
1370     2.32599116e+08 -6.97797347e+06 6.97797347e+06
1371     2.33347224e+08 -7.00041673e+06 7.00041673e+06
1372     2.34095804e+08 -7.02287411e+06 7.02287411e+06
1373     2.34842697e+08 -7.04528092e+06 7.04528092e+06
1374     2.35587969e+08 -7.06763907e+06 7.06763907e+06
1375     2.36329446e+08 -7.08988339e+06 7.08988339e+06
1376     2.37069424e+08 -7.11208271e+06 7.11208271e+06
1377     2.37807966e+08 -7.13423897e+06 7.13423897e+06
1378     2.38542890e+08 -7.15628670e+06 7.15628670e+06
1379     2.39274251e+08 -7.17822754e+06 7.17822754e+06
1380     2.39999851e+08 -7.19999552e+06 7.19999552e+06
1381     2.40724246e+08 -7.22172739e+06 7.22172739e+06
1382     2.41442983e+08 -7.24328948e+06 7.24328948e+06
1383     2.42156105e+08 -7.26468314e+06 7.26468314e+06
1384     2.42863657e+08 -7.28590970e+06 7.28590970e+06
1385     2.43567952e+08 -7.30703857e+06 7.30703857e+06
1386     2.44266773e+08 -7.32800319e+06 7.32800319e+06
1387     2.44957887e+08 -7.34873660e+06 7.34873660e+06
1388     2.45643607e+08 -7.36930820e+06 7.36930820e+06
1389     2.46321693e+08 -7.38965080e+06 7.38965080e+06
1390     2.46994467e+08 -7.40983400e+06 7.40983400e+06
1391     2.47659680e+08 -7.42979040e+06 7.42979040e+06
1392     2.48317366e+08 -7.44952099e+06 7.44952099e+06
1393     2.48969854e+08 -7.46909562e+06 7.46909562e+06
1394     2.49612587e+08 -7.48837760e+06 7.48837760e+06
1395     2.50245587e+08 -7.50736760e+06 7.50736760e+06
1396     2.50871180e+08 -7.52613541e+06 7.52613541e+06
1397     2.51489399e+08 -7.54468198e+06 7.54468198e+06
1398     2.52095649e+08 -7.56286947e+06 7.56286947e+06
1399     2.52694571e+08 -7.58083713e+06 7.58083713e+06
1400     2.53281557e+08 -7.59844671e+06 7.59844671e+06
1401     2.53861264e+08 -7.61583791e+06 7.61583791e+06
1402     2.54429082e+08 -7.63287247e+06 7.63287247e+06
1403     2.54987367e+08 -7.64962102e+06 7.64962102e+06
1404     2.55536153e+08 -7.66608459e+06 7.66608459e+06
1405     2.56073139e+08 -7.68219416e+06 7.68219416e+06
1406     2.56598348e+08 -7.69795043e+06 7.69795043e+06
1407     2.57111803e+08 -7.71335410e+06 7.71335410e+06
1408     2.57615873e+08 -7.72847619e+06 7.72847619e+06
1409     2.58105891e+08 -7.74317674e+06 7.74317674e+06
1410     2.58586573e+08 -7.75759720e+06 7.75759720e+06
1411     2.59053239e+08 -7.77159717e+06 7.77159717e+06
1412     2.59508256e+08 -7.78524769e+06 7.78524769e+06
1413     2.59949282e+08 -7.79847847e+06 7.79847847e+06
1414     2.60378690e+08 -7.81136071e+06 7.81136071e+06
1415     2.60794129e+08 -7.82382387e+06 7.82382387e+06
1416     2.61197977e+08 -7.83593930e+06 7.83593930e+06
1417     2.61587874e+08 -7.84763621e+06 7.84763621e+06
1418     2.61966203e+08 -7.85898609e+06 7.85898609e+06
1419     2.62330597e+08 -7.86991790e+06 7.86991790e+06
1420     2.62681057e+08 -7.88043170e+06 7.88043170e+06
1421     2.63017585e+08 -7.89052756e+06 7.89052756e+06
1422     2.63340182e+08 -7.90020547e+06 7.90020547e+06
1423     2.63651244e+08 -7.90953731e+06 7.90953731e+06
1424     2.63945979e+08 -7.91837938e+06 7.91837938e+06
1425     2.64226779e+08 -7.92680337e+06 7.92680337e+06
1426     2.64493639e+08 -7.93480916e+06 7.93480916e+06
1427     2.64744144e+08 -7.94232433e+06 7.94232433e+06
1428     2.64980692e+08 -7.94942076e+06 7.94942076e+06
1429     2.65203274e+08 -7.95609823e+06 7.95609823e+06
1430     2.65411883e+08 -7.96235648e+06 7.96235648e+06
1431     2.65604084e+08 -7.96812251e+06 7.96812251e+06
1432     2.65782283e+08 -7.97346848e+06 7.97346848e+06
1433     2.65944037e+08 -7.97832112e+06 7.97832112e+06
1434     2.66091756e+08 -7.98275268e+06 7.98275268e+06
1435     2.66222988e+08 -7.98668963e+06 7.98668963e+06
1436     2.66340144e+08 -7.99020433e+06 7.99020433e+06
1437     2.66440766e+08 -7.99322297e+06 7.99322297e+06
1438     2.66524821e+08 -7.99574464e+06 7.99574464e+06
1439     2.66594730e+08 -7.99784190e+06 7.99784190e+06
1440     2.66650470e+08 -7.99951409e+06 7.99951409e+06
1441     2.66689559e+08 -8.00068678e+06 8.00068678e+06
1442     2.66711964e+08 -8.00135891e+06 8.00135891e+06
1443     2.66717646e+08 -8.00152938e+06 8.00152938e+06
1444     2.66709034e+08 -8.00127102e+06 8.00127102e+06
1445     2.66683628e+08 -8.00050885e+06 8.00050885e+06
1446     2.66641387e+08 -7.99924160e+06 7.99924160e+06
1447     2.66584744e+08 -7.99754232e+06 7.99754232e+06
1448     2.66511185e+08 -7.99533556e+06 7.99533556e+06
1449     2.66420664e+08 -7.99261993e+06 7.99261993e+06
1450     2.66315621e+08 -7.98946863e+06 7.98946863e+06
1451     2.66196015e+08 -7.98588046e+06 7.98588046e+06
1452     2.66059306e+08 -7.98177917e+06 7.98177917e+06
1453     2.65905432e+08 -7.97716297e+06 7.97716297e+06
1454     2.65736834e+08 -7.97210502e+06 7.97210502e+06
1455     2.65553458e+08 -7.96660374e+06 7.96660374e+06
1456     2.65355250e+08 -7.96065749e+06 7.96065749e+06
1457     2.65142153e+08 -7.95426459e+06 7.95426459e+06
1458     2.64911595e+08 -7.94734785e+06 7.94734785e+06
1459     2.64666025e+08 -7.93998076e+06 7.93998076e+06
1460     2.64405383e+08 -7.93216148e+06 7.93216148e+06
1461     2.64129605e+08 -7.92388816e+06 7.92388816e+06
1462     2.63838630e+08 -7.91515890e+06 7.91515890e+06
1463     2.63532391e+08 -7.90597174e+06 7.90597174e+06
1464     2.63210823e+08 -7.89632469e+06 7.89632469e+06
1465     2.62873857e+08 -7.88621572e+06 7.88621572e+06
1466     2.62523967e+08 -7.87571901e+06 7.87571901e+06
1467     2.62158546e+08 -7.86475639e+06 7.86475639e+06
1468     2.61780073e+08 -7.85340218e+06 7.85340218e+06
1469     2.61385930e+08 -7.84157789e+06 7.84157789e+06
1470     2.60976042e+08 -7.82928127e+06 7.82928127e+06
1471     2.60555455e+08 -7.81666364e+06 7.81666364e+06
1472     2.60118983e+08 -7.80356950e+06 7.80356950e+06
1473     2.59666549e+08 -7.78999647e+06 7.78999647e+06
1474     2.59203212e+08 -7.77609637e+06 7.77609637e+06
1475     2.58723765e+08 -7.76171295e+06 7.76171295e+06
1476     2.58233279e+08 -7.74699838e+06 7.74699838e+06
1477     2.57729111e+08 -7.73187332e+06 7.73187332e+06
1478     2.57211185e+08 -7.71633554e+06 7.71633554e+06
1479     2.56682013e+08 -7.70046038e+06 7.70046038e+06
1480     2.56138937e+08 -7.68416810e+06 7.68416810e+06
1481     2.55584473e+08 -7.66753419e+06 7.66753419e+06
1482     2.55015954e+08 -7.65047861e+06 7.65047861e+06
1483     2.54435900e+08 -7.63307701e+06 7.63307701e+06
1484     2.53846846e+08 -7.61540538e+06 7.61540538e+06
1485     2.53243511e+08 -7.59730533e+06 7.59730533e+06
1486     2.52631036e+08 -7.57893107e+06 7.57893107e+06
1487     2.52004124e+08 -7.56012371e+06 7.56012371e+06
1488     2.51367927e+08 -7.54103781e+06 7.54103781e+06
1489     2.50722379e+08 -7.52167137e+06 7.52167137e+06
1490     2.50063472e+08 -7.50190416e+06 7.50190416e+06
1491     2.49395067e+08 -7.48185200e+06 7.48185200e+06
1492     2.48716566e+08 -7.46149697e+06 7.46149697e+06
1493     2.48028160e+08 -7.44084481e+06 7.44084481e+06
1494     2.47329777e+08 -7.41989331e+06 7.41989331e+06
1495     2.46621871e+08 -7.39865613e+06 7.39865613e+06
1496     2.45904633e+08 -7.37713900e+06 7.37713900e+06
1497     2.45178522e+08 -7.35535566e+06 7.35535566e+06
1498     2.44443465e+08 -7.33330396e+06 7.33330396e+06
1499     2.43699922e+08 -7.31099765e+06 7.31099765e+06
1500     2.42948086e+08 -7.28844258e+06 7.28844258e+06
1501     2.42188150e+08 -7.26564449e+06 7.26564449e+06
1502     2.41420821e+08 -7.24262462e+06 7.24262462e+06
1503     2.40645738e+08 -7.21937215e+06 7.21937215e+06
1504     2.39863341e+08 -7.19590023e+06 7.19590023e+06
1505     2.39074070e+08 -7.17222210e+06 7.17222210e+06
1506     2.38277832e+08 -7.14833495e+06 7.14833495e+06
1507     2.37474800e+08 -7.12424399e+06 7.12424399e+06
1508     2.36665418e+08 -7.09996254e+06 7.09996254e+06
1509     2.35849862e+08 -7.07549587e+06 7.07549587e+06
1510     2.35028310e+08 -7.05084929e+06 7.05084929e+06
1511     2.34200937e+08 -7.02602812e+06 7.02602812e+06
1512     2.33368734e+08 -7.00106203e+06 7.00106203e+06
1513     2.32531342e+08 -6.97594025e+06 6.97594025e+06
1514     2.31689482e+08 -6.95068445e+06 6.95068445e+06
1515     2.30843609e+08 -6.92530827e+06 6.92530827e+06
1516     2.29993638e+08 -6.89980913e+06 6.89980913e+06
1517     2.29140024e+08 -6.87420072e+06 6.87420072e+06
1518     2.28283228e+08 -6.84849684e+06 6.84849684e+06
1519     2.27423165e+08 -6.82269496e+06 6.82269496e+06
1520     2.26560298e+08 -6.79680894e+06 6.79680894e+06
1521     2.25694817e+08 -6.77084450e+06 6.77084450e+06
1522     2.24826913e+08 -6.74480738e+06 6.74480738e+06
1523     2.23956779e+08 -6.71870337e+06 6.71870337e+06
1524     2.23084884e+08 -6.69254652e+06 6.69254652e+06
1525     2.22211424e+08 -6.66634271e+06 6.66634271e+06
1526     2.21336870e+08 -6.64010611e+06 6.64010611e+06
1527     2.20461147e+08 -6.61383442e+06 6.61383442e+06
1528     2.19584731e+08 -6.58754192e+06 6.58754192e+06
1529     2.18708099e+08 -6.56124296e+06 6.56124296e+06
1530     2.17831178e+08 -6.53493534e+06 6.53493534e+06
1531     2.16954451e+08 -6.50863353e+06 6.50863353e+06
1532     2.16077847e+08 -6.48233540e+06 6.48233540e+06
1533     2.15202128e+08 -6.45606384e+06 6.45606384e+06
1534     2.14327228e+08 -6.42981683e+06 6.42981683e+06
1535     2.13453357e+08 -6.40360070e+06 6.40360070e+06
1536     2.12581008e+08 -6.37743023e+06 6.37743023e+06
1537     2.11709836e+08 -6.35129509e+06 6.35129509e+06
1538     2.10840897e+08 -6.32522692e+06 6.32522692e+06
1539     2.09974131e+08 -6.29922392e+06 6.29922392e+06
1540     2.09109757e+08 -6.27329270e+06 6.27329270e+06
1541     2.08247997e+08 -6.24743992e+06 6.24743992e+06
1542     2.07389639e+08 -6.22168918e+06 6.22168918e+06
1543     2.06534347e+08 -6.19603042e+06 6.19603042e+06
1544     2.05682913e+08 -6.17048740e+06 6.17048740e+06
1545     2.04835004e+08 -6.14505012e+06 6.14505012e+06
1546     2.03991416e+08 -6.11974249e+06 6.11974249e+06
1547     2.03152386e+08 -6.09457159e+06 6.09457159e+06
1548     2.02317584e+08 -6.06952753e+06 6.06952753e+06
1549     2.01487815e+08 -6.04463446e+06 6.04463446e+06
1550     2.00663038e+08 -6.01989113e+06 6.01989113e+06
1551     1.99843490e+08 -5.99530471e+06 5.99530471e+06
1552     1.99029403e+08 -5.97088209e+06 5.97088209e+06
1553     1.98221290e+08 -5.94663869e+06 5.94663869e+06
1554     1.97418811e+08 -5.92256432e+06 5.92256432e+06
1555     1.96622483e+08 -5.89867450e+06 5.89867450e+06
1556     1.95832543e+08 -5.87497630e+06 5.87497630e+06
1557     1.95049227e+08 -5.85147682e+06 5.85147682e+06
1558     1.94272774e+08 -5.82818323e+06 5.82818323e+06
1559     1.93503426e+08 -5.80510279e+06 5.80510279e+06
1560     1.92741139e+08 -5.78223417e+06 5.78223417e+06
1561     1.91986157e+08 -5.75958471e+06 5.75958471e+06
1562     1.91239016e+08 -5.73717049e+06 5.73717049e+06
1563     1.90499390e+08 -5.71498170e+06 5.71498170e+06
1564     1.89768107e+08 -5.69304321e+06 5.69304321e+06
1565     1.89044844e+08 -5.67134531e+06 5.67134531e+06
1566     1.88330145e+08 -5.64990435e+06 5.64990435e+06
1567     1.87623689e+08 -5.62871068e+06 5.62871068e+06
1568     1.86926027e+08 -5.60778081e+06 5.60778081e+06
1569     1.86237420e+08 -5.58712260e+06 5.58712260e+06
1570     1.85557551e+08 -5.56672653e+06 5.56672653e+06
1571     1.84887269e+08 -5.54661807e+06 5.54661807e+06
1572     1.84225967e+08 -5.52677901e+06 5.52677901e+06
1573     1.83574207e+08 -5.50722622e+06 5.50722622e+06
1574     1.82932263e+08 -5.48796788e+06 5.48796788e+06
1575     1.82300115e+08 -5.46900345e+06 5.46900345e+06
1576     1.81677747e+08 -5.45033241e+06 5.45033241e+06
1577     1.81065732e+08 -5.43197196e+06 5.43197196e+06
1578     1.80464057e+08 -5.41392170e+06 5.41392170e+06
1579     1.79873005e+08 -5.39619015e+06 5.39619015e+06
1580     1.79292272e+08 -5.37876815e+06 5.37876815e+06
1581     1.78722440e+08 -5.36167319e+06 5.36167319e+06
1582     1.78163503e+08 -5.34490508e+06 5.34490508e+06
1583     1.77615456e+08 -5.32846367e+06 5.32846367e+06
1584     1.77078296e+08 -5.31234887e+06 5.31234887e+06
1585     1.76552020e+08 -5.29656060e+06 5.29656060e+06
1586     1.76037223e+08 -5.28111668e+06 5.28111668e+06
1587     1.75533608e+08 -5.26600824e+06 5.26600824e+06
1588     1.75041178e+08 -5.25123535e+06 5.25123535e+06
1589     1.74560236e+08 -5.23680708e+06 5.23680708e+06
1590     1.74090787e+08 -5.22272361e+06 5.22272361e+06
1591     1.73632839e+08 -5.20898516e+06 5.20898516e+06
1592     1.73186699e+08 -5.19560097e+06 5.19560097e+06
1593     1.72752079e+08 -5.18256237e+06 5.18256237e+06
1594     1.72329290e+08 -5.16987871e+06 5.16987871e+06
1595     1.71918347e+08 -5.15755040e+06 5.15755040e+06
1596     1.71518961e+08 -5.14556884e+06 5.14556884e+06
1597     1.71131753e+08 -5.13395260e+06 5.13395260e+06
1598     1.70756439e+08 -5.12269316e+06 5.12269316e+06
1599     1.70392734e+08 -5.11178203e+06 5.11178203e+06
1600     1.70041568e+08 -5.10124704e+06 5.10124704e+06
1601     1.69702055e+08 -5.09106165e+06 5.09106165e+06
1602     1.69374525e+08 -5.08123575e+06 5.08123575e+06
1603     1.69059008e+08 -5.07177025e+06 5.07177025e+06
1604     1.68755536e+08 -5.06266609e+06 5.06266609e+06
1605     1.68464141e+08 -5.05392424e+06 5.05392424e+06
1606     1.68184553e+08 -5.04553660e+06 5.04553660e+06
1607     1.67917112e+08 -5.03751336e+06 5.03751336e+06
1608     1.67661549e+08 -5.02984646e+06 5.02984646e+06
1609     1.67417901e+08 -5.02253704e+06 5.02253704e+06
1610     1.67186209e+08 -5.01558627e+06 5.01558627e+06
1611     1.66966512e+08 -5.00899537e+06 5.00899537e+06
1612     1.66758854e+08 -5.00276561e+06 5.00276561e+06
1613     1.66562969e+08 -4.99688908e+06 4.99688908e+06
1614     1.66378903e+08 -4.99136709e+06 4.99136709e+06
1615     1.66206701e+08 -4.98620102e+06 4.98620102e+06
1616     1.66046410e+08 -4.98139229e+06 4.98139229e+06
1617     1.65897769e+08 -4.97693308e+06 4.97693308e+06
1618     1.65760829e+08 -4.97282486e+06 4.97282486e+06
1619     1.65635329e+08 -4.96905986e+06 4.96905986e+06
1620     1.65521320e+08 -4.96563960e+06 4.96563960e+06
1621     1.65418856e+08 -4.96256567e+06 4.96256567e+06
1622     1.65327679e+08 -4.95983036e+06 4.95983036e+06
1623     1.65247843e+08 -4.95743529e+06 4.95743529e+06
1624     1.65179093e+08 -4.95537279e+06 4.95537279e+06
1625     1.65121485e+08 -4.95364456e+06 4.95364456e+06
1626     1.65075077e+08 -4.95225231e+06 4.95225231e+06
1627     1.65039302e+08 -4.95117905e+06 4.95117905e+06
1628     1.65014531e+08 -4.95043593e+06 4.95043593e+06
1629     1.65000512e+08 -4.95001536e+06 4.95001536e+06
1630     1.64996992e+08 -4.94990976e+06 4.94990976e+06
1631     1.65004032e+08 -4.95012096e+06 4.95012096e+06
1632     1.65021380e+08 -4.95064141e+06 4.95064141e+06
1633     1.65048784e+08 -4.95146352e+06 4.95146352e+06
1634     1.65086623e+08 -4.95259868e+06 4.95259868e+06
1635     1.65134329e+08 -4.95402988e+06 4.95402988e+06
1636     1.65191652e+08 -4.95574956e+06 4.95574956e+06
1637     1.65258973e+08 -4.95776918e+06 4.95776918e+06
1638     1.65335724e+08 -4.96007171e+06 4.96007171e+06
1639     1.65421971e+08 -4.96265912e+06 4.96265912e+06
1640     1.65517463e+08 -4.96552390e+06 4.96552390e+06
1641     1.65621950e+08 -4.96865851e+06 4.96865851e+06
1642     1.65735498e+08 -4.97206495e+06 4.97206495e+06
1643     1.65857857e+08 -4.97573571e+06 4.97573571e+06
1644     1.65989094e+08 -4.97967282e+06 4.97967282e+06
1645     1.66128638e+08 -4.98385915e+06 4.98385915e+06
1646     1.66276558e+08 -4.98829675e+06 4.98829675e+06
1647     1.66432602e+08 -4.99297805e+06 4.99297805e+06
1648     1.66596516e+08 -4.99789548e+06 4.99789548e+06
1649     1.66768370e+08 -5.00305109e+06 5.00305109e+06
1650     1.66947588e+08 -5.00842763e+06 5.00842763e+06
1651     1.67134242e+08 -5.01402726e+06 5.01402726e+06
1652     1.67328420e+08 -5.01985260e+06 5.01985260e+06
1653     1.67529244e+08 -5.02587732e+06 5.02587732e+06
1654     1.67737451e+08 -5.03212353e+06 5.03212353e+06
1655     1.67952162e+08 -5.03856486e+06 5.03856486e+06
1656     1.68173142e+08 -5.04519427e+06 5.04519427e+06
1657     1.68400806e+08 -5.05202419e+06 5.05202419e+06
1658     1.68634596e+08 -5.05903788e+06 5.05903788e+06
1659     1.68874601e+08 -5.06623802e+06 5.06623802e+06
1660     1.69120259e+08 -5.07360778e+06 5.07360778e+06
1661     1.69371661e+08 -5.08114983e+06 5.08114983e+06
1662     1.69628242e+08 -5.08884727e+06 5.08884727e+06
1663     1.69890418e+08 -5.09671253e+06 5.09671253e+06
1664     1.70157623e+08 -5.10472868e+06 5.10472868e+06
1665     1.70429617e+08 -5.11288850e+06 5.11288850e+06
1666     1.70706159e+08 -5.12118477e+06 5.12118477e+06
1667     1.70987337e+08 -5.12962010e+06 5.12962010e+06
1668     1.71272907e+08 -5.13818722e+06 5.13818722e+06
1669     1.71562299e+08 -5.14686897e+06 5.14686897e+06
1670     1.71855596e+08 -5.15566788e+06 5.15566788e+06
1671     1.72152553e+08 -5.16457660e+06 5.16457660e+06
1672     1.72452925e+08 -5.17358774e+06 5.17358774e+06
1673     1.72756463e+08 -5.18269388e+06 5.18269388e+06
1674     1.73063250e+08 -5.19189749e+06 5.19189749e+06
1675     1.73372705e+08 -5.20118116e+06 5.20118116e+06
1676     1.73684910e+08 -5.21054731e+06 5.21054731e+06
1677     1.73999614e+08 -5.21998843e+06 5.21998843e+06
1678     1.74316897e+08 -5.22950691e+06 5.22950691e+06
1679     1.74635839e+08 -5.23907517e+06 5.23907517e+06
1680     1.74956518e+08 -5.24869553e+06 5.24869553e+06
1681     1.75279345e+08 -5.25838036e+06 5.25838036e+06
1682     1.75603062e+08 -5.26809186e+06 5.26809186e+06
1683     1.75928078e+08 -5.27784233e+06 5.27784233e+06
1684     1.76254132e+08 -5.28762397e+06 5.28762397e+06
1685     1.76580965e+08 -5.29742896e+06 5.29742896e+06
1686     1.76908314e+08 -5.30724941e+06 5.30724941e+06
1687     1.77235914e+08 -5.31707742e+06 5.31707742e+06
1688     1.77563837e+08 -5.32691511e+06 5.32691511e+06
1689     1.77891817e+08 -5.33675451e+06 5.33675451e+06
1690     1.78219249e+08 -5.34657747e+06 5.34657747e+06
1691     1.78546200e+08 -5.35638601e+06 5.35638601e+06
1692     1.78872739e+08 -5.36618218e+06 5.36618218e+06
1693     1.79197916e+08 -5.37593749e+06 5.37593749e+06
1694     1.79522474e+08 -5.38567423e+06 5.38567423e+06
1695     1.79845120e+08 -5.39535360e+06 5.39535360e+06
1696     1.80166596e+08 -5.40499787e+06 5.40499787e+06
1697     1.80486283e+08 -5.41458850e+06 5.41458850e+06
1698     1.80803562e+08 -5.42410685e+06 5.42410685e+06
1699     1.81118831e+08 -5.43356492e+06 5.43356492e+06
1700     1.81431807e+08 -5.44295421e+06 5.44295421e+06
1701     1.81742210e+08 -5.45226629e+06 5.45226629e+06
1702     1.82049766e+08 -5.46149299e+06 5.46149299e+06
1703     1.82354550e+08 -5.47063651e+06 5.47063651e+06
1704     1.82656290e+08 -5.47968869e+06 5.47968869e+06
1705     1.82955055e+08 -5.48865166e+06 5.48865166e+06
1706     1.83250229e+08 -5.49750686e+06 5.49750686e+06
1707     1.83541877e+08 -5.50625632e+06 5.50625632e+06
1708     1.83829722e+08 -5.51489167e+06 5.51489167e+06
1709     1.84114175e+08 -5.52342524e+06 5.52342524e+06
1710     1.84394262e+08 -5.53182786e+06 5.53182786e+06
1711     1.84670392e+08 -5.54011176e+06 5.54011176e+06
1712     1.84941933e+08 -5.54825799e+06 5.54825799e+06
1713     1.85208944e+08 -5.55626832e+06 5.55626832e+06
1714     1.85471483e+08 -5.56414449e+06 5.56414449e+06
1715     1.85729259e+08 -5.57187778e+06 5.57187778e+06
1716     1.85982328e+08 -5.57946985e+06 5.57946985e+06
1717     1.86230047e+08 -5.58690140e+06 5.58690140e+06
1718     1.86472466e+08 -5.59417397e+06 5.59417397e+06
1719     1.86709985e+08 -5.60129956e+06 5.60129956e+06
1720     1.86941606e+08 -5.60824818e+06 5.60824818e+06
1721     1.87168074e+08 -5.61504223e+06 5.61504223e+06
1722     1.87388736e+08 -5.62166208e+06 5.62166208e+06
1723     1.87603284e+08 -5.62809852e+06 5.62809852e+06
1724     1.87812463e+08 -5.63437389e+06 5.63437389e+06
1725     1.88015260e+08 -5.64045780e+06 5.64045780e+06
1726     1.88211713e+08 -5.64635140e+06 5.64635140e+06
1727     1.88402213e+08 -5.65206638e+06 5.65206638e+06
1728     1.88586089e+08 -5.65758267e+06 5.65758267e+06
1729     1.88763376e+08 -5.66290127e+06 5.66290127e+06
1730     1.88934105e+08 -5.66802315e+06 5.66802315e+06
1731     1.89097954e+08 -5.67293863e+06 5.67293863e+06
1732     1.89254952e+08 -5.67764856e+06 5.67764856e+06
1733     1.89404770e+08 -5.68214311e+06 5.68214311e+06
1734     1.89547434e+08 -5.68642303e+06 5.68642303e+06
1735     1.89682612e+08 -5.69047836e+06 5.69047836e+06
1736     1.89811037e+08 -5.69433112e+06 5.69433112e+06
1737     1.89932019e+08 -5.69796058e+06 5.69796058e+06
1738     1.90045577e+08 -5.70136730e+06 5.70136730e+06
1739     1.90151727e+08 -5.70455181e+06 5.70455181e+06
1740     1.90250486e+08 -5.70751459e+06 5.70751459e+06
1741     1.90341870e+08 -5.71025609e+06 5.71025609e+06
1742     1.90425532e+08 -5.71276596e+06 5.71276596e+06
1743     1.90501484e+08 -5.71504452e+06 5.71504452e+06
1744     1.90569376e+08 -5.71708128e+06 5.71708128e+06
1745     1.90629936e+08 -5.71889807e+06 5.71889807e+06
1746     1.90682090e+08 -5.72046269e+06 5.72046269e+06
1747     1.90726202e+08 -5.72178607e+06 5.72178607e+06
1748     1.90762639e+08 -5.72287916e+06 5.72287916e+06
1749     1.90790317e+08 -5.72370950e+06 5.72370950e+06
1750     1.90810321e+08 -5.72430964e+06 5.72430964e+06
1751     1.90821928e+08 -5.72465784e+06 5.72465784e+06
1752     1.90825494e+08 -5.72476483e+06 5.72476483e+06
1753     1.90821015e+08 -5.72463045e+06 5.72463045e+06
1754     1.90808120e+08 -5.72424359e+06 5.72424359e+06
1755     1.90786798e+08 -5.72360395e+06 5.72360395e+06
1756     1.90757406e+08 -5.72272218e+06 5.72272218e+06
1757     1.90719566e+08 -5.72158699e+06 5.72158699e+06
1758     1.90673266e+08 -5.72019799e+06 5.72019799e+06
1759     1.90618492e+08 -5.71855477e+06 5.71855477e+06
1760     1.90555594e+08 -5.71666783e+06 5.71666783e+06
1761     1.90484190e+08 -5.71452571e+06 5.71452571e+06
1762     1.90404262e+08 -5.71212786e+06 5.71212786e+06
1763     1.90316158e+08 -5.70948474e+06 5.70948474e+06
1764     1.90219491e+08 -5.70658472e+06 5.70658472e+06
1765     1.90114976e+08 -5.70344927e+06 5.70344927e+06
1766     1.90002223e+08 -5.70006668e+06 5.70006668e+06
1767     1.89881209e+08 -5.69643628e+06 5.69643628e+06
1768     1.89752281e+08 -5.69256842e+06 5.69256842e+06
1769     1.89615413e+08 -5.68846239e+06 5.68846239e+06
1770     1.89470580e+08 -5.68411740e+06 5.68411740e+06
1771     1.89317755e+08 -5.67953266e+06 5.67953266e+06
1772     1.89156911e+08 -5.67470734e+06 5.67470734e+06
1773     1.88988390e+08 -5.66965170e+06 5.66965170e+06
1774     1.88811790e+08 -5.66435370e+06 5.66435370e+06
1775     1.88627825e+08 -5.65883475e+06 5.65883475e+06
1776     1.88435718e+08 -5.65307155e+06 5.65307155e+06
1777     1.88236183e+08 -5.64708548e+06 5.64708548e+06
1778     1.88029185e+08 -5.64087556e+06 5.64087556e+06
1779     1.87814318e+08 -5.63442953e+06 5.63442953e+06
1780     1.87592292e+08 -5.62776877e+06 5.62776877e+06
1781     1.87362699e+08 -5.62088096e+06 5.62088096e+06
1782     1.87125874e+08 -5.61377623e+06 5.61377623e+06
1783     1.86881781e+08 -5.60645344e+06 5.60645344e+06
1784     1.86630757e+08 -5.59892272e+06 5.59892272e+06
1785     1.86372386e+08 -5.59117157e+06 5.59117157e+06
1786     1.86107380e+08 -5.58322139e+06 5.58322139e+06
1787     1.85835699e+08 -5.57507096e+06 5.57507096e+06
1788     1.85556923e+08 -5.56670770e+06 5.56670770e+06
1789     1.85271766e+08 -5.55815298e+06 5.55815298e+06
1790     1.84980184e+08 -5.54940553e+06 5.54940553e+06
1791     1.84681755e+08 -5.54045265e+06 5.54045265e+06
1792     1.84377191e+08 -5.53131572e+06 5.53131572e+06
1793     1.84066447e+08 -5.52199341e+06 5.52199341e+06
1794     1.83749096e+08 -5.51247289e+06 5.51247289e+06
1795     1.83425852e+08 -5.50277557e+06 5.50277557e+06
1796     1.83096286e+08 -5.49288859e+06 5.49288859e+06
1797     1.82761112e+08 -5.48283337e+06 5.48283337e+06
1798     1.82419900e+08 -5.47259699e+06 5.47259699e+06
1799     1.82073363e+08 -5.46220090e+06 5.46220090e+06
1800     1.81721071e+08 -5.45163214e+06 5.45163214e+06
1801     1.81363736e+08 -5.44091207e+06 5.44091207e+06
1802     1.81001291e+08 -5.43003873e+06 5.43003873e+06
1803     1.80633667e+08 -5.41901001e+06 5.41901001e+06
1804     1.80261178e+08 -5.40783533e+06 5.40783533e+06
1805     1.79884137e+08 -5.39652411e+06 5.39652411e+06
1806     1.79502475e+08 -5.38507425e+06 5.38507425e+06
1807     1.79116120e+08 -5.37348359e+06 5.37348359e+06
1808     1.78725385e+08 -5.36176156e+06 5.36176156e+06
1809     1.78330200e+08 -5.34990599e+06 5.34990599e+06
1810     1.77930878e+08 -5.33792633e+06 5.33792633e+06
1811     1.77527346e+08 -5.32582039e+06 5.32582039e+06
1812     1.77119921e+08 -5.31359764e+06 5.31359764e+06
1813     1.76708529e+08 -5.30125588e+06 5.30125588e+06
1814     1.76293487e+08 -5.28880460e+06 5.28880460e+06
1815     1.75875110e+08 -5.27625329e+06 5.27625329e+06
1816     1.75453326e+08 -5.26359978e+06 5.26359978e+06
1817     1.75028454e+08 -5.25085362e+06 5.25085362e+06
1818     1.74600421e+08 -5.23801264e+06 5.23801264e+06
1819     1.74169546e+08 -5.22508639e+06 5.22508639e+06
1820     1.73735758e+08 -5.21207274e+06 5.21207274e+06
1821     1.73299376e+08 -5.19898127e+06 5.19898127e+06
1822     1.72860721e+08 -5.18582162e+06 5.18582162e+06
1823     1.72419330e+08 -5.17257990e+06 5.17257990e+06
1824     1.71975525e+08 -5.15926574e+06 5.15926574e+06
1825     1.71530022e+08 -5.14590066e+06 5.14590066e+06
1826     1.71082358e+08 -5.13247074e+06 5.13247074e+06
1827     1.70632858e+08 -5.11898574e+06 5.11898574e+06
1828     1.70181848e+08 -5.10545544e+06 5.10545544e+06
1829     1.69729655e+08 -5.09188966e+06 5.09188966e+06
1830     1.69275817e+08 -5.07827451e+06 5.07827451e+06
1831     1.68821455e+08 -5.06464365e+06 5.06464365e+06
1832     1.68366107e+08 -5.05098322e+06 5.05098322e+06
1833     1.67910106e+08 -5.03730318e+06 5.03730318e+06
1834     1.67453386e+08 -5.02360159e+06 5.02360159e+06
1835     1.66996282e+08 -5.00988847e+06 5.00988847e+06
1836     1.66539129e+08 -4.99617388e+06 4.99617388e+06
1837     1.66081467e+08 -4.98244400e+06 4.98244400e+06
1838     1.65624031e+08 -4.96872093e+06 4.96872093e+06
1839     1.65166361e+08 -4.95499084e+06 4.95499084e+06
1840     1.64709198e+08 -4.94127593e+06 4.94127593e+06
1841     1.64252481e+08 -4.92757444e+06 4.92757444e+06
1842     1.63796154e+08 -4.91388462e+06 4.91388462e+06
1843     1.63340961e+08 -4.90022883e+06 4.90022883e+06
1844     1.62886444e+08 -4.88659333e+06 4.88659333e+06
1845     1.62432951e+08 -4.87298853e+06 4.87298853e+06
1846     1.61980829e+08 -4.85942486e+06 4.85942486e+06
1847     1.61530428e+08 -4.84591283e+06 4.84591283e+06
1848     1.61080888e+08 -4.83242665e+06 4.83242665e+06
1849     1.60633370e+08 -4.81900110e+06 4.81900110e+06
1850     1.60187418e+08 -4.80562255e+06 4.80562255e+06
1851     1.59743385e+08 -4.79230154e+06 4.79230154e+06
1852     1.59301611e+08 -4.77904834e+06 4.77904834e+06
1853     1.58861628e+08 -4.76584884e+06 4.76584884e+06
1854     1.58424182e+08 -4.75272547e+06 4.75272547e+06
1855     1.57989211e+08 -4.73967634e+06 4.73967634e+06
1856     1.57557061e+08 -4.72671182e+06 4.72671182e+06
1857     1.57127262e+08 -4.71381785e+06 4.71381785e+06
1858     1.56700570e+08 -4.70101709e+06 4.70101709e+06
1859     1.56276517e+08 -4.68829552e+06 4.68829552e+06
1860     1.55856273e+08 -4.67568820e+06 4.67568820e+06
1861     1.55438553e+08 -4.66315660e+06 4.66315660e+06
1862     1.55024529e+08 -4.65073588e+06 4.65073588e+06
1863     1.54614147e+08 -4.63842442e+06 4.63842442e+06
1864     1.54207354e+08 -4.62622061e+06 4.62622061e+06
1865     1.53804096e+08 -4.61412287e+06 4.61412287e+06
1866     1.53404321e+08 -4.60212962e+06 4.60212962e+06
1867     1.53008801e+08 -4.59026404e+06 4.59026404e+06
1868     1.52617489e+08 -4.57852467e+06 4.57852467e+06
1869     1.52229923e+08 -4.56689768e+06 4.56689768e+06
1870     1.51846880e+08 -4.55540641e+06 4.55540641e+06
1871     1.51468317e+08 -4.54404952e+06 4.54404952e+06
1872     1.51093774e+08 -4.53281321e+06 4.53281321e+06
1873     1.50724034e+08 -4.52172102e+06 4.52172102e+06
1874     1.50358641e+08 -4.51075924e+06 4.51075924e+06
1875     1.49998385e+08 -4.49995154e+06 4.49995154e+06
1876     1.49642808e+08 -4.48928424e+06 4.48928424e+06
1877     1.49292289e+08 -4.47876868e+06 4.47876868e+06
1878     1.48946791e+08 -4.46840372e+06 4.46840372e+06
1879     1.48606276e+08 -4.45818827e+06 4.45818827e+06
1880     1.48270709e+08 -4.44812126e+06 4.44812126e+06
1881     1.47940892e+08 -4.43822675e+06 4.43822675e+06
1882     1.47616375e+08 -4.42849124e+06 4.42849124e+06
1883     1.47297126e+08 -4.41891379e+06 4.41891379e+06
1884     1.46983116e+08 -4.40949349e+06 4.40949349e+06
1885     1.46674735e+08 -4.40024206e+06 4.40024206e+06
1886     1.46372377e+08 -4.39117132e+06 4.39117132e+06
1887     1.46075175e+08 -4.38225525e+06 4.38225525e+06
1888     1.45783946e+08 -4.37351837e+06 4.37351837e+06
1889     1.45498245e+08 -4.36494734e+06 4.36494734e+06
1890     1.45218472e+08 -4.35655417e+06 4.35655417e+06
1891     1.44944608e+08 -4.34833825e+06 4.34833825e+06
1892     1.44677058e+08 -4.34031174e+06 4.34031174e+06
1893     1.44415380e+08 -4.33246141e+06 4.33246141e+06
1894     1.44159560e+08 -4.32478679e+06 4.32478679e+06
1895     1.43910006e+08 -4.31730017e+06 4.31730017e+06
1896     1.43666705e+08 -4.31000116e+06 4.31000116e+06
1897     1.43429648e+08 -4.30288945e+06 4.30288945e+06
1898     1.43198824e+08 -4.29596472e+06 4.29596472e+06
1899     1.42974225e+08 -4.28922674e+06 4.28922674e+06
1900     1.42756269e+08 -4.28268808e+06 4.28268808e+06
1901     1.42544099e+08 -4.27632298e+06 4.27632298e+06
1902     1.42338565e+08 -4.27015694e+06 4.27015694e+06
1903     1.42139236e+08 -4.26417709e+06 4.26417709e+06
1904     1.41946542e+08 -4.25839627e+06 4.25839627e+06
1905     1.41760055e+08 -4.25280164e+06 4.25280164e+06
1906     1.41580205e+08 -4.24740614e+06 4.24740614e+06
1907     1.41406567e+08 -4.24219701e+06 4.24219701e+06
1908     1.41239146e+08 -4.23717437e+06 4.23717437e+06
1909     1.41078809e+08 -4.23236426e+06 4.23236426e+06
1910     1.40924703e+08 -4.22774109e+06 4.22774109e+06
1911     1.40776837e+08 -4.22330510e+06 4.22330510e+06
1912     1.40635652e+08 -4.21906956e+06 4.21906956e+06
1913     1.40500729e+08 -4.21502186e+06 4.21502186e+06
1914     1.40372079e+08 -4.21116236e+06 4.21116236e+06
1915     1.40250150e+08 -4.20750450e+06 4.20750450e+06
1916     1.40134524e+08 -4.20403573e+06 4.20403573e+06
1917     1.40025218e+08 -4.20075654e+06 4.20075654e+06
1918     1.39922248e+08 -4.19766745e+06 4.19766745e+06
1919     1.39826070e+08 -4.19478211e+06 4.19478211e+06
1920     1.39735833e+08 -4.19207498e+06 4.19207498e+06
1921     1.39651992e+08 -4.18955975e+06 4.18955975e+06
1922     1.39574570e+08 -4.18723711e+06 4.18723711e+06
1923     1.39503154e+08 -4.18509463e+06 4.18509463e+06
1924     1.39438643e+08 -4.18315930e+06 4.18315930e+06
1925     1.39379749e+08 -4.18139248e+06 4.18139248e+06
1926     1.39326936e+08 -4.17980807e+06 4.17980807e+06
1927     1.39280668e+08 -4.17842005e+06 4.17842005e+06
1928     1.39240098e+08 -4.17720293e+06 4.17720293e+06
1929     1.39205691e+08 -4.17617074e+06 4.17617074e+06
1930     1.39177480e+08 -4.17532440e+06 4.17532440e+06
1931     1.39155053e+08 -4.17465160e+06 4.17465160e+06
1932     1.39138002e+08 -4.17414005e+06 4.17414005e+06
1933     1.39127239e+08 -4.17381716e+06 4.17381716e+06
1934     1.39121915e+08 -4.17365745e+06 4.17365745e+06
1935     1.39122506e+08 -4.17367517e+06 4.17367517e+06
1936     1.39128603e+08 -4.17385809e+06 4.17385809e+06
1937     1.39140241e+08 -4.17420724e+06 4.17420724e+06
1938     1.39157457e+08 -4.17472371e+06 4.17472371e+06
1939     1.39179842e+08 -4.17539526e+06 4.17539526e+06
1940     1.39207433e+08 -4.17622298e+06 4.17622298e+06
1941     1.39240267e+08 -4.17720800e+06 4.17720800e+06
1942     1.39278382e+08 -4.17835146e+06 4.17835146e+06
1943     1.39321818e+08 -4.17965454e+06 4.17965454e+06
1944     1.39369721e+08 -4.18109164e+06 4.18109164e+06
1945     1.39422578e+08 -4.18267734e+06 4.18267734e+06
1946     1.39480428e+08 -4.18441284e+06 4.18441284e+06
1947     1.39542865e+08 -4.18628596e+06 4.18628596e+06
1948     1.39609931e+08 -4.18829793e+06 4.18829793e+06
1949     1.39681218e+08 -4.19043654e+06 4.19043654e+06
1950     1.39756768e+08 -4.19270303e+06 4.19270303e+06
1951     1.39837075e+08 -4.19511226e+06 4.19511226e+06
1952     1.39921298e+08 -4.19763894e+06 4.19763894e+06
1953     1.40009494e+08 -4.20028482e+06 4.20028482e+06
1954     1.40101723e+08 -4.20305170e+06 4.20305170e+06
1955     1.40198047e+08 -4.20594141e+06 4.20594141e+06
1956     1.40298073e+08 -4.20894220e+06 4.20894220e+06
1957     1.40401864e+08 -4.21205591e+06 4.21205591e+06
1958     1.40509480e+08 -4.21528440e+06 4.21528440e+06
1959     1.40620531e+08 -4.21861592e+06 4.21861592e+06
1960     1.40735079e+08 -4.22205236e+06 4.22205236e+06
1961     1.40853187e+08 -4.22559560e+06 4.22559560e+06
1962     1.40974008e+08 -4.22922023e+06 4.22922023e+06
1963     1.41098516e+08 -4.23295547e+06 4.23295547e+06
1964     1.41225863e+08 -4.23677589e+06 4.23677589e+06
1965     1.41355657e+08 -4.24066970e+06 4.24066970e+06
1966     1.41488874e+08 -4.24466622e+06 4.24466622e+06
1967     1.41624666e+08 -4.24873997e+06 4.24873997e+06
1968     1.41762638e+08 -4.25287913e+06 4.25287913e+06
1969     1.41903771e+08 -4.25711313e+06 4.25711313e+06
1970     1.42046755e+08 -4.26140266e+06 4.26140266e+06
1971     1.42192113e+08 -4.26576340e+06 4.26576340e+06
1972     1.42339910e+08 -4.27019731e+06 4.27019731e+06
1973     1.42489291e+08 -4.27467874e+06 4.27467874e+06
1974     1.42640781e+08 -4.27922344e+06 4.27922344e+06
1975     1.42794445e+08 -4.28383336e+06 4.28383336e+06
1976     1.42949426e+08 -4.28848278e+06 4.28848278e+06
1977     1.43105787e+08 -4.29317360e+06 4.29317360e+06
1978     1.43263592e+08 -4.29790776e+06 4.29790776e+06
1979     1.43422443e+08 -4.30267328e+06 4.30267328e+06
1980     1.43582866e+08 -4.30748599e+06 4.30748599e+06
1981     1.43743999e+08 -4.31231998e+06 4.31231998e+06
1982     1.43906370e+08 -4.31719109e+06 4.31719109e+06
1983     1.44069576e+08 -4.32208727e+06 4.32208727e+06
1984     1.44233216e+08 -4.32699647e+06 4.32699647e+06
1985     1.44397817e+08 -4.33193451e+06 4.33193451e+06
1986     1.44562511e+08 -4.33687532e+06 4.33687532e+06
1987     1.44727824e+08 -4.34183473e+06 4.34183473e+06
1988     1.44893352e+08 -4.34680057e+06 4.34680057e+06
1989     1.45058688e+08 -4.35176065e+06 4.35176065e+06
1990     1.45224360e+08 -4.35673079e+06 4.35673079e+06
1991     1.45389959e+08 -4.36169876e+06 4.36169876e+06
1992     1.45555076e+08 -4.36665227e+06 4.36665227e+06
1993     1.45719299e+08 -4.37157896e+06 4.37157896e+06
1994     1.45883625e+08 -4.37650874e+06 4.37650874e+06
1995     1.46046700e+08 -4.38140101e+06 4.38140101e+06
1996     1.46209523e+08 -4.38628570e+06 4.38628570e+06
1997     1.46371207e+08 -4.39113621e+06 4.39113621e+06
1998     1.46531334e+08 -4.39594002e+06 4.39594002e+06
1999     1.46690902e+08 -4.40072707e+06 4.40072707e+06
2000     1.46848547e+08 -4.40545641e+06 4.40545641e+06
2001     1.47005269e+08 -4.41015807e+06 4.41015807e+06
2002     1.47160186e+08 -4.41480559e+06 4.41480559e+06
2003     1.47313364e+08 -4.41940093e+06 4.41940093e+06
2004     1.47464868e+08 -4.42394604e+06 4.42394604e+06
2005     1.47614762e+08 -4.42844287e+06 4.42844287e+06
2006     1.47762636e+08 -4.43287907e+06 4.43287907e+06
2007     1.47908074e+08 -4.43724223e+06 4.43724223e+06
2008     1.48051616e+08 -4.44154849e+06 4.44154849e+06
2009     1.48192845e+08 -4.44578536e+06 4.44578536e+06
2010     1.48331822e+08 -4.44995466e+06 4.44995466e+06
2011     1.48468127e+08 -4.45404380e+06 4.45404380e+06
2012     1.48601818e+08 -4.45805453e+06 4.45805453e+06
2013     1.48732472e+08 -4.46197415e+06 4.46197415e+06
2014     1.48860624e+08 -4.46581873e+06 4.46581873e+06
2015     1.48985851e+08 -4.46957552e+06 4.46957552e+06
2016     1.49107724e+08 -4.47323173e+06 4.47323173e+06
2017     1.49227259e+08 -4.47681778e+06 4.47681778e+06
2018     1.49343065e+08 -4.48029195e+06 4.48029195e+06
2019     1.49456155e+08 -4.48368464e+06 4.48368464e+06
2020     1.49565614e+08 -4.48696843e+06 4.48696843e+06
2021     1.49671976e+08 -4.49015927e+06 4.49015927e+06
2022     1.49775287e+08 -4.49325861e+06 4.49325861e+06
2023     1.49874629e+08 -4.49623886e+06 4.49623886e+06
2024     1.49970529e+08 -4.49911588e+06 4.49911588e+06
2025     1.50063034e+08 -4.50189103e+06 4.50189103e+06
2026     1.50151217e+08 -4.50453652e+06 4.50453652e+06
2027     1.50235605e+08 -4.50706816e+06 4.50706816e+06
2028     1.50316240e+08 -4.50948719e+06 4.50948719e+06
2029     1.50392675e+08 -4.51178024e+06 4.51178024e+06
2030     1.50464949e+08 -4.51394846e+06 4.51394846e+06
2031     1.50533588e+08 -4.51600764e+06 4.51600764e+06
2032     1.50597654e+08 -4.51792962e+06 4.51792962e+06
2033     1.50657181e+08 -4.51971544e+06 4.51971544e+06
2034     1.50712694e+08 -4.52138082e+06 4.52138082e+06
2035     1.50763736e+08 -4.52291209e+06 4.52291209e+06
2036     1.50810341e+08 -4.52431022e+06 4.52431022e+06
2037     1.50852048e+08 -4.52556144e+06 4.52556144e+06
2038     1.50889378e+08 -4.52668135e+06 4.52668135e+06
2039     1.50921870e+08 -4.52765609e+06 4.52765609e+06
2040     1.50949550e+08 -4.52848649e+06 4.52848649e+06
2041     1.50971951e+08 -4.52915854e+06 4.52915854e+06
2042     1.50989592e+08 -4.52968776e+06 4.52968776e+06
2043     1.51002497e+08 -4.53007490e+06 4.53007490e+06
2044     1.51010194e+08 -4.53030582e+06 4.53030582e+06
2045     1.51013200e+08 -4.53039600e+06 4.53039600e+06
2046     1.51011041e+08 -4.53033123e+06 4.53033123e+06
2047     1.51003240e+08 -4.53009720e+06 4.53009720e+06
2048     1.50990806e+08 -4.52972418e+06 4.52972418e+06
2049     1.50973261e+08 -4.52919783e+06 4.52919783e+06
2050     1.50950621e+08 -4.52851862e+06 4.52851862e+06
2051     1.50922402e+08 -4.52767207e+06 4.52767207e+06
2052     1.50889118e+08 -4.52667353e+06 4.52667353e+06
2053     1.50850282e+08 -4.52550846e+06 4.52550846e+06
2054     1.50805907e+08 -4.52417722e+06 4.52417722e+06
2055     1.50756004e+08 -4.52268011e+06 4.52268011e+06
2056     1.50701081e+08 -4.52103242e+06 4.52103242e+06
2057     1.50640146e+08 -4.51920439e+06 4.51920439e+06
2058     1.50574209e+08 -4.51722627e+06 4.51722627e+06
2059     1.50502273e+08 -4.51506818e+06 4.51506818e+06
2060     1.50425345e+08 -4.51276034e+06 4.51276034e+06
2061     1.50342425e+08 -4.51027275e+06 4.51027275e+06
2062     1.50254520e+08 -4.50763561e+06 4.50763561e+06
2063     1.50160627e+08 -4.50481880e+06 4.50481880e+06
2064     1.50061246e+08 -4.50183739e+06 4.50183739e+06
2065     1.49956883e+08 -4.49870649e+06 4.49870649e+06
2066     1.49846526e+08 -4.49539577e+06 4.49539577e+06
2067     1.49730675e+08 -4.49192025e+06 4.49192025e+06
2068     1.49609832e+08 -4.48829496e+06 4.48829496e+06
2069     1.49482980e+08 -4.48448940e+06 4.48448940e+06
2070     1.49351123e+08 -4.48053370e+06 4.48053370e+06
2071     1.49213749e+08 -4.47641246e+06 4.47641246e+06
2072     1.49070339e+08 -4.47211016e+06 4.47211016e+06
2073     1.48921898e+08 -4.46765694e+06 4.46765694e+06
2074     1.48767907e+08 -4.46303722e+06 4.46303722e+06
2075     1.48608863e+08 -4.45826590e+06 4.45826590e+06
2076     1.48443734e+08 -4.45331202e+06 4.45331202e+06
2077     1.48273523e+08 -4.44820569e+06 4.44820569e+06
2078     1.48097705e+08 -4.44293114e+06 4.44293114e+06
2079     1.47916773e+08 -4.43750320e+06 4.43750320e+06
2080     1.47730712e+08 -4.43192135e+06 4.43192135e+06
2081     1.47539501e+08 -4.42618504e+06 4.42618504e+06
2082     1.47343123e+08 -4.42029370e+06 4.42029370e+06
2083     1.47141557e+08 -4.41424671e+06 4.41424671e+06
2084     1.46934781e+08 -4.40804344e+06 4.40804344e+06
2085     1.46723802e+08 -4.40171405e+06 4.40171405e+06
2086     1.46507054e+08 -4.39521162e+06 4.39521162e+06
2087     1.46285542e+08 -4.38856626e+06 4.38856626e+06
2088     1.46059758e+08 -4.38179273e+06 4.38179273e+06
2089     1.45828644e+08 -4.37485933e+06 4.37485933e+06
2090     1.45592692e+08 -4.36778075e+06 4.36778075e+06
2091     1.45351872e+08 -4.36055615e+06 4.36055615e+06
2092     1.45106157e+08 -4.35318471e+06 4.35318471e+06
2093     1.44856036e+08 -4.34568109e+06 4.34568109e+06
2094     1.44601481e+08 -4.33804442e+06 4.33804442e+06
2095     1.44341942e+08 -4.33025825e+06 4.33025825e+06
2096     1.44078427e+08 -4.32235280e+06 4.32235280e+06
2097     1.43810385e+08 -4.31431156e+06 4.31431156e+06
2098     1.43537785e+08 -4.30613356e+06 4.30613356e+06
2099     1.43261114e+08 -4.29783343e+06 4.29783343e+06
2100     1.42979819e+08 -4.28939456e+06 4.28939456e+06
2101     1.42694383e+08 -4.28083149e+06 4.28083149e+06
2102     1.42404761e+08 -4.27214284e+06 4.27214284e+06
2103     1.42110906e+08 -4.26332718e+06 4.26332718e+06
2104     1.41812767e+08 -4.25438301e+06 4.25438301e+06
2105     1.41510818e+08 -4.24532454e+06 4.24532454e+06
2106     1.41204485e+08 -4.23613455e+06 4.23613455e+06
2107     1.40894766e+08 -4.22684299e+06 4.22684299e+06
2108     1.40580561e+08 -4.21741683e+06 4.21741683e+06
2109     1.40263393e+08 -4.20790180e+06 4.20790180e+06
2110     1.39942160e+08 -4.19826481e+06 4.19826481e+06
2111     1.39617863e+08 -4.18853589e+06 4.18853589e+06
2112     1.39289922e+08 -4.17869766e+06 4.17869766e+06
2113     1.38958812e+08 -4.16876436e+06 4.16876436e+06
2114     1.38623951e+08 -4.15871854e+06 4.15871854e+06
2115     1.38286343e+08 -4.14859030e+06 4.14859030e+06
2116     1.37945406e+08 -4.13836217e+06 4.13836217e+06
2117     1.37601614e+08 -4.12804842e+06 4.12804842e+06
2118     1.37254383e+08 -4.11763149e+06 4.11763149e+06
2119     1.36904719e+08 -4.10714158e+06 4.10714158e+06
2120     1.36551506e+08 -4.09654518e+06 4.09654518e+06
2121     1.36196282e+08 -4.08588846e+06 4.08588846e+06
2122     1.35837929e+08 -4.07513787e+06 4.07513787e+06
2123     1.35476923e+08 -4.06430769e+06 4.06430769e+06
2124     1.35114276e+08 -4.05342827e+06 4.05342827e+06
2125     1.34748331e+08 -4.04244994e+06 4.04244994e+06
2126     1.34380636e+08 -4.03141907e+06 4.03141907e+06
2127     1.34010599e+08 -4.02031798e+06 4.02031798e+06
2128     1.33638702e+08 -4.00916106e+06 4.00916106e+06
2129     1.33264888e+08 -3.99794665e+06 3.99794665e+06
2130     1.32888567e+08 -3.98665700e+06 3.98665700e+06
2131     1.32510754e+08 -3.97532262e+06 3.97532262e+06
2132     1.32130859e+08 -3.96392576e+06 3.96392576e+06
2133     1.31749362e+08 -3.95248086e+06 3.95248086e+06
2134     1.31366209e+08 -3.94098627e+06 3.94098627e+06
2135     1.30981884e+08 -3.92945652e+06 3.92945652e+06
2136     1.30596333e+08 -3.91788999e+06 3.91788999e+06
2137     1.30208961e+08 -3.90626884e+06 3.90626884e+06
2138     1.29820795e+08 -3.89462385e+06 3.89462385e+06
2139     1.29431781e+08 -3.88295343e+06 3.88295343e+06
2140     1.29041866e+08 -3.87125599e+06 3.87125599e+06
2141     1.28650998e+08 -3.85952994e+06 3.85952994e+06
2142     1.28259665e+08 -3.84778996e+06 3.84778996e+06
2143     1.27867274e+08 -3.83601821e+06 3.83601821e+06
2144     1.27474857e+08 -3.82424571e+06 3.82424571e+06
2145     1.27081821e+08 -3.81245463e+06 3.81245463e+06
2146     1.26688114e+08 -3.80064343e+06 3.80064343e+06
2147     1.26294230e+08 -3.78882691e+06 3.78882691e+06
2148     1.25900119e+08 -3.77700357e+06 3.77700357e+06
2149     1.25506277e+08 -3.76518831e+06 3.76518831e+06
2150     1.25112109e+08 -3.75336326e+06 3.75336326e+06
2151     1.24718110e+08 -3.74154331e+06 3.74154331e+06
2152     1.24324222e+08 -3.72972665e+06 3.72972665e+06
2153     1.23930930e+08 -3.71792791e+06 3.71792791e+06
2154     1.23537627e+08 -3.70612882e+06 3.70612882e+06
2155     1.23145350e+08 -3.69436050e+06 3.69436050e+06
2156     1.22752941e+08 -3.68258823e+06 3.68258823e+06
2157     1.22361440e+08 -3.67084321e+06 3.67084321e+06
2158     1.21970790e+08 -3.65912371e+06 3.65912371e+06
2159     1.21580382e+08 -3.64741147e+06 3.64741147e+06
2160     1.21191261e+08 -3.63573784e+06 3.63573784e+06
2161     1.20802820e+08 -3.62408460e+06 3.62408460e+06
2162     1.20415554e+08 -3.61246663e+06 3.61246663e+06
2163     1.20029410e+08 -3.60088230e+06 3.60088230e+06
2164     1.19644332e+08 -3.58932997e+06 3.58932997e+06
2165     1.19260267e+08 -3.57780802e+06 3.57780802e+06
2166     1.18877716e+08 -3.56633148e+06 3.56633148e+06
2167     1.18496626e+08 -3.55489879e+06 3.55489879e+06
2168     1.18116947e+08 -3.54350842e+06 3.54350842e+06
2169     1.17738627e+08 -3.53215881e+06 3.53215881e+06
2170     1.17362172e+08 -3.52086517e+06 3.52086517e+06
2171     1.16986976e+08 -3.50960929e+06 3.50960929e+06
2172     1.16614106e+08 -3.49842317e+06 3.49842317e+06
2173     1.16242955e+08 -3.48728864e+06 3.48728864e+06
2174     1.15874035e+08 -3.47622105e+06 3.47622105e+06
2175     1.15507301e+08 -3.46521904e+06 3.46521904e+06
2176     1.15142709e+08 -3.45428126e+06 3.45428126e+06
2177     1.14780212e+08 -3.44340636e+06 3.44340636e+06
2178     1.14419767e+08 -3.43259302e+06 3.43259302e+06
2179     1.14061893e+08 -3.42185679e+06 3.42185679e+06
2180     1.13706547e+08 -3.41119642e+06 3.41119642e+06
2181     1.13353127e+08 -3.40059380e+06 3.40059380e+06
2182     1.13002716e+08 -3.39008148e+06 3.39008148e+06
2183     1.12654713e+08 -3.37964138e+06 3.37964138e+06
2184     1.12309643e+08 -3.36928928e+06 3.36928928e+06
2185     1.11966904e+08 -3.35900712e+06 3.35900712e+06
2186     1.11627024e+08 -3.34881072e+06 3.34881072e+06
2187     1.11290533e+08 -3.33871599e+06 3.33871599e+06
2188     1.10956265e+08 -3.32868796e+06 3.32868796e+06
2189     1.10625319e+08 -3.31875957e+06 3.31875957e+06
2190     1.10297662e+08 -3.30892986e+06 3.30892986e+06
2191     1.09972696e+08 -3.29918087e+06 3.29918087e+06
2192     1.09650956e+08 -3.28952869e+06 3.28952869e+06
2193     1.09332415e+08 -3.27997245e+06 3.27997245e+06
2194     1.09016474e+08 -3.27049422e+06 3.27049422e+06
2195     1.08704243e+08 -3.26112729e+06 3.26112729e+06
2196     1.08395698e+08 -3.25187093e+06 3.25187093e+06
2197     1.08090242e+08 -3.24270727e+06 3.24270727e+06
2198     1.07787852e+08 -3.23363557e+06 3.23363557e+06
2199     1.07489075e+08 -3.22467226e+06 3.22467226e+06
2200     1.07193890e+08 -3.21581670e+06 3.21581670e+06
2201     1.06902276e+08 -3.20706827e+06 3.20706827e+06
2202     1.06614210e+08 -3.19842629e+06 3.19842629e+06
2203     1.06329670e+08 -3.18989011e+06 3.18989011e+06
2204     1.06049212e+08 -3.18147636e+06 3.18147636e+06
2205     1.05772241e+08 -3.17316724e+06 3.17316724e+06
2206     1.05498739e+08 -3.16496218e+06 3.16496218e+06
2207     1.05229265e+08 -3.15687795e+06 3.15687795e+06
2208     1.04963227e+08 -3.14889681e+06 3.14889681e+06
2209     1.04701187e+08 -3.14103560e+06 3.14103560e+06
2210     1.04443132e+08 -3.13329395e+06 3.13329395e+06
2211     1.04188472e+08 -3.12565417e+06 3.12565417e+06
2212     1.03937775e+08 -3.11813324e+06 3.11813324e+06
2213     1.03691030e+08 -3.11073090e+06 3.11073090e+06
2214     1.03448230e+08 -3.10344690e+06 3.10344690e+06
2215     1.03208787e+08 -3.09626361e+06 3.09626361e+06
2216     1.02973855e+08 -3.08921565e+06 3.08921565e+06
2217     1.02742850e+08 -3.08228549e+06 3.08228549e+06
2218     1.02515767e+08 -3.07547300e+06 3.07547300e+06
2219     1.02292021e+08 -3.06876064e+06 3.06876064e+06
2220     1.02072776e+08 -3.06218329e+06 3.06218329e+06
2221     1.01857449e+08 -3.05572346e+06 3.05572346e+06
2222     1.01646040e+08 -3.04938119e+06 3.04938119e+06
2223     1.01439135e+08 -3.04317404e+06 3.04317404e+06
2224     1.01235568e+08 -3.03706705e+06 3.03706705e+06
2225     1.01036513e+08 -3.03109540e+06 3.03109540e+06
2226     1.00840804e+08 -3.02522413e+06 3.02522413e+06
2227     1.00649618e+08 -3.01948855e+06 3.01948855e+06
2228     1.00462376e+08 -3.01387129e+06 3.01387129e+06
2229     1.00278498e+08 -3.00835495e+06 3.00835495e+06
2230     1.00099168e+08 -3.00297503e+06 3.00297503e+06
2231     9.99238068e+07 -2.99771420e+06 2.99771420e+06
2232     9.97524261e+07 -2.99257278e+06 2.99257278e+06
2233     9.95844470e+07 -2.98753341e+06 2.98753341e+06
2234     9.94210606e+07 -2.98263182e+06 2.98263182e+06
2235     9.92610999e+07 -2.97783300e+06 2.97783300e+06
2236     9.91057599e+07 -2.97317280e+06 2.97317280e+06
2237     9.89538730e+07 -2.96861619e+06 2.96861619e+06
2238     9.88060455e+07 -2.96418137e+06 2.96418137e+06
2239     9.86617007e+07 -2.95985102e+06 2.95985102e+06
2240     9.85220408e+07 -2.95566122e+06 2.95566122e+06
2241     9.83853032e+07 -2.95155910e+06 2.95155910e+06
2242     9.82526922e+07 -2.94758077e+06 2.94758077e+06
2243     9.81242271e+07 -2.94372681e+06 2.94372681e+06
2244     9.79993320e+07 -2.93997996e+06 2.93997996e+06
2245     9.78780260e+07 -2.93634078e+06 2.93634078e+06
2246     9.77603287e+07 -2.93280986e+06 2.93280986e+06
2247     9.76462605e+07 -2.92938782e+06 2.92938782e+06
2248     9.75358424e+07 -2.92607527e+06 2.92607527e+06
2249     9.74290959e+07 -2.92287288e+06 2.92287288e+06
2250     9.73260435e+07 -2.91978131e+06 2.91978131e+06
2251     9.72267097e+07 -2.91680129e+06 2.91680129e+06
2252     9.71305263e+07 -2.91391579e+06 2.91391579e+06
2253     9.70375258e+07 -2.91112578e+06 2.91112578e+06
2254     9.69483422e+07 -2.90845027e+06 2.90845027e+06
2255     9.68618080e+07 -2.90585424e+06 2.90585424e+06
2256     9.67791599e+07 -2.90337480e+06 2.90337480e+06
2257     9.66998321e+07 -2.90099496e+06 2.90099496e+06
2258     9.66238605e+07 -2.89871582e+06 2.89871582e+06
2259     9.65506779e+07 -2.89652034e+06 2.89652034e+06
2260     9.64809241e+07 -2.89442772e+06 2.89442772e+06
2261     9.64146368e+07 -2.89243911e+06 2.89243911e+06
2262     9.63512495e+07 -2.89053749e+06 2.89053749e+06
2263     9.62901941e+07 -2.88870582e+06 2.88870582e+06
2264     9.62327198e+07 -2.88698160e+06 2.88698160e+06
2265     9.61782606e+07 -2.88534782e+06 2.88534782e+06
2266     9.61268561e+07 -2.88380568e+06 2.88380568e+06
2267     9.60779391e+07 -2.88233817e+06 2.88233817e+06
2268     9.60315491e+07 -2.88094647e+06 2.88094647e+06
2269     9.59883354e+07 -2.87965006e+06 2.87965006e+06
2270     9.59477311e+07 -2.87843193e+06 2.87843193e+06
2271     9.59097781e+07 -2.87729334e+06 2.87729334e+06
2272     9.58745188e+07 -2.87623556e+06 2.87623556e+06
2273     9.58419965e+07 -2.87525989e+06 2.87525989e+06
2274     9.58116433e+07 -2.87434930e+06 2.87434930e+06
2275     9.57835023e+07 -2.87350507e+06 2.87350507e+06
2276     9.57582300e+07 -2.87274690e+06 2.87274690e+06
2277     9.57346458e+07 -2.87203937e+06 2.87203937e+06
2278     9.57134070e+07 -2.87140221e+06 2.87140221e+06
2279     9.56945593e+07 -2.87083678e+06 2.87083678e+06
2280     9.56781491e+07 -2.87034447e+06 2.87034447e+06
2281     9.56636080e+07 -2.86990824e+06 2.86990824e+06
2282     9.56509820e+07 -2.86952946e+06 2.86952946e+06
2283     9.56397013e+07 -2.86919104e+06 2.86919104e+06
2284     9.56310454e+07 -2.86893136e+06 2.86893136e+06
2285     9.56238284e+07 -2.86871485e+06 2.86871485e+06
2286     9.56187151e+07 -2.86856145e+06 2.86856145e+06
2287     9.56151355e+07 -2.86845407e+06 2.86845407e+06
2288     9.56131372e+07 -2.86839411e+06 2.86839411e+06
2289     9.56127679e+07 -2.86838304e+06 2.86838304e+06
2290     9.56140761e+07 -2.86842228e+06 2.86842228e+06
2291     9.56164896e+07 -2.86849469e+06 2.86849469e+06
2292     9.56206770e+07 -2.86862031e+06 2.86862031e+06
2293     9.56260656e+07 -2.86878197e+06 2.86878197e+06
2294     9.56327033e+07 -2.86898110e+06 2.86898110e+06
2295     9.56406380e+07 -2.86921914e+06 2.86921914e+06
2296     9.56492943e+07 -2.86947883e+06 2.86947883e+06
2297     9.56593429e+07 -2.86978029e+06 2.86978029e+06
2298     9.56702074e+07 -2.87010622e+06 2.87010622e+06
2299     9.56825596e+07 -2.87047679e+06 2.87047679e+06
2300     9.56951964e+07 -2.87085589e+06 2.87085589e+06
2301     9.57087909e+07 -2.87126373e+06 2.87126373e+06
2302     9.57233994e+07 -2.87170198e+06 2.87170198e+06
2303     9.57378256e+07 -2.87213477e+06 2.87213477e+06
2304     9.57540079e+07 -2.87262024e+06 2.87262024e+06
2305     9.57701205e+07 -2.87310361e+06 2.87310361e+06
2306     9.57868467e+07 -2.87360540e+06 2.87360540e+06
2307     9.58042422e+07 -2.87412727e+06 2.87412727e+06
2308     9.58217326e+07 -2.87465198e+06 2.87465198e+06
2309     9.58393710e+07 -2.87518113e+06 2.87518113e+06
2310     9.58578419e+07 -2.87573526e+06 2.87573526e+06
2311     9.58765677e+07 -2.87629703e+06 2.87629703e+06
2312     9.58949686e+07 -2.87684906e+06 2.87684906e+06
2313     9.59137273e+07 -2.87741182e+06 2.87741182e+06
2314     9.59328952e+07 -2.87798686e+06 2.87798686e+06
2315     9.59518893e+07 -2.87855668e+06 2.87855668e+06
2316     9.59707582e+07 -2.87912275e+06 2.87912275e+06
2317     9.59895500e+07 -2.87968650e+06 2.87968650e+06
2318     9.60083123e+07 -2.88024937e+06 2.88024937e+06
2319     9.60264562e+07 -2.88079369e+06 2.88079369e+06
2320     9.60446630e+07 -2.88133989e+06 2.88133989e+06
2321     9.60623416e+07 -2.88187025e+06 2.88187025e+06
2322     9.60795358e+07 -2.88238607e+06 2.88238607e+06
2323     9.60969268e+07 -2.88290781e+06 2.88290781e+06
2324     9.61132816e+07 -2.88339845e+06 2.88339845e+06
2325     9.61292797e+07 -2.88387839e+06 2.88387839e+06
2326     9.61443229e+07 -2.88432969e+06 2.88432969e+06
2327     9.61590909e+07 -2.88477273e+06 2.88477273e+06
2328     9.61729834e+07 -2.88518950e+06 2.88518950e+06
2329     9.61866801e+07 -2.88560040e+06 2.88560040e+06
2330     9.61989363e+07 -2.88596809e+06 2.88596809e+06
2331     9.62104305e+07 -2.88631291e+06 2.88631291e+06
2332     9.62211994e+07 -2.88663598e+06 2.88663598e+06
2333     9.62312796e+07 -2.88693839e+06 2.88693839e+06
2334     9.62400627e+07 -2.88720188e+06 2.88720188e+06
2335     9.62475827e+07 -2.88742748e+06 2.88742748e+06
2336     9.62538730e+07 -2.88761619e+06 2.88761619e+06
2337     9.62596128e+07 -2.88778838e+06 2.88778838e+06
2338     9.62635434e+07 -2.88790630e+06 2.88790630e+06
2339     9.62663427e+07 -2.88799028e+06 2.88799028e+06
2340     9.62680426e+07 -2.88804128e+06 2.88804128e+06
2341     9.62680267e+07 -2.88804080e+06 2.88804080e+06
2342     9.62669735e+07 -2.88800920e+06 2.88800920e+06
2343     9.62642646e+07 -2.88792794e+06 2.88792794e+06
2344     9.62599292e+07 -2.88779788e+06 2.88779788e+06
2345     9.62539960e+07 -2.88761988e+06 2.88761988e+06
2346     9.62471444e+07 -2.88741433e+06 2.88741433e+06
2347     9.62381010e+07 -2.88714303e+06 2.88714303e+06
2348     9.62275443e+07 -2.88682633e+06 2.88682633e+06
2349     9.62148489e+07 -2.88644547e+06 2.88644547e+06
2350     9.62006935e+07 -2.88602080e+06 2.88602080e+06
2351     9.61851055e+07 -2.88555316e+06 2.88555316e+06
2352     9.61674601e+07 -2.88502380e+06 2.88502380e+06
2353     9.61477852e+07 -2.88443356e+06 2.88443356e+06
2354     9.61261085e+07 -2.88378326e+06 2.88378326e+06
2355     9.61031132e+07 -2.88309340e+06 2.88309340e+06
2356     9.60775147e+07 -2.88232544e+06 2.88232544e+06
2357     9.60506517e+07 -2.88151955e+06 2.88151955e+06
2358     9.60212365e+07 -2.88063709e+06 2.88063709e+06
2359     9.59906092e+07 -2.87971828e+06 2.87971828e+06
2360     9.59574786e+07 -2.87872436e+06 2.87872436e+06
2361     9.59225267e+07 -2.87767580e+06 2.87767580e+06
2362     9.58851171e+07 -2.87655351e+06 2.87655351e+06
2363     9.58459315e+07 -2.87537795e+06 2.87537795e+06
2364     9.58043311e+07 -2.87412993e+06 2.87412993e+06
2365     9.57609973e+07 -2.87282992e+06 2.87282992e+06
2366     9.57159508e+07 -2.87147852e+06 2.87147852e+06
2367     9.56678861e+07 -2.87003658e+06 2.87003658e+06
2368     9.56181455e+07 -2.86854436e+06 2.86854436e+06
2369     9.55667470e+07 -2.86700241e+06 2.86700241e+06
2370     9.55123793e+07 -2.86537138e+06 2.86537138e+06
2371     9.54563851e+07 -2.86369155e+06 2.86369155e+06
2372     9.53981141e+07 -2.86194342e+06 2.86194342e+06
2373     9.53382451e+07 -2.86014735e+06 2.86014735e+06
2374     9.52754579e+07 -2.85826374e+06 2.85826374e+06
2375     9.52110957e+07 -2.85633287e+06 2.85633287e+06
2376     9.51445018e+07 -2.85433505e+06 2.85433505e+06
2377     9.50750159e+07 -2.85225048e+06 2.85225048e+06
2378     9.50039811e+07 -2.85011943e+06 2.85011943e+06
2379     9.49307355e+07 -2.84792207e+06 2.84792207e+06
2380     9.48559536e+07 -2.84567861e+06 2.84567861e+06
2381     9.47782995e+07 -2.84334899e+06 2.84334899e+06
2382     9.46984448e+07 -2.84095334e+06 2.84095334e+06
2383     9.46163903e+07 -2.83849171e+06 2.83849171e+06
2384     9.45321359e+07 -2.83596408e+06 2.83596408e+06
2385     9.44463527e+07 -2.83339058e+06 2.83339058e+06
2386     9.43576932e+07 -2.83073080e+06 2.83073080e+06
2387     9.42668255e+07 -2.82800477e+06 2.82800477e+06
2388     9.41744191e+07 -2.82523257e+06 2.82523257e+06
2389     9.40797944e+07 -2.82239383e+06 2.82239383e+06
2390     9.39822682e+07 -2.81946805e+06 2.81946805e+06
2391     9.38831828e+07 -2.81649548e+06 2.81649548e+06
2392     9.37825300e+07 -2.81347590e+06 2.81347590e+06
2393     9.36789465e+07 -2.81036839e+06 2.81036839e+06
2394     9.35737743e+07 -2.80721323e+06 2.80721323e+06
2395     9.34663241e+07 -2.80398972e+06 2.80398972e+06
2396     9.33572612e+07 -2.80071784e+06 2.80071784e+06
2397     9.32458932e+07 -2.79737680e+06 2.79737680e+06
2398     9.31322046e+07 -2.79396614e+06 2.79396614e+06
2399     9.30168598e+07 -2.79050579e+06 2.79050579e+06
2400     9.28991623e+07 -2.78697487e+06 2.78697487e+06
2401     9.27790932e+07 -2.78337280e+06 2.78337280e+06
2402     9.26579936e+07 -2.77973981e+06 2.77973981e+06
2403     9.25337926e+07 -2.77601378e+06 2.77601378e+06
2404     9.24085128e+07 -2.77225539e+06 2.77225539e+06
2405     9.22807630e+07 -2.76842289e+06 2.76842289e+06
2406     9.21512007e+07 -2.76453602e+06 2.76453602e+06
2407     9.20198000e+07 -2.76059400e+06 2.76059400e+06
2408     9.18858490e+07 -2.75657547e+06 2.75657547e+06
2409     9.17506922e+07 -2.75252077e+06 2.75252077e+06
2410     9.16129304e+07 -2.74838791e+06 2.74838791e+06
2411     9.14739100e+07 -2.74421730e+06 2.74421730e+06
2412     9.13322291e+07 -2.73996687e+06 2.73996687e+06
2413     9.11892358e+07 -2.73567707e+06 2.73567707e+06
2414     9.10442149e+07 -2.73132645e+06 2.73132645e+06
2415     9.08971387e+07 -2.72691416e+06 2.72691416e+06
2416     9.07486696e+07 -2.72246009e+06 2.72246009e+06
2417     9.05980905e+07 -2.71794272e+06 2.71794272e+06
2418     9.04460649e+07 -2.71338195e+06 2.71338195e+06
2419     9.02918744e+07 -2.70875623e+06 2.70875623e+06
2420     9.01368762e+07 -2.70410629e+06 2.70410629e+06
2421     8.99796593e+07 -2.69938978e+06 2.69938978e+06
2422     8.98208893e+07 -2.69462668e+06 2.69462668e+06
2423     8.96612342e+07 -2.68983703e+06 2.68983703e+06
2424     8.94992795e+07 -2.68497838e+06 2.68497838e+06
2425     8.93363880e+07 -2.68009164e+06 2.68009164e+06
2426     8.91718388e+07 -2.67515517e+06 2.67515517e+06
2427     8.90056055e+07 -2.67016817e+06 2.67016817e+06
2428     8.88383587e+07 -2.66515076e+06 2.66515076e+06
2429     8.86700733e+07 -2.66010220e+06 2.66010220e+06
2430     8.85000259e+07 -2.65500078e+06 2.65500078e+06
2431     8.83288885e+07 -2.64986665e+06 2.64986665e+06
2432     8.81566355e+07 -2.64469906e+06 2.64469906e+06
2433     8.79832414e+07 -2.63949724e+06 2.63949724e+06
2434     8.78093809e+07 -2.63428143e+06 2.63428143e+06
2435     8.76336272e+07 -2.62900881e+06 2.62900881e+06
2436     8.74573555e+07 -2.62372067e+06 2.62372067e+06
2437     8.72798385e+07 -2.61839516e+06 2.61839516e+06
2438     8.71017519e+07 -2.61305256e+06 2.61305256e+06
2439     8.69223662e+07 -2.60767099e+06 2.60767099e+06
2440     8.67423575e+07 -2.60227073e+06 2.60227073e+06
2441     8.65616990e+07 -2.59685097e+06 2.59685097e+06
2442     8.63803633e+07 -2.59141090e+06 2.59141090e+06
2443     8.61976165e+07 -2.58592850e+06 2.58592850e+06
2444     8.60148415e+07 -2.58044525e+06 2.58044525e+06
2445     8.58320109e+07 -2.57496033e+06 2.57496033e+06
2446     8.56476815e+07 -2.56943044e+06 2.56943044e+06
2447     8.54639458e+07 -2.56391837e+06 2.56391837e+06
2448     8.52793588e+07 -2.55838076e+06 2.55838076e+06
2449     8.50938888e+07 -2.55281667e+06 2.55281667e+06
2450     8.49089235e+07 -2.54726771e+06 2.54726771e+06
2451     8.47230107e+07 -2.54169032e+06 2.54169032e+06
2452     8.45375308e+07 -2.53612592e+06 2.53612592e+06
2453     8.43510200e+07 -2.53053060e+06 2.53053060e+06
2454     8.41648582e+07 -2.52494575e+06 2.52494575e+06
2455     8.39782905e+07 -2.51934871e+06 2.51934871e+06
2456     8.37919862e+07 -2.51375959e+06 2.51375959e+06
2457     8.36059022e+07 -2.50817707e+06 2.50817707e+06
2458     8.34192802e+07 -2.50257841e+06 2.50257841e+06
2459     8.32320744e+07 -2.49696223e+06 2.49696223e+06
2460     8.30456696e+07 -2.49137009e+06 2.49137009e+06
2461     8.28593062e+07 -2.48577919e+06 2.48577919e+06
2462     8.26722218e+07 -2.48016666e+06 2.48016666e+06
2463     8.24865212e+07 -2.47459564e+06 2.47459564e+06
2464     8.23000075e+07 -2.46900023e+06 2.46900023e+06
2465     8.21140699e+07 -2.46342210e+06 2.46342210e+06
2466     8.19279443e+07 -2.45783833e+06 2.45783833e+06
2467     8.17423040e+07 -2.45226912e+06 2.45226912e+06
2468     8.15571040e+07 -2.44671312e+06 2.44671312e+06
2469     8.13722994e+07 -2.44116898e+06 2.44116898e+06
2470     8.11871241e+07 -2.43561372e+06 2.43561372e+06
2471     8.10029760e+07 -2.43008928e+06 2.43008928e+06
2472     8.08190899e+07 -2.42457270e+06 2.42457270e+06
2473     8.06354218e+07 -2.41906265e+06 2.41906265e+06
2474     8.04519284e+07 -2.41355785e+06 2.41355785e+06
2475     8.02692910e+07 -2.40807873e+06 2.40807873e+06
2476     8.00867440e+07 -2.40260232e+06 2.40260232e+06
2477     7.99049712e+07 -2.39714913e+06 2.39714913e+06
2478     7.97239332e+07 -2.39171800e+06 2.39171800e+06
2479     7.95435916e+07 -2.38630775e+06 2.38630775e+06
2480     7.93631810e+07 -2.38089543e+06 2.38089543e+06
2481     7.91841190e+07 -2.37552357e+06 2.37552357e+06
2482     7.90056427e+07 -2.37016928e+06 2.37016928e+06
2483     7.88277171e+07 -2.36483151e+06 2.36483151e+06
2484     7.86503084e+07 -2.35950925e+06 2.35950925e+06
2485     7.84741139e+07 -2.35422342e+06 2.35422342e+06
2486     7.82991037e+07 -2.34897311e+06 2.34897311e+06
2487     7.81245172e+07 -2.34373552e+06 2.34373552e+06
2488     7.79510571e+07 -2.33853171e+06 2.33853171e+06
2489     7.77779640e+07 -2.33333892e+06 2.33333892e+06
2490     7.76059439e+07 -2.32817832e+06 2.32817832e+06
2491     7.74357064e+07 -2.32307119e+06 2.32307119e+06
2492     7.72657612e+07 -2.31797284e+06 2.31797284e+06
2493     7.70968195e+07 -2.31290459e+06 2.31290459e+06
2494     7.69292283e+07 -2.30787685e+06 2.30787685e+06
2495     7.67626741e+07 -2.30288022e+06 2.30288022e+06
2496     7.65973594e+07 -2.29792078e+06 2.29792078e+06
2497     7.64331935e+07 -2.29299581e+06 2.29299581e+06
2498     7.62703080e+07 -2.28810924e+06 2.28810924e+06
2499     7.61086140e+07 -2.28325842e+06 2.28325842e+06
2500     7.59482453e+07 -2.27844736e+06 2.27844736e+06
2501     7.57891885e+07 -2.27367566e+06 2.27367566e+06
2502     7.56315024e+07 -2.26894507e+06 2.26894507e+06
2503     7.54751720e+07 -2.26425516e+06 2.26425516e+06
2504     7.53202574e+07 -2.25960772e+06 2.25960772e+06
2505     7.51668193e+07 -2.25500458e+06 2.25500458e+06
2506     7.50147707e+07 -2.25044312e+06 2.25044312e+06
2507     7.48643222e+07 -2.24592966e+06 2.24592966e+06
2508     7.47153879e+07 -2.24146164e+06 2.24146164e+06
2509     7.45679567e+07 -2.23703870e+06 2.23703870e+06
2510     7.44221665e+07 -2.23266500e+06 2.23266500e+06
2511     7.42780069e+07 -2.22834021e+06 2.22834021e+06
2512     7.41355424e+07 -2.22406627e+06 2.22406627e+06
2513     7.39946134e+07 -2.21983840e+06 2.21983840e+06
2514     7.38554341e+07 -2.21566302e+06 2.21566302e+06
2515     7.37179947e+07 -2.21153984e+06 2.21153984e+06
2516     7.35822106e+07 -2.20746632e+06 2.20746632e+06
2517     7.34481465e+07 -2.20344440e+06 2.20344440e+06
2518     7.33157926e+07 -2.19947378e+06 2.19947378e+06
2519     7.31852136e+07 -2.19555641e+06 2.19555641e+06
2520     7.30563995e+07 -2.19169198e+06 2.19169198e+06
2521     7.29293398e+07 -2.18788019e+06 2.18788019e+06
2522     7.28040991e+07 -2.18412297e+06 2.18412297e+06
2523     7.26805915e+07 -2.18041774e+06 2.18041774e+06
2524     7.25588813e+07 -2.17676644e+06 2.17676644e+06
2525     7.24390328e+07 -2.17317098e+06 2.17317098e+06
2526     7.23209593e+07 -2.16962878e+06 2.16962878e+06
2527     7.22046494e+07 -2.16613948e+06 2.16613948e+06
2528     7.20902426e+07 -2.16270728e+06 2.16270728e+06
2529     7.19775762e+07 -2.15932729e+06 2.15932729e+06
2530     7.18667140e+07 -2.15600142e+06 2.15600142e+06
2531     7.17576442e+07 -2.15272933e+06 2.15272933e+06
2532     7.16503551e+07 -2.14951065e+06 2.14951065e+06
2533     7.15448351e+07 -2.14634505e+06 2.14634505e+06
2534     7.14411486e+07 -2.14323446e+06 2.14323446e+06
2535     7.13391325e+07 -2.14017398e+06 2.14017398e+06
2536     7.12388517e+07 -2.13716555e+06 2.13716555e+06
2537     7.11403715e+07 -2.13421114e+06 2.13421114e+06
2538     7.10435296e+07 -2.13130589e+06 2.13130589e+06
2539     7.09483923e+07 -2.12845177e+06 2.12845177e+06
2540     7.08549505e+07 -2.12564851e+06 2.12564851e+06
2541     7.07631958e+07 -2.12289587e+06 2.12289587e+06
2542     7.06730441e+07 -2.12019132e+06 2.12019132e+06
2543     7.05846414e+07 -2.11753924e+06 2.11753924e+06
2544     7.04978289e+07 -2.11493487e+06 2.11493487e+06
2545     7.04126018e+07 -2.11237805e+06 2.11237805e+06
2546     7.03290327e+07 -2.10987098e+06 2.10987098e+06
2547     7.02470425e+07 -2.10741127e+06 2.10741127e+06
2548     7.01665529e+07 -2.10499659e+06 2.10499659e+06
2549     7.00876406e+07 -2.10262922e+06 2.10262922e+06
2550     7.00102301e+07 -2.10030690e+06 2.10030690e+06
