time_step,region_1_entropy,region_2_entropy,region_3_entropy,region_4_entropy,region_5_entropy,region_6_entropy,region_7_entropy,region_8_entropy,global_entropy,lock_epoch
0,2.5127319406546182,2.512728752916609,2.4800717180241065,2.5482642119950927,2.5643858542626403,2.565049517927651,2.5351483366373273,2.565551552270481,5.606733433025226,207
1,3.150081775804615,3.138752109240712,3.0874617950589394,3.1872623305397347,3.1995880061413136,3.2123065380351523,3.1653838151801135,3.205724545098807,5.605925754194076,207
2,3.7837186175519326,3.763906317687846,3.6981036329302985,3.823220713507882,3.840329768380546,3.852341219294533,3.792184062255318,3.838511933326386,5.615784438763733,207
3,4.420112489111073,4.387363632136959,4.314853210462935,4.461512888142014,4.482972745088954,4.500410382839202,4.422133489701006,4.474394163859452,5.6060353115027635,207
4,5.063880964085437,5.012494454619941,4.93117377319832,5.106164324468826,5.131171154618813,5.142041037484156,5.049581401902339,5.107846215553051,5.6094069581594805,207
5,5.089066093864739,4.999009177212493,4.927767924219058,5.11445893008895,5.135943397682317,5.140446587329688,5.046554429676966,5.111636750189847,5.621367846645075,207
6,5.11340437517345,4.995242461313015,4.921510385338059,5.127386267730687,5.146387800621936,5.13828692952381,5.032096399003555,5.109774767653299,5.616780669240101,207
7,5.127454538967294,5.0023917534920725,4.923429036769071,5.133021699857871,5.156303864701814,5.128905539505026,5.017608546209545,5.104470843655474,5.618853635435277,207
8,5.13893080827852,5.008203435041443,4.932965723090627,5.132626596991387,5.164746788905321,5.111987129202239,5.001283933980684,5.0991140236530414,5.617288909078556,207
9,5.151718199760265,5.012074589007151,4.949878638740357,5.12783112803853,5.177485704711437,5.093892015990052,4.985801151079756,5.0957090873753765,5.629764137869714,207
10,5.174217360529364,5.020627373181379,4.9668751182573985,5.122734861246701,5.181051241273416,5.085299216121094,4.9697380604962715,5.10334046301568,5.627569090264376,207
11,5.1934184938967975,5.0341928700560645,4.978995205233632,5.1188993769667395,5.181364803670968,5.068560553505501,4.955126049080837,5.113310947945022,5.630895160215632,207
12,5.21555479714619,5.050804300637922,4.9873826482172765,5.111511372271038,5.176439575942777,5.057850703736661,4.933905084935119,5.125792601851009,5.6294863634252055,207
13,5.23305995339598,5.072434922488984,4.988704736894407,5.103325619488316,5.167423805835188,5.055598379211391,4.9072921759181005,5.128948597407003,5.6260347784839375,207
14,5.250101283474321,5.089484622887038,4.990222805020977,5.097230552034844,5.152529148488889,5.0474371469548265,4.892567040627369,5.134014682286154,5.636763140679095,207
15,5.269125383283303,5.089733894422055,4.992159226142186,5.096072498587277,5.1492152660641235,5.041254510021577,4.8862740040359265,5.14288587515582,5.634396874425112,207
16,5.2729841152270405,5.088671340787069,4.994743989777424,5.096879541366845,5.152689237405834,5.047907290715946,4.887420581873602,5.151057150605757,5.64149135405534,207
17,5.279949773408923,5.083567693088105,4.99659916891786,5.111698774636157,5.156406892736116,5.061229953029195,4.8868945162243325,5.148050576799587,5.639783861309956,207
18,5.283699229916788,5.073825969748998,4.994202962143943,5.133234531383764,5.163284129016321,5.079017330292309,4.884028728219162,5.136398929918708,5.643249629836504,207
19,5.289197335249376,5.067197052082946,4.993945476190397,5.1531193280699945,5.165852596486639,5.088787294229173,4.8722788841272315,5.124232658637319,5.643809713930401,207
20,5.284331231011655,5.054250983898559,4.997477263508616,5.166955545028971,5.167140792920664,5.101444790969688,4.864611809953843,5.108765514505627,5.650886993350535,207
21,5.284120487201454,5.0445457949770445,5.00319727401654,5.177291831201302,5.171308264145463,5.107490196289531,4.866364973847956,5.095403741472169,5.646599722790441,207
22,5.291114646502585,5.030954257315187,5.0159275566811585,5.179926507852932,5.173850043303082,5.128629056510082,4.8699780924610065,5.07296417846002,5.65913791111658,207
23,5.294086447241372,5.027631846272606,5.0171902146541,5.181288034722179,5.175992730469172,5.139813240564785,4.881110531144344,5.053419598579324,5.653603365043157,207
24,5.3027640083623275,5.027063770738367,5.020231305603393,5.180614229518673,5.186822875305196,5.1379983430937655,4.887760428458623,5.031884487654345,5.65823284929881,207
25,5.30261201596411,5.035999720015533,5.018773121995923,5.166931572060584,5.181576348632177,5.126077476834757,4.896818893137697,5.019567225004475,5.653999737467831,207
26,5.301378895993133,5.043888029259618,5.013404838501002,5.153055620113389,5.173794063864194,5.110589325868161,4.912314623906104,5.01055528077193,5.664373012369271,207
27,5.301573354808848,5.047669861190085,5.008195103289702,5.13541828289477,5.158468534334123,5.099247700047665,4.9287358942528705,4.999992025805464,5.6744583207220485,207
28,5.306084787324156,5.0566087532582475,5.008504933723503,5.114992576293783,5.140806600146638,5.085164330076068,4.957179131767573,4.993913972988296,5.669702877197218,207
29,5.29420107921568,5.056943129217461,5.007705183180928,5.094178009926656,5.12110479336786,5.066551555274744,4.982209932489913,4.98880369956702,5.671835205957519,207
30,5.281593478418003,5.058303525508933,5.004042041399975,5.076552671728267,5.089044212079676,5.043381838497386,4.995307161746007,4.984317760156671,5.669545089955416,207
31,5.27582196900289,5.067875939847699,5.0141549491698125,5.0563229055577015,5.051861918981574,5.039089479050227,5.006554073436491,4.976837801843597,5.675057813022655,207
32,5.27674376660809,5.089107685241455,5.020519048515474,5.041732720489475,5.015121323336933,5.0410465587626385,5.010606088142524,4.976279737487964,5.668585341863189,207
33,5.283565625696942,5.102367760534296,5.0334965980792035,5.020720495031857,4.9947527971958925,5.043410846580642,5.016132463344288,4.992098033993597,5.690967319796426,207
34,5.296115147481375,5.11764080271441,5.048882591789265,4.995821675210825,4.96517369832769,5.045046664854173,5.0164358664189725,5.010705830659926,5.685955926704549,207
35,5.304464728820113,5.128070995575692,5.0683124665602435,4.968423048003657,4.952994758565015,5.049541175051569,5.02008757573685,5.023036761965613,5.683315002553168,207
36,5.320398456392265,5.135924680552234,5.083063533724315,4.947173213745671,4.939514527828434,5.05736439129174,5.015297764589636,5.02941603802546,5.682230077768845,207
37,5.339518970809218,5.151518286824383,5.100242787693138,4.928832418687438,4.933355137787531,5.074768821178425,5.002952789028619,5.032011902361176,5.680880273356341,207
38,5.346380499009248,5.175036139268276,5.1165376860565575,4.90971456399018,4.933729244988281,5.08443988573276,4.9969036761674355,5.043459326152309,5.6962527547099935,207
39,5.356063465673481,5.184753431277123,5.116477997300871,4.894026406129077,4.945945440557312,5.087091051664677,4.98474894059778,5.058873457561624,5.6969718549099575,207
40,5.362771639702271,5.181911339130956,5.116301852699944,4.875041796014599,4.952037977126921,5.083139703308003,4.976039452107777,5.076742902339115,5.690482471869114,207
41,5.366411540738269,5.181235451577991,5.107092297385643,4.86709505905335,4.962282215249781,5.083414733249329,4.9604403778329305,5.0767193546851725,5.702330219963659,207
42,5.363367736198409,5.192051451845457,5.102602533378416,4.861363402881734,4.985030449088581,5.083829301908956,4.941619842396036,5.085357148249276,5.6914098089453855,207
43,5.355087007514147,5.209264215526852,5.095143667652762,4.856487400289994,5.000935115780933,5.09480544720581,4.924285766932214,5.100183000250197,5.706444283044934,207
44,5.337609693963596,5.22879271865162,5.0930578834941596,4.846167818281733,5.021576917878141,5.097628947465147,4.9086661250341495,5.109036780179611,5.713398889836464,207
45,5.326247086545638,5.244683093441175,5.089719884751062,4.836624937446776,5.033470498875142,5.091752219450909,4.895458549362163,5.119981079566512,5.708976319809637,207
46,5.3273264025909,5.247805697056963,5.0926233661525595,4.830075979946008,5.050307406790661,5.080499519303855,4.876470992689196,5.121080713503606,5.705992707265834,207
47,5.320186181632677,5.256864946047659,5.104432162754755,4.823806990926262,5.055147257182147,5.066719448207227,4.849286900031451,5.124407979210379,5.709447435384945,207
48,5.319162694453923,5.268306058863593,5.1171933037522965,4.828412263890356,5.056345264993328,5.051446318043706,4.819678282944439,5.123628211074547,5.715633079603267,207
49,5.315779853397823,5.276800619012163,5.133197860642183,4.831223660443468,5.04015611923741,5.025378796456933,4.793855204330063,5.129067103610986,5.7160387950582185,207
50,5.310896082725794,5.273201593559802,5.141387588594123,4.838699911485287,5.022300657276381,4.996447102255088,4.785798746765655,5.124196452438652,5.71210399647058,207
51,5.306507786224068,5.255047127582958,5.142971985657957,4.847432527294739,5.001872373206804,4.954781015577512,4.777155339505856,5.109751968621541,5.71769741025078,207
52,5.304777938002735,5.235446395450031,5.13082677116435,4.86348300613201,4.975478107194203,4.9194811649278325,4.767451779500157,5.110172022420024,5.711520561328904,207
53,5.303521886183599,5.231405766992023,5.12613644905505,4.879860921342574,4.954016322059895,4.89310668603526,4.759476451017452,5.112605493252314,5.72682284713425,207
54,5.307939742825061,5.235096716500256,5.117878030973259,4.890919821745954,4.934814164986494,4.879949300187331,4.7583497838564535,5.117367622763185,5.717821292251786,207
55,5.313467165115612,5.235160855478485,5.109015841469251,4.900538642190514,4.907872304751736,4.872844681548767,4.762729585823252,5.122471787649533,5.719868012801658,207
56,5.308110204788657,5.232137817383798,5.099517277313472,4.906141727194708,4.877865875820839,4.870400217703049,4.780007252631579,5.131962529305871,5.730806618381693,207
57,5.3063979333395634,5.233496283653145,5.088964523334679,4.914836433247581,4.851667923589745,4.879509185024413,4.799225216585272,5.139533059897295,5.725582965136719,207
58,5.303589490282105,5.235845297120388,5.090804552473906,4.912358866435784,4.828635817860721,4.894345199986958,4.815415820920794,5.1516000453425255,5.729014983467552,207
59,5.311607488394964,5.253967911370392,5.106726170533841,4.915237332260431,4.81836135253102,4.930559449767273,4.836184503188156,5.173850311544821,5.734693378483262,207
60,5.319066738514824,5.268628835251322,5.129356491174768,4.913024787471914,4.808196504701931,4.9687555911602,4.8647160851611435,5.1951264572556575,5.73690858950851,207
61,5.324540308228065,5.26633042572359,5.13969164620765,4.915692659433738,4.801431486730998,5.003206905894294,4.885915470074449,5.217903163003038,5.737210757931918,207
62,5.327704779485125,5.249381397048897,5.150715085352194,4.920354734390683,4.7973071576101995,5.035670338745804,4.910840071334021,5.237799326358133,5.7320703788112475,207
63,5.326688155643896,5.247679363765095,5.157270213275264,4.92052531130725,4.801010152215332,5.067222523919322,4.930833696253576,5.253917698142795,5.74116636864789,207
64,5.322121571371898,5.253084039304308,5.158973234446855,4.918573595622099,4.8057560222428,5.104059226385406,4.937654790332093,5.266628596011832,5.736031334487588,207
65,5.314185425428859,5.248088003460108,5.1695257635622225,4.91941974046846,4.8181222706547375,5.1360570911596355,4.9510272521885295,5.274285669472775,5.744631232010184,207
66,5.299857444388372,5.24357118169195,5.175898460661051,4.914453752539485,4.82687936214825,5.155905121236971,4.956410356296036,5.284486999327968,5.749041210436455,207
67,5.271166364755075,5.226270992449908,5.178681678907556,4.9009617152786324,4.829676401582604,5.157892224765439,4.961937351539635,5.288324354319101,5.7505006158881615,207
68,5.239261825215447,5.210677741347146,5.182227657532043,4.904125975834807,4.838594184230415,5.156251409980877,4.957428662456571,5.275326007308692,5.752350544978078,207
69,5.2115375296371,5.192201767868481,5.192814726377316,4.898294491361373,4.845057217267077,5.152037749134954,4.95636492398467,5.258075949233726,5.759450359640722,207
70,5.172021730710351,5.186874970932017,5.197584591659693,4.89682331662441,4.852428270888705,5.147655995943067,4.955816054241625,5.244357360103694,5.758275835443215,207
71,5.138061148148891,5.173053498861122,5.209132976866722,4.910905849003809,4.862746088659828,5.135442707273708,4.959907554344019,5.235358967964226,5.755202388471226,207
72,5.112976197511319,5.153704932558559,5.2241094448160155,4.93049196060758,4.880214376909434,5.119796237935975,4.970473681212558,5.226500654249086,5.754576005419354,207
73,5.092331944748746,5.147739857497227,5.238791627517692,4.947797930605988,4.8986989552778715,5.111597816561814,4.967134866811953,5.2188754074982455,5.758055846907577,207
74,5.080265493728739,5.136861669930057,5.24993815793532,4.9774469061095665,4.910994609846719,5.105177764394721,4.959100524462988,5.201771162009743,5.761775650974725,207
75,5.082391025093303,5.133641236361035,5.252595960504371,5.009289144819357,4.912081388341886,5.098318823106068,4.943799396530496,5.191973176557064,5.760556542989545,207
76,5.08051701898775,5.123837147296595,5.249973449186183,5.028717627401688,4.922328661732459,5.093827548579838,4.932737533050247,5.197749570750874,5.764905176517725,207
77,5.078492254154444,5.116336065929367,5.233282398285168,5.057152488813259,4.928219036926187,5.095586246894538,4.924500651290048,5.2083692363845255,5.766710147610303,207
78,5.078064238608196,5.098207424376602,5.225042779733671,5.0771413616689225,4.927770838696976,5.101506783130993,4.9128383732326695,5.210351901989158,5.776027766505063,207
79,5.076846359954941,5.081106680279984,5.219808816686755,5.084756166388908,4.925146282545052,5.103348212230506,4.89593040070066,5.2063879143195955,5.774285942667989,207
80,5.073468860011891,5.0662646190852785,5.217531113987217,5.088312874480996,4.924280560109082,5.10105480122905,4.870558802718156,5.2066994790469865,5.768763085375212,207
81,5.07179509324352,5.0396806694413465,5.199371971071108,5.088469248662261,4.90928541566856,5.093792585486534,4.850711824013032,5.2104280990530505,5.7694428020853294,207
82,5.065886203194633,5.027241104843703,5.181299903899597,5.081364171000668,4.912565493392376,5.0974432152343905,4.839534524130622,5.21594104171176,5.767619567679874,207
83,5.057901053402198,5.018266008471452,5.161968633218376,5.087314334377972,4.918506222979452,5.099275311021717,4.834395732046889,5.217644626574736,5.776162230582868,207
84,5.046299094537845,5.006920668494577,5.1521567516441245,5.0905355789495035,4.917696178988849,5.1033196544893915,4.831038153754454,5.210671051785633,5.777147680654278,207
85,5.036621912894024,4.999742949663148,5.15071448760723,5.085573857034699,4.918170651754688,5.110193524205358,4.836835650989976,5.2041698250303305,5.7800127621510455,207
86,5.034863947891376,4.9978568563452495,5.134001558926337,5.0834000799590155,4.9223719225974385,5.12117283451008,4.847725813112411,5.2108043768714465,5.777824394131537,207
87,5.034804044678438,4.987244067382385,5.110688096866265,5.092726808750248,4.924131985325027,5.141576886651694,4.865762714143115,5.224012051006577,5.778363669412559,207
88,5.040168344268494,4.979715255372607,5.0917618295895535,5.103390314771447,4.922174071718921,5.162184116499133,4.8869509245848946,5.231557640552278,5.7821313418915965,207
89,5.045211917241794,4.979811739408355,5.083565223612747,5.111870208493642,4.921344924207614,5.182725434811545,4.915603338494981,5.241168563525262,5.790721205615219,207
90,5.058623233983624,4.97512402133654,5.080953586721196,5.124971947658451,4.913563777851252,5.198419379263895,4.946959272343129,5.249836141664273,5.792255956030808,207
91,5.077397177862558,4.959840674506125,5.076791856674834,5.126696496969949,4.916066570617174,5.216268544091102,4.973921928427371,5.25858025884492,5.786462329141626,207
92,5.103780519434336,4.951418750197398,5.077001239029986,5.12592026254938,4.916429955496994,5.228039901224614,4.994268047722436,5.270835985649406,5.785106848927045,207
93,5.136080731752411,4.937366764620736,5.080526739211699,5.126124277998565,4.921032476679707,5.2276069868098825,5.0154642966765595,5.277264231982011,5.797813501454806,207
94,5.164782994987494,4.931909196378323,5.0987702616513895,5.126036161203368,4.9346213508111925,5.213891933199529,5.029436666811252,5.269550296791232,5.796255830213978,207
95,5.190640810620935,4.940951742096834,5.121525672610402,5.119907299580925,4.9489456172476824,5.198467810740405,5.042555584678995,5.256274680603373,5.794257186673886,207
96,5.21366282011679,4.941433479416208,5.140333263213502,5.102912860228487,4.967365182656877,5.1862106853455545,5.055914901023647,5.245320431128807,5.785332430818913,207
97,5.227250780080985,4.941778690590091,5.160507208868123,5.083324814996265,4.993341346466929,5.163331666412255,5.065225781752252,5.238851934093162,5.802283688850741,207
98,5.231281964760036,4.930391833827651,5.180168241795328,5.069450812382772,5.019303679596309,5.1379343137508675,5.067271166931508,5.232624316823851,5.790774736420884,207
99,5.223808286884093,4.933463924233011,5.200499552735175,5.060395274695789,5.0341125133489,5.117482185765523,5.063919304514254,5.229614125362013,5.803337571033044,207
100,5.215002486943183,4.9371779564343345,5.212946386877753,5.050669438016993,5.045731767901129,5.107322174621876,5.058394240606452,5.2295980165676825,5.805461240630866,207
101,5.197279691346244,4.938456813187632,5.218353463384616,5.051919759318722,5.047131829621138,5.098687000697864,5.039244117182574,5.228464744777744,5.810798008706216,207
102,5.1722162318178455,4.932100337339833,5.215340797209483,5.062386834131756,5.037669821402039,5.098974498374446,5.016061008258817,5.239201057109766,5.80297862902327,207
103,5.149165641451537,4.926791991220471,5.207305019030805,5.070292982088688,5.028328076075004,5.100884271861985,4.995418209186755,5.250174310533259,5.809239278899093,207
104,5.131778106500189,4.917192844619855,5.193294473844261,5.0866899835537165,5.016441720562134,5.105762328294727,4.994083951372526,5.245243547038726,5.80906858143409,207
105,5.120483528474652,4.908414057356736,5.176071140677821,5.104936092434092,5.006502269378564,5.12418420344725,4.987725063316879,5.237975610009788,5.812932751345468,207
106,5.118296051531783,4.90511922951902,5.1621753382059765,5.126056550220516,4.992373661787008,5.143866411967686,4.983311556376044,5.231108393094201,5.819937052865383,207
107,5.119878016399485,4.887756556655373,5.148535238880502,5.142027613827899,4.973304597097416,5.164341853609731,4.980303282189722,5.213402287618397,5.8168698814727176,207
108,5.119942966144882,4.869162222969732,5.135029480841446,5.164315868142089,4.95569597225672,5.175281719603214,4.9832322642331315,5.198943298736186,5.817489178119207,207
109,5.121076274175699,4.859414119872016,5.1193329048256055,5.173464970520523,4.951908088327396,5.194052019968685,4.9946516729611785,5.181623407461157,5.8142125782912855,207
110,5.124281221974183,4.850382634807459,5.1087190557325375,5.1773915298109525,4.9443391955401,5.2046266600141955,5.003205332922526,5.170626542569078,5.812684287960748,207
111,5.127041105577448,4.834873008368903,5.094404588319487,5.186738022270577,4.9401470096080455,5.212826677572247,5.011779561492123,5.162367623652531,5.81695770675115,207
112,5.123176101033984,4.823652158432197,5.0852921826878585,5.189100733550291,4.934361146999647,5.223867696745035,5.0036094491693435,5.173062772716072,5.818244109546618,207
113,5.122609602469845,4.824445146260269,5.079339718059924,5.191657996725748,4.9241838159970035,5.2318380460934515,4.993841385599284,5.174136109674356,5.810895383499955,207
114,5.11848439809666,4.831076069916296,5.060818190374857,5.190213386654305,4.913913469606656,5.241524620853447,4.982044282950185,5.173471141086538,5.8230140924136435,207
115,5.116213605046257,4.845269726045188,5.0402306809330035,5.185767537943814,4.91852962727873,5.2476859696351035,4.972918270662597,5.18389694219639,5.821737800420824,207
116,5.116714483983218,4.85871720192826,5.021838499071832,5.181629216823543,4.928699879364481,5.257546729521945,4.960852603891661,5.193668676539264,5.826472254094425,207
117,5.111449323829909,4.873685332565728,5.011620310372013,5.173995747042173,4.939071653749636,5.2594187353562365,4.942388632279422,5.204605605848788,5.8225922979857865,207
118,5.112683330926892,4.8886289350380006,5.007738975811034,5.166210260128661,4.954263339936862,5.259089485283886,4.925812695384708,5.2032161488545725,5.835793191501792,207
119,5.113342823366903,4.902423729748379,5.006504989924805,5.161317477660146,4.968926086572962,5.250891478704347,4.901250298823521,5.201631864555797,5.836453491791835,207
120,5.117661661551427,4.929790313752286,5.005533689162984,5.162453845914262,4.977756594235333,5.239539007269356,4.88215282847924,5.1882156623223645,5.82915407321197,207
121,5.1205769138939825,4.943025917369141,4.996046588874579,5.161462033609487,4.978861827571572,5.233283558293406,4.86558384647791,5.177614139255295,5.827563242712867,207
122,5.129231588848567,4.955981233902287,4.9906972087496,5.159414607588263,4.9790915399225675,5.219598323585833,4.849992799938707,5.16401598559372,5.844065957316782,207
123,5.1474666292094104,4.969188328733923,4.995675986538075,5.163948734154879,4.9776123772785414,5.194054666126413,4.839937762720711,5.147213584969731,5.829651533006217,207
124,5.158863834648362,4.9932485747829025,4.9940808438099005,5.1622597653747215,4.966114421831753,5.167083614416592,4.832621033883072,5.131189452097997,5.836427232621189,207
125,5.179013452098358,5.007752911724689,4.997044982602752,5.1621969026965875,4.948312473502623,5.148864967398892,4.828686669071971,5.11811116179611,5.839120143064088,207
126,5.199296935729805,5.024386711639097,5.003021202947535,5.166071144761839,4.930851303836654,5.14296971976517,4.827763226590129,5.101751644765157,5.844148412506624,207
127,5.228447233361338,5.040110606469158,5.013093103881479,5.165109066989928,4.907253087668624,5.156233444592345,4.8300620971603285,5.076288323524628,5.842752430799174,207
128,5.252986060044291,5.045750730035561,5.0144969749766535,5.167871090259478,4.885554820195636,5.158294346525119,4.831924078402717,5.060215841073161,5.846809192825311,207
129,5.2804744903437,5.065290253191151,5.022401075499898,5.166989441003077,4.88041849963821,5.154896858246801,4.846640530193421,5.05293016817696,5.838164901294238,207
130,5.302593495467578,5.074648794373676,5.024248759843926,5.161918637961638,4.8887444496071115,5.159588649231568,4.861657616922717,5.048541289995095,5.835975123008338,207
131,5.313953861734945,5.092653719252535,5.02332085211893,5.1497070951919675,4.893814592880843,5.166843147283714,4.876018196861446,5.0460440869427705,5.836818240350431,207
132,5.338649998493162,5.099177882422971,5.0218586016121085,5.144872236993931,4.9009011287913555,5.168689169042698,4.893089099859541,5.040648016919596,5.845588575481751,207
133,5.362282389352278,5.115595736287274,5.01323150431289,5.150803139680435,4.910437684003476,5.160511580983347,4.912278721974312,5.039748490341284,5.843321349590055,207
134,5.382997726708355,5.12858351101476,4.991043749920951,5.15638045784067,4.923175810581029,5.14574984902896,4.933358440923897,5.044883457228171,5.846597410410109,207
135,5.388577450654564,5.144595525866158,4.967732513029478,5.158104295457371,4.94779863787209,5.127539164418145,4.95838654742521,5.060018145439397,5.846913484883118,207
136,5.396087596621365,5.15796041017868,4.954675967423432,5.155424162413945,4.976926023144957,5.115884289856988,4.98120935847926,5.066524884639256,5.8395468614046315,207
137,5.39249871880488,5.168284623064618,4.938078832034019,5.156059617768941,4.996042838173274,5.099222843238772,4.986440966069305,5.062984765771415,5.8454909016588275,207
138,5.388328790598948,5.180736076158284,4.936912832371334,5.16458241574634,5.010238698047285,5.0823586311199325,4.995081506014994,5.057377685095236,5.849016057181604,207
139,5.374317298627421,5.184477891245635,4.938549592237112,5.17512746919678,5.021119316792054,5.079007209318991,4.997243236802672,5.0584606648736345,5.863561579821674,207
140,5.348001644751128,5.193603171858297,4.9374328736376505,5.186101755949538,5.037594369130679,5.08101849470974,5.001128155951536,5.056595121258194,5.853494118862137,207
141,5.315864047483706,5.2025332626271465,4.939133700019813,5.1920243514799465,5.05617936034867,5.077246534094329,5.004650244773068,5.042836663936839,5.858864304955466,207
142,5.275515832930487,5.207826984203712,4.947515104397142,5.1977977824538435,5.066383950466427,5.077822506875901,5.009066240065178,5.034803356552096,5.862480487867341,207
143,5.247540486375973,5.212602935592535,4.965862049798895,5.207444770433697,5.066287029681655,5.074856484607878,5.009927652053296,5.023189179915617,5.85947111007065,207
144,5.220398908695671,5.215207845020236,4.97841736706756,5.220860574501357,5.0619652701074855,5.075981253087955,5.0026310723168494,5.018836663632881,5.865555642729445,207
145,5.2041194908274155,5.209541695634855,4.996663957943767,5.244049394018686,5.056766243946846,5.091234363693468,5.005875231224316,5.019329946785887,5.856698969000638,207
146,5.194273062842594,5.211132085505074,5.001441950775406,5.254490772533022,5.0444899699183114,5.101211518019244,5.0048487801626855,5.030899649614932,5.871130137174966,207
147,5.192217667360648,5.207806006614572,5.005670476673479,5.264269858948123,5.034656226378122,5.115718774714302,5.005204508672829,5.035821504951608,5.863130104369896,207
148,5.195986433211496,5.212526838267934,5.021789781393537,5.26838668400515,5.0281103709197446,5.121132797728707,5.003266350612339,5.0364935624274825,5.857895374373089,207
149,5.210523477849115,5.210559404462264,5.038925055776589,5.269048226119087,5.015758288863257,5.1349824605860945,4.990984375766287,5.041237147965976,5.861872012470438,207
150,5.226036492399336,5.221627224669646,5.047677756956822,5.271197040710611,4.999871027454211,5.147392080136393,4.97773659527164,5.032685474185502,5.861953796200545,207
151,5.229032907287578,5.224231202412025,5.04977298361625,5.260984885513131,4.994320097175098,5.155152146755283,4.958958503820866,5.009932813008977,5.868096519463976,207
152,5.22533029286182,5.228186948433348,5.059086075572258,5.247084262322695,4.989444975253687,5.1481680468202216,4.948002788933823,4.9798724753058075,5.861286097651016,207
153,5.216730476403953,5.231114057495004,5.063947372280255,5.224129666272189,4.987576545458885,5.127948049062954,4.935285391345611,4.953079656900839,5.869112307617366,207
154,5.202900390273365,5.2260781055242616,5.075151385444967,5.206739223551425,4.997280961487494,5.097721446255079,4.9212289527102,4.920824883661858,5.871937720597589,207
155,5.190918885835688,5.223399314137004,5.083917100077762,5.190295573637688,5.014242750849895,5.052538863043545,4.911858621452999,4.8832459416364005,5.873093057136724,207
156,5.183268821639373,5.211940793246127,5.082957499715526,5.174685063095148,5.025593202927276,5.014744551700481,4.905151802934273,4.859148646861972,5.863275552201781,207
157,5.168434266533139,5.200425589260672,5.076805063156517,5.1686217753516654,5.025922123100551,4.974172439759112,4.9025817049544855,4.836130493298244,5.873951338471072,207
158,5.156099733509642,5.180023322025557,5.076092709173535,5.159005074269125,5.02722471038092,4.926415613833595,4.903179833499795,4.8187797671919785,5.873483239428474,207
159,5.158890816154568,5.153538584209459,5.07788844720246,5.160209984476882,5.016700402962055,4.883262427554929,4.908151473266113,4.819162403169814,5.879045581306979,207
160,5.168975666897205,5.131304145994514,5.077676326630197,5.153419002548221,5.009081292351669,4.857435142254859,4.9236516080134844,4.821496371693666,5.88330111099511,207
161,5.172175966293279,5.108720957308088,5.077982878002146,5.1442225945769415,5.009016925505602,4.8388644402491225,4.925310021146154,4.8145793335672575,5.865263834103259,207
162,5.172757482259163,5.095475289107489,5.079339939954741,5.134991976994893,5.0052320525352005,4.830981266223158,4.931947239979975,4.814752260631352,5.886839840838478,207
163,5.176177299773947,5.079609666711345,5.074865622135256,5.123927311204228,4.99752227518953,4.824484135435049,4.934129026718577,4.823183076840973,5.880435120740096,207
164,5.175650639525504,5.053888794528248,5.076867019636629,5.117584872084831,4.988548270315602,4.819774360936267,4.934047793764138,4.835384098948884,5.880247346075054,207
165,5.164613767894148,5.033384652105503,5.094251210061644,5.110484403602853,4.989611987645657,4.819297687501232,4.937976215841094,4.861014265098308,5.894260782960986,207
166,5.157363659130041,5.009444696245557,5.099514010214545,5.113544211672994,4.997889679838469,4.823360588099454,4.942172535826673,4.8985006143332015,5.884431230623086,207
167,5.146704764869102,4.990706792396286,5.0992917488296765,5.1116633059673635,5.012386756780995,4.833460246375605,4.947031824613621,4.928661276248799,5.880580854416753,207
168,5.131049430004054,4.974570565958265,5.101409848725158,5.125596438943827,5.019523335841001,4.842330303298329,4.945843383381979,4.965225932183479,5.888752722008048,207
169,5.117549466189439,4.955067351493605,5.101887899147014,5.137808177696972,5.023124919196447,4.8515465960672595,4.964227800588132,5.004010734649184,5.88810439348019,207
170,5.11359244108638,4.931029253820046,5.103405234950178,5.156028928191151,5.017546547433676,4.856184290687068,4.9827959947634435,5.039737399917663,5.889131083100057,207
171,5.110049173239561,4.908331221502341,5.105824481641501,5.18547272013729,5.0065461768008745,4.866387872484073,5.0016350975173,5.068511148030296,5.882789736688079,207
172,5.104899795806006,4.899571438865541,5.103999708575073,5.22164736644124,4.9897738294301766,4.874664459658618,5.016180090989111,5.089126132407966,5.897231597135223,207
173,5.106065004049821,4.881521932417812,5.09357802895368,5.250386028147883,4.980046122992227,4.882521480913869,5.037856080493306,5.102945191134573,5.8887370276549875,207
174,5.1054436408395665,4.873774660803702,5.093442250959966,5.26979325582626,4.970671531550751,4.899421522378301,5.063441942683056,5.110279391730992,5.901359693965572,207
175,5.096998905456414,4.876735272848244,5.090091701552584,5.295188172621759,4.968118855468463,4.920117215199459,5.090156810132782,5.116543498290647,5.8930496297080115,207
176,5.096812416170182,4.880197506289335,5.088896999669261,5.314629263267761,4.968715609190573,4.941070551427515,5.1059924456493695,5.122432785730776,5.889609681850446,207
177,5.10083537387488,4.890629425424771,5.092285306259075,5.3349897575390095,4.974156716996496,4.9505963243331195,5.1096347793680925,5.131380052290387,5.896773963083745,207
178,5.0888759127161665,4.902276627849023,5.088105235281403,5.353253890490494,4.980678775865564,4.972648775363426,5.112814023004664,5.141141990115224,5.894611307642564,207
179,5.071297104455667,4.916824561996253,5.087683264717037,5.37290970037293,4.997944198515331,4.994111687428772,5.121711768843676,5.14492015886782,5.897078730580911,207
180,5.052980489321536,4.932871102232985,5.091645136952819,5.382200471006815,5.019935205768427,5.023079555429797,5.128678144809173,5.156595992572534,5.902217635577288,207
181,5.039960215769927,4.954704724498988,5.088860581359558,5.38289504700921,5.0370314875587034,5.050178002696063,5.129584037800304,5.159808989019407,5.893391391837432,207
182,5.03677804232611,4.963154763838854,5.0833474399295255,5.376804164180015,5.047079633161828,5.080931824835773,5.122954873350062,5.154004691199744,5.9044905190305315,207
183,5.038936045077841,4.972543575861087,5.084131456222788,5.373595287593765,5.043509201346714,5.1021625406609825,5.119288522230789,5.156444918084577,5.900477222132329,207
184,5.036585643224196,4.970544266760234,5.080353435433663,5.36960400428024,5.046801534832792,5.122462450365271,5.120771884934406,5.162514075569034,5.905419873015104,207
185,5.0328218615412865,4.964729784318724,5.0763709752071975,5.3649584138110145,5.049601723400725,5.146136606848143,5.115136940075894,5.168694707890427,5.910127743334585,207
186,5.039509710429709,4.96054032530186,5.082708245380414,5.352098731934151,5.052662658204065,5.161738427879366,5.106380740383541,5.159342524123575,5.904071644043743,207
187,5.0503335908161935,4.959291225236362,5.091795528798729,5.329410165763347,5.053248921811713,5.181164778277596,5.086874996564031,5.15558413234552,5.908311038598016,207
188,5.055680196807918,4.951711360809797,5.101556585641064,5.300044734841888,5.054615712410081,5.189271940995095,5.072151377403061,5.138019441382683,5.905548499593224,207
189,5.059921136029392,4.943427335242466,5.120744049620672,5.279913655820796,5.0573265766678395,5.197173639677476,5.056654231764193,5.132858685420462,5.892797013259479,207
190,5.062406084744502,4.945819711969715,5.141346545458845,5.261635524928977,5.07086569832179,5.188510338881103,5.042062320888058,5.126362339064194,5.9065077197035825,207
191,5.064133496420049,4.940516752322787,5.155639636481957,5.236517677094134,5.096607738688617,5.186592434273126,5.02708916278422,5.114448751280936,5.907652657543744,207
192,5.067228296254133,4.9496081619222565,5.166821251864059,5.211433625326691,5.116145288029783,5.178020177108068,5.013566012969169,5.093654771051861,5.915715773854835,207
193,5.077710073265333,4.959524600974331,5.175695081473142,5.182675724110182,5.135825890983556,5.179628170653617,5.008029705773046,5.068105119549683,5.902236716333739,207
194,5.093492979678001,4.966338399795992,5.172888605853318,5.165415057808464,5.167669171324568,5.1872702060718066,4.995958708932397,5.061538374029878,5.912413811881335,207
195,5.104089894234452,4.969996250317093,5.167063806913225,5.148771938678245,5.200952980614646,5.181489321382556,4.988834945297956,5.056809779688753,5.904973975459191,207
196,5.118766061003633,4.976243153359796,5.147314398997603,5.14185822148765,5.230803242766625,5.177663868316822,4.9762739510293486,5.059546363913302,5.911282908666941,207
197,5.128796927248254,4.991901645159213,5.129987490753962,5.132063876610891,5.26602135152921,5.176918398134642,4.960063544313686,5.049151744097146,5.9153307310142225,207
198,5.12331877647478,5.004283915146416,5.117888908882204,5.123226555013138,5.296392174097958,5.187917234523372,4.945426742312514,5.0513843151584865,5.9146667162225555,207
199,5.12107049192702,5.026078689235877,5.105875986680665,5.121056775898658,5.313579069067532,5.191607493582712,4.926259344291987,5.059243081176125,5.911128410900265,207
200,5.1199586715774865,5.041184875544544,5.095704659518402,5.1254841385448895,5.335092561481001,5.19870583507306,4.908980406949027,5.065864600056772,5.917630055634036,207
201,5.108329015965284,5.053417419423423,5.095632372548194,5.137871427245404,5.341351376513315,5.196780346549175,4.8920258744817815,5.075634083829528,5.915972368497927,207
202,5.087577933957245,5.061392168093938,5.100439218841997,5.145489116394737,5.335609092400515,5.2037111074962725,4.8834665017248025,5.072772556048877,5.914299951041768,207
203,5.068825106575591,5.068843847328894,5.104337226741999,5.152464323881641,5.328843092857568,5.215679596615078,4.876905485799636,5.076742381884642,5.924351964716903,207
204,4.424399808430243,4.442058895957479,4.475631613667805,4.510259410310006,4.664111975385369,4.57099507426041,4.265587925893323,4.439115032227118,5.927855285547111,207
205,3.7831199533853033,3.809702077614471,3.840298903022853,3.8707807565307846,3.99186403959884,3.9264842866614265,3.6565481153909825,3.809106939743102,5.90996009998932,207
206,3.153594052511136,3.178379581123229,3.2022042388239953,3.233735524194767,3.319111922291893,3.2748764794864664,3.0461949046023378,3.1749529581818434,5.9180151862434185,207
207,2.534709014793876,2.546705445171099,2.586811485167823,2.5904713686508387,2.624645346634055,2.5747470685454026,2.4059149745180233,2.593270701788483,5.92200627810559,207
208,2.6704867469288147,2.687725329718682,2.730087387615086,2.736053340650402,2.766153218683434,2.714970353471353,2.542931545640643,2.7384474749083427,5.926137539292322,207
209,2.805940672206537,2.8294155601662783,2.87252232498669,2.8821411532215278,2.908608446349156,2.855019423251475,2.6800312741883583,2.883630829439816,5.924483032830742,207
210,2.94257620607292,2.9724997339206514,3.0150598180256822,3.0290931132393477,3.0525280351064845,2.9946275933771007,2.8172511476517346,3.0296377350551698,5.916818552993946,207
211,3.0778146175706196,3.116322810754091,3.157464432642629,3.1756396906864297,3.196598140658299,3.1335647461885485,2.954566705514887,3.1761107035939853,5.925225321485067,207
212,3.2130873922722647,3.2594465829155173,3.2996083759157226,3.3220481827499118,3.340996902983199,3.2736207049718447,3.092310887121771,3.323143558889994,5.929739465531672,207
213,3.3483715025265552,3.403503607547499,3.442930620339482,3.4690552630664033,3.485405328180045,3.4134262166189835,3.229109205620982,3.469756892045184,5.917078861033072,207
214,3.485492433473768,3.5466757354365432,3.5871076449882633,3.615487942801218,3.6290757604682167,3.5545344270701995,3.3656267473926977,3.6152633921928885,5.926978265284457,207
215,3.6227219709339424,3.689579523823359,3.7292194317273344,3.7613585213517395,3.7705248075273605,3.695402282576778,3.501232720904624,3.761708417315708,5.934380975404514,207
216,3.759083752591733,3.8333714171025317,3.8718889433501875,3.90675111642995,3.9124825498848756,3.835789443792309,3.6379921978400835,3.909421315029243,5.922477287072195,207
217,3.896188614437004,3.979848728368016,4.01504992297141,4.052871441996903,4.055083162478674,3.977003182604259,3.7757848026416476,4.05673407255251,5.927627343678668,207
218,4.033858905836826,4.12595283185802,4.15867446241973,4.199350324940921,4.199272630983161,4.119112882367911,3.912992651756456,4.2027623340603775,5.9272011828597355,207
219,4.16998881441021,4.272010150641361,4.299085660693694,4.344811384593323,4.344634064015953,4.260248373163903,4.051063562153608,4.347978229930026,5.936512155330674,207
220,4.308054406721502,4.416815603910759,4.440614003008832,4.491818727845242,4.488341102838167,4.4010474357568565,4.189563817392024,4.493237172236309,5.935878970910496,207
221,4.447041257596838,4.561814899436735,4.584388544923069,4.63957894934717,4.630533300321236,4.540502306546223,4.329051868935906,4.638246356282046,5.927214807595009,207
222,4.586593912605182,4.709172445561272,4.728013097920176,4.785902441286025,4.773790869722724,4.68021498580422,4.466686464736236,4.781860461159841,5.926965174453522,207
223,4.7277334142153515,4.857354553166946,4.870923367017942,4.931636133101657,4.918581245120297,4.819955087838711,4.602907167203285,4.925160370973453,5.930878073055108,207
224,4.869446738271403,5.006186425833911,5.013656041985087,5.077774509771148,5.061542060417547,4.961363749480625,4.73984594428367,5.0655102224947335,5.936957468766255,207
225,5.011476850485758,5.154956822495651,5.15580839590628,5.224763884813286,5.204839188582509,5.103826095777715,4.876627316527545,5.205951380230237,5.926036887847681,207
226,5.014529548111466,5.162024340902631,5.155597685655982,5.229188105190822,5.200295122041613,5.097810886774065,4.88018038537965,5.2033172682241915,5.934403134751103,207
227,5.015209357404201,5.167364603440134,5.1537398554310485,5.234647772620646,5.19461002873588,5.090820249633719,4.885996242353272,5.200455534867924,5.9397829351308475,207
228,5.016432441875914,5.172941229587945,5.151339303786566,5.241005955796407,5.1893366755635455,5.085691570030411,4.891411058329569,5.194441906027658,5.930418771591713,207
229,5.015584464760959,5.179037122609828,5.150938285336001,5.245874521898884,5.186872537097675,5.080842905104991,4.896775553082848,5.190232467950276,5.931765836169224,207
230,5.013120493575503,5.184869605683269,5.150375415050442,5.249355946645234,5.185317381243472,5.076771691707863,4.901049242727336,5.189212950725827,5.936539491297317,207
231,5.011907175278637,5.1911683503043005,5.148678880415668,5.2531429541205785,5.183233059870741,5.076745444773495,4.904912285983989,5.190408637785791,5.931297286321999,207
232,5.012889247503812,5.196448440901149,5.149338513170064,5.257686848885633,5.183670164072159,5.077116594542085,4.908743710888527,5.189403864802287,5.931137764265764,207
233,5.011834241152867,5.199738479666502,5.149915238299995,5.262308140320883,5.184682280874862,5.078181073979773,4.912751287654399,5.187465820915287,5.9452317878882335,207
234,5.0114337168269385,5.20385561786793,5.152891120094027,5.265564034548459,5.18575849691811,5.079282636439343,4.916285353328753,5.186656420564919,5.937981115501175,207
235,5.007785224026859,5.204880081773341,5.156215078292353,5.267697369518046,5.184610788866991,5.081192022469185,4.918385789586656,5.184279691932591,5.938669653181006,207
236,5.00253621570768,5.205182234725327,5.161288603915338,5.268552344979938,5.1842474291790905,5.0834927144759945,4.921226800656625,5.182777363693835,5.935073843819726,207
237,4.998195496604148,5.206769837970841,5.164793922320722,5.265638302944961,5.18675991962969,5.086537708845434,4.925334374933242,5.178484212415846,5.9362272588887635,207
238,4.9942082972533255,5.209050999885916,5.16762907250238,5.263846599888314,5.190870740523472,5.0898377295365655,4.930128021812626,5.174068386751892,5.939153177991851,207
239,4.991644225313845,5.213226649836631,5.169545422340298,5.260572935547768,5.1954767575962375,5.092148063618616,4.932690637689444,5.168735574950462,5.935983792155452,207
240,4.990687411925849,5.216465656016537,5.171559484874145,5.259052063234215,5.202502138933193,5.0954536206319645,4.932176877923391,5.166289393221762,5.941542808692754,207
241,4.990721065729343,5.2186058723479345,5.1736821640137505,5.256690894671767,5.206857671910418,5.09870052548402,4.9323920730238004,5.1628473899804055,5.947760339983456,207
242,4.991885505350265,5.220098512879389,5.173673025583277,5.253553638948558,5.212274786054939,5.105645538203116,4.932908591450707,5.157670561802629,5.938483912106309,207
243,4.994572715939425,5.221459669211167,5.172772751064665,5.249221796787341,5.217151452037828,5.112266218790477,4.932163425494924,5.153241175610345,5.945197118590691,207
244,4.99833376276028,5.221816646103757,5.175641319099782,5.24565167180801,5.222971057404193,5.11907559199099,4.935250538640604,5.149589881985488,5.942287278704741,207
245,5.0014878215057745,5.221629472507595,5.1785876114901175,5.242571689389371,5.226880701278639,5.123539925107945,4.939646383811763,5.1470044098390435,5.94249034460041,207
246,5.002538564252429,5.22029641482912,5.18104977202327,5.237926848324271,5.228674520034684,5.128641178447467,4.942831398850283,5.143321795372019,5.954236462069552,207
247,5.005254000669774,5.219728004032279,5.184013605078486,5.232326965578145,5.231228786410961,5.13471473624381,4.9453642432265825,5.138914032377306,5.946398938435419,207
248,5.006523667232945,5.219184021436066,5.188226638748287,5.225031844352028,5.234539055524781,5.141532991215177,4.946449764538358,5.134112754461501,5.950156875091865,207
249,5.007401000605278,5.217660807502526,5.189930895668958,5.216062422292524,5.237239917547662,5.148680321540807,4.948646166235543,5.129218372731428,5.953912542158048,207
250,5.007213567411359,5.217174143802733,5.189516115321966,5.206097144980754,5.238304775381122,5.154355895017966,4.951239305370896,5.125192674858424,5.945353436534158,207
251,5.007088914958946,5.216992945108451,5.191608336861892,5.196201392466677,5.241098131411519,5.159152352173979,4.955994016087916,5.119191685940833,5.943701628337359,207
252,5.007368492309909,5.214849423068234,5.192871318428999,5.1862303687235025,5.241978118106077,5.1643127919239795,4.958474279309865,5.111989798128645,5.9562736757248365,207
253,5.006767715687753,5.210872873350047,5.192655267323698,5.1768210635619845,5.242526996493584,5.169063083894672,4.959212582761005,5.1047140542278795,5.9534640988785865,207
254,5.006351065254118,5.207740502992415,5.191953165700269,5.168028421194285,5.240771240180567,5.173026426335056,4.959727118535252,5.0997004980410665,5.9525970624217726,207
255,5.008262608957397,5.204303943716932,5.194574414396103,5.161770412621788,5.23641882950009,5.1781377439959275,4.958096438051574,5.095734984658132,5.953458802188069,207
256,5.00822887257712,5.202204369841448,5.196828540887305,5.153302562477546,5.234391062034227,5.183891631764956,4.955764183497179,5.091226255010134,5.950743455465166,207
257,5.009117734300915,5.201154399660395,5.196021473292111,5.144204546206765,5.233991729315789,5.190641595525212,4.953472619144419,5.087878009858818,5.959075177464871,207
258,5.009717940784717,5.197482553297414,5.1962150933608795,5.13687142549334,5.232171617267867,5.197137176396162,4.951467865595214,5.086732293484366,5.946775188678835,207
259,5.009462105180688,5.191513412371739,5.197163893205097,5.129707930880901,5.2281219729577355,5.202110223745341,4.952240897110738,5.087325046486191,5.951828816777485,207
260,5.008870428234065,5.18629902651644,5.197296100345295,5.121803275330409,5.227116899848072,5.20615907297792,4.9530778116828325,5.091043468268223,5.944128511093827,207
261,5.007685550611322,5.181944036533342,5.19857871796688,5.112472009924787,5.225855657858549,5.209432629213236,4.955271233323599,5.094376280862335,5.967746400947593,207
262,5.005189032555833,5.176966974614732,5.198311512880914,5.10331012544931,5.2242723504249335,5.212957499088852,4.956345812692913,5.098729709706859,5.964453715878703,207
263,5.0052689097255225,5.172942789140004,5.1982020537360505,5.094786133834765,5.22316043089722,5.216236493034861,4.959417670857929,5.103158564765309,5.958708673634517,207
264,5.005148071791825,5.170475935397997,5.197650831932408,5.08785866565763,5.2220774314946645,5.218124803882673,4.963004143779261,5.107066024826839,5.95162814931026,207
265,5.004762088590752,5.1693896817898946,5.197380270609339,5.083560519536378,5.218797219561544,5.221069640369576,4.968374685094098,5.110130295108748,5.964534011203099,207
266,5.006256959588116,5.169605195017293,5.1969363593478946,5.078680962772597,5.215772917323331,5.227828069933501,4.974229755199668,5.111373829088163,5.960766589174593,207
267,5.0063172701670915,5.169696828874486,5.196193138549031,5.073352699921742,5.214423155462677,5.232603489143637,4.982196859328019,5.111137752589411,5.963646603173614,207
268,5.005755507787205,5.169960454045434,5.193867055424564,5.065786154217582,5.210606912559676,5.238172383937932,4.988304516778992,5.111115244607485,5.955267588009335,207
269,5.00575754331855,5.170184029055092,5.190282499827615,5.060024301760135,5.205579789845772,5.243188437870453,4.993022312926691,5.111862006815073,5.961283800216835,207
270,5.005603549001052,5.169328085755331,5.185964866286103,5.0551108690757705,5.201549165985648,5.247887508453927,4.9976003901511366,5.113879096425139,5.965960089358826,207
271,5.00764374831301,5.16937640700522,5.1814922265342265,5.050425816587257,5.199195143525495,5.251947931224596,5.002726748288438,5.117639292751713,5.964540887766959,207
272,5.010417691808444,5.171632371268114,5.175663424967885,5.047826639887212,5.1967576448347375,5.254143923346152,5.008045566962575,5.121739131574258,5.964822449916518,207
273,5.014018618071642,5.1730418468398,5.172031963913551,5.0489445388949825,5.192762027862425,5.257109556442002,5.012394274021189,5.125213915542379,5.957123874918162,207
274,5.0192719172181395,5.172452094169007,5.170254566132851,5.05115645835205,5.188246800109074,5.259471149618176,5.017228557239282,5.12888772456313,5.9693372975127375,207
275,5.0254630966070275,5.170322473772822,5.169170848907285,5.055741255669495,5.183361094874918,5.261167948935809,5.022092316487439,5.132618999350352,5.962680686979722,207
276,5.031587613585195,5.170016602314835,5.16676939873903,5.058791823201152,5.176805778473765,5.262278517583024,5.029092056802243,5.133552411196292,5.963137274456456,207
277,5.038724014130768,5.17206156345863,5.162954227509022,5.061398732696173,5.172770364656897,5.262254178622215,5.036057365515067,5.13427503273739,5.9621296774980195,207
278,5.045838316219953,5.174073169207694,5.1594235137692035,5.064547299473148,5.1704648970922005,5.259166661622439,5.041274450742698,5.134398616901062,5.965299960848421,207
279,5.05261957674125,5.17594228391483,5.156831026864483,5.069402231533399,5.169542983380586,5.256952806279056,5.04704417118376,5.134869064450853,5.9675292030528135,207
280,5.061164865720079,5.178718157941188,5.1522797713967226,5.072898357661771,5.16709361144295,5.254582423880003,5.0505046216844,5.133479460968142,5.973277119246205,207
281,5.071164993672206,5.182337400029097,5.1488440758403815,5.076521442393342,5.16452173289489,5.254512869853066,5.05324401230976,5.131378219222226,5.969767780972206,207
282,5.082615739155751,5.186605821697171,5.146272001253292,5.079305034345718,5.1623502765458005,5.254901315234479,5.056265920758651,5.12882104966828,5.96949471295573,207
283,5.092806048891145,5.188611079602893,5.142669651800285,5.0832957606279034,5.16029716715027,5.255269999497516,5.058867334053459,5.125954103295829,5.968513520797156,207
284,5.10335528573915,5.192285204496887,5.137015734458506,5.089202422485739,5.15789990198008,5.253614886077817,5.062883958852643,5.123538265749555,5.965289817704344,207
285,5.114347244072418,5.195200190199063,5.131588752178448,5.094408039558971,5.156751631834431,5.252747377917087,5.065076038316896,5.121640296459673,5.9751632995176855,207
286,5.123955084699752,5.1984703562747185,5.128235804490014,5.101016870160719,5.157858728053716,5.253507275081293,5.067656925267654,5.120766789397208,5.969776306793344,207
287,5.133636140834624,5.203285716257772,5.124713891336791,5.107699060054858,5.159099410077189,5.2565400334298555,5.069738573769293,5.120973559401075,5.978134605194153,207
288,5.142985346270964,5.208431566283642,5.119627826357141,5.113643853081635,5.16234071084858,5.260282492887779,5.074414949082005,5.121526757854468,5.970077552558391,207
289,5.1504510021917795,5.2112111803559475,5.116874439356017,5.118330363692297,5.165620664966722,5.263421075470211,5.080058898930972,5.12267198737378,5.9779938562001,207
290,5.1565128131327675,5.213239959987268,5.113159641637957,5.122145962997422,5.170782397967782,5.266022410265087,5.08480670203861,5.121933658527482,5.96910079650517,207
291,5.162601613157218,5.21617765023335,5.109527284631846,5.123975178863981,5.176890796014497,5.2689377585838315,5.090799301593305,5.121414225513895,5.965174215423043,207
292,5.169188704410366,5.217881653583083,5.10493747648963,5.127431203761894,5.183730843735841,5.270695830121433,5.097432930090342,5.121540421679021,5.968918718057354,207
293,5.174655720628842,5.218175624092092,5.101780020399461,5.131141349858737,5.189096388485449,5.2718973555836985,5.10275539712994,5.120647638197137,5.967918328782394,207
294,5.180002482416775,5.218297769452766,5.099248002790602,5.134250007669939,5.194515400582761,5.272790790301391,5.110450358328432,5.119651523285166,5.97397117168922,207
295,5.184917121766424,5.219559741479285,5.096542877083733,5.137882701904465,5.201331037644172,5.274648668886516,5.116937047033386,5.118317118339645,5.9642535382204445,207
296,5.190134822851396,5.221213436545376,5.0935873622489005,5.142289286900697,5.2059469304652275,5.274947747572803,5.122585287897045,5.11764032093088,5.97361239955861,207
297,5.1950780307277,5.221600682908637,5.089908275903977,5.146819861113864,5.21058668247308,5.27317916890262,5.1283520278583135,5.117186795866278,5.9725529759475515,207
298,5.200488071407975,5.223181158617097,5.085813758835542,5.151122352144604,5.214223984195444,5.2728634532352805,5.135117487343505,5.117029731183962,5.974566677926856,207
299,5.205390032711427,5.223771378656789,5.081770567069764,5.153729572195955,5.217878572843668,5.272176524057091,5.140779552691656,5.116174398365758,5.981804518252215,207
300,5.20975053357564,5.221572268117853,5.078656373133316,5.154255047961247,5.220730484727181,5.27164859826331,5.14486711689596,5.11712168831123,5.981669594210249,207
301,5.213689389087813,5.220930383515741,5.073741735361452,5.152104279700688,5.22425984346693,5.271478674285857,5.146202881361448,5.116815437594523,5.97893833014673,207
302,5.2169403898176725,5.21760761514055,5.068280126681234,5.152185295580114,5.227147363578311,5.269240033257094,5.148672508973291,5.117272405212011,5.973820638481145,207
303,5.220126606932483,5.212740143985904,5.064720614173246,5.150853919366029,5.230092012499139,5.267767641170911,5.1501862264298826,5.118360432018883,5.978432621328067,207
304,5.222536701494155,5.2079939598040275,5.062194700057067,5.150157618361514,5.233385929507238,5.265562053190829,5.152310517527036,5.118614612436312,5.979938237214919,207
305,5.225128459600031,5.202450716533558,5.059824080984756,5.148671207861278,5.237052684306688,5.261894725106311,5.156064318622594,5.119495494692952,5.974637938170357,207
306,5.2273787411854045,5.196898633865372,5.0579171566122705,5.147794367017308,5.240058470709123,5.260340792349661,5.160409086273949,5.119029250804136,5.977417978078353,207
307,5.228816316647201,5.192211663807529,5.055366849590632,5.147906868220842,5.242777902204308,5.258871004231128,5.164908111082576,5.118663264635711,5.9787604524968385,207
308,5.2312213748375695,5.1867904643725256,5.055347237938542,5.1452840298850155,5.246561034460379,5.257659562346139,5.1688831653069,5.117610256417898,5.984304262496727,207
309,5.232401033966843,5.181596942953201,5.05396631614196,5.141419048921998,5.250615690933599,5.254877858046209,5.172479925096168,5.118721917092323,5.979605236796373,207
310,5.232004723263838,5.175282813833249,5.050665252315717,5.136384229131103,5.254688667064542,5.251681331729587,5.17630939968717,5.119654100862052,5.980105900651995,207
311,5.228551073221567,5.170162154700208,5.047120010171097,5.128338151733299,5.258443466279175,5.250441649991923,5.179923459592933,5.122710064167923,5.981736496236567,207
312,5.224587251148516,5.164724199474012,5.046177498835118,5.121153107714602,5.263796208635833,5.248124258792466,5.182018093173556,5.1255775138185555,5.970055979817534,207
313,5.218442764784765,5.1586751733405425,5.045786485343374,5.113587311487432,5.267318288832643,5.246427263783401,5.183434066908624,5.1283537562348,5.9842408361177135,207
314,5.211982396022593,5.153979828398746,5.046756372400409,5.104876101689213,5.269204545400033,5.246247496237958,5.1842870009294675,5.132084076923654,5.987176346683886,207
315,5.206441888879466,5.149378908377621,5.0467570112637965,5.094799843255538,5.270925937447268,5.2461692667368744,5.185021978312879,5.134614735789382,5.984757634480758,207
316,5.1982301753321805,5.144892542116274,5.045927441865938,5.0846270615910685,5.2725848423238055,5.245554973521982,5.185379478104796,5.1390679558993755,5.985637285921433,207
317,5.1882002916294745,5.140164978888704,5.044158794568922,5.072786812033039,5.27521966167457,5.245850198773724,5.1840625220632335,5.142627201719367,5.9815285112821215,207
318,5.178362900501934,5.13545559204109,5.041354858341332,5.062615303030626,5.2776486956962225,5.245581336352968,5.182780431914853,5.146726498350695,5.982756504226069,207
319,5.169978998506645,5.130410017615483,5.038804098392748,5.052294062431612,5.279339082549934,5.245652834067304,5.18273153223705,5.151908484643086,5.988029352447738,207
320,5.162852034915849,5.125089781636625,5.03754915571669,5.042323215677054,5.279972248928678,5.246838518131568,5.181506614541855,5.155353759222297,5.980041946693292,207
321,5.155542216495828,5.120288150515064,5.037278580421434,5.034104507285174,5.280469813125869,5.246784747422465,5.18202060049206,5.15924007412485,5.98419260755063,207
322,5.149810813555483,5.115688262351371,5.036174300645399,5.027287254195663,5.2806792243234675,5.2440125463180145,5.182140516355712,5.161658393401609,5.9848300116161175,207
323,5.143111566416419,5.108549749493905,5.0346844377663595,5.02132454752666,5.280752717049474,5.241254166711667,5.182916055770868,5.163636939889333,5.981021121006102,207
324,5.1372529268998335,5.1021804382187534,5.035845809979813,5.01648989603998,5.281978167847125,5.236792474339062,5.183042591743339,5.1637699818254745,5.9877053190408995,207
325,5.133823967408212,5.097743137643274,5.0364365855092235,5.011680168837274,5.2834672448563795,5.2330011439041995,5.1840229846695305,5.164031230466204,5.986276847933004,207
326,5.1318726287953655,5.092467939344209,5.038579929258206,5.006978395711566,5.2831844397460275,5.230779425395037,5.1869574682100295,5.165348245555041,5.983728939960753,207
327,5.129529598869464,5.085682606740503,5.039708324142644,5.002390898826466,5.283802141220848,5.22789083392819,5.1896113086854525,5.164896421776748,5.984868209053727,207
328,5.1268902926687,5.079819626191955,5.042370805386119,4.997925650868286,5.281234209532079,5.226667494989057,5.1934013440508,5.1647990177626975,5.988168767494755,207
329,5.12382701505862,5.076396970781784,5.045072678848693,4.993610788840918,5.279835303574137,5.226191083239172,5.1969901720415415,5.1641650042089005,5.984503930209502,207
330,5.121169037272853,5.072702959944555,5.046360999940382,4.989973164814895,5.277574787361954,5.2253121489439245,5.199358081350603,5.163222916901994,5.994638841221563,207
331,5.1178034006208755,5.0689825932009,5.048162413501321,4.986880434518474,5.274556277463789,5.225110457221703,5.201556485554676,5.160483929344964,5.994342656181415,207
332,5.115040211870653,5.063870563242551,5.050784984105006,4.983911162499451,5.273272881671081,5.225538437633855,5.203370768943868,5.156071944832537,5.982538466732109,207
333,5.113567722453532,5.0605199386668485,5.052916197835672,4.9825494174570775,5.272550974787159,5.228065140298264,5.2031309452807,5.1515704567895675,5.983817828135903,207
334,5.113314372423126,5.056737609792352,5.0556128717596565,4.981322485732039,5.274086765779402,5.22993568575496,5.202847468178397,5.147594602522092,5.987864300768817,207
335,5.11256096653711,5.053271031237086,5.058932253469331,4.979776728722731,5.275266409154384,5.233621270664657,5.201765732370387,5.1420502333592495,5.989673362999875,207
336,5.112353248995358,5.051641970275997,5.06214656145306,4.978276429771325,5.27789364191599,5.235933927729764,5.200692048538279,5.135809802137864,5.992534146297863,207
337,5.113162723723385,5.04971542341787,5.064991757939223,4.978098657228463,5.279912331482317,5.237652528716328,5.200439616649526,5.129938679462039,5.994195222637231,207
338,5.114499767489676,5.049545964634948,5.068499014043703,4.977221473044036,5.28137903820371,5.240458692983467,5.198709042549207,5.1242466964982505,6.004176277663229,207
339,5.116219181424491,5.050032745035328,5.0700228520365975,4.976572417890592,5.283150402259233,5.242122308551189,5.198386500867969,5.117982537294697,5.9888170353648755,207
340,5.117007827597628,5.05192822512001,5.0713344158766755,4.976731415360163,5.284647159909534,5.242963530581504,5.197679523359675,5.1130702626055635,5.987713016838238,207
341,5.1177618166694785,5.056116801461503,5.0720833115983925,4.976507079815094,5.286366437122746,5.244004936971761,5.197116958061541,5.107459657322263,5.992586419383602,207
342,5.117469297193156,5.061235195069893,5.072024902355469,4.976576775462925,5.287827488362993,5.243786499551807,5.196135263736257,5.102304872411098,5.992949488490106,207
343,5.11854552511581,5.064253276048346,5.072562172576665,4.9755084938083165,5.289144393986366,5.2443758586881355,5.194388807526272,5.097239816380164,5.998758519193175,207
344,5.118125355937922,5.067370343577162,5.072721972427219,4.975486225112295,5.288823710746236,5.246061564552736,5.193922602834471,5.093348447254732,5.995655881960376,207
345,5.119452753026833,5.070916926727088,5.0732061334165115,4.977105408948467,5.288357212307885,5.248653339683351,5.193163477909785,5.088278541040858,5.995675033623151,207
346,5.121079386268285,5.076304101939044,5.0738870555157085,4.978398274195664,5.2860316753324765,5.25241799227543,5.191783995517698,5.083399384652737,5.990610244373248,207
347,5.122916957688361,5.080515640741124,5.075921573914181,4.980696812891118,5.282883337206807,5.253725184563185,5.190010259547951,5.076521291166217,5.995589244628437,207
348,5.124787079591931,5.083808026909361,5.077316548563696,4.984316261064363,5.278871415288419,5.255814656145322,5.187330612997103,5.069951843679561,5.9924070306199715,207
349,5.129041880705136,5.087195241822972,5.079172065455737,4.988877894407529,5.275793906784264,5.259143419937558,5.185146801275643,5.0634029894498624,5.991124968544871,207
350,5.133556300262828,5.089676429592728,5.079956342236375,4.992435634776417,5.273638355400534,5.26274364775662,5.18433043998533,5.056521168925934,5.995100694852889,207
351,5.136780950337852,5.092040775460054,5.080636606970524,4.995139491030183,5.27071304257047,5.266120138300464,5.183735700862636,5.051038975641019,6.000650833829034,207
352,5.140231211918655,5.094842485864248,5.0816380108439105,4.998498845864065,5.268308454382923,5.269344391763543,5.1821065506479345,5.04578546807929,5.992390615663076,207
353,5.1436566550486,5.096706167477585,5.082188273665212,5.0033462770170765,5.265479950649594,5.271409544874017,5.181498962433032,5.040994497297572,5.989992626157112,207
354,5.145683362423135,5.096646003293477,5.082630583023201,5.008285930008911,5.262778778373065,5.274065062059628,5.180985071821134,5.036952626213833,6.0079151466343985,207
355,5.147665264082036,5.0966221072162154,5.08286442869448,5.013561824868448,5.2604576848238676,5.275682539719282,5.179884435252484,5.0322535102252255,6.006939273909017,207
356,5.148568175398058,5.095234152353944,5.08383761916479,5.0186274749309625,5.257762155609811,5.276872482800398,5.180010091721208,5.028717683777375,5.987847217065506,207
357,5.149816363686572,5.093339830163113,5.085604695031399,5.0232115651921125,5.255206554918294,5.278024960782992,5.180329682596723,5.025201952962702,5.990947004891385,207
358,5.149922409092874,5.090848433487233,5.088329068572266,5.026420868434264,5.25330841325628,5.2802452315601744,5.180503731735555,5.021526017906734,5.987968071097791,207
359,5.150058379361737,5.089601096507617,5.092526053197339,5.02945448102256,5.251369091133096,5.281756462158221,5.179674806575703,5.017886178638628,6.000391816453842,207
360,5.1494941046483715,5.088610918000594,5.094739613042934,5.032439051308549,5.2481322280844305,5.283057509324172,5.177835623066306,5.015116981385905,5.997298514342635,207
361,5.149369316086595,5.088317951463042,5.094987223163367,5.035036744139627,5.243543625089899,5.2849965401777,5.175534563874725,5.012771175779587,5.993990708434749,207
362,5.147147494984283,5.088850898604426,5.09432165911724,5.038456898756403,5.239060775401526,5.287049475612005,5.173698890365591,5.011837945146018,6.001229680735727,207
363,5.144268599046696,5.090921475572744,5.0943115140754465,5.041189348675941,5.234772300470691,5.289436719768973,5.172918008463769,5.011704067136678,6.00600193324032,207
364,5.1415106186041095,5.09362561681764,5.091777856191976,5.042013105109928,5.232670933942028,5.290202968402506,5.171249780982091,5.011865771796314,6.002790305130401,207
365,5.138701656996293,5.092842012237339,5.088334172357297,5.042554109754921,5.230570633783218,5.290418439598254,5.1694593682697025,5.011775252145621,5.993183938951522,207
366,5.135832591751195,5.093721712780435,5.085628504029863,5.042629151628523,5.229883795230638,5.292617111820972,5.168066422107417,5.011082642646661,5.997969418248472,207
367,5.1342633918750264,5.094848552910039,5.082645949024695,5.042220883402864,5.229562162545687,5.296445472957975,5.166215423934504,5.011972342756038,5.998205472700608,207
368,5.13182644594133,5.0952771359074,5.0795081479092286,5.041423167521556,5.22718706480822,5.299852687534285,5.165130883535571,5.0135151987406665,6.002590421563806,207
369,5.1281740668366265,5.095252476444052,5.0778791587750804,5.040243227492302,5.224165572442967,5.302120353755528,5.164720904541323,5.015478713215412,5.990622248034986,207
370,5.123889997641337,5.095074931270144,5.076761891597796,5.038958328554801,5.221251273293108,5.303893211581027,5.163042460991373,5.018005096471842,6.001645896493182,207
371,5.12033031207197,5.093690910311963,5.075339720634311,5.0379996953240855,5.217337792702638,5.304789792325261,5.161477078003749,5.022063976498834,6.004541452826206,207
372,5.11686116594953,5.091903594063881,5.073312623602794,5.0372410850888345,5.212521895620808,5.306383703058875,5.160418253971843,5.025261224367384,6.0080648030421075,207
373,5.1123065955085165,5.0906368826178285,5.07253307573871,5.035506579860522,5.207976754943793,5.306763094522127,5.159590792914631,5.029383169649182,6.010795305814761,207
374,5.1076306281703285,5.088654679307014,5.070685872383136,5.034147098455742,5.203008176666199,5.304709706789524,5.159109358344794,5.032462389496606,6.0043290062940855,207
375,5.103695009305479,5.086713311757749,5.069119763830852,5.033737014628276,5.198785094392806,5.302724021586482,5.15738752798862,5.035678822513258,5.995026931124294,207
376,5.1008806092170245,5.08512712792478,5.0667102695597475,5.032442476092868,5.19475601888068,5.301183651450165,5.1560021375105745,5.037775120220973,5.996952497213527,207
377,5.098140237504721,5.082369208838241,5.065255168207997,5.031594586102236,5.190263248762479,5.299083526477279,5.154302454527903,5.0400966625479375,6.001163551134459,207
378,5.095835890125091,5.078927814109413,5.064023040651396,5.030977377565101,5.185914689102201,5.297845523373504,5.153097869146718,5.043492486109919,6.005673724512161,207
379,5.092478832814727,5.077470732134226,5.06293426269926,5.030975170065705,5.180905369592519,5.294778990187313,5.151434473175529,5.046775120187231,6.00439220552579,207
380,5.090175677704028,5.076427617367142,5.0625098792589505,5.0317379572201375,5.176927178493788,5.290544136203746,5.149810020005546,5.048398203893367,5.991124383875493,207
381,5.085711504667696,5.075564980896796,5.062105244799038,5.0327802269738084,5.1736767734016205,5.285811693468206,5.148867899077895,5.050495623259292,6.007292903007517,207
382,5.082396704564992,5.073723541052175,5.0633842126123545,5.035317699067215,5.17129486689862,5.28080220343506,5.1484964359492835,5.0515876313537555,6.01667697556517,207
383,5.079833830330222,5.07163191773552,5.063268925736716,5.037147691654489,5.169421846525343,5.277102687373896,5.150260463861567,5.052295782584741,6.000398516063759,207
384,5.0770711026639095,5.068966581974729,5.063949786393284,5.038156389119015,5.167821880700563,5.2728043736175385,5.153093288543337,5.052958957847514,6.010416645617311,207
385,5.07381099766088,5.065952513895477,5.063677163051164,5.037583800785147,5.165530544610297,5.266306755709728,5.156360920909389,5.054501093526104,6.0130720398148325,207
386,5.0688928214294275,5.063176608240473,5.064095306142507,5.039631590114471,5.163797505979373,5.259274517655311,5.158644463452574,5.056108054216336,6.006785904966026,207
387,5.06476218838049,5.060330316814962,5.06516158041687,5.042986585357796,5.162753570979257,5.252081067917494,5.161293202102249,5.057358720484592,6.0006376971924364,207
388,5.060820234826698,5.056750181492067,5.065844320359611,5.046955422554729,5.160603102152111,5.24513428139314,5.163716815429017,5.057012381589077,6.002766201480978,207
389,5.0582137459372944,5.053766980816119,5.066413017311909,5.0497436556732485,5.158804735931048,5.238610919961237,5.166216772196587,5.056721666614296,6.005354413998651,207
390,5.055606504857963,5.052454304163523,5.067145037944233,5.052351061838405,5.15798012399024,5.232513623680111,5.170234927342494,5.057088850965357,6.013385232067298,207
391,5.05259593465549,5.052814531775752,5.069583981264874,5.054529109578418,5.156192728305662,5.226923232673891,5.174472580822913,5.057054032358347,6.000547575488387,207
392,5.050618572539258,5.054627423893903,5.070515708317597,5.055043010679545,5.153931093781832,5.220269464302781,5.177236857027997,5.056477586436284,6.000418014922492,207
393,5.048329450046303,5.057964209949445,5.071783502555312,5.056265508521975,5.151039380482949,5.214342091788865,5.178066876420461,5.054494799223042,6.018030057833467,207
394,5.045863573760348,5.062131476375454,5.070906669468939,5.0567020706000125,5.147149939794577,5.208562235528278,5.178632365697183,5.053623978251865,6.009367613257926,207
395,5.043943798265276,5.066224202420885,5.068520294010828,5.056053011362666,5.1432470925212375,5.202922256566298,5.178360329131056,5.053098722795531,6.008875638336886,207
396,5.042870535922823,5.0702289990530325,5.066638916463299,5.055183911779718,5.138635302469154,5.198146748048439,5.177548444464103,5.052827849801769,6.009805527320631,207
397,5.041032821589159,5.072818998453382,5.066273415942145,5.054670523573169,5.134908077647211,5.192556017239636,5.175947165104392,5.051407132861057,6.017248079349322,207
398,5.040179115580259,5.076166904523337,5.066548191364082,5.052745492238832,5.130830737616634,5.185564135877523,5.17295621180614,5.04855939709887,6.008270969630438,207
399,5.038361615540579,5.078832507673344,5.0673031796911046,5.051561659049627,5.125896096982416,5.1778798801755865,5.169261101409861,5.046546625420857,6.010667289472658,207
400,5.036464349827104,5.080811148201645,5.068546112624314,5.05076676792887,5.121172037406921,5.170910332490465,5.165514931685556,5.044280090177992,6.0096593085146335,207
401,5.035223613770079,5.083655808776597,5.0697848165573,5.049598014897795,5.116213415292595,5.163679279473911,5.162097697741661,5.043821904646748,6.0033843004437655,207
402,5.033866542664866,5.084988640961507,5.0711461432768195,5.048200956482232,5.11076229864341,5.154434592183179,5.158857925557319,5.04418280604939,6.011126872480356,207
403,5.032002397641218,5.086282221891017,5.072405086651804,5.046083125865473,5.105006727959015,5.144081436397995,5.156120416660945,5.042854610623694,6.018225744670539,207
404,5.029715618263932,5.087501732881644,5.073540443058024,5.044530770951649,5.09995228845451,5.1332775755867885,5.153889464177346,5.042382736433485,6.009167753818882,207
405,5.028728012860592,5.087333493830967,5.073551553067922,5.042634998506358,5.094693485303761,5.1232885622241255,5.152034371875464,5.0414522098441035,6.01003305177346,207
406,5.026924294746982,5.086130321371052,5.073403087689471,5.042028596222648,5.0877628139207225,5.114270856057072,5.151500066003715,5.039532124150098,6.009728663839494,207
407,5.024788122395821,5.085656990042297,5.073795139739969,5.04199135323107,5.082088125074703,5.105688291463794,5.1512210387968995,5.036747772125563,6.008840238757623,207
408,5.022425675310971,5.084979688614183,5.074909823477526,5.041998751198857,5.076715435850766,5.097002823405364,5.1516309799409985,5.034800859204784,6.002941819950864,207
409,5.020928597532094,5.083532840407985,5.075733801012523,5.042539067900648,5.0715312959218295,5.089056892224269,5.151600231639664,5.033867637103919,6.013793466073546,207
410,5.019272816206977,5.082484052567327,5.076496013305809,5.043419942516964,5.066390447520621,5.082494437909352,5.151646373012077,5.033731832192289,6.010446019870646,207
411,5.017092068833171,5.080583615476158,5.078181411006757,5.044656313158335,5.060023067754989,5.076199996180181,5.150881624505499,5.034360043545009,6.012937434929205,207
412,5.014909032970081,5.077567107742016,5.079807780521728,5.044835203179883,5.054455884326407,5.069712227871198,5.150411006518246,5.035614902949305,6.010451214247684,207
413,5.0123841220149545,5.075491049437584,5.081694021154897,5.045672482831325,5.049568729737097,5.063964073399703,5.1502476138041615,5.037124719739846,6.005087507508311,207
414,5.0094716829104575,5.074397023411629,5.084201330064603,5.045509074304171,5.045698345939536,5.058218038748687,5.150852670139566,5.0390875398679285,6.0110337468450314,207
415,5.006938869178751,5.073010412608969,5.086220357802198,5.046152964617191,5.043579601021566,5.053117273502933,5.1524151868203205,5.04056585622501,6.007889694154525,207
416,5.004685824218511,5.071067464358284,5.088116868921386,5.046630954398262,5.041643602686097,5.048303559483619,5.152423838538089,5.04235556490152,6.016284758286395,207
417,5.0033981341997125,5.069707652559688,5.089358173521184,5.0467473213092156,5.039931739786461,5.044164783493152,5.151973716339853,5.044521967344444,6.016740650485531,207
418,5.001731223331284,5.068065217926658,5.088444191592716,5.046226915806556,5.038669410102111,5.0414007341385885,5.15177252196146,5.04654272435606,6.015828505055035,207
419,5.001416339499524,5.066328739400714,5.0877251590935675,5.046381995209773,5.0369906704142196,5.03805396861115,5.150705175018494,5.04910008177494,6.022503464272813,207
420,5.0017306386705105,5.0657185850205995,5.086914914648294,5.045145973025738,5.035062425212086,5.03401965257121,5.150805595964615,5.052146727634421,6.014016020968215,207
421,5.0022193116433105,5.065040159464083,5.087136200959884,5.044622093366349,5.033928440813522,5.031837303975216,5.150141558041623,5.054031986970908,6.011136887345194,207
422,5.0031970293734105,5.0638698264815245,5.087229967702675,5.043447983573204,5.032369420238862,5.03016739670403,5.149890142970476,5.055908550333174,6.008904201785044,207
423,5.004051941127716,5.063209567196639,5.0865189246887095,5.042295414408034,5.030590207879198,5.02886093531896,5.149315426248068,5.0576866749162,6.009668783684668,207
424,5.005523969627197,5.062472397185765,5.085751855823624,5.0413677432400075,5.030857411794427,5.027946615035438,5.149688259187235,5.060611324884007,6.02045226091926,207
425,5.007764534130835,5.0609538963445395,5.086835543970739,5.040767165377545,5.031506789923272,5.02686579446782,5.149703967877459,5.06376959026108,6.017055432465811,207
426,5.010396215110721,5.058859032480082,5.08876079196147,5.040883049500806,5.031758347827553,5.024695836162947,5.149709375665749,5.065952794629374,6.01163833593557,207
427,5.012873937542438,5.055367444332295,5.088772227711887,5.0410405812421075,5.032875209096087,5.023354798981224,5.150085950361088,5.068336681563627,6.0110572195509375,207
428,5.014541212019312,5.050997619465436,5.088495917908713,5.0429327214312245,5.03480605548194,5.0225448174373275,5.151222348398818,5.070405047869777,6.022806680856554,207
429,5.017041481863768,5.046863247380515,5.087064267718475,5.044692352499906,5.036513447485516,5.0211191540987326,5.1544244064297775,5.074147042018706,6.021740963653424,207
430,5.019656317224399,5.0426439004017585,5.0871455982694975,5.047606608218567,5.039141022842385,5.02003670328051,5.157849387716547,5.078154911321892,6.008573221707052,207
431,5.021793295750825,5.039072191266184,5.087082307684959,5.050919462847241,5.042205377923391,5.018801703459469,5.162672313060606,5.082338841879924,6.015542339247272,207
432,5.023673042379025,5.035073770590811,5.087617954578594,5.054571208484127,5.044832721511982,5.018343158673202,5.168080756963347,5.087410407410896,6.005396253051118,207
433,5.026249067020014,5.031874906137421,5.087192580778106,5.057761687977389,5.047117574330938,5.016865865064515,5.17387086846232,5.092708675787185,6.013203330793936,207
434,5.029271263622473,5.02803294494757,5.087111413394345,5.060822627789681,5.050728055722386,5.015311499973847,5.180601664956786,5.098290241393174,6.009197856924239,207
435,5.033573858927174,5.024875324063538,5.086305452519098,5.064280866810842,5.053881949029554,5.014477348984109,5.186645717298079,5.103487739834428,6.022685734842221,207
436,5.037341129632787,5.021751052105844,5.086610155243241,5.06737654912571,5.057005094459524,5.013590918904112,5.191353989985176,5.107979793392343,6.018882625622601,207
437,5.039774552469883,5.0189680441944535,5.086782632462635,5.070789699253387,5.0604525342296505,5.013505024731286,5.1957098182269945,5.11141097635565,6.018773233141778,207
438,5.041444837042785,5.017402106357917,5.086189970392558,5.0750321578770325,5.0639166329842595,5.013445590126228,5.198918432576443,5.1129488185698575,6.024475460796653,207
439,5.042357417833432,5.016978449328223,5.085927108777199,5.080006393366316,5.067515788514666,5.012438177993572,5.2024068285841985,5.116187646351876,6.016534001879681,207
440,5.043951398519704,5.017161077365914,5.086249121669059,5.0836157020267745,5.071527911017835,5.012455167270504,5.2046139241338585,5.117449302597038,6.015292531124892,207
441,5.0449872192253284,5.017840744326657,5.086921209326528,5.086227554065231,5.075316132668581,5.012210746343122,5.2066376142274615,5.118495902038148,6.018427541457032,207
442,5.046696448205667,5.018479733224421,5.086769335658936,5.0881631248645105,5.080400812851357,5.011368512526739,5.207141720454928,5.120070435478017,6.021966724997358,207
443,5.049204497358571,5.019319801039471,5.085822654847734,5.090559452740711,5.084701165605068,5.009985529204144,5.206932099869135,5.121992648262102,6.01555451936331,207
444,5.051382841638384,5.019838663697312,5.085267094554927,5.092525941967884,5.08895968779723,5.009454659840406,5.206898857018037,5.123956391894652,6.0041858533006955,207
445,5.053315806197678,5.021815317522732,5.083861452636224,5.094817633483893,5.093217320127832,5.009578734665995,5.206775384404545,5.125543823402297,6.018972786347388,207
446,5.056166816500934,5.024083752713761,5.083681503517688,5.096704931036766,5.097935682616802,5.009995481768227,5.207440883134012,5.127210370471023,6.020162484968957,207
447,5.059115447272999,5.025694755765754,5.083671126956305,5.097984649247929,5.102310523582161,5.01045251285501,5.20961900395873,5.128892058914271,6.0252254193806145,207
448,5.0614539699605885,5.027605007008704,5.083160312039677,5.099871209574023,5.105721676936199,5.011697383678689,5.211212091427358,5.129706853797316,6.019373327200229,207
449,5.0635975216788705,5.0284364537982675,5.082224482614908,5.101265895863955,5.1087879338374975,5.012250107074644,5.212245384568958,5.129837641701618,6.020317863726144,207
450,5.065690461022365,5.028908534346828,5.080412503568713,5.102605336365702,5.111806577609659,5.012005628446877,5.212663682027628,5.1284739231877,6.015110057383579,207
451,5.0672389539567115,5.029320919980228,5.078903166347426,5.102722639828569,5.114404496436713,5.011969823569977,5.21320765727002,5.126128147673446,6.020486054124282,207
452,5.067762067589632,5.029408709063209,5.076550025508201,5.102297620943239,5.115914253951514,5.011650961303401,5.214924205049984,5.124017758859045,6.025794314391109,207
453,5.068440174065628,5.02899712695462,5.074963296853796,5.101746628530615,5.116902835905668,5.011624640700831,5.216637199453494,5.122317073780747,6.020041413880804,207
454,5.0685703943214975,5.028332723228485,5.074408032246357,5.101343877251298,5.117590055465447,5.00978417067235,5.2179746841611365,5.121130961226525,6.023271854783785,207
455,5.067808420411818,5.028411849961432,5.0742362541944175,5.099873300037407,5.118261494855257,5.0081877350135535,5.218872565925011,5.120372264261844,6.025746481956756,207
456,5.066257136249092,5.029062890924079,5.073644714702112,5.099739547474657,5.118938136529465,5.007472772964936,5.219057189334615,5.118789837281627,6.019249684425251,207
457,5.0651043165572425,5.030161808404197,5.072000133616886,5.099413264087186,5.119253537140727,5.007313594935317,5.218852270347126,5.118319061039243,6.019360620787612,207
458,5.062955776803539,5.031353035433726,5.068953385956325,5.099065200543838,5.1191241084948125,5.006918203061899,5.218847221358281,5.118166283865859,6.022986573745781,207
459,5.0609750896539545,5.033721648787214,5.0660612877693065,5.099337248995101,5.118754458111354,5.005849871479889,5.219163402054863,5.118365375669708,6.016537329168862,207
460,5.060369620071594,5.036790832376372,5.062855968421511,5.099516972822277,5.118066886435576,5.0045152556592996,5.219557426327267,5.117436496983182,6.020480110503974,207
461,5.058873482419862,5.040237038331,5.059063713239598,5.099876147929914,5.1163473377679,5.0043748730079365,5.220317575077346,5.116552716276637,6.025715856964484,207
462,5.057288055641105,5.043562237502206,5.0553444764249615,5.0995484873046095,5.114081666058073,5.003755871666792,5.219798260058381,5.11612785622802,6.016610479014757,207
463,5.056351523344614,5.047525372847922,5.052779385122608,5.099850319660886,5.110566657268826,5.001856194500865,5.218922441655023,5.116956822370691,6.020654713989286,207
464,5.0562848912184535,5.050523965887537,5.050927123236603,5.099897110879329,5.108360110055518,5.000667321797711,5.218236749364191,5.118659899418718,6.021214309396036,207
465,5.055441524752586,5.0524820050893355,5.049642154970854,5.100149528773278,5.106572915747864,5.00013496809601,5.217054622222072,5.119257781901817,6.018065104219487,207
466,5.054633388628053,5.054008684944819,5.047765690475071,5.099336507048979,5.104320677249321,4.999070702158392,5.216219151109909,5.119045298507298,6.021645659355632,207
467,5.055597604767872,5.054197545391531,5.046084057132839,5.099044514042494,5.102521668504208,4.998236980748098,5.214440943408475,5.118568430122288,6.029352032429082,207
468,5.056350236844841,5.054846214322453,5.044433739196792,5.098295223066527,5.102654011911971,4.9968620235032555,5.212484054697274,5.116824239248589,6.014708344590716,207
469,5.055536332998624,5.055918477988929,5.044103227900309,5.098304405403885,5.103237628588791,4.996640442782523,5.210286296250661,5.116029269747053,6.011075109381481,207
470,5.055281086818648,5.058421236571892,5.043394011335932,5.099284435206885,5.102918483330196,4.996952496643342,5.208090311489692,5.114642360028858,6.023682929722227,207
471,5.054548059410093,5.06023837017602,5.042567663237842,5.100902605358321,5.1038205099833815,4.9962471628681495,5.205802421057171,5.112753475661155,6.013968535622909,207
472,5.0549927566039505,5.0618510866586846,5.040881646394729,5.104069767186204,5.104153154388192,4.99507509861311,5.203635540402206,5.110918177389154,6.039478153896947,207
473,5.056577447034719,5.063340775191385,5.039616301924026,5.107404678410671,5.104166009724351,4.99440828801281,5.201472559322974,5.109603421492256,6.020599131662,207
474,5.058280739777212,5.063871958291898,5.038004409480282,5.109843869541827,5.104856727664873,4.99495379677637,5.200128697835892,5.109024261413757,6.017666870183549,207
475,5.060740185232092,5.063515914857394,5.035644833952432,5.1120380651454616,5.104737121788665,4.996346125990906,5.198516827988383,5.107100022080715,6.028208086754907,207
476,5.062984858167388,5.0634229897571625,5.033607332592756,5.115113171581305,5.105854968732728,4.997386281241498,5.1968297464803594,5.1059506335891935,6.024716039624958,207
477,5.065469938554932,5.062764306497602,5.031260872608754,5.118295249662607,5.107089554010393,4.998580526933679,5.195010190972774,5.105542990111777,6.023557948702978,207
478,5.069277489602489,5.063975038423748,5.028706544203548,5.121743182814233,5.107092146993174,4.99916010497255,5.194438783758407,5.104291908832986,6.032336551883507,207
479,5.072991603363907,5.065169823931397,5.026851399656108,5.124465105556693,5.107563981416149,5.000271947005626,5.195009393665403,5.102512090253786,6.027119981995245,207
480,5.076890611500989,5.067040958695772,5.024876071814171,5.127313072101066,5.107610610227157,5.001651899566401,5.195349477642618,5.100396213470237,6.025630931155913,207
481,5.0815697009165905,5.067746994467173,5.023918621693534,5.129429386844151,5.108494589749535,5.0018597616502865,5.195955794031864,5.097964940828632,6.022354955568697,207
482,5.084525793399104,5.068543502127247,5.022524620540938,5.13184804803465,5.10865757912261,5.001967536020853,5.196406206669224,5.095342982591768,6.0256384609554,207
483,5.086788541626792,5.070601699518351,5.0205834858202305,5.134376122117492,5.109872555577497,5.00287826854535,5.1960102806304285,5.0924216692677025,6.026129602049245,207
484,5.089920664603859,5.072684268510091,5.019581000560944,5.13769213104143,5.111316589550284,5.003966761346397,5.1956502511079155,5.0908738177080135,6.024712681878267,207
485,5.093002817403018,5.075374428734063,5.018466023063554,5.140791974706077,5.112216161710082,5.00650816510915,5.194784412754937,5.08952702076813,6.027466751881568,207
486,5.096416743949396,5.077217393299074,5.017688847765157,5.144886267970832,5.112496888606671,5.009618976409515,5.194410780770987,5.088194957434909,6.018883215790313,207
487,5.100473352871155,5.078046869111402,5.016963274016518,5.148531212481032,5.1115357402642765,5.013299742553499,5.193147062145,5.087531952030706,6.026476475075149,207
488,5.104483744491006,5.079343485903259,5.017062016909843,5.152264503105055,5.110676572374473,5.017636762051565,5.192025983046551,5.086444823834592,6.027911984831809,207
489,5.108449360211449,5.080627041611955,5.0165380607864964,5.155725299615379,5.110034439637332,5.022211902685989,5.190836946745861,5.085099555140877,6.031631584315772,207
490,5.112822603341781,5.083196150622432,5.016620745367791,5.158864724673854,5.108288599305738,5.02801055600069,5.1894718306860055,5.084158334788558,6.028877165016194,207
491,5.116796763170233,5.085612915580855,5.016790632299286,5.162930072555878,5.10746794878688,5.034153333643829,5.188145699497403,5.084010562908846,6.031209667715723,207
492,5.120591421550802,5.0879917042336835,5.015533255994395,5.167177822482443,5.107041453995709,5.039385449143719,5.186454051237549,5.085107074303181,6.029107638602592,207
493,5.123078708896735,5.090139690161118,5.014771466701979,5.171671296091358,5.106338491505719,5.043450167718198,5.185411107802097,5.085678694952444,6.037011596516381,207
494,5.127489170649171,5.093295260052447,5.014850761420481,5.1760894193570905,5.1058038844008236,5.047641811253358,5.184211750900417,5.086928046581972,6.0367988238445704,207
495,5.130878458477651,5.095064103315906,5.015293140911824,5.179830382041144,5.104813012272599,5.053194890924865,5.182327630873738,5.08811577046137,6.02386507337066,207
496,5.133030779388607,5.096359651655334,5.016688787555994,5.182317251401933,5.10233127040596,5.058431425538586,5.180566964514898,5.089965765433973,6.02715923252493,207
497,5.136106587577104,5.09790008695102,5.01874417373014,5.1843645883509275,5.100793843871607,5.063709929364001,5.177842472551772,5.09093803893999,6.026896731199726,207
498,5.139427248393582,5.099396190704686,5.020642624208051,5.1856077422198865,5.099347494260157,5.0700694305234695,5.175897024373731,5.091429812043026,6.0171437676050035,207
499,5.1428433760216326,5.1003894342052405,5.0220566097367145,5.1856546203310785,5.098685127931769,5.076157025033073,5.173663258882392,5.090452098179123,6.0234705976252565,207
500,5.146072266764254,5.103025852418377,5.023183434897032,5.185056659856561,5.096611933404525,5.081672628119882,5.17119969752793,5.089286541231465,6.02783243023639,207
501,5.148942913787156,5.104952914432794,5.024316212870857,5.18439961111909,5.094141502950221,5.0873820394598255,5.169129545416929,5.08869858009857,6.023414873637379,207
502,5.151710263353481,5.10661257819498,5.025316706826267,5.184213158985805,5.092355153420943,5.092077426190537,5.167469077706,5.0882625593185455,6.03403711855969,207
503,5.152861991811925,5.109189978951505,5.0271434520715035,5.1841048561816825,5.090073821549664,5.095467376381428,5.165451279964008,5.087537956459874,6.0284263173289885,207
504,5.154613987875141,5.111345742375866,5.028853769216079,5.185033026755885,5.0867489182963315,5.099450676102073,5.164062772884673,5.087372050279221,6.02553744520278,207
505,5.1570352179911,5.112491067504432,5.02986977612491,5.186126010645493,5.083729096829732,5.102745317981832,5.16286433422237,5.086303446831964,6.032131088268648,207
506,5.158891699003904,5.112345618451323,5.030235987833982,5.186682090357429,5.081243704297035,5.105203772898143,5.160971968569449,5.0849703292136175,6.0331428814840695,207
507,5.161208463714903,5.1122553602833465,5.030641513331383,5.186962932522512,5.077720278654679,5.108142547806701,5.160280462243129,5.0841786855303415,6.025646871913891,207
508,5.162331701673957,5.112892776505113,5.031576024526801,5.1873338987410005,5.074717355108721,5.112370497581211,5.160166776542841,5.083893286214429,6.027492297954387,207
509,5.162339592832918,5.113530008692688,5.032645512678895,5.187043064856521,5.07219385331948,5.117137340115074,5.160465630479774,5.083313377976718,6.027937566482679,207
510,5.161725964308129,5.114727402529746,5.033805857450865,5.187628378281981,5.069771912290452,5.121453807245437,5.159840707624497,5.0835191686664345,6.025950347784009,207
511,5.161012382849753,5.116267973354411,5.035850610824779,5.188534104221133,5.068274514432852,5.124676196481872,5.158142613026201,5.083536003429054,6.037251617104882,207
512,5.160212258286933,5.117003669696203,5.0372053714702,5.188447209225093,5.065634502047295,5.127772971606602,5.157769260380237,5.084147688806106,6.0381514493031165,207
513,5.158756823584877,5.117644999393786,5.039347075156736,5.188896928054164,5.063315275247154,5.1300128854192355,5.157698725078981,5.084577014637228,6.02630710707946,207
514,5.155769145080958,5.118181754556668,5.041918374758308,5.188218639206067,5.0613200365335,5.1317576450542,5.157272563033988,5.085429547607191,6.024019703384515,207
515,5.151659996555357,5.119485351319845,5.043352066430468,5.187183364048888,5.058425014858415,5.13352724358923,5.15692406746547,5.086399252033347,6.021485964384247,207
516,5.1482525563982495,5.120576410796698,5.04470779137589,5.185403838812514,5.055352795978552,5.135690858289384,5.155857664257533,5.087667789560072,6.01995655747649,207
517,5.144212507288841,5.122146007847128,5.045877354387303,5.183943906146704,5.050530619627924,5.137633741102945,5.154327694161092,5.088477393287439,6.029217211450896,207
518,5.140506270760857,5.12352713823272,5.046109699340942,5.181739183362739,5.045757177564594,5.139054391337141,5.152404180975335,5.0892825976938845,6.022747658073958,207
519,5.137093292574859,5.123915754481782,5.047113131161503,5.178982260068121,5.04093276831674,5.140114575296765,5.150530130316792,5.089589966906092,6.035082779564923,207
520,5.133416297307205,5.124025954302908,5.047956436804305,5.17547833017964,5.037186488402114,5.140576738282535,5.149370474288686,5.089695484954222,6.029172521349093,207
521,5.130135775834884,5.124027878126032,5.049458516941942,5.172136098308711,5.034421195867224,5.14050584250501,5.148629209745982,5.090017327272687,6.016598210798523,207
522,5.126105349281173,5.1245104754263995,5.051926410392213,5.16777066363845,5.031246097132172,5.139951931190568,5.147530199342899,5.091078259484981,6.025738489045104,207
523,5.121035095974191,5.125874301561641,5.0537569567139915,5.164014464050496,5.028229093566515,5.13934115949726,5.146776001440861,5.092447693370213,6.017785335831639,207
524,5.116405375384618,5.126495140739116,5.054359506038079,5.160370016100604,5.025222798114589,5.138451999782902,5.145232075001616,5.093614665573673,6.026902165728201,207
525,5.11252552396613,5.1274001101767865,5.054204510119577,5.156543043224506,5.022348347112056,5.137511355530362,5.144326418759654,5.094288215294125,6.035093026317086,207
526,5.110161965784215,5.128453039789629,5.053150111162539,5.1519056550777,5.021244472321104,5.135513014781371,5.14311676718088,5.094710716944217,6.033250564866527,207
527,5.108237554340283,5.129676644539067,5.052821755433414,5.147407548157426,5.0199519963323835,5.132717124590881,5.141621153051441,5.093659748331408,6.027877113996384,207
528,5.106216330328528,5.130064640154767,5.053614201726475,5.1425052256737,5.018300974048474,5.130434903180202,5.139636352799114,5.092069668000033,6.034157410846195,207
529,5.104860712067315,5.131055228505914,5.05487410430432,5.1384360529635735,5.017186434943705,5.1279918207489565,5.1371220695571775,5.0900813587650875,6.038825362375261,207
530,5.1015442925403285,5.132098140900663,5.056097329840133,5.134733092453679,5.016544371383395,5.1249346494842225,5.134100227552494,5.087398039524466,6.028643930648041,207
531,5.098762795461543,5.133982739212639,5.057436647053841,5.1306382741590735,5.015818086473386,5.1211761300330565,5.132328864432973,5.084495501956526,6.032292508930374,207
532,5.0958486738851025,5.136188337891724,5.059215998367376,5.126704807648899,5.016692008724238,5.11720870032438,5.131018390059961,5.082592372928016,6.0307830465632755,207
533,5.092139552331782,5.1375061004409845,5.060531873414199,5.122506026000447,5.0180012271250956,5.112454531769185,5.130582970454878,5.081619880736748,6.035655612403795,207
534,5.088520965530822,5.1392037978262035,5.0619020493371085,5.119684269761018,5.020031843620135,5.107022361329323,5.130460486214611,5.080924527857355,6.030556204614371,207
535,5.084753695193905,5.141182514578288,5.06378389293516,5.117257196447888,5.02098394032547,5.1018096331950105,5.130229272077104,5.080829471150139,6.032672549434679,207
536,5.081215517685511,5.141974065647718,5.0658771390571715,5.1154975545141745,5.022971693459725,5.096826266794678,5.130211970462258,5.0808319482205295,6.033705084982199,207
537,5.078741503925883,5.143410709254038,5.068291764875868,5.113626320539208,5.025512252652767,5.090852566967005,5.12982373370069,5.0809033794887295,6.036664035130384,207
538,5.076411180737743,5.144167044295282,5.070996081501049,5.112626995117979,5.028814184897247,5.085465178872215,5.128854265635956,5.080146754716667,6.032640933262387,207
539,5.075117201068181,5.144588552502096,5.073029923302333,5.111475508801932,5.032688243731213,5.081226180954555,5.127566968875431,5.079635539546635,6.029888803788571,207
540,5.073889089967625,5.145259614399186,5.075119858374788,5.110446280791609,5.036457961983277,5.076091984558381,5.126507410018903,5.0795967031431575,6.022040816213574,207
541,5.072783543161268,5.14505476726796,5.076595772881894,5.109343711575494,5.039508474980538,5.071381981129738,5.1258502315482115,5.080153963382873,6.040456001331191,207
542,5.071428445007262,5.144235388684321,5.078586006770834,5.1091940375816325,5.042029819342707,5.067784070720439,5.12518997317688,5.080645399011855,6.039061942956543,207
543,5.070532366041732,5.143248616504451,5.081652058915537,5.108183673135526,5.044963578234754,5.064067651061993,5.1239815904059185,5.081142649207724,6.026517511657373,207
544,5.069350641382307,5.142282886766654,5.085672157840511,5.106182543069234,5.046467730212974,5.059029095266851,5.122522480517386,5.080965300245771,6.041043044569233,207
545,5.068665943997632,5.141243454647258,5.089648191997945,5.103833578397475,5.048476186226534,5.053279942439958,5.121360789382789,5.080931680390355,6.033439342567073,207
546,5.069258181726328,5.140640562206755,5.09336288388617,5.100739085116227,5.049483907485157,5.047686983569098,5.121728360628497,5.079887546217686,6.026662186455372,207
547,5.069828101194222,5.1392710833135045,5.096681865967883,5.097290168328206,5.049159710169933,5.042876752227647,5.1232023249418015,5.079747688214237,6.042517148473792,207
548,5.070451823630801,5.138294699792667,5.100571824049505,5.094722787382095,5.049207706791686,5.038047609452738,5.123612848623636,5.079297079057097,6.034651305651455,207
549,5.072075989887356,5.138360901794524,5.103626409341695,5.091717260572409,5.049561264322149,5.033810119015424,5.123826247189073,5.078882652528282,6.038893330308867,207
550,5.074888250351554,5.138017870533984,5.106425360624159,5.0891920606108805,5.050122843040245,5.032005788187244,5.123791101570063,5.077555891089192,6.036635392933132,207
551,5.078486518302122,5.137714713197417,5.109624511909596,5.087420149076774,5.051809492211064,5.030410840129086,5.1230829871322445,5.076359393310396,6.032167460942661,207
552,5.080618293986432,5.137509559696422,5.112598484596807,5.086496488900144,5.054182927954988,5.0286294860255625,5.123591068291535,5.075373618337588,6.032591155938996,207
553,5.082258678293691,5.136810583012014,5.115212066008677,5.086553695298079,5.058347622807311,5.026890941347649,5.124375950537059,5.074649381025119,6.028671744421994,207
554,5.083985853418027,5.136139678927281,5.118382666196677,5.086752826595024,5.06311066072805,5.024762345325515,5.125343817451304,5.073728083864073,6.040570930930271,207
555,5.085951815707751,5.136351866879881,5.120600235177744,5.087443166688452,5.06715141573453,5.02281260792264,5.125725841391697,5.072623490367351,6.028756701754881,207
556,5.087483958830966,5.1360256725559355,5.122651476347936,5.088642068345406,5.069362079118482,5.02170211869333,5.1259056864945265,5.0713956442861425,6.032323804132692,207
557,5.08863657151366,5.135524704301076,5.124479793109407,5.089064092233643,5.07083056872188,5.020488285365113,5.1261309265489645,5.07001413044566,6.0284838228344215,207
558,5.090452865815946,5.135507953533663,5.125361662054312,5.08941295662347,5.072892282315812,5.019517299180546,5.126404358720316,5.067685135441118,6.031453276786436,207
559,5.092854849638159,5.135912853896432,5.126359515819294,5.089688021775962,5.07561422925971,5.018466646206953,5.126562153020418,5.065548512839675,6.032293677808169,207
560,5.094693594340257,5.137525924719069,5.127568513492728,5.090285326629207,5.0793010166420265,5.017201076532238,5.127420412122394,5.063620605726909,6.035334968709778,207
561,5.095477886368925,5.1390353803692355,5.129877668588177,5.090796365898536,5.0820867074612455,5.016309015188179,5.128140689271007,5.062653655014083,6.034279820272449,207
562,5.095934631722079,5.139212198736034,5.132246734285883,5.092124101746549,5.084781242168059,5.015955526510612,5.129086717677373,5.061439962216668,6.032146904944612,207
563,5.095875051593067,5.138626209386082,5.133432638152081,5.092740265138238,5.087409678771117,5.016110543794473,5.130838763417534,5.060623736556154,6.036606178881293,207
564,5.0964039286894955,5.138912208690671,5.1343774854379,5.093110186113446,5.0901639627270745,5.01670510449421,5.131891714217703,5.059910106761752,6.024602891235455,207
565,5.096533334610371,5.13869153889425,5.135144978874971,5.092819595211468,5.092823095434445,5.017070821079985,5.132359637959819,5.05940033765035,6.037288282689477,207
566,5.097676065606565,5.137911090434785,5.135490583853464,5.092200068110028,5.094483549216694,5.017787451650699,5.133510190798097,5.059100711178074,6.036253596590881,207
567,5.099553279352565,5.136769177081529,5.136536083216226,5.091823670798892,5.096441524384028,5.018434618026919,5.134004584956855,5.0589419422046245,6.033551003763805,207
568,5.101906656919792,5.135210571395629,5.137197130107829,5.092083922733033,5.0983503465653754,5.019766559301635,5.133550836829283,5.058256967897192,6.034981232396658,207
569,5.10419999589564,5.134594449327929,5.1379610641732345,5.09364358127466,5.0995021003034955,5.020979727277744,5.132741207874979,5.057438067308262,6.039569681755965,207
570,5.106046071857914,5.133197771649396,5.138596440660383,5.094038935056927,5.100505940598902,5.022157147435275,5.132103396567166,5.056304078054584,6.026784815564152,207
571,5.106653862189839,5.131892485142396,5.1390931629656755,5.094664705378166,5.102765569170959,5.023900798309862,5.132088985451299,5.054880786061974,6.034570395617489,207
572,5.107221972003185,5.131853132831042,5.139921815098052,5.095231686706299,5.10417205768864,5.025091554669837,5.132002756122738,5.053862431804711,6.035621636949389,207
573,5.106986424504291,5.131831217990124,5.139853937319134,5.095034977159559,5.104934410508631,5.026433655425029,5.132005597828613,5.053049803510869,6.038284446294212,207
574,5.10694001279051,5.132363817252482,5.139636256611053,5.094996894056113,5.105597148266735,5.028918986479283,5.132394772183888,5.05332703925506,6.045198340696187,207
575,5.1062141755553245,5.132724397580535,5.139378668251815,5.094338056266642,5.10598541316152,5.030835044825743,5.132929814294228,5.053496514790534,6.036087300487165,207
576,5.105220727157849,5.133473397545606,5.139250568663365,5.092889079936745,5.105948660800584,5.033475899715594,5.132937868278623,5.053351182435438,6.038552773124859,207
577,5.104945512239125,5.134886959071903,5.140070694620161,5.090699824857652,5.105707954380447,5.036455421942647,5.131920675867368,5.0530461440992696,6.038765509762272,207
578,5.104740552925693,5.136181792092293,5.140935729040163,5.087326382078554,5.1057047332531775,5.038508151934824,5.131192903934359,5.052528105227584,6.03578389644778,207
579,5.103894241884198,5.137368692512101,5.140949904864675,5.084914583196586,5.105506553801487,5.04120278466821,5.130731782189983,5.052097881717688,6.033527310351166,207
580,5.104185710298168,5.138223350082061,5.13997431281493,5.083112182576699,5.105542963342863,5.043863850876047,5.130983724176801,5.051788317144819,6.041880989642156,207
581,5.104939990645404,5.139290239293196,5.138219622172683,5.082548421873938,5.104903334480616,5.046325057329501,5.131607372182215,5.051079760767794,6.034245376551562,207
582,5.105544633684824,5.139075033309297,5.136331872207043,5.082548709751032,5.104973730647343,5.0488564269104295,5.132073631963605,5.050669024802446,6.0311456227359175,207
583,5.105383791568903,5.139476970383457,5.134228081805477,5.082569709943453,5.106391732293623,5.051166866187597,5.131887716155074,5.050062618586544,6.04202050313812,207
584,5.104918994593592,5.140744717701546,5.133014274391401,5.082756094887424,5.107628329106467,5.055168059021044,5.132169294350206,5.049440287590232,6.032553246077756,207
585,5.103380410011191,5.141610103324664,5.131470136485607,5.082848838527541,5.108526642403357,5.059423027985154,5.13175435907177,5.049035016021346,6.044894631678208,207
586,5.101240426669495,5.141766006724362,5.130080829715809,5.0828267244180365,5.1090402612854025,5.0624114719332045,5.131597106022026,5.0491529967475675,6.033194997609752,207
587,5.099425733886443,5.140638511181457,5.129213258774265,5.082428062927619,5.108998829137137,5.06468662509584,5.132183081545417,5.049375936531424,6.034098382747098,207
588,5.0980558558472975,5.140031745079892,5.128789985328296,5.0818790880541,5.108813152147823,5.066434652787388,5.131905426780493,5.0496734940939145,6.037851032223275,207
589,5.097094611615871,5.139193605471078,5.12910068601212,5.0801570439746175,5.108298919458314,5.068221959300853,5.131946851079191,5.050165010569726,6.0398752770157005,207
590,5.096146739963379,5.138275274429472,5.129563365938438,5.078626977247403,5.107507554447102,5.069599352436228,5.131727924308043,5.050892859476559,6.043607079986016,207
591,5.095137425607594,5.137427279643143,5.130394873221152,5.077073516717501,5.106790125137898,5.070803628403716,5.1322935298038495,5.051871920591793,6.046074926510307,207
592,5.094520224267841,5.137140751190298,5.131631396139844,5.075152463027344,5.106294853162462,5.0714991784569845,5.133764330097133,5.052141993647657,6.028668041391417,207
593,5.093532186616152,5.137028163346539,5.1323024373204245,5.072909161218772,5.1058817116022945,5.07318989325909,5.134779288355359,5.052259652375922,6.032254338706514,207
594,5.092564496115067,5.136301482828365,5.133253740712737,5.07121206716071,5.104817625739912,5.075452709268774,5.134760189269098,5.052769347589581,6.03331212713943,207
595,5.091699082367542,5.136008299736334,5.1344885867923935,5.069177666177973,5.103757412219006,5.077585968047336,5.134386778703874,5.052889152026433,6.032292310629201,207
596,5.09148382655548,5.135513904434349,5.1358112460555345,5.06747938601137,5.102756527671494,5.078994264850111,5.134290801320722,5.053387061133519,6.0344094095558285,207
597,5.091972694100214,5.135283000354321,5.137098260507935,5.066247491212021,5.101214665617787,5.079733238013159,5.133961140167688,5.0533900637957,6.040617679271563,207
598,5.091428747746619,5.134573297320815,5.138052152898774,5.0652632189370905,5.098325750403033,5.0798052563112375,5.133812937653526,5.054140156435551,6.031724632567413,207
599,5.0912375600074675,5.134457915363668,5.140277497255445,5.064678663292554,5.095388192936541,5.079890886026227,5.133004562017023,5.055595198442003,6.033817276812404,207
600,5.091347325215175,5.133136474609536,5.142139857473662,5.0643691456650295,5.092717649036369,5.079633939417192,5.133638619825353,5.056782737364436,6.034951543781041,207
601,5.091183798211787,5.1323988877378985,5.1438442441642485,5.0636070842477015,5.089832299918751,5.079543941829351,5.134808665939332,5.058216584813843,6.0356225694281544,207
602,5.0914672040208675,5.130959157878058,5.145325754893051,5.06248989556412,5.087320469220316,5.079098562104192,5.1349276798237655,5.0601700629495365,6.046553744770004,207
603,5.09069510082368,5.129760306589519,5.146401283145254,5.061891453849112,5.085387072442517,5.078896125082437,5.134961053637523,5.062167678351003,6.027586747037256,207
604,5.089680206241049,5.12872021400093,5.147480009956807,5.061028882983251,5.082933623951861,5.079400747466799,5.135207863693463,5.063106602374072,6.0314159212383665,207
605,5.088753976794413,5.126810340657398,5.148121424017832,5.058981054945251,5.080846793612055,5.079337179325323,5.1362821207347364,5.0644328940437076,6.041466777972105,207
606,5.088110655132657,5.125299973993146,5.149217912187223,5.057325832726315,5.0782794256758645,5.079346085943043,5.136032383412531,5.065067562024927,6.037590763873262,207
607,5.0883415745196094,5.123366532833838,5.150261695575304,5.055439872162552,5.075041730364497,5.078293373301747,5.136176486576229,5.066364804569618,6.043791280010031,207
608,5.087900430038178,5.1207474405646565,5.150578826770509,5.053430740631474,5.071450898331843,5.077122128658797,5.136325332884159,5.0670207392600926,6.037840945942418,207
609,5.087664640062812,5.118354699651895,5.150716130353901,5.052644314877291,5.0683383553037045,5.076813869926472,5.136596767032626,5.066864448374401,6.046755772850105,207
610,5.087431200257772,5.116234299803168,5.150481375015897,5.051923378152839,5.063608612769501,5.076264374889588,5.136732242645181,5.066435304667044,6.050395466643251,207
611,5.086950996237853,5.114231299897288,5.1497121173379234,5.052313619489382,5.058396020069295,5.076067060018106,5.137435294344071,5.065867427893501,6.043020844284501,207
612,5.0862789332458105,5.111912650369827,5.14869821508577,5.05288787467112,5.053533771958385,5.0760683995059015,5.138286081236842,5.065641144154334,6.0366188528034925,207
613,5.085212686992709,5.110069642542443,5.147333276932919,5.053815314049877,5.048437834961538,5.075625645605202,5.140216288539077,5.065388894629547,6.0354037421913,207
614,5.084822258694992,5.108577303483485,5.14520997881435,5.055461262935757,5.0432152234720355,5.07622937136245,5.142140553297811,5.066205503129304,6.035625502634215,207
615,5.084084272775304,5.107029771741907,5.143662158750512,5.05583351125801,5.038453959905127,5.0778502349679595,5.143533616165904,5.066477484416318,6.040830742335747,207
616,5.083020385171089,5.105300533354258,5.1421375642527725,5.056084039041659,5.034905392939721,5.079842811995871,5.14404123199242,5.0673753153491905,6.036341000491848,207
617,5.081084250505743,5.1034791199907,5.141299649846058,5.056037763867476,5.031290216927904,5.081290186849127,5.144396790362844,5.068948806957256,6.045680233291703,207
618,5.079449607054915,5.1019949946431815,5.141030119179172,5.055444326721225,5.027181470724192,5.082281330473824,5.144541458806003,5.071180019968013,6.039828668651798,207
619,5.078271715160165,5.100310143926632,5.14052803123184,5.0549209909801505,5.022715310473683,5.083888259358698,5.145145132344581,5.073321983013404,6.037676246736064,207
620,5.07767285329709,5.0973254638786365,5.13849581800983,5.054998186113421,5.0186431076385425,5.084666467106242,5.145682628197146,5.074725513930226,6.037806152480957,207
621,5.077489144237517,5.09496215962736,5.136846164364459,5.055606375714484,5.0147986913799,5.086254077602558,5.146666027130729,5.07591590945394,6.044706769263821,207
622,5.0774712957359665,5.093070625190013,5.135235084393914,5.056475985934024,5.011742476547136,5.087906083869226,5.148129985498356,5.077536464764711,6.040142104878432,207
623,5.07731385126796,5.091573778991181,5.134003669243253,5.056765137297026,5.009627563390417,5.089518842573362,5.148728783062996,5.078770058312882,6.038077768966529,207
624,5.0770732888865275,5.089956041207392,5.132199713569973,5.057592582712735,5.0076694620418305,5.091146479070389,5.149565549283326,5.079398982306118,6.039510569300099,207
625,5.076950766299733,5.089235178879238,5.1294080309938686,5.058522718708945,5.005054815246016,5.092627341425343,5.1498370162550104,5.079708852121698,6.039687667708058,207
626,5.07703086966351,5.088796087336156,5.12669926595766,5.059660699475476,5.00262276604696,5.095190566762877,5.150353893971838,5.079869360590028,6.0327176469069705,207
627,5.0765064309544154,5.087788881643093,5.123743876822232,5.0613034120911315,5.000546931623309,5.097902327315501,5.150572023650961,5.0805741262827215,6.03988062873694,207
628,5.075893558867289,5.087102023854909,5.120670751397761,5.063054814351373,5.000304972546772,5.100104786456573,5.1500415180801244,5.081574879940252,6.040811066190801,207
629,5.076045027975949,5.086080528070683,5.11870966308455,5.065106326300992,5.000780544576036,5.101095790661534,5.149803116591637,5.08392221646827,6.044693725906295,207
630,5.076928876337428,5.0850109356127415,5.116944711689127,5.066934074525886,5.001453477767001,5.101678596197302,5.150254411563079,5.086867699310998,6.0465979317261676,207
631,5.077445165917624,5.083846116497877,5.115228299250154,5.06906245010443,5.002043461517779,5.10235254327895,5.15111761832125,5.089098068297791,6.039121817004381,207
632,5.07719224020965,5.082971991637452,5.114598420500229,5.07074448167658,5.002314122275772,5.103891486884674,5.151245364638182,5.091347619709613,6.044847413679123,207
633,5.076484803219024,5.081709658364055,5.1132021234174765,5.071862575534352,5.003526517684092,5.105348126131174,5.151518200794024,5.093191524907626,6.041041923508156,207
634,5.075697633582109,5.080657258355989,5.112254263365024,5.073662474535984,5.005207581447916,5.107300882644804,5.151474309249256,5.094975883063782,6.041603397401592,207
635,5.0751629823683375,5.07930028831302,5.109838862284675,5.0755777727784,5.006939466235126,5.1094640420572475,5.151763547880127,5.096748781046244,6.034754329286176,207
636,5.074869133245179,5.078637493825417,5.107250804337893,5.077315012664627,5.008122837504363,5.111336103512134,5.151666275265141,5.099085959661137,6.036390009953533,207
637,5.074598895021248,5.076977523542793,5.104649698797921,5.079479388032179,5.0096867769341955,5.113162118183984,5.1517883033216,5.101643031580295,6.041367444543806,207
638,5.073869307796979,5.075613311641469,5.101996092704135,5.081944056436102,5.010892394179485,5.11504744810292,5.1531297208306714,5.10412670193216,6.042627112759648,207
639,5.073628544886095,5.074651571388547,5.0990548705362855,5.084680548548198,5.011573959690859,5.117055652512191,5.154516395261062,5.105581886906286,6.037091295016304,207
640,5.073433236527938,5.0738335391780085,5.096174367780144,5.08778302285769,5.0129159932822684,5.118276316377797,5.15602826291704,5.108072248160219,6.034690178647962,207
641,5.073406817194193,5.073367374865967,5.0938019418978,5.0910300016589085,5.014794153412419,5.120089415028151,5.157245888686045,5.109911545111682,6.04842858173535,207
642,5.0736076911736765,5.07239607752641,5.090388496396548,5.094320227709264,5.0168994513353296,5.121471890676184,5.159263033139916,5.111668617658641,6.04168558583928,207
643,5.074254261693077,5.0722956717820535,5.086578869375794,5.097965009271284,5.019133696413055,5.1235797246688435,5.1605777178889145,5.113237847098615,6.034413762477599,207
644,5.0755567243944135,5.071797777783022,5.083475983976367,5.10168253082395,5.022183797168128,5.125545165724439,5.161988662864239,5.114988802927048,6.036634091672644,207
645,5.077214798355575,5.070402338090089,5.0811170067315965,5.104808356058842,5.025069130060595,5.1269822105570535,5.163311543054381,5.116964418072252,6.036545998897552,207
646,5.079154912486532,5.06864420471077,5.079128772780721,5.106717917033505,5.028317158390973,5.128404604796792,5.164000348633625,5.1185728794420875,6.03469611785286,207
647,5.0809705976105795,5.066747107099695,5.078595186258199,5.1079426868492614,5.031682123163973,5.129172418467784,5.164496299941927,5.1204688612862626,6.040339081914505,207
648,5.082812104495762,5.065204557211092,5.078728213193124,5.108888240758144,5.034967621855403,5.12954095573293,5.164462712247487,5.122414564301982,6.039445694907898,207
649,5.084417236741339,5.063076506369814,5.078660887849663,5.109962746577791,5.038941533363995,5.12946223502638,5.1636578312987815,5.124136381392148,6.033997968250424,207
650,5.084529984564751,5.061330532619115,5.078746461473061,5.1108813007479545,5.042959513774948,5.128795755378955,5.163105350038483,5.124927117807452,6.051436559429555,207
651,5.085482853525919,5.059742533442363,5.078216930844578,5.112219794737102,5.04702984693723,5.126728075166247,5.16259909475577,5.126531944123824,6.039449293941097,207
652,5.0864064949096,5.05836983913827,5.077780438852955,5.112890502794964,5.051047282719649,5.125006373843283,5.162860922408566,5.127746475927092,6.048181723894878,207
653,5.08784780521839,5.057152631918763,5.077655537979885,5.113493843091419,5.055500271703637,5.123864951585154,5.162954192410621,5.1282818472055745,6.041512005303234,207
654,5.088305476536745,5.056620188236425,5.077131791376172,5.114270100776453,5.059472205318645,5.123005132854587,5.163046519356255,5.128289062757792,6.042649710247047,207
655,5.088224695987341,5.056484608339116,5.076889301164201,5.115267088253312,5.06381579675762,5.121185340362868,5.163748675262197,5.128494587299961,6.032999747134333,207
656,5.086983086743727,5.056725484405767,5.0775541634301105,5.115606544652594,5.0676395972116355,5.118750103349451,5.16414723231631,5.12952914521987,6.047624791939294,207
657,5.086005168351846,5.0561114032422,5.079309862988053,5.115159761862518,5.071952043497317,5.115296740160555,5.1649953259033765,5.130521279045878,6.035613367034653,207
658,5.08509695528824,5.055161783862098,5.0813552379399685,5.114633448961363,5.075908283141144,5.11213805657402,5.165179737622983,5.13100389033422,6.040127683309285,207
659,5.083980223593764,5.054327985698728,5.083235417491738,5.11491863065329,5.079604516749951,5.108947802357648,5.165392275828023,5.131748962818331,6.041695018625179,207
660,5.083623114075223,5.0533838906780355,5.085096682535149,5.114822722784078,5.082588268638314,5.105722811386487,5.165830544940227,5.132173832852053,6.04444396345482,207
661,5.083656743799205,5.051518005649456,5.0875937682688885,5.114742105701877,5.085655740773339,5.102743901132936,5.166686867344817,5.132519089916207,6.045573888163756,207
662,5.0840616500811535,5.04976931242183,5.090474929713043,5.113237024221636,5.088864021709272,5.099282647308988,5.16757861323042,5.132897400314045,6.043420343699586,207
663,5.0846520693024315,5.048069318597458,5.0936339279081055,5.111183078343681,5.0918449350041035,5.095531728945694,5.168681677343927,5.132967716511904,6.046636120598026,207
664,5.085329048472225,5.046278794324744,5.096683496511402,5.109598658303545,5.0930254709163965,5.092362617436551,5.169238341074923,5.133458669769058,6.03548031158158,207
665,5.086608286533442,5.04520695255621,5.09870064753182,5.1083213748569305,5.093632810151128,5.089696576801388,5.170151922077107,5.132837666174304,6.043047646807758,207
666,5.086901236577096,5.0442178545811025,5.100203290789868,5.107134205189033,5.09462756737609,5.087719646713911,5.1711125120386345,5.13214684388915,6.051530115635252,207
667,5.087306331969783,5.04291557126653,5.101228744808865,5.1067257915230755,5.095893452267081,5.085625100606493,5.171600981910787,5.1319728584807445,6.04227548871005,207
668,5.088054164706919,5.041344383088331,5.100604165039375,5.1063419354413675,5.096773423989798,5.083090544231306,5.172606190204283,5.132164477299146,6.0454178980814905,207
669,5.089343295071386,5.039792412041983,5.099880292893263,5.107174192350611,5.097315421144556,5.080824462910307,5.173183913258134,5.1321259231484015,6.033851989110161,207
670,5.090768010346583,5.038005587441315,5.099713575003063,5.107546082140917,5.097742045261164,5.078329293716033,5.174450623543192,5.131809224923796,6.042391450097988,207
671,5.091609007733373,5.035946320205475,5.099585867077311,5.107896755422445,5.098039438330244,5.075127752222837,5.175465845428305,5.131499751413878,6.039805811720639,207
672,5.092709816606595,5.033666923656691,5.099715416410828,5.107766661010655,5.098274390926758,5.072382028707221,5.175930736942805,5.130796780196103,6.035987383529222,207
673,5.093949954720826,5.031804193106041,5.09988894066872,5.107041992865037,5.098378711064811,5.069965889783097,5.176012285036119,5.129470553576421,6.042940992626058,207
674,5.095488731947283,5.030357995452382,5.101143872625063,5.105917980749387,5.099369118503621,5.06738248849019,5.175643182715428,5.127079552812125,6.043792881161938,207
675,5.0966204694123745,5.027872149566082,5.102633666174512,5.104260954218188,5.100683344850032,5.064309403403593,5.175319305156125,5.125536282019969,6.045184279838865,207
676,5.0978501117091355,5.025372038937088,5.10342129218537,5.102386483811897,5.101870165012149,5.06121200735172,5.175058845779917,5.123073334210254,6.038206025628959,207
677,5.098687552854425,5.023373565193335,5.103639421296576,5.101190273608144,5.1020716083796955,5.058086858842518,5.17511619194944,5.121137569060128,6.0354350569240225,207
678,5.099608365065137,5.02199403554039,5.103834231152354,5.099861642628893,5.102198835331174,5.055589754974053,5.175014827621915,5.119393873141221,6.040877936719726,207
679,5.100634425903999,5.020074311854266,5.104563282956706,5.098412077774288,5.1028944947748816,5.053169372795532,5.175159894854023,5.1172888566240005,6.044647418112189,207
680,5.101176056734234,5.018798394264208,5.105755928895041,5.097178764880848,5.1038496868366,5.05110567156291,5.175512826027255,5.1142743752367785,6.046241503239941,207
681,5.100769779471786,5.018498520573125,5.106823138494551,5.095586273829533,5.104858319160803,5.049353821391626,5.175718686758393,5.111521102319704,6.035260251792969,207
682,5.100031279813498,5.018168258575125,5.108313878482291,5.094927166604101,5.105846829913535,5.047021476011382,5.176096928289926,5.1095282746875785,6.039984060238714,207
683,5.100150556250341,5.017865680922059,5.108701451162225,5.094470620925122,5.107088297258479,5.045394313557085,5.177061133379329,5.107725610832683,6.053321501741162,207
684,5.09950667894275,5.017972622301331,5.107887768052427,5.094025246365054,5.108541123692422,5.043653880623323,5.178502420718402,5.1048803093605235,6.054125527732268,207
685,5.098681426010421,5.019076682046473,5.107690965024325,5.09363056626673,5.110048604691693,5.043016405763211,5.180039612804025,5.101685151856188,6.037187359718126,207
686,5.099436947810146,5.020354841041989,5.107347242921485,5.093511234178727,5.111991224445985,5.04203430484955,5.18173108791369,5.0993112788104575,6.039974906600842,207
687,5.099428198098527,5.021421157966874,5.107120903670493,5.094039482791906,5.113368723798443,5.041306711287389,5.183580089093664,5.096757180596406,6.049314552975202,207
688,5.098653843207469,5.022871124306207,5.107075462086176,5.095300531826745,5.114811147061487,5.040148256990259,5.185236450610619,5.09414080492079,6.044110680670669,207
689,5.0980323212154515,5.0246266607958985,5.106607321292799,5.095740495800292,5.115753316052851,5.039064100180373,5.186775871481713,5.091706513628958,6.047646496060979,207
690,5.097686598487056,5.02631362903853,5.1064671356292894,5.096044372476787,5.116721223386268,5.037748773111402,5.188348097300791,5.089243334668907,6.04454537064239,207
691,5.097444439632071,5.027470322419621,5.1063600710405606,5.096280831608195,5.117425151173877,5.036208977904268,5.189552615617787,5.0865839478303805,6.045603411957804,207
692,5.097778623077648,5.028543428464544,5.106226565326276,5.09667805227992,5.117627760600875,5.03529157874091,5.191065608843725,5.083959725772005,6.049405238471741,207
693,5.098256480913786,5.0299300258987785,5.105002461773758,5.097462034861665,5.11705694639217,5.035384503781609,5.192262036403292,5.081147135861009,6.044760082250387,207
694,5.098307618525685,5.031469955699974,5.103251699964032,5.098378489348985,5.116411075944345,5.035002161403715,5.193222498512933,5.078722527813203,6.043034268445757,207
695,5.09734633964077,5.033010899628195,5.101427080305913,5.098668288745943,5.115168477741715,5.035107599001035,5.194142437601968,5.076994214571102,6.044287403582936,207
696,5.095976647921566,5.035013826314854,5.09969910991895,5.098438419430183,5.114134419888905,5.035599520974666,5.194363876807637,5.0755453170970375,6.042605049897872,207
697,5.0943694296026685,5.037134074723719,5.097628551450677,5.098417337433975,5.113511068550421,5.0359651645991015,5.194655685116131,5.0743484017967315,6.043822445027582,207
698,5.092538036444452,5.039660385561389,5.094695088999435,5.099290856254267,5.112590425481221,5.036596184951197,5.194242138356522,5.073515515373785,6.044834821815914,207
699,5.09074432461851,5.042610696728385,5.091845553286774,5.100740855204424,5.1115125363774805,5.037245319158421,5.193709230523073,5.072637604078462,6.0462350307260335,207
700,5.088566212544091,5.045708862352138,5.088653241732805,5.101767905035504,5.110575790854102,5.037347741887673,5.193451528857338,5.07162718555313,6.050217367017049,207
701,5.08549592468086,5.048271581969202,5.085658767383954,5.10276916937188,5.1097811383991685,5.037251884783176,5.19290268080324,5.071007605923447,6.0397869174604555,207
702,5.082393092715776,5.050694526428199,5.082816080621528,5.10418516960743,5.108783702243854,5.037046454765887,5.192328810751004,5.070146455289226,6.045267546753339,207
703,5.0794101138678105,5.052427694441601,5.0805629840746676,5.104612309702922,5.107549159596801,5.037328918500965,5.191769392510068,5.068948599966231,6.050265221936596,207
704,5.076608745190912,5.054320465036359,5.079438520316747,5.104931845596594,5.106799217766589,5.038211173161098,5.191326818904064,5.066630193278307,6.044574388538058,207
705,5.073707946925133,5.055494104301324,5.079219010028524,5.105071181208865,5.106445285839387,5.039326538759857,5.191453064244373,5.064964668590688,6.0497243624818555,207
706,5.071071597023689,5.057562344772897,5.07860433678628,5.1042360127492,5.1058172879971035,5.0407502019817425,5.1910048652320775,5.0633642250138005,6.0496387115477,207
707,5.06905165583567,5.060053085159212,5.07807875388633,5.103534828923268,5.104615837498557,5.042701501892299,5.190818980710862,5.060984465374874,6.033454793398363,207
708,5.066949642205089,5.062950220351324,5.0779296258571875,5.103435473387883,5.103587731977976,5.044642979664476,5.190766242447969,5.058538935145857,6.038924625295774,207
709,5.065232375017006,5.065757997035545,5.078073485120299,5.10413419971523,5.1025797806931985,5.04678783558375,5.190609630475358,5.056576011222593,6.040316005170749,207
710,5.06323110897279,5.0681218171323845,5.077456382272718,5.105406604866407,5.10116973154852,5.0490378772848565,5.1906031980891845,5.055306332094497,6.043545310068988,207
711,5.061694482049161,5.071194675380315,5.076839238587041,5.106633631538631,5.10026048186237,5.0513310789574195,5.19043060710748,5.053968179596847,6.045087182914093,207
712,5.0610521201038345,5.073972589476953,5.076542275141868,5.108033691354545,5.098918707392854,5.053747801180167,5.1896172185944724,5.053359724516701,6.048882808155518,207
713,5.060977157297731,5.07640151873955,5.0761224690721445,5.1089030993283036,5.097841637074962,5.056014420784557,5.188381057065775,5.052507709734587,6.038081735884126,207
714,5.060598279290448,5.078141829199063,5.076908332798782,5.1099186687981994,5.096385302791874,5.058010179810058,5.186825024791402,5.052240675579186,6.043584136476954,207
715,5.059352538356544,5.080295423430972,5.077621694515128,5.1112128211403665,5.094177703527382,5.060251991106318,5.185185493573643,5.052477035510094,6.037980641506195,207
716,5.058455779436054,5.0824941429225685,5.077553836346602,5.11231502581607,5.091932369765248,5.062390144863803,5.183057079908686,5.0534977750870524,6.048181016771653,207
717,5.0583670910943646,5.084523164682824,5.077128677555239,5.11357316229174,5.089439731992543,5.063950763471315,5.181028629646063,5.054329484391756,6.04650166178196,207
718,5.058070107487656,5.087243052096008,5.077241424659709,5.114937770510075,5.0871152252891765,5.06573777271818,5.179256880935302,5.055212958685086,6.049782379059969,207
719,5.058025497822754,5.090187464737831,5.077301450439745,5.115288109893215,5.084148175877637,5.066630899706935,5.177058262222905,5.055805961071373,6.034659683905218,207
720,5.058879389031645,5.092133752524482,5.078064341249378,5.115763635797431,5.081240291040674,5.068026726226925,5.1748273431166805,5.0565790623799085,6.033951416433128,207
721,5.060211953837933,5.093402060078054,5.078150017669465,5.116076876223726,5.078747403808954,5.068698104683318,5.172864390130494,5.057787241190471,6.040313039269119,207
722,5.0612293009718465,5.094307116818818,5.078948463051671,5.115886359054699,5.075970228331421,5.069469116197544,5.170404342247332,5.058174290271854,6.045316000542676,207
723,5.062439009558059,5.095637662737232,5.079999246657454,5.114863859536431,5.073677006580353,5.070043148323091,5.167942169010721,5.05847510141948,6.0372951964311605,207
724,5.064285947275868,5.096978070922704,5.081449294070428,5.113639839133425,5.0702978791327125,5.071098238309604,5.165549082524268,5.059193896063912,6.043931725336877,207
725,5.065723470211143,5.098032308898919,5.083117739325059,5.113339207722881,5.067563321580305,5.071873578834621,5.1636776848264505,5.059863153950044,6.041278307296116,207
726,5.067064875543479,5.098947483977847,5.085029846592606,5.113012839999957,5.065772354877531,5.072928480872785,5.1614576673949975,5.060581731927872,6.052650128969952,207
727,5.06889514677017,5.099310009473925,5.086603863920627,5.112832353954488,5.064043428866922,5.074496181582974,5.158722606782052,5.061279033626461,6.047400886902267,207
728,5.0712596534181476,5.099649118684606,5.087768398765194,5.11255769979173,5.062522687673864,5.075726825192158,5.155299317821564,5.061727626350617,6.040446126450835,207
729,5.072923439018551,5.100373844366985,5.089710757854283,5.112740106210084,5.061474871823828,5.076564833448693,5.151865250532262,5.061828168436973,6.042177845822036,207
730,5.074704837582835,5.101607187659293,5.091903088314853,5.112306442343932,5.0605059479666075,5.0776184277541025,5.1486525256271,5.061688815344873,6.046535768651482,207
731,5.077731185042229,5.102413348040067,5.094101091756351,5.112022604192275,5.059368097592539,5.078509736994829,5.145487174421107,5.060677973387692,6.0471877534704435,207
732,5.08040856781578,5.102856561731265,5.096394199956778,5.112025159556338,5.057871226826884,5.07936381036156,5.143000176843193,5.060035253935074,6.041788261037082,207
733,5.083099068618235,5.103318801279558,5.098881356496351,5.112028973730232,5.056679284801191,5.080453150794989,5.14031447071522,5.0598318247248795,6.0387403980600896,207
734,5.08607760916137,5.10295240517531,5.101659555443565,5.111886088402741,5.055810211599569,5.080844480770523,5.138393951440659,5.059572541339219,6.0384651215022815,207
735,5.089240330679424,5.10243937366778,5.1043835924863,5.1109309644219145,5.0553104347425695,5.080829920529387,5.136542940902629,5.059121110030519,6.049928128026622,207
736,5.092424798752111,5.101028491337392,5.106592660204042,5.1101897217326755,5.054848283227456,5.081749742756841,5.1355413580763765,5.058846943339811,6.042684494894937,207
737,5.0959447591246025,5.099770407730508,5.1090693543871915,5.109220890899074,5.054359917492126,5.083238221017604,5.134346948743861,5.058840338734504,6.0513207468919665,207
738,5.099734022042081,5.098438212670306,5.111414009153211,5.107979675186931,5.053899829840085,5.084679021817452,5.1335187430645295,5.058368023913967,6.046078721433214,207
739,5.102933575516631,5.0975370178331,5.113956651010211,5.106832720250389,5.0535193629962665,5.086153238503314,5.132841004137857,5.058065198812956,6.04008355278111,207
740,5.105922946887038,5.0964884179245935,5.1168149550833615,5.105308805880513,5.0536066446371954,5.08827115972235,5.131875321325648,5.057841742724624,6.041090246367198,207
741,5.1088268195481294,5.096766150133634,5.119161004331,5.103348126008026,5.053093783638703,5.0897337586781415,5.130631031808047,5.057406394382978,6.048472759727564,207
742,5.111371247752272,5.096691879258099,5.122111740532917,5.101632928698502,5.0533242187113485,5.0910258322947115,5.1298909162831885,5.056895334903775,6.047836600342967,207
743,5.11401857692862,5.0966925620937396,5.125149881338505,5.099913566719162,5.054316543420823,5.092129979940684,5.128917856359195,5.057083732886992,6.049317810847411,207
744,5.116837109092339,5.096208964974905,5.127842588491122,5.097976539181543,5.054879898037704,5.092960468150456,5.128273816896888,5.057438995211768,6.049976084562944,207
745,5.120075407005464,5.0951187772594615,5.1303036326486815,5.096158369232935,5.0550728968325345,5.093256899956075,5.128462224446345,5.057714588319434,6.044796761941865,207
746,5.123060761707981,5.09449561770603,5.1327260185703745,5.094315737898035,5.055598595920907,5.093499569671163,5.128287096294619,5.057568839813397,6.037934038125753,207
747,5.125563019158768,5.0935571474529775,5.1346636020098035,5.092639203228175,5.055847535518046,5.094231931704977,5.128248827807758,5.057377722462936,6.047236801401445,207
748,5.127714017906324,5.09335530978941,5.136758533436052,5.090435093165464,5.056088696412271,5.094853653969569,5.128052045510223,5.056638873513261,6.042985516592651,207
749,5.128797768323752,5.093269640665103,5.1386641173399585,5.088601621299742,5.056281438686478,5.095432651153748,5.127985005392309,5.055575249829437,6.048588001097663,207
750,5.129744658350349,5.093677220489177,5.139519314505696,5.087293548607551,5.057291372901078,5.096497163806156,5.128082606283767,5.053976999450951,6.041257729052338,207
751,5.1307135168414195,5.094140189061381,5.14067570135218,5.085997237154965,5.058945794688778,5.0976436119124795,5.1277957099518945,5.051938138380015,6.047231142510042,207
752,5.1318351834857525,5.093997558327947,5.141493577243086,5.084628074969713,5.06032319251385,5.098625164074942,5.12794425010696,5.050201404552068,6.034293115273253,207
753,5.132592297619912,5.093406305485338,5.142705132836469,5.083591988833113,5.0619145304811735,5.099630598798071,5.128154303850944,5.048408816246822,6.0463717191993105,207
754,5.133144925233203,5.092725527476546,5.142930026433305,5.082444361086013,5.063706023939001,5.100519098321886,5.128568294517077,5.046044342301522,6.038203718683417,207
755,5.132544866874637,5.091733491086071,5.1431863725030365,5.08238657243374,5.066044533604664,5.102079811237298,5.128265621355347,5.0439397565399595,6.038771537056017,207
756,5.132040862593734,5.091159379040542,5.143635376015,5.082649425114409,5.068576916549548,5.103390657682622,5.12782389008647,5.042595713760017,6.038318381392222,207
757,5.1309658582552835,5.0908856440892905,5.1447078560037225,5.082400603095573,5.07061047711329,5.1042255000690275,5.127823670463011,5.0415168350358295,6.037330601317171,207
758,5.1296635577436325,5.0908877429176105,5.145908513477517,5.082441279746963,5.0728951209736675,5.10568844243871,5.127999682313503,5.041206305683071,6.04760171620918,207
759,5.128212068222822,5.091212113673215,5.1465138643087,5.082546587678729,5.075103662427704,5.106878556719007,5.128748729773596,5.041108485030125,6.0444365403436935,207
760,5.1263652258304155,5.091187700989185,5.146453905795122,5.0830227090724485,5.077773647128856,5.107929560187618,5.129196346206838,5.0406129324430164,6.0347138808162155,207
761,5.124889294598843,5.090975775020999,5.146738043822461,5.083057353930254,5.079572137784177,5.108750148384583,5.129321503987114,5.040570157828843,6.047857720725505,207
762,5.123709940729031,5.090774147574241,5.146444880811734,5.083218448873616,5.081065236167213,5.109621969005783,5.129841965925477,5.040608695552379,6.051732846479143,207
763,5.122794290147964,5.0911211853420575,5.146649933191826,5.083516242073378,5.082118804296625,5.110219110945119,5.130625053183232,5.040908015405717,6.040103168360815,207
764,5.121889022074476,5.091692497438997,5.147229388129967,5.082922819207514,5.083443845899567,5.110846770235769,5.132217598953639,5.041124984583064,6.050732812286152,207
765,5.121301239261576,5.091479300704103,5.147440568249468,5.082388576561689,5.0845802036704,5.110611014280563,5.133819596949321,5.04163075930402,6.045673654390868,207
766,5.1213404053171665,5.090515665947348,5.147815390578483,5.08259699981717,5.085659349124795,5.109948092595027,5.135162017817127,5.042071802192206,6.0492386201232655,207
767,5.120819111797983,5.090696114195513,5.147815354738501,5.08381759295636,5.087553919583943,5.108765607070271,5.136563553404861,5.042345039503148,6.0391058648373415,207
768,5.120171596456293,5.090363551386655,5.147513522043173,5.085624247786276,5.089773301304516,5.1078078037452945,5.1377955500638715,5.0422634666052595,6.0483316053839005,207
769,5.119465897720288,5.090086482673881,5.1468507539936645,5.087740834832859,5.091769157130167,5.106890682484128,5.13845634409145,5.041570969855184,6.047789469976373,207
770,5.118698943140148,5.089894330267564,5.14596070649611,5.090351715320839,5.092723782690653,5.106641984553244,5.13885590235744,5.040267140176072,6.0498093776900514,207
771,5.118021828361182,5.090163560845701,5.145207657865876,5.092572248394704,5.093151755544337,5.106555406999313,5.139045507940001,5.038927048941046,6.041288024973142,207
772,5.117520640177846,5.091327313198889,5.144800103855186,5.094800094601921,5.0936953691931945,5.105654250808023,5.138852053500422,5.037515866240063,6.051264536242051,207
773,5.117459338532065,5.092418412261124,5.144353791131783,5.0972881063402475,5.093938408152473,5.104063644834462,5.1391869501657785,5.035911403361251,6.041595906750053,207
774,5.118220468675921,5.094040355324012,5.143856043727593,5.099595175723302,5.094841724199838,5.10159918244816,5.138973126441284,5.034474257458797,6.046684712715242,207
775,5.120062929746066,5.095762730199807,5.142890137709272,5.101969124492521,5.095451672076901,5.098808607499121,5.1387126112223935,5.033241606986413,6.04715831897136,207
776,5.122330486997312,5.0977119215991555,5.141014529718569,5.105004526911096,5.095505334434421,5.0955023073473455,5.137889398015042,5.032539317851381,6.042958381923484,207
777,5.124039321885322,5.099348625137171,5.139085395146524,5.107597064450604,5.095940419522508,5.092457758265432,5.1371783810090506,5.031866716220985,6.034552932546903,207
778,5.125195828307904,5.100653037046618,5.137219798821915,5.110467373246555,5.096049243448597,5.08927043757061,5.136483285803528,5.031032559905226,6.050674229801163,207
779,5.125714195500013,5.101343044006988,5.1355898941316145,5.113182725971884,5.096385038474823,5.086069904776755,5.135376528599299,5.029873483273983,6.043456009118119,207
780,5.126010858804381,5.102274791176111,5.133794221110341,5.116010407579531,5.096918764807213,5.083109851134376,5.134793868397031,5.0284240070538795,6.0486642106293145,207
781,5.125592783294415,5.103850635244125,5.131320720768446,5.118662618466759,5.097805259290785,5.080634417908722,5.133454877465476,5.026496918059215,6.044842448356266,207
782,5.125523150134666,5.105162555865375,5.128972390276494,5.120723626043955,5.098430944161651,5.07863346019437,5.1325511926413006,5.02445829561546,6.044754691885928,207
783,5.125692178552403,5.106882477442496,5.127345242598367,5.122227841499836,5.098975440323969,5.076028660975043,5.13182366579611,5.02256820696719,6.041373316752034,207
784,5.124518489777328,5.107990189867314,5.125965641210321,5.123568305662872,5.099864316292789,5.0735983255189865,5.1318722572287365,5.020944174166891,6.047817703844245,207
785,5.123911697401358,5.109095451249965,5.124979912184054,5.124382453389263,5.100930895553889,5.071273066706869,5.131679602959641,5.019168507572013,6.047402033575783,207
786,5.123711215271331,5.110572132027354,5.124439249505507,5.124816668759381,5.101981128312447,5.068362798051331,5.131133163076835,5.017658117108812,6.04805404683315,207
787,5.123930743408237,5.111526053876675,5.123266422406485,5.125070397954868,5.103116772394168,5.065487464004963,5.131086287862591,5.016938960229886,6.045240649513795,207
788,5.123251542784654,5.112821895551774,5.12306983310792,5.125108621300395,5.104316614613307,5.062748786088386,5.131145418412907,5.016022411564505,6.043485674227469,207
789,5.1228052409787015,5.114586349471725,5.122701730693457,5.125211650500647,5.106063589066009,5.060334773463191,5.130976020908873,5.015298637782129,6.053579596839358,207
790,5.122523644327694,5.116279003732243,5.122740656901412,5.12463002112429,5.1076102892812205,5.0580968983537185,5.130406472508103,5.015021130191604,6.047153415162171,207
791,5.122647438939998,5.118065588293322,5.122754729922593,5.123618263203554,5.1093427465357415,5.056078637601196,5.1305971858233494,5.0147662947352725,6.044829097503207,207
792,5.122443496628316,5.119642646081796,5.12266804228679,5.122716940434807,5.111120496173243,5.053551455599771,5.131018367749336,5.013941981586222,6.0502344057845265,207
793,5.122688181896836,5.121435020765531,5.1222463553947435,5.12250777327346,5.11289589654271,5.051740086294641,5.13068494080011,5.012843071402016,6.052094385118653,207
794,5.122345890266543,5.123062396182293,5.121681047086448,5.122007539287079,5.114543173787956,5.049519481844249,5.129808246772494,5.011882279592915,6.039996774200553,207
795,5.1224763307508,5.124588277722944,5.121893001539066,5.122033856942025,5.116041311384466,5.04791135792666,5.128016993652905,5.01105925840183,6.0367160835028555,207
796,5.12287428293064,5.126137854274112,5.121775339526383,5.1216703238731345,5.117599992737132,5.046766827498214,5.1266223965589015,5.010244060262236,6.040262026085184,207
797,5.123003592961517,5.127847701220064,5.120938844275395,5.121609258824599,5.119233734522794,5.046050144033519,5.125088296078398,5.009397224762637,6.040705714561671,207
798,5.123459007599385,5.1289471342721065,5.119997887892541,5.1215724493861945,5.12078993173952,5.045027909465258,5.123737429384861,5.008841510105329,6.047406671198021,207
799,5.123792420779355,5.129830862505887,5.119495446969061,5.121579953446795,5.122722993990846,5.0442730953913255,5.123016485940102,5.0084701716887485,6.045687393808853,207
800,5.123862636148095,5.130329437424223,5.118556343709296,5.122035645258585,5.124546582713635,5.043648654485791,5.122080251383945,5.008678789668846,6.0463322384107006,207
801,5.123728133274081,5.13095029945173,5.117706998059996,5.122177521659098,5.126141151774109,5.0436481558005255,5.120785026351568,5.008862852374222,6.049493693256312,207
802,5.122768037996336,5.131750910202828,5.116724460722006,5.122506490664604,5.127676570924308,5.04453857665256,5.119407003962865,5.009323434578337,6.042218049926798,207
803,5.122100432156128,5.13201867016395,5.115712305419683,5.12218681356245,5.128678205352047,5.0462241708124775,5.117992346011645,5.01007318182732,6.032838984097976,207
804,5.121520532137337,5.132405948261003,5.115210041652492,5.121489623218928,5.1289358512307555,5.047384608561317,5.116356197695822,5.010383979415483,6.0540161086137685,207
805,5.1210264412112405,5.1326102779747504,5.115171265934084,5.120476064980284,5.128872069022994,5.048970513381466,5.115086048461171,5.010568345037293,6.054794336214664,207
806,5.119534495599084,5.132857565191908,5.115113541703844,5.11920944056204,5.1295465196798204,5.050538025621106,5.114149714424456,5.010904782917898,6.04056613112286,207
807,5.11781021580343,5.132605183687706,5.1147983875903265,5.118798667467973,5.130791364906117,5.052897498663878,5.113653675341894,5.011379911684452,6.050736740102785,207
808,5.116170314599275,5.131912181028375,5.114410702520678,5.117971891111315,5.132702149729358,5.0556182040752695,5.112766797538043,5.011291909126459,6.046642743405034,207
809,5.113814413062681,5.13134145693253,5.114479483705535,5.117338176137185,5.134926727436897,5.058191795326868,5.111965329054429,5.010895862707878,6.053564666293839,207
810,5.110587925093216,5.131018899091553,5.114751375391821,5.117267305203608,5.136401488189551,5.06135842329949,5.111449000838466,5.010369838146435,6.040897104510082,207
811,5.106825490884889,5.1309003611086395,5.114598270614811,5.116947593783723,5.138479291315473,5.064977417237103,5.111154373936715,5.009741580464052,6.052403224950673,207
812,5.102908690404339,5.130030926578575,5.114949552325456,5.116118415488398,5.140286706610588,5.067984545794107,5.111787841123265,5.009300630584635,6.043558612699261,207
813,5.099305332739636,5.128757277742237,5.115837938617453,5.115552710016559,5.142217177150416,5.071105070527757,5.1123166978585015,5.009277751090286,6.044307667764769,207
814,5.096418314980598,5.12769490177188,5.116443330592115,5.115183904102218,5.143865308351958,5.074498312372063,5.112964334078153,5.009342413021057,6.0459983588793875,207
815,5.093867946576401,5.127309081203512,5.116940271553761,5.114690718455689,5.145292604550368,5.0774014754788706,5.113813214182908,5.009499029418163,6.046033722804094,207
816,5.091384839156305,5.126611457256722,5.117659200655886,5.1139928335315705,5.1469801663021055,5.080051511613343,5.114409331551469,5.009649721826883,6.041718320368395,207
817,5.08936526211783,5.1261726376500105,5.118872685511928,5.11390821787261,5.1483504042545665,5.082944991527082,5.115198743456439,5.010500944179685,6.039783609105823,207
818,5.087428279935763,5.125755648075294,5.120412121867911,5.113791705395013,5.14977995868834,5.08557420387209,5.116077311135187,5.012073456132579,6.040154869815911,207
819,5.085982367493431,5.12435517291463,5.121320769345568,5.113973524227628,5.150461581447911,5.088279204618345,5.11654682162534,5.013796377466459,6.039151354250987,207
820,5.085138633162421,5.12381547102667,5.122282258374929,5.1149347395894385,5.150977038947099,5.091197353857741,5.1169315359337,5.0157682719395025,6.04397581109882,207
821,5.084116230844373,5.123468496562727,5.123287924545971,5.1159500736956325,5.15086796112813,5.09431242516992,5.117641118619209,5.018060660900013,6.046541960941679,207
822,5.083036070800407,5.122840479602944,5.123521963749757,5.116936107450207,5.150037094437311,5.097592262236713,5.1187986166704595,5.020447334093015,6.048680021973492,207
823,5.081572190317235,5.123101181248674,5.124110759830739,5.11774492839819,5.148994430243047,5.100409781379025,5.119636848104281,5.022024468696862,6.048269404259424,207
824,5.080667941744725,5.123001494255829,5.124161366185952,5.1186496371003205,5.147892232390182,5.10365901268153,5.1199872959434245,5.02358945689208,6.047777356759451,207
825,5.079370669322295,5.122583603756077,5.124251226809006,5.1193149385480385,5.146672315724061,5.106845301875004,5.120248744151387,5.025165942767888,6.047580668248844,207
826,5.0784062535021945,5.121494165715031,5.124083167218947,5.120186244989303,5.145776298767963,5.110066520166806,5.120665353741012,5.026728077514325,6.046969650191435,207
827,5.077589127269841,5.120326059909598,5.123505905765448,5.1212492018227405,5.144193260838174,5.112735834835222,5.121106974598119,5.028253077048069,6.056828980386852,207
828,5.076850757592249,5.119113977928077,5.12284632316452,5.122373662196724,5.142297152587849,5.116261949562682,5.121216391067261,5.030230876618629,6.04244520085852,207
829,5.075985230822921,5.117174503075006,5.1219267246332585,5.123483188378059,5.140645006750578,5.119651522008734,5.121341261541299,5.03216092653229,6.0492512299796966,207
830,5.075227710615358,5.1155214992305975,5.120598859384019,5.124683201986045,5.1394959037565,5.122532747743236,5.122157535323303,5.033678902227122,6.054337966370266,207
831,5.073987860468999,5.113735984131805,5.118795084462905,5.125421738321297,5.13841436900479,5.1250553108504615,5.123173467250371,5.03487628001952,6.049118136971868,207
832,5.072802965962739,5.111556906596852,5.116877149792712,5.125942557232139,5.137382612179488,5.126906675651898,5.12399785095933,5.035960781267005,6.051663703993436,207
833,5.071710290970377,5.109513984910264,5.1152680757295546,5.126491173377015,5.1365020316798375,5.128825814396467,5.124797558217107,5.036434627325991,6.043548070659829,207
834,5.070301745672789,5.108170844813366,5.113973513252043,5.127273035101493,5.13560696865728,5.130404999526341,5.125641083742,5.036664234984489,6.048238885700232,207
835,5.068801127182746,5.107200338106761,5.112105174256532,5.127892151896022,5.135012524948317,5.131971318902144,5.126034636636104,5.037175012056189,6.040272951511465,207
836,5.066957512799273,5.106181395815035,5.1104286263969225,5.128236554172204,5.134403560060637,5.133411775099966,5.1263873677450995,5.038057099693421,6.050761506040826,207
837,5.064843937857037,5.105649914635095,5.108524673369106,5.128707864387643,5.1337630717523535,5.134655022273634,5.127553478147177,5.0386968652134545,6.045422673132406,207
838,5.062907263283047,5.1054328721552125,5.106682161440929,5.128801641371766,5.132779749562161,5.135722299294633,5.129062248315149,5.039583088037064,6.051408180495046,207
839,5.0610638959223815,5.105398481215035,5.104844010099702,5.1288560773497185,5.131059785869895,5.136471993728994,5.130424808572003,5.039914423670881,6.047826738066233,207
840,5.059471781359555,5.105692909308013,5.102810105529027,5.128132191154162,5.129927906258656,5.137234228869072,5.132285393409236,5.040754466919111,6.054678417108498,207
841,5.0582669593006635,5.106382805788519,5.1006767040254015,5.127062096681694,5.128970964705918,5.137839037038196,5.134143846148222,5.042286663988881,6.045935380487305,207
842,5.057574577635677,5.1071655816058446,5.09880681726354,5.126226880679367,5.128112913089113,5.138999894070705,5.135661723910236,5.04392124844405,6.043774056807402,207
843,5.057001595016841,5.108046079404021,5.097114870536748,5.125114556425723,5.126650687344513,5.139366030457647,5.136721589910131,5.046122781868186,6.044354727084693,207
844,5.056134391129657,5.1090016206781,5.095533444368895,5.1240757529899925,5.124303157307784,5.138963110148711,5.137894698197332,5.048356356748318,6.0477053325463,207
845,5.05553876630368,5.109226020426462,5.093859192954658,5.1230233503682205,5.121751735693367,5.1388211381874465,5.1385260045613075,5.0508202877893424,6.041475618268357,207
846,5.054633209839001,5.1090378145061806,5.092027581133698,5.121631147762986,5.119795798598064,5.138837146223782,5.139197141407159,5.053101813166018,6.057003752952817,207
847,5.0540620044537565,5.108241408557978,5.090938065588164,5.1208410699526405,5.117645636488524,5.138969730747418,5.140136611004569,5.056062631043197,6.049364061509471,207
848,5.05402115628352,5.10787068986577,5.089767885100192,5.119748936265149,5.1161017226193986,5.139640892354219,5.140522904201589,5.058548550419652,6.052718939102524,207
849,5.054641380670297,5.107329058328158,5.0885114478442235,5.118864004973676,5.114947705754031,5.140808608009442,5.140755160584025,5.060638701138964,6.0462785320905565,207
850,5.055009802269686,5.107010828981634,5.0871367178388525,5.117799414750261,5.113690118851087,5.1420152568774204,5.140241892104963,5.06286475192526,6.053486789654397,207
851,5.056032155128351,5.106261049145995,5.085770874995578,5.116761227983206,5.111912160857916,5.143632852754992,5.139711752725135,5.064377428390284,6.04456489449952,207
852,5.056890731823707,5.105660118711764,5.084641097100495,5.115974347200394,5.110022254245239,5.145137981857606,5.139581647678815,5.06669070619173,6.05144458061731,207
853,5.0577831708008585,5.105084077840633,5.083912595092412,5.114526763866751,5.10807908771875,5.146765731528843,5.139532835252319,5.068329315388658,6.044990547419382,207
854,5.058952384542836,5.104896744969206,5.082901226724104,5.113516254412189,5.1061445379396435,5.14877703966945,5.139379518050147,5.069560387893183,6.047336086951604,207
855,5.059729700750671,5.104838126048722,5.081820236736186,5.113023353354874,5.105133944243907,5.150746085307519,5.139746129866737,5.0704204496416425,6.0501591288148,207
856,5.060214125692096,5.104274819511804,5.080115883487702,5.112058672652294,5.104068218716347,5.152379018573229,5.139670676727448,5.071040229035862,6.047782845801267,207
857,5.060962048568009,5.103874592849531,5.078304117079025,5.111465689245904,5.103416143290839,5.1537847813805495,5.139036761370458,5.0714895369017015,6.037779150522996,207
858,5.061486548060527,5.103694574610426,5.077200861633283,5.110737499376432,5.103447796688252,5.155198847333278,5.138521072323057,5.0720967102030965,6.045276305639035,207
859,5.062917866214843,5.103111225898621,5.075565448869112,5.110278070772429,5.10345902747893,5.157223268597781,5.138103552895215,5.07279839164403,6.052389446888993,207
860,5.064834777236197,5.102939738252669,5.074254385402746,5.110379767519268,5.103856097438507,5.159170839233118,5.138068993688387,5.073487563390605,6.05138291946136,207
861,5.067162791585505,5.103060035744928,5.0731033204572205,5.11032432830519,5.103605815181911,5.1611929604918085,5.138307492617038,5.074277127522013,6.0610917262498525,207
862,5.069545757202396,5.103555893280873,5.0718743295364295,5.1103779099874505,5.10326721217029,5.162563582422207,5.138217677495426,5.075202316758528,6.04869069485576,207
863,5.0717539771871,5.103862338953876,5.071549183878686,5.110591820821712,5.10296659617097,5.163888385840231,5.138222502800256,5.076259149461809,6.048776198689076,207
864,5.07386464310712,5.104108831184757,5.070627072406515,5.110818291416068,5.102820948961047,5.164745519081119,5.138751939662932,5.077257184952569,6.05406980218493,207
865,5.075234594033752,5.104783584868172,5.07016858806119,5.11063523712576,5.102292318478726,5.165225137230274,5.139294618261588,5.077721278977329,6.045417922578145,207
866,5.0767434562018074,5.104960255786664,5.07025720551202,5.110639010856079,5.10117542829389,5.166000665740976,5.1390678315956615,5.078660229674831,6.054046039355218,207
867,5.078651445159507,5.104691065491761,5.0709939979380705,5.110803734811223,5.100270511138261,5.167007660700623,5.1391405552433245,5.079478598634917,6.045073279574214,207
868,5.079981027698705,5.1042648848612835,5.072421883505168,5.111351898438819,5.099314039576978,5.1683604366241065,5.139236330876209,5.080981759797778,6.053347065856161,207
869,5.081783789332358,5.103840319862229,5.0739850946527465,5.111625411090499,5.098475329353478,5.169641608545293,5.139075089736286,5.0821537374900085,6.050117195681141,207
870,5.083185027847454,5.103299630205112,5.075581337995034,5.111219615317818,5.097439904920804,5.171282797120912,5.1383662126995056,5.083416765297258,6.044134075220391,207
871,5.0848783457528235,5.102889226591456,5.077454560389787,5.1106017280134735,5.096391251439549,5.173127324956868,5.137786787398512,5.084238150083655,6.046419676205343,207
872,5.086174471369024,5.102703067603776,5.079225834451775,5.110079975342056,5.09563851094784,5.1748375810254,5.1371184064695505,5.08476347401396,6.040718539273451,207
873,5.08772841865753,5.102381983943763,5.081300584542923,5.109490151639925,5.094721475819094,5.176317399342673,5.13637492695967,5.085491150709445,6.052319008576537,207
874,5.089515514467474,5.102327732343951,5.083227352794252,5.108156265111139,5.0942849030314825,5.177664159082445,5.136298904297328,5.085992271744297,6.048195511717547,207
875,5.090982826921312,5.102191440518917,5.085201239580243,5.106652697568913,5.094458999821006,5.179032296005481,5.1359840131605425,5.0869853127933675,6.048567830017298,207
876,5.092909171574262,5.1020572985083295,5.087006004839937,5.105802207647961,5.0946200243792426,5.180028436553526,5.135372466335289,5.088012737995187,6.04195676039899,207
877,5.094632055649671,5.101798027168766,5.088492906868536,5.1053072245323285,5.094340439863222,5.180478615825127,5.134684076601205,5.088755324044586,6.050882541638282,207
878,5.096646142428889,5.101400109333008,5.089842238530802,5.104927901523226,5.0937182202507625,5.180157739699948,5.134031500030373,5.089666781277634,6.047625583837704,207
879,5.098367318808519,5.100638231962915,5.0911563833662425,5.104034515014194,5.093237232110196,5.1804855566039185,5.133488574895319,5.089869960985501,6.049053508027845,207
880,5.100022986996596,5.1001827914509805,5.0927145414369885,5.103658514928932,5.092968246642414,5.1815766982129645,5.1334791304418745,5.090770007837935,6.056008019745239,207
881,5.101827067110582,5.100197767436285,5.094550950589337,5.103041851377537,5.092897747068275,5.182614757170327,5.1338312740725485,5.091571720648845,6.050444789633083,207
882,5.104223693196687,5.100272331507359,5.096429728230098,5.102309946844232,5.092664491938154,5.183041181665883,5.134229384450132,5.092771611815218,6.045154389266994,207
883,5.106861231384469,5.100792787650949,5.0983427288335665,5.101294914602273,5.092207597902253,5.1827587272171165,5.13404002186934,5.093560717255478,6.040170383817303,207
884,5.1090030095271795,5.101472671050835,5.100301156755723,5.100638425364684,5.091158655433365,5.182370674776744,5.133965683847413,5.0951308199143375,6.04096997111618,207
885,5.110396557034887,5.1021467593973115,5.101790659736238,5.0999051816595475,5.089459409937069,5.18166196479346,5.13401652790561,5.096168462201064,6.040058961982737,207
886,5.112254700112064,5.102767988874231,5.103031039978565,5.0988736266826535,5.087922940981569,5.180453664637803,5.134469369064446,5.09682618972955,6.043526643864983,207
887,5.113000075672028,5.103104824363218,5.104430153256838,5.098494614215478,5.086557941459388,5.179275850341675,5.135202357394387,5.098367036801416,6.04848752851833,207
888,5.113650662413088,5.1034456044319025,5.105597457872101,5.098097408427407,5.085402289920053,5.178002236982186,5.135099932603019,5.099311836504488,6.055595222991819,207
889,5.114140144569318,5.103307851586873,5.1057075295571765,5.097291617499244,5.0848992252025695,5.176199376620158,5.135041044282196,5.100882889193875,6.045259418941982,207
890,5.114613315359371,5.102836718352762,5.105717985336383,5.0966151451409365,5.084474350111277,5.1736970505993565,5.135437421919232,5.102506081038026,6.0446167279637715,207
891,5.114867871891757,5.103099382935745,5.106026798985189,5.0955190745093555,5.083391449899685,5.171131022644309,5.1352262830247355,5.104433161705225,6.0611691781480745,207
892,5.115031557968148,5.103116393373179,5.106583677869892,5.095228477263441,5.082289736011269,5.168451986904206,5.135179057072428,5.10653954749405,6.049682339562372,207
893,5.115112093737564,5.102951503394898,5.1072487475783594,5.094783849985385,5.0815145077052035,5.1657632125903845,5.1352264531503335,5.108829635081408,6.046169357174265,207
894,5.115344493663343,5.10305872594071,5.107454618283499,5.094978095276597,5.080357402963892,5.163167898156438,5.135029709299861,5.110849340141199,6.051922628991282,207
895,5.114712179616006,5.10294024439362,5.107683516025352,5.095658136440001,5.079083943796969,5.159895411754437,5.13492271387177,5.112743275378154,6.050962609358391,207
896,5.113200625683607,5.103010229960004,5.10760346367335,5.096010941394364,5.077122280861063,5.156469087494436,5.134922803311911,5.114637016612025,6.043400356113176,207
897,5.111454473076973,5.103275600580742,5.106640488737325,5.096259741086131,5.075507194136074,5.152735357402143,5.134834295486936,5.116610033284509,6.0487909916104465,207
898,5.109256252469004,5.1036823915342175,5.105604146493642,5.096629728603518,5.0736782931354965,5.149906369484377,5.1346221474089635,5.118172623308718,6.055560522694496,207
899,5.107038797546037,5.104327332777016,5.104276571698456,5.097023214115929,5.072213071095406,5.147318558369869,5.13409076679114,5.119321049557806,6.044662996992937,207
900,5.104636246292017,5.105059996590308,5.104030186982635,5.097155918506488,5.070461989726489,5.144891306400107,5.133060451135088,5.120493296888336,6.04973660196762,207
901,5.102133655065019,5.105577140415942,5.103775166325163,5.0972608678686315,5.069115199702765,5.1428032298299975,5.132050056412405,5.122300041129902,6.038924717661312,207
902,5.1000050530496495,5.106302870432399,5.103804718977429,5.097228119353803,5.067732375943422,5.140411394493221,5.1311818366477215,5.123482313742064,6.04414496488081,207
903,5.0979707136944565,5.107359706999798,5.1034944702246445,5.097389944213262,5.066060986640916,5.1380827740519175,5.130368106688261,5.124970276677621,6.053257386393182,207
904,5.09659885855723,5.109418485667659,5.102491156289107,5.09684012157302,5.064505080730965,5.13584387049218,5.1297815569613,5.125877755188094,6.05159204929782,207
905,5.094463495671203,5.110994062184027,5.101614598917134,5.096612605159628,5.062969828724478,5.132984805961055,5.129247142371427,5.127664072519196,6.048902655214737,207
906,5.092704895753007,5.113119205456075,5.101069262259411,5.097266937021999,5.061574737528839,5.1299899653515055,5.129148641872055,5.12962495401063,6.049192668792031,207
907,5.090437445677464,5.114754458232039,5.100399987648238,5.097771425997926,5.059877109749936,5.1270735191577215,5.1290130341510825,5.131109311840827,6.054826936162835,207
908,5.08868957128565,5.116124382706266,5.09983657058868,5.098707661520975,5.05820832746239,5.124386958035744,5.129074191277892,5.132155758973097,6.044732046655676,207
909,5.087040586427804,5.116987187144106,5.098561710304491,5.099681663214534,5.057216860004075,5.121882295805321,5.128786764657525,5.133595713447678,6.049994652921573,207
910,5.0853096386226335,5.1174684713458,5.097933521072068,5.101471928539419,5.05603537611072,5.119428889973607,5.128194453542369,5.134683364646248,6.048842553791758,207
911,5.083776193779441,5.117652833480085,5.0976373329540685,5.103058409586069,5.0549313146463035,5.116710498601158,5.1280797526202155,5.135817882694461,6.0446256791168995,207
912,5.081642223954214,5.117734635964396,5.097729178201023,5.104226267439401,5.054375653784176,5.11420836839092,5.127477362492668,5.13741924814507,6.049449048590077,207
913,5.079602023118401,5.117605565453428,5.097838617681731,5.105194641528125,5.054108875290428,5.112025835269206,5.127055886696544,5.139520815193985,6.042410614859834,207
914,5.077795516341711,5.11753253308469,5.098378965852198,5.106083187151638,5.054235785065604,5.110690587126882,5.126999724266146,5.141508177340517,6.035255447490492,207
915,5.076034220627433,5.117913616465454,5.098652075903103,5.107298147430611,5.054958715210281,5.108881005675841,5.126675058905584,5.143629786284662,6.045618012026127,207
916,5.074750152193307,5.117776149465042,5.09878044305124,5.108078691652327,5.055448096077769,5.106823110034033,5.126278659201153,5.145490656759337,6.042700605944205,207
917,5.073540547763679,5.117599514713858,5.098351209711433,5.109080990820478,5.056229836964835,5.10475734340703,5.126099827730294,5.1471669583222805,6.044617091510896,207
918,5.0721001987370595,5.117621639328107,5.098179007733231,5.110577448863615,5.057232913304592,5.103039048504204,5.125912043307945,5.148852286439313,6.044790666769744,207
919,5.070322302252109,5.1171078617826415,5.097722945238554,5.112476703776718,5.058239577202293,5.1011797354262285,5.125870598092943,5.150033977329278,6.043356993515028,207
920,5.068643298935589,5.116303863043102,5.097186663171276,5.114434868352031,5.059678708153393,5.099529184943494,5.125655013802961,5.151028454264445,6.046809293479432,207
921,5.067125521573578,5.115771991964604,5.096306576931448,5.116535296712616,5.0609236499517545,5.0982313300975015,5.125699904529105,5.152135269470877,6.049733561646641,207
922,5.065232954007601,5.1154485586540215,5.095656984043119,5.118946657970744,5.06278336143979,5.097009927230956,5.125386675618644,5.153554208253766,6.05594019986601,207
923,5.063494848641414,5.115707454047257,5.09464681521614,5.120718668780494,5.064636490448178,5.095843649440024,5.124781609971401,5.154720022005316,6.052567886270723,207
924,5.0618768451734635,5.116304299105298,5.093413629136132,5.122271234896424,5.066476815019893,5.095083464875721,5.124469694086827,5.1560885246247805,6.0473663539780285,207
925,5.060029932658884,5.116710273072632,5.093097408704667,5.12433036845291,5.068051552976273,5.094576137602111,5.124562859286004,5.157436838065645,6.042483835745492,207
926,5.0578279901622505,5.116505410179176,5.093035260938108,5.126504020731799,5.069449122686561,5.094185066284046,5.124027568091215,5.15867615165359,6.044651420661385,207
927,5.055681033852717,5.115702742234147,5.093466710097422,5.129028852949977,5.070848515843182,5.093767823110191,5.124124742011849,5.159907544818692,6.049566346441865,207
928,5.054169390240581,5.1147495394247535,5.0937320435097995,5.131289190826285,5.072056376583762,5.093596082542575,5.124219370584568,5.1606457151779095,6.043394093716667,207
929,5.052624329725923,5.113251053243873,5.093628737150377,5.133711326446582,5.073204785627415,5.093169981831474,5.124660389645161,5.160989723060601,6.047918665376084,207
930,5.0514416531982,5.110923401838081,5.093545447564256,5.135921364803776,5.074210016589805,5.0925986158834,5.124696646143646,5.16082311834675,6.0429374893842915,207
931,5.050709852077174,5.108350620661358,5.093667673180731,5.1378377064520695,5.075648317197633,5.092471706262836,5.12452022075292,5.160419938896624,6.051495526061903,207
932,5.050066515359835,5.105474656252136,5.093645001351667,5.139443943242517,5.077367892610637,5.091959970742137,5.124249404707978,5.160632893014327,6.0494230352432234,207
933,5.04906904802931,5.102647993307768,5.094529461757486,5.141175383788805,5.07859198288841,5.0913379408356265,5.123829519395588,5.160928616328171,6.0538763991003925,207
934,5.048283527077853,5.099503723878342,5.096168145097233,5.14235163491629,5.079841721666483,5.091104527388966,5.123657500630248,5.161329102398672,6.045364361825911,207
935,5.0477050081127075,5.097008380338506,5.0978850873623385,5.143561749364389,5.081668142010642,5.090885258377874,5.123636202060911,5.161626909445218,6.048034759865323,207
936,5.047808504795439,5.09417279988236,5.098730642542314,5.144588136944307,5.083671962812245,5.090302370919132,5.123932051908473,5.161425066585092,6.0520339124216616,207
937,5.048725805698967,5.091651436116834,5.099363953228614,5.145937636691167,5.085399663396617,5.089560337584664,5.123967253367927,5.161177085399963,6.044864704426638,207
938,5.049472584719384,5.089345779336897,5.099027810337991,5.147109968685549,5.087121720167022,5.088991874821907,5.1242149416597504,5.160954156066246,6.04531994765434,207
939,5.050462841042526,5.086710223567136,5.098320724211346,5.148365998607427,5.0887277340384625,5.088275843931814,5.124266114653128,5.1599607246352015,6.046489643771761,207
940,5.051365190446644,5.083341461609839,5.098042128130073,5.150092441089851,5.090090386784015,5.087232658571402,5.12384215839321,5.158735483536667,6.0459470097641255,207
941,5.05241052496552,5.07994640696897,5.097640260556372,5.151160727014299,5.091568647734623,5.086853229747165,5.123488850361788,5.156752350445856,6.047389017010038,207
942,5.0533151028819745,5.075896663236107,5.09721803824467,5.151772375272417,5.093565763851271,5.087315619802508,5.122784141229007,5.1549309378740045,6.041559788607265,207
943,5.05493684631034,5.072278437352424,5.0966975033322655,5.152677256566765,5.09508197434675,5.087461236519313,5.122137765534197,5.153149897337205,6.048744557786166,207
944,5.05654948029869,5.068958749777206,5.096199980971737,5.15317806566798,5.096273691280013,5.087225246983007,5.121507218811264,5.151899171699074,6.046871075186182,207
945,5.058021924655431,5.065881727319658,5.096288592666024,5.153770060746715,5.097248078229069,5.087671750900874,5.120739862634524,5.150320396055382,6.05094882562229,207
946,5.059645866845301,5.063312180362027,5.095903984012178,5.1538301120159,5.098258522302971,5.088193932288276,5.119838012248511,5.148944845940254,6.044543399235788,207
947,5.061323176996366,5.0609792189660325,5.095324670078486,5.154351102012513,5.09907267884924,5.088523335155005,5.119032822464282,5.147582882582195,6.049191177323687,207
948,5.062790381896351,5.058726358988071,5.094589428993048,5.1549753957498075,5.099733704778564,5.089397856705737,5.11872661700092,5.145850398089793,6.058444496062806,207
949,5.064095045016392,5.05652735176533,5.09381779566748,5.155517266662865,5.1003414812832775,5.090570081593249,5.118709980089987,5.143841410754901,6.048936277759797,207
950,5.065316159637607,5.0546277186580735,5.0928465144419555,5.155601101657944,5.101077203455638,5.091354989584497,5.118152949986833,5.1416162032369295,6.03732296357268,207
951,5.066590862611344,5.053070745046103,5.092104365796762,5.155724367911617,5.101510115053252,5.092132683669188,5.117997978981363,5.139724357037808,6.04613728506755,207
952,5.067898332315903,5.0517937063988585,5.091320246590823,5.155954411024013,5.102150410886262,5.0932662331455765,5.1173238879320735,5.137588757329153,6.052724320422136,207
953,5.06898696385293,5.050844817390406,5.0906647716900375,5.155222220098714,5.1025790354859755,5.094229532884679,5.116505891920703,5.135367659541001,6.048239332077779,207
954,5.070170948449075,5.049551471064323,5.089703719465743,5.15390043600567,5.102829677533224,5.095175588519595,5.115115257228473,5.132973004907061,6.035278503964261,207
955,5.0712001691128,5.048445897506983,5.088661557307804,5.152221161376605,5.103248986502797,5.096454916952879,5.11387044197112,5.131215576713265,6.043232262225967,207
956,5.071814486613607,5.04770244360807,5.087974803043508,5.1507657954276524,5.103356638991141,5.097122287291629,5.112430026340489,5.129049297272319,6.04718654744982,207
957,5.072076972691846,5.047503552747818,5.087910090010286,5.149088976629199,5.1033128496244355,5.097095089565969,5.110435601830052,5.127193483979335,6.053232814475308,207
958,5.072164438829775,5.047650821282893,5.087481490117918,5.14675479010693,5.103277347301681,5.096600304837409,5.108895805386061,5.124817947746174,6.051846191883036,207
959,5.072209333951744,5.04773492553746,5.087336504634982,5.1446868524610565,5.103411275591141,5.095813195931873,5.107559655421037,5.1226377032115575,6.0442032194449995,207
960,5.0716343196503555,5.04784232148624,5.087030626591824,5.1433596764360665,5.103177953537443,5.09458931401337,5.106172892681641,5.120120203333908,6.050368491566569,207
961,5.0710757240918625,5.0486315961199395,5.086470523321191,5.141588885961715,5.102830907408127,5.093461418770467,5.104482601093557,5.1173701137507,6.053132984924783,207
962,5.070365092975273,5.049930929805647,5.085971567764773,5.139479693101043,5.1027058311764195,5.092533972274177,5.102927429780472,5.114917751731097,6.047224369827646,207
963,5.070086252507277,5.051205650236422,5.084449978686074,5.136984774408443,5.102751920329382,5.092108223335983,5.100774739804294,5.112758763889886,6.048831184302044,207
964,5.0696255558884,5.052601141683442,5.082751982891537,5.134696301997707,5.10288816877412,5.0914839569642965,5.098715646887568,5.11099359939746,6.045238922954521,207
965,5.0692283764898365,5.054414102014824,5.081254875854326,5.132283024557138,5.102887485439153,5.0908907064060935,5.09654260147974,5.110124174198565,6.043803262700821,207
966,5.06870745894797,5.056779026326337,5.079837484472634,5.1293525487745075,5.103166653216277,5.090233270177026,5.0945879764698345,5.11019524546815,6.063975027802966,207
967,5.068119139945566,5.059421555934101,5.078358311577217,5.1264926335499865,5.103362810838373,5.089675924033289,5.092662222809741,5.11021757979962,6.049500716636463,207
968,5.06770789269108,5.062314821469826,5.077024826547447,5.123967925388616,5.103509202428622,5.089398301855984,5.0908809913520345,5.1096747729115215,6.055703300826624,207
969,5.068198458005634,5.065133825751918,5.07503455140636,5.121701974259604,5.104138498958314,5.08968444632729,5.0893458936765725,5.109045469366437,6.0516359421655785,207
970,5.068651832038732,5.067543099059183,5.072733827704175,5.1193989300549205,5.104872240479638,5.089690564865396,5.0879813201353645,5.10836959531945,6.0474455145949575,207
971,5.0694299225562744,5.069326194169637,5.070500694664654,5.1170792792038515,5.105107558471907,5.0899864115983675,5.086858359559395,5.107715546983577,6.052835508851139,207
972,5.0699663181541315,5.071409081614533,5.068737651748238,5.114946972509601,5.1048823405643216,5.09051578699221,5.085987255648398,5.107203412542348,6.0434486721850575,207
973,5.070703270127754,5.073504661996257,5.066812840487418,5.112866473094325,5.104704889320676,5.091013134051128,5.085166363532624,5.106791475840685,6.0506415188217995,207
974,5.072070211301468,5.074957746426212,5.065361643607165,5.110605563516934,5.104891673679836,5.091664675095868,5.084385629438879,5.10677442219098,6.056525012331756,207
975,5.072829665950424,5.076609244606205,5.063997827880849,5.108584894100581,5.1053753150888515,5.092311371386041,5.083554079129693,5.107141966285084,6.043090270367359,207
976,5.073333313055265,5.078564188100145,5.062548730065359,5.106598430337117,5.1062010000703495,5.093353529790713,5.083061203392582,5.107744821126708,6.046038131492286,207
977,5.073488306831143,5.080638564644872,5.06092525502822,5.104713765190508,5.1067843046779435,5.09461766935593,5.082967558391915,5.108886182129118,6.046755560407826,207
978,5.073790405430691,5.082701817681596,5.059301971972669,5.102581064208211,5.107144143505356,5.095464537027452,5.082998795322377,5.1098871010651505,6.055080213969528,207
979,5.073404298010788,5.0846518852159655,5.057790284152377,5.100300191525331,5.107866840933841,5.096272780442794,5.082537607707694,5.111038395528196,6.037661152560851,207
980,5.07285483881752,5.086764349154619,5.0562767450345145,5.098119806963268,5.109390014343969,5.097229325903021,5.082010462348048,5.112102632241532,6.054552214553725,207
981,5.072230474446879,5.089133552854507,5.054271263034185,5.095867439741612,5.110872506715712,5.097893124728646,5.081219372386465,5.113233279024378,6.047768383760697,207
982,5.071223907094197,5.090923207426305,5.052333169543382,5.093912904784212,5.112288640809474,5.098403236672023,5.0801634600522565,5.114458172179971,6.044112277447144,207
983,4.929700728668934,4.9510528800499625,4.9107961224976355,4.95077483011827,4.970948936690861,4.956782588256834,4.938522672903908,4.972852964768846,6.037415743390376,207
984,4.788529187191224,4.811048099105854,4.769203880110687,4.80787048645862,4.829312844424735,4.814847627346965,4.79686446319816,4.83107310901301,6.049044604650561,207
985,4.647299378645143,4.671087572023916,4.6278025130817415,4.665242455488945,4.687705619116732,4.672662607218568,4.654821144119812,4.689112113333195,6.038664858798153,207
986,4.505802813060728,4.5309101985088285,4.486339631641881,4.522844306486347,4.5458931120220685,4.530302224731168,4.512922448054825,4.547411601910754,6.0393135907897015,207
987,4.364471115710055,4.390257581534094,4.344814939061618,4.38055223042591,4.403941346631241,4.388031368281048,4.370889718462774,4.405404466019535,6.0500730340571724,207
988,4.222921256011406,4.249625721134413,4.20361803098363,4.2381775988452475,4.262121589124657,4.245283702201055,4.2291251168033135,4.263566024342672,6.050966635267724,207
989,4.081430850505264,4.108743288166643,4.062323535985767,4.096648668506668,4.119999617338497,4.102725275369679,4.087169715993244,4.1218856291702615,6.046251572248175,207
990,3.939882470710743,3.967954477330564,3.9210505858090805,3.9552837578978908,3.9776815573137547,3.9601718522384064,3.945684093363796,3.9801693115804575,6.0577569727459,207
991,3.7983890191970398,3.8273038186423793,3.7799370789907694,3.813896461579678,3.835377874144861,3.8176418063265722,3.8041853110903476,3.838277100309984,6.053421777205947,207
992,3.657136322579267,3.6866033908800198,3.6384595657687253,3.672371419782907,3.6932513069462516,3.675529826273868,3.6631226300921558,3.6964840245745507,6.0567562293596335,207
993,3.5161231394923274,3.5453299755584933,3.496828066954504,3.5309597035910594,3.551763120542979,3.5337167534293945,3.5223575183874622,3.5547891351413976,6.04770063903025,207
994,3.3753136878127084,3.403755532084269,3.355558106119915,3.3901021513457517,3.4100286995329934,3.3926531742141726,3.381386525231922,3.4134890950535777,6.056399402317122,207
995,3.234776001476327,3.262068836228724,3.2143287565802714,3.24915333955334,3.2682069738056683,3.251815337077619,3.2404352719820464,3.272014556168844,6.04351117000665,207
996,3.0947463241832684,3.1200688162067474,3.073509476480119,3.1077043102415747,3.1265726225649226,3.1113237937599214,3.0995746435467133,3.130664607614677,6.045783110414557,207
997,2.954829203964224,2.977741411748433,2.932640856227641,2.96651630576721,2.9850395232363027,2.9705495119058316,2.9585948287129504,2.9893930273905904,6.043336836665014,207
998,2.8151032393667084,2.8354657464900948,2.791591837614008,2.825554566431993,2.843295905838471,2.829788275882275,2.817536002134894,2.847860232384365,6.043421189186001,207
999,2.675028630999095,2.693481704974351,2.651028348412057,2.684808607285027,2.701748475897874,2.6887320056092427,2.6766574201876,2.705986395494827,6.048485296982291,207
