{
  "label":{
    "0":"E",
    "1":"EIX"
  },
  "acc":{
    "0":0.5764,
    "1":0.5764
  },
  "auc":{
    "0":0.6175588652,
    "1":0.6175588652
  },
  "cm":{
    "0":{
      "tp":776,
      "fp":495,
      "tn":665,
      "fn":564
    },
    "1":{
      "tp":776,
      "fp":495,
      "tn":665,
      "fn":564
    }
  }
}