acc_delta,auc_delta,r2_delta
0.059599999999999986,0.056354660370314225,0.33933742031810143
