{
  "label":{
    "0":"E",
    "1":"EIX"
  },
  "acc":{
    "0":0.5432,
    "1":0.6028
  },
  "auc":{
    "0":0.5934449924,
    "1":0.6497996528
  },
  "cm":{
    "0":{
      "tp":636,
      "fp":559,
      "tn":722,
      "fn":583
    },
    "1":{
      "tp":699,
      "fp":473,
      "tn":808,
      "fn":520
    }
  }
}