time_step,region_1_entropy,region_2_entropy,region_3_entropy,region_4_entropy,region_5_entropy,region_6_entropy,region_7_entropy,region_8_entropy,global_entropy,lock_epoch
0,2.5719811777897634,2.5085537946805863,2.5301475077939655,2.5495310793081005,2.5451620679231706,2.5331855984887692,2.565659931072953,2.553705993952113,5.601600886390823,-1
1,3.2143350018703556,3.1232680200773015,3.167694571264121,3.181008110987439,3.1855859503923285,3.1685637221275424,3.201267328110647,3.1800005649040126,5.6000198581775456,-1
2,3.8546669948800405,3.739214490010176,3.8037426667835454,3.8180247719167575,3.821934393692989,3.8038291509978897,3.8397606169568723,3.8043706180513635,5.605621551193279,-1
3,4.49766760160378,4.363824150611231,4.44461474605008,4.447513904610934,4.454355570595209,4.444713019943425,4.477173367353269,4.4301346212437505,5.607884645780102,-1
4,5.142455131642428,4.99204573997145,5.093140439852818,5.073686080550794,5.085783875463948,5.0880962537596774,5.125288912734587,5.050393946406778,5.609039336779499,-1
5,5.154390912186919,4.9856247822635735,5.110867682108758,5.058780989573201,5.0855619634980584,5.100688745904948,5.132631512485504,5.030120850498452,5.608881051017463,-1
6,5.165769799908548,4.988579978352533,5.133618182607529,5.050911835973368,5.08245640578384,5.12232120451183,5.139979693520469,5.008920829897747,5.610843046511774,-1
7,5.1764634253263715,4.990847922719567,5.152585102384217,5.043767470400929,5.066685693807002,5.146761414998141,5.150818443997283,5.003854389604297,5.620546601449214,-1
8,5.187510272102234,5.0020232919488885,5.166800460049467,5.046562008696674,5.052825883746085,5.173131238031833,5.162668165075338,4.991074781838685,5.627195827750716,-1
9,5.187354929839394,5.026646588346049,5.173376310952156,5.051942981966196,5.0322708881652005,5.192711954386898,5.1856210115777,4.985271227460663,5.622635947539582,-1
10,5.187232544193694,5.044290309054013,5.1876586236390665,5.051135286741379,5.018216018147779,5.210363957726087,5.205552549509462,4.97618580819937,5.628173061910375,-1
11,5.184866001741122,5.062095574896176,5.195771722889713,5.0581611967841695,5.013226884160642,5.223678558154416,5.2210038075180965,4.971140541847927,5.633777547731626,-1
12,5.1811939296250475,5.078676054970703,5.190653278379239,5.070826026294892,5.015062181887,5.231744995832274,5.2165831156071185,4.974886562429093,5.632726921794343,-1
13,5.16988529012814,5.096328282491307,5.1796389034724095,5.084944733204061,5.020158106075843,5.238468392406245,5.209875930521027,4.978254572627444,5.633724375804645,-1
14,5.149457719093548,5.107778664407885,5.160001622470765,5.104764486575527,5.023736965054417,5.256039729740921,5.195788162253508,4.981859521756283,5.63709012905827,-1
15,5.120826532825772,5.1268131695884325,5.141054361108314,5.120887025548966,5.0360254546260945,5.256084198665847,5.189758171472717,4.9870920988980725,5.643497873302135,-1
16,5.101900533015541,5.137396532149437,5.119808776032242,5.12585268355408,5.053227984783521,5.262394795131302,5.189366667464309,4.993313200712107,5.646158454114772,-1
17,5.09830428760203,5.1360276086416174,5.106358322726525,5.13890087054946,5.079261239854589,5.270727039944411,5.170401904193119,5.001748725489645,5.639173523771005,-1
18,5.094890920473461,5.135331105506155,5.0903564982162575,5.153537830876514,5.1040170998730146,5.275400920696187,5.149310573802288,5.016537760146033,5.636940720172131,-1
19,5.08856637551831,5.13146091588047,5.081933195010212,5.153728624185917,5.125778887881851,5.2802005733926505,5.132714643880308,5.030536899701212,5.655455163538372,-1
20,5.078647849239425,5.130909250032784,5.072390070101073,5.153986506673225,5.135523527976254,5.28853954368731,5.128564546764697,5.043111299691037,5.664018553459993,-1
21,5.065540620782924,5.133813549101141,5.062031633089475,5.155569540808478,5.144840174920932,5.292573630390656,5.1255494088498095,5.052147932873765,5.6534822526043325,-1
22,5.053577730606211,5.138299821248924,5.0506685557317565,5.144423554149915,5.150847555991321,5.287892018164987,5.127186641655893,5.057204466556822,5.647657616164127,-1
23,5.050915439752448,5.138268379054862,5.035621314180804,5.143426701102596,5.151705989717355,5.2974694485864635,5.115117589531023,5.062825055161288,5.665002060693624,-1
24,5.03780234287208,5.144196077685476,5.024576043435526,5.140656386120414,5.14832931443118,5.297349030904934,5.10549340574056,5.068668003882709,5.655021082805833,-1
25,5.025644649768257,5.1516083498617915,5.012510984101352,5.129551760447221,5.139593562415186,5.295549932821068,5.103662838197685,5.072410804284771,5.662791866454466,-1
26,5.020307401520657,5.165726448405109,4.996010888759544,5.115006965566849,5.121808655832946,5.305509693843862,5.108734277756878,5.074655782823668,5.659269566823404,-1
27,5.018202171997614,5.185590900065946,4.9810560473655325,5.11948591441889,5.096439483913092,5.308778837670767,5.122517315270453,5.072611395991347,5.670887698999643,-1
28,5.023968478319281,5.1918394449491725,4.967279396983191,5.126479903117575,5.07624882724108,5.308286667416765,5.1338750120660865,5.069783452390743,5.672352232584676,-1
29,5.02757130873615,5.2013477820820695,4.957203916857982,5.1385544869428825,5.058579707443885,5.306187999270681,5.146529506403397,5.069187351457184,5.662935711968188,-1
30,5.03428697699785,5.218937639812447,4.961892438435402,5.150426303389601,5.050819062373845,5.30043558262032,5.171411114378024,5.074518774673777,5.67082106436914,-1
31,5.0460874842468835,5.234342631085908,4.974251693656905,5.154380036427755,5.036484758186571,5.289322724945544,5.205131828209593,5.075475420034249,5.683534575387597,-1
32,5.063805874164598,5.244571770537369,4.987153817638187,5.1514685153795154,5.028051372431172,5.279799773242425,5.23041820026189,5.079521210307817,5.6773004949036725,-1
33,5.076358562827366,5.25320801875057,4.998389105543908,5.143959095790493,5.023327959071343,5.271528209703255,5.2525897524458784,5.080397894460151,5.6820917974297895,-1
34,5.0886514498089825,5.262778540220727,5.008099039357022,5.146306004126981,5.019095001430328,5.256552925417191,5.266126627640574,5.079472565944186,5.685469606446326,-1
35,5.089254631819543,5.255967104073793,5.00678906980628,5.142493298962148,5.023439708647162,5.248211818749256,5.270322212510825,5.077123147248726,5.686062969568343,-1
36,5.081205105539258,5.253116008509801,5.005618645940357,5.130061261959045,5.026090478921972,5.248125021546088,5.271998949710643,5.071339409724936,5.688383063740629,-1
37,5.076990599436046,5.246294853773618,5.009669110052158,5.1036551839333555,5.020202013820268,5.2485988743351255,5.270562589640528,5.0659583793889835,5.694221506869844,-1
38,5.068662429065287,5.237271235801175,5.009052863154965,5.080704885005792,5.024741091490767,5.258428441697451,5.25816743196683,5.047272702036658,5.696018549248051,-1
39,5.050007139526755,5.225645590451755,5.004930721423513,5.0582909831849685,5.022269097717985,5.266644583726173,5.242867708376573,5.026209229656685,5.691154106785627,-1
40,5.01809619417498,5.215357120642492,5.007596316182224,5.04555814757173,5.020362099109573,5.274342027706382,5.231683436785189,5.002908059749474,5.698462089432733,-1
41,4.97808408607165,5.203326056641415,5.01160759581174,5.036888149299739,5.017958329327983,5.272892810375064,5.224556725664934,4.981823338103023,5.700067908966442,-1
42,4.9292440453500115,5.191021120523451,5.020207129836288,5.031655386232309,5.021090157079719,5.273897916146939,5.227822481996854,4.970069767931532,5.7005028512157265,-1
43,4.900477180916394,5.189828423085618,5.031157604544188,5.028158006348557,5.02598704516007,5.279274850545338,5.232723605285056,4.9560460961054655,5.7014974003031345,-1
44,4.866647342564835,5.187095742296391,5.051747432684104,5.0275850822261585,5.029225751996196,5.279711666681478,5.238313626082363,4.942562731853486,5.711079173776958,-1
45,4.839587260082029,5.182271077071587,5.063871109138796,5.033689542559564,5.033321071175833,5.283084269724355,5.2379717178718455,4.931300816283244,5.706003080873623,-1
46,4.809520885961396,5.162347087641301,5.072261957709759,5.036749710365856,5.026320149796566,5.279663944891212,5.240931782527893,4.929375644734104,5.705922883231553,-1
47,4.7910634147723385,5.144899716217017,5.082099438112946,5.044474909543876,5.029847918086468,5.280190700970521,5.233441657465317,4.925976387745884,5.71939665289724,-1
48,4.7838515845258085,5.12347095968223,5.092940824395244,5.04034988589746,5.02261600115987,5.291355847162253,5.216518775735871,4.92691185357261,5.7088385287155825,-1
49,4.787813443602906,5.115197189948996,5.108064493102635,5.035562734265891,5.007510959636734,5.312635676558164,5.20051279742195,4.928303502356697,5.7110193526085045,-1
50,4.789714125638346,5.100147181554737,5.121315136201205,5.016184567503969,4.996280025378468,5.331586170381601,5.180302149787336,4.926131740104399,5.712645259994962,-1
51,4.779657532479899,5.078296354727767,5.12955833641971,4.991837475132112,4.9720918833948495,5.347853476360629,5.162442226997013,4.930944861382554,5.710123020627196,-1
52,4.787814439870374,5.062335221441779,5.132496842630482,4.969105903401033,4.953961988182639,5.365960041698894,5.152983636901974,4.944879608789558,5.7290777292050725,-1
53,4.796354449013032,5.0523592134499715,5.144403038569505,4.946774922801619,4.939582946755227,5.376111684551029,5.143983662901312,4.9490607567701215,5.717288190131106,-1
54,4.815643509486083,5.057391377725892,5.161615069980543,4.924168986708705,4.927590109460616,5.386785247824071,5.13097100681211,4.959733595423832,5.738634404352006,-1
55,4.829775688992236,5.075388651141846,5.171640723490792,4.900921687161676,4.919182944197312,5.394674594877762,5.122537175290568,4.970572729204132,5.722646050066074,-1
56,4.8356282448787455,5.103186729350423,5.1703779979297755,4.881048414933224,4.909358984619676,5.39065544023216,5.124966908480416,4.989242025681078,5.733222019993068,-1
57,4.84665437900338,5.118497168843339,5.166658913867721,4.8587055754422686,4.90655460398889,5.379608645890522,5.121050651047409,5.009830101794572,5.730852681074075,-1
58,4.858567147906724,5.1369478239131,5.160440140613261,4.849304053093976,4.904181338774695,5.3726547532257705,5.10776404695774,5.030399106050842,5.731482480914727,-1
59,4.87562729040446,5.152496333478117,5.160668468560491,4.845329047420396,4.914617373011547,5.359035462779833,5.095637079792808,5.049511146203357,5.736226940937033,-1
60,4.8769271394019,5.170870124981924,5.158868751759882,4.836390262213913,4.926052577339519,5.3425342236487285,5.083712198282025,5.062041220298007,5.7315697893361675,-1
61,4.873131499544917,5.18505689605814,5.155222389963606,4.826480217952169,4.931027042639004,5.327614901245761,5.084041953335136,5.085298402920425,5.734052348412471,-1
62,4.8595731741457175,5.187515718885446,5.152965102526609,4.822294387784604,4.927606661740137,5.306049805734276,5.084388509527779,5.115719760689014,5.739429547895927,-1
63,4.843845780827992,5.174427671047178,5.146410230984502,4.817061262724323,4.919098936341666,5.285354053037855,5.091542593794275,5.147907628946608,5.735932451512298,-1
64,4.828269654689373,5.145819875562983,5.1498444045929475,4.812406582094271,4.918501558442271,5.269528546450567,5.093473444276777,5.168500604940015,5.7471160862513235,-1
65,4.805592144860939,5.1204110946443695,5.147767729363,4.808520267794447,4.913771577224816,5.262417320529305,5.099607072570626,5.177149107838438,5.7504302540960825,-1
66,4.798774747294262,5.096272393514147,5.145051375536724,4.805336069690989,4.911083470335253,5.251206852213562,5.121676647890032,5.188798100210972,5.749510082936874,-1
67,4.789057232309694,5.071277865602166,5.142941116278817,4.801630589076484,4.897211166612933,5.246613057054886,5.138413293653471,5.196778152566189,5.746285350339319,-1
68,4.777936387835349,5.052949791462301,5.142445038031974,4.801345825120231,4.886205696530361,5.244163859579111,5.148862698854538,5.202592893931885,5.752543077514399,-1
69,4.769956647577889,5.02317597009375,5.138631375054555,4.80155958815348,4.884659289124733,5.243885106521016,5.151330076334129,5.203990215438192,5.745762421098056,-1
70,4.771925865972116,4.998902143555414,5.134140140704642,4.805972486828408,4.881254684579707,5.252957537643615,5.151690552067423,5.190781164318353,5.744325581056102,-1
71,4.7854005620627715,4.983920571741659,5.141152124615681,4.807138892938546,4.895788808509478,5.263118191247659,5.154182730778357,5.175255083264371,5.761047474450618,-1
72,4.80897269781224,4.987626383851475,5.140347818608301,4.8101445514465775,4.906521402902148,5.260167453724098,5.153846371318924,5.1622964191027965,5.7559568828473,-1
73,4.831610044840474,4.991268733743951,5.150647230850958,4.819322197066888,4.92069752505078,5.254426348157599,5.154081691282994,5.166260723000185,5.76071682108269,-1
74,4.842591717833324,4.992645411683576,5.166004552352103,4.815327567373294,4.931779410270352,5.255651106525699,5.14140267102471,5.167699742530905,5.763079657388918,-1
75,4.858473855757803,5.001934012153903,5.184996491546588,4.821540765300154,4.949908186457424,5.2560681545093235,5.131930772412168,5.1657045968027875,5.752428974363271,-1
76,4.877844540421588,5.0021147814600875,5.2058446962501295,4.833466751611143,4.966123791547963,5.2552465393401695,5.123912418367551,5.164723900756283,5.773107826199554,-1
77,4.899766572454664,5.011821017454525,5.2321367019725535,4.843027141693369,4.971196134999393,5.267845379547095,5.122048046275993,5.167292133565628,5.771745068191867,-1
78,4.91838992158366,5.019815544381703,5.258199317203099,4.848495383375178,4.98729020964402,5.273888613382255,5.120330908228782,5.175325130165143,5.77441826332557,-1
79,4.924875975550798,5.013848755819028,5.278657677416438,4.855728254492683,4.993470046619663,5.286293909283514,5.118102414747474,5.184976713684713,5.775996821073622,-1
80,4.9320338268058945,4.998681561704579,5.301291591024199,4.873343904480145,4.99902564881555,5.305831892978303,5.112008939648971,5.200693843811759,5.772368698520089,-1
81,4.934290617086444,4.989715841140701,5.310845564238585,4.90079492455364,5.002330120831768,5.324596254306223,5.113951852245225,5.212986056866838,5.770075268631837,-1
82,4.936762396476692,4.9856125400892894,5.3203794647869,4.931888109977237,4.9998538987759,5.331779668954755,5.121309175309604,5.21281032350001,5.7750014936159255,-1
83,4.9294482882809625,4.975008524187094,5.319350908860356,4.953668152891122,4.9876346419306925,5.341136679466529,5.11827418142107,5.2220003800360075,5.777736762992031,-1
84,4.930162923572217,4.967863411026487,5.3204274758392245,4.969629355019446,4.968487631672539,5.342591124064528,5.107187126808497,5.228559805200796,5.78262146317208,-1
85,4.928855969249611,4.962197266108835,5.327540558599482,4.984888709021554,4.950891024104499,5.334331804301728,5.089609640418666,5.228148712419094,5.783200840285035,-1
86,4.928236154012329,4.955755789489136,5.324324917531954,5.002527815858451,4.939618773037171,5.324167493056003,5.079302796741436,5.222223566748109,5.777108428905304,-1
87,4.930117312643474,4.9644897432529795,5.328156144270274,5.021535108933439,4.9174457628508375,5.3080322304492835,5.064192466752254,5.207878095746131,5.7749538313211914,-1
88,4.931610373193762,4.964448286448221,5.33071979313545,5.032087876246604,4.895594730189385,5.300397588532375,5.060654695969382,5.185330155511533,5.7880645400967765,-1
89,4.939600578622956,4.971044714586398,5.325510654404695,5.033424863533544,4.876422989148337,5.303617698679028,5.050061957543396,5.163489408772735,5.786121954291781,-1
90,4.948491742873664,4.987963210829078,5.31068098177008,5.02802941713474,4.865873573295826,5.308843931460807,5.038954694362861,5.15016384256664,5.8001580675100755,-1
91,4.969220338792028,5.0056273818742465,5.2957085070301035,5.025694585640311,4.865287924361283,5.310106465383072,5.042854637836462,5.132593961002501,5.793640877788961,-1
92,4.980906803348471,5.021711685883173,5.282492576003462,5.025055480970208,4.872188502657829,5.322636689145937,5.05250039560703,5.1230488901874995,5.793265268040232,-1
93,4.992302122127946,5.040411195727745,5.2538195757515265,5.02736476624245,4.881907770259049,5.334568779497246,5.071766966082577,5.126769056774368,5.798458040674141,-1
94,4.99798429542772,5.0608720310784445,5.2375654755571865,5.0282210228665525,4.882389687279661,5.350870406630073,5.091441197950632,5.132950034717563,5.78471849834385,-1
95,5.00538798099398,5.074915673401307,5.220657074433793,5.028485808755786,4.881730987786293,5.364482535535925,5.115544460044997,5.153681136567809,5.796209383551192,-1
96,5.003474720652731,5.099217574475361,5.20210843628882,5.0354600971719305,4.89460771557708,5.374920799094321,5.1405632886612,5.181961416467912,5.793179787447475,-1
97,5.00164644397518,5.115420556861917,5.19780567844524,5.046537584717537,4.913295208800969,5.379913224139757,5.15943081603555,5.199208141982084,5.801260184389158,-1
98,5.001754268498782,5.109793922629692,5.196241912266751,5.059508509220201,4.927855740839491,5.3950804473061,5.174707718212794,5.221096623445041,5.798764296772825,-1
99,4.9999146594635215,5.113437101725536,5.199241037420301,5.068524385043946,4.945306988614693,5.4020733158067555,5.183231229240749,5.24425769647539,5.805281974171867,-1
100,5.00046614462313,5.106857975353377,5.197458258812885,5.068055825868975,4.948523507614152,5.406853526404435,5.19435640891147,5.264761108518771,5.809857946373979,-1
101,5.005603805199334,5.091307950519843,5.203394822484457,5.062804398694016,4.959172817432557,5.412882427214189,5.197640922637632,5.277493472732581,5.800258131352704,-1
102,5.016481581407996,5.077432065130903,5.202085783696326,5.053653498280257,4.966074444306577,5.418429787432396,5.206867721192393,5.285306194882129,5.8045455513944155,-1
103,5.024279369987135,5.065285105885517,5.197832218310315,5.051477831103718,4.977688521673524,5.424448096091848,5.212546129464487,5.286953623469708,5.805883457372737,-1
104,5.033368105651347,5.055454349254641,5.187521866053111,5.0390057888216635,4.987828790506975,5.42750368634443,5.212402166173147,5.277276428668516,5.803424552640943,-1
105,5.0379170318943975,5.0420158262958665,5.17316607976442,5.020978719138736,4.993082883863454,5.433140445079734,5.213791436710003,5.26645836465539,5.81772308153025,-1
106,5.039617373261612,5.037556679862772,5.163844044194224,5.015286823453732,4.999646346128767,5.432752883019494,5.217364680289731,5.249243467690356,5.810449713637512,-1
107,5.0411636695222075,5.022427066284548,5.159916252739115,5.010526134270691,5.003104420530667,5.433861833957437,5.221286568025443,5.227285781705005,5.816269789986025,-1
108,5.044750197726607,5.015351489473833,5.154838490094551,5.0074065894690865,5.009239377823087,5.42752028152306,5.217676796727867,5.205991428114975,5.81038670269664,-1
109,5.042263329633819,5.013759714495925,5.140312982958731,5.01457107852292,5.019087055846298,5.4128294350098844,5.210973624594064,5.183933440321671,5.825498659664244,-1
110,5.038232237665135,5.009158112827372,5.128626170669384,5.020646182291886,5.030943685759622,5.404886873137733,5.189878154094628,5.166118935025066,5.820645871883775,-1
111,5.027741916681577,4.997517592707061,5.120233512142367,5.02150503044368,5.040914044903834,5.3953187663798445,5.175422364339071,5.137582960443728,5.8233500085779974,-1
112,5.025755694470281,4.988035153726228,5.109830511761896,5.030012445044427,5.042542450719603,5.380005951954061,5.157291349025737,5.1200737116970885,5.807274624165688,-1
113,5.024662060754203,4.980784177570039,5.099329733222065,5.041048050811195,5.03376308386754,5.347533924152664,5.145940014330954,5.110396728609318,5.822039082901878,-1
114,5.035882583725369,4.9697690690787955,5.089336798290515,5.047181296373808,5.023365654861363,5.3085596034361755,5.134452890001956,5.101960454226249,5.825491196719395,-1
115,5.05466578150972,4.968180718936143,5.074611214024487,5.047829041953997,5.010701024536893,5.273442016220138,5.12885199306939,5.096858542755738,5.843545549309442,-1
116,5.079984071546053,4.960063484773998,5.0639654196864985,5.047184642769824,5.006913033197474,5.251873735074601,5.12372458763098,5.076455408596812,5.8161274002163825,-1
117,5.105727976657964,4.946232737266658,5.062665358842487,5.041710263905718,4.991209274431738,5.245065301158993,5.114858632388548,5.0618610461910825,5.826853291157745,-1
118,5.129035460358818,4.931988428601509,5.06307253217224,5.040484159482703,4.976284189197466,5.229082151267909,5.117047956263055,5.039304487533906,5.831759393729671,-1
119,5.1519391242156125,4.926197547263884,5.0621992532735955,5.028590185630372,4.955564706620996,5.195675418199762,5.116473166836628,5.032590437050175,5.822658106745235,-1
120,5.1675636966552725,4.910313180696226,5.0706220827234,5.018892603950991,4.93732082222407,5.1718977749729325,5.120861245395811,5.022996976634069,5.833189671760826,-1
121,5.18431184234648,4.89987365379078,5.078541168271988,5.01844395267811,4.926584275434094,5.161734500403759,5.124943690822873,5.0192644661887424,5.8263094567496925,-1
122,5.1866650424698415,4.895296910400397,5.0854573214097485,5.018313602434431,4.913850813823015,5.151988907799068,5.127216339654964,5.021850015297904,5.831883334849597,-1
123,5.170630512157932,4.884999500685911,5.092757703294018,5.029495743788531,4.903837225650856,5.139416919003821,5.131485292731737,5.02436624856822,5.834783495548915,-1
124,5.1522285228906535,4.884069220489069,5.094859343111283,5.04712986896736,4.896987867807662,5.119945277132821,5.140506857242109,5.040586542092504,5.8423997655990645,-1
125,5.126526781726562,4.9053846363332365,5.091014434216539,5.0610241900081725,4.891491541397255,5.096937616578745,5.159343482963774,5.044652944021347,5.838485401272646,-1
126,5.0964886066913815,4.925023872240666,5.089770731667268,5.0647092523918325,4.883268133025051,5.080237331978904,5.171976174305962,5.05875162873882,5.842259928193689,-1
127,5.077533619172916,4.935234077956398,5.093598905686098,5.078782333497177,4.882652510819098,5.081674134033672,5.1836357821976335,5.0635748801656035,5.834661866343268,-1
128,5.061915165608892,4.95859383580031,5.10009127312183,5.083230135506608,4.8746183523129405,5.078458263260954,5.199949869016803,5.070264334792954,5.850889952514922,-1
129,5.048681808376768,4.97117216278135,5.110293544437852,5.07496441303862,4.877160330950131,5.076851416535407,5.2116869300290665,5.0730822862576055,5.843262077584318,-1
130,5.044867421471212,4.9866000675271405,5.116683159465725,5.067598528037618,4.882765130952476,5.082099593884867,5.231540516616794,5.0784110150086,5.851248732079594,-1
131,5.053068780514429,4.99354364264103,5.130226482072791,5.045474577147326,4.887545605382292,5.089027038361714,5.2423234460274495,5.077937792174284,5.848464828828304,-1
132,5.057795569120431,4.991193816999402,5.152948031889105,5.0322695126797266,4.883388234575808,5.103000875435382,5.24846828976779,5.076778280819823,5.847820795456643,-1
133,5.071195725816354,4.968953459925595,5.184506593141278,5.024496311466795,4.879767305134891,5.103517565097741,5.251634991085142,5.078882137692962,5.847967783209808,-1
134,5.092196564062199,4.958012081729461,5.2094403353496,5.029696695113718,4.878783662239904,5.097551605260331,5.2549539789794295,5.07935341077188,5.8453402351709975,-1
135,5.117204363229083,4.958902924850587,5.222759143100742,5.0336948562657415,4.870228160836146,5.090193253331771,5.2546941773349785,5.08123610207959,5.841601889527997,-1
136,5.138290572920725,4.953190526123885,5.249208176710137,5.0440685629266895,4.862967262907805,5.093817674541975,5.250068266600612,5.0844332211457415,5.854047868681058,-1
137,5.161633081268619,4.947135048358426,5.2587376013890825,5.060062264256733,4.854231295694243,5.095046661575188,5.244628978151155,5.081569293315343,5.846582961277732,-1
138,5.183554140947475,4.93787184910373,5.2722529150869555,5.083693968062508,4.84686115484431,5.091189938004091,5.229715343289781,5.0709834633031825,5.853841429949442,-1
139,5.191877723455096,4.932667808467244,5.2792749858883505,5.119391991822904,4.838828499781761,5.0912919389209454,5.2212448585534235,5.064648456091844,5.85790139107948,-1
140,5.2059991814530235,4.932824116822892,5.280736236699652,5.1473241097571405,4.832848404508669,5.083138090934188,5.2141114819883905,5.059628902004551,5.858762711893844,-1
141,5.219071326861314,4.94137152467284,5.285171906790121,5.169942949234667,4.830468326562365,5.08989941764541,5.201118456133656,5.06818861986546,5.851712749071676,-1
142,5.233419053822625,4.946214148681248,5.289577434265147,5.1915066320864405,4.827519232588664,5.095578491025276,5.197602848853973,5.083023181661695,5.852722636028999,-1
143,5.246475202680199,4.958235619516236,5.299229892238792,5.207072492789718,4.836866485494949,5.0959207968145135,5.191894064883023,5.093230596928,5.862962820120388,-1
144,5.258889351206108,4.972710639424028,5.290202075642642,5.2231012746716186,4.847069913633975,5.080681975397185,5.197158368463113,5.103591988264447,5.869212234707346,-1
145,5.2745388662637716,4.983221775484979,5.300737294874994,5.239367421921995,4.850216461780771,5.065791852048635,5.2037880352646,5.128178781797941,5.867474940806658,-1
146,5.282740217462564,4.989056453475834,5.312018351175675,5.244549891257985,4.842669333571135,5.054684986582674,5.220582364192706,5.146930819325459,5.861278661164989,-1
147,5.300095393591672,4.992741369285461,5.325588915564637,5.240074658846799,4.83841804293919,5.042555711255448,5.231520596363187,5.16796597215067,5.871697258406961,-1
148,5.3088929230501956,5.005199127381361,5.328908254440845,5.235071230645057,4.825109778333885,5.028606993057035,5.2395052350080205,5.185658358717196,5.868415638822302,-1
149,5.3070241017789055,5.0031183566573105,5.330604672311066,5.230697786520912,4.806478060230823,5.010863842228504,5.253064335658466,5.195252080230569,5.860308389616147,-1
150,5.305328823444726,4.996390847207966,5.334142293338282,5.222977125563524,4.795490280505826,5.0004563437409555,5.257789539927747,5.203312597238238,5.860999767900113,-1
151,5.300132905199227,4.983820324309878,5.33159161430791,5.219795771482607,4.7863662410684,4.999271971255764,5.265149973880423,5.215618215252584,5.8596066891312315,-1
152,5.293225538071703,4.976615134878672,5.336119434231483,5.210602026532624,4.777785816671367,5.005223852099344,5.262285891961712,5.228948452156731,5.870321794325798,-1
153,5.281290680314008,4.974706627885582,5.332952403082858,5.197252430632959,4.7673041670826874,5.010033856190496,5.262761916460068,5.237031502556114,5.868206147793637,-1
154,5.267025394633505,4.9806077909445765,5.324817341540748,5.186541611235649,4.76899889364532,5.008963150116944,5.258446906316614,5.249263018454835,5.871414419529613,-1
155,5.254368858207919,5.001370718661207,5.324783955393442,5.183625821366658,4.776368815438773,5.012297110098593,5.257516312754396,5.265879556795323,5.8713492986274565,-1
156,5.248662885434368,5.005322586928244,5.335399240031272,5.176997208928598,4.796775798392964,5.019765667201491,5.2588013808139165,5.2760078813312,5.877442866742988,-1
157,5.255444947637591,5.0174054002081405,5.3401731712488,5.181803474720443,4.814630916632855,5.027980079970365,5.25421815956291,5.28252951516366,5.879555001494502,-1
158,5.262006061109609,5.031807842787555,5.343438658812835,5.1856013694690475,4.823452185823231,5.027218739682299,5.248846439458698,5.2863345934558374,5.867688219701157,-1
159,5.2619019238341895,5.041398467236468,5.354979037144291,5.197125784443865,4.818647723389862,5.027593007389311,5.249999494615267,5.286700636155601,5.876376965096852,-1
160,5.26358971584192,5.04549129024016,5.361572894351514,5.207548458740166,4.814666857411485,5.036130832730639,5.243416314059937,5.286712710201916,5.877403164944596,-1
161,5.264665295640841,5.055417787427205,5.369182974413325,5.228454553192888,4.8158796180845345,5.05053025511899,5.234934230704668,5.2796442643575325,5.880584213675017,-1
162,5.268020113358838,5.071033242954362,5.372513757716083,5.236851788042209,4.807568751886174,5.065851560082908,5.219234435496538,5.2689651096593035,5.87700617737227,-1
163,5.270087533028772,5.076902533916378,5.366938507237305,5.239043542246574,4.795564339893579,5.0837126220816495,5.200717644843295,5.250216813425556,5.880458137656481,-1
164,5.270030127857228,5.087204641864226,5.362777564723723,5.244392387992772,4.781282435185929,5.098699793022266,5.1806772085389365,5.23885574605107,5.884412573753374,-1
165,5.267614524695527,5.096034099599189,5.3585002942544975,5.238779092713317,4.77311929094645,5.115021689422798,5.163353135277394,5.229538661474764,5.887552467040944,-1
166,5.270425405169394,5.110643496124002,5.3501056820425505,5.2287258129766805,4.767281455618339,5.139545705064599,5.146601357546433,5.222016244486102,5.882796591256476,-1
167,5.2750957134902325,5.123057845536404,5.3420212481112985,5.208675947015751,4.772002267355515,5.1608187150803335,5.112895229226917,5.211694721115488,5.882407161373842,-1
168,5.279017291921766,5.131442862784515,5.33400647731947,5.195783178834341,4.7748480546942575,5.17516389764361,5.096793664165498,5.195476131986088,5.8838958782280555,-1
169,5.275994106726096,5.151461318532046,5.325107198989958,5.167986627096433,4.776735432397286,5.184720996705551,5.0842091984861515,5.17686269165693,5.8843076556672225,-1
170,5.272990649927948,5.15590265495116,5.31661062616055,5.153731655748955,4.78596469694942,5.188714112790434,5.078133929254344,5.152949643141506,5.882492019329304,-1
171,5.269961261689922,5.148375205329718,5.300157587992202,5.148457554438252,4.793675940475694,5.186917252928318,5.072254257558307,5.1326745041311375,5.893358632844406,-1
172,5.26195113535832,5.152169329194535,5.281065818490088,5.148223038313319,4.803663784368896,5.186792041106838,5.079668323723482,5.109709155584331,5.889295564574176,-1
173,5.250705967731243,5.156034245702654,5.2614735715391765,5.152573477047982,4.823400140292833,5.191097555817766,5.092514637261357,5.089028109866343,5.891669931281433,-1
174,5.239561524821224,5.161665726758464,5.2473355070337755,5.161181881704923,4.837906523058132,5.189576370578456,5.111730022421562,5.056768719796518,5.891179605641291,-1
175,5.230527235961196,5.162664097484375,5.221492271285913,5.165745561042619,4.850271200451118,5.187746643408867,5.145476414756847,5.032622283491166,5.888721924653223,-1
176,5.224198830747357,5.172401406583357,5.196697304081711,5.171299589043288,4.866467677739384,5.183383497270194,5.174527385916723,5.009587258974179,5.882217780812309,-1
177,5.217733108997626,5.174866814426804,5.170792628496975,5.182046036826934,4.875774341051619,5.177256452740862,5.203618795913935,5.0032276834442015,5.8949108430326564,-1
178,5.208424551043292,5.180821697835494,5.14281726987751,5.195140886114488,4.881756407430759,5.188120280211867,5.240060944767521,5.00150877712321,5.896551068135394,-1
179,5.193662014595697,5.201601996411069,5.115723645461086,5.1970966497463005,4.885201890503801,5.203749702309306,5.284358904291647,5.00216563216885,5.8900463614297225,-1
180,5.181045372667332,5.214908389975801,5.082776942239686,5.19492648564744,4.887551059185035,5.216262733233496,5.3090359250899475,5.009655699529531,5.896340673648209,-1
181,5.172976797103719,5.230998370142937,5.055626664287448,5.18572468480407,4.881083971900356,5.223030419212878,5.328889265621149,5.007054398358232,5.9000839797341635,-1
182,5.161858442289076,5.2425296165046875,5.030076799595454,5.182205092593003,4.874803156519162,5.230153313611693,5.340746597451822,5.010541533063945,5.899611316022603,-1
183,5.15094804395795,5.252704383546246,5.016063246122317,5.180891642524834,4.873857359530212,5.2363378305340476,5.352804687448234,5.0079692519865855,5.904336217250541,-1
184,5.135763327461838,5.262063828309808,5.001274278213377,5.183129165374532,4.869577401216516,5.242044669653733,5.361383552438888,5.00405596598968,5.900936116810863,-1
185,5.12907815185899,5.268563708813987,4.990055465561842,5.184446043205947,4.8733658667959805,5.2433175253984965,5.35800535257841,4.992018127286134,5.90250440428666,-1
186,5.125817171016434,5.280229711088182,4.983253376186971,5.178521953165831,4.880873560970264,5.238859538263556,5.341336545383989,4.977910908998102,5.903710906870278,-1
187,5.120844951284398,5.288116255770582,4.985815265518786,5.17528360639928,4.881255012792301,5.235362753074783,5.314523399563015,4.95820267234694,5.906592795911571,-1
188,5.122926881128502,5.29742781056958,4.994338917300224,5.177660190235566,4.876871849790847,5.229862224630609,5.293128485584573,4.9353932739485415,5.906868397645792,-1
189,5.121204276543576,5.299974618474241,4.999466383965906,5.1801021353146055,4.8709157116855355,5.2230315349679755,5.275157573389673,4.917337494031618,5.911699646447629,-1
190,5.1162834851391,5.298495768253663,5.0090917598259495,5.178526581198856,4.871341812507206,5.2148904321749505,5.264557543943116,4.9034655208172415,5.906589720117839,-1
191,5.1074309102890805,5.308319792391017,5.013010612505839,5.179415269153647,4.873078248644556,5.19785870263051,5.241224342111604,4.898334678910633,5.9032016146181965,-1
192,5.103706906590685,5.305689094363961,5.014452255386779,5.1791397413045095,4.882070060704033,5.182178171672235,5.216770921470032,4.898722069050562,5.910964437798491,-1
193,5.094355694810141,5.295299997053738,5.024763710735265,5.177322322509684,4.881809131360978,5.167433512950712,5.20595690210871,4.896795214687148,5.9052125257273325,-1
194,5.07880235861655,5.272370235615231,5.041578689856073,5.167765338507434,4.8857779250027855,5.145359735991621,5.201772400927681,4.896348935687894,5.904308417051272,-1
195,5.075262563627121,5.24832637237051,5.049476659585192,5.167958573195206,4.892633257204255,5.127926040456245,5.200331904460311,4.899259907882274,5.90363547571027,-1
196,5.068864389086832,5.218755773034353,5.063586780539565,5.16176191253857,4.90377484775472,5.114309835568425,5.197461649051728,4.894966278190015,5.913788046074751,-1
197,5.068357611899553,5.201309483424408,5.072580294559388,5.160106756070787,4.912626319367268,5.100027073785524,5.196455597989543,4.886105868085987,5.914602735985548,-1
198,5.066148590432341,5.192045751861775,5.073822667766274,5.1591214827154825,4.932944890936386,5.0922245950557095,5.189733979500183,4.87227640589523,5.918489403918382,-1
199,5.066169525204657,5.178006720606531,5.069096685481883,5.162484908330801,4.946193584099299,5.103350222498432,5.200395010459017,4.855024992809421,5.906213053808803,-1
200,5.066885476033121,5.167842585448545,5.077199823775846,5.159249679627194,4.952926244862706,5.1144048196563725,5.212507495990137,4.834257184836321,5.920684593503853,-1
201,5.061518135933199,5.159827048788158,5.077478405113545,5.154817289900908,4.96004036077472,5.131007358308708,5.224769000304118,4.8123983223334434,5.918004432768828,-1
202,5.063794404311058,5.166790405409823,5.080742574576404,5.156844737730321,4.961267479439945,5.154544891560013,5.230512870663292,4.792402006101968,5.917805886250088,-1
203,5.06242773107883,5.171340508823024,5.0952095015091885,5.151283292546551,4.9723036343390845,5.171310115800841,5.239122473226387,4.773956476188321,5.918594467115154,-1
204,5.062543343264089,5.182390909829025,5.101660051975442,5.145747982835703,4.984047090715883,5.187589046150677,5.254021200210774,4.764000273074097,5.916210609723904,-1
205,5.060784786119283,5.191305080759467,5.109014142372692,5.146335229777298,4.9974078696137365,5.210055697256681,5.267584409651914,4.766421025323482,5.914530850516289,-1
206,5.05480885149851,5.195813724822315,5.123705317829149,5.1406396415723155,4.998667215265894,5.226875589092258,5.2805800114568635,4.783967890764721,5.92099497932235,-1
207,5.04690067640736,5.196794384049075,5.1481017918099,5.135072828565691,4.996034012338601,5.241236304236277,5.282089896782683,4.803255463586038,5.9216357626395375,-1
208,5.036349776660147,5.189879619983981,5.172121318112395,5.125770953758838,4.991685300575807,5.264670169312727,5.278299415028168,4.821741577148295,5.9220136144534745,-1
209,5.034442774441159,5.188670942882494,5.197765787214303,5.116689771183054,4.995882913080354,5.292576080769932,5.268068794529913,4.841554416612249,5.917470437720773,-1
210,5.03458474633853,5.183924343413395,5.2142690579687,5.107880769911804,5.000880248377927,5.317520880094377,5.259295340144526,4.868014127006165,5.92472042414309,-1
211,5.033216871043617,5.179146245267019,5.220331018428061,5.098234847195483,4.999530486390641,5.330242831844803,5.241875862405096,4.894393388316144,5.916382614837833,-1
212,5.023876098379295,5.174857066576261,5.2261440424597145,5.091193639218855,4.991594596747612,5.341231947247221,5.228692145062116,4.929397859097851,5.923083363225318,-1
213,5.013138543239364,5.1613086771329915,5.2292461720323296,5.0732666289693995,4.971739315376782,5.3542741641857985,5.212960805857368,4.957231060103895,5.922348006772489,-1
214,4.997579692629504,5.141879032728887,5.224033002728044,5.055824324159308,4.952172794512194,5.362232639190211,5.1969085916995414,4.980416640581211,5.928035683008443,-1
215,4.9927240024153345,5.12356383182327,5.224333250578521,5.040443240087701,4.939652903535294,5.358558473453784,5.174470929774108,5.00483242850172,5.934781847033296,-1
216,4.999111707855026,5.115114630699306,5.203690800516364,5.028008432568669,4.931381638939737,5.356397087699138,5.165456533901133,5.030421899593509,5.929424947036501,-1
217,5.012242252766366,5.109953408456101,5.1768024633353775,5.019439340292345,4.920121021138729,5.345125749429495,5.151690573579225,5.058921537384666,5.9268279253776575,-1
218,5.00964540294111,5.10479736894492,5.162862398210485,5.003054181520323,4.912678276056756,5.324368669769373,5.145721985922067,5.08061116949169,5.940057351399168,-1
219,5.00375874500207,5.109154848060417,5.148821048202523,4.987703249631051,4.898837020587114,5.313596557754625,5.144789273423989,5.110856239155364,5.92610094884304,-1
220,4.999186699136903,5.102776776871861,5.12795207887704,4.967578459061616,4.8841374719492014,5.306217342706791,5.14076415171505,5.1345947898445115,5.933011285263894,-1
221,5.000360938751542,5.094597790102635,5.111187048445984,4.958732456096799,4.888480977105478,5.283500964028611,5.137306537716969,5.156377834857557,5.930218405057047,-1
222,4.995926542378726,5.093146286964016,5.100732173786818,4.95933641535265,4.893287585573927,5.271428953815376,5.129949020423113,5.170768668528367,5.933444766009097,-1
223,4.9887777657673675,5.089541238214154,5.082748586475502,4.955314949031948,4.8938948267741775,5.263731514852136,5.132737651469672,5.181969564729961,5.93147474647689,-1
224,4.978078134026616,5.091264315260451,5.077915549213458,4.9591707339702715,4.895929768212609,5.249280387819125,5.126638421639964,5.18714852163098,5.936264670087753,-1
225,4.963054293717006,5.084441390750236,5.074769615927713,4.967600213009366,4.897478858351176,5.234021128029973,5.12697933848974,5.183268712972914,5.936748091348376,-1
226,4.965620047520561,5.066472172496132,5.0623717516858395,4.982282497724365,4.90475294874241,5.220667168966354,5.126678467754516,5.182087726112643,5.937004919926279,-1
227,4.965012949146501,5.0423487595595216,5.059871702318397,4.9942001472240936,4.928655257517455,5.21173504765909,5.123327997685303,5.171681966027469,5.939728943913819,-1
228,4.9685228830435175,5.0224136045560055,5.065669763903729,5.019837955669662,4.95959596871044,5.206016143054736,5.118181809862232,5.164608146257663,5.9345543160377,-1
229,4.97172156204376,5.008716138963316,5.067205656423954,5.035348872495664,4.9847135261761455,5.20509147471955,5.10744992500353,5.155286865748052,5.928196108876578,-1
230,4.981601640549181,4.9924687002630925,5.0661830858468715,5.046950602412445,5.012371339167082,5.206573827750464,5.102359634502374,5.146819152995485,5.937647961170578,-1
231,4.988311522919689,4.981156898074252,5.070182295824347,5.057301559827074,5.045778570968048,5.215580446377435,5.0935765779552895,5.138047980056457,5.947445587999789,-1
232,4.9881550064310325,4.9674338431713725,5.079338196374698,5.062836265085594,5.070562701866317,5.220998830210583,5.084822482727868,5.12746368238278,5.943126068858531,-1
233,4.980951584333418,4.954899362118372,5.093416473226792,5.071047590220244,5.095821635737418,5.233256816664522,5.080316239046382,5.1261528690114115,5.93289064572273,-1
234,4.968935505202681,4.960332608424615,5.1077811849169334,5.081857049992571,5.101110035032005,5.253883883592773,5.074740041140846,5.124495500379076,5.93889291127366,-1
235,4.956697111229266,4.964872635663721,5.118330762522929,5.0971538562197285,5.104333892681344,5.262692023253676,5.07857175286299,5.1229988538883955,5.936223790778096,-1
236,4.948266658574359,4.972119355175721,5.127249416156525,5.102495534084595,5.104628687077189,5.260130305028123,5.088248047441526,5.113390649945029,5.939786381857885,-1
237,4.929850605295327,4.980749301921893,5.137120216477426,5.11401947872164,5.101590883534115,5.249970137687906,5.107124789698993,5.110501202608501,5.940017832493437,-1
238,4.915977990843089,4.991544501532896,5.1445968251606535,5.123185307101219,5.09555681000486,5.236650513465458,5.126223500915233,5.1046407196694945,5.937678938503924,-1
239,4.897679798994458,5.005157390608374,5.153275763884319,5.13303599448513,5.091164620660252,5.213214224289242,5.14929361458387,5.097990448941161,5.949872938394197,-1
240,4.881714759877836,5.022207209479367,5.157963847261687,5.152019781721712,5.100954288121392,5.178714338431322,5.170380401061836,5.098664530002988,5.936371329423856,-1
241,4.867243674789251,5.030235580263057,5.156010113518046,5.168496956746331,5.11072745052063,5.143245354791876,5.185239035432437,5.0899807493412705,5.9506526112119476,-1
242,4.858613226889035,5.03317967376177,5.150175427368489,5.183909949618485,5.125317675285411,5.10598376888065,5.198486024314094,5.08277952191582,5.937017743463916,-1
243,4.8467649931304955,5.035749837488807,5.157055034507403,5.19734181929773,5.129121668872475,5.079587391536778,5.2113833251884145,5.071486970388121,5.946266899276299,-1
244,4.8274007334592355,5.051631632372914,5.172541865284348,5.209892653990306,5.13482292919832,5.050723507871815,5.224861881196089,5.050447190595655,5.937998381528609,-1
245,4.8163889884845394,5.066457426834426,5.197593170508642,5.2209849628170355,5.140101719774664,5.035790244058474,5.239674184161552,5.024036829559136,5.947864352010216,-1
246,4.814573512448913,5.081318162833956,5.222603662165932,5.226686884469938,5.154345292026482,5.018621500858646,5.255248757534772,5.002810655080725,5.950354291595114,-1
247,4.817876528908811,5.092475573322252,5.236762271433323,5.237500625786802,5.163842071797546,5.006412565138306,5.2709840873037175,4.988278118495968,5.95259086917547,-1
248,4.811712825718504,5.099273382844508,5.2505884481912375,5.234949093521137,5.165474760091223,4.998310626360503,5.286715095621517,4.969396415485926,5.943938154975148,-1
249,4.8146101690068726,5.114916658314974,5.256244843569333,5.226476146159682,5.166725482971297,4.989296532359773,5.301823071802185,4.952019934324834,5.954749635267144,-1
250,4.815397436837105,5.116838421644154,5.254991360589264,5.219283957068772,5.1596570687854975,4.978609203768329,5.31484578077007,4.9363659028533835,5.942407430104786,-1
251,4.8197009931903265,5.115221512938478,5.233336086165266,5.213858553319286,5.155486700167504,4.9601482594923425,5.324091489209874,4.9155622563093,5.956926104908449,-1
252,4.8261122458843015,5.107186537109968,5.19593285087787,5.207065645549298,5.1557978706677385,4.955423144439764,5.3302990055962,4.914184198730482,5.949988936098927,-1
253,4.835922029994883,5.091241238700307,5.141658856255374,5.194818153123167,5.158840640024345,4.951261165065988,5.323876252614492,4.9202294395523625,5.953312513072553,-1
254,4.8397264916847895,5.065737282475861,5.087995126995326,5.19014743925868,5.149748275147063,4.936356179001981,5.3149200904965825,4.922471389171959,5.959879696649389,-1
255,4.840802626245157,5.046265766118678,5.038876258192526,5.182460418333324,5.134411421619278,4.918020434740321,5.3019165311424965,4.923041931041952,5.94631778976065,-1
256,4.850761785206033,5.031591581805559,4.988976864333305,5.179491912691541,5.129164064501777,4.91516187345098,5.293425552407669,4.912991545538942,5.950266915974204,-1
257,4.851164657035247,5.021072793110096,4.95281592783973,5.176854886573124,5.126413371567735,4.912847716643445,5.287208122159256,4.902143598490568,5.956358941614613,-1
258,4.856652952666727,5.026710663147761,4.925065055016084,5.165840790830224,5.13951556689043,4.912844032719926,5.273990576303107,4.887316908018342,5.954851985078083,-1
259,4.869024471273994,5.04178391844047,4.898298640860827,5.148786558604132,5.143965622044533,4.9123719424397345,5.260002980347293,4.876073590093686,5.953906223243135,-1
260,4.8855762308096065,5.048445141505502,4.883669906340119,5.13490234412521,5.150722555810108,4.917407092292482,5.2464346822122305,4.855205556401869,5.954706844878102,-1
261,4.892007384165013,5.0641569655587935,4.86818411854758,5.119423667479444,5.157635048506706,4.915511591437859,5.236682575340201,4.830150899889513,5.945035162182322,-1
262,4.890200868086527,5.085615349570027,4.85250123658488,5.103286594405912,5.162624771586563,4.925214338401018,5.223562590853724,4.812823146500019,5.96055050130996,-1
263,4.894278628649969,5.107751370095141,4.835877388489659,5.079007443963723,5.179918046512693,4.930336920155272,5.216212903939692,4.792021500589126,5.961024500729461,-1
264,4.895250115035741,5.122817566260567,4.821533723382323,5.04490183434524,5.189393833469238,4.933038948803243,5.207640760636111,4.796143844916779,5.958677532281203,-1
265,4.894126553080758,5.131175293490995,4.801192467036724,5.013552085638613,5.191219875862358,4.939856390698075,5.204133458243635,4.8102213315229125,5.9632960477412915,-1
266,4.883197993045261,5.1331669625933545,4.786168727956776,4.995334924401865,5.187742236215557,4.950989589084162,5.211990675019691,4.828876515164813,5.960063555331807,-1
267,4.8708875531423415,5.135809616707024,4.772158901940693,4.991244207369298,5.199724949059825,4.971096806137074,5.224434806785769,4.853749135401761,5.9613986795064955,-1
268,4.853002019644126,5.1412244905895434,4.755936082753378,4.98894067151286,5.20595744884372,4.979974424919915,5.229210413354122,4.878547051513224,5.957761196956193,-1
269,4.850061786825873,5.15399021412396,4.749366539668684,4.989040567255004,5.208544677615852,4.9891307063435875,5.235728290924383,4.89978077455733,5.957275752692469,-1
270,4.860614752903795,5.155845316727436,4.748663039658958,4.989823509002258,5.216284395843079,4.9946398922963775,5.247861483447474,4.910673016404617,5.968975038230354,-1
271,4.859370874269255,5.149119982659098,4.747584026653128,5.009762018480572,5.222474055905307,5.0076042334845905,5.253212650646119,4.924680470995273,5.960650434657522,-1
272,4.869314748585412,5.145244478652581,4.735557313605751,5.038461975954261,5.216847240861055,5.021464832227062,5.257976568367953,4.929405264601549,5.966020183743608,-1
273,4.881739207008184,5.148685522159583,4.733388836555267,5.063543448245396,5.2143548547985,5.037132699034836,5.254852772147719,4.932867956596892,5.9709461939228055,-1
274,4.897615596460247,5.147581209047024,4.724593712077422,5.085191272009751,5.206999854191942,5.05721206382852,5.251038065098157,4.945303331424707,5.956153055955731,-1
275,4.914878662396839,5.147692293818332,4.715983887549851,5.101643234782072,5.192160714463446,5.07269037186257,5.247770129548267,4.9519074951133515,5.959518416504724,-1
276,4.932934670606654,5.158778639579804,4.711473976602115,5.107615410884056,5.170111853448814,5.098387459687248,5.245835409573866,4.964382609635807,5.958034424148528,-1
277,4.929972530445049,5.167718116654355,4.7133424886104045,5.112292216599853,5.1500840851944965,5.128595319549978,5.249478904998155,4.9805237381691425,5.965669638974178,-1
278,4.931834582143994,5.182490701894231,4.713901636452908,5.109877473676101,5.124329516119781,5.1615143076486625,5.244103222496322,5.001628378972432,5.962417892004414,-1
279,4.942268508909634,5.207141900717676,4.723708087626431,5.093136873258158,5.087536140627073,5.204530074506431,5.24579437849408,5.021261404959131,5.966049963167199,-1
280,4.946580900245396,5.228815231859782,4.737742073739657,5.076106072444484,5.065093660347426,5.234400730530442,5.2398012983188265,5.032306648180633,5.966356452932717,-1
281,4.955907106847408,5.249091589085913,4.751860633384473,5.057832451006679,5.037764118989998,5.263853869790191,5.243830294221536,5.042846668300611,5.965116463536638,-1
282,4.9656139730806395,5.267165926308201,4.77576756784342,5.041081682339586,5.016819841586715,5.2842789674210255,5.24002826034553,5.048396108198761,5.965042519357886,-1
283,4.986430186091447,5.276575128489334,4.8006636518334656,5.028273178561773,4.994285736900366,5.302650531648133,5.221829958857776,5.051195759304011,5.975388936927455,-1
284,4.998704315083237,5.271823677279565,4.824565955023506,5.023782752590694,4.990492126142524,5.305195565892511,5.200480029023488,5.050146493000671,5.960939704270548,-1
285,5.023389157558629,5.2599147704898455,4.839704512250927,5.017161010865936,4.990395345510714,5.300518343674223,5.181018724119675,5.0366418160285455,5.965354858121114,-1
286,5.032804093664447,5.247623591340424,4.857049692376903,5.019115207555018,4.9929187284070045,5.300541816262581,5.155981360259257,5.022029976113584,5.966560295064666,-1
287,5.041511836271347,5.225281606985152,4.866285487027536,5.018189454910438,5.011652922023848,5.29525743841808,5.136770726780955,5.002184945752923,5.9692705959798475,-1
288,5.056268689589558,5.208979439775586,4.884228386780137,5.0115889645494045,5.021920088964676,5.296918506895249,5.1246340787668,4.9947995336168285,5.967410209738228,-1
289,5.0614346261085394,5.193966521767224,4.894585393106347,5.00800203223216,5.037465262326687,5.293405777233782,5.105906029837776,4.983665305477954,5.975621809457605,-1
290,5.070488633183287,5.182989862997625,4.902562162206111,5.0099183648621,5.049235749967992,5.294343284466029,5.084297138457898,4.966474770361279,5.972020780409182,-1
291,5.07761518674664,5.177561657489215,4.917279835513714,5.009099533694018,5.064607975387562,5.297695114088905,5.064588363534649,4.9540977149534715,5.9765836234152525,-1
292,5.088496581074013,5.181992057464935,4.927334341688627,5.007838179606973,5.068235388607468,5.307416661200441,5.047733669942677,4.939901489921111,5.9622468676264395,-1
293,5.097622387367303,5.185659834239362,4.931155797255216,5.014070082162707,5.065888384874994,5.3227303373488954,5.026235995595162,4.933344450117881,5.969464252546401,-1
294,5.105687560040886,5.194522955436078,4.924900801294757,5.019038597624052,5.073613144136788,5.327299649401498,5.022934744133632,4.923920002805781,5.973660124546598,-1
295,5.114130706498835,5.201502631881534,4.927090787606451,5.041984051748997,5.078503145881271,5.317697481992051,5.013297508579354,4.914110160087267,5.979311043766124,-1
296,5.114006820812914,5.201897939171633,4.923764122255308,5.069642160316114,5.088097112247871,5.3095199526312555,4.995754077720088,4.901500940653556,5.973459904729386,-1
297,5.125442599827046,5.195683403603242,4.9210206272063965,5.1007936366126305,5.10608793208248,5.294941449255586,4.981037658688024,4.888322467884795,5.97112283863318,-1
298,5.128779209840096,5.191994631440982,4.924419620994833,5.128561135634688,5.121206382686864,5.288070344059301,4.974758635515764,4.8797270384762195,5.9739932315300415,-1
299,5.12336476258515,5.187694812469944,4.92211726994822,5.148881544879888,5.134672320494753,5.280521253882808,4.974607126238655,4.869576245135147,5.9826129735289575,-1
300,5.123643674319426,5.164455587620361,4.922497497782744,5.172089399515287,5.150389340703019,5.278150643100712,4.981326674263953,4.857142240613935,5.971527374632628,-1
301,5.1213993997366165,5.1380373623971805,4.929130814063731,5.190980239182345,5.1623857257375745,5.271688135870904,4.9892575260920555,4.8441865614722355,5.9784805485958605,-1
302,5.119384530083042,5.110301347225623,4.940331649940792,5.20870924266001,5.167041146630799,5.262089321240448,4.988303368991667,4.83907041933528,5.97976046280412,-1
303,5.109130584432663,5.086155899035406,4.939302096332239,5.213852845081634,5.156810606373559,5.2601419654632835,4.993166895349212,4.841461723208939,5.97531237379354,-1
304,5.098809352543684,5.06393105180546,4.9340995983735345,5.2196185717691765,5.141077618994542,5.256055040713644,4.995319802546236,4.8386999970933395,5.975139547666703,-1
305,5.088486238039701,5.038852407420016,4.931491799193359,5.2128425368897116,5.116005082522081,5.262583587377921,4.996274044993087,4.834079517958734,5.986312578630078,-1
306,5.081006360536348,5.020424199142957,4.917511079219137,5.194577957930749,5.101397976454452,5.264431631769055,5.005734973911576,4.823171515707449,5.982023130228517,-1
307,5.074527236254642,5.0086132488118835,4.911230444532736,5.185423254925114,5.093761512798952,5.2640140395012756,5.015328052781819,4.817968561539878,5.982345587904486,-1
308,5.054091656132702,5.012663178698959,4.901956107439499,5.176569119420324,5.082708289662796,5.253561182244858,5.015213229275449,4.8107212932468695,5.980373575173697,-1
309,5.036679732092551,5.017883404199146,4.887772888988886,5.171409890068325,5.080011683678544,5.251333987119179,5.019799200086153,4.816185124891461,5.9801550363881235,-1
310,5.019811048736313,5.029707442598077,4.874070585153675,5.169215886168487,5.081251415595774,5.246384765709886,5.028801565945679,4.823438625828124,5.979602439590964,-1
311,5.011190354050433,5.042822803688309,4.86092911448778,5.175115735722388,5.089586515781558,5.240194651498398,5.036634665747964,4.836536432373743,5.982069478372335,-1
312,5.011625083355588,5.065326327846226,4.848636245966899,5.180260316924873,5.102517085715893,5.237269124628338,5.0556874790639785,4.838591377326144,5.975045527122203,-1
313,5.002080630347649,5.089401377973896,4.844904874090133,5.201477163490761,5.113263865152801,5.231844941839919,5.065862151738377,4.846008376024089,5.9855127467894045,-1
314,5.002328205141794,5.116457353135756,4.849226203219668,5.220963370797525,5.115115558118479,5.226059864663584,5.0656235253698725,4.84883701219338,5.977078964659265,-1
315,5.00789560674959,5.141408275676308,4.841764956485903,5.232149938937409,5.103805992407432,5.224124889909342,5.061770137748232,4.851921531522228,5.978171884503816,-1
316,5.0290264718482405,5.157163988710658,4.836902823721269,5.239369657882039,5.105927904811087,5.221321758940367,5.063801029521138,4.862000555886239,5.988292661201902,-1
317,5.044379342968401,5.176345670848251,4.846125742619423,5.24414375947047,5.107066048165351,5.213327806110411,5.055826197287172,4.861483147065665,5.979600211092083,-1
318,5.071539868953408,5.187879852428986,4.851363550123447,5.253093647867092,5.110882209569908,5.212308185916238,5.046946800162665,4.850699149567987,5.989544461730225,-1
319,5.100238906946107,5.186962487326571,4.856223996556539,5.254125502944161,5.1077063580991915,5.2220665332625895,5.033147512776462,4.838677370245917,5.986347960245432,-1
320,5.124083525314856,5.168832058248972,4.872794843175215,5.2544603188281425,5.107771987245676,5.225312847995602,5.010626058581646,4.843697634145103,5.986102214484159,-1
321,5.151610110993161,5.15104160092671,4.879725648940804,5.237737927508874,5.109028610925132,5.233485189008014,4.9996678260697545,4.84251819588935,5.979119492996569,-1
322,5.167848684824994,5.116058732818378,4.879164407224235,5.231779722313394,5.1251620972228356,5.239638860740791,4.9917375045518115,4.84705195577412,5.981980778216636,-1
323,5.17960570848871,5.081115807339594,4.88338455769064,5.2278185895186375,5.149327772057366,5.2381655410570716,4.9898756811483045,4.847682517470223,5.982342661849433,-1
324,5.185111248231048,5.059777058282742,4.8877481145444595,5.220018390926908,5.15839762175315,5.242707733209974,4.990334925798803,4.840620144298823,5.975109887955072,-1
325,5.192566412058993,5.035558895161317,4.888348647386112,5.213979653303745,5.16754899009682,5.246349920875664,4.999620658660493,4.836854768476256,5.984141879211844,-1
326,5.196482717896988,5.022788629345524,4.891547284268995,5.207212729398216,5.166747272148737,5.24350242854031,5.013641738611373,4.83906615276361,5.985217100145268,-1
327,5.2010935337284785,5.026806426863587,4.90732129025969,5.200815250658762,5.168162606627521,5.228722796832778,5.020611964749998,4.835125904473031,5.9947507488736145,-1
328,5.195490662882478,5.041637193910821,4.917309405530666,5.1968143389315635,5.171570343174103,5.215413828530857,5.036698446925407,4.827361370704263,5.9848886781530615,-1
329,5.189245093413745,5.06345056670952,4.929555034568585,5.203896816338941,5.185243480447926,5.187717145205749,5.046962720852369,4.827801629695592,5.993221224995361,-1
330,5.1748411688894045,5.09302564007732,4.949963834367355,5.198409608186367,5.200297752975052,5.166854717619053,5.0549065433045905,4.8335136134343495,6.000249620116953,-1
331,5.1611915961254375,5.114208782964572,4.978492919215937,5.19951781721582,5.204841779188995,5.152364155882049,5.071993151324967,4.844665934925391,5.984321744985496,-1
332,5.153486355468187,5.124104788787674,5.013263845991332,5.20025642345437,5.2168957980761155,5.141162970317037,5.09142525042845,4.8600032089684335,5.988955065054707,-1
333,5.144588926903412,5.142510874950344,5.048809954354093,5.201344082293031,5.23518992846793,5.131459198219905,5.110672063544692,4.873947753649481,5.9871097207999,-1
334,5.1326945502201875,5.151455839061182,5.090202750502492,5.190578705314088,5.25810809874259,5.132084176797505,5.130819613427818,4.8784339853333165,5.9910052554424125,-1
335,5.114284598493493,5.158044506834299,5.120095022787485,5.179469991909533,5.284619257287467,5.126602085056084,5.162965724098903,4.88848991987242,5.992017097360049,-1
336,5.1048620270381715,5.161033666241989,5.142829501890278,5.171243403072582,5.298604895961548,5.1265075051904,5.19532684776045,4.902628459360733,5.987470781373855,-1
337,5.094619188371881,5.160999228671054,5.1594343150317155,5.158968875367192,5.311590056952375,5.1409551482101215,5.234842396368979,4.914367944741379,5.991225514762521,-1
338,5.097785420457612,5.169496432194423,5.167108988638199,5.158623528109206,5.315323423805232,5.148371020569174,5.280744716747737,4.928043831704901,5.9867945999751,-1
339,5.090811366055792,5.1869712966526675,5.1682678758657365,5.150114965662271,5.323167532830802,5.156454225033894,5.3156711400163035,4.934995157784217,5.986417661441923,-1
340,5.080398131521053,5.201893552306609,5.1639106375137285,5.147809537196301,5.319776579473173,5.174901829937274,5.345903769371506,4.944179684280701,5.9909007591920505,-1
341,5.0779929351192195,5.212959807949867,5.1568621532578955,5.153037174426803,5.316756688371786,5.191392425230457,5.366118262517796,4.960847035100098,5.994121483045216,-1
342,5.068595995082669,5.2168220670772225,5.151928506041396,5.164342823768203,5.3088784929702575,5.207673990539655,5.383340032287215,4.9767504891466,5.991031859431625,-1
343,5.070238741317317,5.226897136266737,5.151644395702624,5.167166291854699,5.29971046795395,5.230867175464935,5.3852690418294795,4.992294735201497,5.99409046810427,-1
344,5.07505235396549,5.235390235693845,5.1562227743769995,5.17328623635367,5.300089218438684,5.240237091298687,5.3762381683709055,5.005778960240958,5.995706393530264,-1
345,5.0919636849458145,5.2403509574978555,5.162829779605191,5.180029798357278,5.289296458374519,5.2309435310016426,5.353879005339884,5.020519352381557,5.990577603542278,-1
346,5.099846947957168,5.235451348271058,5.174714662405528,5.1857845102105875,5.273053944802506,5.218562487633106,5.328028240283718,5.025558443223044,6.001655377489703,-1
347,5.110186899528187,5.223435259416409,5.19003534402454,5.192504431237567,5.254945865986632,5.193547602694288,5.297759048829292,5.032882771142042,5.99691473225023,-1
348,5.119698050695673,5.213953901278961,5.20211840716668,5.203507909219107,5.23391640961965,5.155955942632125,5.271111923504488,5.028720940631262,5.987845379730259,-1
349,5.11136242291057,5.1952957897256855,5.218678008580429,5.203552187279914,5.1940117258419605,5.117559380610981,5.24787563374947,5.018934809180527,5.995767802023524,-1
350,5.107410241623517,5.186169716838537,5.228689075778748,5.201067737699564,5.161199204925387,5.081266771868369,5.223264954961482,5.004161457589448,5.995246959922944,-1
351,5.09568962310251,5.159993245836486,5.236304670216895,5.205764227763328,5.133745629275903,5.04739973632636,5.197580169051857,4.977999153183847,5.996931141596864,-1
352,5.072950998246403,5.150307806724838,5.240821138677796,5.203825353997229,5.10580925704445,5.029276929431054,5.181165294621521,4.948734255730402,5.997944962822233,-1
353,5.0554534195769,5.137788751173525,5.250367105678573,5.198272831721018,5.085070875822791,5.023044067987039,5.178602354909477,4.926783067087522,5.9968590640823045,-1
354,5.044728166573317,5.1282771228251285,5.254350191035232,5.192792766599697,5.070400527436591,5.022862568630768,5.167357282254362,4.911391946360513,5.998503892622378,-1
355,5.032842910054896,5.1272050398483,5.247376459097706,5.185852143102027,5.063480880592767,5.030139775204885,5.164887798179861,4.901585752224271,5.995556933978152,-1
356,5.021399583701872,5.118411087488875,5.2450792091876455,5.173431271260155,5.066271593538685,5.045259663187978,5.164336942574555,4.906664522087532,5.9862261586250005,-1
357,5.023559649550069,5.109769082056251,5.236038744690253,5.16046632442507,5.084804831444257,5.065723223815486,5.161846482593195,4.911679016021133,5.990804490413728,-1
358,5.026205918200664,5.104122847168663,5.219313397091402,5.153509927858139,5.0961404548876645,5.0797319159769385,5.153686532382115,4.938876929458742,6.0022173902896885,-1
359,5.037548229866986,5.1105576048057,5.194751496790978,5.149367459645419,5.08801633923788,5.087004074124983,5.155520088784264,4.965533502750843,5.999406231709666,-1
360,5.055053947046516,5.095795827558556,5.168253568196691,5.145004431990372,5.088027268955359,5.095616891701887,5.15625119182462,4.993279004181845,5.998541877303319,-1
361,5.064028981358568,5.089116690977777,5.137631296591752,5.140908143835113,5.075879581675717,5.099256363478119,5.15477922884985,5.004012712044427,5.99918919341673,-1
362,5.075097288586604,5.075266903557213,5.109395590235116,5.147780180213886,5.0744828798142105,5.100779626578964,5.154503965595838,5.007553243824205,6.005988430748499,-1
363,5.102637524896941,5.057703102734968,5.096486715286123,5.158675958781731,5.063399290873703,5.108224396986039,5.150668290011794,5.0029078587324305,5.993881053089158,-1
364,5.134611191980626,5.051725304778067,5.07625709467742,5.16385116547322,5.048974380795387,5.115080582616506,5.145875248865736,4.990204358093912,6.0105404013361365,-1
365,5.168815847575963,5.047690560736501,5.06578582379683,5.177174129502429,5.0367531063144515,5.131124326692704,5.147995149962693,4.976574611844154,5.993722256416112,-1
366,5.197856255862459,5.041472943763936,5.059955316150608,5.18284196645039,5.028695651675116,5.146922046683119,5.1454950994433055,4.960921869058165,5.993296843669221,-1
367,5.215270274643138,5.035392730149982,5.0639209482278575,5.186288760838423,5.033265433111943,5.167231831899008,5.140288724648627,4.952532874356576,6.0029716285658825,-1
368,5.2283824695174745,5.03625681707775,5.071837171516897,5.186209268244049,5.026800351928219,5.1799484516365855,5.142109118058075,4.943766135997186,5.991976208080963,-1
369,5.2346693168680405,5.039169839308721,5.085887143087548,5.189464741698836,5.023276680662196,5.20323768135074,5.135789145977463,4.940270627829905,6.001876908542676,-1
370,5.229751588622928,5.042614360708849,5.098911300893564,5.1754715649371965,5.0005052853568905,5.22268014804177,5.130655135801902,4.941640764470654,6.004810998040674,-1
371,5.211461697460405,5.043212477501031,5.100317489395593,5.158764912464156,4.984067370351232,5.240760514096343,5.123524822455754,4.947163708509131,5.997005326184856,-1
372,5.183404380924484,5.041899419694541,5.102817455495763,5.140649139873424,4.969747155517794,5.253283335439622,5.1043190912286605,4.9526774540797325,6.003332093954744,-1
373,5.145262706944001,5.049557025644812,5.098210628778264,5.114043045774981,4.954169712617097,5.259643552172317,5.085983101791527,4.95793234995018,5.997374950476761,-1
374,5.112945617639092,5.054163878514639,5.10302424023214,5.0842171689155125,4.938473902169249,5.274808996500451,5.079571111628384,4.956651819787496,6.000672429637206,-1
375,5.087411300122928,5.056917816244815,5.106622961345831,5.0628808867954636,4.92386312684109,5.292870133248449,5.077071021800936,4.960779728128096,6.0075927594634075,-1
376,5.06488816911242,5.058373459745766,5.1116127078817515,5.041001071552726,4.908307419490983,5.320373859395472,5.065296736802988,4.971357168026386,6.008235263617998,-1
377,5.0439057533926634,5.051723855440491,5.110018182351958,5.018045238847451,4.904278979834258,5.339751540285244,5.062025697174716,4.98416977843237,6.011743431151786,-1
378,5.022865885736066,5.051673477143856,5.109809588088986,5.003781008639905,4.9046424268879285,5.35592328829727,5.0587514495455785,4.996191725440558,6.0113303771430395,-1
379,4.997792160711178,5.051342159035799,5.114864541203381,4.9866472506855395,4.9078434577139545,5.360334177422498,5.040177018908681,5.008787676637418,5.99472085765418,-1
380,4.973679279659869,5.05676669182308,5.132128876207298,4.976413638087219,4.914491539683292,5.3615825381561395,5.027985337107319,5.022222071464618,6.002354295890483,-1
381,4.959795487306092,5.05940680569269,5.148343890366193,4.9718130381136305,4.919813135159454,5.350767041618332,5.0121177644155654,5.034995691388281,6.0035001607078495,-1
382,4.950694818986666,5.063058242774325,5.15691607225363,4.976782269324044,4.928300442975235,5.333049398265641,4.997713762527848,5.054158322065578,6.006125718729935,-1
383,4.939246856690614,5.064822820171852,5.16718002699128,4.9683225097283135,4.942409383619783,5.3089152755729385,4.9819894381607135,5.063383196081664,5.999281454945867,-1
384,4.9211028950644655,5.0699656060551765,5.182722182998246,4.97026982273744,4.956190010772472,5.273546277071969,4.9714839593130495,5.06487369511634,6.010589902539798,-1
385,4.904758994182611,5.074371148829027,5.194383918346377,4.978931023330019,4.963631413602743,5.238869207480046,4.963553764393618,5.071709760421531,6.00834915218138,-1
386,4.902614273349134,5.081292327205668,5.200990062928688,4.980474238603255,4.97223437816546,5.210675640892688,4.959743789055539,5.064366704885602,6.006897693057613,-1
387,4.903623988352919,5.087339589989121,5.202781717297063,4.992824324285212,4.981208237411467,5.192400625152284,4.9729883443501395,5.053001685884251,5.998021621130252,-1
388,4.91303445704257,5.093626771510868,5.196534607015659,4.99453970480233,4.98597848179021,5.17660443963305,4.986173741663166,5.049565577597477,6.003212342798549,-1
389,4.922352674271321,5.099268263403458,5.195845816369617,4.990053571576938,4.987711628669152,5.169034331158145,4.997797002181721,5.04979098119006,6.008248915023271,-1
390,4.936624244488386,5.1083558861319025,5.191709978695823,4.98516954178614,4.986831439664363,5.154730352581917,4.99582911701355,5.043321417332586,6.007723938308141,-1
391,4.945504421311507,5.108693335154228,5.19059506397282,4.983439736578906,4.983833828483194,5.149028028307992,5.0013569266318205,5.041490883429388,6.006433043392262,-1
392,4.963283368994142,5.102492226009259,5.179373268308218,4.979951095979919,4.980609519536987,5.14885003200243,5.005987451722989,5.044508127952463,6.007611148313097,-1
393,4.979306609067633,5.102061013380082,5.175762918631832,4.96753969178013,4.9771686664575405,5.151634710484237,5.0001322931890915,5.04186516300645,6.0023124835568025,-1
394,4.995367802978397,5.093194984705141,5.1715165051391185,4.956535671130726,4.977162521771522,5.154280115488579,4.992186939813447,5.054558809476393,6.005706744935796,-1
395,5.020629261275034,5.084099878034353,5.180016746844413,4.937273151587711,4.9848286824018375,5.156654800219357,4.9887328148265135,5.0662619570256995,6.006991880316329,-1
396,5.048310465741661,5.065749156426546,5.182657675370878,4.929934877150208,4.99503094267387,5.1580353974154205,4.980889265602139,5.074420553184507,6.010111103999436,-1
397,5.069537270528331,5.05410958544029,5.177852616357941,4.925081391885943,4.9963870797771515,5.167299021093272,4.971440419004057,5.085927986450319,5.998970685435449,-1
398,5.079261467314187,5.0384527030685655,5.17322133364752,4.93045720081948,5.000025130145328,5.178442308856922,4.978508388748052,5.089951213421308,6.003458295095813,-1
399,5.097092074376938,5.036920600387045,5.157508380121634,4.942920911423634,5.011830919365146,5.1926261565437635,4.981879991906977,5.096221137074598,6.0175977833517,-1
400,5.107427488892863,5.039865289114233,5.147863289081423,4.958023990275851,5.027674265419376,5.20262350481183,4.985149605352182,5.094724950553793,6.012397949261332,-1
401,5.12172552429485,5.036489692104726,5.136522306698513,4.979238283214613,5.040131805120769,5.211481510480429,4.989864072034515,5.101281709715527,6.020874299370956,-1
402,5.127986929750753,5.040701113211908,5.125431087996472,4.9986676421188045,5.051621118739152,5.213488974165968,4.995639847202925,5.102831842181393,6.007455676665296,-1
403,5.119427991576471,5.045658481844198,5.105845346645951,5.020141624340975,5.054547528363496,5.215990660643425,5.000483443068156,5.1021437139763295,6.006648560020469,-1
404,5.10122684802427,5.052468819100322,5.0934191391911146,5.045139013487999,5.061164565076313,5.223237571318876,5.00955953385821,5.093531322404234,6.004814376866262,-1
405,5.078304678276618,5.051958055721797,5.083994238395202,5.070156712040859,5.07474614233787,5.227563128237775,5.031262402033441,5.082796156145096,6.0107107429674755,-1
406,5.060048059350363,5.049729084123831,5.077859167474343,5.088233676996602,5.084335700782815,5.241918181008503,5.042528311256518,5.08096310431458,6.016198419432326,-1
407,5.031382983190452,5.041238123130967,5.076354806370591,5.095073679351866,5.084841874237709,5.247518754317955,5.051726219320246,5.0702056957943435,6.007191785840906,-1
408,5.001624405019577,5.0292862160528164,5.076867411591844,5.100351891838287,5.087254246024395,5.256332238467974,5.051815228530959,5.061437080232248,6.010238711407833,-1
409,4.970490883783134,5.022703419935968,5.073080944494182,5.096275850600954,5.088996919216223,5.260814533641478,5.057034348776548,5.040854418027455,6.011223482980201,-1
410,4.941592270131677,5.007146595653324,5.082372943414415,5.100361467180604,5.093182735810497,5.2539907509945944,5.069319687741517,5.029132754787019,6.004389731846575,-1
411,4.919555205847254,4.9967419156492205,5.092938378504134,5.104813353296077,5.102889269874044,5.2457930745154115,5.073581722690761,5.023083627598855,6.01797136380958,-1
412,4.900367188630482,4.990257134052404,5.095589776284728,5.102705877532218,5.1031651373908895,5.231009031135507,5.0866494410001515,5.031172789950283,6.006321172041297,-1
413,4.892146630953588,4.982855909276653,5.096946263500457,5.105177690700658,5.106441410907823,5.205300355950023,5.096331053811943,5.034550367433722,6.008131877156568,-1
414,4.880639813244796,4.984919518766415,5.104511304028128,5.115068258684955,5.109051167961677,5.174066159707227,5.110005215744132,5.028135264803238,6.013981632696159,-1
415,4.872361176188865,4.989800529438409,5.106106763975101,5.134838891761537,5.114199365263837,5.145262600871785,5.1201586611227485,5.019642634774724,6.016905215096643,-1
416,4.871777651042162,5.0059656427750685,5.10427745600671,5.137866899857267,5.107215259288011,5.114630931379502,5.130955210286237,5.016151832916238,6.011105523494089,-1
417,4.871246246789623,5.020697216261376,5.104699421254833,5.1477534041476956,5.103091884393846,5.092222739638711,5.140737559260593,5.01339306324176,6.009628945993541,-1
418,4.869986854245947,5.035014021706966,5.097053074881571,5.159527801318935,5.101389796739207,5.090551832957394,5.147871169211239,5.009046565360289,6.016503372670337,-1
419,4.8750567886457725,5.040217878547078,5.083586216936896,5.175888099982076,5.09641761350223,5.088589250958061,5.161743472734435,5.00939648096423,6.0227731340046855,-1
420,4.885276843093306,5.043715764438224,5.078182595451499,5.186200103987036,5.09835923430064,5.088724261224694,5.168814577387415,5.013725342773713,6.021303940288637,-1
421,4.886738298802394,5.064700357813442,5.076230469354182,5.1837193585765995,5.106522604560315,5.097169242585207,5.165310950077279,5.02318395122712,6.0118339330559305,-1
422,4.8876818151904775,5.081860108112953,5.06779389428244,5.1667053142118595,5.124601021113762,5.10411967533625,5.159685032157933,5.037442527737297,6.013090663188258,-1
423,4.896555198413575,5.0933896731021555,5.062859330824594,5.150293925026781,5.147030357859376,5.109093758776407,5.155885410624931,5.067514118053463,6.0078169924567195,-1
424,4.901140056580471,5.099720314084188,5.0636581351714,5.130630155832218,5.1822223525870825,5.106937181725763,5.159523242228125,5.099519187955601,6.020537991133128,-1
425,4.905760453458195,5.106185378618515,5.079723033299207,5.114421027378511,5.207348398272767,5.1087224517139616,5.15885220266382,5.129330182207568,6.008457431005699,-1
426,4.910659486031949,5.113671636403383,5.0941627015404505,5.091315453782521,5.215853904244897,5.108036576059688,5.15186927716987,5.153150043868682,6.007821662989541,-1
427,4.910112143928923,5.122994008670629,5.111312111908682,5.059870353965671,5.226765132512967,5.103068178428831,5.1366249283341325,5.17620874270457,6.01303096856335,-1
428,4.90109641037772,5.136859352597943,5.121656411564512,5.0339747817938045,5.230780238427512,5.098476880585722,5.120135699387829,5.188340428414124,6.012890864088437,-1
429,4.893808169298302,5.128519650294013,5.124632336682121,5.01430598638258,5.230668645499291,5.099303201808864,5.099057829704378,5.199653017247273,6.012135770029615,-1
430,4.891046737043497,5.1123391912142075,5.129563471047684,5.009067328825228,5.221562904042652,5.109210502689812,5.088588375733383,5.20598196392937,6.009223902108698,-1
431,4.887985998466098,5.101627745702409,5.140393415747938,4.999291340549554,5.196925215006283,5.1164044009846705,5.0860520804511955,5.20289519137606,6.014209133515926,-1
432,4.883155225585639,5.0853195623836625,5.146297595687507,5.009305851221139,5.1683286333181435,5.129071443786426,5.087774358605992,5.193521850287599,6.013124609980127,-1
433,4.878877502256432,5.068536864084311,5.1377301388837004,5.018314654826487,5.1492918298855,5.132366403533761,5.097920247179921,5.185264235246311,6.010003976833874,-1
434,4.87395630617398,5.057234708963693,5.132893732671377,5.030339574098981,5.1337170248285755,5.140446593834081,5.115162587546782,5.175232248122884,6.01184631188219,-1
435,4.865932502917564,5.051668671818329,5.129868207740476,5.04635907674575,5.115096091041798,5.155334807715123,5.133835776681377,5.152044608816929,6.027024878147593,-1
436,4.859114747347162,5.052502873795567,5.130467065102751,5.062742519891046,5.1015140674041,5.1696990832877745,5.16212052234421,5.13326677807553,6.020582242937747,-1
437,4.865423530947831,5.061154243332043,5.138459247620764,5.082917234355,5.088159718127844,5.1721687824047615,5.206366406035854,5.104286070467638,6.010301416367356,-1
438,4.864418320119738,5.070026836717702,5.147857560349338,5.090054824870357,5.071117578811302,5.169381519945851,5.241007631653316,5.0879023963919545,6.018213061959551,-1
439,4.85730760249286,5.079882045879563,5.156454087555986,5.103135119444654,5.058890925390998,5.1693063264897825,5.269415580109833,5.070379272982419,6.01668166532595,-1
440,4.852671611657173,5.086503168033687,5.166660963835283,5.117204233540146,5.044143589517241,5.173860417092914,5.291438626762898,5.047049667245534,6.023583117908809,-1
441,4.853057797690082,5.096696310240147,5.1778163405841156,5.133935680353351,5.034478212421089,5.179934249567152,5.305713438966654,5.031830944163476,6.026114484055141,-1
442,4.855702094687689,5.118244537762635,5.186092488975982,5.159038322357412,5.032152393812818,5.174712849193192,5.3170869906488845,5.022751444873801,6.022952226718849,-1
443,4.858913439311599,5.1395964971233905,5.190141728259325,5.183505608519389,5.031153899052629,5.165186094123965,5.330659428395861,5.028749302075301,6.018805181947108,-1
444,4.863660574342466,5.158159446752886,5.188766312461375,5.222981091218873,5.025707209476915,5.15911714017871,5.3331630471753355,5.028620343343039,6.0162242587228825,-1
445,4.859072756753692,5.17331529901777,5.183181779016457,5.260514637017332,5.014485501929664,5.151121974513731,5.323520466965152,5.033784146925376,6.023583668961042,-1
446,4.853928810336534,5.188000255205256,5.170885474242888,5.297279605034196,5.006730673196002,5.143428928127562,5.319692058810182,5.031904534902321,6.011559294557628,-1
447,4.852104535473956,5.18762433006197,5.155620485713056,5.321776616663523,4.998976898972526,5.133934226965914,5.316051230889992,5.033189538410688,6.023067595653098,-1
448,4.8547015137635015,5.1938376548651695,5.143412269875886,5.330441761113693,4.99589863256442,5.131882319012162,5.311424141133237,5.042037722475059,6.024645451202532,-1
449,4.8581816757255,5.207054244676578,5.132647190759148,5.3346070380596124,4.99332387178161,5.123870723608429,5.306523630536779,5.047361042944094,6.021115403080491,-1
450,4.860554489880942,5.207412073863795,5.123042509158517,5.338110868519479,4.986486123415244,5.11420643785851,5.299694192231515,5.048528425697463,6.01492372017844,-1
451,4.862105730498959,5.20486907164147,5.114682054522104,5.338829889656396,4.98006512410324,5.109435383167798,5.297601239633624,5.044115841749224,6.017046631064552,-1
452,4.867367623602748,5.195594333252549,5.0987986963038905,5.3237338354213195,4.980254695132059,5.098289007993274,5.29798387578811,5.041188549401953,6.018781151871303,-1
453,4.870572870142553,5.187425347997046,5.082359347827479,5.307340118727237,4.987598785667064,5.090013223527288,5.312423169561459,5.03843009850886,6.019225068974937,-1
454,4.883247756653538,5.1915074323718935,5.0678243959024165,5.298851198266226,4.985401126350494,5.084197613606164,5.320030703815604,5.038437030359798,6.015937429747361,-1
455,4.886757949293515,5.20575336318196,5.056613783187887,5.303780100578512,4.984846416300383,5.077455836535863,5.331060563825955,5.045032797877212,6.025199014712509,-1
456,4.884601269455471,5.218629488201648,5.04900976530582,5.3175259596572575,4.976002837495047,5.070699522475471,5.341291739935877,5.051430907226983,6.012248748074342,-1
457,4.873174023353787,5.21998304403343,5.04263607767651,5.32932512807969,4.967743145584649,5.062586357714002,5.3519436812841095,5.052007464393645,6.019174016766062,-1
458,4.862968665274488,5.21856987699435,5.0347488402211695,5.331098180904708,4.961559085013414,5.058810405650963,5.359033342881554,5.065637101895254,6.021147502800228,-1
459,4.861867575285964,5.22508055558877,5.034270255790498,5.330248146552297,4.958238292075043,5.052285760890417,5.361328331169766,5.074681000771319,6.020016186607547,-1
460,4.869837796622836,5.238152821999861,5.051181403136038,5.330547932312259,4.945765450435245,5.0447110569041245,5.365594163771825,5.089875667941284,6.016354016243983,-1
461,4.884670668140182,5.254654550842968,5.0727888920598145,5.341161244136115,4.931064737879351,5.032973066010305,5.358002054695504,5.111921885590446,6.026477894542642,-1
462,4.90283984753033,5.2661494810426746,5.093333964557754,5.343603423238607,4.926765651726779,5.0174683871225385,5.344497017391343,5.129225559294736,6.026462269851222,-1
463,4.9323491784250875,5.274647261929109,5.111147244713179,5.340923288820762,4.923696374701453,5.007805648386776,5.319249709422369,5.136109043247123,6.037279870442013,-1
464,4.965346614959041,5.28619241606691,5.1224772644664816,5.340559526408279,4.921837209850767,4.991903152522125,5.29314172541681,5.144539255285253,6.025571298935924,-1
465,5.008637669114772,5.301920120219433,5.127988631052508,5.342701862081369,4.924995353131873,4.985500205554889,5.268694367946976,5.154466398078795,6.026457791693188,-1
466,5.048932797698399,5.319203523860328,5.138318275440838,5.340742360867849,4.932785833738039,4.98185842562859,5.250754526665727,5.148651773845423,6.024464775809531,-1
467,5.073558303549747,5.326303510742432,5.148001487850447,5.341524008536643,4.934634391450608,4.974757641047381,5.2332604566420935,5.151073680423844,6.0213811435962725,-1
468,5.090016895127126,5.32698039560108,5.151860940691374,5.348067271680719,4.93692355493543,4.975909045108135,5.2142204689779375,5.148607626172455,6.020666794329488,-1
469,5.104148997712949,5.317693894038698,5.158089113418753,5.347276608850747,4.940840814261907,4.985221362522685,5.196037027303753,5.139659669905587,6.017559878329899,-1
470,5.104355017465359,5.303109780320797,5.159369896416816,5.345544645688039,4.948660295143245,4.999867931598945,5.177355592353274,5.132307917290359,6.0290185164173,-1
471,5.102665997535852,5.286574452976481,5.159805965446823,5.342249038707388,4.9579772046693735,5.019132809607033,5.157516229224092,5.126887043514059,6.021058136097071,-1
472,5.095852120552543,5.253676192813327,5.168507007423361,5.336298037285125,4.974624072882318,5.031226901454501,5.146867877059678,5.116462855982629,6.029908948354561,-1
473,5.0807172699878,5.226571349163844,5.168204997128261,5.331127796961245,4.979825194996719,5.045814630654133,5.129557838635128,5.113656797089627,6.021350925175484,-1
474,5.065219310652725,5.2004723009971965,5.163541939406823,5.330031925621049,4.982077392723779,5.05566594993619,5.103535047217793,5.111518937915192,6.020838138679214,-1
475,5.057394582077558,5.17780473732615,5.1465912379442145,5.321980512309768,4.991457744852641,5.069007836257866,5.077566730479071,5.112753498687423,6.010658039034651,-1
476,5.049497481284442,5.157828046233895,5.129145368689797,5.312114686995662,5.016990380670273,5.072602072955322,5.052818862040599,5.123063345337729,6.023014870824872,-1
477,5.036740377580909,5.155080240237462,5.106771724720874,5.29704418604824,5.036177381255596,5.069813559607023,5.022045733941977,5.131447060813944,6.029031265512252,-1
478,5.0365344489970125,5.15480097624188,5.100295386432657,5.2893735692542565,5.049534194768644,5.070769879904032,4.999813307645619,5.140353575598643,6.0361839419879395,-1
479,5.028977873978669,5.158707662245816,5.095296468410032,5.287473862866569,5.062692613583878,5.064131698476445,4.989220534229604,5.150623097167901,6.017936117525389,-1
480,5.030580581178943,5.181692147868967,5.08124992675639,5.287777833323851,5.084939471793541,5.065804615843678,4.976072200097548,5.162884034612427,6.033030888953543,-1
481,5.0431164299586495,5.200273507443496,5.079188112647092,5.280089101387857,5.111251052871152,5.057148768433713,4.9770249642193445,5.175718200586101,6.01674307406848,-1
482,5.058193332205644,5.224231178043949,5.076658397246548,5.277384969820142,5.13825878243996,5.057079233524145,4.981631186479982,5.200294043791228,6.027987020040391,-1
483,5.065295314758118,5.252586501624458,5.079885053411687,5.270663202286395,5.160957016792361,5.055784495453925,4.9946400639678705,5.2075565642113055,6.024161159512122,-1
484,5.074933564643545,5.281254443874736,5.0829790801882915,5.2565495305230465,5.173696711032053,5.063686432559599,5.009561236662383,5.200177687492605,6.018862634830643,-1
485,5.087925681149539,5.300618894126822,5.086050059266594,5.246727269873379,5.184036758785897,5.079508158345261,5.029422072998684,5.200687272907769,6.027133140616807,-1
486,5.09358198113544,5.315108166580517,5.085459852815145,5.230708149658054,5.198131983567257,5.085845125912694,5.046157983594366,5.20466306379822,6.025356227580179,-1
487,5.101947553524697,5.335883917592427,5.080636986325228,5.20409024335868,5.2105389355415,5.094397112228693,5.059064370475716,5.210123329442858,6.025696492305133,-1
488,5.101706351271906,5.358360982424928,5.068082435234398,5.182357909303413,5.205248986568149,5.102079610922686,5.0751409411322514,5.218290784318299,6.022353355187873,-1
489,5.086474336593587,5.377570292435772,5.0641697243642865,5.159830883758111,5.192581476637036,5.112466490806055,5.086579207106797,5.23662318738206,6.027790693151943,-1
490,5.068994691707774,5.38689207380895,5.063901112172697,5.1241761686542695,5.182734074455197,5.118121552215612,5.101215486740353,5.245670734169849,6.028235641552942,-1
491,5.062321043460167,5.3831985802403635,5.073358099455445,5.096635130904344,5.160768800059698,5.1284105004988,5.105827597646609,5.260029165288332,6.025812743430581,-1
492,5.050087415534364,5.375944808185629,5.088182637652307,5.074231328316431,5.138505894619497,5.128150369574745,5.106872367299922,5.274970474149912,6.021120095240122,-1
493,5.048318266662997,5.373619548632157,5.114784969583235,5.055490670855186,5.124388963933755,5.129643995499684,5.106027019456599,5.285954914634205,6.022276515542956,-1
494,5.041802363686042,5.382022972907914,5.134505959478154,5.035464409980506,5.105727754095948,5.133911306173181,5.1110564839896995,5.292931099133774,6.0317246328243606,-1
495,5.043240734326581,5.385421747369127,5.1551324581418605,5.024408459957287,5.0890957288371785,5.13937781709457,5.125195138841203,5.290224271090847,6.024299642280659,-1
496,5.0453681140012945,5.387376648727963,5.180505370838482,5.008871638531341,5.083259234686144,5.140431459927673,5.137281846252122,5.289464366036432,6.045918949919815,-1
497,5.059484548800611,5.3867469516566,5.196225748145807,5.0071692607275065,5.077528044896073,5.144188598377631,5.1433006348552,5.269458996734824,6.031836970227333,-1
498,5.077036773279799,5.38926659672981,5.223108317290391,5.008542266086023,5.071297304293515,5.141541098229192,5.151271342443516,5.247254167362223,6.031823867514559,-1
499,5.096361344829544,5.399979248952682,5.24592976952126,5.0203091469520285,5.084989413880946,5.13611828735957,5.164357250895343,5.226216181970745,6.019897849232209,-1
500,5.119211886350369,5.417584315644888,5.263989733011447,5.033453360388305,5.106526960547777,5.142275604699263,5.178561385190517,5.210621715297107,6.028233213743504,-1
501,5.123938469986572,5.418816720918296,5.260255628156852,5.043889323522288,5.1309388219505,5.147759050928253,5.192709237177625,5.192961988685824,6.025355531255149,-1
502,5.12722627996415,5.414931112762542,5.252625979589668,5.063142317066518,5.157130880837487,5.1539576292696845,5.203152249363894,5.184494179102931,6.029073376735987,-1
503,5.123933652965178,5.407910364393874,5.248994277635998,5.075145901190977,5.180459272087236,5.159944491918826,5.203884333393913,5.17941998967137,6.015632052219796,-1
504,5.126778938568909,5.400838804756013,5.243966272679159,5.094002706367536,5.201109569380016,5.161003967750579,5.202875731058924,5.177005706962518,6.028642197178219,-1
505,5.116552614711508,5.397752518055595,5.24537335344254,5.096667076319983,5.22060466573652,5.161609054236651,5.2003685845877445,5.186625538381894,6.021598002233725,-1
506,5.099398052376606,5.393295147242447,5.229650054848439,5.107755971528006,5.233194162790708,5.1608320304088044,5.187714715392566,5.198846286377865,6.036421477473661,-1
507,5.08058312428451,5.391591321230812,5.213493507037598,5.108430426360987,5.229379882823682,5.163515186488227,5.166165129114486,5.211885147160926,6.038798386866453,-1
508,5.06138342246636,5.383640807203793,5.1899349533714245,5.111961696591514,5.214983466987132,5.171076465007305,5.144294575198584,5.232060776023038,6.027146099668665,-1
509,5.0439144146610495,5.378034672640281,5.1841019337662155,5.101596985167447,5.188180018511207,5.172381758091943,5.128369977127702,5.2544645549628175,6.0283218707880115,-1
510,5.036168337193935,5.360193035952603,5.183728049445204,5.08919802631669,5.171276255534941,5.175524745770186,5.114627670058509,5.262864397957843,6.025053764076146,-1
511,5.017848357437904,5.3476096605541015,5.17943269386477,5.0770843631433555,5.153773506619693,5.183441399061978,5.098882569306438,5.28039124737587,6.032414803972639,-1
512,4.996242080201943,5.318360769121686,5.169670769520413,5.052507013535483,5.136068784525662,5.201545922972382,5.078788484661072,5.284508536234544,6.02825206173519,-1
513,4.979494650654623,5.292615437579517,5.156839837173616,5.038029628771836,5.127779779605709,5.2161192356711386,5.070339868331893,5.273891992906341,6.028769830922355,-1
514,4.969418723903652,5.267813510420508,5.151994794050882,5.026451591028809,5.135502957940785,5.23306969727142,5.067975867288045,5.263756163712257,6.0322795039289625,-1
515,4.950367238602734,5.245498760345277,5.1481850868584615,5.015486258481107,5.1472014428594015,5.2486534613839435,5.063241125426781,5.257445305364412,6.029698919001597,-1
516,4.928968664554153,5.220783060100088,5.153309575655957,4.997550731273193,5.1638411036546135,5.254283631706323,5.0597159215571255,5.244088923304224,6.0262943887010865,-1
517,4.914577077072318,5.194202182158127,5.153723140821771,4.995514846298064,5.174955280146445,5.262363713471094,5.056010805764354,5.228571218038057,6.023609403179055,-1
518,4.897873118063096,5.185382168898122,5.152625266525016,4.990834442895361,5.169572176477369,5.275157622484236,5.051930291413984,5.222228431487606,6.03153502969634,-1
519,4.8972230920486215,5.179985466647937,5.1582984582378595,4.981464321971376,5.162906937293343,5.279681434334756,5.050017101653426,5.2115598066847,6.032786019039517,-1
520,4.891503810230158,5.173690613950301,5.165886078685441,4.970170841282913,5.151205778617981,5.285153802418421,5.050445368404088,5.2014937909020045,6.0356698581763455,-1
521,4.883193892956224,5.172587339292593,5.164943306083069,4.958449071220769,5.131951384206415,5.291675921116212,5.038571193396539,5.196532041406816,6.029999440364655,-1
522,4.866130516791282,5.184622866891932,5.165423523538626,4.94507352665248,5.105587288270619,5.301821368128636,5.028012837353837,5.192271999822205,6.026404788222683,-1
523,4.857715555338462,5.191167673803475,5.165721217471657,4.936145020765383,5.070341716224986,5.314120213100426,5.019933300900843,5.1818492507372405,6.032845372962278,-1
524,4.857313425418102,5.197428372528432,5.176328895407167,4.929838682108093,5.0345308500562895,5.318789528191322,5.0082056539740645,5.161498106301054,6.025203060579297,-1
525,4.852008338816051,5.211500007977355,5.172030248458646,4.91915258984274,5.011165138031815,5.319923651730421,4.993787169695391,5.143031756615222,6.027153163149116,-1
526,4.8448517751404,5.215736686075795,5.175913091293989,4.903639959634337,4.998276855434989,5.313459876790083,4.974629250045,5.120977111796381,6.042468388926511,-1
527,4.835748789616072,5.214838435793247,5.177417801339588,4.89199017266291,4.995580680633064,5.309756811458735,4.9562109198426505,5.092911436185635,6.029159178261904,-1
528,4.829459551440831,5.228002359482642,5.187502614399551,4.889228636086661,4.996025498767122,5.299804054886868,4.933057069805576,5.074245132210215,6.027367428669831,-1
529,4.829285637906027,5.227859011482895,5.202855266280035,4.88491054490098,4.997088930571557,5.299005346870627,4.913300305244113,5.053018798858322,6.026118227923379,-1
530,4.835983684774912,5.223217329865823,5.213841370832599,4.8809048331386915,4.986492448937929,5.297449211480316,4.9021062533047255,5.032497042942452,6.02291451606244,-1
531,4.842010679343659,5.219624900747295,5.223960093738874,4.876803715746515,4.996082772639533,5.293270885621242,4.901796810893101,5.01779220901316,6.021361419097831,-1
532,4.841379991493789,5.22632582077083,5.220790098616135,4.873518858352701,4.9996036637839945,5.2921858599928635,4.910385405635841,5.007023176524801,6.0372659609298385,-1
533,4.848144703822623,5.235457960617551,5.222109699471691,4.878941935616429,5.003324867320816,5.288078309235417,4.913302489461947,4.9912443868208225,6.024288645414638,-1
534,4.849926406389544,5.25112200561334,5.215272595923556,4.897335320866541,5.001394476135855,5.273099159486609,4.924325546111946,4.980135562070406,6.02608367258232,-1
535,4.849362711566204,5.265325829478748,5.206763895448321,4.915223762288638,4.998263643622808,5.258901547750974,4.92608151725106,4.986654710562766,6.02540884670456,-1
536,4.850938929696216,5.268267078382191,5.193006137550335,4.928210047843164,5.004097059039947,5.236923437357306,4.935438889346555,4.993763556213807,6.023277938075317,-1
537,4.850636155549515,5.275294091668041,5.177817090459833,4.949696667473161,5.021612603125139,5.207558439389746,4.955830776067209,5.001876999151908,6.025360776790938,-1
538,4.855120079437615,5.27711955252193,5.165001638210393,4.969823890838467,5.047481645436791,5.173743353382006,4.971858641622334,5.007899774590236,6.038032296196005,-1
539,4.853054046221345,5.276845149449198,5.139918167432769,4.982415332189792,5.068211121931608,5.136039872710731,4.97749020828491,5.012096765229018,6.030185404439404,-1
540,4.8588877273839755,5.271604202345934,5.112377619539455,4.989637854261849,5.095720210903947,5.105522408067306,4.972772154168638,5.016222212566898,6.024557344187422,-1
541,4.870394740942693,5.265096719634569,5.0849943824477295,4.988939758714521,5.123073199918222,5.078710527808926,4.980819860085254,5.022422701236887,6.0261489677098,-1
542,4.889422519395687,5.251672864411264,5.063268802498844,4.988132954512574,5.154699175154454,5.057221519522428,4.986743488017134,5.0285304461493965,6.03897294135084,-1
543,4.899773624402526,5.240529333167299,5.036408907908977,4.994064031585774,5.181322812403432,5.034791159652912,5.002972145650292,5.021262185282286,6.0222765998425425,-1
544,4.908717622251888,5.2407630412618635,5.014617313024682,5.002994857314629,5.196130037053358,5.026807662729442,5.023679687345145,5.0017623969122225,6.033088800220086,-1
545,4.915946831659649,5.237140942024294,4.988033402858554,5.010858009864915,5.2106336108708895,5.020599360754407,5.041108822877856,4.9846882888159225,6.033604206331219,-1
546,4.914301862355498,5.2220061013822585,4.957570298357339,5.021876999055841,5.226797050522132,5.027249931597056,5.0543321892783455,4.964807739589848,6.031667884643608,-1
547,4.928902029906184,5.200583787890863,4.935210976178441,5.032653131476669,5.237479688918976,5.033842328612129,5.072625388167688,4.944980325787551,6.037534983316476,-1
548,4.928834546222694,5.169233781390509,4.918977644340782,5.056546931121662,5.24587417241366,5.0419374364740355,5.093892021617524,4.9198747808018215,6.0363028746089595,-1
549,4.925657424661075,5.134632008101724,4.912140603850251,5.082147455929995,5.248755561538644,5.055670536047922,5.107079496586629,4.896349479196185,6.041381346561267,-1
550,4.919363101130558,5.1054162712580835,4.90694695624516,5.102865455120714,5.242124899574119,5.07711377162813,5.119160340623991,4.875553110953431,6.036680464963713,-1
551,4.911725832384516,5.070994704988749,4.913302345311777,5.123213260394498,5.2300852360766985,5.105565863706775,5.135846895243129,4.857919934847476,6.035285756063203,-1
552,4.909187837690654,5.0371239534353585,4.913092140933889,5.143243554319024,5.2177091002677205,5.128426779495172,5.139637587706698,4.846066934272733,6.033583858331936,-1
553,4.908163819436382,5.011608344885079,4.915574845786561,5.1538954485207285,5.206230122940921,5.152010219234225,5.133884944585809,4.82993498909998,6.033828602293254,-1
554,4.915359120730883,4.998325429178383,4.916387950657028,5.15353390662488,5.185658848782642,5.165200804557378,5.123069274832026,4.820128658935005,6.030385921249463,-1
555,4.916118964405128,4.994395307795445,4.923234100691156,5.157528611515092,5.175050347748739,5.186584175199505,5.109209927095122,4.820026756832817,6.040516420038832,-1
556,4.921775621778151,4.998547184203464,4.928869799766213,5.158389180041294,5.165649344721506,5.209539403581365,5.100914502722798,4.830440915925912,6.032871133542181,-1
557,4.914182894970478,5.007616478507293,4.92844390923897,5.155236599442697,5.166182045113082,5.2161632923797825,5.0996591935378035,4.8473744124746245,6.0330939528014556,-1
558,4.911647700125494,5.00934747537095,4.92191729793311,5.147070722721158,5.177115828996195,5.225574957330345,5.100383513119215,4.851167757717875,6.041284643550103,-1
559,4.9169277437487695,5.010426298159921,4.913235329859508,5.132271266172182,5.190818062592873,5.227176684269359,5.08249280954078,4.8552657040637595,6.031111120769485,-1
560,4.919511524655946,5.010338850888489,4.91555838568647,5.124490328646814,5.208929359294042,5.2328609897478,5.068109964616255,4.861697840248955,6.033542954223663,-1
561,4.917504353438751,4.9978889580639905,4.918887475694468,5.122833312465565,5.219484571334803,5.237187824215446,5.055878395491271,4.875562944036855,6.03319665115558,-1
562,4.915785288704697,4.972247803588934,4.931789455253394,5.12163560251992,5.242864863373392,5.246902118244581,5.049370072093382,4.8892123971758865,6.040511518562587,-1
563,4.919786305953832,4.9452700869464765,4.941852110894528,5.12077248266853,5.267155925370765,5.254100675188324,5.049373081631136,4.894440647914355,6.034656574458474,-1
564,4.926355856442486,4.916843063623354,4.948744976244034,5.1140471341350295,5.298780376503157,5.2510979176392745,5.045295368813271,4.906483598849782,6.032265012518965,-1
565,4.941600472944206,4.88209109874758,4.964447302345548,5.113501705311008,5.32253842139988,5.250363443189103,5.03571077121569,4.911279470674148,6.040389454901381,-1
566,4.956488246252683,4.8526512136809625,4.99022710703225,5.125402445027401,5.341459830896005,5.242691672218804,5.025304263342159,4.923767754014745,6.039675964303974,-1
567,4.977865981513418,4.824804630204022,5.007886972262988,5.1424589014521365,5.370001777580976,5.2265226515083745,5.02916306602826,4.933233462228134,6.030284637085444,-1
568,4.998500097229022,4.791784808568306,5.016391148462568,5.150089906777417,5.399149446901799,5.2100124643594965,5.036310662872729,4.952791313743079,6.035036604857979,-1
569,5.014959251073445,4.771290350065139,5.034030185764037,5.156402589646153,5.4255019425736855,5.201433481327003,5.045497608032302,4.972691039417688,6.037680472424857,-1
570,5.025756244187003,4.764768707339139,5.0423421181686825,5.166772708066237,5.442372748658455,5.191692085119673,5.059869543509919,4.991939935700975,6.038780734485838,-1
571,5.0269289700564235,4.756451149658646,5.040708878821826,5.1823797678393015,5.446489428407824,5.187246921818713,5.069355748909074,5.010760586058343,6.029337303019429,-1
572,5.025447991335796,4.7540296256251535,5.046095048072305,5.200651759781041,5.444561347645285,5.188362918236528,5.077150396612326,5.024665684597151,6.0421743040630655,-1
573,5.023783707077235,4.755370372775851,5.050324910813664,5.211971855350068,5.4455910212722936,5.197487113677717,5.082373304883133,5.041675233087625,6.036953625840007,-1
574,5.01882765740431,4.759897864354056,5.040009939414793,5.209265212487484,5.448132455190648,5.205267433935604,5.081652543798334,5.058041129889345,6.03917973651969,-1
575,5.009994390338413,4.764140119919719,5.038134642941223,5.201008875292169,5.4474016010450965,5.217609748047104,5.0796061170343325,5.080867328711893,6.040190134611987,-1
576,5.007132603735669,4.775235883550061,5.038363661880586,5.195899638737969,5.445382772775999,5.226822823236627,5.0768062848564455,5.095149129187532,6.040831189332848,-1
577,5.00592377267127,4.785796345036832,5.0341943602515675,5.196673622568749,5.437784681993572,5.234198727764584,5.072323834614935,5.113123645607118,6.0418712093377085,-1
578,4.9962115472425435,4.794153192929827,5.03214600892558,5.197695984984399,5.423834717979857,5.237143947790688,5.065465661194808,5.126406109950698,6.034763295731776,-1
579,4.987190042475706,4.799302566965397,5.040344886262013,5.1974173923464395,5.412537665683416,5.231000809300511,5.056044021833014,5.135501526169395,6.0340763767011625,-1
580,4.979182750039256,4.800297242457509,5.038421753319113,5.194882708410474,5.406438620082364,5.231364318999901,5.0525805058940225,5.142869123265506,6.041223498524072,-1
581,4.971332294404443,4.8007898696910525,5.028346014108477,5.19253055876743,5.400678819533889,5.232986187185818,5.050018280615387,5.142977577246306,6.039728892616342,-1
582,4.963587053651989,4.796124997306113,5.016386990150467,5.19554098989686,5.400129425944247,5.233782558593351,5.050430050051009,5.141202598712356,6.041288733445007,-1
583,4.951894403059219,4.795661740797118,5.001721465377383,5.198272709011558,5.3899541009216545,5.241074257168652,5.050419201288431,5.135128184696933,6.032635398987128,-1
584,4.939820761147348,4.796111910423098,4.987883956978897,5.203721486889359,5.3786395256802235,5.244976197129104,5.054811471640382,5.123555077444414,6.045440809841338,-1
585,4.941884105370839,4.795390519250303,4.978700787559687,5.198370080953424,5.377447119743771,5.243991009009244,5.065171059725196,5.105000281535365,6.043383963191041,-1
586,4.950022964792514,4.793984801699335,4.970366915831576,5.204232609049207,5.3886354201497095,5.2394658348669525,5.078469740589293,5.087275499056298,6.026991941929644,-1
587,4.9666803686119305,4.792280681222352,4.954065380875885,5.201093659641833,5.395853020677435,5.233873523123361,5.089699785537171,5.061024548498049,6.027331318169043,-1
588,4.982213650055942,4.794352987853353,4.944376580860779,5.206558925164786,5.379515555199805,5.223869924987838,5.098053790457285,5.032769561743362,6.042650861021589,-1
589,4.990646500836824,4.797938643631666,4.939564740332115,5.222246576510424,5.365124381156374,5.205131421417725,5.107781163063851,5.0067342463161,6.033154609429415,-1
590,4.997121495092041,4.81131902557125,4.945675103634471,5.23990188788142,5.347681787533766,5.191201078569117,5.118465832766663,4.979893010215141,6.038992133434878,-1
591,5.019765707791071,4.821723036642427,4.949308844931813,5.2550770668064,5.336648733199094,5.17481871068446,5.124408985654265,4.955091642492411,6.033720478801105,-1
592,5.036918817040073,4.825864448889274,4.94610319011948,5.2704599966634955,5.322571259998687,5.157549866133143,5.126237456038464,4.9443029850036275,6.042552056187637,-1
593,5.044293684589088,4.824917011414783,4.93443415835692,5.296231965232484,5.303810606288646,5.142114283574655,5.129548534574597,4.941646722078708,6.036038943766915,-1
594,5.058373813076802,4.825588131142475,4.927016755563859,5.302751555995361,5.279514790912811,5.12647070243525,5.12506712877796,4.941136832462186,6.03384799658561,-1
595,5.061090484105269,4.833454700709382,4.929644132338301,5.308511303008621,5.25404285898977,5.113771403206066,5.122651151776874,4.955493774218546,6.039616991917249,-1
596,5.0637398876548145,4.829344891036891,4.924749268622593,5.301227594315109,5.240456621352779,5.101833969246746,5.11613532289554,4.970813439794322,6.033465149282032,-1
597,5.071435156705857,4.83478988792115,4.919557165565226,5.291233620279671,5.221709902217204,5.09222040845262,5.1188564987689364,5.0004948274778585,6.045563414914331,-1
598,5.079902715485197,4.840848597330403,4.905249602233945,5.272313450068868,5.195630962495329,5.086396175407632,5.121255133080334,5.024913089302225,6.036878611297622,-1
599,5.076060231474566,4.850407559983029,4.894790632739719,5.265864025694393,5.160614383114774,5.083832855370947,5.135923600351433,5.05373606991195,6.035025581422492,-1
600,5.069954673291269,4.874601279738089,4.893037220240783,5.2513204497755,5.13140176207341,5.084797127198446,5.1391221894692025,5.069328653594968,6.038576807888336,-1
601,5.067590074286512,4.895246935247843,4.905034424518736,5.226879884608288,5.109430915322904,5.080139102999234,5.133012925371716,5.085553233420534,6.033668325261383,-1
602,5.0574605927622,4.920240106703209,4.909457141062413,5.216687279641229,5.086372547437097,5.082645233096788,5.133141088202512,5.105840303383203,6.040877445650506,-1
603,5.054646879022279,4.94215432474667,4.912494196488576,5.210590540158672,5.06111415072629,5.088659580599939,5.137891200948363,5.116782740532682,6.037479881364189,-1
604,5.048205723256084,4.964847716409992,4.928840523025298,5.202229310224084,5.041253667584725,5.088153148616602,5.147743286591231,5.1295456421271854,6.0307854041886895,-1
605,5.039986037292838,4.983818252092148,4.9562711538391575,5.185144577242268,5.02681728673244,5.092066401619285,5.154541004413813,5.125231684417793,6.033071187694186,-1
606,5.035754525649979,4.990221319065952,4.989553725755436,5.1777332294960265,5.0223206915504415,5.087958733889956,5.162963940064097,5.134814944097842,6.040507420231055,-1
607,5.029583035597224,5.0033797000695746,5.030255918830597,5.166286748207253,5.03095337172466,5.075684782690395,5.156622189785324,5.139526989457265,6.034593566644609,-1
608,5.026283147109905,5.001892966201825,5.076836737565549,5.16365853814029,5.035635524821995,5.058771085736749,5.148274768610543,5.153725088272167,6.0403818036478985,-1
609,5.023452464785852,5.002397564649863,5.107770871824078,5.161978740981289,5.036759402753345,5.040607186988769,5.138297385606017,5.159400829992432,6.0358248599188595,-1
610,5.029168924089191,4.993672969990054,5.134408605176293,5.1568843760899865,5.046042886071436,5.020385598561083,5.119633751019012,5.167105881054617,6.039806086192644,-1
611,5.025654618716,4.977030803125782,5.162266738322861,5.150126749340242,5.061800439897195,4.992986460679574,5.104308699719608,5.173615528585108,6.038976290062644,-1
612,5.020595916330854,4.970112270733186,5.182011133502973,5.150471614004343,5.087162366950855,4.979243615538535,5.090281341450934,5.173496415362086,6.036760764656553,-1
613,5.022081843719745,4.959859530898853,5.182497265915252,5.152207096831413,5.107773909599165,4.976348928238087,5.073997776232544,5.1783883228499255,6.0422911920195705,-1
614,5.0300261912477,4.958253407470812,5.179704276065504,5.150304793106024,5.1201303733790064,4.9815727233029685,5.04960912878008,5.1804234735008485,6.038353741108724,-1
615,5.043312046970173,4.954532951784903,5.162286181768896,5.146297271179077,5.13074866204807,4.976298746880238,5.040999338786865,5.189043590912068,6.033119028226868,-1
616,5.057180943481961,4.958932972333869,5.131421057779117,5.133023743220516,5.147947477302988,4.9761500851517235,5.04207471442904,5.1904204097738855,6.045367403010843,-1
617,5.074275013642193,4.974486057246006,5.101687270505649,5.127420186406562,5.161705003320132,4.982412983890363,5.05409252736193,5.191729995527797,6.031732419445256,-1
618,5.085690107496762,4.998582459115894,5.083948882073659,5.116859508917647,5.168936205838198,4.99993726750033,5.073120798955742,5.190051327048974,6.036517749378909,-1
619,5.099625323226398,5.024378334848199,5.062720867423863,5.113832846294272,5.170660331414245,5.022618023494824,5.089172913603864,5.19010361916107,6.036064191765846,-1
620,5.114577278771666,5.045006868587954,5.0491786974385935,5.108040273445919,5.165095190308086,5.034493253725228,5.10070906191047,5.193922872771691,6.038990489385946,-1
621,5.115431198527491,5.071790127075174,5.049456172250342,5.11172821259981,5.1601676623291,5.042859407163247,5.111197672544041,5.195873204347449,6.039813886839322,-1
622,5.109069132270561,5.097163372869792,5.045677780065696,5.103974485537397,5.1622912897724405,5.042976166630202,5.123555426102327,5.199100412474697,6.034788270619213,-1
623,5.093613915620281,5.1147964290641035,5.044923095865585,5.089470300113629,5.159915570265034,5.058331009367444,5.131182352013645,5.196028606118768,6.036824631715144,-1
624,5.085197731087143,5.130404348637231,5.043438890395023,5.082391129907757,5.150103169303146,5.070079462684328,5.140538744524189,5.195839868648449,6.049192731308897,-1
625,5.086094006345255,5.140801071187074,5.046333034470811,5.065418264112967,5.147092195328358,5.081060391407588,5.144169198701065,5.196705178010894,6.03562783793156,-1
626,5.086093919751773,5.153520922102595,5.045812390095587,5.051966334816633,5.153210008163386,5.083544707054455,5.149840258519941,5.2014811171961535,6.045222259823127,-1
627,5.080108653925699,5.169236566798909,5.050750590542737,5.0484134152327815,5.1627434341831995,5.085567588522014,5.154203606367389,5.218860329404645,6.036180540417684,-1
628,5.081151499533722,5.1881065355986555,5.052165116751636,5.047853983187931,5.164890376903053,5.0871382857912195,5.159263649402698,5.227506807392451,6.040418965557795,-1
629,5.080353333037801,5.202817768977703,5.045848588248197,5.043164288715711,5.163408127414807,5.087324893374946,5.166547127123995,5.229431202403326,6.039635965503484,-1
630,5.078164088524002,5.212409420095315,5.047322151096643,5.042985048655368,5.1571980697352595,5.088096762518061,5.175537952261507,5.237556366452857,6.040003531392823,-1
631,5.08098226994255,5.224278024897206,5.04727448955375,5.049113754446406,5.151814880428271,5.089385698774791,5.180045238599271,5.245434050350659,6.036760122937699,-1
632,5.0665531484080795,5.229486582523102,5.0403549891690345,5.0540980203249815,5.1487575240817955,5.096487662657457,5.181850612459286,5.25234572447377,6.046051227037579,-1
633,5.036602993860305,5.2308980789451605,5.037452988787188,5.070509386983213,5.1381540284988265,5.104135591632781,5.175347954717247,5.2548725772161164,6.0400079529452695,-1
634,5.008469183486805,5.221117971342389,5.034824289518091,5.0844879949905115,5.11664702065606,5.112518807390657,5.169012411838952,5.247216084473883,6.035502280009185,-1
635,4.993673319919072,5.2181135649733825,5.014924111261983,5.093059280643261,5.10785270419478,5.115039260985212,5.162632737820742,5.233929357996378,6.036799874954925,-1
636,4.966245962632962,5.220861080427551,4.992061961802118,5.108291945396256,5.106324213337519,5.1127213137964285,5.161727230756585,5.225119329420017,6.040011421104281,-1
637,4.940592865760637,5.220486266557215,4.966169661370056,5.124827570390618,5.109622413947512,5.104800155311867,5.155523194988203,5.2319098300545,6.038381092328657,-1
638,4.925205838697218,5.223480830260147,4.935275558175426,5.149041492230471,5.122040648753067,5.10068015057253,5.152641057983175,5.230237371061263,6.038662423899418,-1
639,4.89740846291711,5.229700971714331,4.914873773659737,5.179647341326881,5.1241911102283435,5.093374827869432,5.152638531205906,5.230468930299224,6.037991220555374,-1
640,4.8801384514308275,5.240923467348342,4.909186542115087,5.211623171552684,5.13524263616297,5.086243140476129,5.1459643249957265,5.228436967181296,6.044783815530136,-1
641,4.858833198871278,5.2490522291440875,4.905903771487098,5.234643804103877,5.149201816851116,5.077445917020706,5.1494640794214375,5.230413128487286,6.036518259625126,-1
642,4.832289046869846,5.257516979954635,4.915237215016499,5.260561695395507,5.173104552302426,5.060999359199339,5.147879553732518,5.234599003457597,6.039326369470927,-1
643,4.806503865652836,5.263246006100046,4.9334213625455305,5.275957509081463,5.190788419501195,5.045459226638948,5.1456811804403,5.234103383824239,6.032172873813723,-1
644,4.795774216788592,5.263420100289651,4.950083165976666,5.286664612631023,5.204699347836283,5.039670986437396,5.1335309605327275,5.247784849478723,6.038486829392504,-1
645,4.7917900883976445,5.251089167902316,4.977033529127954,5.289537296524135,5.212007288245378,5.0309519451803535,5.131362062055391,5.262217606535195,6.044533841209718,-1
646,4.7835334852245435,5.2415726760642745,5.008052886699591,5.287889123052166,5.205485406176749,5.018179100545828,5.126330299338138,5.2711700274007995,6.039809733316657,-1
647,4.792711572093284,5.220088036148419,5.030394523832637,5.275050192476003,5.2054688874113655,5.0020005376522265,5.110955379478887,5.2662517979324015,6.041408867800839,-1
648,4.8000517446508075,5.193365987945986,5.050365146075606,5.261437682290648,5.197365114862546,4.982905155456038,5.103143181871289,5.25605551588364,6.0416289098477005,-1
649,4.810735555054781,5.168357331579283,5.0636445093387605,5.251674569886237,5.193578348841457,4.964659982249008,5.088089273610227,5.245383142294475,6.040856486397344,-1
650,4.825982912398046,5.144355777218205,5.063959959199574,5.2335657802426425,5.181646115386444,4.958114476409506,5.077957990828177,5.2356077750883285,6.044782632252837,-1
651,4.8343504374895385,5.122796545509972,5.071868966100768,5.21315471536221,5.1545319356455,4.955394300380996,5.059188644020927,5.228346217795476,6.052622231474698,-1
652,4.834943434427761,5.098077024771802,5.0864106762350465,5.20098981215388,5.126352961721085,4.96109340347531,5.0347227436771975,5.209204824075263,6.035176920375218,-1
653,4.850246004012366,5.08735607739678,5.097009413590873,5.201859478880873,5.103955313590852,4.976770443731261,4.99206973132858,5.18733830536373,6.035489314114503,-1
654,4.8560388558526775,5.082443164813425,5.108665413608611,5.208798546082251,5.083806948379876,4.99392148542586,4.9516838748540435,5.174727019016852,6.0376240798730745,-1
655,4.855678417088229,5.092453363222593,5.124849760179007,5.2297927973191465,5.068110628286963,5.021569673832557,4.920521529491202,5.171106994564777,6.037602226717569,-1
656,4.857606993295629,5.112533873486429,5.146566848776924,5.2570947872994855,5.049469980544904,5.054599909091955,4.894502221238238,5.17512633729457,6.044601356595298,-1
657,4.863415527662464,5.125408548765081,5.168208594735485,5.284297356939009,5.03219148359414,5.0854298421483675,4.869019719825375,5.177093381786609,6.041409075713982,-1
658,4.87164926332552,5.136576825964053,5.182645358786927,5.3254604744354666,5.0167798190298125,5.103450888795346,4.838769553582577,5.175856247956068,6.035440580776406,-1
659,4.878197517345079,5.151392976186971,5.181173449419788,5.368533161886317,5.006813752488158,5.128680455661542,4.81824564048647,5.173617768523867,6.03905500178763,-1
660,4.8853926284894005,5.170099020487392,5.169880751825815,5.40527366170412,4.997113426284475,5.138479823903164,4.806574498124581,5.179534354426153,6.043107655455363,-1
661,4.876002024663698,5.1863488802158155,5.163702804344595,5.430207814523628,4.993431219789983,5.145704610289318,4.807686261630291,5.191053532024205,6.040964805730178,-1
662,4.878843005149286,5.1865323028916555,5.152269756227957,5.450436432955599,4.994358950599956,5.149184177495738,4.805257123755435,5.1983300278918385,6.04798650192845,-1
663,4.877390457563517,5.175771653698665,5.13639718443783,5.454058296318818,5.001547214102552,5.147422641493223,4.795882539180358,5.198201274244923,6.0415120219413465,-1
664,4.876749843154007,5.160225245689414,5.114835277275569,5.4541631450674934,5.008063748660964,5.142003885316845,4.7812668490115735,5.191647937429097,6.0386069539344795,-1
665,4.869508159642633,5.150791236642472,5.096292959035252,5.4469610144151694,5.011155077757266,5.143405881038487,4.784063018594087,5.186251701442174,6.040769622560137,-1
666,4.8557724169259995,5.147335102476186,5.08122037865607,5.427579173104253,5.017744201128662,5.151006664177579,4.795333147043603,5.180050866532969,6.0490500751724685,-1
667,4.857955264690256,5.128940570555631,5.072726626389272,5.410101628404051,5.035888290130259,5.154672095004972,4.80477569491977,5.176668656512078,6.035087039167201,-1
668,4.858370035929151,5.107245766411531,5.07356606086932,5.380034446934662,5.051641387446647,5.166491931601249,4.816576390282783,5.17098460301673,6.040287834704698,-1
669,4.85592429491045,5.087867217017801,5.066586294543022,5.355407395764662,5.063764164936209,5.176692402091643,4.832872373063557,5.149381904836964,6.041535103982014,-1
670,4.8545295904780925,5.07172298131275,5.067357953696164,5.3278961895729,5.068678527726508,5.191083142259965,4.852558484367097,5.127302849891242,6.044691351131011,-1
671,4.863700195612844,5.060336745498916,5.079477028365327,5.306994335994034,5.060810415724279,5.205554796133355,4.876271264405999,5.107928733474205,6.0472061589804085,-1
672,4.867861920376088,5.042930643306784,5.0892172767249,5.278732727142405,5.0632538409181205,5.211045777580738,4.881254247573083,5.0963551785299614,6.034469096725428,-1
673,4.877618050526101,5.029053685642481,5.093159145766504,5.256863842492614,5.068540033931243,5.219576779645028,4.876284360663116,5.093790456712663,6.038756904229407,-1
674,4.8907097280126175,5.017971446867965,5.09601556760288,5.25291843247772,5.080436860404092,5.228060939211745,4.871428208284024,5.091558046214862,6.038667211833653,-1
675,4.900956179402925,5.010270886164838,5.097199362880021,5.259290068004133,5.082272926712608,5.230845390761665,4.864804650615893,5.087501160224125,6.041581214258011,-1
676,4.908685718351909,4.998239297014021,5.09824382298442,5.27555865604357,5.0822407633845,5.22973517016058,4.853165392608809,5.079647716474137,6.032754362392987,-1
677,4.923275121842684,4.985705856444939,5.103973683664927,5.284685528947688,5.062888129316535,5.220720054427697,4.839851996472731,5.069667684167391,6.038578249278433,-1
678,4.925047839415346,4.976708541909157,5.10226273012131,5.297785263478032,5.055300027513895,5.2045130111889675,4.826251887415462,5.066931276320462,6.042741652780103,-1
679,4.919287656811797,4.971866432043798,5.085219401802457,5.315763775583795,5.057580850398656,5.189398619680497,4.815687760926856,5.072718981630244,6.042151532906472,-1
680,4.921548154077916,4.972880095290441,5.069081171062795,5.333171196477028,5.056419914686957,5.191884766912141,4.830223904701349,5.077092357690726,6.0469244071252355,-1
681,4.920862636837306,4.9773648343913335,5.0559131503854715,5.347204105364605,5.048980082587043,5.1860274606991545,4.837927567298903,5.080549167414306,6.037677184014422,-1
682,4.922927935685185,4.9822040914878265,5.046111228077821,5.354535030436083,5.031970876651952,5.183363246722508,4.844895084780899,5.086172442279639,6.038215989637987,-1
683,4.914087232408821,4.987331517824935,5.042589212029894,5.35239927815612,5.012749986220691,5.173597858907236,4.860721966377355,5.098424362515963,6.04817071984679,-1
684,4.917228121463435,4.99892639732392,5.037995669152528,5.357368969863452,4.9926898167387135,5.1635663824183515,4.883797648712696,5.104761528585056,6.041888110270883,-1
685,4.925052707041138,5.014290179826234,5.028761047859082,5.364356012168919,4.993305030208043,5.167738460887641,4.904866817722651,5.118784856793151,6.04293149682461,-1
686,4.932682579395571,5.029196471461709,5.023421852664389,5.364200559567122,4.987707199362449,5.180327471701151,4.923761732703839,5.126059066406458,6.032880639946633,-1
687,4.947407447529867,5.036527861332032,5.0258196350621755,5.359760201347064,4.978492886274967,5.191736470528023,4.952430497967449,5.1347543819118275,6.042807988617706,-1
688,4.958002123492179,5.048035684592392,5.029100016118245,5.351732227559731,4.970166857320813,5.195509368943788,4.9674153376577515,5.14024104472203,6.040601466618659,-1
689,4.969751561732318,5.044036652387895,5.027676867188642,5.344486364906518,4.968280215053172,5.197706750854833,4.990931938879735,5.140984309151008,6.043513982395085,-1
690,4.987677078644846,5.036103428303018,5.024089724476767,5.332304316772501,4.9725495290591955,5.195416974139651,5.009433254042995,5.139219981816187,6.045460049819481,-1
691,5.01098274997682,5.028344325345669,5.025133883043459,5.321022428159694,4.9806254422254765,5.2094990365945115,5.021998182771572,5.131389978196358,6.046417488809495,-1
692,5.036006879385367,5.01405652630685,5.017351951868499,5.29684303207386,4.989881990037393,5.212708384195443,5.034316349294205,5.131139405266684,6.036755988713338,-1
693,5.052889093399745,4.997774946510125,5.012166286704594,5.277267873683545,4.997328155422072,5.215236132963306,5.042366776640992,5.129657569880146,6.039707068749108,-1
694,5.070972973161423,4.981186060492414,5.004949538820767,5.253458969514195,5.008545432763435,5.2140616438191,5.056739156073097,5.125253622967845,6.036910442418656,-1
695,5.084438653481169,4.970196664862418,4.995789041705332,5.231328395007239,5.013705257552781,5.217651776004545,5.063640573491416,5.124775137984566,6.049426473594698,-1
696,5.093848269151857,4.951752321315496,4.9913632509469945,5.204455932572529,5.012308025517178,5.2181672715670855,5.080706989271098,5.13662660483506,6.045703395480786,-1
697,5.111240038998662,4.950509709970019,4.995574327178609,5.177718963951677,5.009999877756111,5.2191631399106555,5.099095211417549,5.150462940356864,6.051773813468798,-1
698,5.11842661025908,4.943499359468882,5.011894026485298,5.1641695683076305,4.997642333097161,5.223822401900873,5.116533627020543,5.167582918738754,6.045193236421128,-1
699,5.125437957758632,4.943108187644734,5.021399619143398,5.14835479919388,4.986957220549414,5.218969650223112,5.124597063710319,5.1861803936511635,6.036473165094683,-1
700,5.125241085791087,4.954095196759716,5.037861740282686,5.134773426823682,4.981962534157925,5.214431897104837,5.132283290986814,5.198895915572397,6.043884712515895,-1
701,5.130316580439238,4.964155480831056,5.055867480649267,5.115327029236869,4.974440168613736,5.19582483642628,5.137189377552392,5.211141190951542,6.0418424756628175,-1
702,5.134828091862857,4.975389583118091,5.067617119346298,5.110025112957547,4.965844255396071,5.177918849806484,5.13955434410942,5.214473237349206,6.040469146149826,-1
703,5.146572600061734,4.97531117647601,5.084571012218187,5.099433607971467,4.9678292199304765,5.162142382230589,5.137050460512023,5.197397720054825,6.0447124649346975,-1
704,5.158939826354144,4.976531900226078,5.096480944660181,5.106221622104945,4.968243443399874,5.145732601402747,5.136780312515046,5.177829898867875,6.0514752847437725,-1
705,5.166285836840608,4.970283551060144,5.111193622189914,5.121731567513391,4.972391406442778,5.128757782967334,5.131640774708251,5.141820177319712,6.041749586625613,-1
706,5.1731493385814735,4.973879991195661,5.126010220700763,5.123329052604454,4.986759926732825,5.114632405226577,5.126949851785234,5.107016020903482,6.046965306190247,-1
707,5.17161283068221,4.968582185447349,5.13945823121806,5.126212787757404,4.999059266886911,5.106626447423263,5.135797443929569,5.071360394187867,6.042606164559081,-1
708,5.16446154206284,4.95646561890537,5.1487676010125165,5.12762146772207,5.012473310602378,5.114604292603874,5.139250755971155,5.038981184699843,6.049091967529155,-1
709,5.1540294222287795,4.939945235321787,5.154108792747012,5.13508122850698,5.024450719527614,5.135044244385935,5.139543533125593,5.0108214513981855,6.040776074127089,-1
710,5.143682590439722,4.920022971163948,5.161697374984715,5.135267854943223,5.03258463175064,5.14997373967857,5.134727816008612,4.99301878926772,6.045374735350154,-1
711,5.122471640754706,4.910754250340537,5.166968963548418,5.141406399710126,5.033492894951368,5.166367306347796,5.129245553178974,4.985750949920074,6.036812630804213,-1
712,5.09733063211911,4.8971330960570105,5.176228824570675,5.139865310747158,5.031273282734157,5.18125376623699,5.122672318669921,4.966940978187737,6.047734252326981,-1
713,5.067880021756258,4.887740462027697,5.177025854444911,5.1339996102371925,5.029206485214365,5.192933384741608,5.117809710031364,4.957294115904123,6.050003989967129,-1
714,5.037316096383979,4.877163055686005,5.169896759385208,5.128762685592383,5.01508486533926,5.201683127466723,5.104774053174305,4.950833693358781,6.0458300406202,-1
715,5.0064488270677305,4.871454846671044,5.163333309254395,5.128794674165259,4.999598813623492,5.209546841294625,5.084390573741962,4.941604365155639,6.047638495106336,-1
716,4.978697436344598,4.8763877293761775,5.163687574537657,5.126554537998793,4.980512641933225,5.210707137890067,5.070445983152072,4.940989829955176,6.0419691262951645,-1
717,4.9425874413708035,4.8818144650637745,5.163240434866644,5.1128750288841704,4.973412147050565,5.2053903774800805,5.060900146669671,4.942477322170197,6.043197856378263,-1
718,4.907589593787137,4.894702943971207,5.170689012752734,5.099279013663415,4.966411475908107,5.214043958484813,5.054199675175871,4.951540285731755,6.0502644254585665,-1
719,4.885331837927695,4.909771498960583,5.169802018824175,5.086182102283275,4.957934825554235,5.205774063939569,5.050169417211512,4.953114725693073,6.048475475771901,-1
720,4.875517673452033,4.925432311136367,5.16971587593012,5.081190166632473,4.964964652486535,5.202530844406245,5.047084550024618,4.96076082383287,6.0365847688809025,-1
721,4.866620586098177,4.943656603824847,5.167698850520765,5.073895348667984,4.9680557127704486,5.200138883025702,5.043649968574849,4.969379287449274,6.056631869132164,-1
722,4.867472496953619,4.953342309144297,5.164789386043181,5.05879278468905,4.9735254380826195,5.190714879961772,5.04643256761357,4.97427047768779,6.050137608160073,-1
723,4.878972466416335,4.965254142746589,5.162202841523505,5.0415533821472165,4.9851600488580585,5.1770505937948155,5.059154057197808,4.989466408922161,6.050983356196087,-1
724,4.88488115522667,4.961275661832557,5.150673561477335,5.026680876068462,5.002060169181937,5.165957754650867,5.0634728633329775,4.999404465275385,6.046343777721617,-1
725,4.901548865093221,4.960657895592391,5.141749295344447,5.02429552285534,5.002123434101791,5.153632000148704,5.063149032895157,5.009808046471238,6.039856494331963,-1
726,4.911440229709331,4.958738498144217,5.132043583413161,5.027559901708127,5.007105027440947,5.1369234246465,5.068762365289199,5.010132729162659,6.04231515947356,-1
727,4.911988608477377,4.95350996255047,5.123881006803433,5.030115041997314,5.016747209926459,5.136264468445171,5.080846370047851,5.027340126283738,6.039054786917876,-1
728,4.905514005431909,4.954085600060186,5.110336050239298,5.025615897489602,5.00764071221496,5.134676992417539,5.0901216520638055,5.048914030334775,6.053357517348756,-1
729,4.89739539875375,4.945991634134079,5.090362384416285,5.019518348232126,5.00190994705537,5.130579706554312,5.0983990842767115,5.065756558137189,6.043364155402864,-1
730,4.889335339523988,4.943225223207445,5.073990034258416,5.023743858674553,4.995865519533701,5.135589557546325,5.1115771648904955,5.089167233511778,6.043670075162698,-1
731,4.8725945292588,4.9416701793205835,5.054004881770711,5.028803508424275,4.989546901303856,5.141336174717835,5.121110106638003,5.10713196384461,6.0426086995438,-1
732,4.872803615473861,4.936785728219861,5.035051885586875,5.04185845459664,4.984042927543311,5.140797128953702,5.130966253306563,5.129740778281016,6.0489234515310555,-1
733,4.869152046501924,4.930490073282583,5.019609821028408,5.0512982537296836,4.977646018288828,5.132029175905826,5.143481822859183,5.142176702711031,6.051401118856043,-1
734,4.8674713711585955,4.91994555643087,5.007264332754393,5.0567534050014045,4.967320139854498,5.126619303968049,5.153722534811541,5.148795859358776,6.035807966002311,-1
735,4.862603476225868,4.920298393400627,4.995248412991946,5.055916295899236,4.959027964918402,5.116052427304626,5.1562189210955225,5.147505187485532,6.03699235669278,-1
736,4.858196105955572,4.919281081826051,4.975484868056949,5.061837275039004,4.965949436295571,5.109617232255514,5.15820802969127,5.144806805914902,6.044692570744013,-1
737,4.858331287510633,4.9178437189943605,4.971630996566339,5.065853434151893,4.967711810529596,5.114733698790496,5.162662490983421,5.147750101984298,6.040023569478878,-1
738,4.864348255748701,4.9223384490758155,4.961332214740386,5.0666190817020595,4.967301393989745,5.114832334423908,5.165627911587592,5.152768175197108,6.040165384659826,-1
739,4.883197563724144,4.9265836610013,4.956018524590839,5.066890485600338,4.963180923431775,5.107344745130038,5.173824354911418,5.1491499546939945,6.038719219573681,-1
740,4.892003957620778,4.941925905971908,4.9653276167040685,5.06452672386405,4.9454979843372,5.103089729002642,5.191610554762456,5.1409083534436615,6.039449610824168,-1
741,4.909248653225279,4.957778600189937,4.972667465980663,5.063624985095895,4.94074894841603,5.101199462915096,5.212876698025671,5.137098255460903,6.052513846762059,-1
742,4.931172306854444,4.970397186510429,4.970202155866533,5.066816080323322,4.9288294892974625,5.090031106754464,5.229266504789671,5.137696113464885,6.038692440882293,-1
743,4.957495373782845,4.980462673920841,4.965009443193025,5.084058693751978,4.921040340015061,5.071603515791276,5.247079098234279,5.136781863135772,6.03505895557023,-1
744,4.97480266801874,4.9888744816698685,4.969345764131749,5.093430760844278,4.909157015412141,5.051915458552726,5.2600326682539915,5.133838834825067,6.03997733635864,-1
745,4.984413814822901,4.997032507680599,4.977949453951356,5.102026347942357,4.8915000334522,5.028614948706182,5.272928257214051,5.131853150384208,6.045774202833286,-1
746,4.983381467378735,5.0075109418810015,4.985170558638071,5.115269022143656,4.874031719733115,5.001405490649052,5.282071736212679,5.114718172093209,6.048165550504944,-1
747,4.971479272568433,5.017390747790062,4.9878636443075735,5.1250316252666135,4.85934754029945,4.98190430835648,5.281748083059824,5.1074676544565545,6.048679996191968,-1
748,4.950728688068015,5.03005712744887,4.981419567088788,5.13051048386721,4.850237425277735,4.964605568156739,5.269998567252803,5.094062588780393,6.0435000830231544,-1
749,4.922888637410761,5.039606155786709,4.965254780307672,5.129820011546136,4.837964879629799,4.959512880971193,5.267618413842133,5.082399258436051,6.043926873522396,-1
750,4.895800714173787,5.0443310298498725,4.945116435804346,5.1299382756264755,4.840066498158084,4.959411897733339,5.262644860494973,5.0685311400251996,6.041019310502376,-1
751,4.874744631672094,5.0344800760155515,4.935594308151154,5.123655452114066,4.837730614395991,4.965205236215611,5.252254185191499,5.053354645639079,6.041308789158228,-1
752,4.869480112255832,5.025267675829475,4.9265794909674945,5.1099383637607385,4.831906533857964,4.965213382557007,5.2480874367660295,5.032885611921744,6.046494751049354,-1
753,4.861970044478088,5.012331253330764,4.9093672114283535,5.092152430802797,4.827855836334557,4.971636509320249,5.235361058114162,5.014093852276185,6.042770452738089,-1
754,4.85157313922172,4.994540853110772,4.897540544259107,5.06852238979305,4.835177393767784,4.984958249658154,5.21567348502573,5.002884017547315,6.037063878321747,-1
755,4.844310582628145,4.97608702621751,4.887907699690127,5.052213496757439,4.8360107818062525,4.990909947236145,5.194780062459201,4.990487455562508,6.0479150512309126,-1
756,4.851281047156231,4.958931417455577,4.882241709211818,5.039174336809231,4.843721041475726,4.997927631682545,5.174148116783522,4.986005782591091,6.049226159882814,-1
757,4.871129749208521,4.944000857845783,4.893598500321735,5.03651640040906,4.8536923989549035,5.0025845839082015,5.150500966454173,4.985212999030152,6.0376289709788775,-1
758,4.891638906482836,4.935252686174776,4.913215724714851,5.030126944796826,4.86868437308497,5.021844039380692,5.13145448036207,4.991883533102887,6.044132544889342,-1
759,4.902655688683459,4.932706252173431,4.9312733120353345,5.015834954700834,4.879267292617329,5.045679853525756,5.109710886541975,5.003854353084168,6.04720690617976,-1
760,4.908630453447719,4.931404620758416,4.953653779008688,5.012354268178191,4.8990641635650425,5.067869289805341,5.08861014576811,5.015487143853861,6.042710227732611,-1
761,4.920432831491465,4.941723434760909,4.96999355027502,5.015544644656347,4.920271979572998,5.071736111795144,5.074767713628768,5.0263718311983405,6.049550618766041,-1
762,4.928566612528389,4.943180645263437,4.988021458650286,5.018451378372291,4.928473642543178,5.07632035718471,5.0693700744243975,5.035669269424737,6.038392656614464,-1
763,4.938348777763599,4.949748920733647,5.0073038685605065,5.02336559327821,4.9458179051972335,5.090151949726719,5.071440041601893,5.050952416360166,6.043560298901001,-1
764,4.940410768137081,4.950602238247337,5.025716003236188,5.025742817690863,4.9587530810977345,5.095971776337846,5.077630775119031,5.059029526891902,6.045786529468995,-1
765,4.937776748248224,4.948001301221961,5.0342636139169645,5.02927142829217,4.968292719682671,5.098950904103388,5.080538712058249,5.060928431375919,6.046489377503894,-1
766,4.933431240456084,4.950855804687061,5.040894170354065,5.031191697963525,4.9730386502630175,5.094040770952125,5.086168868637571,5.059285758185042,6.052273631962749,-1
767,4.922489126797219,4.95907770382141,5.0548651369994415,5.050368427020863,4.979200260275984,5.0815567991406345,5.093366517632685,5.060358398873522,6.038751524640578,-1
768,4.908829536826948,4.967190900069967,5.063464154509223,5.071664715240227,4.979514823000225,5.070801288339089,5.098181986432259,5.067607861771082,6.042551251795058,-1
769,4.896863150515271,4.980233167749527,5.075504115402249,5.09833593757248,4.981520466011565,5.077428381449384,5.0927125718960875,5.081693983315755,6.03988364099325,-1
770,4.897640277919861,5.000314810296366,5.079683208419781,5.11437488512972,4.99419872020151,5.0797120377621265,5.080009853274895,5.101062454165563,6.0446889611533425,-1
771,4.891256492245866,5.020758473601409,5.086366511133054,5.1247890581331355,5.008137645920931,5.085034124548062,5.059087355827471,5.120285141562916,6.0429740735788835,-1
772,4.893829471065469,5.04202191791018,5.104647672859005,5.131111954467833,5.031449392992557,5.090940041174416,5.033701220759456,5.140331146584621,6.041079096156961,-1
773,4.887551424872344,5.070342615542684,5.130216731470507,5.132547339452748,5.054738146094861,5.098907384568682,5.005967461283573,5.165991770376871,6.042963793101829,-1
774,4.881521077287233,5.096570981956859,5.151252304026263,5.134865959884331,5.0621019065289,5.1003542287123995,4.977043184780685,5.199011595397391,6.046195382404383,-1
775,4.891545609516904,5.120251510385488,5.1635385586656675,5.132855272186592,5.0753448391114295,5.1029463069425205,4.946387767944175,5.223721612498325,6.0458397087615,-1
776,4.905501112471556,5.148159604692854,5.18672815479466,5.122542236597413,5.08853236156631,5.107836632728224,4.917365015823996,5.252423503716482,6.049514130104407,-1
777,4.924750571644955,5.166893856143171,5.214646571066428,5.10721985712768,5.098253886967569,5.0993956537083385,4.904277248081587,5.2740317097836105,6.045959759810922,-1
778,4.935128573709708,5.184743999555413,5.245624496295691,5.0986658824941635,5.108459506176471,5.0987009423570315,4.9029101829633595,5.299232733505758,6.043867926570505,-1
779,4.949474875877098,5.19818561579474,5.279218853822246,5.080928559837846,5.117409999076452,5.091557017390447,4.907397625849551,5.310181466450363,6.0386248861754,-1
780,4.953839253205281,5.204571824427821,5.295294110389169,5.072109426382441,5.115082301421099,5.0887852469665775,4.914421352194799,5.322380159926756,6.039514404225031,-1
781,4.961241684135083,5.207424918423849,5.3130782470952465,5.05950640136578,5.119304644494483,5.075033881736605,4.9243517398430505,5.327153218705156,6.043543813058957,-1
782,4.978625080297213,5.206201387771243,5.338458194067446,5.046829350082764,5.134567173875406,5.067351222417162,4.9327310255384225,5.329113780195915,6.0441361065478185,-1
783,4.988521924898808,5.203311670868667,5.365687323611341,5.025402164103602,5.146136210201325,5.067404620527725,4.951938128527063,5.335973140324596,6.046461342754465,-1
784,4.997855685674242,5.198965753949289,5.382962474011117,5.012456330961135,5.160023038209047,5.063011001926833,4.973161060033986,5.335528362515903,6.049760220778474,-1
785,4.993906487100422,5.193544828037123,5.390129993563389,5.006697583067522,5.181627124353289,5.06868325936019,4.982526011685074,5.328088496115348,6.04215711117492,-1
786,4.987998826508811,5.184618838221526,5.388222582646712,5.008384895445707,5.199842035478009,5.076177907286225,4.9827641458536664,5.309283405735274,6.039827361851218,-1
787,4.97587491386007,5.173053292409171,5.3798034177326635,5.015021940715136,5.218586398021679,5.078175373745155,4.987952131581262,5.296230370315315,6.037136039247267,-1
788,4.967409058054785,5.183961045966608,5.36413881811837,5.009719685171955,5.2444099423563175,5.084314190629376,4.992544212316928,5.282787486311224,6.041798585021778,-1
789,4.964394831095936,5.200568457139105,5.3341519135871085,5.004161392984334,5.263425606338126,5.100539494158266,4.995935074526098,5.276295502495784,6.046483906713219,-1
790,4.952914225142922,5.224317338867139,5.306990206095781,4.9989508490530525,5.28183385309953,5.109711414819186,4.996096728975614,5.276582828967559,6.04914109672756,-1
791,4.9437422482107305,5.250413727921681,5.279101158977483,4.984571158150965,5.292060521242734,5.116194907831723,4.9873206955045495,5.273069793479301,6.049411320042157,-1
792,4.937834259543363,5.27679325945571,5.242184978254599,4.967481804959401,5.2966896508059875,5.1289886112760685,4.978828234279135,5.266584256528464,6.03858175338802,-1
793,4.929744708762509,5.297299731702719,5.224303468587757,4.946727558768167,5.296048916004496,5.134611092096287,4.974565873536589,5.265463709074961,6.047176068167421,-1
794,4.9269959610009035,5.319855985261923,5.218997623967044,4.9319115729294625,5.301934463417647,5.1357717483218845,4.968590649143992,5.255921788826776,6.048919338068792,-1
795,4.934941350140715,5.3325518907869975,5.2154254340639685,4.919248879935702,5.306543533102643,5.1381953985490885,4.959413220507364,5.233437969761285,6.048773392273845,-1
796,4.95188599198074,5.329305709170317,5.215495895100872,4.916656849618229,5.306877457548405,5.134451510361821,4.958207797457443,5.217873348898213,6.04373383961185,-1
797,4.961424271028906,5.321289711462867,5.223092170830894,4.912348866181334,5.309314981167251,5.134214721248324,4.956959468869646,5.200984685140795,6.0353705301716865,-1
798,4.966158861291821,5.310547095578978,5.216690110127567,4.9140080787232305,5.307349894278716,5.133559463644595,4.961396387189611,5.174106169289769,6.051120087858434,-1
799,4.966808423440483,5.293346322707888,5.201633101094464,4.922664328415075,5.322817998188293,5.134507254881676,4.9701422849995245,5.151079509067771,6.047477707782352,-1
800,4.971453117267345,5.2742277334274155,5.187454147106214,4.931756745268228,5.339607101520023,5.129005145059945,4.983324857350969,5.120150894447281,6.0481871762221004,-1
801,4.977802927401091,5.266835770687527,5.166327502278049,4.93540979788752,5.355936378083215,5.129910543806221,4.994886055258077,5.0942610628306255,6.051858949069889,-1
802,4.985899144655548,5.26018420277867,5.145649430968475,4.935737528960072,5.366088386667267,5.134264778734659,5.0129076600048625,5.0757687647475915,6.048086371140362,-1
803,4.992528399473445,5.258757683717876,5.122883119924087,4.935430730318577,5.365792066040397,5.140658324617685,5.028820183384277,5.073736150088182,6.045714531066959,-1
804,4.9935831839905145,5.255518119316115,5.107417682125335,4.933489780298626,5.3630677836292415,5.15527747931007,5.040643612215691,5.06464710496989,6.046545954811039,-1
805,4.9876492281212,5.260318680986609,5.092708002153638,4.931292806702123,5.359193402174078,5.162795406105646,5.037909091036514,5.060262746743807,6.0580142775090255,-1
806,4.988422374748739,5.259435945439234,5.090283779677475,4.927511426627119,5.355821600281663,5.167101156857756,5.035511398164987,5.050753620759483,6.049336075483588,-1
807,4.994175166861467,5.2626538441309485,5.092381080938708,4.925411978537246,5.3482560526164,5.16019761907573,5.040514425110104,5.038721396870872,6.045464469882667,-1
808,4.988797175881252,5.256958398188423,5.10349423789689,4.924971948490557,5.33822557858025,5.148868640817861,5.03289924782029,5.0401298591936925,6.041087200716424,-1
809,4.999197255573203,5.248742251860242,5.107838161421138,4.9213815861047205,5.32751383791533,5.134320003153011,5.018771672962471,5.040057306341589,6.048608456584495,-1
810,5.01180841459273,5.245420263470277,5.1046561460674305,4.916625555969025,5.3062408222428665,5.113797850671998,5.005223226911717,5.0454601173080755,6.045910010970685,-1
811,5.014659408026039,5.242107617948212,5.106392689149005,4.92153928847013,5.295783459963108,5.1013330052039585,4.995448173986114,5.04850311952957,6.047351109742821,-1
812,5.015974880735947,5.242352769369633,5.105172398830054,4.937705297238518,5.286899071118495,5.080448079985615,4.978048439787905,5.049600179959643,6.045393071741021,-1
813,5.018409998055638,5.229522939432161,5.098744626727514,4.95770746017174,5.27140336107768,5.062752446727387,4.978166879046232,5.048729312947353,6.045597333599108,-1
814,5.02360286408139,5.219279983587905,5.090383447642824,4.9870074340764905,5.256119958058544,5.056769456428196,4.967213641149323,5.052715023938413,6.043594987284437,-1
815,5.023848156764194,5.225037689410567,5.080434238104442,5.020252527372345,5.235173049764622,5.059567462377234,4.952089351927545,5.061988837201757,6.056451648967301,-1
816,5.026992288724017,5.23785073224098,5.069830679213018,5.048930920131682,5.213544952726029,5.067670711466891,4.945087429193161,5.071061842489185,6.048784985153425,-1
817,5.02698534761685,5.249773490066838,5.055331992514902,5.092242743938213,5.1785772329075375,5.0760326209127085,4.943819008280297,5.084822775870399,6.041215906653526,-1
818,5.02359093638375,5.251826923800197,5.050204908934654,5.131575837865987,5.15821901299608,5.08447645269265,4.94156199436791,5.093420958684706,6.050688357064576,-1
819,5.026632414128826,5.255115863901258,5.037996823248562,5.159034763195121,5.1330793989612085,5.095602190390575,4.935773099769983,5.109592563202044,6.043311975883756,-1
820,5.03178991221127,5.253564131969939,5.030570181604961,5.170277028126558,5.110669363080118,5.111185469348347,4.930094109550246,5.124520892619945,6.05787249633454,-1
821,5.042707498224855,5.254453285233073,5.027117377803244,5.189210135854147,5.081227131804308,5.122916266670196,4.919514511145979,5.13908351247936,6.0466224849614605,-1
822,5.042929328194229,5.2647559436723315,5.021173779744517,5.19992258681224,5.0487618822303,5.118800502414203,4.9185343764025875,5.1503205776754495,6.052735518331695,-1
823,5.040523358712667,5.250881152303063,5.012619018523157,5.20936529901238,5.017573966888073,5.116627022809385,4.922024496376216,5.154643730353706,6.040863684981257,-1
824,5.041216492355,5.228991713405262,5.01021493971818,5.212785823475815,4.991373975523627,5.113164476394476,4.92607117768863,5.153733632942656,6.043948624452915,-1
825,5.046978169434777,5.198321689873683,5.020618661545956,5.207418134482972,4.984701300812102,5.110104701515474,4.93814151177965,5.145942331815331,6.04757831963569,-1
826,5.052556129449814,5.172020053852492,5.023954209643542,5.2031587001611115,4.98111892278092,5.116773070448046,4.943842695656831,5.138778376707607,6.048092153364443,-1
827,5.05788891477184,5.147821993656931,5.033479937445379,5.194394669883571,4.9856564819313505,5.11828284347183,4.950551992515765,5.129109125555655,6.050246816118937,-1
828,5.063487942590012,5.131876431528713,5.047608684957982,5.193337407665399,4.9893489310947645,5.1137194280920255,4.971692481462088,5.132909934024992,6.045845437363496,-1
829,5.065000383449175,5.118326325141533,5.05892897465089,5.182614588679816,5.005371343779358,5.110046752930353,4.994881815379076,5.13222226097486,6.051805685577784,-1
830,5.074542694952308,5.094344372376716,5.069759414741651,5.172742746920586,5.039081858118889,5.1178015408314455,5.01973318606518,5.137653617712202,6.047820940000726,-1
831,5.084388419016183,5.081586011845629,5.08550807877351,5.163654581443885,5.068270263984999,5.11950398509665,5.034627635189737,5.15066336976615,6.040196903267215,-1
832,5.090047179585521,5.087771061169678,5.096488497748272,5.165891368920556,5.10325338308215,5.124572232509875,5.038746889386511,5.170329108355196,6.041843661772505,-1
833,5.084504468689445,5.103657795011316,5.104329254272383,5.166630175494386,5.125703879376236,5.135647126020308,5.044736826733519,5.191847207836595,6.051665839939857,-1
834,5.079668890142478,5.124186166555828,5.106071899443057,5.167977349373323,5.136082413159851,5.139401218038106,5.0539451007956675,5.218972071091268,6.048519962361626,-1
835,5.08305231515584,5.142823220773988,5.101346115791113,5.173155843294441,5.142472238544956,5.133414744755302,5.053234038014614,5.241546033199197,6.0383237004888635,-1
836,5.084837901884599,5.159302373989409,5.095307185303343,5.178027814870037,5.148119301632698,5.126411320926683,5.0542294712600055,5.248334118893995,6.041746178634224,-1
837,5.0850250308134655,5.174506639575569,5.084063971143584,5.179348502891567,5.151763664685189,5.113748023258663,5.060622567364556,5.259137388134956,6.0403350718476245,-1
838,5.085511282152857,5.194831097335136,5.079923193041637,5.172481232684603,5.1475450748893135,5.101507991532845,5.063766360475393,5.265122245341763,6.048366247467557,-1
839,5.086274978799695,5.211941354426366,5.067213491598871,5.163691059499777,5.141683196690832,5.083464126877014,5.073181105839421,5.260295577428107,6.058774381747202,-1
840,5.085702519977759,5.214122161362764,5.050726565586117,5.156693953412701,5.126676100769784,5.068670609091936,5.085622543316251,5.2504619622867885,6.045207954353984,-1
841,5.090481763038123,5.225661451950673,5.0302181571149385,5.1532978161005545,5.116772881643527,5.044731842984124,5.093290640432312,5.234149067426132,6.035023825317819,-1
842,5.089990932331536,5.238014340046258,5.023543988683192,5.14188097049967,5.10512092092849,5.028412678983447,5.108883545259329,5.212680198634358,6.0479956900448135,-1
843,5.083574509252426,5.260809744850144,5.031297134603177,5.138569284937871,5.091912673950391,5.022339679643611,5.131057734759066,5.190737494818455,6.039498601364213,-1
844,5.082614535336705,5.275056944751529,5.038371491234044,5.126308815385832,5.0885823559992165,5.026941150048726,5.14282802470808,5.1740462535065195,6.047335675495208,-1
845,5.091163238912207,5.281995825336473,5.053949707467687,5.121356005749007,5.0849422368870005,5.032467510068715,5.149575570744677,5.162278796962444,6.048564832291327,-1
846,5.100724972906506,5.287796754493147,5.056945078702512,5.123449194899884,5.081536174236138,5.034910872981904,5.159423058667417,5.1612679498763585,6.0460274909383465,-1
847,5.121839685772454,5.29874649268837,5.067065214946988,5.123576297517189,5.083945208757308,5.043524003321241,5.174089786300094,5.1684827783911,6.044249465130825,-1
848,5.13937795274073,5.311382642110464,5.081477041378214,5.11799094675439,5.094641610378591,5.054571404168193,5.202256538763587,5.17512059038062,6.056858666371642,-1
849,5.137425235879727,5.31276215481404,5.093609448954929,5.1065179898688555,5.102742062185205,5.068420052621707,5.2157925802824545,5.188552933070063,6.049521934799421,-1
850,5.135822874026747,5.314331107939297,5.094469386654515,5.101979186859397,5.119388893777349,5.07435208737147,5.219933527535047,5.196770939178808,6.048864260297862,-1
851,5.139162763329471,5.311834552132335,5.0848003391923315,5.0890389598208525,5.1347872742024565,5.087562109830731,5.217854735154599,5.208687470251209,6.0515144167691775,-1
852,5.133689860023,5.313121064994412,5.071722827538208,5.081404872172366,5.147981136771179,5.0951242432198764,5.219272736896066,5.219897607390977,6.047714935387923,-1
853,5.132413770314275,5.327608886031438,5.057481389236319,5.0632614459233745,5.155771400254654,5.115565206127991,5.213765876130454,5.220339087003068,6.0422344032256206,-1
854,5.126343895706507,5.334912167841329,5.050022152001201,5.055363168535374,5.160421732698028,5.13302181913507,5.2060251733014375,5.219006028097067,6.055255410223752,-1
855,5.117955514140952,5.337807453175566,5.047895351011498,5.054092608370888,5.159864229315387,5.153270076916176,5.194582154020808,5.209448720099378,6.04940657408562,-1
856,5.112939880209623,5.338247997653422,5.05013615841346,5.050131381098916,5.148071604997665,5.169719731500225,5.178263310239752,5.195864223246256,6.048118771040348,-1
857,5.130029628128571,5.338734308726982,5.04957216014438,5.0455376358927975,5.138537615868249,5.186250267373969,5.1715242665685786,5.183737432449502,6.043606327252867,-1
858,5.15624953829189,5.337853634088,5.052424018615974,5.048090906271512,5.124587242036456,5.196494920996125,5.176540804981969,5.181015922850258,6.057793251781046,-1
859,5.174662521415594,5.343152255641116,5.06131658077839,5.057479298113089,5.110908160091575,5.205113116193465,5.190121059910815,5.174773826991051,6.053111973584477,-1
860,5.198058248892671,5.3421987428039674,5.071285237984418,5.0744786732802725,5.083855176926901,5.215967914311249,5.203743814669724,5.170161391172328,6.043909392845579,-1
861,5.2128907149378865,5.3265552970318915,5.080975494933146,5.110599581716157,5.071179178739136,5.214057233059232,5.231243562560954,5.166511012240874,6.04121152214613,-1
862,5.223438618685334,5.312013355333585,5.092774581881515,5.125614615186365,5.055261237777121,5.209197673585528,5.2651084715194445,5.1552300482534,6.050603732150214,-1
863,5.230830465593733,5.2989286259606825,5.100166605549687,5.133678484788931,5.040666456588983,5.209622033346574,5.29341633812871,5.146205747752681,6.0519972815339225,-1
864,5.23579727770094,5.299057568045263,5.099149891796241,5.153783203022947,5.044890094798281,5.2065612124325,5.318773732228924,5.1493515364160025,6.057600327954255,-1
865,5.225665400172084,5.309932344488356,5.095487155258976,5.178019247945448,5.052953184586845,5.203313777403762,5.3338313388115175,5.157353563438252,6.044703419974728,-1
866,5.211763676632683,5.313932203853199,5.0940628968314625,5.189969291943596,5.060781495807441,5.211279111135168,5.337132611973288,5.161862660969619,6.047406759289024,-1
867,5.194712138754994,5.305985092894053,5.082021536170053,5.196000532912419,5.0654344318331335,5.212598471883336,5.348763207593292,5.1701236746494175,6.055146749971993,-1
868,5.177005013068449,5.303428351379206,5.0658538405277795,5.194205759991893,5.065299089625377,5.215537392276987,5.365558700238326,5.176924879206682,6.046489317524992,-1
869,5.1585892418747665,5.30857143568443,5.046895104667961,5.186812804423879,5.06695791205569,5.215016769222947,5.368789209298862,5.185862484926049,6.042132661944949,-1
870,5.155754527751559,5.320150783042406,5.020613571075901,5.192779266810861,5.06696195293294,5.213043271897676,5.359477159469485,5.188507311652059,6.052920720218379,-1
871,5.154209815580314,5.332355210996362,4.9952464948400035,5.205773688107583,5.071518188858697,5.195843101742682,5.348785083375916,5.197982618781036,6.0463594837937755,-1
872,5.15552787339805,5.331018413806525,4.965511211145154,5.212198556845917,5.058689937011891,5.186837009081971,5.338164288621165,5.2039918198049655,6.05314990115852,-1
873,5.164700794520424,5.318320213100722,4.942764468499354,5.216863656891865,5.040114544245404,5.180302379567846,5.331694620687017,5.198659989633655,6.051611615638059,-1
874,5.1720058631174926,5.308572885057487,4.922533617541098,5.2292430987281495,5.015350099901511,5.16387099141371,5.332963488522795,5.190834815323506,6.051625329420484,-1
875,5.185589308283062,5.299313732847424,4.903103938169109,5.245186988958088,4.99627592487227,5.146905681761721,5.322393435120512,5.170579331429114,6.052370763975782,-1
876,5.191514684840618,5.2933913624523825,4.882885103790457,5.270911696674428,4.984796632952953,5.124411459165577,5.302587810773246,5.160927643605983,6.050279760416254,-1
877,5.195082870827145,5.295513871441086,4.858114703200756,5.292295087133154,4.967573674604502,5.110553189129869,5.280556445143232,5.158605794729551,6.054535116580746,-1
878,5.191163515946671,5.2983750892879815,4.8362478223553955,5.300661879037584,4.960356820950716,5.104733259730948,5.261360472573661,5.162273537766155,6.042459318262138,-1
879,5.180768793013777,5.302610833334368,4.821827829486652,5.315112098762154,4.9486942215103396,5.102729955775547,5.237726126859132,5.170759735009786,6.047120911325135,-1
880,5.169189170519807,5.312552637920829,4.814071220801725,5.327115521842231,4.935379585670741,5.092109997948661,5.221300046509464,5.1819552531125,6.046408147788999,-1
881,5.151954059490226,5.323354283443331,4.8097019744645735,5.344434229118053,4.9250355832283645,5.072660522911155,5.214611357767962,5.193246119562982,6.052342162114511,-1
882,5.1292460788717715,5.327230868989738,4.799916938912658,5.363805573970649,4.9304099410869044,5.061838175116155,5.201230032332773,5.208071045613865,6.044978052924825,-1
883,5.0947702646095765,5.341008912051956,4.797850739954214,5.386133572983926,4.936689163284099,5.053563216140941,5.189310934511503,5.237489145207492,6.046570302176032,-1
884,5.052798109939122,5.345183513910732,4.800969816875575,5.403039567116859,4.950170201900015,5.0465031021649605,5.183382208837215,5.261361721929113,6.052371013620982,-1
885,5.016565875821729,5.335548757748663,4.809497768753789,5.4180089925565555,4.968119660528983,5.052679753031794,5.1792065059916315,5.2736667447855,6.052403008075234,-1
886,4.970451230593394,5.318312189974986,4.828056076001594,5.438524293720355,4.977281094155001,5.061800605941513,5.172388268287874,5.2916685786332325,6.047804534572864,-1
887,4.9333489005128035,5.297158463341383,4.839255703894318,5.450749250118476,4.983463767156666,5.070231117021537,5.166711868613735,5.295734125224709,6.042076300012322,-1
888,4.9002656799129465,5.271983760047302,4.849476961059488,5.460988808209036,4.9953636694306,5.079773637847861,5.157394111658311,5.290866929685282,6.054290580233359,-1
889,4.881169113613642,5.241914626118251,4.850477825136179,5.469287851464228,5.00191520391048,5.095540970841985,5.142875545274412,5.282224925737131,6.042306668576631,-1
890,4.866960625769782,5.223337930718731,4.860592902710494,5.4766266390029,4.997398135046492,5.106936025201808,5.130244863394581,5.2687850482745775,6.057142130921198,-1
891,4.85085609677663,5.195507375596257,4.872350673312219,5.479961520377277,4.989499036767603,5.116065242040444,5.125485033674308,5.254889295522435,6.039802531500009,-1
892,4.849307467000651,5.177644639422375,4.886138102367212,5.483730219880196,4.972408581225844,5.127824173497792,5.119165265832384,5.235539861296119,6.03310234293672,-1
893,4.849906035986193,5.165745897248702,4.899779462956618,5.487879129582515,4.9522616684571155,5.126485360628728,5.114366179154745,5.209607170790864,6.044084709971136,-1
894,4.854747802782443,5.164381314506473,4.910135510685069,5.486265242298108,4.93314087232824,5.12702709237182,5.119068318713971,5.187960244191579,6.047237855906894,-1
895,4.857426572766153,5.16529076346292,4.918034729086584,5.476604279172348,4.928248904665262,5.132612990348225,5.133173689181525,5.179239668519074,6.048150680136945,-1
896,4.858333491314746,5.170461378751651,4.922303215622815,5.469629329670258,4.918533217737387,5.1328964944535,5.14167704791225,5.168620343239681,6.049006358981209,-1
897,4.864505643355281,5.1755838902838205,4.937564943717851,5.4582078081742145,4.928011264103936,5.12750462495658,5.150344852763619,5.163516235244884,6.0521120920124805,-1
898,4.876390284997034,5.1826525143944995,4.939302665210753,5.44203942817921,4.945260831064703,5.122687278428739,5.155311413155459,5.160972554129908,6.050982972317517,-1
899,4.897663594936359,5.191491391136042,4.936954208854497,5.42178372329749,4.968266431479939,5.114684320764107,5.143481825272605,5.15587200902991,6.046312984080452,-1
900,4.920868553059413,5.194461357458995,4.923374698757636,5.396258915059499,5.001034088915939,5.101485174940905,5.13027278752252,5.155660704456003,6.041784032298148,-1
901,4.93669639650913,5.197216631144788,4.913710049982311,5.368685088211287,5.024142090432209,5.097616497327704,5.13321499366894,5.167439852328272,6.050715134665925,-1
902,4.953945021817122,5.197359561944402,4.898550507863533,5.348442318927522,5.040602179131327,5.088776277878452,5.128539613216817,5.169504901813078,6.050454044638561,-1
903,4.971692642745179,5.194756204891374,4.886772270111774,5.335098619156203,5.051817858786839,5.0794340871568116,5.122785699546463,5.163573000164091,6.050506578721103,-1
904,4.987702675978122,5.190696709297814,4.871260966197679,5.327273548751662,5.068986619070248,5.0806151085184705,5.115399029862433,5.165940365391933,6.048946539251951,-1
905,4.989968526921712,5.196589942588391,4.854393522077351,5.323918646068982,5.077799451397381,5.088637281722196,5.103794809287735,5.16247419284852,6.044306100347901,-1
906,4.977839959727167,5.1950105963191,4.84029508114504,5.317913095594675,5.084152891763633,5.095832298747185,5.090338168958624,5.161057889306618,6.0524020093757,-1
907,4.967729239964607,5.200105298360711,4.823229176311311,5.310749917490062,5.088445707099272,5.109673308442189,5.07574662152137,5.156249492420677,6.0550468045768255,-1
908,4.951315438935353,5.2075758223888835,4.81532749583866,5.307802465778614,5.08328505505273,5.127906829229774,5.0662352457996205,5.14545101564391,6.039482481893289,-1
909,4.938707284546382,5.206741499484582,4.807600975846442,5.308325227080202,5.0845365878381665,5.147353780629235,5.036300005569356,5.136699459202338,6.048498868426117,-1
910,4.936389997674293,5.203595035885236,4.806260505002321,5.308413773777227,5.093050091302106,5.159743072655971,5.017175741734118,5.119789858558187,6.049005857082561,-1
911,4.930272325105076,5.195797561402231,4.803114414321777,5.303082125143833,5.103127428594714,5.181905161811384,4.995360353728818,5.1045371462089335,6.042242846695282,-1
912,4.9185686265430615,5.189097173982463,4.810544172090247,5.293804819968614,5.110584892457791,5.194168505193558,4.980693284470082,5.091081651021604,6.0535863372819225,-1
913,4.903038350363947,5.178866163507333,4.809773005417707,5.284168650638585,5.110966034473156,5.192757446132034,4.973373926500979,5.087137391612967,6.0582484783618105,-1
914,4.898827669471733,5.16835109466718,4.806013229201136,5.272393775131431,5.1088953402177095,5.186142882453215,4.968720335991788,5.088431418218576,6.042809580283455,-1
915,4.896667659052277,5.151588856731639,4.80377760959794,5.257931407984388,5.10671915344569,5.177592437422572,4.974985909404931,5.089680492347425,6.042786489260665,-1
916,4.901252768432378,5.140887616069062,4.80123936751989,5.238629677040224,5.112682185490951,5.161693242258371,4.97782271858707,5.098802001782487,6.04905243872471,-1
917,4.9135403474186585,5.138349697466072,4.793469208129258,5.219887528427821,5.120415729814006,5.1405474538804645,4.981720707614631,5.1020031814500575,6.041639374536855,-1
918,4.909448841301021,5.137990927507789,4.789723772182511,5.206360577974804,5.1289621220448485,5.134299748227679,4.983065336946857,5.116028702344837,6.049655430469974,-1
919,4.903930990437399,5.146427633705191,4.787537042775752,5.187703274713082,5.130007609468363,5.109306934424416,4.9869856313392855,5.127463590446011,6.051063888870835,-1
920,4.90073719569613,5.153483152325959,4.784149702596552,5.172160204823334,5.135468953511806,5.089801731554481,4.992217164411393,5.130294486317481,6.04404439306514,-1
921,4.90540301254638,5.152111872482994,4.77780762468096,5.155372841081188,5.150632324931884,5.074744436019651,4.994931385672308,5.137407195308039,6.051126008385554,-1
922,4.913540818796185,5.147685572074292,4.790220290122871,5.13687993159027,5.161867761044076,5.068495975693901,5.002006929587204,5.145880069035914,6.046147626285014,-1
923,4.926153543440658,5.14580376637589,4.799850449929979,5.132861381003737,5.174738492969565,5.056001673860104,5.013766701342111,5.1510751147296014,6.051771975745893,-1
924,4.930420133636608,5.141239722940165,4.81098400083561,5.126233237263168,5.1770095193528824,5.057716376371908,5.02188256665672,5.1465509715205355,6.048622218348177,-1
925,4.9173190307033,5.140251878831615,4.8201741944572385,5.124389140690607,5.179388580881394,5.053272064335848,5.034328143488875,5.145448869465107,6.053821294162723,-1
926,4.907892854469307,5.1492740990066554,4.8286645424640575,5.1233941334971504,5.18530338516676,5.048274025990291,5.044557970448825,5.144590578440362,6.053567558728291,-1
927,4.894705617315946,5.1488092951875855,4.843776049191099,5.135153960115552,5.194839024057609,5.050858234812667,5.054439929497323,5.1435187946824,6.034989302429108,-1
928,4.895920520432711,5.1392163383061975,4.858605301142197,5.140378053634469,5.201132018173654,5.059247794475546,5.055333739488669,5.139589895406739,6.05595711253548,-1
929,4.895445433355716,5.137861942608842,4.876200957029623,5.149023663676528,5.19049152089275,5.072288415440591,5.059461103282044,5.1358766095083475,6.054038760060086,-1
930,4.889426580711634,5.140057926360227,4.891103266770731,5.165413835580452,5.184307895665563,5.084249629146601,5.054720216853149,5.122036411677937,6.045560328844972,-1
931,4.882560580178038,5.141423527948237,4.914006438393484,5.180521391196898,5.1649163825236615,5.0923016841772215,5.0453032465223915,5.118933401095365,6.053103925414022,-1
932,4.881985538691436,5.142281657781858,4.9366414180602,5.196494533130025,5.152774138267173,5.0895125045529745,5.037865894672186,5.122129494601161,6.0505935875406145,-1
933,4.8824547530020554,5.151869739948242,4.958922366525475,5.2035611865045555,5.136967336305657,5.0880143315356765,5.0272884895635706,5.124241865816835,6.049043949146764,-1
934,4.89945597740921,5.141786476503075,4.978859151515105,5.207236805167431,5.121085214407528,5.083731121127763,5.009370440598926,5.131289127356401,6.04560336905208,-1
935,4.922615509766609,5.141623840760159,4.99510282269926,5.208145053472611,5.108376175136854,5.077586114780561,4.9897105504631885,5.142633305039059,6.0491851676916015,-1
936,4.939500588194902,5.156872646569833,5.00696976469434,5.210714345279255,5.096156217013843,5.061818986839628,4.966432511654889,5.161725619297721,6.05107453722265,-1
937,4.963147887691617,5.16690717182482,5.016574720607756,5.207546602043516,5.095527248373299,5.052933122429196,4.943154490097801,5.158295645690988,6.060895604279788,-1
938,4.987464144738174,5.180084678195965,5.024141201426431,5.202656248228006,5.096167196945482,5.044692439827548,4.928417557406714,5.152569268699886,6.043107405885604,-1
939,5.006554680427537,5.192806765113802,5.0257940434642,5.198032672230884,5.102304515963637,5.045258515945492,4.913208714852094,5.1399946780874215,6.046280771695483,-1
940,5.028416804037437,5.207222216805668,5.027540222749574,5.208028912857433,5.112484511046199,5.05094201578259,4.895569388924124,5.126302925827601,6.05139735800855,-1
941,5.066064872838089,5.221720978686179,5.027826504993595,5.220354244119709,5.126165606566748,5.071869001317829,4.879905482562658,5.111673604756769,6.044233603956428,-1
942,5.095939348851117,5.245923301356999,5.019320876056894,5.236270503345822,5.129304304485032,5.0843641980895296,4.881250381924211,5.087812905779284,6.046600578097274,-1
943,5.121243212214312,5.27337858978882,5.006404113472142,5.244260854774128,5.121330270256111,5.1018452894822355,4.87588252011725,5.058292867708259,6.046603328010972,-1
944,5.144361180492299,5.295548030343212,4.997547990367389,5.24895617612361,5.113226589790296,5.122872791220804,4.881483488208537,5.026579174900391,6.0486222612126195,-1
945,5.161805385482654,5.311095570822438,5.006181016448375,5.2509008306599645,5.101428864509211,5.1493837916365885,4.89799295483626,5.014012802820967,6.055408933654135,-1
946,5.174820869148397,5.318841353726519,4.999117320881795,5.2518841918074735,5.092561640932435,5.170083964082764,4.920073463608794,5.009338057015177,6.0485040049420435,-1
947,5.180859226657434,5.3256743126135975,4.990642854597844,5.24882216812312,5.082323076130447,5.196081869676738,4.943259324799351,5.003600099247036,6.0514620681251055,-1
948,5.179966513050478,5.320829416117986,4.983676547402574,5.231322890617578,5.069789147145208,5.22094502414877,4.967479915383363,4.9939626911844535,6.040695237657365,-1
949,5.17118941381467,5.3055514333169675,4.986144666241681,5.212028052776881,5.048578431190532,5.2305801720914396,4.986423733565183,4.984588715373239,6.0437929850848375,-1
950,5.164440855551811,5.284057856460565,4.992677600788899,5.185165644965431,5.027796896770418,5.241909605500319,4.990559873678525,4.986301308363392,6.043812811230701,-1
951,5.152848265372022,5.253121711572337,4.992247511418646,5.170945934235926,5.004906628604879,5.2554849422609236,4.995312680818124,4.985107689557141,6.054906491634747,-1
952,5.139968729145689,5.22123179705998,4.984191977411168,5.1617379259155305,4.984747379900057,5.2631881171864086,4.993888839060141,4.986850557184301,6.045029314030287,-1
953,5.122944917769761,5.195839056669056,4.962801394159172,5.157409467561555,4.963087325015846,5.258211400362905,4.987978208182224,4.992872774606342,6.054494141667805,-1
954,5.109862883234632,5.17117985997284,4.946620462302597,5.147006903455947,4.937783931383198,5.257805042725135,4.976340545043438,4.998665245624669,6.048056820612465,-1
955,5.107102105634993,5.144783939371857,4.931154963875912,5.135221003206402,4.923746321572938,5.241349632609189,4.96872109191556,5.005907494997532,6.043825999978097,-1
956,5.1054272937219825,5.126759320900227,4.910727865788071,5.12932827639934,4.910774264207595,5.229136590368623,4.956562413454743,5.031848661463407,6.050664885675015,-1
957,5.1122077803189425,5.105484399913132,4.885898556036404,5.13116782199472,4.910219423766223,5.228709532509887,4.95227547647147,5.054991682019599,6.043810327296741,-1
958,5.105683129470481,5.092755814850284,4.868207047077419,5.130954039033843,4.925201123830411,5.230671086707488,4.9515712927551565,5.07516287473406,6.050917851103251,-1
959,5.1078158514905025,5.067769949970726,4.873139041273735,5.118969751328955,4.959945943996643,5.225932602178943,4.95048115918288,5.109489233674944,6.055098963750203,-1
960,5.1146702822698,5.0390476482075455,4.8895088821827235,5.105624125024301,4.9965506931455375,5.2254413606440355,4.9522887672207805,5.139845663234413,6.047502180094929,-1
961,5.121700580404582,5.008729080919945,4.905684114086969,5.087245309817913,5.0423289119738985,5.230596385517511,4.948150765303261,5.1586582672764525,6.03777268669939,-1
962,5.123642135115254,4.989503701800899,4.934221636986482,5.08118831972509,5.087302250306729,5.227650543126738,4.936294473643391,5.172092635940772,6.051063945181343,-1
963,5.124559011514948,4.978605377502551,4.958385503923722,5.078508494958884,5.125286962012422,5.235413103726185,4.923781570220504,5.178067901880754,6.048506447391299,-1
964,5.121081359410941,4.97414031118876,4.981416203956137,5.068236362562383,5.163050951295967,5.235214904920361,4.9176674725379295,5.173931316453268,6.045658887991029,-1
965,5.104623058844735,4.976344583052894,5.000379265501386,5.056414761797462,5.191752035861556,5.231199883855824,4.909982006569496,5.175249011054778,6.0508737813081,-1
966,5.094556774528537,4.9800624392679955,5.017320284139684,5.043347072089527,5.208219071916744,5.223869131752546,4.903603328461802,5.169626408113921,6.04673945015056,-1
967,5.0985226796793155,4.998244685981586,5.013275296159591,5.04027543907754,5.216429364704101,5.218198324834372,4.902282740028462,5.154772595544566,6.047072119975715,-1
968,5.088750498201254,5.025938490194238,5.002231704758409,5.035609014258191,5.22162076838318,5.206259176036728,4.902854979033195,5.142094997458371,6.0504922445189395,-1
969,5.083401994310187,5.0553612633865885,4.990214940090862,5.033765535196022,5.217777582102455,5.191541500869405,4.896308907448959,5.143927008661404,6.0413785212118345,-1
970,5.084034552981603,5.076542893960656,4.971645603271595,5.027166585070456,5.217256408209167,5.186704662350626,4.907886960321663,5.143696444547893,6.048821847956302,-1
971,5.080339511335246,5.0882420866317615,4.956924410542405,5.026408182623229,5.217383804807313,5.184385249770111,4.915841252354913,5.160476969874814,6.059599552984774,-1
972,5.083449002061822,5.089466033800273,4.9514536289722475,5.032724264584803,5.208992680587639,5.179080357009779,4.919507690403432,5.170313517235402,6.045443010366183,-1
973,5.092583462140382,5.07743161026527,4.9526548743424055,5.0388191500101325,5.205731579623617,5.167286726728883,4.92595978869097,5.172733443585481,6.052387253698627,-1
974,5.108496400674621,5.059964129903506,4.9561131737841455,5.045492221970774,5.201180676290928,5.163390417471277,4.933553764985101,5.180741966886457,6.042695381403678,-1
975,5.111830544055127,5.04467911297054,4.966994330417324,5.0541480729896815,5.188397335968849,5.159826917802796,4.93940596195064,5.187583120536685,6.042028696801949,-1
976,5.127931921058471,5.024735485604504,4.977566733964974,5.0603495135337315,5.172400052930154,5.166959698525853,4.94608006705627,5.201960455976633,6.048176110354449,-1
977,5.143944603320361,5.012613579905149,4.984231195970593,5.064436221011258,5.165148079641759,5.17683426470516,4.960471661713359,5.203252608865696,6.048174536648677,-1
978,5.162058249605989,5.006427837114488,4.987736485638717,5.067961503582296,5.168519830914103,5.186072326304425,4.962351000946915,5.209851446033418,6.049045885746046,-1
979,5.180861876690716,4.998632723242485,4.995858953600601,5.069880355194694,5.172259637867615,5.191581102621506,4.971636375195491,5.208718327542289,6.0461224160013,-1
980,5.200454993155942,4.9962642294100625,5.000922165416561,5.06980763516042,5.181264030910709,5.1984969336967755,4.974168341565577,5.214405034867488,6.050318111356817,-1
981,5.216315708612537,5.009391148879876,5.0146519627974575,5.065221910950016,5.1868618885524365,5.2081598020380415,4.983545690540973,5.213687059812715,6.043591896161155,-1
982,5.228869003207023,5.020856154887877,5.032373748483767,5.065203614757705,5.201612323661259,5.215141133210554,4.9859913905252835,5.204850860138038,6.046672872060702,-1
983,5.250790646003855,5.019032446303973,5.047491966041914,5.056592225372332,5.2205302335132515,5.221521626194227,4.993480510602403,5.204794554744854,6.055208299303318,-1
984,5.273067612165971,5.024490538315314,5.067792480448105,5.049273857689716,5.24735797117647,5.23253635049753,4.995860820473185,5.200228889481251,6.040987998470656,-1
985,5.291685044563076,5.032340489362985,5.089183240502493,5.05428626255092,5.275412116261213,5.236628389113449,4.997343343875201,5.196534043260248,6.047190458404085,-1
986,5.2994900681758645,5.042684421848799,5.108117029058052,5.064513263024815,5.2867814436769365,5.23626986947426,5.009081744083129,5.197575450199621,6.0561510796104745,-1
987,5.305397894122963,5.052160953284799,5.133573572031644,5.067065220642977,5.303167467243588,5.2431924017428075,5.016778633535659,5.199193867601405,6.048312946541785,-1
988,5.3109579049521844,5.051082528638753,5.148464948632627,5.076193792176149,5.311143114992758,5.257534241613317,5.036078014067411,5.190820127145384,6.044579505669317,-1
989,5.319098043385251,5.043214917686037,5.147448412492132,5.091161227890921,5.321875226737079,5.269968277493186,5.041726490522541,5.196253299333326,6.05430367401478,-1
990,5.326453642847101,5.037387377889004,5.144122661032443,5.108407193756601,5.321419832871056,5.278534045479268,5.04524546317204,5.200619233602691,6.043462359486809,-1
991,5.316132968027251,5.04354745170549,5.1493203831229595,5.128630936200992,5.323619195347431,5.290301221084903,5.045891793445902,5.1978303649596285,6.0463774547823235,-1
992,5.296898382569487,5.0469391865540345,5.157263436710579,5.147713761934945,5.322231827958702,5.293599561658786,5.045514210447526,5.1967449037205125,6.047328206086969,-1
993,5.269599424810876,5.040337315806449,5.173106757295218,5.155933024715558,5.3152747722494595,5.303940518233345,5.041207742806826,5.193393463045018,6.044131813634532,-1
994,5.239567320874975,5.024420264471611,5.199779365107959,5.16559779274696,5.312412239353165,5.3123855097395625,5.032400417687113,5.173626332008209,6.053543736814858,-1
995,5.209072923817173,5.0190379838433925,5.215600283171785,5.172652454577911,5.300099508676702,5.308838482830488,5.011494572880225,5.14934653194795,6.04707699311802,-1
996,5.1805155017485625,5.0242902091671455,5.236454888564649,5.16772023078365,5.297685010805698,5.29944620867669,4.984835849581077,5.131237518457143,6.045983790715746,-1
997,4.517051139965309,4.399008332954385,4.600217710614721,4.520608135102929,4.631818974201169,4.635101291185603,4.352089259902971,4.480084936940799,6.045504035278059,-1
998,3.8519885685992605,3.77373414551508,3.9558400922059045,3.8712400044127406,3.9729240088242044,3.9709873266671236,3.724836964518209,3.8344152889236183,6.0375092761234574,-1
999,3.194520332014104,3.1467532258534296,3.304706398597231,3.222581608306751,3.312421358603073,3.3056582147243727,3.0983341230864028,3.1888449332122324,6.063014103854893,-1
