time_step,region_1_entropy,region_2_entropy,region_3_entropy,region_4_entropy,region_5_entropy,region_6_entropy,region_7_entropy,region_8_entropy,global_entropy,lock_epoch
0,2.5309714428142476,2.4933970445813745,2.582525246967892,2.5403308700173,2.5526614198410096,2.485766853743641,2.5695797646184935,2.581473261693834,5.6063723690721785,134
1,3.157542537010068,3.1186865184758785,3.2273483418629363,3.1699766310568323,3.2003281019196637,3.107331481861038,3.211799636270392,3.2279532106948796,5.600097051165271,134
2,3.7886504426167327,3.744899805082982,3.880583625599433,3.8005126590017184,3.8490200730588677,3.7274205207497477,3.849918379031905,3.882515323830771,5.600238020833805,134
3,4.407918236627011,4.357895009855273,4.5338227091583025,4.426366418326342,4.493857360416211,4.346675657610971,4.491133404295352,4.540094951751321,5.608755493573834,134
4,5.029259071320519,4.973107678530706,5.1824169632056325,5.058878445786334,5.135397516964053,4.963810371962051,5.131331151104228,5.191631881299639,5.605673430463356,134
5,5.018724925900135,4.950087358844583,5.187193002021235,5.060574049747632,5.133580129464243,4.956733970136259,5.131266634316772,5.197208826179739,5.618487552052378,134
6,5.018084037329826,4.935111328460035,5.195333291569081,5.059240060206776,5.142590533103401,4.9529936022682755,5.122686318749506,5.204014793286657,5.618883944335169,134
7,5.019813541813245,4.927379251868984,5.198305486036585,5.062864015492338,5.152823327002547,4.947731977973039,5.100587183498222,5.208780250014234,5.609411512325427,134
8,5.015370562574829,4.916257401295466,5.198507199850627,5.0638945406125275,5.160511539755677,4.942797173393236,5.079251804116861,5.218035877139855,5.619628792156438,134
9,5.019662590965846,4.901273477638146,5.207737998539709,5.068901947686123,5.154364975228367,4.938304679966687,5.058657808496321,5.22387877271088,5.62766127173421,134
10,5.011660706400717,4.887270371081548,5.205963861735583,5.068296832892488,5.150928454382715,4.943239220346779,5.0440174275324186,5.217324734707341,5.631193943530764,134
11,5.014006594783698,4.882695923496335,5.207647044266871,5.075548507517601,5.149144440217302,4.9501539645970345,5.02392795842526,5.213041151630162,5.632726769124333,134
12,5.0085549771631594,4.87562536386192,5.221202141937706,5.077192019199755,5.148375772260759,4.965362862599612,5.014039952135654,5.225530940901395,5.618781859482397,134
13,4.997711075065274,4.88103940843372,5.224856762158985,5.069091290147359,5.156588208986354,4.977564440565437,5.0030219306099974,5.2349448189175565,5.6308668308981416,134
14,4.973976929698142,4.8893530304063155,5.226543142413531,5.062530326993733,5.156271329786286,4.992379266106339,5.002801946355537,5.246069124065979,5.632707588374879,134
15,4.9395614828723104,4.897880200543028,5.22418591391453,5.054121495447855,5.141128304295025,5.003086109008925,5.011929816139219,5.249748833289246,5.63584433724407,134
16,4.900534688248066,4.909775242136312,5.223608188116417,5.0462085748895475,5.131658183346076,5.016293169099192,5.025577311450593,5.24539450575727,5.640929234827388,134
17,4.859383482350134,4.918554666998934,5.210454199882475,5.0305038679246,5.119244739316283,5.025858933886292,5.040066628629452,5.252243753157284,5.6493095955965975,134
18,4.82551997641183,4.921350738534935,5.197355163203854,5.019884102042886,5.100000166361064,5.032918384701758,5.054082994290102,5.2615938965913465,5.648795387701151,134
19,4.799725372066043,4.933274977311584,5.184900950159211,5.00466375093899,5.08921905698965,5.038469313153207,5.063059042523926,5.262958409161594,5.644228970278871,134
20,4.780367861851598,4.95173493180567,5.163444419355026,4.983235367831588,5.072950661824526,5.030699551755508,5.059518719748788,5.264052108812706,5.6556478373529435,134
21,4.771589105556272,4.961852212066425,5.155151521236945,4.962899567032977,5.054619166707546,5.028841138327508,5.06083744788465,5.260160463864253,5.647188371448054,134
22,4.7812164472841125,4.972827103618489,5.149880607151507,4.946135484982676,5.034439866806022,5.035107450254507,5.074134849900669,5.266106336973326,5.659598818483058,134
23,4.799414186497898,4.974346812979598,5.151970284463403,4.941494066640678,5.024017167552849,5.045552837672555,5.080172860947484,5.2770678713136725,5.664918872148532,134
24,4.833357711466194,4.964721549650617,5.153505640017043,4.940296601552144,5.007108306748653,5.056716343740188,5.081167996318435,5.295395794733694,5.664813709226492,134
25,4.867655245428416,4.964274943288247,5.157104785814691,4.944096065083986,4.992440761621898,5.068744158061398,5.078950515327538,5.301650675290778,5.656981161671853,134
26,4.897897522192248,4.971606649033594,5.1662894157009625,4.942663156470223,4.979432519334452,5.072941527361157,5.075474471895863,5.2973128009090225,5.660473262588758,134
27,4.922423832517186,4.975580354667553,5.1808033486302865,4.942911581540148,4.964692898772386,5.08002144354215,5.073017961176354,5.293614210688576,5.659255207601556,134
28,4.9443863832582045,4.972393576533463,5.204520083423235,4.950866433889491,4.9631522201053535,5.089198712307004,5.079222200825417,5.275929498533827,5.6692729041431935,134
29,4.968124780235569,4.971438503402186,5.2195225613928065,4.964862910480448,4.948452234690174,5.090540497058528,5.0840143553318695,5.26848407869725,5.6798705400904845,134
30,4.9734368987467255,4.9664081490103085,5.22782179233597,4.978606815079208,4.936966502486575,5.088358245016408,5.075290102414883,5.242056696516365,5.675175486165701,134
31,4.979290129273731,4.973789061474418,5.227022396015095,4.987913260807139,4.924451707592347,5.081678291288615,5.078462307770966,5.21035468337649,5.669933358874703,134
32,4.976268569042699,4.981431309411949,5.2325156885339545,5.002365381064878,4.909734088564965,5.067989936481873,5.08005039871878,5.176165287945016,5.669959448720472,134
33,4.973867245474316,4.990884374921205,5.242058420863303,5.015888125860258,4.898019969185331,5.051427575231744,5.088036783111336,5.142926351001807,5.677730619551068,134
34,4.984513169313176,4.990551397459742,5.2423755663981995,5.033430287522395,4.893182401642192,5.047535877897513,5.098665308436548,5.123722228742199,5.67948423767917,134
35,4.986197216777211,4.9920648621082275,5.230724274061595,5.059725631516709,4.87851009545245,5.038072922816156,5.118288447929909,5.113922948741429,5.6950323133191265,134
36,4.992414456590311,4.99743340507707,5.210927468686938,5.083420474090174,4.8548576041077505,5.034826351289397,5.130439484191401,5.104813439506968,5.6847048219937735,134
37,4.989879462600822,5.007948121390886,5.193543371266814,5.099190552958153,4.835997461234279,5.03320210211537,5.1357507222636505,5.097524839930815,5.694430011874544,134
38,4.997057680953761,5.0180679689384595,5.185577903742737,5.115163476418172,4.813142113844154,5.024723393058508,5.144716526780333,5.103019659712897,5.6856048781011195,134
39,5.003870969927626,5.020807717249203,5.188312991656042,5.130861007027686,4.801894090921726,5.012886644510859,5.153969980258196,5.1169979737101166,5.682972206547744,134
40,5.017833554251538,5.022430678884302,5.185468348674027,5.145273972854549,4.800831965508387,5.0023345801214205,5.168780963200297,5.129760474231205,5.6896097188741726,134
41,5.028337757017351,5.006367173353179,5.177215292340864,5.163300967325762,4.803880272290881,4.997271890436706,5.173238788179896,5.136846839075367,5.695421305410508,134
42,5.037986286588781,4.997114188675089,5.179756599940304,5.173463317036179,4.805800262937445,4.98807823404847,5.176792372690148,5.141393831150876,5.702103568067945,134
43,5.058245660834673,4.9885838724254,5.180801258099269,5.165587866060634,4.819113992790266,4.9800803225335155,5.172640943490739,5.142388412150596,5.698693151804732,134
44,5.083458000673754,4.981085115808778,5.1840432299749,5.1565612096103965,4.84599811418142,4.964885552386626,5.176919900438929,5.155480518015002,5.707562674805731,134
45,5.105199818819702,4.965042325225525,5.196093240384642,5.1498516694981245,4.886854270439482,4.9511383863929925,5.189878892457327,5.159187778214568,5.703089774235062,134
46,5.124352415130586,4.948498115758772,5.1969887619292745,5.142469980158632,4.9274131428650705,4.936326023297479,5.205510268318577,5.1579056850381315,5.706972010879622,134
47,5.141174468461059,4.934673830061935,5.173482555597538,5.131788719633962,4.969689226172135,4.933305405581394,5.221099641225445,5.156728324435365,5.708895471459738,134
48,5.157695858678165,4.925293346665743,5.15314698540386,5.109304477587566,5.0073666056774275,4.942195333900255,5.2432015909668275,5.156162275723056,5.719712306862202,134
49,5.173935777782903,4.921911661163859,5.129527543179106,5.072979280128959,5.040053474463158,4.9557094009755955,5.2625936419936,5.17170686782662,5.709675164173567,134
50,5.184730169715032,4.912082909707844,5.095385409884264,5.03951632413613,5.069299418410328,4.960956318168379,5.2705938820744285,5.189747574455905,5.721110839276003,134
51,5.192737866153312,4.900547858011827,5.063469649455561,5.018944873592696,5.089961037413487,4.962880475888733,5.281665785743932,5.2029273065933594,5.715538352928291,134
52,5.18848058480451,4.900379336053756,5.019225193589933,5.002145599250797,5.0957403305604965,4.976346080587444,5.281336512758604,5.211920498112983,5.726744458179842,134
53,5.188002494504968,4.895910692129499,4.986498621289734,4.982318735170964,5.093939498984469,5.0013228303666954,5.271347021805167,5.227192408157073,5.717707765539049,134
54,5.192321342512415,4.893734220860398,4.963698152755456,4.963375697647127,5.0929046559723945,5.031237187190573,5.251503729782942,5.239519724782399,5.719500975360167,134
55,5.2006861465542285,4.881836780210475,4.957778124846966,4.940968787655267,5.0821205287431015,5.052213944638043,5.226607786750265,5.25308650701755,5.727455139110832,134
56,5.21073477554948,4.868558667937481,4.953375096236841,4.929192927239043,5.079232025893944,5.063992856011833,5.195337428149882,5.265819774548406,5.729792064037122,134
57,5.222744712073624,4.857954359850022,4.956793229322905,4.923074078445479,5.081281719808728,5.0722121775186,5.163179242612273,5.268031061368062,5.741534400691829,134
58,5.237060241002454,4.849880028432711,4.964488969620824,4.923426688163883,5.087237882887597,5.0886624487856125,5.138908470787349,5.26491580207207,5.737071077288413,134
59,5.239315793743619,4.833732118926376,4.970731744351719,4.921635316217562,5.101955471059682,5.1063086017626445,5.116225368124577,5.260690968816424,5.743118647337657,134
60,5.244461442230179,4.798999754087209,4.997049296980554,4.914112036158426,5.119283541036131,5.116209359156771,5.099009209402734,5.252144821397382,5.738207222107986,134
61,5.243905845806966,4.764602207217708,5.007068516178973,4.913252497822514,5.139972651095582,5.117096021140018,5.088870957574259,5.236414872700684,5.738724222274066,134
62,5.244111032087943,4.732345341756593,5.007568226180577,4.9095209231316135,5.158918916486786,5.124243202258649,5.082849798501762,5.216810644261065,5.737172894297691,134
63,5.246937866090447,4.7039033827390995,5.018281713656501,4.912090334502853,5.173093330966412,5.128661491948873,5.077251212617262,5.19186086176995,5.74346196303426,134
64,5.236900672904613,4.681121221280896,5.02771344603082,4.915603102431271,5.1780044587616825,5.130834038226937,5.076062255649454,5.1629880199050415,5.7458069307262125,134
65,5.227951417027138,4.669858288980001,5.025496636591758,4.921242118313334,5.187847945551574,5.12492966647374,5.087350217052364,5.125028715472892,5.744809397395736,134
66,5.219984591566637,4.6599868612789725,5.012592950389106,4.920563355105038,5.19734139353937,5.121324854767062,5.101712424598569,5.0880785430235855,5.746704102658378,134
67,5.220938580071462,4.656745548782688,5.005895247421313,4.915026210415713,5.2042003258888325,5.124028220335955,5.117331327435404,5.044851115689488,5.7443956114252765,134
68,5.219760593916639,4.654356405274432,4.984663770468904,4.912025325623538,5.215380277194762,5.129089212731384,5.134358342714732,5.000667692937374,5.761476591861718,134
69,5.22400245244981,4.658285601810832,4.963683881542641,4.904323490004227,5.2257752153220425,5.135777187194876,5.152209620827609,4.961449409287267,5.743889400820055,134
70,5.223668122709804,4.664615900846464,4.94356887041555,4.898258520281242,5.237394377588195,5.131812353361911,5.162984698502336,4.935388553665539,5.774404343949923,134
71,5.220120374382743,4.679452923935727,4.915672449233588,4.890785114121256,5.243684791226778,5.135058619304627,5.1699828282944065,4.909869715461075,5.75575082793386,134
72,5.215708610490094,4.693307643843621,4.885827026122521,4.881076303079878,5.251347302259781,5.1348563427383125,5.169181803950616,4.891822927955548,5.763115449452942,134
73,5.203065470176329,4.7010144661420314,4.865768648788601,4.878099168434163,5.239386847788889,5.139600511230064,5.167211815540033,4.882442819527861,5.770194898125545,134
74,5.185005530618377,4.716729842035885,4.860115966604674,4.880358591031459,5.220781348134752,5.142246631427457,5.16391670874653,4.87966526458083,5.759166531298654,134
75,5.176736661716527,4.737847787809699,4.853578451780489,4.884860810651934,5.202901495100975,5.139633400408773,5.164552743067761,4.884846880911023,5.766040536126195,134
76,5.174510913326391,4.762096745752009,4.850444612622806,4.88595004201429,5.177290151914304,5.138942872612866,5.163291845382561,4.8959790049248815,5.765246854305151,134
77,5.1627744915213,4.790460411120538,4.839460891064743,4.885004204220846,5.150575335739484,5.141395165124351,5.15130073135621,4.911319536106185,5.772609656224095,134
78,5.156496142613795,4.8161186724101395,4.836148280032994,4.888246834282137,5.1237682420857205,5.1582558371733205,5.150672165568274,4.933657710428397,5.76309582830788,134
79,5.150471845294005,4.848242133556717,4.835878174669511,4.8895262805997755,5.104234976191499,5.173085295044578,5.145774864261934,4.954615410678832,5.770617023955442,134
80,5.152997142146713,4.891287401991116,4.829558709489061,4.887327007890916,5.087302756651329,5.192832509255711,5.14037004054391,4.979873941099736,5.765067232647238,134
81,5.169999608357125,4.931870850557043,4.831163437506639,4.884006711743006,5.082442063975314,5.215638520163265,5.132683517761755,5.004881655866408,5.766850513436602,134
82,5.1895159956482315,4.968072457950486,4.82787979917587,4.877752003456193,5.077271250705683,5.23319365484771,5.123771869867754,5.018813265613036,5.7797667161542545,134
83,5.215110797830362,4.993231339417653,4.834514677726154,4.88574415230846,5.057357631521141,5.246676583302531,5.118582107960457,5.030853839641111,5.773017760119119,134
84,5.242222684986356,5.029021538295012,4.8348990106578285,4.8822697808337825,5.042131556556435,5.257303412636347,5.109952274595191,5.033457968399733,5.774881597317671,134
85,5.273120312037637,5.056550042733864,4.84995007088873,4.886091812403982,5.033365865096888,5.262020737459424,5.11388821811116,5.035671790052125,5.785036850005343,134
86,5.298492118722783,5.085649880724424,4.852488064453013,4.884034640001135,5.027985527085319,5.259016651055964,5.121439833434687,5.020975385787285,5.781926388870402,134
87,5.311615656059988,5.10460199393997,4.851953152323852,4.879527995399913,5.029009347191907,5.254538767591471,5.1337552737644225,5.002689592318289,5.7956359306865135,134
88,5.314257306671913,5.119545553712679,4.858800260324837,4.885183389316255,5.027548828896153,5.250905674421077,5.1508761095959015,4.978909220464352,5.786776865500865,134
89,5.3155151332359685,5.137291161699551,4.858567413106439,4.878942429641269,5.028599998489344,5.246278290196189,5.162685154475269,4.961811117279138,5.788302911635853,134
90,5.313361345144956,5.1522848362052,4.857205909385464,4.8842139214136395,5.021358379186214,5.236833808075197,5.180978787985922,4.951037400258407,5.780035575431457,134
91,5.296204020389309,5.1657313709670785,4.8466743610163165,4.875530467661577,5.015951297435004,5.234696879175962,5.191729998972605,4.938752744022968,5.795605886962321,134
92,5.270634833056532,5.161401728528315,4.854530446271638,4.8899017629475825,5.008586315089449,5.23952311957293,5.201932694317121,4.929456958585955,5.788930873432868,134
93,5.251874717330118,5.159352087650026,4.857539881275744,4.899810989425761,4.983447713793203,5.243532827713652,5.206987682680848,4.917247111348997,5.797482117310005,134
94,5.241668399667029,5.158311001825181,4.874118305439371,4.911718437599872,4.9556851716954995,5.240649727515761,5.206778264020383,4.913335186314976,5.788054152295349,134
95,5.239554932166137,5.151093495256461,4.8940277577664295,4.9231833018775415,4.930549679141916,5.24181618536749,5.208605334807764,4.914748309723977,5.793170889915138,134
96,5.239725259733488,5.136572807918153,4.917595911318699,4.934041089511944,4.910526053831981,5.234168622273207,5.200497796632429,4.917900687252867,5.805604019034543,134
97,5.238745543862976,5.123321817554978,4.938746445740289,4.961215504134461,4.891777180343022,5.2284043612397015,5.199299168436381,4.919143370108523,5.789373524772806,134
98,5.230983819483318,5.11120687532548,4.965691521336908,4.97612202428827,4.8802851937498835,5.226164775205655,5.199134419614169,4.919930275495255,5.7963333176643435,134
99,5.224618695051246,5.108274192370761,4.990623113927426,5.000575120734268,4.874312465578807,5.218890988231225,5.197428448207988,4.92866355403464,5.801829352521161,134
100,5.217957333404173,5.111631536717705,5.005586378593233,5.017418130882261,4.8757800560696385,5.212742237600813,5.200728636144614,4.94288935825958,5.80224420430289,134
101,5.211671258438326,5.118592615725632,5.022876387829061,5.033603982939877,4.891962439361226,5.215498825978619,5.2062357138247615,4.95772297771774,5.809521279588688,134
102,5.198734606495314,5.126332395635526,5.030644628811883,5.050200559232946,4.91438081012198,5.220359625667834,5.204056863429329,4.974744881772522,5.802641846379958,134
103,5.185478256627683,5.145051974673858,5.035448373865567,5.074643898042169,4.939249030961968,5.2207588700438725,5.204638381203883,4.993975962924643,5.808548249652853,134
104,5.1769444024996485,5.1647321634951,5.046131948617401,5.1008875108235765,4.956757979814993,5.227587544806036,5.209133360071971,5.026919110117215,5.8116664652776,134
105,5.1640234710259625,5.184050309288851,5.061827569875312,5.114431929974872,4.972409516471631,5.23127496868684,5.204732130476053,5.058866127113372,5.811310850875205,134
106,5.156171197904592,5.19663062795039,5.07788148502876,5.134966247497683,4.997201942666173,5.236252185125412,5.184414404095591,5.094637999055472,5.812613481485202,134
107,5.147496680265687,5.198702672851068,5.0903819412090945,5.148274521408686,5.020037580413698,5.25159965733237,5.169311951045134,5.128275497041338,5.816412555147349,134
108,5.1340360423124665,5.204486993165267,5.0900447410744185,5.163620976390113,5.036810642095847,5.257149821048116,5.153095720450215,5.157873879262599,5.811151617391412,134
109,5.1148589767221475,5.206878024400642,5.093329950596162,5.177342505311037,5.0474226015368036,5.249538401124383,5.133000562071552,5.183078966976346,5.814003920927041,134
110,5.096192602151092,5.2162197899301965,5.095523396204589,5.197704609346968,5.0609886101071755,5.245272373776975,5.1158122946706905,5.205447704141892,5.826747766805107,134
111,5.083660705596587,5.217455955152202,5.090273623006378,5.2201714158834545,5.062210761610082,5.23655802023754,5.097115024947794,5.219965869419223,5.8109114091843574,134
112,5.0783795428541,5.215083223155452,5.078069357127307,5.232869382586093,5.065359086733367,5.227964740174611,5.0800849942286055,5.215635998383869,5.817824331530524,134
113,5.0744335214572125,5.205790610512496,5.062909276470592,5.245461373248455,5.078292769626987,5.222171497917865,5.070642191351849,5.2132107098477265,5.818551322557595,134
114,5.069420087054717,5.201929257339359,5.054120193826381,5.2448056062176045,5.083967813761012,5.2155879707285555,5.059782527980954,5.207692419876015,5.824898529065147,134
115,5.06741512868125,5.213051076109649,5.049618636791381,5.236429098335075,5.08926508881709,5.201269291850586,5.045430975014306,5.194003119728938,5.82453494745778,134
116,5.073756924474214,5.217951409851457,5.049168690051536,5.217430847028219,5.096063774568006,5.18369921338937,5.029804533808678,5.169867056978154,5.826391180563132,134
117,5.0809556758004035,5.220402346601302,5.040211617561962,5.199776426182907,5.117249190963195,5.1674723013139605,5.020606318888346,5.155827564392181,5.830569118907503,134
118,5.081907740692954,5.2078269631096985,5.033982637182015,5.167155154464197,5.12703509897019,5.152993838324266,5.009644680401996,5.140248933689042,5.837159619446671,134
119,5.082370358287978,5.205106689914381,5.038146731339323,5.133792949503114,5.140074137777268,5.13770672919103,4.994813452248581,5.128266316973423,5.835192697746949,134
120,5.0707490332226675,5.201482529918461,5.044115894632093,5.094576065864493,5.155249838302961,5.123962207518036,4.981310408130811,5.11777093864319,5.8386327195058865,134
121,5.058175759033952,5.204054384994728,5.054012224553495,5.061632065700727,5.157723621822656,5.118756119543409,4.962382445766145,5.105181419991653,5.832814550870102,134
122,5.052706678995317,5.208036315571156,5.062046882285146,5.03934153190966,5.14614650487733,5.1140200221565575,4.9583363698385385,5.095457618744818,5.8353439091495485,134
123,5.0508409186395875,5.201418510603846,5.0716132326126955,5.034073249352376,5.143253346931289,5.110449503068511,4.956464942457845,5.091841503899203,5.8307790357572955,134
124,5.048163832438664,5.209369570831501,5.086513065455245,5.036001418342678,5.126466443268826,5.110787829136781,4.951449831366609,5.0999686771112405,5.833560322205306,134
125,5.05208838218073,5.221564174378119,5.094350371691343,5.0343732563341845,5.0992390645370165,5.115190534658139,4.935395297888877,5.104078266391002,5.836207554262309,134
126,5.060213605622156,5.231101000773752,5.103844918856186,5.0440046276339405,5.061864960280381,5.113361935849571,4.927987721488812,5.1093173911790455,5.8382701666336265,134
127,5.058912197552965,5.238163018500551,5.113923492982635,5.050985041245805,5.027823900556353,5.120983605191569,4.932748941952493,5.111878767228713,5.836594019174021,134
128,5.056484652130651,5.25073119757589,5.119595983047431,5.071651589410243,4.998696810575252,5.132342676740809,4.934805365203632,5.1188388756949035,5.847486100692786,134
129,5.061219012632847,5.255567523691315,5.11481937724407,5.088807425292426,4.9601755445654065,5.130401544886653,4.94737184364418,5.120301980331926,5.848994065905571,134
130,5.0710024281032196,5.257016721984451,5.099748377540395,5.099957631114732,4.941461317027453,5.12666769316646,4.951501331605691,5.121600767601935,5.8417540196559745,134
131,4.436238132612152,4.6072724079348095,4.45368105698844,4.463376702721407,4.306982737864265,4.484136901949158,4.331210745200933,4.483713132206715,5.848433146567254,134
132,3.8037442529526664,3.9455747934755587,3.8108021853065903,3.8282444094207575,3.6864513448647753,3.843467566786459,3.715571141687006,3.8437754436694664,5.842020266935693,134
133,3.166664865927882,3.283417726695959,3.1768571602335154,3.1966714974130954,3.0633488427123092,3.2028672564943133,3.104613924019355,3.2025143768611817,5.854970154687449,134
134,2.5474809393103315,2.6304317410789313,2.533141122959361,2.57726278969431,2.504451195156503,2.5581412475756187,2.4929571962379278,2.599268236283596,5.843725137984404,134
135,2.685870432276596,2.7763656996598742,2.677145274658934,2.7208967063486864,2.6434397108780012,2.69975875183993,2.6309370644666608,2.7425654157969763,5.845270450206016,134
136,2.824361894570962,2.921744547675109,2.8225700579807103,2.8651839849302605,2.780368629309719,2.8423673703699146,2.7687355169823746,2.8848473771051806,5.840643092215734,134
137,2.963063195376545,3.068053281715205,2.967307450205439,3.009052554112969,2.91727993624208,2.9838480689396985,2.9060696543630034,3.0271393722108915,5.856938244770852,134
138,3.1016059052464815,3.215540481686766,3.111203485226974,3.154423766859283,3.0537980831881146,3.12566938470032,3.0411718473977043,3.167862047801087,5.856673493168603,134
139,3.238671511735128,3.3638929982848995,3.2554654257057036,3.299202935747469,3.191779845817191,3.267596718968537,3.1776527008778657,3.307998015468303,5.858463140446232,134
140,3.375888425838543,3.5142523365383758,3.3994820519549753,3.44582341973648,3.3274456852127066,3.4096618407582096,3.3141245862741604,3.447229660205231,5.848896997212736,134
141,3.514062067702076,3.664832549731803,3.5424396990660956,3.591869464150345,3.4635778438879097,3.5520440812202168,3.451098613208173,3.5858226780897438,5.859122853702244,134
142,3.6527911250877785,3.8160722810103826,3.6842783364016984,3.7388796873738253,3.6021535492496097,3.6941821998052147,3.588516842752238,3.7253964488528775,5.8521811428342785,134
143,3.791194074466672,3.966516203824944,3.826471921395973,3.8869674564171977,3.7392901405811223,3.8364523601110267,3.7269622315242374,3.865393640788382,5.86591029197573,134
144,3.928755569781947,4.115093934408576,3.9680412357257437,4.034430175912249,3.8763150666855655,3.9788733911287206,3.865740066923176,4.005894786420034,5.86329358375049,134
145,4.06532768234309,4.262939196594558,4.109325738384327,4.180294893552632,4.013262171529685,4.120064631274661,4.003129288195964,4.14521455917936,5.856764994534132,134
146,4.201837545286863,4.408733132495709,4.249686309230668,4.325807675938957,4.151323647148321,4.261578487221546,4.139939640229462,4.2858822157788765,5.8505195358134445,134
147,4.3378701866004485,4.554491147079252,4.389096513899526,4.471053474000702,4.287672521143794,4.401415089328773,4.277972639304924,4.428182125116771,5.866066387341778,134
148,4.4746588036296515,4.699151984043571,4.528195440531149,4.616353942557635,4.424104383477157,4.54088342737902,4.4165318882900735,4.57014985401335,5.865902375213347,134
149,4.611425811654682,4.843830815736776,4.6655765594886445,4.761580732778417,4.560531059341837,4.681363241591349,4.554162397330222,4.712201476895382,5.87297964783232,134
150,4.749449454927209,4.987803582908471,4.802644345969184,4.908180417527028,4.698196486320219,4.821108588781798,4.6911547090466374,4.854210161943652,5.858771055242347,134
151,4.887373807649492,5.1315872771267195,4.940711188355693,5.054009323680121,4.837833482381419,4.961699301875468,4.828833992453881,4.995373637646354,5.861384838311828,134
152,5.025412391163378,5.275817289273028,5.078995833093335,5.19995762363625,4.976924767275561,5.102215621808355,4.967227485737597,5.1357493514026835,5.862684032454312,134
153,5.02353641342763,5.277087575278513,5.076952549803206,5.203528666509408,4.9795712138121,5.103629641407081,4.967951462050021,5.130830708364561,5.866948013292975,134
154,5.02145498622097,5.278656459153936,5.075378491201297,5.207084607246024,4.982758545605666,5.104233160860434,4.971165205812259,5.12794466359899,5.873331610371854,134
155,5.0192650203221785,5.278451802972056,5.074278019152543,5.209248992333535,4.987862301088924,5.104972420807536,4.973850976829067,5.126976655709914,5.872833818424275,134
156,5.016871427764942,5.276198061227566,5.076198100972581,5.210467814809659,4.992021455083066,5.1026123758815,4.978446982218884,5.126281914278244,5.883750658591621,134
157,5.013343672974639,5.272643020972739,5.077741621285943,5.2105001658063355,4.994313683042276,5.100425483287374,4.9822910544868755,5.1265339958947145,5.876582496338149,134
158,5.009654394865895,5.268286976971803,5.077997481341796,5.211867488835964,4.998011415554817,5.0992861695604565,4.987966877213296,5.126021440309463,5.877151575024118,134
159,5.004575520691695,5.2628254120114235,5.077956469262139,5.211766835643577,5.001306185169943,5.099653852333304,4.994242938005667,5.123189812506558,5.8801342660110025,134
160,4.997655536513427,5.258096458637828,5.0801925736801055,5.2112179726819825,5.0063618933897835,5.097849758705689,5.002604946252603,5.119621992005767,5.882488693335646,134
161,4.990687902257491,5.252182980781345,5.082490952462779,5.210230809713071,5.0096604374634985,5.096373491856575,5.010928678750314,5.1133921295272335,5.868290422581048,134
162,4.987257381023076,5.245292775936464,5.085172537745597,5.210698289436964,5.010560267724532,5.094740506122768,5.018377774928025,5.1073824269288455,5.8846241615101595,134
163,4.983341172034571,5.239392099907237,5.086634150895884,5.213338195352694,5.01108883160699,5.090724547418285,5.025900871236679,5.099468900851194,5.889489115966494,134
164,4.9798607203167045,5.230479624606961,5.088434427552892,5.215959028777148,5.011305798148179,5.086583069192354,5.032391037338531,5.092951607012434,5.8844357500101925,134
165,4.979040070630479,5.225298979822746,5.0879223274808005,5.218981389432075,5.01314342153503,5.083634009698258,5.036811327726225,5.089196716265631,5.88000507003286,134
166,4.979211633338361,5.2217312990309175,5.08450115982741,5.21945589261252,5.016038808284028,5.079827426139602,5.041809024499557,5.085615678936427,5.883775355236125,134
167,4.9801789543935,5.218290092026956,5.082170118387525,5.219412777626648,5.020086861770679,5.075197829455817,5.044864374712112,5.0847216821494445,5.894351407641745,134
168,4.984569066457407,5.214406856587043,5.077748116116163,5.22051969140435,5.024574184945463,5.070428379870011,5.04815291730946,5.082131650663332,5.884955465674587,134
169,4.987238505947351,5.20832095307142,5.074053953022287,5.220387994591436,5.028613666488289,5.065386365303128,5.052780803013167,5.080277246639926,5.893296308848223,134
170,4.990456090406565,5.203592099365224,5.068708568650093,5.219577698102297,5.0319062821826375,5.062349175305534,5.059492469735456,5.07762994176029,5.896169873630826,134
171,4.992745753382417,5.198175529515469,5.063809874547699,5.21855741918743,5.035511628348358,5.059799339031856,5.063308430754339,5.075366495451821,5.892694010748863,134
172,4.995856546180626,5.192151685968197,5.056279742917329,5.216936863692576,5.041127548737879,5.057604020260314,5.068634805672556,5.073587793737995,5.881105320799513,134
173,4.998868619504952,5.187180869563025,5.0492270210223875,5.2154798996087415,5.046892099454979,5.056492096653017,5.073175428531396,5.0728600968363375,5.889862709109379,134
174,5.002806116789133,5.179464904192184,5.042562730931635,5.212103410815626,5.052852821262329,5.054804444130223,5.079074588114883,5.073523771286009,5.8843016457243476,134
175,5.007200221518551,5.170667393461102,5.035039966761436,5.210927482786098,5.056212531740132,5.053946589459921,5.083965125636498,5.075280258220462,5.89296182965771,134
176,5.011024100978991,5.159657161787454,5.026513916180865,5.208613221195598,5.061078215947839,5.052595994770673,5.088703790503375,5.079701890222923,5.894626535133667,134
177,5.014080962399724,5.148500004688435,5.019484236854534,5.206841584388515,5.06476485401034,5.053125940420626,5.094080989751907,5.083915170507668,5.901604372172221,134
178,5.01631817346132,5.138861244754596,5.014427348762988,5.205755634917135,5.0656639181006184,5.05464047777584,5.1006706695306985,5.086871440365993,5.896794397418748,134
179,5.018186728113379,5.129960772895291,5.010732015694947,5.203700442670155,5.068132360382062,5.055518209753086,5.106831799988386,5.090952948191053,5.894194382945958,134
180,5.0224026900976195,5.124226948845861,5.007562082485617,5.2021896703473,5.071352209290028,5.0544567342245434,5.111443321283149,5.095235782671138,5.893395949663509,134
181,5.028707536346423,5.118842121617256,5.005291758175206,5.202478990742904,5.074431878747422,5.054495946376682,5.117663208943072,5.10167137065357,5.897389439556146,134
182,5.035064554551743,5.114059281843041,5.003103707390316,5.202786088730618,5.075992621040735,5.053667193000231,5.12316468862449,5.105491783912244,5.896786100963299,134
183,5.042390943255567,5.110068350057604,5.00201961905958,5.203330026262215,5.079774312241868,5.054567103475551,5.128053756509759,5.106529878068515,5.898785788397304,134
184,5.048253193379491,5.106970177194399,5.000390090343406,5.203977122647234,5.084479186093282,5.0563452515850145,5.13160077007476,5.109200821599428,5.893354314426258,134
185,5.054461320082934,5.103281927706598,5.00041473311514,5.2052070809506,5.08978680083912,5.0562177733469245,5.135403959085589,5.113069781631324,5.8873428147175035,134
186,5.059499027227375,5.100542653058334,5.001212096108393,5.205657607960183,5.093295215264668,5.056508436363368,5.139272386856737,5.116362510199169,5.9080105416827955,134
187,5.064763181353445,5.097111368123997,5.000405609342138,5.206363605070133,5.096535462044686,5.056368579409904,5.143452305754623,5.11925284864768,5.900100947257521,134
188,5.069649851314271,5.093833855937678,5.000859333348188,5.207126789278024,5.099713714001582,5.056170506569755,5.14647459686935,5.124244637837684,5.911922535830176,134
189,5.072590613205113,5.089146945577697,5.002668327709157,5.208929202478065,5.10128987841185,5.0517075106267875,5.146167409064512,5.130950976949768,5.910107962174039,134
190,5.076692019313166,5.083837936150038,5.004467043564557,5.210757902330175,5.101858594725185,5.047206431735959,5.144552882455857,5.1343933778461075,5.910240784214523,134
191,5.079655912502505,5.07987261673042,5.006413426007073,5.211751491284658,5.101017805767238,5.0443806531642545,5.141489921096448,5.135861579331299,5.903025336944979,134
192,5.0836387699481325,5.0757832187522585,5.007132565572448,5.213804717918887,5.100924282643886,5.042931128689986,5.1375623635921315,5.137313378492655,5.907118297957181,134
193,5.087989091756391,5.07231442647056,5.008212486840177,5.215676376317532,5.100600343189109,5.042823040823967,5.134432967516474,5.1384902206096275,5.907010293610583,134
194,5.090854636864053,5.069976795413272,5.010369012884185,5.217507529257595,5.099016015866426,5.043146331923134,5.131970935954913,5.1396913789415235,5.915597253145126,134
195,5.095220937642582,5.069359062897561,5.01274862295678,5.2198642115122595,5.099137818185246,5.04400985658181,5.1266365808508665,5.14278665096904,5.904571881919206,134
196,5.100326090206629,5.070913568848908,5.014744023165272,5.221025371556598,5.100447580859153,5.046200797092503,5.12040861905575,5.14476495928213,5.915140763924373,134
197,5.104412551882039,5.073847375170662,5.016021821550137,5.220163093220441,5.1002888235554735,5.048666525498179,5.112983193716956,5.147178829932331,5.913807052772635,134
198,5.107350030809073,5.0763801837192695,5.017597840473464,5.218700265042747,5.101078541793205,5.0500107523995394,5.1045639297229695,5.148444243104123,5.911126633564087,134
199,5.110311220470244,5.080087099434165,5.01924653792869,5.216716804501637,5.10303630197006,5.053252111734619,5.098330971531517,5.152838239507256,5.922574922062055,134
200,5.112407966957357,5.08420493633357,5.0200437149472075,5.213314859032058,5.10531440474133,5.056381105773834,5.092217190255985,5.158409248405495,5.92006383571023,134
201,5.111965341002719,5.084644959542425,5.022816110601701,5.209417168028505,5.107385454790586,5.057571025394296,5.087452420682663,5.1634221905492685,5.91551504711758,134
202,5.111653017439693,5.085611042079455,5.027082652759974,5.20548256048748,5.109661083785272,5.059786540719163,5.081526817128496,5.169186596383994,5.918274676071021,134
203,5.110751646017942,5.08791229847626,5.030624933530728,5.204005179918024,5.113970371130016,5.062537473652728,5.079142101401602,5.175499956269958,5.911899457915948,134
204,5.1085834570158495,5.091057117142031,5.03515854604367,5.203054586805525,5.116865192117621,5.0656320018852625,5.075772913318249,5.181265451964006,5.917428449291731,134
205,5.10717420472352,5.094226738301947,5.0401166776178945,5.200787218582963,5.1216648965996,5.067813448557051,5.0716066127062955,5.186254301257874,5.915085947602814,134
206,5.1043958044965985,5.096278045207162,5.045239350106259,5.200668218962775,5.126899120174649,5.068037108717458,5.0670035481510425,5.191428863407846,5.919569196966062,134
207,5.102546643250647,5.097008462925372,5.050518766269764,5.199680787840148,5.1306526105597,5.0673135157145754,5.0636773096290435,5.195774210400058,5.922956225363637,134
208,5.098810453409079,5.098625999094873,5.056856427223939,5.198521583462272,5.132019568330721,5.0643420929028355,5.059520316000812,5.200676725222891,5.917895568872238,134
209,5.095385525472118,5.098211587243396,5.061068664065971,5.197330552871913,5.132786130911917,5.062556015896883,5.056670248023821,5.205018178732395,5.922067336446589,134
210,5.090963609525778,5.099085735384881,5.066819648208796,5.197008601321304,5.133481425315564,5.059969633585224,5.054152535630446,5.209028903612088,5.925412077014314,134
211,5.088417546490738,5.099628751960749,5.073124413359933,5.1961516541056145,5.136696010076782,5.056206681206325,5.051436059672861,5.213093603520829,5.9204705079856845,134
212,5.087558852383432,5.099593639431587,5.08149793515245,5.194455377286593,5.139716668560201,5.0523649550253324,5.050921717634028,5.21439164258248,5.926539200163837,134
213,5.087585775812032,5.099766143517253,5.091062413010468,5.191661534362327,5.143952985556159,5.047578574814558,5.049305786867958,5.215120603313203,5.928530917964861,134
214,5.087877959950124,5.098675213147729,5.100076085376189,5.186345784878427,5.147050488316367,5.0425551981998655,5.045795152794092,5.214378162314478,5.9248925345947665,134
215,5.089057879281961,5.098583111072885,5.107131145140137,5.179012856045835,5.149547937053285,5.039823061958024,5.042351307754771,5.212145360256449,5.912043644279378,134
216,5.089951221071172,5.09739341132622,5.11407858378697,5.17294761275463,5.151956426955261,5.039528306301358,5.040332535982883,5.209522745050446,5.929774613056802,134
217,5.089026408258228,5.0972226827429274,5.119016948134583,5.166863327014184,5.154089173193524,5.0391508077194205,5.037680327203082,5.204078434398051,5.9342330750943075,134
218,5.087417713436011,5.098421804204316,5.124302538752301,5.161549892754124,5.158129056852107,5.039534195638627,5.036027476165798,5.19917263936598,5.929070229798611,134
219,5.0854807894534355,5.098190576944373,5.1307798439416565,5.15769372351906,5.161446201222001,5.0384143917093756,5.03366832659893,5.196036790305262,5.932828026068971,134
220,5.0855744818829915,5.097869088607981,5.137458952444902,5.152631975387555,5.16246746015393,5.036612286487341,5.032355870533847,5.1918801380483295,5.930983663939222,134
221,5.085940086235539,5.099231483686173,5.14518285889573,5.1477548336906604,5.163139470295752,5.03592871282753,5.032264907818486,5.1867516417154285,5.92759322798379,134
222,5.086487559370875,5.101063333205646,5.152286461500537,5.142410126946034,5.162830725330155,5.0350835631850055,5.031838371375142,5.183441468331104,5.933103667707498,134
223,5.086310017455785,5.104256193272358,5.160332426484239,5.137354922374887,5.160282991153675,5.033775600000947,5.030238667220395,5.181657168261657,5.931458436425272,134
224,5.087825769418186,5.105893669082018,5.166452055559738,5.131273414789572,5.158216364567574,5.0324176219871,5.030086221200832,5.179697738964535,5.92219007582818,134
225,5.088703649403572,5.108127979480658,5.16929460133189,5.124210805793757,5.15656318980291,5.0338049362994735,5.031113283460193,5.178046700137134,5.934023550275257,134
226,5.089833725460721,5.108429959022066,5.172306454048854,5.117652835191843,5.154589327843674,5.037397462401887,5.033626259111275,5.178395773414268,5.9347078436063,134
227,5.0912681363378525,5.108325304263511,5.174892762335112,5.111191482841331,5.154200998728041,5.039241914056213,5.036798794465511,5.180001410210252,5.939113249083842,134
228,5.091929458007714,5.109459266066468,5.177465370412327,5.104880412067766,5.153325940023517,5.042500747533365,5.038487514484602,5.181169893603956,5.934492074057239,134
229,5.092705943643084,5.111159256460763,5.179357386529889,5.0987851070057975,5.154258950235072,5.0454518803028225,5.040854609192833,5.181104909349456,5.939499765428317,134
230,5.094400136043921,5.112512200199436,5.180959235935994,5.093631832870346,5.154508474571306,5.0460932789702575,5.042393655005884,5.1796687996273665,5.927893510226993,134
231,5.0949876294862255,5.113810657835993,5.182876733928509,5.088821943046715,5.154192741112826,5.045408779101601,5.044057724026187,5.177692980526016,5.940555734308678,134
232,5.095108064635815,5.114585161730967,5.184892625228091,5.085773242927583,5.152187599368189,5.0452949359013015,5.0467073642879425,5.176766644794215,5.941475945148271,134
233,5.096612904298094,5.1159556222450275,5.1864646722477845,5.084329473891905,5.15154354204902,5.043202289052072,5.0506080219406435,5.175273452533925,5.932825180227374,134
234,5.098375491469872,5.117957124831065,5.187936463041892,5.084116897369612,5.150518708486061,5.0432618928481245,5.053845994070189,5.1736413692175685,5.941087598862194,134
235,5.099763909421034,5.11958606056749,5.189759357855758,5.084464292657562,5.147484260694956,5.04087151137748,5.054965437123034,5.170939179047112,5.945953664418596,134
236,5.103191677931498,5.122259735151279,5.191782573407486,5.085574582266577,5.142954870249396,5.038605629610227,5.056573051430028,5.167417899489988,5.942397239545733,134
237,5.107568572777159,5.126136551940478,5.194039230998736,5.087149307347886,5.138648457520705,5.037962926388646,5.05888644915343,5.164309306144504,5.932095932964961,134
238,5.11124531241915,5.128068578253311,5.1967589719122,5.089491824091058,5.134835384853181,5.037960725704444,5.061597913017444,5.162488211428661,5.938372354151108,134
239,5.115138018113957,5.130071162138333,5.200036959119533,5.090584027170145,5.128598058522156,5.0379234420899826,5.062542219662809,5.159969700764233,5.941435958008061,134
240,5.118728234506493,5.131014855112225,5.203094472106075,5.091916666248114,5.12340219218288,5.037500122838358,5.065261122042043,5.159056580991166,5.947981204454432,134
241,5.122874905851419,5.132253221016091,5.205992402257765,5.0940047285518375,5.117601503975733,5.037703879549923,5.06913453940064,5.158635939364318,5.946079838536218,134
242,5.127864475568623,5.132736089883816,5.20888910058203,5.096058841993715,5.111778291386731,5.039062407415775,5.073239314879575,5.158287675194229,5.943788798633491,134
243,5.133928668092503,5.134817684162387,5.210761617550229,5.098587121009732,5.106638143623937,5.0405713834125105,5.077091704134029,5.158133264040076,5.947763294645861,134
244,5.140901745868142,5.136476693156238,5.213295635678829,5.100915023724443,5.104067398017458,5.043738784634148,5.0808798192996765,5.159101727894933,5.9507172623833595,134
245,5.147789015403498,5.139132813888375,5.217477886423126,5.103214442535879,5.102679264140311,5.045782933334981,5.085468879081305,5.160005549847938,5.938914235318984,134
246,5.153943364623361,5.141563080254334,5.2210303800048,5.103928421603206,5.10159027754044,5.049139191913323,5.090944708389169,5.161865703501842,5.947789848771403,134
247,5.1580337779327,5.145065433609043,5.2240478353472,5.103451946196687,5.100007358842641,5.0526203019466145,5.0957875526932135,5.162629764307535,5.947935929642806,134
248,5.161344159925726,5.149643168609636,5.225971340565469,5.101959381234035,5.098949829351977,5.056555171587846,5.098135726730713,5.163818558293849,5.954970418310433,134
249,5.164416758859671,5.153822805118665,5.225374589039845,5.101134313435889,5.096501039056802,5.058344475166952,5.100053984479994,5.166749231295853,5.950381076885222,134
250,5.167479212574599,5.157980894361621,5.224520668846427,5.102123817787392,5.09565559397503,5.06010827179509,5.102856266714399,5.171244204818349,5.949769282779401,134
251,5.170827433969704,5.16105022925288,5.2239476782040395,5.104942588631074,5.095821964604799,5.061563852103582,5.10575841102456,5.175703842840871,5.94996000573594,134
252,5.172922408777518,5.1641385511882785,5.223030750319183,5.10660103456778,5.095627803547359,5.0613227987657385,5.109007117666643,5.182192054371923,5.947860566471124,134
253,5.1762617891740135,5.167504557124094,5.223953861405748,5.108131362369095,5.094532323880608,5.059969543090544,5.112702527228063,5.189933521120855,5.9431527154207515,134
254,5.179926896752309,5.171696636158004,5.225534528837557,5.109378793972299,5.092834286001449,5.058835785922994,5.116792745901067,5.198577469717147,5.957401024457685,134
255,5.182645985070627,5.177434298467933,5.226301693044904,5.10936432351156,5.0895349433276245,5.058756339996451,5.120536515706617,5.205618645244396,5.954997469401845,134
256,5.183180065691492,5.181796968491534,5.22762147881117,5.110352641461196,5.087787512587242,5.060253715580071,5.123322611235565,5.211598520487811,5.958660930564964,134
257,5.182205441165685,5.185702349823677,5.227067387321669,5.109666899017999,5.086006363948696,5.060996584191802,5.1259248913100475,5.216888799032675,5.949976415275655,134
258,5.180744665302211,5.189520251506004,5.226947597975078,5.110051548928358,5.085954607475276,5.060640632084491,5.1292244615352836,5.219925743220638,5.95179471278219,134
259,5.180257091759276,5.192743305026693,5.226096376307643,5.111236697304632,5.087248979804366,5.060111116262358,5.131802510395513,5.223234660280786,5.952066191686605,134
260,5.177843479428033,5.196227461920465,5.225223988989155,5.1125415594113734,5.088937031062062,5.060861342985264,5.13441949369025,5.225743784388895,5.9561887135770775,134
261,5.176732535894882,5.199767594793775,5.226902920898484,5.113972127457707,5.090611501891538,5.059716924351977,5.138244208498844,5.228615887560167,5.952261003907606,134
262,5.175052473154887,5.203865657212951,5.228410542267392,5.114754540287832,5.092727811995065,5.058825945488264,5.141059590305055,5.231322663112159,5.954176228060426,134
263,5.1732497772248465,5.20765460330483,5.229166963745647,5.11762333347338,5.093104471975045,5.058542879621639,5.144205432253049,5.232883369736564,5.957629141278588,134
264,5.1715376873775565,5.210594589800829,5.227809391214317,5.120870704606132,5.094429094485912,5.05744426894632,5.147699973128489,5.233691730774366,5.953809265682054,134
265,5.170913152532153,5.212873760595153,5.226230797083275,5.123043497878744,5.094979601926706,5.055533556828641,5.150209540041725,5.234507752795299,5.956916134591305,134
266,5.170784172823087,5.215313498907237,5.225340822784724,5.123123668607015,5.096377439705986,5.053987276138494,5.151922869355555,5.2369781607182215,5.960506977205475,134
267,5.170814250159899,5.216983862945426,5.223681023231124,5.123309546656687,5.097114947076834,5.053670341096753,5.152796410824184,5.239029542126469,5.961201864429852,134
268,5.171521112504495,5.217130644603063,5.2218655583033895,5.121956830509478,5.09723400362396,5.0523279166111035,5.15194686775674,5.241005002531727,5.949160501957863,134
269,5.171946181400617,5.217373540580615,5.220084918961969,5.1191811852229065,5.097166199695687,5.0526336076755545,5.151543540186544,5.242420676640209,5.964236686036306,134
270,5.172876947080939,5.2167780758487075,5.218005077702301,5.115317277105715,5.096481891206611,5.051028184124187,5.152600635444941,5.246003746030555,5.953920418919809,134
271,5.172639321187154,5.215782188105015,5.216106411027539,5.111291757336562,5.095597270079962,5.048033442346954,5.154129881014365,5.249276471641072,5.970763618658247,134
272,5.172036971819507,5.215850343292821,5.213933448927672,5.107600622056934,5.09471962550129,5.045188142136416,5.155599069296256,5.253447620248867,5.960374066893805,134
273,5.171122737982227,5.2174388717400095,5.210981093949354,5.102961076540307,5.094638381995387,5.0417571368355345,5.155619221517643,5.25634392327004,5.958016374663893,134
274,5.170521705607623,5.219973369952299,5.207889540406773,5.099322548988695,5.09409234719331,5.038036517507864,5.1561666749131945,5.2577230649950435,5.966268748657038,134
275,5.170371909043659,5.221116393800432,5.201834771133374,5.095995613908689,5.094100925267833,5.034938400346535,5.156775643430175,5.258012577292531,5.961401787461998,134
276,5.169677830886051,5.223129818136612,5.195014304750192,5.092322097964778,5.0924338520805446,5.033481066539713,5.157484821149437,5.257838873866205,5.964373371522867,134
277,5.169107726950093,5.224378362883325,5.188889569723076,5.088509922162489,5.08979318012643,5.031030755815587,5.157830426878356,5.256830729420415,5.969073094760699,134
278,5.170230952544021,5.22769761243906,5.181923966103339,5.083551768000483,5.086681847749885,5.02950987055557,5.158379193434012,5.255730822989515,5.970583561582104,134
279,5.169965352381755,5.229977001545038,5.174219403523428,5.077539663309398,5.084355766641054,5.029048546049892,5.159457792037529,5.253013056274666,5.96083463053163,134
280,5.169363740449439,5.231597777692132,5.166488280894324,5.073113331261501,5.0823655953395726,5.027429767665438,5.161197678008384,5.250216375496725,5.967423100425257,134
281,5.167907130696875,5.231614632136546,5.160307480743986,5.069087470670926,5.078765518467501,5.027205110351943,5.162103705120519,5.246338139849927,5.967347913925016,134
282,5.16596929194334,5.23253897056494,5.154733769547014,5.065050738864658,5.075127355201751,5.027342117642231,5.162521671232865,5.243077558419598,5.964309677073505,134
283,5.165004224718806,5.232997370013528,5.149914155656707,5.061318317949276,5.070569307545252,5.027978596136045,5.163115353707591,5.241066406448613,5.965609978465739,134
284,5.164621083755392,5.2328081630597065,5.1456184830917895,5.058670866068593,5.065692781347552,5.028571629813227,5.164020860450282,5.240552036345483,5.970880782944936,134
285,5.163295356729532,5.233731484887771,5.142830803556198,5.056191560691136,5.0616711858196375,5.030274493464229,5.164558425464097,5.238124060642659,5.971442464609191,134
286,5.161857041522348,5.233778700484096,5.139839969024479,5.053473108207767,5.057381484099425,5.0316411152857405,5.164617854819518,5.236777131774206,5.970836319031443,134
287,5.159956323900374,5.233915644837572,5.138058244380559,5.0501370278722195,5.052483136482943,5.03176343241442,5.162762147694911,5.235895929269288,5.9713992103568545,134
288,5.157096827646675,5.2331892868692815,5.136166642376857,5.046536009833123,5.048193065377635,5.03332037444247,5.160051580138626,5.23231276246338,5.96387066427472,134
289,5.153321599685561,5.231184840612793,5.134761306255912,5.04281097247613,5.045241052220049,5.0362412730269455,5.157425195275694,5.228875704825092,5.968101581970334,134
290,5.150055973866829,5.228797444134063,5.132136137166068,5.040835775423796,5.040654936828644,5.0378194093333954,5.154907258476406,5.224405896420418,5.972921531421147,134
291,5.147663424967838,5.226074537976643,5.129462180648839,5.037912223661103,5.03832614609974,5.039575240185915,5.152425331563214,5.219840010484488,5.9757715620986565,134
292,5.1464196035242775,5.2241598810113175,5.126640481426699,5.034657893602424,5.03487701001304,5.0401221520301895,5.150125645213369,5.2168668799128675,5.97304990822189,134
293,5.145532244289884,5.2214017623810385,5.12505053597374,5.033420090979747,5.030439638734003,5.041998130688237,5.147409572514437,5.214422511618391,5.973224424118859,134
294,5.145208135328077,5.21764913624113,5.123332672507205,5.030255219862715,5.02528706347994,5.045216975800116,5.146091743522192,5.213166672577089,5.967135230509724,134
295,5.1450333456285495,5.212928037429021,5.121949350360856,5.027522252498059,5.019198711108427,5.04858446955989,5.145854776894885,5.211049145374848,5.97200388932582,134
296,5.145632620621047,5.208991814869419,5.12171030977367,5.027186520636712,5.012416392530133,5.052184410475812,5.14540799815025,5.20890757180193,5.971707972715575,134
297,5.146626596856214,5.204448281100356,5.119215725159404,5.026068747099458,5.005260810918368,5.056829226826521,5.143534032849967,5.205129127637568,5.960789055928066,134
298,5.148555089509614,5.199340579076948,5.117134220771692,5.024941446711381,4.999001523178078,5.058872119455605,5.140658269325403,5.2018521810173475,5.9802306990437115,134
299,5.1510872342014595,5.1948535150411566,5.115571113485748,5.021512615790103,4.993592768168295,5.06172665059621,5.137279797430913,5.198325352240398,5.977838519082744,134
300,5.154347018684736,5.1917420387721,5.115776391106866,5.017167450654462,4.988679551844644,5.063795477566759,5.133934110068894,5.195263506433863,5.983483737458368,134
301,5.156524495739046,5.18884945524181,5.115715904026284,5.014934141709911,4.982642000799043,5.066639152910258,5.131078844594226,5.1926726904771545,5.980847427640343,134
302,5.157147191926999,5.185173130560529,5.114773309252445,5.0140115273101635,4.975254672170259,5.070729491221076,5.130095773411324,5.189937358497733,5.980583290406615,134
303,5.159005783029121,5.181654599869448,5.114564470064169,5.01207110008558,4.967413620571346,5.07512486378284,5.130186504428767,5.188250838354551,5.977588497023773,134
304,5.160121900934673,5.178265254169032,5.113350902403308,5.011775649107534,4.9594693288350715,5.079306411712292,5.129950993344165,5.1874159028985485,5.9716673839468575,134
305,5.162000485160983,5.174430687249975,5.111889222435321,5.014012504648758,4.952709244761148,5.083188039456936,5.12943087828722,5.187853235380526,5.977986719970923,134
306,5.1627571015218106,5.171994929395977,5.110920224110313,5.016845169388479,4.948181659965533,5.088333596688964,5.129111166142137,5.188222479071348,5.982920897847555,134
307,5.16512030394002,5.169469084458652,5.110057582953489,5.019037931210105,4.944209901506399,5.0968577511722595,5.128625423746314,5.188364039870525,5.985963412242467,134
308,5.16691592301111,5.165097730560833,5.109472654791529,5.020168474831779,4.9405484260101895,5.105282350179215,5.125603023896571,5.187070415976594,5.982058377898412,134
309,5.167279362717725,5.16005773671646,5.109603946704647,5.022211699837657,4.936169610431094,5.113773682484261,5.123022064391386,5.186851112902033,5.9703883641941236,134
310,5.167796819578024,5.155987454470276,5.1091056154061025,5.0226722898467315,4.930137739765739,5.12173715431339,5.120719589811557,5.185949299395468,5.981704255386999,134
311,5.167683761285572,5.151823112308301,5.111494584205855,5.02410621837514,4.9238596725750385,5.130266871739744,5.119031407628239,5.185392556917134,5.983440651104438,134
312,5.168107722191974,5.146005742387948,5.1147339801695875,5.025936183120354,4.919428093655442,5.138519818316107,5.116821344407009,5.183852011125008,5.985015079120637,134
313,5.1686132169070484,5.140793623722861,5.117947968184028,5.0277565396339785,4.915738412199712,5.147853390713294,5.114194308408708,5.181753250389807,5.982936568957931,134
314,5.167953739800012,5.134388141973842,5.122271485988009,5.0305830196317185,4.912441192976576,5.1559659822006285,5.110760708101059,5.1809584487745015,5.970070846407592,134
315,5.16848495348108,5.128091130703334,5.128044938854661,5.032249855842437,4.90946542163764,5.161960836831622,5.106769489834833,5.181289904424098,5.978785358358058,134
316,5.169371838095638,5.123158736806838,5.133152610320705,5.030863540825358,4.907043273125177,5.168462042661922,5.1018832512802,5.180797664653481,5.9797717339272465,134
317,5.170302626658655,5.119394927126354,5.13687642458905,5.029586739064562,4.905328581161815,5.173203114244942,5.097826488788959,5.180878923105791,5.980866499955722,134
318,5.172780439149757,5.11562632424044,5.139052122987351,5.030519876135861,4.902839984470237,5.176182975123569,5.093680226299816,5.180236447672774,5.984847353900918,134
319,5.174918130748058,5.111250003720355,5.140877393722029,5.032141671704322,4.901852198736727,5.179116697274992,5.090473140951051,5.1792040203843825,5.983470176937968,134
320,5.175211348839751,5.107507856135987,5.14189767302109,5.033591116598636,4.902514669999171,5.181573732827125,5.087785226138873,5.176002793353752,5.974916880713453,134
321,5.175880723779052,5.10122406944305,5.1430609466451855,5.035014669468208,4.903735033523343,5.183980189560672,5.085847636731413,5.173618690703535,5.984991128131333,134
322,5.176306157610183,5.094413786995883,5.144645108248941,5.035671857954422,4.904908187751957,5.186509164798547,5.082603760076836,5.170273972727404,5.98116820864816,134
323,5.177147217234715,5.087754825195592,5.145212008024506,5.03734741025724,4.906857687507202,5.18877350804301,5.080689300485901,5.16614538465725,5.985598580972525,134
324,5.178177188412389,5.081897320641966,5.14628345029357,5.039998716092304,4.9083735952393495,5.190596404125391,5.079712851592163,5.1619473214131935,5.982046106630409,134
325,5.179886724308633,5.077692265476639,5.146884708325631,5.04344936984584,4.909502791978451,5.192334564998478,5.077706845384373,5.159486867010765,5.9935740425839565,134
326,5.181928633577003,5.072930738732248,5.148765529751714,5.0449285114494025,4.912010468632845,5.194772684297317,5.075247150616207,5.157935286452665,5.984899282591228,134
327,5.183841429251625,5.067275201777423,5.15005374998098,5.047470099615713,4.9141235771490965,5.197736264521452,5.073462078436483,5.156766719030572,5.9836990864716135,134
328,5.184738019108437,5.063222574590997,5.151215285491091,5.0500929104265335,4.91828999756294,5.199685904097832,5.072541608105973,5.1537670397139985,5.984639449988932,134
329,5.186329988813194,5.059041982266878,5.153174435584547,5.050658071515802,4.922342323861945,5.201010730531998,5.071510266944216,5.1502922527155945,5.987886796868214,134
330,5.186662856564957,5.055124683168503,5.154532443837225,5.051612508290793,4.927014226731496,5.203020862176283,5.069374464114719,5.14617013540967,5.9920949232434175,134
331,5.185885266671944,5.052707916018549,5.156447076380093,5.0515481873380415,4.931916242658351,5.205090205210736,5.066988705444459,5.141345979002671,5.98515537584449,134
332,5.184262059755596,5.0507897108085125,5.157233013013213,5.0497865289922945,4.936532849766336,5.204611819325251,5.06441199898101,5.135638054520922,5.989192790192974,134
333,5.182069437809597,5.048505686166621,5.1582113675061,5.048567821360328,4.941554330060631,5.202823462317884,5.064003668125042,5.130386831606502,5.983963154143596,134
334,5.179334133731046,5.0475054570100735,5.159473482612072,5.047281527270325,4.946174738321634,5.201625311281843,5.064193365377596,5.123412884667743,5.988041121665168,134
335,5.176441861760935,5.047495055290088,5.161807948447329,5.046745545091886,4.951474877649527,5.199968099147409,5.064183702861773,5.116994023204823,5.990752253577213,134
336,5.172529493245822,5.047811025100632,5.163519511574426,5.0467539240099395,4.956215713661694,5.199565889112256,5.065141820819425,5.111861864149978,5.984379986396579,134
337,5.1698121272744855,5.047548122458538,5.165065025354171,5.04623284387924,4.961778511628861,5.197591231713319,5.0660852853986995,5.106150204027007,5.99410154347926,134
338,5.166511795502905,5.047784290743012,5.16701858758716,5.045637067996454,4.9682047009714045,5.19433454890188,5.06650617920679,5.100896782160004,5.992819122058761,134
339,5.160856051836506,5.046930722980145,5.168961105346639,5.045584197246846,4.973906550317746,5.190547445240353,5.066483531843983,5.096120706870208,5.983093497480395,134
340,5.1552208336108585,5.045025212054837,5.171198091389381,5.044880812212076,4.980542187412149,5.188191069380019,5.066610237079657,5.090296404148255,5.983790783198371,134
341,5.1489816846793595,5.043666513252475,5.173434317352541,5.044888657953363,4.985691881031623,5.185362156670084,5.0659638594661285,5.085328085609404,5.987686312337151,134
342,5.142092595650066,5.041050671432854,5.174829088609779,5.045096373686517,4.9889825868753395,5.1837018140052225,5.065402374687421,5.079346369166188,5.991948650396685,134
343,5.135536518370634,5.037654737458622,5.175359999732368,5.045965641309808,4.992309332385986,5.180807668341055,5.0664674893907,5.074109586583695,5.989432191124494,134
344,5.128366838049616,5.035899990402109,5.1760965705607305,5.046972719493629,4.996593537177528,5.178110451613534,5.069240501194283,5.069179455047934,5.996857373590198,134
345,5.12302661232374,5.0332876713373,5.17665838587053,5.047268982602548,5.0013387209002325,5.17623000694763,5.0712072694697365,5.064222095829775,5.993230616869334,134
346,5.117589000811105,5.029707981090985,5.177633716740935,5.048194481163643,5.0073427575011475,5.173677983883191,5.071929580959971,5.06034810366764,5.9927157990028235,134
347,5.1122478451000495,5.027340889050755,5.178734011361321,5.047655046849277,5.013835867194361,5.170867025700751,5.072512861871337,5.055842024342303,5.984406227890908,134
348,5.107531496457607,5.025832534257454,5.1793269807741105,5.047452296004069,5.01948114429905,5.167113135525118,5.073455347969597,5.0532111041634895,5.987860688053739,134
349,5.103145192628,5.024300381288715,5.179625316903069,5.046622823026299,5.025004179740106,5.163221651063347,5.0741821703670364,5.050822848645966,5.992208883619057,134
350,5.099068359595922,5.023076662337203,5.179141373059348,5.045735276515822,5.029719727200563,5.16048303185845,5.074663602060863,5.047515193904902,5.993197407231639,134
351,5.094213215004425,5.0220623210864535,5.178192492427529,5.048048023855914,5.0339013682758935,5.157981102518928,5.075478866878792,5.044876511365053,5.998275503794104,134
352,5.089699285743001,5.020607999653173,5.176857453246439,5.05268155835061,5.036226906155665,5.154710521429406,5.076113631325776,5.042616310355266,5.989418209169065,134
353,5.086333926063525,5.019196028937615,5.176530276286322,5.0570391894402835,5.038979174531321,5.151336671355289,5.075262079592111,5.040340408431961,5.995072281104531,134
354,5.083259102682277,5.017441722820308,5.176208139506561,5.0603048403100415,5.04303686424773,5.148698868291092,5.073740435417664,5.037448724502126,5.993609336535673,134
355,5.0808213583934965,5.016527931323759,5.175381442526696,5.0611317545914165,5.045799177995487,5.144916651637104,5.071024102146451,5.033815277085255,5.990298461708804,134
356,5.079396196388146,5.015779493588057,5.174449588336438,5.0620951569799235,5.048135935905994,5.1427937543001025,5.068120670328872,5.032577898232844,5.994268534938128,134
357,5.0780899454028665,5.016291201717044,5.172496297019073,5.062476477888604,5.0501316006728505,5.140093725666976,5.064864222401703,5.032161607745548,5.9921126790289625,134
358,5.077172444223717,5.016805660297649,5.1713985438558705,5.06320774371366,5.052152210536121,5.137114676004051,5.062111891899569,5.0317997004792145,5.9966912613559575,134
359,5.076158814606126,5.016845041038737,5.170372635471359,5.0639417736221475,5.053501204037066,5.13363481687238,5.059441794196241,5.032219585941362,5.995834081576511,134
360,5.0761283728601985,5.017814275452737,5.170297977419981,5.064436929379192,5.053787966411871,5.130218120893431,5.055823039760962,5.0335723839256215,6.004860418821418,134
361,5.076459908378691,5.017033788324572,5.1706892796372,5.064983962938959,5.055317715020941,5.126480325590533,5.053712928072711,5.034042368941947,6.0001086128271925,134
362,5.076284838735129,5.016957923644264,5.171779008827587,5.065948943765699,5.055349617598763,5.122848267894659,5.052096976942577,5.034416196903308,5.997145963668155,134
363,5.075672945255402,5.017258940538812,5.1730752800602975,5.066138865703388,5.055982860397749,5.118806284309374,5.050617955800501,5.036528766300373,5.994839549371351,134
364,5.076266223464245,5.017028786934072,5.175081421771461,5.0670866991556185,5.055245802028469,5.115318619874757,5.049083638765782,5.039867819261433,5.998608140096623,134
365,5.075488070482033,5.018107648422447,5.175198749592867,5.069495873212697,5.055854425864095,5.111198799200773,5.047718720050523,5.043759123035938,6.005204977490604,134
366,5.0745663758490505,5.019222593903605,5.174511830150172,5.072310211002775,5.056494384769431,5.106688738679825,5.046747317363652,5.0479564977579985,6.000515491931765,134
367,5.073750096530149,5.019619242572134,5.1740194457072874,5.075101027896032,5.05642582537117,5.102966956919065,5.046323692166309,5.052842874178016,5.9994500678932345,134
368,5.073384666191244,5.019825901163081,5.174160580696492,5.0780038179402,5.0576254504707325,5.1007051157552485,5.045420901127162,5.05831149701315,5.994519549515003,134
369,5.072846070580262,5.020650134805457,5.174612060356024,5.081112779832362,5.0580596400720905,5.099886092939496,5.043532009232411,5.064273180168961,6.002706328123471,134
370,5.0715622000263005,5.022102718209908,5.174632175131647,5.083138919901261,5.057624639999753,5.099508656250336,5.042142044344255,5.071187347185136,5.997613225315766,134
371,5.0699204006405605,5.022502704801154,5.173442263887359,5.085394777645114,5.056547671987001,5.100493681936696,5.040647674651218,5.078039000402288,6.012629869390584,134
372,5.068822239291922,5.021531191484533,5.172632648220999,5.087185455838656,5.055882347098002,5.1007312039825425,5.038185852359093,5.084000819103451,6.001303700848589,134
373,5.067980126446063,5.021226756226656,5.172414846786299,5.088101507139214,5.054372121491651,5.102779507581557,5.035072814229801,5.090594992418793,6.00489523561292,134
374,5.068612288518224,5.020234138856859,5.171160685062903,5.088575980967984,5.0526802506675885,5.104044139569391,5.031761245903756,5.096445544520217,6.00369832102484,134
375,5.069752025158916,5.01961392112813,5.170177312765487,5.0906065760084225,5.051689600540906,5.1048324780731065,5.030011282644822,5.100949635265183,6.003209095649143,134
376,5.07166381826166,5.01963712015081,5.169766263007775,5.092249257225433,5.051072664703307,5.105592537278783,5.029949717900104,5.105547252678324,6.003888710795661,134
377,5.074366019154507,5.019332422688642,5.169054100837878,5.091780951158595,5.050622038846996,5.1065892973670355,5.030138407104792,5.108882854318969,5.996500600820116,134
378,5.0784346385491705,5.020309445511974,5.167753206658911,5.091488960168457,5.051215396033719,5.1067259724529235,5.029708281493707,5.112316706146155,6.008698534494547,134
379,5.081839136866414,5.021794826008904,5.166816723619128,5.091564206840019,5.050982724551752,5.106455170372753,5.028307115682566,5.115093265065664,5.994094195254962,134
380,5.085382528871584,5.022136045995106,5.165583825286795,5.091434712441082,5.0499264875975625,5.1063938973034055,5.028194148335151,5.117913302906146,6.009121138866968,134
381,5.088431346618805,5.022891741963158,5.164041332875588,5.091251750447762,5.047782459778087,5.1055734377453135,5.027938088920413,5.119995754953505,6.008709209027949,134
382,5.09187557427062,5.023635741329669,5.163090410304088,5.090753580375312,5.0459685043925555,5.104174962141341,5.028493366541625,5.1212865205742375,6.01435300819616,134
383,5.094654737731135,5.024472249825189,5.161929468519946,5.091807802971164,5.044373630156732,5.102181071647286,5.028602309816582,5.122940007203905,6.000251497248198,134
384,5.096774397113977,5.026147256664596,5.161246506370404,5.091866738524259,5.042990169821257,5.1007497916384805,5.028696360345073,5.1235380333728,5.998955198693056,134
385,5.098370301354001,5.02814545496863,5.160423015393308,5.09193402746755,5.041259185973118,5.098758062773397,5.029986133466561,5.125903468158375,5.995254542466606,134
386,5.0991868339665976,5.031352080803449,5.159974857234337,5.0913199974264485,5.040113392858007,5.097046292868852,5.0314628471929685,5.127981245885291,6.006633987406634,134
387,5.100389699017355,5.034640439432002,5.158632521809884,5.089778698990075,5.038891291398767,5.095429688024745,5.033452723987754,5.128702380127653,6.0024095844759975,134
388,5.1014316692209665,5.038813656400196,5.157414612547287,5.088189994744116,5.038829580544496,5.093874128596411,5.035563104767091,5.129283736871141,5.9953481487438935,134
389,5.101455274494269,5.043117376201969,5.15552762783739,5.086021678529507,5.0390655515425085,5.092575767239527,5.038451749134207,5.129066828896856,6.010609185514567,134
390,5.101883428215702,5.047360779718723,5.15395569073643,5.083911735207332,5.038746358301388,5.091565773130931,5.0416832477896145,5.129406117984318,6.017587814402593,134
391,5.101912331973267,5.050024726849559,5.153914472021325,5.083451510745181,5.0384404770904325,5.0916219304025585,5.045812371587496,5.1303838506268145,6.001305469493974,134
392,5.1008942883792034,5.05152314110341,5.154304142672011,5.083889077322787,5.038593470890953,5.089694680826499,5.050083954403473,5.1307168812740285,6.009058979576257,134
393,5.099399678172028,5.053453390155006,5.154124029299355,5.085481972542249,5.03839682912758,5.087892662452145,5.054462533784895,5.131003976345669,6.002659183143293,134
394,5.097494175895894,5.056312257709903,5.152482942788875,5.087078711352206,5.039103857095809,5.086726534255844,5.059240235993844,5.13159939680306,6.007742933135004,134
395,5.095679200949761,5.059926409751198,5.150639359317617,5.088814084147224,5.040129592223163,5.086214061201355,5.063519215648714,5.132053678616305,6.007812020619355,134
396,5.094188173804882,5.063168553596541,5.14789617540025,5.090286716081479,5.042235141057626,5.085533490561309,5.068555835306933,5.131731737402278,6.002870473350933,134
397,5.091396821103273,5.06662253788428,5.144038113792334,5.090860010715337,5.043147477082515,5.086051108836406,5.073084780157415,5.13157002003974,6.010182354281208,134
398,5.088634676870146,5.069413654930239,5.1389251895021,5.090863255737512,5.045287494905256,5.086828265667233,5.077201136242675,5.13135621796042,6.012425927762421,134
399,5.085068019090718,5.072429041177378,5.134059806596591,5.091962795619604,5.047405955044123,5.088096290480934,5.080468572968553,5.1296907783914785,6.006480174767671,134
400,5.081386330323889,5.0758345891065595,5.128610400127036,5.0929756816351555,5.049714978562244,5.088629190442285,5.083460720866553,5.128133452248545,6.013356746618841,134
401,5.077994814553129,5.078179056825835,5.124136104350825,5.093042998129183,5.0520452445563695,5.090321953349795,5.0870282232570165,5.126177138318191,6.014086670831633,134
402,5.075962598454076,5.080517184788312,5.121420671875203,5.093143325651968,5.053707558062658,5.091245629030579,5.090294813699547,5.124321380748109,6.014008303198745,134
403,5.073897941221844,5.083016837050282,5.118354488528665,5.0929378898088355,5.055863877935844,5.091587612237885,5.092926978313786,5.123172361599542,6.00328506900843,134
404,5.072701637448612,5.084467128348417,5.1155394358384205,5.0917291645762095,5.057250666487369,5.092226747952083,5.09575520369837,5.122202095179583,6.008028755749242,134
405,5.071750608457602,5.085937377786596,5.113972492196697,5.0907795317989155,5.058769852396686,5.0924075603521075,5.099019413661107,5.121481764093593,5.999158104341746,134
406,5.07099732761308,5.087034916765576,5.112638720376623,5.09093177890572,5.061192367517457,5.092565221775612,5.101548275545437,5.120105053952226,6.011244267851006,134
407,5.069837721837281,5.088308265950781,5.111414022103757,5.091859047631829,5.0628868229289585,5.091235418245802,5.105225020608613,5.118651115087129,6.010643785090613,134
408,5.068557753668928,5.089315987688931,5.11010883693959,5.092900356020873,5.063663611593485,5.090329787082904,5.109262680625423,5.11621965956135,6.005487912106815,134
409,5.066129084695737,5.091279153031865,5.1093845856385744,5.094586333867321,5.06506189792562,5.088242426607375,5.113661595623965,5.114525379478004,6.012265208577016,134
410,5.063117257030161,5.094282587658565,5.109315227271321,5.097539917934867,5.067071480707575,5.08640043913721,5.118559963128735,5.112977421312747,6.005821232304585,134
411,5.059676430956699,5.096887010080659,5.109113927123554,5.099390366843198,5.0691270700795785,5.085373809311847,5.122025798814027,5.112051415777236,6.010728505530578,134
412,5.0557364173849795,5.099351650569876,5.109256697159688,5.101467770067716,5.069413391684772,5.084263764639297,5.1252394368876635,5.1121808307796375,6.009713855821264,134
413,5.050754949287439,5.101764029542624,5.109706676925945,5.104342130043343,5.070276489525746,5.082694214863926,5.1283905227196005,5.112650427472133,6.012603206314892,134
414,5.045800543203422,5.102461295766007,5.1105686654021785,5.1061662959565615,5.070531462256692,5.080973893658088,5.131066841421305,5.113323652748962,6.008588762170631,134
415,5.040738807790578,5.1033933810570655,5.111512360433304,5.107529886410786,5.071910188268886,5.079005224649962,5.134252910325296,5.11447575006662,6.0078185757594555,134
416,5.035660132013309,5.104539524511922,5.111332482961619,5.1089350337296455,5.072999883779894,5.077775417498741,5.137077933421537,5.115544889247985,6.017705881203357,134
417,5.031269407561492,5.1059789298858025,5.111260771656207,5.11116984226207,5.074405398194454,5.0757584484197595,5.141150398761374,5.116608932410334,6.0116784628092095,134
418,5.026445180293497,5.108339049547501,5.11094228634849,5.113535148668989,5.076222840350269,5.0750668628098525,5.145003521852836,5.117539080756868,6.013591624711749,134
419,5.021902236983615,5.110090036894139,5.10893534901833,5.11496282184737,5.078516184804579,5.073992616335253,5.149274295908301,5.118379827189803,6.009984817708038,134
420,5.0173778160061095,5.111440146579959,5.106116830372313,5.1161538360163386,5.081053285670178,5.072199187939782,5.15229253696392,5.119142476490616,6.014745037272617,134
421,5.013561259510295,5.112343146899185,5.103397060483707,5.1173043876576525,5.084133536538982,5.070664800281211,5.154037644159107,5.11950152124311,6.014942965008107,134
422,5.010800979606531,5.110888929815443,5.100251777367267,5.118367134934719,5.0871852840314435,5.068921935751696,5.156031012852297,5.120703178161463,6.017192973651338,134
423,5.007860408824556,5.109117002613948,5.097743640151796,5.119049138067405,5.090250498017706,5.068518436543721,5.157504862964315,5.122130370957116,6.011446286818312,134
424,5.004752434942178,5.107367190891934,5.095364428652715,5.119568886638039,5.0932348160823935,5.068546568950117,5.159286460203006,5.122483060608915,6.016945299605536,134
425,5.002128516776154,5.104843175032904,5.092657314515664,5.120949616102713,5.095349772209815,5.068538209561689,5.160978147804693,5.1232845380728715,6.011035611959391,134
426,4.999373498973776,5.102149253698114,5.09026771709409,5.122325841203702,5.097982003341569,5.068339825170156,5.163268949171149,5.123896899803644,6.011691618545506,134
427,4.9967111494655185,5.100070084945008,5.087243220468371,5.123989735253963,5.099796807070726,5.067406562069549,5.16528199984956,5.123901721131354,6.009500669734665,134
428,4.995567542728375,5.098368323774723,5.084060840299983,5.125392892075009,5.0999543993440675,5.067189249663487,5.166699063261832,5.123725856018618,6.019138335329538,134
429,4.994703609862828,5.097115544998033,5.081553704081882,5.126416420331859,5.10018886214595,5.06758003536509,5.168784826884423,5.123389255431437,6.019009045852946,134
430,4.995548669016922,5.094573928257372,5.0790734440030345,5.127232421588294,5.099727476538183,5.068325883103843,5.170841816494003,5.123030410010357,6.021654580168693,134
431,4.996066776874116,5.091203848532437,5.07709984923104,5.128086230549724,5.098583131369908,5.069233553308733,5.172724636355479,5.122354171102883,6.021688162106722,134
432,4.99688636023736,5.087105102959629,5.0761735501334,5.128314269655117,5.096897753531637,5.069364071234764,5.173817646436971,5.121773366897377,6.016656978873559,134
433,4.998049189239349,5.083034769283177,5.075818018242002,5.129043613722876,5.09538920548429,5.0688947932713955,5.175154088032155,5.120808770386747,6.019588684345441,134
434,4.998927599404782,5.07904770802282,5.076309555773518,5.129431393639581,5.093971457202052,5.068538195326639,5.176497538012564,5.120401934878746,6.015781358167192,134
435,5.000772276363927,5.075452901998318,5.0761685697531,5.128748122778498,5.09193808714447,5.067342764312588,5.177895250524715,5.120324713973538,6.017139615933527,134
436,5.00206368781712,5.071683615708773,5.075784781968453,5.127766216547691,5.089460290792795,5.066812622439734,5.179453167187189,5.1200008260778915,6.008689977978497,134
437,5.004779311560559,5.068122027721814,5.075640518691539,5.126688983699512,5.087288238855917,5.065336692602224,5.18027530382566,5.119879350389931,6.020917791308052,134
438,5.006717373533664,5.0649110740689105,5.074725556138088,5.1256376645774715,5.085603693385535,5.064894090116447,5.181195289577254,5.12025467585319,6.02384382316625,134
439,5.00901744709378,5.0618007452762575,5.074059130247326,5.12470249103251,5.084289897494712,5.064705122663073,5.182113186901491,5.119983791543593,6.013465327419418,134
440,5.010613954947061,5.05873786279731,5.073536825920625,5.124305445712574,5.084165246661847,5.063952356115271,5.182581646237965,5.120260020829766,6.02661008860111,134
441,5.012228379614395,5.055351928357381,5.072923363254472,5.124142346951665,5.084457145843473,5.062774856494444,5.182836531180193,5.120607246801465,6.02645696851052,134
442,5.014835532962093,5.052013191735295,5.071784797469996,5.124163253343191,5.084917015427973,5.061838810417103,5.183411409601259,5.121954676249727,6.019362469436808,134
443,5.016933381475621,5.04946174150864,5.069894420622875,5.124145288977636,5.086398483109285,5.061586836305324,5.182376073764235,5.122764414062553,6.020317329928947,134
444,5.018603035391332,5.047748047887065,5.067947954054771,5.124567040070108,5.087550589732809,5.060317850810645,5.1812373670397545,5.123616932750155,6.027149773596674,134
445,5.020949627109456,5.045481925968495,5.06675407696949,5.124439470610591,5.088317275010372,5.059813327804886,5.180644288293899,5.123570305083817,6.020046663767078,134
446,5.023715631332964,5.043227364081213,5.065338676487675,5.123123781889702,5.088523322157977,5.060601835375239,5.179109940329987,5.123532530545864,6.020417927635563,134
447,5.026312831963152,5.0420455720930075,5.063778382481182,5.120821764452622,5.088141006368101,5.0607098412187295,5.177395082776329,5.122690845701365,6.015733225013342,134
448,5.029742156510203,5.041838177771352,5.061530072981864,5.1190608002753795,5.08862760651979,5.059899147090523,5.175444572171225,5.121579991148929,6.014208422942422,134
449,5.033662267957355,5.042180817621714,5.059489452639728,5.116797161354857,5.089004779272976,5.059358838618946,5.173262838289745,5.119945226605349,6.025334087592066,134
450,5.037280948802257,5.042899746756695,5.057844857932455,5.115875886690176,5.090244569151903,5.058669332374121,5.172182665795423,5.118111350435098,6.024571841507722,134
451,5.041016778136176,5.043785510248724,5.05531780646144,5.115051126231604,5.0912953044296625,5.058396974195364,5.172074330724123,5.115865479009653,6.021823417361762,134
452,5.044116623999733,5.045313885193602,5.05407603794717,5.1142923998290994,5.091448870044889,5.056882436379821,5.1718412932205435,5.113882651994386,6.015309327729157,134
453,5.046678913754858,5.046638077326396,5.053283227461342,5.11328822839309,5.092308821750086,5.056295861783987,5.171093069683856,5.112692148785091,6.01366496787732,134
454,5.049716472674886,5.046842019621949,5.05270342261022,5.112387197721564,5.091969013671607,5.056411685319406,5.171334922837156,5.112401281954538,6.01489159797777,134
455,5.0525050950419725,5.047050999814404,5.053744877824881,5.111132711947448,5.091249672460481,5.0574899300801,5.17165660276671,5.11236188240941,6.018512749918443,134
456,5.055295997664373,5.047089166703215,5.055593400487364,5.110926248006827,5.090483826475444,5.058392533519645,5.172500985830214,5.112128629409954,6.009000327550639,134
457,5.057794008426087,5.0476032536612925,5.056658069178383,5.110603019158415,5.089264752355714,5.060010729640886,5.173677206021361,5.11111615055647,6.017567931106333,134
458,5.059482130869345,5.049885510728425,5.058825179511844,5.110516350906199,5.087576470255639,5.06152319034436,5.174823962904082,5.10993721681844,6.021079942986924,134
459,5.060629178504688,5.0529510275873,5.061435329282231,5.110024513742896,5.085880423412036,5.062416480155198,5.175926841954741,5.109326637346811,6.023354813118622,134
460,5.062281439208851,5.0552717184015705,5.063836351660256,5.10914366416112,5.083885999084178,5.063386573168372,5.176015438888097,5.1093250129118255,6.015891870337896,134
461,5.064004166010912,5.0582229301907065,5.066555635303676,5.107930001110727,5.082576029515125,5.064623623971721,5.1758154049853795,5.109405581064241,6.0190901427833206,134
462,5.065528506120469,5.060539056095463,5.068431914532698,5.106742252802658,5.081358702166182,5.06601550317116,5.174975077185556,5.109789874906781,6.025464047114731,134
463,5.067892198945113,5.063441838351935,5.069339980583024,5.105331101548504,5.081492659317807,5.068009720029231,5.174103157412732,5.110579311205722,6.016096794806226,134
464,5.0694478629102395,5.066739938001325,5.070118437900963,5.103961951466066,5.082892248184917,5.070534147949645,5.173302945370413,5.11102441509418,6.020429704192834,134
465,5.070572300343047,5.070454229450787,5.071424727149025,5.102720075069682,5.083997627665216,5.072201542128689,5.171616753612254,5.111844580835278,6.019110428753417,134
466,5.070212738228248,5.075758929701232,5.0733635996363615,5.10135616425284,5.085669680190508,5.07330131313022,5.170045037154292,5.112253171724101,6.025593021631736,134
467,5.069988212508493,5.081564683605311,5.075756700964945,5.099548592929967,5.087750316050217,5.074203070879448,5.168385566386427,5.113569872696765,6.026296903251423,134
468,5.068259807729598,5.086497912593314,5.076653881072497,5.0981077350714425,5.089917614400191,5.075912865528252,5.166974547259741,5.114830005160613,6.02305135772018,134
469,5.067510494411975,5.0921650167499175,5.0781583748889485,5.096273106401702,5.0921318823059725,5.077719985588137,5.164999216702762,5.116006678102929,6.016904763644575,134
470,5.067226657745714,5.098406647380595,5.0791690008656705,5.094790280903354,5.093765696377835,5.079308452248322,5.163649856983029,5.117003049556831,6.02029678554221,134
471,5.066574093461222,5.103372249869567,5.080905353316178,5.0939295128251185,5.094770889970938,5.081768095489183,5.16302124312703,5.117704434368302,6.026114400051395,134
472,5.065901474547415,5.10756218030064,5.083357841149696,5.092849406838799,5.096327922913503,5.084802384122875,5.162314593715437,5.118453423530836,6.019133178556265,134
473,5.064302445140595,5.11151352545364,5.084549630826492,5.0921104230857654,5.097381154024834,5.088173873778351,5.161848755397367,5.118598166536129,6.02101707851034,134
474,5.063168689008429,5.115333041286876,5.0855703406865915,5.091259733059587,5.098076144627863,5.091242833671284,5.161542000160772,5.118541236912506,6.021607589186724,134
475,5.062610113521531,5.119357807013409,5.085927644403537,5.09093623250698,5.09793376174114,5.09367572670428,5.162553604410947,5.1194928929859,6.0199685294962455,134
476,5.06179076090616,5.124864599310335,5.085907553897229,5.091323839199827,5.097356485989197,5.096247332746165,5.163292271943243,5.118908903776225,6.019051331711753,134
477,5.060885005266238,5.130338016769288,5.085391435170759,5.091267784837365,5.096007493943745,5.0984972787971445,5.164066037382513,5.1183320755549335,6.018181309257735,134
478,5.0591426817278835,5.136131869890566,5.084873768130377,5.090887589233644,5.094020236120898,5.100092499237833,5.16537075013912,5.117035932953504,6.031749392763794,134
479,5.057988292410874,5.140792216227117,5.08590577727923,5.090635918234238,5.091628246509082,5.101045631235474,5.16712453493049,5.115767148693669,6.031350208408146,134
480,5.057625164090322,5.144430734221406,5.0873211668464915,5.090430774326807,5.089808635278028,5.10210682371496,5.169205981918904,5.114652578196406,6.030576326861604,134
481,5.056325001302573,5.147896888458323,5.087947238385917,5.089761929341909,5.088813261945346,5.102554214745458,5.171084947891548,5.113914672285836,6.024490222044191,134
482,5.055907814921795,5.149800630561396,5.088877114831474,5.089534912452043,5.087955645183528,5.103102341497009,5.173327000672395,5.113278962921266,6.02136238785998,134
483,5.056125033330014,5.151151662284887,5.089956555520646,5.089995447657234,5.088359010221835,5.103777533938831,5.176006356487511,5.113484497979709,6.025227681431708,134
484,5.055990154234255,5.151706852310703,5.0912535762317805,5.089671756955551,5.089234757958895,5.10464094637158,5.178453196713663,5.113483239362762,6.02212950216021,134
485,5.055753587318119,5.151603621284322,5.092599432779603,5.088588598972491,5.090617043662269,5.105742255409552,5.1801585973486945,5.114623033618029,6.021622840856017,134
486,5.05633466731932,5.151537266026306,5.093562635208901,5.086784341680371,5.0914220809195285,5.106766334885556,5.181449282579319,5.116505774253412,6.0307579450543285,134
487,5.056967987867763,5.150866029099612,5.095410469800486,5.084562339352944,5.092017553845096,5.108075838728859,5.182085008439238,5.118381226689788,6.0334107199893925,134
488,5.058591981594159,5.150541448352854,5.096776401546306,5.082759688730839,5.093480433503269,5.109587148273617,5.182345716961475,5.12016581136631,6.025943957003113,134
489,5.060109298123624,5.150792337197002,5.097380678939472,5.081317289035189,5.09450451456868,5.110938371310238,5.183365671850961,5.1212972696429375,6.0361835621628135,134
490,5.061143259210004,5.150521047199954,5.097119638927776,5.07935263022557,5.096619537896552,5.11185113971578,5.183477698713029,5.122421889320766,6.0241212869008764,134
491,5.062971928145847,5.150066550717932,5.097513775426462,5.0778679580938535,5.098081786853042,5.112590677759766,5.183106271225363,5.123834424281894,6.029360866012407,134
492,5.065261110110483,5.1499060919734685,5.097377131692349,5.075921064631645,5.099845909454907,5.113234832313665,5.182384303512438,5.125464809880052,6.026244749534009,134
493,5.067214104855761,5.149741621725758,5.097741709830922,5.074306971944212,5.102001842396687,5.113811747110455,5.181794718319612,5.127441491084288,6.023867148393481,134
494,5.069518154702864,5.148993398366412,5.098153449557142,5.072752043440257,5.104334290356282,5.114371499626639,5.182007585752526,5.128284951133873,6.030009474955227,134
495,5.071550427159464,5.148108825538963,5.098536383678573,5.071222356970161,5.107102071107793,5.115001540040749,5.182099057424097,5.128427576920516,6.021436616336198,134
496,5.073245691648447,5.147181039709216,5.099873814184077,5.069344683992941,5.111012204839112,5.115322291292301,5.183319521042055,5.128158175572622,6.032058609127037,134
497,5.07497068372871,5.145967119694282,5.101004554778946,5.0677876684579415,5.1141252349978625,5.115923877824672,5.184430007252859,5.128423502126483,6.025057705602214,134
498,5.075701447071031,5.145539164380342,5.1030710165917,5.0663838729763935,5.115992333604661,5.116035353340899,5.186382617013451,5.127820220660704,6.025832933059457,134
499,5.075832796628036,5.144335691105811,5.1053256215743685,5.065145648259933,5.1167387663588375,5.116830406165162,5.187704076770871,5.128038688664509,6.023904177649347,134
500,5.0760330701156935,5.143360624641038,5.1082256516551965,5.063732247635137,5.116683004921271,5.117309644585977,5.189863906083129,5.1282369084651895,6.026199023892577,134
501,5.076682031458239,5.1410516104966995,5.109994908814633,5.062272802968817,5.116018382985259,5.118429078981524,5.192153428977996,5.128017780218488,6.024617004530298,134
502,5.077855618352572,5.137979766628762,5.111476037265032,5.061297018568581,5.114342289511368,5.119231413763275,5.194424436378645,5.128306195222834,6.030771442289736,134
503,5.078106015766831,5.13484203730731,5.112262593814778,5.060656025449577,5.112826576407672,5.120050773064174,5.197407844686547,5.1265161310633065,6.028606997120404,134
504,5.078863487857726,5.132640078537282,5.113226783097566,5.060394107091295,5.111169267182642,5.1207669792374855,5.2005351171858,5.1247751235201,6.028488654761517,134
505,5.078908133732321,5.129610343638984,5.1128667115664195,5.06006311418582,5.109905586768121,5.120682928376475,5.20379979381791,5.122996587008883,6.03199217285583,134
506,5.078521635106555,5.125514498603956,5.112181003764414,5.059267467374401,5.109220006970094,5.120171952191212,5.206326282110391,5.120551462969717,6.02891244500229,134
507,5.079219270104812,5.121428148036212,5.111353804394023,5.058139065774315,5.1093066047584355,5.119159657499702,5.208452123508025,5.118828066934918,6.030793911696583,134
508,5.080364654740545,5.11784053535552,5.109608652459364,5.056484982013566,5.109834877933107,5.1178217368682315,5.210307731534372,5.116779992307336,6.034216426057745,134
509,5.082844983170666,5.114002798482938,5.108811658041766,5.05467665366219,5.109855344522261,5.116641071535659,5.211541720336974,5.114980407731206,6.026553336707695,134
510,5.085724495368097,5.109823195708491,5.108334908743354,5.053360333216166,5.110701000539162,5.115572367960997,5.211925878771469,5.112849975963269,6.033911239155648,134
511,5.088387462252436,5.105455452826748,5.108163694817863,5.052124720324173,5.1119169491752805,5.114251012479588,5.210784081322963,5.109666248506811,6.029093228523554,134
512,5.091037289264969,5.100330051764917,5.107767592496442,5.050437237220787,5.1119175800114025,5.113244262394268,5.2098722933560015,5.107661274220315,6.027626072408269,134
513,5.093634928141636,5.09506123123249,5.106950391064572,5.048742452854853,5.112271350770336,5.112940059907508,5.207675827471267,5.105090918970747,6.0247225393085175,134
514,5.096775703499584,5.0891416429523595,5.106007102587219,5.04728166658704,5.112950225491335,5.112658481785546,5.204533497742986,5.102804049937063,6.0281027857789455,134
515,5.099904080067555,5.083909993752018,5.104561241319339,5.045073788508888,5.114402038013025,5.112841968790191,5.202159226651584,5.100342633030387,6.029967194643345,134
516,5.102870811200598,5.079600818434933,5.102720671982821,5.04186459363744,5.116901765847362,5.113727927551173,5.199198753846055,5.098130145086893,6.021813213640986,134
517,5.105633532437256,5.0756005449418895,5.100700483336135,5.039855068424151,5.119058531538981,5.11484115964593,5.1952040958399355,5.095911637858987,6.027378107209875,134
518,5.107227119291521,5.072487126069751,5.09865406607431,5.037758557572617,5.121480228980259,5.116241030551637,5.191145959031066,5.093810423690263,6.027852647736004,134
519,5.108794091604624,5.069707764614389,5.096348373115028,5.036224577306431,5.123561965790416,5.117326842546366,5.18690197899118,5.0918707953224205,6.0303765278714625,134
520,5.1108344696313734,5.066989099775219,5.094289184222558,5.035401027301436,5.125578270452521,5.118628541902508,5.183041388626421,5.090329105421004,6.0268084452910085,134
521,5.113740665295834,5.065151783300335,5.092354844067309,5.035650866083497,5.126719788674402,5.120326579989903,5.180148172459902,5.088517589961995,6.028020834603533,134
522,5.115161099527199,5.062448540703542,5.090713406063195,5.035433323153419,5.127650102677524,5.121861953836511,5.177236267381435,5.086159487748825,6.028015699114119,134
523,5.116109536673882,5.060324648817027,5.089059350693253,5.035173151434611,5.12827349581418,5.122699361821809,5.17383602866389,5.08464001891349,6.030439013460878,134
524,5.11694655049784,5.057720067579054,5.088164398542526,5.03499329886262,5.129409401744329,5.123575342688159,5.17045423490263,5.082724121888722,6.027347891445414,134
525,5.1174064613106305,5.055138653134305,5.087328335354675,5.0344273285656715,5.129616684643205,5.124627892342407,5.166356159691288,5.082046362584549,6.027085860915222,134
526,5.1181470910562625,5.053537243856927,5.086896487887101,5.033730420263879,5.128999232016053,5.125033448819497,5.162165252700152,5.080606615403509,6.0348323904248495,134
527,5.118439843524608,5.052602251892606,5.085191783368988,5.033028849359129,5.128774821253744,5.1259683762977755,5.1588441021602245,5.079640473914507,6.035663493817098,134
528,5.118540262449309,5.05068050888895,5.084512301859067,5.0326807220066465,5.1281633442953805,5.126855044433979,5.15572398033507,5.079216637172777,6.03677563520721,134
529,5.1189741820327805,5.048861536512014,5.084159001318717,5.032508255210305,5.12788719016242,5.127657151762712,5.152638316825471,5.078621187301843,6.041838657686102,134
530,5.1188008461365015,5.046705466776274,5.083170577793581,5.032101637991744,5.128091377462603,5.1277688328584015,5.1492961011609975,5.078507858089076,6.03576032229435,134
531,5.118872348625366,5.044950187536779,5.08209650628452,5.03212600319994,5.127476359701518,5.127768027267255,5.146103380434798,5.078665411284593,6.0350845770514985,134
532,5.119039352693814,5.043126838457448,5.080958705851947,5.0322089767579055,5.126213430407631,5.127723269065749,5.141600425374554,5.079079617974811,6.036025427666382,134
533,5.118951941232421,5.041062478895508,5.080435276945847,5.032810325549853,5.125303562585328,5.127181499596258,5.137557822322029,5.078655579787405,6.037616490532556,134
534,5.119129897145686,5.038425259865747,5.079797607061128,5.033077518459245,5.124996489514294,5.126712385592873,5.13314244282012,5.079022538425511,6.033660609319693,134
535,5.119374539042276,5.036747438281026,5.080178153210067,5.0334521647419805,5.125608642601995,5.125965474719496,5.129817241103324,5.078323353005541,6.028177974797556,134
536,5.1203108338380225,5.034636580425694,5.080771641460311,5.033310356463352,5.126691642991689,5.125063636688558,5.1264516434268295,5.077144507847478,6.027381315758037,134
537,5.121039354244296,5.033432563546303,5.081779312478811,5.033568023298409,5.128680380217266,5.123697243071013,5.123335785608292,5.075531564141539,6.034332446823255,134
538,5.1214500869620085,5.032639594319974,5.082483757724013,5.0337552094930675,5.1307054244421355,5.121553937895779,5.120509996671967,5.073828596640704,6.030019957535905,134
539,5.122152926057028,5.032227561438024,5.082862468245905,5.033115572334092,5.131599937613086,5.11945723966234,5.117010073896277,5.072659418016789,6.033795629323931,134
540,5.122496279398264,5.031320436065604,5.083247659571233,5.03276360103346,5.132044335026769,5.117920511265975,5.112912486527022,5.071631714431857,6.030282565865856,134
541,5.122683968917515,5.030662507142356,5.08383184819359,5.03195373509679,5.132556712892451,5.1170945946608715,5.1085648058579665,5.070713486086179,6.032152392985676,134
542,5.12357994845652,5.031046590942962,5.085067579770206,5.031327794006183,5.132508651818425,5.116064289371901,5.1043913283524995,5.0701700795494204,6.035279390013369,134
543,5.123897883407116,5.032074989878522,5.086494078559008,5.030575891672255,5.132470539860149,5.1151847964110555,5.100590888133896,5.069499179931931,6.0331444158807095,134
544,5.124300412755779,5.032562927836089,5.088303009630297,5.030585451396236,5.131773281028517,5.114034358567114,5.0977871465909645,5.068970421636187,6.035287079238637,134
545,5.12293213159481,5.033582275475917,5.089781824025282,5.030585221713088,5.1309990312640945,5.112683622135871,5.095710744585102,5.0686830066987465,6.031861570380503,134
546,5.120838141736283,5.0345477422738645,5.091420784017966,5.030480449143327,5.12946229321985,5.110651988382036,5.094144448389319,5.068558194603698,6.0365714078239465,134
547,5.119011972115322,5.035990149834768,5.092080869312447,5.029534125330705,5.127737882516063,5.1095973599750835,5.092689758580834,5.069026428721305,6.037399107040041,134
548,5.117761858464327,5.0370033881726055,5.0924014154810955,5.029065581010438,5.12632085819079,5.1080556643492985,5.091666816538969,5.068914834892593,6.030733543901313,134
549,5.115750218922949,5.038770835439749,5.093388584079786,5.028630378857612,5.125322836668929,5.10653942826619,5.091088414636403,5.069136228986073,6.027566675176718,134
550,5.113126218405808,5.041100391249751,5.094413453777451,5.027873371050077,5.124505220717375,5.105069899709295,5.090947216267016,5.069374593136331,6.033643569046932,134
551,5.110536551103058,5.043511215945974,5.095175989422963,5.027075247820486,5.123097403740929,5.102442445866854,5.0901029001695015,5.069620758881683,6.033352755412711,134
552,5.1083978044612,5.045634150906705,5.0955961507794,5.027388216907401,5.120673467437735,5.099567686788587,5.0896830214085895,5.07009227066323,6.033492546666049,134
553,5.1065971028025015,5.047339131536444,5.096491969171675,5.027271427512278,5.1185313776114105,5.096722409916909,5.09008868636716,5.070649390808369,6.026579469813665,134
554,5.1053132286398,5.049223303192558,5.097606631768327,5.027348299563316,5.116254660429796,5.093495120314509,5.090806569652961,5.070833747489108,6.042033129344209,134
555,5.10432523060262,5.051202093388669,5.099297629638569,5.026518315890571,5.1136830198956895,5.090604078550728,5.091639327252851,5.070650993416077,6.041283097391971,134
556,5.102298054653706,5.053267115173879,5.100135877752223,5.025802470220542,5.110801515947879,5.088006871309446,5.091979240434779,5.07055937625676,6.041771844265097,134
557,5.100112377565223,5.053806289194435,5.101213549315445,5.024784932713764,5.108524666004321,5.085402051057178,5.092405912732421,5.070708385728716,6.030816233871407,134
558,5.097768119698183,5.055729431498987,5.102540818346948,5.024596710015158,5.105886174436743,5.083076276642993,5.092430823965757,5.070673578867317,6.031711142484288,134
559,5.096505628325151,5.05772402945462,5.103655389962176,5.025044056226891,5.1041515190135485,5.081008242710547,5.092854663540601,5.070779950490504,6.041464734973976,134
560,5.094990254302816,5.059358678215073,5.105254496705685,5.025900541777569,5.102477676219583,5.078839703181851,5.0930810206671575,5.071521552256517,6.03171558816893,134
561,5.094253420431663,5.06047174994433,5.107149239631248,5.026944447567724,5.101387241939184,5.077034945178898,5.092990292526451,5.071251542324087,6.0245173165548165,134
562,5.093369465339786,5.061645183753944,5.10840536398811,5.02879534223203,5.101755263318209,5.075027331795634,5.092514415584426,5.07222911590708,6.032651056356563,134
563,5.092246161779748,5.062231659476509,5.109550682723299,5.0303702455082435,5.1025104261230805,5.072181442465554,5.0922050977721,5.072518264534414,6.032316477954056,134
564,5.091377547511941,5.063187978313757,5.1106819172162625,5.0312649222105,5.103624888011164,5.07054795308443,5.092357860738374,5.07226149584467,6.036552502217213,134
565,5.090111883720119,5.064424730078898,5.111341705772409,5.032508791923513,5.104456430438558,5.0682298795710885,5.091778348603029,5.071426038851415,6.035756252205364,134
566,5.08926721403699,5.066318891884952,5.112206634402903,5.033556409788545,5.10414323042809,5.067134435579874,5.091140426301649,5.070803996183302,6.026028097967667,134
567,5.0889282965684846,5.068371334846524,5.11313857478109,5.034546727179851,5.104634384263305,5.066714230693018,5.090274266222043,5.069999773968421,6.034107878676708,134
568,5.088293838695668,5.070593226442615,5.114199919027966,5.035707036206242,5.104041303895876,5.066384316258624,5.090235174605381,5.069083083500686,6.039189338088686,134
569,5.087321720982986,5.073365261532007,5.11483664313617,5.035850497139111,5.103190924343151,5.067076358336281,5.089864189880586,5.068725399321023,6.035345097999699,134
570,5.08667383907293,5.076610262949097,5.114849461312836,5.036197892636688,5.1019571346281225,5.068811150704406,5.08932460771646,5.06763132633242,6.037769798316969,134
571,5.085637013538303,5.079579781461893,5.11445934949351,5.036133455276165,5.100620192924973,5.069656201633422,5.088410216178492,5.06634024637119,6.030449959423654,134
572,5.084675786759906,5.0825166799085455,5.1139161603919,5.036194048211474,5.099394940761505,5.070147354878205,5.087246047448264,5.0659708600299425,6.029769326001837,134
573,5.084040363199017,5.085247928373759,5.113789656533875,5.035533055807743,5.098373966291429,5.071108179506536,5.08636749196056,5.065825010872839,6.0296699368369655,134
574,5.08379070045531,5.087972322914469,5.113650246077233,5.034786551716978,5.097720572906896,5.073263943531485,5.08545293301166,5.0653381331518545,6.035970514290367,134
575,5.083865335952553,5.090122974128493,5.113079461904025,5.0341069852558675,5.098127626541382,5.075085276564541,5.08502653796941,5.0655299015284125,6.036570137085528,134
576,5.084646352230637,5.091924949978239,5.112839183053245,5.032597525497602,5.099121456038221,5.076901395124819,5.085203836420806,5.065972469597747,6.036404411703437,134
577,5.085261162222709,5.094047176246519,5.112338293415419,5.031853067513761,5.100025910649725,5.078148407173505,5.085560840647256,5.0663819038231495,6.036245369682942,134
578,5.085475406019664,5.095354860523033,5.111244512118305,5.031794343968377,5.100600267517489,5.080235222047618,5.08621776845089,5.067024760716628,6.034051136215931,134
579,5.0856750876627395,5.096690776631269,5.109510830469736,5.031991046129131,5.100986411954589,5.082415947482728,5.086505484525967,5.0677471972801875,6.032485444158906,134
580,5.085764904806707,5.098378085731573,5.108153033143794,5.032226864106656,5.101717119371608,5.084667480980773,5.086352891328834,5.068240677529303,6.0398016130398,134
581,5.086663589670298,5.099914174562295,5.107281608206227,5.03329365385072,5.102486713299492,5.086727693935996,5.085605019250586,5.06891623245846,6.028682853364246,134
582,5.087591032893467,5.101935523460449,5.106618059825696,5.033918483341196,5.103570445502145,5.088964189978435,5.084336273216598,5.070067616828723,6.0435425070990645,134
583,5.0886074792243114,5.104033659614144,5.1062030547603605,5.034897493571283,5.104805857697145,5.091140999015634,5.083746918559177,5.071037191650845,6.032253263191802,134
584,5.088770943806478,5.1064089018516885,5.105848016829956,5.035972236782766,5.10628369188881,5.093308597459133,5.082944572465999,5.072387576499562,6.033259550965064,134
585,5.089773054038083,5.10857703658355,5.105822706620462,5.036948733093956,5.10782219612687,5.095033568733877,5.082562809092366,5.073642960130323,6.043596701775488,134
586,5.09126611316603,5.110032667122864,5.106375786271528,5.038635102857821,5.109392363850195,5.097046656069292,5.082337772105282,5.075025044844036,6.035687014444299,134
587,5.0924553849703695,5.111110124897774,5.107272829462879,5.040063740856226,5.11153295106435,5.100216775137591,5.081886243662238,5.076703441078187,6.035996150630265,134
588,5.092898437472137,5.112123255018965,5.108091843055761,5.041385879146855,5.113615866969287,5.104089865845723,5.081479867766765,5.078200740142449,6.036911197720748,134
589,5.093114828520887,5.1129120987261985,5.108801919443334,5.042358173323476,5.115918493918167,5.108045103205051,5.0809126068270825,5.079563343805541,6.037817785791613,134
590,5.093556097473911,5.113415505366387,5.108991266610316,5.042987238343763,5.118605934533689,5.112072248542924,5.080510563622472,5.080843307505764,6.039475509753439,134
591,5.094243810980339,5.113767939293364,5.1084619340137785,5.04394376720564,5.121255693306191,5.115628947629373,5.080258950007477,5.081727117764026,6.0420616448630735,134
592,5.096162581396063,5.114337358602435,5.109293949605727,5.044556177105459,5.123827304855652,5.118908271329256,5.0806280862033795,5.081876787339005,6.028566202691909,134
593,5.098453777042133,5.115373113097066,5.110306888831558,5.046003577115908,5.1262724933172965,5.121468296962705,5.079980568490525,5.082100115483004,6.0359410663399355,134
594,5.1012105592748185,5.116143292358019,5.110933069967766,5.047379394051776,5.1288625358827895,5.123409214417112,5.07949082580948,5.0820589536483265,6.041862983777854,134
595,5.103224062410698,5.116022796232446,5.112094649536802,5.048769263449076,5.130720540800991,5.125268329972706,5.0784680815423595,5.081790356539196,6.039726205428481,134
596,5.1052819375768514,5.115849104952854,5.112734057997196,5.049518432885854,5.131939290660572,5.127316837785488,5.078331191999222,5.081593700726107,6.045230921226979,134
597,5.106670315845406,5.116151623111454,5.113016020361979,5.050156030798463,5.133300473129129,5.1285984541174505,5.078738172992656,5.0811976834554375,6.032402741242481,134
598,5.108154118832349,5.116654467414907,5.1141211375988025,5.050489992716906,5.13330094093719,5.130214600221667,5.0798116757946055,5.079937928131887,6.034836736360968,134
599,5.109907809388945,5.1169922965425645,5.115105144407895,5.0511578448920655,5.1331021261200505,5.13196178805916,5.080164164455475,5.078918769335562,6.038302446737341,134
600,5.111532682204821,5.117531846429243,5.115834226213658,5.052263085205048,5.132984390348703,5.133262329372776,5.08008004239915,5.078375572041787,6.036380709741674,134
601,5.113523728486433,5.117760455833729,5.1162927537112335,5.052385277073846,5.1324640562652615,5.134974572369535,5.080866704853506,5.0783963678108055,6.036812649962217,134
602,5.115361488870099,5.117562906616213,5.116349842923522,5.052989159868278,5.132360986817674,5.136155956210453,5.082256532078031,5.078016100791878,6.034073474844493,134
603,5.116678484875178,5.116283553767916,5.116281260463191,5.053777722353315,5.132074868280351,5.137130448356322,5.0833496275556325,5.078137468573049,6.040110332560284,134
604,5.1180364894933605,5.115148065362009,5.11607860411395,5.054671487033512,5.132347836539585,5.138013012518793,5.084558693814916,5.078962784938451,6.040038787402813,134
605,5.11936859243282,5.113047473904503,5.116406912757817,5.055847694867103,5.132450169953651,5.13775634574829,5.0863392208000615,5.0795762177037584,6.034638976883219,134
606,5.119722423568502,5.1111540947564436,5.117510369003376,5.056535872803256,5.133345106732851,5.137176632092956,5.087937458411515,5.080592833445927,6.037707206027449,134
607,5.120323832894972,5.109014454054261,5.117546751973025,5.057534809356563,5.134033749366941,5.137342644479443,5.08919718343269,5.082549275452626,6.03973992744095,134
608,5.1205450348831185,5.107445105903237,5.116910598351351,5.058746443969958,5.13449996824642,5.138177292415714,5.0898421581605815,5.084681693991762,6.036118308469704,134
609,5.120112290606191,5.105538475962019,5.115888318886213,5.060239682417324,5.134731653578671,5.13891074415206,5.090344622959462,5.08662900842282,6.046914984637027,134
610,5.119464404455072,5.103624116671133,5.115207804754133,5.061471084260773,5.134354377448402,5.13896001012956,5.090982611179426,5.088901264816342,6.0422379792912135,134
611,5.118685202373319,5.102134819880052,5.114820217288077,5.062872720231825,5.134274135612511,5.138918960736408,5.090909674127982,5.0915702162768826,6.033778807915081,134
612,5.1176256094068995,5.101597335659017,5.1143488060482225,5.064633383070701,5.13431404337702,5.138677285093108,5.0912496687472535,5.093938540803275,6.029165264844645,134
613,5.117544004608444,5.100858088708691,5.114118570392205,5.066043129454189,5.1342493393702195,5.138530223501271,5.091788389187579,5.095678019791842,6.0394322426147715,134
614,5.117110074553445,5.100427320015113,5.113945610144542,5.067463059627273,5.134485480194812,5.13862945804191,5.091941938719057,5.097261790600324,6.040642385615608,134
615,5.117359263025431,5.100100653941518,5.113429396138508,5.068529919990257,5.134714571311374,5.138605275162741,5.091972133636057,5.098442582459008,6.03595334842375,134
616,5.117794165527814,5.09908729890281,5.113169058864518,5.069330910611111,5.134696001514223,5.138765158816661,5.091917033687119,5.099888847801456,6.030328242156569,134
617,5.118106510515345,5.098553774948326,5.113053410165838,5.0696753026426595,5.13521114523532,5.138548243177122,5.092067820428296,5.101926583015932,6.04277388073684,134
618,5.118936707140605,5.096904394912147,5.112934601290714,5.070062900475889,5.135665478153029,5.138794641738936,5.092990556020871,5.103882579517241,6.028856902982515,134
619,5.119112081102971,5.094446275752194,5.113554244406442,5.070474115021955,5.1359360078519245,5.138264603508447,5.093860984940775,5.10585704547362,6.030944284257063,134
620,5.120154422097365,5.092473776410564,5.114785855843459,5.0700761555762295,5.136387414580569,5.13743577901419,5.094472773011027,5.107319686193982,6.042504063934073,134
621,5.121130617108234,5.090339157047089,5.1152706325161255,5.069425698792433,5.137052008753882,5.136513045718834,5.095023458179465,5.1092936069504375,6.034521439163978,134
622,5.121345676731737,5.088286108234978,5.115463992220549,5.0679539447001325,5.137370310292805,5.1360535785893005,5.095422292826354,5.111256227078989,6.039654956949875,134
623,5.12182325369553,5.086525943630189,5.11547353534942,5.066834998432572,5.137599130797621,5.135397187670498,5.096414622824673,5.113249821424027,6.027915405641623,134
624,5.122600264025774,5.085270506335915,5.116419706926408,5.065872494147317,5.13822347763079,5.133956969814331,5.0969005162898,5.115588772224379,6.035027528902908,134
625,5.124367988525442,5.08395267700425,5.116897801409606,5.0653727015295384,5.138053399074377,5.1322916794189695,5.098341983030467,5.117537399762176,6.047279347424999,134
626,5.125872978540493,5.083061590244009,5.1179540554815,5.064993500792096,5.137704451727878,5.129912097498487,5.099557039604517,5.119885876692104,6.042426916044603,134
627,5.12647752325088,5.082103435370163,5.119716351177077,5.065264833170856,5.13719286689415,5.128094740021428,5.100578237530202,5.122380369409866,6.04475709856265,134
628,5.126718478415808,5.081456110935198,5.120552825376115,5.065576901532873,5.136835270468048,5.12599925362535,5.100892424366673,5.124855139579677,6.037106012725506,134
629,5.126556044770334,5.081541588398835,5.120810922049234,5.065274214792354,5.136634470816347,5.124128170230202,5.101801581998245,5.126770782037811,6.035252946307158,134
630,5.126297750007592,5.081467836548027,5.121498877566923,5.064704309836449,5.136515513410385,5.122705382788734,5.10320346767516,5.129034057445187,6.042687378925404,134
631,5.12624973533306,5.081864407055135,5.122324290382755,5.063870679210535,5.136349619252041,5.120949688597889,5.104727413622312,5.130951133124143,6.042955648557762,134
632,5.126362296719476,5.082024547163443,5.122421834811465,5.063929934712492,5.136362047843031,5.119087906259814,5.1060267737117915,5.132805857467181,6.032192820873524,134
633,5.126606442004748,5.08186661897795,5.1229275833285435,5.063485973948515,5.1362297750899994,5.116598451616862,5.106660564625939,5.134496113629713,6.038054271864516,134
634,5.12585858200164,5.081350324081025,5.123134980278508,5.063313066560334,5.1363283480691475,5.114000339440902,5.1071856323989255,5.135709281537596,6.036681652094088,134
635,5.125106296631367,5.081107793133674,5.123390532281375,5.0627791063893,5.135763410579621,5.111778006727488,5.1078158487963545,5.137074782403617,6.031170726846406,134
636,5.124550613633101,5.0805280211297115,5.1240836554951565,5.0622834637057,5.13518737399016,5.109587927371724,5.108853149434257,5.137914158115867,6.0356220995208405,134
637,5.123381343749442,5.079818609771152,5.12498332101449,5.061937995964106,5.134216580198645,5.107266500241867,5.10954563620157,5.138834200641201,6.042979355798247,134
638,5.1225084003400365,5.0795560296658255,5.125997497248443,5.061860771149331,5.133995155234465,5.104519755905166,5.109598336506499,5.139695594062784,6.046123831247474,134
639,5.122148289349021,5.079802315126367,5.126947379589778,5.061251710593428,5.133615331240323,5.101463553016504,5.109650912139174,5.139930947496197,6.040869760948735,134
640,5.120991157079439,5.079863578694754,5.127036202525085,5.060591885907045,5.133278269289789,5.098461872512718,5.110198886970688,5.139863205261389,6.04858626804793,134
641,5.1207408118623645,5.080411521220295,5.127197033073161,5.059429384761561,5.133561081307992,5.095421030469498,5.110549454941381,5.1403837840359685,6.041442185498532,134
642,5.121524219755456,5.080874166277807,5.12668846260775,5.05895390578118,5.13324559779538,5.092250084719385,5.110900365139848,5.140447037836239,6.03275153736447,134
643,5.122452933155917,5.081763374562666,5.1270412682498545,5.0582005594828905,5.131903197073283,5.088669416500316,5.111275148541463,5.139946403235005,6.041266809481829,134
644,5.122695035482016,5.0819610932754,5.127558672044064,5.057277463945926,5.130206016982495,5.0845870560554,5.111128496088728,5.139461547964098,6.040853776415337,134
645,5.123596406719104,5.082512429021543,5.128221756874274,5.056899787476154,5.128961064923296,5.079995484333935,5.110968374631527,5.140024379106798,6.0387969023854176,134
646,5.124499105665718,5.082945382484011,5.1290250390963115,5.056968264825587,5.128400283109335,5.075140244362595,5.11031419768119,5.140683776545793,6.040202323418936,134
647,5.125381942310521,5.082818209057889,5.129996368316101,5.056729396848294,5.127359668909349,5.071007729244675,5.1104143251645056,5.140488414376523,6.037745715377784,134
648,5.126353211674433,5.082725095108618,5.131196082660383,5.056083508035524,5.126267983484951,5.066281287874837,5.109999896970346,5.139999980287035,6.046060468995188,134
649,5.126437054175141,5.082746899064191,5.1327529527143785,5.055144861476528,5.125261357500699,5.062157526697167,5.109489139352959,5.1399578714249685,6.046292639498644,134
650,5.126478689400322,5.08247281000293,5.134289764631266,5.054056783597209,5.1247121758827205,5.057723955176087,5.109414507180641,5.139791789160359,6.039247119294786,134
651,5.126015563092873,5.0818419247010755,5.136431345394319,5.053290863928056,5.1244471764286565,5.053269963125036,5.1097478835232994,5.139627966579329,6.037206907543943,134
652,5.124719188909973,5.081363721431432,5.138298153143719,5.052899480245812,5.124272753548144,5.049324668565133,5.109361783664945,5.139734020291762,6.0460915771383945,134
653,5.123709293583392,5.081048742398396,5.1392854596821484,5.052540141844502,5.123391009438944,5.045645341986358,5.109319791596146,5.1395048226593065,6.048338440762093,134
654,5.122109862571962,5.082079453844875,5.140419217065427,5.052174309140574,5.1223990042897425,5.042487418426845,5.108627031171418,5.138650571918665,6.037986844706008,134
655,5.121140116825373,5.083329965276413,5.14134448344811,5.052205075611068,5.12148595860762,5.039601522733743,5.107443887870144,5.138089455861827,6.051785346190737,134
656,5.120146042325008,5.084255352782197,5.142001124940458,5.0524752666677895,5.120398370214155,5.037113691138597,5.106408035728387,5.137566929296516,6.049171978451305,134
657,5.1191861958332785,5.085133060524547,5.142899119759532,5.0530101421237426,5.118605146076537,5.035046597755069,5.105355768256295,5.136505871787605,6.038382513544227,134
658,5.119276253021011,5.086527210150035,5.1433882298560984,5.053898089318115,5.116757091736712,5.032913911897018,5.104050484853642,5.135032030552832,6.050119588081443,134
659,5.119345092513355,5.087071881240432,5.143495483128321,5.054507628113232,5.114872448329185,5.0307625614702625,5.102445398827462,5.132869016581427,6.043474313213292,134
660,5.119468517128704,5.087462400261334,5.142836241071165,5.0547634445792795,5.11279223053417,5.02835093850819,5.101247382784144,5.129931163731159,6.029872198507909,134
661,5.119034594760011,5.088133712459883,5.14200367864926,5.054696262716157,5.110476827213768,5.026532077470344,5.099952600106876,5.127292047794905,6.0376359020815515,134
662,5.1184771012360155,5.088892247529916,5.140932592819347,5.054577155465678,5.108165076824159,5.0251059889615615,5.098371672054531,5.12501462463839,6.045187916391265,134
663,5.118775318649523,5.089444787220748,5.139561523224571,5.05448322002014,5.10635502216202,5.0232969253384,5.0964652049735015,5.122925845089464,6.033122797174067,134
664,5.118692594900069,5.0887510205151045,5.138174009759212,5.0547269943933255,5.104547196905703,5.022092176446898,5.0949416627613555,5.1208970876297295,6.042683354146699,134
665,5.1182562120356385,5.087771771860725,5.1372638559277055,5.054246172353895,5.102117961326249,5.021284907202185,5.093903636089905,5.118692461459104,6.040992285738146,134
666,5.118468742711715,5.086598729504359,5.136356723297284,5.053805683261631,5.099240210987556,5.020671396274056,5.0930421971805435,5.1168713950967435,6.033802145258428,134
667,5.118487039786786,5.085854775171089,5.134930074881382,5.053588823116785,5.096433869424527,5.020676744522445,5.092361679796826,5.114755134945041,6.046957901648196,134
668,5.11864837519317,5.085873106269504,5.134472368415274,5.052293432870852,5.093808197078486,5.021152477844865,5.091393618469093,5.112559514017428,6.041837868692699,134
669,5.1189021735911036,5.086337647237372,5.133813770326659,5.0518038643494965,5.091022908074836,5.022314907460789,5.090758895320334,5.1105617089496835,6.0418450893550615,134
670,5.120465539485009,5.086654618441987,5.1333188611670915,5.050609981499631,5.088410741985934,5.0234606106678354,5.089938495008676,5.1090401494271465,6.037063080360524,134
671,5.122183339727899,5.087086911352513,5.133244415923608,5.049791984808858,5.086425308646919,5.024744077756421,5.088933003975889,5.106718559306839,6.042551744949935,134
672,5.123327276793514,5.087201981167121,5.132432716756272,5.049151761364369,5.084588304461342,5.0262757930984545,5.088486090868596,5.104450309299019,6.046223189792854,134
673,5.125070800911329,5.08801739399104,5.1318876385505625,5.049179367273057,5.082935114758602,5.027935267636214,5.088582408181005,5.102675257468954,6.042383243478597,134
674,5.12644029163198,5.088033640620431,5.131097756404282,5.049145775408229,5.0812408357975265,5.030105246666928,5.088150164899861,5.101810666610186,6.047587707970099,134
675,5.127479596050411,5.088735679447699,5.130902384600491,5.049217461906148,5.079612882189388,5.0326353569446,5.088413546982167,5.101145544173041,6.043860972165028,134
676,5.129229108268563,5.089850557847292,5.130799891535915,5.048980348503616,5.077993243628141,5.035916509267652,5.087693503108606,5.100171620746332,6.038193493958995,134
677,5.130575384417882,5.090183690129957,5.1297444447958265,5.049554074265329,5.076166503686577,5.039539727721385,5.086765046543331,5.098627404527409,6.044400024639944,134
678,5.131038371685084,5.090872788120993,5.128582199380754,5.050090150918807,5.074560846521298,5.04335033963838,5.085909190407088,5.097683534460157,6.044382222835617,134
679,5.131293020648558,5.090958092573682,5.127422166642367,5.050916660232278,5.073296471506342,5.047046255203979,5.085530948160338,5.096557844473293,6.044171090818346,134
680,5.131904989178057,5.091908623927628,5.12650726137182,5.051862837984532,5.072418371864856,5.050754503289614,5.085977265386944,5.094561836537192,6.043107881736455,134
681,5.1318212882909355,5.092228587757422,5.126092763703964,5.0523477390721805,5.0711411527011805,5.054864269292562,5.086524210796428,5.0925029743348755,6.04618529513274,134
682,5.130931180869,5.092204655814809,5.125581266022101,5.052702162454189,5.069730870238802,5.05955456445823,5.086940887518821,5.090567462308615,6.036017341228375,134
683,5.13023592543164,5.092675088750969,5.124736395786668,5.053744234197694,5.068017345460095,5.063966235479445,5.08712160170964,5.089176754590088,6.046068247324694,134
684,5.129855456500074,5.093176644206659,5.123795416595115,5.054597837607242,5.066572050479414,5.068800203138016,5.087385867608514,5.088122735464095,6.0455595683727275,134
685,5.129706255997103,5.093832504084974,5.1224163335832245,5.055658551480325,5.065111944593236,5.073087335902712,5.087286062053223,5.087333769667522,6.051439102771186,134
686,5.130099111745864,5.095110881900503,5.121782011993854,5.057183745382732,5.063397873984859,5.076762684207989,5.087455445389537,5.086960691280485,6.037721849243919,134
687,5.130293111334996,5.096542171539413,5.120757376133124,5.059025591149252,5.061484544385942,5.080259961758388,5.08729100354587,5.0868362318268945,6.046067549276154,134
688,5.130933149710367,5.098476450202266,5.120089901540886,5.0608873765261695,5.059661532933434,5.083520879913735,5.0874730206398615,5.086314824109304,6.038902031903654,134
689,5.1314969664827865,5.099095970475124,5.120165194509496,5.062475373499252,5.05786027219487,5.086759033849606,5.087042296538916,5.084928558219188,6.040338076199172,134
690,5.13285902046643,5.0992565300867465,5.1198990172997965,5.064251780623647,5.056672998574676,5.089550122049602,5.087015174774506,5.084057516950786,6.043540369165612,134
691,5.133308158079257,5.099811322759329,5.119591894463096,5.065575769958559,5.055405596066382,5.092476284727789,5.087092486495,5.082816197858183,6.046497516996798,134
692,5.133303379466939,5.100538158467589,5.119393076450688,5.06682613742694,5.05453547801762,5.095375979174927,5.086883687665716,5.082025793098966,6.042364967213226,134
693,5.1334596785843765,5.10086858294389,5.119407368121384,5.067995575720627,5.053340109787465,5.098003574965341,5.086898589335091,5.081387767231279,6.042598435310427,134
694,5.133044080538051,5.1009383817011384,5.11944456088869,5.069475160465186,5.052137150923477,5.100275257284309,5.086132247025809,5.081048618898527,6.036731443708724,134
695,5.132866493032142,5.101381275325791,5.119844802938245,5.071491649684562,5.050770634026334,5.102552286352502,5.085532789319757,5.081192723580835,6.046078253668514,134
696,5.132648924357707,5.101210068063702,5.120059737262711,5.073913944725099,5.049277653426699,5.105415429092944,5.085072132675726,5.081897495160799,6.051267100806095,134
697,5.132614198677005,5.1014152478273616,5.120990097153971,5.0765956194425295,5.0480164932255,5.108176557133475,5.084126503949928,5.0830553718325255,6.038286899504548,134
698,5.132095073665294,5.100941959729063,5.122304512408039,5.079155309881882,5.047014212714292,5.11090894238671,5.083625157291628,5.083404930388305,6.046563926240712,134
699,5.131189284124879,5.100317046967479,5.1235071704529105,5.081392289667955,5.04584602528333,5.113731032756613,5.083319000883971,5.083929436423218,6.053783843251702,134
700,5.129967751714355,5.100560339540039,5.124478623429803,5.083195246225326,5.045088715450838,5.116685040751676,5.08263960770425,5.08457335173661,6.041743364080241,134
701,5.129230640393103,5.100496448639224,5.1251668431327575,5.085967303729989,5.044852540642827,5.1196661646290815,5.081981581834844,5.085469138366028,6.044807646318365,134
702,5.128446045019469,5.101143093685021,5.125563370981469,5.089060051003032,5.045295169835162,5.122282674784067,5.081158760681527,5.085936880791487,6.0402148149568635,134
703,5.1276470172087265,5.101570415510393,5.125283062692082,5.09177816716744,5.045802989083937,5.124990506380836,5.080165798387869,5.086259307726381,6.042502618798583,134
704,5.126693714718755,5.10157612937677,5.124666669397767,5.094428571584468,5.046434025913483,5.127123493117574,5.079208536062211,5.086547647057532,6.054400860906963,134
705,5.125509413517291,5.101368424136205,5.124109444477348,5.097133494005691,5.04683934037806,5.128921539765647,5.077829547089715,5.086969437422587,6.049121796592211,134
706,5.123713700404494,5.101446237805343,5.123656548964254,5.100646470384928,5.04753668021824,5.13084309965336,5.076063619972224,5.0875850270238585,6.0490120786523045,134
707,5.122213950518435,5.101449513073455,5.123192511993648,5.103787966482982,5.0480451896988665,5.131991059824083,5.074611415012388,5.088695911975156,6.042408297746984,134
708,5.1208763820675,5.1025089441481235,5.122733223155185,5.106761628103267,5.047980854483075,5.132505041497735,5.072757351911657,5.0901993108173365,6.045821259483609,134
709,5.119024456616355,5.102923422750067,5.121819646758224,5.109437170720982,5.0484823861329815,5.132823277494641,5.0704795804686595,5.091457785730449,6.042340763640654,134
710,5.117606377078824,5.103588790407267,5.12145799465997,5.111493046252703,5.048700106145645,5.1325482957741375,5.068330633197481,5.091998402474063,6.048466589402572,134
711,5.115905899912951,5.103853971851053,5.120809797764267,5.114213368302854,5.048723372111551,5.132154056044554,5.066248170865155,5.092408791121734,6.048236227196483,134
712,5.114549556641778,5.10419971494805,5.120647420753026,5.1173943860089,5.048470698125842,5.131464262543921,5.064485492431581,5.093272008562639,6.041454961904301,134
713,5.113031056617037,5.105112876161129,5.1209885893141545,5.1200329989789966,5.04895938732401,5.13112842634463,5.06258934656284,5.094237775873122,6.0421030940094225,134
714,5.112615467563511,5.105089262802032,5.121814649228318,5.12221576932073,5.049125965454225,5.130384128333024,5.060737542846532,5.095448750731423,6.041352547887031,134
715,5.1121930830583935,5.105662017138416,5.122705555135113,5.123621590733113,5.050134746626897,5.130341450758603,5.0590871489536235,5.096860575472882,6.03566952358493,134
716,5.112022411907006,5.1057012517603955,5.123513221771733,5.125001604982806,5.050902256271092,5.1304204897440115,5.05757852064545,5.098269298572244,6.047092664017007,134
717,5.112017966846551,5.105535664250054,5.123419141201516,5.126223083739256,5.051794754690594,5.130488979494237,5.056005179575757,5.098953968744439,6.047802110941009,134
718,5.112454212553236,5.105909812257945,5.123540096395182,5.127070008386719,5.052986530801402,5.130367366235542,5.055111449732797,5.099739216252182,6.044937886135384,134
719,5.112523069689109,5.106097484552793,5.123813062787982,5.127775601319313,5.054476236100743,5.130525821031073,5.054566214229951,5.100037228961057,6.044870015211356,134
720,5.112424074730778,5.106475026401133,5.123999906213145,5.128720808709179,5.056046247487537,5.130431075179006,5.053858794284971,5.100836639936584,6.045448531337937,134
721,5.112104432177675,5.106739101174611,5.124378503191303,5.13018587874307,5.057298814291899,5.130317021939318,5.05349769318969,5.1018908003432095,6.046033889417823,134
722,5.111542525654953,5.106834102635268,5.123294865530048,5.131193185971872,5.058240644263835,5.130644070429941,5.0527318151270855,5.102711773594474,6.0374094783424965,134
723,5.11103813173999,5.107864482553004,5.122227934255254,5.132134698140395,5.05938599288873,5.131350440399007,5.0518011175959,5.103049866009439,6.04571152186535,134
724,5.110743782942855,5.108935019269123,5.121265035882914,5.133170134736016,5.060123758289878,5.131664880629763,5.050610810840535,5.1032012455453595,6.03716539218876,134
725,5.110561492253105,5.110494031965729,5.120391779532243,5.13444544122889,5.061377740550316,5.132164759638136,5.050017742916852,5.103915493553384,6.047138639080436,134
726,5.1102258275146575,5.112377309160944,5.119451887120876,5.135987445359586,5.062565399259275,5.132217656175691,5.049353086100485,5.104011786464237,6.043804425983483,134
727,5.110257555681734,5.113995505671154,5.1186945797340355,5.137342544796443,5.064401180825465,5.131871514200185,5.04875865100855,5.104050782650895,6.0471397681700525,134
728,5.110572860861897,5.1154666685411,5.117862368262581,5.138677103870808,5.065711602849632,5.1316377704572,5.048504813428172,5.104004481780515,6.041035172757283,134
729,5.111316688053536,5.117462542111702,5.116778943285489,5.139871162177657,5.067257551858741,5.131455975559448,5.047819318361022,5.1034486787161795,6.047260596723555,134
730,5.112667299351596,5.119594131285043,5.115549747659383,5.140676054233946,5.068694972995745,5.131407290624406,5.047795161950366,5.102913457383838,6.0478142693885815,134
731,5.113883801512769,5.121397242535247,5.114326068032255,5.14101694659459,5.070093660179401,5.131257970940701,5.04818660025351,5.102914201212844,6.036677416209793,134
732,5.11462767512277,5.123503486465203,5.113740844219993,5.140758489335596,5.070961188833305,5.130938003864346,5.048676614263165,5.102893025713003,6.043443885017942,134
733,5.115013388490557,5.125331024422762,5.113070922340741,5.140678398954682,5.072379496021443,5.130459303286742,5.048876900394001,5.10248637862566,6.042623662712617,134
734,5.115879018799501,5.127389106547629,5.111786616743698,5.141030821733296,5.073368175157621,5.13002800590513,5.049065126654731,5.10239155858512,6.041646763955723,134
735,5.116674573431024,5.129451743451882,5.11006116127648,5.141193548908731,5.0742710817522845,5.129692308847724,5.049115737262424,5.102359024618089,6.049785101646754,134
736,5.1178610405217,5.131588637518392,5.109283671847195,5.141641688630389,5.074863178831205,5.1287911485333835,5.04930439241112,5.102357605239882,6.044449459953147,134
737,5.118659329874333,5.134342389148475,5.108659830130717,5.141247039107766,5.075521723278365,5.127256840509934,5.048754164309949,5.1021634470559265,6.048366858905955,134
738,5.11882801264808,5.136468990999375,5.1076294172348895,5.140750958388171,5.076730506352297,5.125321322913299,5.047616298222563,5.102215895821777,6.035317311446579,134
739,5.119481367629802,5.137971998032196,5.107624018801611,5.141007254112509,5.078030709750677,5.1228962001936065,5.047109832260864,5.102652192520607,6.048179803978918,134
740,5.119906643439845,5.139719814534923,5.107403330545882,5.141148265732532,5.079366832211672,5.12045528389414,5.046386248711258,5.103282807971308,6.044290682837792,134
741,5.119850294634483,5.141099897889024,5.1073360107934285,5.140899178594801,5.080605683065867,5.118122140016238,5.046241227199275,5.103608724725449,6.0319171248030825,134
742,5.119665939856339,5.142550087085546,5.1074154757199395,5.140469439465056,5.081269157338142,5.115706251341894,5.04662678878388,5.103864748560499,6.0516581146171236,134
743,5.119276633224204,5.1439953229908815,5.107388654495022,5.139725868497214,5.0819441115818735,5.113783775577867,5.047229086610539,5.104198333942497,6.0540278504846,134
744,5.119355159297612,5.144826366444457,5.107261084638143,5.138951080352001,5.083186216634765,5.111785663468718,5.04798242760984,5.104133257172157,6.045697849198435,134
745,5.119911525069572,5.145239507942334,5.107515849450319,5.138075497471845,5.084381194578166,5.1095815304830685,5.048642034446721,5.103529126288178,6.042871423694334,134
746,5.119958125998452,5.146194092779492,5.107410654685086,5.1376163148497564,5.085283874214589,5.107925802099163,5.049901905068603,5.103107072282148,6.0420808997929525,134
747,5.120471147046018,5.146379359595285,5.107130496517778,5.136231241117327,5.086146859793528,5.10663229266393,5.0508476085441965,5.103219478238193,6.040822236776804,134
748,5.120218821960741,5.146479701579436,5.106167254431637,5.135127600650197,5.086870813078665,5.104660412768583,5.051268916597297,5.102911057749655,6.048458554362675,134
749,5.1199177739033805,5.146814158295159,5.104853353558559,5.133805634402249,5.0869245966669805,5.103090582772597,5.0518889893783,5.10251913091643,6.0516524997227155,134
750,5.118982189393594,5.148181472591137,5.103999962297886,5.132769545213792,5.087353322859609,5.1021783447007945,5.0528383577518206,5.101695884131765,6.04090057948092,134
751,5.118074916347287,5.1494263737449675,5.103708961986651,5.132504021079027,5.087729928835895,5.100539103515308,5.053395485180086,5.100895377419077,6.0472377250038,134
752,5.116775369913665,5.150875875641535,5.103341705895028,5.132060187728104,5.088094568391118,5.099150054933548,5.053913552379253,5.099919120516507,6.049839694939414,134
753,5.115811407548219,5.152980365127421,5.10368179996768,5.1313718830409805,5.088055626232174,5.097749317759508,5.054163553797428,5.099607532435158,6.037232987915301,134
754,5.115260394886821,5.154219307875701,5.103366945754898,5.130751489868513,5.087899752037357,5.096312732231082,5.054025333557715,5.098822912432004,6.045765920540395,134
755,5.115395998124908,5.155592423893436,5.103479035138534,5.13035871761883,5.088193670886493,5.094142972052152,5.053529163423588,5.09872171724008,6.039898712082543,134
756,5.115402610784472,5.156119349897457,5.1034089069361235,5.130528710578337,5.087948577590443,5.092113839822604,5.05350285954362,5.097904502136611,6.045507733946019,134
757,5.115834611265825,5.156654931106677,5.103830419477424,5.130498960950121,5.088095764636223,5.089939753092628,5.0540944245696355,5.096692753434279,6.040047712260833,134
758,5.116399641071624,5.157395322926119,5.105392091788655,5.130216210163501,5.0884381275558574,5.087517705879836,5.054885406798469,5.095167511134717,6.044373853860937,134
759,5.11692882132496,5.156848321901689,5.107238242013608,5.12978261538255,5.088363843723612,5.084591185779569,5.055977927203851,5.093970296036895,6.049763536847023,134
760,5.117016903317347,5.156301943813633,5.10886812212067,5.128780487656742,5.088203666194785,5.08186763663182,5.057603580753782,5.093307701659631,6.038823298172684,134
761,5.116923915151279,5.155965545488097,5.109775673201144,5.127802517165933,5.087921525563237,5.079372304875673,5.05906005166475,5.092357267044333,6.039882058599809,134
762,5.116671954526524,5.155477647728841,5.110541614452054,5.126434719404329,5.087686136100239,5.077039919725346,5.0606445001876015,5.09186083806377,6.0417982118857845,134
763,5.116426879713313,5.15494263182407,5.1113688461188875,5.125543364195677,5.087396922129092,5.075150621704083,5.061492790495233,5.091527057490165,6.044419487163641,134
764,5.115988039816923,5.154322892058216,5.1117503093006516,5.124789336301009,5.08739765847657,5.07290175843242,5.062030141266637,5.090964787705268,6.049536078693319,134
765,5.114364513297399,5.153588806605621,5.11246883102873,5.123837210079315,5.0874461450497765,5.07050576925818,5.063086681079922,5.091021935397695,6.05008744028115,134
766,5.112658882279493,5.15259376423752,5.113625623637494,5.122386984992742,5.087199043931017,5.068287372565404,5.064315299842061,5.09105022416507,6.048480434439188,134
767,5.1110961726766035,5.151824169964524,5.114632304702621,5.12104697807765,5.086898841411822,5.065867537636124,5.065080550834871,5.090562784122483,6.045755391064704,134
768,5.110303280059137,5.15094435967063,5.115517780193594,5.119268841821535,5.0873228227773435,5.0632375084413574,5.066142220317984,5.089891420206287,6.041694917217315,134
769,5.1102753931483305,5.150058717866291,5.116144229019071,5.117460421976889,5.086677709902653,5.060926177651476,5.067534677752539,5.089620237393939,6.042361143713627,134
770,5.110119254403223,5.149046348219209,5.116666742803806,5.115144372692008,5.086399974996754,5.058443337387761,5.068695971396972,5.089554829959795,6.03878649708593,134
771,5.1101850205458526,5.148285860131903,5.11717716541874,5.112828984456086,5.086095299400201,5.056379273920759,5.070616405874663,5.089279062871854,6.046080086608968,134
772,5.110128453997722,5.14720198010128,5.11626540986016,5.1103924000689585,5.086106656137551,5.0544911099857055,5.072742317360448,5.088727020453482,6.04735037126348,134
773,5.109873915364085,5.145974709226211,5.115099133139045,5.108576537543708,5.086484223882717,5.053249258785905,5.075074314985826,5.088307556405596,6.052862036346435,134
774,5.110034147903889,5.144708232216009,5.1142293772715846,5.106401974215355,5.086075713655266,5.052338108205611,5.077516254225925,5.087889589848636,6.046191820436429,134
775,5.109621166672485,5.144020432229249,5.113056813519638,5.103684368217035,5.085490531617183,5.051129938898173,5.079286055616136,5.087722049332447,6.053836097360379,134
776,5.109478223795514,5.143272453602499,5.11150868227789,5.101625143893912,5.084816421855686,5.049560409086152,5.081160525361501,5.087328236446702,6.046638689728717,134
777,5.110040559077443,5.1428977535632985,5.109873967058007,5.099342144601559,5.084758536488735,5.0482377599939925,5.082818694411401,5.086938226166831,6.054407021627025,134
778,5.1104261014497805,5.142386286765504,5.108238389711852,5.097171708784048,5.084680853763624,5.046822063173852,5.084350187424456,5.086083370234551,6.0446544304313505,134
779,5.10992321295063,5.141952888614861,5.106622844764781,5.095386421274293,5.085056910006264,5.045976835458705,5.085650403378649,5.085174802540945,6.041272024425417,134
780,5.109364101884161,5.141463348699807,5.105008030590548,5.093548073341352,5.0850652140856125,5.045146700923717,5.086660347505444,5.084424711888358,6.052742980862128,134
781,5.108961703678318,5.141181830455491,5.103982133453375,5.091351941293626,5.085197122268125,5.045029983324509,5.088443320529956,5.084052471486723,6.0473173371218865,134
782,5.108899624107009,5.140936916847748,5.102964002172623,5.089427459067842,5.08595188278518,5.044733584125876,5.090051916632763,5.083883797822327,6.033865606962235,134
783,5.109292438985555,5.1415708802681195,5.101859519843916,5.08818918808228,5.086963817682245,5.044598676432457,5.0915560665569926,5.083208410642299,6.042459154467091,134
784,5.11006588820043,5.141878943274047,5.101161574422708,5.086931316534058,5.0885561274426445,5.044980959696034,5.09388121417574,5.082275588734791,6.042105804898952,134
785,5.1109954620646985,5.142063364160927,5.101178097861284,5.085618600023132,5.08990087149811,5.044862755832979,5.096114445177973,5.081464939983348,6.0448592464643145,134
786,5.112228280664175,5.141990151214466,5.101126974808315,5.0839039931204635,5.091482854533754,5.044529918885394,5.098432877018616,5.080912936762173,6.050228375446838,134
787,5.113351830584044,5.142419283458792,5.101148080591198,5.082157034340885,5.092370878802034,5.0442588264198704,5.100565373652217,5.080736855229541,6.048747757089087,134
788,5.1149151618224415,5.142722499145434,5.101201751965462,5.08073958914404,5.093555520245482,5.043962718137369,5.10236161015124,5.081322305845158,6.052816776431826,134
789,5.11599247262952,5.142861046344502,5.101120450856274,5.079778680869426,5.09487335699848,5.044045939283173,5.104261540655861,5.081567756694703,6.044848350714942,134
790,5.117059282180979,5.142871174846069,5.101282939470579,5.078620294958162,5.095917521581846,5.044451610818724,5.1062624022587535,5.082196150627045,6.0477880582676455,134
791,5.1180390089790055,5.143187267569346,5.101034696874641,5.077211107130486,5.096427370011327,5.044823450224943,5.108149683361188,5.082426507807268,6.047075235088365,134
792,5.11891443751823,5.1435227291961105,5.101043055238918,5.075610464130094,5.0974989300425975,5.045115373989608,5.110018037108679,5.082639701956074,6.048956348319568,134
793,5.1197518347296125,5.143831234576525,5.100333834682187,5.074075007776024,5.098091315058817,5.045851993136132,5.111345759986864,5.082919959959324,6.049033519036227,134
794,5.120696316873512,5.143957248724064,5.099506881435556,5.072415439513787,5.098547291379057,5.047016007435831,5.11252690209262,5.083357013288153,6.048620437393102,134
795,5.121928608519407,5.144242589951391,5.098876817139056,5.071145458332939,5.098864893477238,5.048568823132575,5.113842306115522,5.083670007671893,6.052210749344228,134
796,5.122779311825072,5.144284353073866,5.097873791897856,5.0701166416272105,5.100177616694373,5.050175963865671,5.115230804804806,5.083766613832301,6.042144910865142,134
797,5.123656747322798,5.144216312990601,5.09735216916625,5.0686207227949245,5.101678800500228,5.0517815045087335,5.116476713008416,5.084191546696005,6.042455137721607,134
798,5.12442114691681,5.143606893859614,5.0971162408274955,5.0669689426754925,5.102879079922884,5.053411294554453,5.117165536992179,5.084414377352337,6.0479859531584,134
799,5.1254453612630755,5.142871633849055,5.096399914819772,5.065487059132037,5.103579756549813,5.05471823338355,5.118870653577531,5.08425899400931,6.033681261147774,134
800,5.126489284515663,5.142199002865581,5.096288817998824,5.064019092546448,5.103601240322527,5.056077915114873,5.120707569178922,5.084122509752703,6.040023736034395,134
801,5.127864666904964,5.14107793660464,5.095714906146197,5.062980649309558,5.103495380629677,5.057556984261467,5.121982925684771,5.083658150516804,6.048301954757248,134
802,5.128625839320361,5.139791351485064,5.094924603162312,5.062453935684017,5.10331189218583,5.059282071291792,5.123346610402542,5.083395239455715,6.048702886508733,134
803,5.129557357072385,5.139001451528756,5.094286847177861,5.061785223935311,5.10324708171438,5.061541628705426,5.124591430244916,5.083369300800685,6.039102847143761,134
804,5.13038519739395,5.13854803146377,5.093640314850415,5.0620768964227505,5.1030226248551305,5.063489672381374,5.125077308261668,5.08318153540842,6.051510179306872,134
805,5.130295475217682,5.138080398667787,5.093273603544546,5.0616686143937795,5.103188898938383,5.064944981318281,5.125446940857369,5.082653555192996,6.04801169615174,134
806,5.130302753430614,5.137730542671839,5.093285661699017,5.061644571429915,5.102898444626826,5.0665326950752245,5.125288819281941,5.081590194399072,6.0500024058578195,134
807,5.130601427100668,5.137010148851025,5.09377012897775,5.061849187092318,5.102261545819724,5.068097169745654,5.12521498076564,5.080474541037781,6.04750112359893,134
808,5.130678532834866,5.136359652448416,5.094775839267712,5.062269386025849,5.1009956278744655,5.069814012642099,5.12493843394807,5.080312339084852,6.0511512388386235,134
809,5.130636987792808,5.136047944783618,5.0965263190741315,5.062324508569575,5.099617342495822,5.071574267825451,5.124645901845504,5.079904247744608,6.047000329143656,134
810,5.1303447235690465,5.136072307345676,5.0983716313727605,5.0623029351832125,5.0985736318886765,5.073550574321185,5.124592150135912,5.0791560725097415,6.042210204100152,134
811,5.13045788379641,5.135981786324948,5.100230907997331,5.0619233421229115,5.09762407320475,5.0759488468478935,5.124562759722097,5.078367993017124,6.0501393239852606,134
812,5.130651483054532,5.136019390268337,5.10243110817046,5.061195567594421,5.096556776784239,5.078635258495576,5.12499672935145,5.076926433411227,6.043882976315632,134
813,5.131246133555619,5.136141433742246,5.104827001169717,5.060086321978297,5.0951191302209144,5.081199955252578,5.125239174800761,5.075657259490908,6.049910263655362,134
814,5.1320354560611605,5.136232714791564,5.106698515928887,5.059019577361921,5.093881379125054,5.083561041927394,5.125480068391723,5.075198319010816,6.045799944629782,134
815,5.13394496023424,5.136467855149687,5.108428345458033,5.0576129573646185,5.092223512758698,5.085321452718785,5.125291877127842,5.0751203251756944,6.050075618507021,134
816,5.135507907828881,5.136873313060729,5.110582459152428,5.0561484881139425,5.090316719745193,5.08742322586454,5.125530968892304,5.07533252178156,6.039253037353834,134
817,5.136168571288768,5.137028309890338,5.112255287205668,5.05549313720004,5.087903379130601,5.089420059623963,5.1250084509254465,5.07542020340886,6.039208625475866,134
818,5.136345136422319,5.137060176806672,5.11411469049526,5.05464860120283,5.0850557602075614,5.091494408771357,5.124500304521624,5.075275318988114,6.044909113743579,134
819,5.136199472367073,5.136755080864623,5.1160040438923975,5.053519740178875,5.082373114999532,5.092720860884803,5.124123497642762,5.075536026710463,6.046293913923131,134
820,5.136223181894772,5.136340911729349,5.118285926579979,5.0522219430809026,5.07985015252086,5.093644614568953,5.123236073991199,5.076095307588542,6.049504187970713,134
821,5.136035091107811,5.135823840058374,5.120333882941145,5.051678801764476,5.078097579355546,5.094022057460004,5.122575893226732,5.076546029786721,6.05511046632697,134
822,5.135983511559094,5.1350515991603825,5.122159890139489,5.051630249904809,5.076702397967056,5.09374876052798,5.121408387794931,5.076374290062127,6.046118645981911,134
823,5.13607325284603,5.133456809469797,5.122965163824663,5.051058576165392,5.075747262354527,5.093455092446549,5.120650266180874,5.075752665219811,6.052759109326291,134
824,5.135821934278134,5.131844976287694,5.12364316589626,5.050038388047927,5.074678320262959,5.093108679721061,5.119975662436058,5.074154977464011,6.039868780892679,134
825,5.1356196195751656,5.129876534323124,5.124103612777311,5.049359728836283,5.074219084372298,5.092415068800811,5.119471649149148,5.072790458986818,6.044448228516614,134
826,5.134967813287993,5.128527192613117,5.124746144253252,5.0486748595342466,5.0735619892321795,5.09133831725834,5.118737261610804,5.07084544037642,6.046679220937581,134
827,5.13406728788234,5.126638449674211,5.1261391867452675,5.048006780911213,5.072869890437907,5.091074185432794,5.1180121470925855,5.06958816767707,6.047767208088267,134
828,5.133039741338987,5.125692098099741,5.127428447130058,5.046904998509824,5.071496230447165,5.091362843408191,5.116969534437214,5.068438484267565,6.046089788692712,134
829,5.131756673426482,5.1248869374513415,5.12857099315832,5.04579091414268,5.070384649513449,5.091563487412509,5.116384881000523,5.067004651058564,6.050338044403663,134
830,5.130337579996446,5.124069058127432,5.129946032020269,5.045047333242669,5.068704042151765,5.091596208741683,5.1158801164006515,5.065414612050558,6.0466515712811635,134
831,5.128888628619465,5.12387381132417,5.131539998984248,5.043836229252377,5.0672153164316684,5.091404881695857,5.114936694597352,5.063706139609024,6.039597764937705,134
832,5.1284532923818675,5.123775932562593,5.133003116260689,5.042689675537858,5.0648493843913895,5.091052048760421,5.114010227826432,5.061946559478496,6.050929036178229,134
833,5.128003899782749,5.123293124988637,5.13375510697502,5.042078723126636,5.062292922435022,5.090906191817323,5.113358778920814,5.060176883306248,6.043910638099932,134
834,5.127477790981673,5.12329148049439,5.134427135252595,5.04117031032345,5.059894174754776,5.090680908744554,5.112804141968712,5.058527077215255,6.047832373115923,134
835,5.1266069562719165,5.123431671797177,5.13530291279878,5.0402142341527565,5.058214548496901,5.09110450845542,5.111874757611709,5.057088141648335,6.05200968108796,134
836,5.125580599825859,5.123602233503683,5.136206076708094,5.039087500303299,5.057604580456612,5.09151422312609,5.111728424137552,5.055780821751872,6.04911157288027,134
837,5.125193952196137,5.124272783683871,5.137300684390668,5.038486947393622,5.057245079377728,5.092129548210368,5.1117685502436165,5.0544578991726885,6.046423467871162,134
838,5.1255314631540285,5.125351727771434,5.138933206118256,5.037527486663432,5.057249582518125,5.092284764526324,5.11184298989977,5.053239696777433,6.045020521591896,134
839,5.125617084901721,5.126089308331659,5.141325535705354,5.036940303623054,5.057622789376129,5.092236194353376,5.111905358383508,5.051857334485698,6.03755670431365,134
840,5.125307185271572,5.126903881869447,5.143175104070055,5.035483593775991,5.058077849009279,5.093246759668103,5.112497074374531,5.050961060467764,6.049278273490736,134
841,5.125503524705699,5.127689094874546,5.14480831101938,5.034764114491808,5.058406973902095,5.09382049912146,5.113218583555285,5.049798904059157,6.043381147374651,134
842,5.125390215046945,5.128672110488539,5.146351021576082,5.03390966243108,5.058844979398748,5.094407551704628,5.114780939371867,5.0491441566007325,6.050067920240159,134
843,5.124929951118521,5.129960935788179,5.147797349887677,5.032984746151882,5.05974523101343,5.095025678855201,5.115526982803461,5.048493576404665,6.039225193007099,134
844,5.124613783689117,5.131127448004616,5.149564469738523,5.031440989003055,5.061391678194755,5.095617788919613,5.116207120200419,5.047410745252282,6.044052591622717,134
845,5.124486531068942,5.132394722518965,5.1507456916436825,5.029552077337515,5.062577736206096,5.095891715362667,5.1172207578721745,5.046007334774449,6.045854415680798,134
846,5.124660718873004,5.1339203890988045,5.151955985586033,5.027678581091667,5.063309408905104,5.096308355297756,5.117796356972602,5.044841881220433,6.055603265810726,134
847,5.124842352563237,5.135249251129826,5.153053537327597,5.025952380486222,5.064083468711629,5.096842676932599,5.118606363291602,5.043549952455123,6.046069728302603,134
848,5.124688591481227,5.1366087443804425,5.153752348066215,5.024182322334421,5.065040701755377,5.097570538752145,5.1190296494188345,5.042513035639914,6.052254188473352,134
849,5.123931817008747,5.1377402864861335,5.1543543743533,5.022716129086458,5.066082647411843,5.098346891306628,5.119429395864235,5.0422877581061964,6.037016223563674,134
850,5.123346889166623,5.138877565001105,5.155322291358315,5.021400270754534,5.06690206593497,5.099506881936906,5.120170770260585,5.042092888804116,6.046876563892893,134
851,5.122071044044405,5.139405076096189,5.156380546984342,5.020767720386694,5.067433846578679,5.100252189770837,5.120999816744742,5.0420257336942855,6.049871556135662,134
852,5.121073547608944,5.1399852706249,5.156693070682675,5.020309898353789,5.0679324638862315,5.1007772747231535,5.12160370928764,5.042275881032761,6.050345781409997,134
853,5.120621943215013,5.141150942360411,5.156860668166075,5.0197473566425135,5.068575737215664,5.100672119337398,5.122344698806199,5.042414680820434,6.043029765522674,134
854,5.120694817376813,5.14195967500731,5.15676116215053,5.019038410794332,5.069076799569867,5.1006452507395235,5.122445110090707,5.042722614753629,6.047599026877029,134
855,5.120599348755707,5.14270742288224,5.156551456062484,5.018569458423013,5.069672051960699,5.100860265271976,5.122790654890029,5.04331055070713,6.0434966217342145,134
856,5.120521972223493,5.143531594941951,5.156239020828641,5.018370588039212,5.069915687399815,5.101626621544803,5.123206071175124,5.043715807194048,6.037401906830884,134
857,5.120992059445934,5.144377981352626,5.155502720355125,5.017900604711703,5.069459850184741,5.102414320374467,5.123774175622444,5.044438418589683,6.044336710811031,134
858,5.121150806673867,5.145545606064918,5.154236706944044,5.0173591417939045,5.068395867979035,5.103749107186458,5.124698030725867,5.045459447557753,6.050222535159702,134
859,5.121774639138671,5.147218014079483,5.153288002508531,5.017608879909962,5.067411946854471,5.104813613445121,5.125213815935453,5.046814872991092,6.046782144168193,134
860,5.122782315941678,5.148877749842855,5.152164984238665,5.0180324925331155,5.066184316382163,5.1057689431017925,5.126123812883964,5.049060624417789,6.0536730664277005,134
861,5.124054754439343,5.150799794467768,5.151058511591949,5.017907329787242,5.064441856261437,5.106829214933235,5.127066654878449,5.0510236972444655,6.05252097179635,134
862,5.125695035696514,5.152848164044478,5.149855835999296,5.018245281836929,5.063006164225634,5.108341703511721,5.128334363780612,5.053090878790844,6.0442548720303035,134
863,5.127565127609319,5.154902590927,5.147957281644637,5.018601902579622,5.061523964797303,5.1092587284818345,5.1298761041545955,5.054614174733022,6.045973948903495,134
864,5.129623923962349,5.156017607062919,5.14600863860833,5.019092123262651,5.0609274004134015,5.1102585618587035,5.131377979777951,5.05675175265157,6.043668717079718,134
865,5.131903001814245,5.157073746709145,5.144826853310439,5.01902604607686,5.060272743172959,5.110929418326274,5.132097722955313,5.058612826183715,6.057214711062743,134
866,5.133648577037727,5.1577052233258245,5.143525731330448,5.01889800361794,5.060114128614493,5.111568275904849,5.132508242126292,5.060555031223261,6.049035422309172,134
867,5.135022271933985,5.1575898750092986,5.141904813802589,5.018616688328036,5.0598836346688785,5.112264729773253,5.132834190106039,5.063058285944501,6.040942033906375,134
868,5.135880926402409,5.157563417530513,5.140346949412626,5.018382866537911,5.060231632809807,5.112531708570921,5.133057073748755,5.065961554272853,6.049908644265546,134
869,5.1365775250238315,5.15777878945684,5.13902737997591,5.018231721737848,5.0610778789605275,5.112501929773812,5.132831928840542,5.068844030788721,6.046510658249025,134
870,5.137296383305946,5.157802634969649,5.1374422260617845,5.018351756505586,5.061689360369807,5.112926208254276,5.132800804663277,5.071997212622294,6.0454981919888775,134
871,5.138211897875337,5.157943501905738,5.135673506919117,5.0186603564913215,5.061941362497363,5.113421034195913,5.132717614191151,5.075309135684064,6.041624309315402,134
872,5.139435692402422,5.157900358104989,5.133589592268271,5.019680801076584,5.061928679457797,5.11392035397628,5.132232184070771,5.07850069176112,6.0488496419776885,134
873,5.140227424980521,5.157630603152077,5.131383977606217,5.019759703373351,5.062256922857008,5.114552647434358,5.132077362830048,5.081184114964353,6.04733241651795,134
874,5.140631831193861,5.157252508166584,5.1288667558990415,5.020229110599134,5.062181047011245,5.115141811278327,5.132095469285664,5.083793859666466,6.042992053727956,134
875,5.1409254966766,5.156359382722199,5.12581836542399,5.0205691010093485,5.061746211167278,5.115502451320829,5.132586489345551,5.086420614783769,6.042109414991593,134
876,5.140990706942885,5.154863620723613,5.123269514305098,5.021564065577154,5.061011484489927,5.1149213258853585,5.132739679744148,5.088621096856038,6.047426673568688,134
877,5.141205283778776,5.153196051970342,5.12132879288345,5.022472840446143,5.060932277964306,5.115395767156473,5.133020441735475,5.090927364183722,6.050839521396805,134
878,5.141970009513662,5.151621988992226,5.1194331343879025,5.023545924978893,5.060679012611737,5.11586273861916,5.133081823742504,5.092857141314319,6.051254803977809,134
879,5.1427480467542335,5.149665045290682,5.1177404396780615,5.024127734825559,5.060362818019834,5.115332357634287,5.133529652416952,5.095078991276217,6.045525154525139,134
880,5.143759267300787,5.147927719760339,5.115765443571423,5.025079306036126,5.059793916120009,5.114822788172054,5.134191777443546,5.0973470495297715,6.053593894211374,134
881,5.144745604717048,5.145658189702703,5.11411540225706,5.026291439982296,5.059279267513803,5.114763762142074,5.134866711397347,5.1001736481842075,6.051515295850468,134
882,5.145747502194947,5.142554926265319,5.112246891634495,5.0274818364463,5.0590616485505455,5.1145519294003225,5.136117446156234,5.1027985882647,6.050203428225675,134
883,5.146770964263469,5.139856964825633,5.1100466888712806,5.028776682027058,5.059480685238693,5.114561715224228,5.137368639120972,5.105067669582703,6.0473934188190315,134
884,5.147895964187462,5.136922352110684,5.108091332886829,5.030322856814037,5.05920719781111,5.1143528489087915,5.138793170878237,5.1079982398141635,6.043927106429405,134
885,5.149499557320039,5.13390872698349,5.1060007765573445,5.032075727539458,5.059453804290731,5.114166251778028,5.14007713322445,5.110135163880719,6.046690530936172,134
886,5.1506440409571415,5.130527396532834,5.103824430388596,5.033843822128092,5.059943335102012,5.114326953627645,5.141152866513643,5.112075829022709,6.047428096336825,134
887,5.151912166555176,5.1275884209055045,5.101614785695984,5.035415778621282,5.0610314931466185,5.114713346412,5.142197180323094,5.113952474110345,6.045771176512401,134
888,5.1529565331891725,5.1245288468437415,5.099474079959152,5.037093467610765,5.062230073620185,5.115322922844676,5.142564420225292,5.115374078324118,6.051308210744827,134
889,5.153756154394576,5.121134050238235,5.097648481669285,5.039155964553516,5.063708327066518,5.116349976971506,5.143307037132606,5.116813592913278,6.040318361190236,134
890,5.154101278182946,5.118027948171293,5.096315944135265,5.040916180352074,5.0657072142776505,5.117028859058945,5.144418506943357,5.1184675633827705,6.046565983736842,134
891,5.154156220294709,5.114764980002943,5.094661124794747,5.042379848144442,5.067234629815603,5.117688366702179,5.145066541067868,5.119529025749017,6.044158342308201,134
892,5.154158919462485,5.111354798442524,5.092597450705486,5.043541973079948,5.0688229586525795,5.118078383554162,5.145383701916286,5.121135577384747,6.046437762355323,134
893,5.153798940157786,5.1081665804070635,5.091001758759689,5.044768632066333,5.070434557941523,5.118920332425835,5.145580782258725,5.122844160301475,6.045353136548179,134
894,5.153584927218521,5.104845814711169,5.089996364504797,5.046079608057486,5.07218355443377,5.119179555420633,5.145861758867547,5.124190576786161,6.04418307774213,134
895,5.152614392755792,5.101571901316026,5.089018432459808,5.046613191796951,5.07420398656562,5.119852118968197,5.146314645113037,5.125155567489577,6.045707927084204,134
896,5.151499582789601,5.098177122207602,5.088401911047756,5.047017728451419,5.07622487324865,5.120580396898667,5.146624083907824,5.125825987818563,6.051740186193894,134
897,5.1502270535701316,5.095030688413908,5.087771128429516,5.04777847365309,5.078423820610974,5.121517430550355,5.147029121417041,5.126353515974319,6.0481985852590325,134
898,5.148784711325881,5.0920492018010375,5.087358811866306,5.048099755829885,5.080631275067345,5.122094619790175,5.1473938727028115,5.127026724847408,6.059276864776814,134
899,5.147465213274643,5.089018618695139,5.08693052849077,5.048612283775421,5.082731478236322,5.122654292317531,5.147609478477966,5.1276079273173885,6.051593005718963,134
900,5.146227462598532,5.086400848971623,5.086496343089103,5.0490523408597925,5.084541501562738,5.122725422411483,5.147808986811404,5.127727249240761,6.0417312764195374,134
901,5.1445600017485695,5.0834939175017615,5.08537172323712,5.049551942789412,5.08599743156512,5.123195740952582,5.148048302326799,5.12820396898578,6.045230008998907,134
902,5.143373093785131,5.080261454952066,5.083834768411542,5.050064543332542,5.0877649715929225,5.123579156626409,5.1484389617966,5.128671229651687,6.047335111955831,134
903,5.142698354560767,5.0778654430043115,5.081856209881296,5.05106825260432,5.089494057378559,5.124169187247241,5.148647408623224,5.128626458883987,6.046112153608028,134
904,5.142232816013924,5.075970656847584,5.080157195548086,5.052119689660093,5.091041087926412,5.125219676786434,5.148696323627937,5.128249362244405,6.057225402408667,134
905,5.141964281790441,5.074441591598585,5.078916649134258,5.05345097010881,5.092232112546,5.1258294205225265,5.148950747275289,5.1277492372941875,6.037414352392444,134
906,5.141615220409411,5.073205230888201,5.0780543833321765,5.054855976068685,5.09354403315643,5.126374199893182,5.149356576903852,5.126875329322917,6.0523651945175345,134
907,5.141317503639019,5.072471930743712,5.07760886307584,5.055834012529224,5.094774670490914,5.126416843509537,5.149705703280236,5.126364132252554,6.057605948665013,134
908,5.141070704999731,5.071527532131398,5.077179111881415,5.055919440898885,5.095698493036017,5.126667570121287,5.1496998665830755,5.1257756439745386,6.04568104480826,134
909,5.140591850670907,5.0707034019974415,5.0773369223235445,5.056505186058548,5.095956780824992,5.12688743066608,5.14927418293308,5.125807320501284,6.051947370389071,134
910,5.140137925192082,5.06995167399487,5.077061004924408,5.0566736787240485,5.0968288438858576,5.127311577419842,5.148094966251211,5.125665493196034,6.046100374927383,134
911,5.139888926057489,5.069601782833097,5.076962275857211,5.056642959216817,5.097636451105817,5.127913294615913,5.146488197604465,5.1254355906229145,6.043088818393746,134
912,5.139765998493571,5.070180513353529,5.076897892386651,5.056152073882721,5.098066510981927,5.128672538077641,5.145308705869221,5.125359831325232,6.053255808191601,134
913,5.139360810132411,5.070949870896197,5.0760661486820275,5.055702656207959,5.097990255975527,5.128946548292646,5.143684152500965,5.125602366049215,6.059238690193247,134
914,5.138342560223034,5.071700922663743,5.0751384377391044,5.055448260223216,5.098053871057267,5.1290655390382955,5.14195909764953,5.12620836981387,6.050346984402033,134
915,5.137334714319101,5.072882256820339,5.074247120619942,5.05570261747604,5.097902768952187,5.129807663989211,5.140102117797976,5.126429693881933,6.040568719375084,134
916,5.136511159868108,5.074261405308526,5.0737582675268555,5.05690391376517,5.0976679495037605,5.130282884511836,5.138318525613753,5.126330913654659,6.04696949588831,134
917,5.1354272879776595,5.075542760603547,5.073167172830697,5.058521094563572,5.097793592299053,5.130914689061093,5.136118422559679,5.1257051111633185,6.045109357505569,134
918,5.134103666057312,5.077050926352005,5.072562981842147,5.06036135269203,5.097901762957069,5.130838681092753,5.1338366899135455,5.125617451003173,6.0500750599492354,134
919,5.132255348716261,5.078472872278935,5.072360577108725,5.062354451519687,5.097503835808537,5.130534336646164,5.132089060852982,5.125856620845761,6.052489839063402,134
920,5.130364582444697,5.0801418384845025,5.072255920874058,5.064151346692689,5.097363857311212,5.130021463794481,5.130024226351685,5.125894269341654,6.052417252520117,134
921,5.128057122739415,5.082086600400398,5.072664139628422,5.0661517007478345,5.0967402536427855,5.129002211092925,5.1282340872619345,5.125950638353638,6.0456679731875616,134
922,5.1257514488131175,5.084312399893585,5.072760235044154,5.068009617308338,5.095712857656423,5.12744210047611,5.1261058614959225,5.125840855637347,6.0489269483299415,134
923,5.123517897878065,5.086252351673277,5.072517880166495,5.06996476160868,5.094520419941939,5.126582729879754,5.124240550694456,5.125693347410881,6.0541489332601595,134
924,5.121320308439565,5.08805952743427,5.072841365547591,5.071938911535948,5.093355943949039,5.125575942772623,5.123047143223362,5.1254192048971925,6.049816573160204,134
925,5.119021786405567,5.089733295849442,5.073050379619045,5.07360276626346,5.091987329134705,5.124780370008404,5.12182432239564,5.125397414130786,6.047197621059891,134
926,5.117038464613201,5.0910673858853706,5.072780564413066,5.075271938737566,5.090481648045635,5.124062767703069,5.121086595877692,5.125227980639401,6.052512043792943,134
927,5.115226305420563,5.092397571161618,5.072991352784239,5.077283150736301,5.088991172525725,5.12373305484937,5.120756571465533,5.12520256713518,6.050774971934124,134
928,5.113354729940249,5.093914124666425,5.073765255722966,5.0789808181432665,5.087411459822555,5.1234532835163815,5.120534163838449,5.12430693066649,6.043719752627449,134
929,5.111536360192163,5.095151681646941,5.074391120539007,5.080703897579186,5.086164246996536,5.122830235708479,5.1201911058113625,5.123325630411482,6.048147057573307,134
930,5.109745172993488,5.0965919483961475,5.074802237036312,5.082477178403927,5.085113615112237,5.122855125354462,5.119544239930795,5.122691454798765,6.055887844539581,134
931,5.1084130207282605,5.097650766732546,5.0752215376156595,5.084886894647179,5.083673463404626,5.122893788873277,5.119393467771422,5.12233125251875,6.041310570534809,134
932,5.106773214214166,5.0986624191121255,5.075941936667089,5.0877024479738004,5.082479548938792,5.122647053996242,5.118964807976768,5.1218594773925785,6.049029850221338,134
933,5.1052157028871115,5.09966190983274,5.076941310693124,5.090743680881418,5.080867523324313,5.122272317799237,5.118508272425578,5.1215532412237135,6.053543606860458,134
934,5.103816592336611,5.10052698825617,5.077948980366417,5.0940851457564325,5.079418051303733,5.122322739711824,5.117899460131999,5.121416512596418,6.042876988987026,134
935,5.101770838146795,5.101747560546219,5.078608620466777,5.097472126796612,5.078343076671785,5.122373566843084,5.117037263717328,5.121196471160525,6.046252920251961,134
936,5.099481454644902,5.102944460256406,5.079542942859159,5.100975660009524,5.076848725690937,5.122668843872716,5.11631042990428,5.121035794543258,6.052717934836271,134
937,5.097658051405095,5.10407407702648,5.080736495240254,5.1046191337983995,5.075809857706191,5.123129491483457,5.11645909097275,5.120623703977117,6.046467257411664,134
938,5.0958914581825026,5.105616371089684,5.082330991562911,5.10842957633284,5.074448516597233,5.123290559756665,5.116851218867669,5.120235492461649,6.045553510791995,134
939,5.094339921348451,5.1070630421128635,5.084202513755804,5.111746336787965,5.073242563354999,5.123257650752297,5.117840530846124,5.120093912771597,6.048137460890484,134
940,5.092532481830952,5.107959171026941,5.085471067025278,5.114903591130951,5.071692386653836,5.123122687202244,5.118991646295269,5.1196419441090875,6.047829891334594,134
941,5.090521522281541,5.109218322946788,5.086579877637135,5.1175479768470336,5.070175143333255,5.123259574229275,5.11994601461128,5.119366386383751,6.044486422486926,134
942,5.088466583801528,5.110203565811988,5.087791115700227,5.119992437374254,5.068518515888121,5.122975146077322,5.121199889290659,5.119132014593525,6.050564850471448,134
943,5.086777853486987,5.110842309290385,5.088703442775591,5.1221169502394535,5.067086917719091,5.122823127258876,5.122650481277674,5.118493206748998,6.054285872666955,134
944,5.085085295709967,5.111746050958106,5.089793397734131,5.124662380840687,5.06596130249889,5.122595834911508,5.1243554336432515,5.117622157202229,6.050929445771669,134
945,5.0840188195675875,5.11236717985048,5.090428124446095,5.126523900471247,5.065266120344903,5.122057360600099,5.126543469845452,5.117077030263067,6.048561771826015,134
946,5.082631301797982,5.112634898393011,5.091145929096676,5.128499374730908,5.064456256946946,5.12149353864139,5.129020831827761,5.116568440639037,6.051674028486127,134
947,5.080657320958734,5.112940802595679,5.091210653510878,5.130374065960542,5.0641591725074715,5.121169353778654,5.131178658554322,5.1158302144446335,6.05282624868502,134
948,5.078962586408858,5.112681420981804,5.091566324889987,5.132278325187348,5.064235817938613,5.120996213903458,5.133092931266667,5.11558771621183,6.044187066723541,134
949,5.077639309262151,5.112560288021879,5.091822919685315,5.134043118535987,5.064800209912724,5.120724894663558,5.135281318620189,5.115177550356124,6.03937366249258,134
950,5.077070299889077,5.112629952675883,5.092372792509747,5.1358785610391156,5.065575168613817,5.1209416116463835,5.137188132224451,5.1145285358334815,6.042944843045967,134
951,5.076570806922144,5.11254689278966,5.092499286720009,5.137518744593512,5.066124514261924,5.121292910512032,5.1389889555501345,5.11395473479232,6.052147804094348,134
952,5.0755479395769685,5.11197834211746,5.092232852813733,5.13786295068005,5.066880045853409,5.121680826722091,5.1405850301704845,5.113301388976036,6.056641409098681,134
953,5.074414679849086,5.111621664171253,5.091269835566354,5.138369237055084,5.067214017996573,5.121438950231504,5.142399833071508,5.113006496489033,6.046209781014983,134
954,5.073443242538896,5.111480997553011,5.090340522868848,5.1393341248293885,5.067428994332701,5.121439412956008,5.143784599622045,5.112758609362895,6.047546131893193,134
955,5.07296227360993,5.111346386335354,5.089227258218256,5.139985658922884,5.067455178120201,5.121392176334349,5.144601422204736,5.112303200844845,6.04541303267161,134
956,5.072623393771204,5.1112235783775635,5.088077621671395,5.140274225384352,5.067533427242653,5.121838846803345,5.145467648398471,5.111186859478076,6.051471323026543,134
957,5.071819179978906,5.111050322715506,5.086584510669216,5.140357363524108,5.067916479132554,5.122862538646499,5.1460024273468346,5.110356822194145,6.04581498275951,134
958,5.071683744409059,5.1109673977166,5.0856336157703605,5.14053852474862,5.0686010917756334,5.123902084723557,5.146768845945453,5.109672295254272,6.042693601552839,134
959,5.0719826270398976,5.111100182194879,5.085009385052537,5.14047245640249,5.069097478172893,5.124652502548654,5.14704631877243,5.108215882547372,6.044763321258499,134
960,5.0721602168389435,5.11124626344711,5.084182729284346,5.140317936527902,5.0696730992669465,5.12528260111735,5.146799988275341,5.106919732793038,6.054920315013422,134
961,5.072439658668655,5.111535608791581,5.083636719332721,5.139763881353501,5.070381365375404,5.125870084958725,5.146436880338353,5.105729363910729,6.052381375120778,134
962,5.07295998480712,5.112145202631687,5.083486668290369,5.139393106354753,5.070994743725754,5.1260087363384965,5.145724300566581,5.104551584159516,6.055284108262239,134
963,5.073558292347417,5.113089087223151,5.083401118809337,5.139030206637787,5.071430014239054,5.125715346428154,5.144944311740995,5.10319284397439,6.046243353385781,134
964,5.0741212914883445,5.114193584244386,5.082951881781207,5.138351467283462,5.072104000184871,5.125578393886316,5.14448730216281,5.102462558773997,6.054052306262463,134
965,5.0743422840369234,5.11568556028921,5.082751019742545,5.137306174086137,5.072366315789874,5.125433330228162,5.143944078301141,5.101619562017117,6.047165463379232,134
966,5.074536283673048,5.117128731077814,5.082602903313155,5.136150411219064,5.072552158882761,5.124743949225428,5.144460817669932,5.100827325323913,6.045995014984577,134
967,5.074727375874321,5.118684683721348,5.082450442095461,5.134781341897565,5.072946232320856,5.1244284183735616,5.144600980268699,5.09986908345571,6.052276842887688,134
968,5.07541719956666,5.1202709577286605,5.0820448210095845,5.133458996469766,5.073140005140645,5.124089533017975,5.1448475037218575,5.0988519486745,6.042006723856365,134
969,5.075681740360209,5.121867398303799,5.0816267411309175,5.131445062195796,5.073221229264392,5.124080954890569,5.144885659115847,5.09810818602905,6.047045749622711,134
970,5.075537466445523,5.12313857380038,5.081329031136043,5.129313216078922,5.073730364743756,5.123795098929696,5.145010665998374,5.096917870804501,6.039599656794752,134
971,5.07582197529538,5.123813405755586,5.081277107984752,5.12677673587636,5.074232204565113,5.123600250599086,5.145214674275855,5.095401126789475,6.04849830410284,134
972,5.076648587775514,5.124462952756405,5.081264339008891,5.124086372292184,5.0750978546360095,5.123390686952256,5.145205579328228,5.094129706673712,6.049531940198345,134
973,5.077362369796894,5.125265623914759,5.081140892210183,5.121446466035262,5.075765215543905,5.122588544738889,5.144337142341477,5.093150875719072,6.0525650809018625,134
974,5.077656088468867,5.126060661940292,5.080823317790602,5.118590643653601,5.076520239911658,5.12251933221294,5.1431137511203175,5.092959748062594,6.047331450909163,134
975,5.078000969222434,5.126622667390419,5.080414509208137,5.116156624083258,5.077330461660677,5.122160640413654,5.141727710496581,5.092550233431265,6.049030619210068,134
976,5.078284314940371,5.127395223555899,5.080669756565572,5.113628467825887,5.078136520650768,5.121928068681731,5.140389277974733,5.092372491631139,6.047118149626899,134
977,5.078788088259705,5.127310463703736,5.0810909431315,5.111178759655509,5.078824605347719,5.1222328347087736,5.13966226058622,5.0918628106863135,6.053718402259771,134
978,5.080087196541083,5.1272094413866345,5.080717207444314,5.10887377371537,5.080047207097735,5.122632988583688,5.138433090293165,5.091162699175234,6.049607803816479,134
979,5.081280877821877,5.126756824808724,5.0806152559372215,5.106727576055538,5.080766490319404,5.122971968856637,5.137126477895498,5.090311771045977,6.052759559718364,134
980,5.082103511269804,5.126421123058119,5.080593287216689,5.104571796063212,5.081788108547499,5.122886528384387,5.135394106710379,5.089916409576661,6.055529631391738,134
981,5.082474814235286,5.12607713601937,5.081057042635077,5.102862642905101,5.082884096425371,5.122753634687507,5.133648485425466,5.089062643749575,6.048095742689398,134
982,5.082897565961099,5.126073285909977,5.0817698167484515,5.101467877740586,5.083843879417894,5.122521599920702,5.132119324148084,5.088388294719726,6.051878070778496,134
983,4.942151780324817,4.984119872802179,4.940751769196183,4.959246528814919,4.942555845119486,4.980188434183213,4.988775234331484,4.946902106651952,6.045254427775922,134
984,4.801329811251607,4.842255809107624,4.799232981340487,4.817303734832304,4.801450940084653,4.837818766381118,4.845270161615336,4.805116006750294,6.052834552537068,134
985,4.66020582068697,4.700107614496291,4.658005324428212,4.675348274874724,4.660108534148272,4.69541573700361,4.70176053671339,4.6632994582150875,6.054317557206276,134
986,4.518630214602787,4.557737482791373,4.5166339582013055,4.533087024990989,4.518758789266104,4.552590934360656,4.5585376719249435,4.521513039895022,6.0476436457022,134
987,4.376983899696302,4.415453012176543,4.375492553887987,4.390923005198588,4.377734175355457,4.409607648484704,4.415493434880142,4.379709022075131,6.044647345092178,134
988,4.2355211277313805,4.273451316145369,4.234366004356458,4.249070703877073,4.236295333186606,4.266791403146561,4.2724902082786205,4.237973090219072,6.045844026636751,134
989,4.094456413946703,4.1313584520082065,4.093675882433198,4.106876671652646,4.094913905638441,4.124087965506033,4.12942817493524,4.096320234650431,6.0483554045432975,134
990,3.9532588642664446,3.9892885538250917,3.953114578672401,3.9643921607815598,3.9535911710954474,3.9817521216535514,3.986654553935396,3.9543158173565205,6.044638859900084,134
991,3.811921791120592,3.8470215347982224,3.81272644093316,3.8220744175617716,3.8124078110585873,3.839437628258224,3.843848231970548,3.8124082648962814,6.050887102105534,134
992,3.670461686048185,3.704554374157538,3.672438970002424,3.6801086091723363,3.671394423859253,3.6970789168253453,3.701186129813797,3.6710698005886524,6.0475053184248,134
993,3.529528689071916,3.56200955820681,3.5320775151148687,3.538199375958679,3.5301287664483656,3.5545612376179374,3.5587856775093836,3.5294693289915653,6.047157988255869,134
994,3.3883233606209897,3.4193447502787704,3.391389308408673,3.3960350909937613,3.3889277164741998,3.4121507128238013,3.4164859973470056,3.387814554202293,6.050268916806988,134
995,3.246981768712479,3.276531946528485,3.2507705222783914,3.253921838705625,3.2477500545201554,3.269526348944064,3.274571518917132,3.2466115506533,6.041647877244587,134
996,3.1057332953375094,3.134022813073175,3.110242069964469,3.1116923500355282,3.1066127906813503,3.1271129121129397,3.1327691745590003,3.1052977931257337,6.050486893772595,134
997,2.964695140108573,2.9916560018516414,2.96941914772255,2.9695385087934905,2.9653397102192036,2.984575214161051,2.9906579414303693,2.963792586081811,6.040718514682863,134
998,2.823287483956378,2.849242803960179,2.828385062118656,2.827595239896545,2.824114299216049,2.8424800505224828,2.8485621445965377,2.8223556020480887,6.04723674740216,134
999,2.6820071224521387,2.7067436907152285,2.6872040240696204,2.685477079303428,2.6832472155534943,2.700409568855598,2.706455119570717,2.6810572637226833,6.054084878725952,134
