feature,importance
X,0.356274449177129
E,0.34346036739240215
I,0.30026518343046893
