label,r2
E,-0.3396976835895069
EIX,-0.009617011018179245
