slice,eps,n,k,p,ci_lo,ci_hi
|E−I| > 0.001,0.001,10000,1974,0.1974,0.18971531479043993,0.20531708956110437
|E−I| ≤ 0.001,0.001,0,0,0.0,0.0,0.0
