acc_delta,auc_delta,r2_delta
0.0736,0.07041502141767475,0.26178775536125154
