feature,importance
X,0.36701479623036587
E,0.3441353023149535
I,0.28884990145468065
