{
  "label":{
    "0":"E",
    "1":"EIX"
  },
  "acc":{
    "0":0.5816,
    "1":0.5816
  },
  "auc":{
    "0":0.6293333307,
    "1":0.6293333307
  },
  "cm":{
    "0":{
      "tp":851,
      "fp":498,
      "tn":603,
      "fn":548
    },
    "1":{
      "tp":851,
      "fp":498,
      "tn":603,
      "fn":548
    }
  }
}