time_step,region_1_entropy,region_2_entropy,region_3_entropy,region_4_entropy,region_5_entropy,region_6_entropy,region_7_entropy,region_8_entropy,global_entropy,lock_epoch
0,2.5694814472254173,2.6100028487874827,2.5330476107827806,2.551221661195349,2.5973912290777896,2.5647237195550696,2.6056567653294866,2.5774214889266727,5.607729729736907,122
1,3.210091975806468,3.2698902311838296,3.160705180668642,3.1722010912228713,3.252713650777424,3.2149820440562626,3.2624258867639337,3.2121207722604312,5.605405156886997,122
2,3.851758411529864,3.93305348471896,3.7822069178136,3.7920295765047576,3.9036715287254213,3.871136848135194,3.9196230786755484,3.8476694297046303,5.603101656246871,122
3,4.491461025194313,4.597150265403387,4.412952972039966,4.4072534348428025,4.556555121873483,4.524367638629278,4.574683733039317,4.48478947654705,5.618072321794706,122
4,5.129468816207253,5.253298920392617,5.051544557144785,5.028613421175764,5.200400050602924,5.175556580656888,5.234970158137418,5.126167200652363,5.613082794717317,122
5,5.1373568383386985,5.258500892998719,5.054213233223573,5.008572642043965,5.185939740273218,5.201522404207568,5.252801687181439,5.1329612153318,5.6161656527948045,122
6,5.128304609463471,5.248468846928292,5.049032729517529,4.990290815298616,5.175122860934733,5.229376380895,5.270470880362168,5.1308250502144315,5.609954431492549,122
7,5.117806575102028,5.233890614521548,5.050230278935213,4.982124533630106,5.168263565581526,5.242933436323142,5.2818299069539405,5.122755497328441,5.622699118439666,122
8,5.107168545925451,5.210079314202816,5.058540021348385,4.981293799897217,5.159320500603615,5.25278641364913,5.288711099008973,5.123451901859166,5.6188900677357685,122
9,5.103148878805362,5.186498250348792,5.067642372377484,4.995376822152872,5.141593055861878,5.2656853071709975,5.29040750393579,5.133849125658012,5.615187140342359,122
10,5.089211754674752,5.1634590144006625,5.074338741124816,5.017174567747099,5.128586254240605,5.272536400430621,5.295391627667376,5.142743003528963,5.628525617643307,122
11,5.074236547798713,5.14119779885124,5.072690348955232,5.038246172207043,5.111810308372476,5.285617497567003,5.303638363250883,5.14928872384807,5.61834276008794,122
12,5.067796608213383,5.130385915173609,5.056184616099658,5.055613687789695,5.0934191362217485,5.298942291430358,5.306950584872512,5.150514521495829,5.628353654088395,122
13,5.049474917288545,5.127156738303001,5.0448289703044376,5.068769326925959,5.084593009353916,5.292622004339361,5.309870353449432,5.1383738087393365,5.624078189945195,122
14,5.04255855332546,5.1342837118288225,5.038361446631388,5.082134042010127,5.0727348202924905,5.277429559055238,5.31369600268451,5.142672626764665,5.637126230871192,122
15,5.033563017155141,5.151884439361952,5.021557424845971,5.0903118778556635,5.057837675969263,5.268718928988753,5.31955669923777,5.148031803051197,5.645129063164692,122
16,5.023147897318334,5.165815531910486,5.003555339486717,5.0929069325877165,5.037731158878596,5.254937768681878,5.322121184469634,5.15524625276518,5.6390935057448734,122
17,4.997401317524865,5.174212162505267,4.981996234697153,5.0966786867739815,5.021686833783228,5.229848367064958,5.340012144154015,5.158048098056802,5.643691335045439,122
18,4.98962382493239,5.170017293337903,4.963233507032248,5.096435476908118,5.012636853472044,5.206998772237601,5.348980928488039,5.154583413613689,5.6535473649153,122
19,4.989010281373869,5.167360285929134,4.947868891497074,5.094421561010348,5.01379418965449,5.187290220987858,5.352972052326908,5.1524679428182045,5.647071180686097,122
20,4.9728731506491215,5.167545588770262,4.942658745707954,5.0964174646971045,5.027265414998514,5.1699903588216936,5.358028893051207,5.1523835126608875,5.651432071518882,122
21,4.959295556653556,5.172190500039729,4.941050694708958,5.098996002233178,5.035067919133124,5.167178170049639,5.356972893931669,5.157045641837003,5.648741458800897,122
22,4.947071239981487,5.1683080847866485,4.943565354533679,5.108596355638112,5.044927325517467,5.1631619472825125,5.352611285473983,5.1470158278326075,5.646582007663662,122
23,4.93994324231727,5.151507929022141,4.95351769434823,5.121981369943978,5.060895433181621,5.1620531037721324,5.3476037416471165,5.131563350314183,5.654311641370296,122
24,4.93048558984236,5.136764543788976,4.952273949306701,5.1394000341355115,5.082546642406121,5.15908039617829,5.345881963104539,5.113815899800122,5.665993678125145,122
25,4.934486007824738,5.117146740478691,4.949199263295771,5.156516081543098,5.108031309161653,5.166617640810296,5.33858680822922,5.0930765439089924,5.66765723244856,122
26,4.924930693756291,5.106935505079672,4.958701587549896,5.169876977465086,5.124087584960762,5.1666600625847545,5.333368249535273,5.079399297400294,5.666995166808794,122
27,4.909467680568555,5.088810765817408,4.95881630587234,5.190483845357433,5.1173463796268,5.16058192740341,5.336096861855337,5.078519988787953,5.665640378883135,122
28,4.9001447332239305,5.054631799267878,4.9614484485281665,5.205794109982828,5.11096455930289,5.146625539084323,5.34126236836084,5.075139084512685,5.665546189995452,122
29,4.893694746656877,5.01218484985525,4.960965229841758,5.217249061136315,5.110919439612608,5.126635924086328,5.34521578123335,5.0810728462583565,5.678331520990157,122
30,4.89052490593842,4.976635623781264,4.95881220703067,5.218482477246275,5.114141120457433,5.115038442662585,5.3444251597004175,5.08601793341517,5.673688277299721,122
31,4.88989473273292,4.945093803925891,4.961797469838456,5.205840904706885,5.10619058473157,5.104530132263276,5.336419330702458,5.0943225589529835,5.681685580139685,122
32,4.892247365169992,4.920051239357233,4.981473934668786,5.201985392091027,5.095531761358443,5.105665136810588,5.33340349963838,5.1074075594263535,5.673669408845681,122
33,4.891735178687926,4.910144346752083,5.011213799133925,5.207200725675227,5.082612166940766,5.100951428855785,5.3329435341021,5.122226881034675,5.678578719117563,122
34,4.903574625427643,4.893032078323103,5.030325393725177,5.211485612225307,5.066658009175123,5.0973382991868394,5.3327713873687665,5.130953384636796,5.680546266467956,122
35,4.924829338586859,4.879079850593759,5.060868708836784,5.221844817466039,5.0632252599806336,5.098278904242907,5.325969218442773,5.128883109297649,5.690503349758231,122
36,4.951891982326936,4.873359745158178,5.089825678122335,5.230342826060731,5.053104152030293,5.103904830827508,5.322599572307435,5.114959404555032,5.685533631744065,122
37,4.984433629429842,4.867055233765138,5.10972022678006,5.247068238997732,5.037544151349195,5.10618759130714,5.320404557967204,5.088370511721965,5.682584835022462,122
38,5.020606982808331,4.8593034785577025,5.121123911762818,5.2710048040951145,5.014566946187098,5.10132800074365,5.33309781572861,5.059822831096146,5.693582557089865,122
39,5.055990861757493,4.855668681900602,5.12565195072202,5.294995298080031,4.998435799118626,5.096638174772489,5.35654246058213,5.034858002238786,5.6945880065085905,122
40,5.096061156257201,4.8570898874714254,5.127067562616332,5.308717459908486,4.976761268314064,5.084266398752758,5.36940016662819,5.012327062347798,5.702559146710257,122
41,5.1362888093377945,4.846164522874576,5.121290273068421,5.302994851821134,4.95633934337164,5.079140068893995,5.37889709241755,4.988570151268368,5.704236482508239,122
42,5.171761410031876,4.844218011164005,5.119811929733999,5.299213258061679,4.937265677508878,5.093351277340566,5.395556664819949,4.967386699742865,5.704717570486191,122
43,5.196660017439596,4.843957785377521,5.110557845591207,5.294046245617004,4.922942548212762,5.097740010999752,5.406867190116669,4.949181777929862,5.699340832271557,122
44,5.209125483652298,4.847075337750054,5.102004012269671,5.299507459180267,4.917318633782296,5.105017285765475,5.412854396998481,4.953309143735057,5.708211848556868,122
45,5.210598082754928,4.857640232081858,5.092141415732181,5.304040382980892,4.910019623261354,5.1176624823492,5.4285325528920065,4.966820570044111,5.707835668317932,122
46,5.202530179343861,4.872386735442499,5.0801584838348415,5.305607411644524,4.907604328651644,5.128377705335309,5.432413292458048,4.989868103250332,5.701932911072273,122
47,5.191332527302078,4.886722223554912,5.068882361194909,5.317213705604882,4.9055877884936825,5.147356762181224,5.430244462753999,5.013771182889337,5.719506805926786,122
48,5.182941153438967,4.893677251378536,5.058371689661464,5.332958021429233,4.912706469023397,5.163004560568524,5.435752879365003,5.031307458434801,5.719442673694597,122
49,5.171062713234974,4.913065964109961,5.0639167354721835,5.355607914017738,4.928310706147448,5.171572403839291,5.436263790273275,5.047377214339468,5.719060214171217,122
50,5.157815280000788,4.938884305310962,5.079301034408376,5.37414521583616,4.949456588156027,5.172079784528995,5.426678135334765,5.073692509613214,5.717838379884051,122
51,5.151766900780977,4.96911383887434,5.09561109455108,5.3807147147039505,4.9643254118755475,5.177558547772277,5.420416788093282,5.088469176736312,5.724155108945837,122
52,5.156516133728516,4.9899050570436145,5.11388692728466,5.378811642393424,4.981896582081596,5.179557331786957,5.415783308676951,5.099112606911119,5.720634342639857,122
53,5.167848459738742,5.013462821633897,5.131610126095073,5.3723690169807705,4.992323162493102,5.1771404067723505,5.407845421754763,5.105005240276558,5.719234308877015,122
54,5.17476914299051,5.031469078792918,5.164179017038921,5.370734951944674,5.009157294500575,5.182084520630967,5.389201854563087,5.108344463913799,5.722128217668294,122
55,5.1813346453545295,5.051484308669981,5.192700010065129,5.360630423150064,5.024241819216858,5.179917859806078,5.380487807078877,5.110771200096256,5.727906871619162,122
56,5.187628573969855,5.0710334523612834,5.2109149826043435,5.345423039405284,5.031677114279403,5.183752394746025,5.366820511939123,5.1225374110131145,5.727519480165265,122
57,5.200203673536714,5.079354780965509,5.226440518636818,5.3215863513728845,5.030875453176351,5.182185758176396,5.359682069570078,5.1401149745267025,5.733812583090777,122
58,5.21832757160111,5.080167280025509,5.2297816581519285,5.299363735049698,5.029498877367901,5.18322235448547,5.349105107915981,5.1454960700928325,5.730869800179113,122
59,5.23606848762607,5.071684989392006,5.232060993363433,5.286942778569426,5.029936970190183,5.190552796652632,5.349410542646208,5.154520590929208,5.736735698300335,122
60,5.251822571688984,5.0700170201846735,5.218253290327394,5.269836767252401,5.0235544827408845,5.20124690231721,5.342615901435845,5.157427358878011,5.743417802729219,122
61,5.272531401580316,5.067072200497356,5.211685456234248,5.253107211623056,5.023221295748733,5.209722044069034,5.33536161268532,5.161630493610203,5.734277468319628,122
62,5.305545406370347,5.0712212859125385,5.203786659481349,5.231225127196445,5.015253963576372,5.216699414093454,5.345576773285541,5.170262414640151,5.751546201748542,122
63,5.3348800874846125,5.077991257743098,5.201797722169873,5.207482033860889,5.005560193237367,5.226612483418927,5.352856895867893,5.184843693331959,5.7557937619024,122
64,5.359785777350975,5.085539845157013,5.197680995165777,5.1801605788130205,5.001827767622225,5.2368016279347795,5.363931475098832,5.190260879933892,5.747952772934554,122
65,5.381236198693331,5.104549944676727,5.181692970563316,5.169815826533895,4.997455919789124,5.251658573349548,5.361702192778822,5.204220318783478,5.756748800349033,122
66,5.399345774842922,5.122087910662513,5.168824580604175,5.166349930819377,4.997383462918901,5.2650559867344615,5.370387039295268,5.223019220453523,5.732920172588073,122
67,5.411079719129778,5.137220562370164,5.157130463789175,5.172612241670699,4.9982090429995765,5.269598385034085,5.364485824538752,5.245892150567298,5.754468142823761,122
68,5.424264190531463,5.157531384889387,5.155373947126853,5.185188024404164,5.001310593317837,5.272933139484025,5.372719038531816,5.27012684279937,5.755125975689483,122
69,5.4291106824161455,5.172031868653874,5.162039949347602,5.201003310131951,5.015958362373132,5.2877885505523325,5.3727647472912015,5.291655518652,5.756197260099547,122
70,5.425550555171539,5.184330890563899,5.166953839824755,5.218674402368296,5.025741413996602,5.305576447608519,5.360976841622517,5.29721335874321,5.759495492210112,122
71,5.4253918432714325,5.1922345058630155,5.166379395481701,5.233538256981927,5.02619699901572,5.316945253505973,5.339556736697018,5.3004340807323524,5.7537664425777475,122
72,5.42310909871659,5.20072809902579,5.173661251623799,5.252458030009359,5.02342435607406,5.329148941397036,5.31336242832241,5.311807616811543,5.749660813656056,122
73,5.412082886461192,5.2065983661135276,5.183689501995043,5.270123026160804,5.017293715867624,5.338776996908026,5.291837782036651,5.3133847146005175,5.764238536756058,122
74,5.392520075652434,5.208063315466941,5.192998875736041,5.280095726653489,4.9963431580612205,5.344302987729942,5.272324782567057,5.319153459076702,5.75680445370203,122
75,5.380699139426274,5.2152424312163665,5.201144930535727,5.275076487535282,4.979182874236223,5.34994708933029,5.259927669383873,5.315396974132805,5.75882929259751,122
76,5.36933859136595,5.216905570832068,5.211861225072422,5.272590632079327,4.953751503828108,5.35003130184765,5.233531745234457,5.306590513698293,5.760377825523835,122
77,5.349453203121297,5.222741381836115,5.218002847791473,5.268612168488437,4.924716674703228,5.355325828856487,5.217612309266453,5.298432935451771,5.769701027272702,122
78,5.324157832633336,5.227523768407263,5.22646589879413,5.269298664818787,4.89612688897721,5.355575433700523,5.202616229560954,5.304697957908668,5.765617142949199,122
79,5.308492371476295,5.224203131519475,5.246142883491866,5.275438971250849,4.879235863462087,5.352962181692072,5.196452159648199,5.302720930065572,5.770338446752866,122
80,5.284996448134667,5.214033956999881,5.2678382486463295,5.274578404821474,4.861246745154608,5.3472710387245,5.191933652590314,5.291184041335602,5.769011710591817,122
81,5.270966538498808,5.205906801202953,5.2891525238510795,5.26804131964204,4.847077536521741,5.338068028951126,5.19610860302084,5.281790266805113,5.7701568168546915,122
82,5.261635307542306,5.202675417087171,5.3124384926406565,5.270001939299612,4.84733659786307,5.31980321815948,5.1952621922454,5.2681540899160355,5.782987125711673,122
83,5.240402347274474,5.208512447052737,5.333328096179061,5.272204998449786,4.851664318111134,5.293587383153148,5.19068617062702,5.260594407164836,5.7739344853564125,122
84,5.221910012540865,5.2185001371353765,5.351916357737045,5.274359391192924,4.866434612959363,5.279529881666443,5.193620763594743,5.272213899165385,5.77609216634954,122
85,5.219861319207492,5.227438260520354,5.359936296472842,5.271223344523831,4.885017793658334,5.255700378741453,5.181897494462631,5.288674265674945,5.77933715217888,122
86,5.218835827385636,5.229764005914951,5.365334927198403,5.2694980916353025,4.914596972049536,5.240796188346443,5.176533606173019,5.2987395506664825,5.788610218649974,122
87,5.218697528554737,5.231559203956552,5.358641792066267,5.265290372709457,4.9416603592591,5.234279824131986,5.16772198902888,5.312980096753987,5.792443488116503,122
88,5.235615789471525,5.242187928548405,5.346528331831403,5.265485611988291,4.969581681374595,5.232662321735404,5.1579670211175905,5.324371293219844,5.78205756353124,122
89,5.256838660887683,5.253204325339103,5.332193328335717,5.265038786686171,5.002397414248247,5.23293714213889,5.149093545774708,5.339454185303757,5.787382308255688,122
90,5.282591622028822,5.269890196100876,5.322273542361152,5.254419243037882,5.023333414568602,5.2341993621703,5.137227115445727,5.359109382940465,5.785828516827654,122
91,5.315245003981076,5.281288034876663,5.307254411838819,5.250825259158043,5.040223848800073,5.246692356560662,5.128877304057891,5.377337443887647,5.7927040698899654,122
92,5.343363645282155,5.287097038323568,5.287098929949994,5.2378806842618655,5.055585140654775,5.251851031943778,5.110815308742173,5.389092667456523,5.784887967970494,122
93,5.3690854877398895,5.288794477368112,5.275781941019788,5.230607445194501,5.063401449498458,5.255756566660575,5.103513580884055,5.3933626364675975,5.7946479373186035,122
94,5.399604083694022,5.2893712597396405,5.2630997002650215,5.220640500306233,5.071164828995126,5.253745012117016,5.087234546588377,5.396318619786882,5.798162794866719,122
95,5.427144415904812,5.303345550088892,5.251370554229464,5.213636311599124,5.080228888028376,5.233891804635336,5.070778438539218,5.388932711028683,5.796136461807874,122
96,5.447417376847159,5.313893412507666,5.238536676635431,5.202769586629117,5.08927915835478,5.211416958320361,5.057553143965035,5.378955369961082,5.793406603326235,122
97,5.462170986312295,5.315986401649044,5.241455096497474,5.186777766522827,5.0906770038596125,5.19193413215625,5.038821349469114,5.361154442597954,5.802728530721812,122
98,5.4698421318722925,5.304715729392835,5.232146532104826,5.179375688154397,5.102955212158361,5.174811405726892,5.027372594075077,5.337404499805629,5.794322118693471,122
99,5.478802286629214,5.290754285451491,5.23276119822434,5.170131862702073,5.106391433136679,5.15573112251331,5.015679774756858,5.31257977646787,5.800152156268375,122
100,5.4884396323311835,5.2766761671941875,5.237207665913673,5.168555438495759,5.1065000998964125,5.135224076481083,5.014526051456029,5.281901474192193,5.796289007805248,122
101,5.492552798585664,5.262089762708972,5.2398760534941164,5.164746875972639,5.110039805083721,5.116212333679806,5.011818268361759,5.25923953793364,5.803204261493633,122
102,5.4927051853075595,5.255937390301619,5.233820661160756,5.153782836113416,5.104379844998478,5.10077050558694,5.0134550149222985,5.240642658490378,5.805966780809726,122
103,5.49010553270019,5.2431905061917075,5.23209653386981,5.13743748548089,5.095464702721073,5.098451205023653,5.012925942592771,5.230375272151915,5.8095646129980985,122
104,5.479966778698948,5.224125729783844,5.243033053084949,5.1286655458966965,5.080930345280225,5.09461858930091,5.003756370462469,5.230565856444761,5.81360230964035,122
105,5.473325144200553,5.20998708284478,5.237258255028966,5.1229220373870366,5.0777532288764125,5.096368781788121,4.997878251753165,5.232694519263546,5.806955577189324,122
106,5.464515424224495,5.2007097360329455,5.2333252844623805,5.113475183873563,5.068145364152701,5.100763100073607,4.989263681015297,5.2365283300462035,5.80329029328187,122
107,5.45383446396162,5.184008532886847,5.22651453379219,5.1018044732432415,5.05774840161963,5.106652209763892,4.9796307329029155,5.235413560631224,5.8130461525942225,122
108,5.443470105822021,5.162082116221029,5.218815846415834,5.086796751962251,5.041264772169753,5.1046878498200945,4.970086327189427,5.241856964390537,5.81163545021876,122
109,5.43404711961797,5.146874686598259,5.202643039070926,5.082066909492612,5.0164187243074085,5.106636611594816,4.964604417841188,5.240697280685332,5.820361112100784,122
110,5.418646691629759,5.130467918103841,5.181105732272466,5.085288464200472,4.99489418054617,5.10113451425416,4.950835093964429,5.235356410747781,5.8099678861443085,122
111,5.3927374411499835,5.112215426077673,5.15291548030979,5.09719977987678,4.971694758461237,5.093676290500734,4.938978189931876,5.224870841658368,5.8146250394333405,122
112,5.373435572820591,5.1061155950116905,5.113599466736565,5.111640270594411,4.96202746171842,5.093905891821018,4.929871205084241,5.2125136942544,5.8255199221740215,122
113,5.350998850010561,5.096587974678832,5.082514568503693,5.127381077614313,4.952403277004202,5.091947789688438,4.9128299019260755,5.201096819351146,5.819300443617982,122
114,5.338188399853665,5.085226667816472,5.0571830842937,5.145398191536815,4.942948285037163,5.09102201923672,4.898232023431979,5.195519253616812,5.810019245617381,122
115,5.330440129595184,5.087602708099581,5.033766319418362,5.163851727663187,4.943083495451717,5.086381071118624,4.880723881136975,5.197151952077464,5.827114381265322,122
116,5.319570857884362,5.095256106756117,5.010720635334511,5.18131041478191,4.941688822980991,5.095257596335387,4.858158228093399,5.18250041192124,5.828907425634391,122
117,5.319511700530246,5.095860134700117,5.002995767805316,5.196360500883461,4.948578523765394,5.1007241723971655,4.8270097652486985,5.169427972652825,5.828553345258633,122
118,5.314941412760576,5.094552012346726,5.003828009134807,5.201824330082107,4.959253790202976,5.111236764295223,4.808047820690332,5.167996121109625,5.833257338062042,122
119,4.655798014960688,4.4586809119983855,4.381800108256618,4.555837577310671,4.3516691989661656,4.479412362878709,4.195922495510058,4.5247777026904075,5.827216249791356,122
120,3.9969470825401094,3.818581788726671,3.761936576758438,3.906054036567567,3.735269918811316,3.842212979613191,3.5889598339174538,3.8797918874280963,5.831599780398351,122
121,3.3383978339048785,3.1804225292955257,3.1376990688325175,3.257456040842868,3.1100329629443024,3.2035806739410813,2.9875927438363363,3.2337866462034652,5.8320030208690365,122
122,2.620823908305987,2.523086087891391,2.4456042921794863,2.630431584013942,2.510133066364717,2.555796539631214,2.3706229827899428,2.5754422473703733,5.840575511709425,122
123,2.763588956052945,2.6646362144518685,2.5844311461647647,2.7766897749203565,2.652635490695352,2.6958170192201854,2.5021192491495143,2.7177161386457005,5.834866127377649,122
124,2.906515350974087,2.8057938201702246,2.724089616005547,2.9218651544201015,2.7938834679913915,2.83721168678229,2.6336101354026704,2.85974568927037,5.835170933020415,122
125,3.0485546736989,2.9455677681009367,2.8646375697667903,3.066716315226474,2.9345300455650962,2.979607272084552,2.766013307013597,3.000634130103819,5.834878820209117,122
126,3.1912073412350015,3.084753523439966,3.004026231945778,3.21211205323244,3.0756302357866536,3.1206943621487335,2.899228250190717,3.14038286854165,5.845346099886096,122
127,3.3330895537893923,3.2245612262310304,3.142507589828297,3.3569194267786147,3.217316688135747,3.2616198960969034,3.0330575302146774,3.277694146433667,5.843983447502116,122
128,3.474832847764393,3.365043445649432,3.282241992460503,3.501494256127941,3.3580506818559313,3.400240231046097,3.166501534129162,3.4161286501599415,5.843610384072887,122
129,3.6151003956623686,3.50574548076544,3.421903956980964,3.6455684073194026,3.50013738886675,3.5365039350481755,3.3000596742664574,3.5539318722270385,5.844600994208087,122
130,3.7552314136781098,3.645687726616907,3.560373290365099,3.7892928111197173,3.6421012772615637,3.6730531270751627,3.4341860602001066,3.691695862796533,5.844418946259092,122
131,3.8955121393645777,3.7843028960478575,3.6991834877617187,3.934228010917071,3.7821321753747,3.808919800556975,3.5676129176972955,3.8303477733393905,5.835824225725129,122
132,4.035414652844022,3.9238712650451655,3.8368585447904433,4.078407930702195,3.922183352138252,3.9445727376003323,3.7025337020087132,3.9702545082717173,5.838392271011304,122
133,4.176010499857639,4.064635716907179,3.974977062595424,4.221516112536487,4.062515388505909,4.078939951427323,3.838955968788298,4.11173686753545,5.846093456694524,122
134,4.316241090699499,4.204918334582792,4.1155928560861685,4.362328594234583,4.204418701500874,4.212480346855356,3.976783004620226,4.251988890357427,5.847317791426741,122
135,4.457230655275451,4.344507419475294,4.256643144806295,4.503706268389884,4.347838654806324,4.3467458275623425,4.1140348086294,4.391919426179388,5.851510680860688,122
136,4.599083524257564,4.483344500640763,4.397272805750644,4.644213497279625,4.489821191527751,4.482175333468039,4.25169847031352,4.532323425539291,5.860685092994213,122
137,4.738825254752443,4.624171226813568,4.538638641873578,4.784513933832663,4.630701876566045,4.618730134480814,4.389626525504984,4.6728009543045275,5.853599130212235,122
138,4.878596042631307,4.763919357124413,4.679703693904399,4.924655683026867,4.770576874125975,4.753055532690931,4.526406928314931,4.8140994175261955,5.8615000696716875,122
139,5.016955848437194,4.904367428108263,4.820714990503087,5.063666718825458,4.909575339140668,4.887681312618593,4.664224463361809,4.9562359104816025,5.8551784866906305,122
140,5.156269161049662,5.04645413060347,4.960376235048864,5.20286273231786,5.0494549893809975,5.020754131862143,4.801240404802109,5.096379081395979,5.850917085591082,122
141,5.148000239811905,5.048399071748072,4.96174822831645,5.198046665075498,5.0513681343540675,5.014540848039161,4.804618722105279,5.092418284667205,5.855468558273143,122
142,5.1430736110893935,5.048970033386698,4.964192813072183,5.192595763601403,5.055724223222668,5.008973564829825,4.811241414023367,5.086191902262379,5.859825669839072,122
143,5.138582750539937,5.051109020593212,4.967671358271204,5.188994812662282,5.059297248159333,5.004854044371873,4.819475044526126,5.078366711061318,5.863049287069345,122
144,5.134111510762079,5.052576798893919,4.97316935473024,5.185112799222357,5.061946529917012,5.000234578057861,4.827801362229482,5.074787831321981,5.863145687473623,122
145,5.128485363250863,5.053845331786789,4.977964694558264,5.183741982787327,5.066918391389913,4.9960284088294635,4.835476128587933,5.067576635070765,5.865460411025289,122
146,5.1220404093632075,5.060271605552865,4.982759741700802,5.183305766213381,5.07044513189007,4.991211331127435,4.844441501409156,5.061338805003448,5.85652078193152,122
147,5.112105433319835,5.065946139561275,4.989636587370578,5.182377748343454,5.074816958093674,4.9866402679884825,4.855030999380893,5.056007085480291,5.8594404803907585,122
148,5.104692723456583,5.0711493233070355,4.9958814750057545,5.181579702547097,5.078714085986566,4.980122157936898,4.865158828889925,5.049679457931262,5.867272150846167,122
149,5.09888280049188,5.077039482022804,5.003109432111588,5.17818225208887,5.0840460472326505,4.974230332750737,4.8764553404540525,5.041319947645706,5.858212688936285,122
150,5.093356396658493,5.083837395908859,5.010781890767769,5.1753817947512335,5.088757007455978,4.968592556377917,4.886759521512514,5.034401674057431,5.867444472751881,122
151,5.087277569795905,5.088285625207345,5.0193056245415075,5.172966950156718,5.094121496427222,4.962893215733898,4.89836281302825,5.025443012244663,5.870032331753655,122
152,5.081024663570576,5.093657552355101,5.026072417332485,5.170483523571418,5.102021924609452,4.957109886405032,4.90748964935173,5.0149607206969815,5.873591394707699,122
153,5.075912889374213,5.098261142093686,5.032032999493428,5.165861717028886,5.108859258899123,4.9515478823551025,4.915970961652045,5.005136606808151,5.867002731709628,122
154,5.071367874297383,5.103170106649312,5.039159546930007,5.160939309609098,5.115329828159151,4.947691233365766,4.92512160877277,4.99759342869048,5.8753255222805105,122
155,5.068106677771686,5.106867153134764,5.047335202998573,5.154229235076599,5.12236150655546,4.943653178548722,4.932072437833455,4.9908126759393845,5.882579027253563,122
156,5.063637775500239,5.110186871366821,5.052520580625372,5.145038835741514,5.127680517534753,4.939153143576689,4.939020770425207,4.985484838207205,5.881975188295985,122
157,5.060645034574788,5.1111762308169375,5.055377708036154,5.136835638541649,5.133808298230731,4.935072398375846,4.945202091210138,4.981541036512538,5.874939632860754,122
158,5.05792451584038,5.113576667026151,5.058879943485014,5.130796041887263,5.140779289445806,4.932256229193231,4.951240732323127,4.9771545113111895,5.876691898237968,122
159,5.055703219655195,5.115400158653896,5.06001771797027,5.125095161010542,5.1464696861337185,4.92780332173823,4.959108863937891,4.973285154747623,5.880370191382079,122
160,5.0533185456280565,5.117536430180579,5.060499238244681,5.121949062038423,5.151918161526144,4.9218759727529235,4.9670835835112435,4.9703774136101755,5.877502409004514,122
161,5.052006880201847,5.121931726428724,5.0624296522243615,5.119374474862982,5.157907509519767,4.914937530997907,4.971930858663674,4.9681625787107855,5.889400681659366,122
162,5.048848737852403,5.126993959594077,5.0654484947051195,5.115468583726836,5.162770501913497,4.908786004971166,4.976694738041136,4.965761089462568,5.873088575914703,122
163,5.046917940604269,5.130997873996591,5.068440796901243,5.112000832900147,5.167369070037312,4.903374245959342,4.97939104882557,4.967486467761068,5.8820538378276,122
164,5.044345917472553,5.1344813514086205,5.069899907803047,5.106941765834257,5.1727784611716,4.9014569182886785,4.983611537785677,4.9682704555156825,5.884371146981179,122
165,5.0447926286673805,5.137799807648326,5.071706709059326,5.102614393071482,5.177193546486659,4.901731749257522,4.988380125945529,4.970774571900531,5.883151622253923,122
166,5.046215884132965,5.1419234467419175,5.074124557421756,5.098629744332772,5.180757650118388,4.901826226686629,4.993092960487913,4.973493081698773,5.884385651291326,122
167,5.048670883535166,5.14647105967035,5.075113682726571,5.091855816169734,5.185264545754428,4.9044560706226275,4.999143238153959,4.9743926776988765,5.892211062273364,122
168,5.053111290139273,5.149810735766576,5.077901751016702,5.086518155885515,5.189563536906989,4.907398711789981,5.003726821350018,4.974291857500461,5.8910152737917425,122
169,5.057404541416722,5.152536293759187,5.080210567542075,5.08173218093922,5.192951286728162,4.912540732659957,5.006815087058428,4.97448969924973,5.893795549718633,122
170,5.0612504186291245,5.154645341961675,5.08043634515794,5.0791479809876465,5.193418801481159,4.919002036696112,5.008447785661531,4.974590751329548,5.880140128283027,122
171,5.0652980449818354,5.15687834875097,5.079921889023799,5.075530195541945,5.190726394543919,4.925120707611259,5.011305903454691,4.97482949372561,5.8907063664995025,122
172,5.0692772330324765,5.16024499731775,5.080204294403543,5.071889506733555,5.190530689248039,4.931082388146633,5.014716944888439,4.974712999487503,5.889709555559655,122
173,5.074205762974293,5.161507497014956,5.07957943487804,5.068084976406032,5.192553414471051,4.936815669457146,5.017473309505736,4.972828449716299,5.899431987952885,122
174,5.078819189384443,5.162604492504906,5.078806462178157,5.063839328414787,5.195437526739423,4.944242654774369,5.022294255266197,4.970633028716047,5.895117410785418,122
175,5.083279019447405,5.163514106524488,5.07736135128714,5.062717115004158,5.200401689434201,4.951248717640556,5.027717011200482,4.968037848192855,5.895867118873455,122
176,5.0861731259462,5.162760283083609,5.078604876305455,5.062276655921755,5.204135567594962,4.959333529964083,5.031956820920114,4.9686158009247965,5.897292771021589,122
177,5.0882578888064,5.1614218804989305,5.080385575135214,5.060991999520801,5.206296651535551,4.9648122610139644,5.036732262876014,4.970221309889489,5.899079166379647,122
178,5.088779566715184,5.161338995347958,5.082722980418151,5.058963536514805,5.206917778431876,4.971446649092176,5.040397174906268,4.9720381674379315,5.8984559733638315,122
179,5.0893333945991275,5.159994132596613,5.084162382994681,5.056072081776832,5.206922345042857,4.9787255601772475,5.044037958880377,4.975388175807025,5.894202072346898,122
180,5.090884171225594,5.158791177794376,5.08570489376654,5.054038723560444,5.207854588030928,4.983909971616891,5.0465746628058525,4.976317343069097,5.897469013660306,122
181,5.092502234416061,5.156994423702914,5.086736763958072,5.050511363041311,5.206438687408484,4.990490389692738,5.047962286590028,4.979348607098249,5.89551363062534,122
182,5.097052078576319,5.152868041311528,5.088348456205051,5.045425445193034,5.207006153262655,4.998590179378337,5.0495183365221585,4.980936200006945,5.897604346327479,122
183,5.104212400264178,5.147213629990875,5.088527452242131,5.040498537991722,5.207919641739595,5.004726609427566,5.0490075200257625,4.981578683579507,5.8944687071271495,122
184,5.110996670277425,5.143542352416767,5.089295289532673,5.036556487932675,5.207019212598,5.0119401804628065,5.048719179454092,4.983324464171946,5.897199134310277,122
185,5.11753716706531,5.141697206066462,5.089698257918499,5.035711654935041,5.20500429506283,5.019131199197887,5.047188718402138,4.9849649874370865,5.8968933300469875,122
186,5.122583031652565,5.139536156687497,5.089119609752179,5.034617995952454,5.202990349790153,5.0261495748802245,5.046724548897272,4.985779525779019,5.9031900912221325,122
187,5.127223533280725,5.13854411998359,5.088417746573908,5.03256677851246,5.199063795251063,5.033511205387722,5.0464666851929305,4.989015635630331,5.9068039959141165,122
188,5.132212395421216,5.13562224013682,5.088387147601175,5.033785962509712,5.193644532848361,5.039904690233151,5.047933308883367,4.992959733121266,5.90785513174176,122
189,5.136954888348618,5.1333812297689665,5.088141549380955,5.0355957139378145,5.189070655639186,5.048465011629313,5.051089894501804,4.996187835784559,5.9039322504716605,122
190,5.141658059472022,5.130686353525215,5.087900016012021,5.0370281459906305,5.183831732734403,5.055464560867759,5.055434578902387,4.99809911780398,5.907347013337547,122
191,5.146679158013631,5.1284026844730946,5.087683893602584,5.0402866068392695,5.176995688954511,5.0619573545867125,5.059556964826588,4.998977883156884,5.913412464840986,122
192,5.151984085673477,5.126260555952298,5.089547745710435,5.042819856577609,5.1691062892264785,5.069865778950685,5.064460444550472,4.999234773745155,5.911242610720663,122
193,5.156692353403168,5.124969826872425,5.093232056238918,5.043697898181614,5.159631657441965,5.077999616824339,5.070897603802452,4.9996616302016434,5.908515535472879,122
194,5.159462998683368,5.12287089184144,5.095023341458467,5.04353180749893,5.149111949499491,5.08704776484155,5.0777891638889,5.000599632300646,5.910437660530388,122
195,5.162354654464657,5.121106579977992,5.0983601782738965,5.041894183424347,5.13840481360209,5.096901791567991,5.083304155383523,5.000877661978482,5.911225051981748,122
196,5.165448270927414,5.118235801456265,5.102034440527193,5.041186772035002,5.129830518438238,5.106109641833262,5.087558776276975,5.000700542491966,5.912613945808529,122
197,5.167620768401056,5.113942820725036,5.102833333594514,5.040551178740047,5.121267033750334,5.114575504033295,5.094966801979288,5.000829740179327,5.912876877615144,122
198,5.171704817488065,5.1103023255830875,5.10290271998466,5.03959777921124,5.112828891787881,5.123726521007691,5.101019107121537,5.00247168289293,5.917458221762577,122
199,5.176541383578481,5.10586277149146,5.103618792639782,5.039223501382221,5.102361773409697,5.13358807418186,5.107818023746912,5.002485643429721,5.917117371332723,122
200,5.182389807322281,5.10234340417028,5.103994350916071,5.040574291990862,5.090097805625917,5.1429981398051,5.113921571747896,5.001764539545304,5.914631522609596,122
201,5.188134602401685,5.100393920260355,5.103761107020589,5.0407906780411125,5.077991104157974,5.151947578892061,5.11913670288123,5.000606641669666,5.916252945103129,122
202,5.193113587730185,5.09790887236885,5.105801796525081,5.041243722942478,5.067514473702392,5.161194437572322,5.124300618729849,4.999124897592079,5.913430002582869,122
203,5.197643458699998,5.096468678814818,5.110199872399988,5.043003110914581,5.058382403308812,5.168714337084539,5.129705080645954,4.99692752062288,5.9118264876579785,122
204,5.200916034141352,5.097420955289904,5.114488814650372,5.045292425709571,5.050727416108505,5.176061553739304,5.134115525384759,4.994672232477365,5.919203974233931,122
205,5.2028934072944555,5.098661372024337,5.118405770728829,5.047092920400864,5.043049772238724,5.181955658883746,5.137945845759164,4.9901789229588625,5.925360492354711,122
206,5.205638058363041,5.10097995342333,5.121144869433914,5.050006552971855,5.037220681169916,5.1879507667504345,5.141767577878618,4.9875082289685135,5.911645490749471,122
207,5.20817897129675,5.1043127721290675,5.122542465146819,5.052626718691558,5.033616829754248,5.192651589120693,5.145278665281726,4.985346235748353,5.918731729458837,122
208,5.208911639577647,5.106515422958548,5.123247653099269,5.055598693937998,5.027755876331241,5.196349471732944,5.148848401806122,4.984694957284166,5.916518525171057,122
209,5.209670739171079,5.108204713152995,5.124688360492042,5.058975084064299,5.019971439172626,5.199237298214613,5.1533996803134325,4.985736199418778,5.909260938363977,122
210,5.210297935989718,5.1123111336716,5.127782700171794,5.062693984938059,5.0115763824126205,5.202914119891802,5.156850951862441,4.986717593729271,5.936633024825431,122
211,5.213151104985037,5.115567303875393,5.129837092027617,5.065256276221678,5.002702547310948,5.206305002628734,5.159270398357061,4.986652077939423,5.92421729269135,122
212,5.216748602989503,5.1199203775333855,5.130178884496864,5.067943962001717,4.993856818259809,5.210319318373198,5.163851398476718,4.986301457554417,5.923280320248955,122
213,5.219907789904244,5.123028885595922,5.131221095075682,5.070021893425835,4.986930427523747,5.214595336486344,5.16811710501147,4.986036666112165,5.917757391111671,122
214,5.221184395867539,5.124824826790372,5.131075748490931,5.072563001189998,4.980814601516654,5.217553468765902,5.172208482219981,4.9857785799869925,5.9255927405766915,122
215,5.223583673470433,5.125801724895091,5.130557457612648,5.075408359188371,4.974711402441663,5.219567244591706,5.175080745634553,4.985956933029272,5.928803032100034,122
216,5.224305508859413,5.126582496287972,5.130970368379984,5.076398109414722,4.969355566526735,5.2213597377916825,5.177866914057187,4.987100709361945,5.932592943278185,122
217,5.226806131725258,5.129441135409625,5.132009124594775,5.077887444250388,4.962528266314587,5.221805431669608,5.18116387304347,4.989093552108098,5.924953125691307,122
218,5.228238904698584,5.132801734388826,5.133749922703079,5.0800913326958135,4.95653163507132,5.221491392430861,5.1819073900048656,4.993113990910352,5.936461425737539,122
219,5.2286228344725565,5.1367668426539534,5.13311546414174,5.079139787779349,4.951057886276896,5.218007416669081,5.184040763301679,4.997190468590778,5.936638246930545,122
220,5.227259221653762,5.138939554156837,5.132163753744958,5.077196918030603,4.947443369203133,5.212733680377487,5.185163749201367,4.999816986267146,5.927365489504651,122
221,5.225344352457819,5.138920146873204,5.130667049331214,5.074533859822402,4.9431329391076755,5.207059993447235,5.186633115729425,5.002567597337311,5.928395083391074,122
222,5.223094644226352,5.138287411320198,5.129182210089149,5.072354161556889,4.937552749887109,5.202576034810631,5.187433663364276,5.006715387063959,5.929217862315626,122
223,5.221481633203856,5.137566204455837,5.126289446349617,5.069952509925436,4.932339435799628,5.1976169169021835,5.186797690405461,5.010739833877896,5.937583785847971,122
224,5.219500541571241,5.138033565457151,5.123476333580861,5.0663441577069595,4.926879786159169,5.1933218010057125,5.186670141554308,5.016411786057329,5.930557957472592,122
225,5.217390512144159,5.138712003443606,5.121648692325088,5.064548575800048,4.921787675081982,5.187863787475635,5.186151334301185,5.022440066397803,5.928755840405381,122
226,5.2158517253311505,5.1396826847409915,5.1203570069977795,5.064311998928437,4.916783213196577,5.182657834893762,5.184168213739031,5.027931626306914,5.925043786606629,122
227,5.215179908171214,5.141332605397257,5.117493880446974,5.063213280623151,4.9120711045107175,5.178489678345047,5.182913983546616,5.033768893726515,5.933959740500081,122
228,5.214379947626971,5.142384208797926,5.114624364863842,5.06410250065241,4.908878466281144,5.173585768661676,5.180310369942566,5.038732780717524,5.933043577588289,122
229,5.212269972426028,5.142827504681372,5.1101929622523725,5.065273815307663,4.907414119789542,5.1687510540814525,5.176265137678724,5.043834716690357,5.93806158653562,122
230,5.211013989287465,5.142936764856897,5.105925892665555,5.066780230840669,4.906506911066245,5.16299744964146,5.171286600541999,5.048499268517526,5.936823922449917,122
231,5.208744828538344,5.141660496801103,5.10184205161101,5.068585153494931,4.9056267094642925,5.156718140378022,5.16714093797893,5.052159438823274,5.938400499708593,122
232,5.205511260767046,5.141426834134856,5.0979666246575075,5.067399288746664,4.903949787480547,5.150275123510289,5.162662906894755,5.056152908982421,5.940198821271747,122
233,5.20202366907405,5.14237274155482,5.095032013683058,5.066125948370832,4.902501009958185,5.142823043320291,5.156809280317525,5.059931867555555,5.9383768482074375,122
234,5.196551703005046,5.1423726489428905,5.093781793583978,5.066387063928387,4.9016023444784125,5.13455488876564,5.151575247721514,5.063705832241925,5.943570642645803,122
235,5.189728137366867,5.14376005613136,5.09186635948431,5.0667821257455845,4.902326909846854,5.1248749091088985,5.146733025320173,5.06739246700433,5.94530097859754,122
236,5.182529022822898,5.14394478614328,5.091514403492393,5.0671608710452505,4.9049048134311555,5.115319245591767,5.141174482863189,5.071830369979832,5.943386317497179,122
237,5.172480875354076,5.143384722104662,5.091809316361871,5.067692631754365,4.907253868875165,5.106623058062043,5.13549711614991,5.075474154546278,5.9404841229399965,122
238,5.16296699952831,5.143724907134272,5.090563320426322,5.0681635774866045,4.907327405215842,5.09645668324946,5.129163967222693,5.078926216125414,5.940898322644742,122
239,5.153654611709427,5.142463888047949,5.087448483995956,5.066274813159003,4.907214412436194,5.0870919654559135,5.121737564343439,5.083477885930941,5.943759247830374,122
240,5.143968475831528,5.139636563344229,5.083563041404672,5.063472886032013,4.90783412811213,5.078600054402109,5.1161736002745055,5.087841468572005,5.940767345108865,122
241,5.135710319878122,5.136815447862855,5.079564455956585,5.061453973331014,4.909163110049762,5.071210558683866,5.110587793568103,5.093016080617488,5.942881223099094,122
242,5.128022618840505,5.1339206505428745,5.0772697931573365,5.057616275962598,4.911223638200157,5.063396356930009,5.104906110385906,5.098078088796813,5.952170174678274,122
243,5.1187028203617375,5.131435223108017,5.076453606711695,5.05631102763623,4.912607883822915,5.056821253263265,5.099553133529657,5.103859669669859,5.941844666173423,122
244,5.110104710943711,5.130955153891302,5.075847659773266,5.0552916576555385,4.915470999483222,5.0512500819270905,5.093147097789554,5.10836515792576,5.944018555219607,122
245,5.10180124112507,5.1309475288134045,5.074888020753232,5.054483298296965,4.918353732597099,5.04600773481391,5.086036305011428,5.112405141197921,5.9506985830020325,122
246,5.093971751949723,5.130041630537991,5.071287392157914,5.053424340059348,4.922062192894814,5.04055344477014,5.079998113472364,5.114992521442127,5.945388364691516,122
247,5.086432258773627,5.1292873722718335,5.070025426602115,5.052647841764708,4.925262467401957,5.03528924655052,5.072794202269325,5.117769315736906,5.950073964000391,122
248,5.078359016431381,5.126157028677792,5.069475891830097,5.050193139340724,4.927675657430591,5.030200602867905,5.065414100985796,5.120367003656437,5.951036492678581,122
249,5.070512030586563,5.123388982403933,5.067714767426629,5.048992324809562,4.930154165776464,5.024170728823964,5.057282226636837,5.1226895445968665,5.941803647423251,122
250,5.063592060492377,5.120713568111169,5.066195659629699,5.0474602011820195,4.931690170712692,5.019010092782773,5.049611417169771,5.125601775064098,5.941517307677811,122
251,5.05511525349403,5.119894750089582,5.0654972099093545,5.045867120631427,4.934373335764937,5.012710275744453,5.043034637770541,5.127383107397727,5.95296029141284,122
252,5.046734750788328,5.120019465099135,5.062548931513999,5.045786543593253,4.9364160353031385,5.00650209127096,5.0364202460876495,5.130532704758617,5.961495153271111,122
253,5.037528469624098,5.1178619703853165,5.058264359961195,5.044933539134819,4.939382776273868,5.0017094045587935,5.029070799307951,5.1320479282964735,5.950444702486133,122
254,5.02883978937542,5.11568298388342,5.053035257763423,5.04427109025184,4.94134207371946,4.997604859222139,5.023884504390862,5.133027868085653,5.949593582132157,122
255,5.019689653109813,5.113126941845139,5.0489790185939984,5.045585505089684,4.942178507955127,4.996899085977928,5.019762649248191,5.134293380620402,5.945959540207672,122
256,5.012498998676158,5.110262040988755,5.046219255239805,5.048257094662926,4.943162535295453,4.995795610147215,5.01600486199032,5.137472081534079,5.9464119274938065,122
257,5.006832269693479,5.106966630526339,5.043611667873969,5.051839950651762,4.944500046662293,4.995321574178474,5.01199346722845,5.139654316907972,5.9568656954951,122
258,5.002970120431188,5.1050406478210615,5.042120272687782,5.054749519166183,4.948503255617314,4.993000785054886,5.007027008153144,5.140166741545252,5.9501864616961235,122
259,4.99921281887733,5.102879677614804,5.040752569645286,5.056321392521272,4.954043775791844,4.991222364508378,5.002242270283606,5.140128391504313,5.954586310784368,122
260,4.99563447064938,5.1001561196265115,5.039550538546869,5.058382884653646,4.958666881663616,4.990570596409151,4.996751346275861,5.139381266104628,5.956308879666782,122
261,4.991598161463223,5.097490476269651,5.038978628968617,5.059093478442889,4.9626225287826955,4.989725941404268,4.990456693025669,5.1389191892130395,5.960889474017965,122
262,4.988050556542614,5.094568263417051,5.0378015294833824,5.059757472128586,4.965560170416163,4.990086374960635,4.985101464250363,5.138566866723858,5.959310539167681,122
263,4.984250931570681,5.091751136595459,5.037945023020198,5.061043567405852,4.968050011700008,4.991092525457706,4.979366341550614,5.137778931273023,5.965847267115707,122
264,4.980034581282933,5.089096620747327,5.0363805088247755,5.062646768620684,4.970869989578974,4.99143484036337,4.974853457822502,5.13767570731719,5.954148640911793,122
265,4.977447562811712,5.08751097432285,5.036045274349896,5.065820737808082,4.973140149573782,4.990998789064948,4.970375278605759,5.136959548710299,5.952920174564753,122
266,4.975899727662766,5.086918380088557,5.03591258956642,5.068098093208306,4.976955511424336,4.989610563182265,4.966237077383331,5.135332861556687,5.95090789570618,122
267,4.976169688366841,5.087801947196462,5.035262888135063,5.070066268311512,4.981394593213215,4.989933449448209,4.961835792021299,5.135148864019126,5.960943110085316,122
268,4.977299720094722,5.0891728569822146,5.034844180291877,5.072458665909394,4.986540416098983,4.992132623415065,4.959557839777888,5.134259494740041,5.9563611756999695,122
269,4.980542025670074,5.091436582981084,5.035073012430122,5.0750710949963,4.992608788297143,4.99622449905133,4.95747866572504,5.133340799699867,5.960168160164099,122
270,4.984963207158555,5.094060401495189,5.034322230239136,5.077587097277159,4.998314239580067,5.001543091258291,4.955448180392549,5.131105402857427,5.965658187422547,122
271,4.989664163251431,5.097358166993981,5.035419511826763,5.079016687988258,5.004010766949039,5.0063829389557375,4.954236739781855,5.12882895765239,5.964687103622275,122
272,4.994453215623801,5.100612784143053,5.03604252724685,5.081408788368693,5.009919629713681,5.01097434122617,4.954367837679509,5.1259237860460125,5.96440307109764,122
273,5.001448300867013,5.104194659794247,5.036954254273232,5.084642936107469,5.014927075725751,5.016174478997582,4.955240342297421,5.1238404754569,5.9659046619729414,122
274,5.00752309317138,5.106686974404369,5.036533054691784,5.088090338636906,5.021818612450231,5.022689751883815,4.956905317805427,5.121889987875381,5.968956539767658,122
275,5.012623267092637,5.110452705287232,5.036914189040047,5.092903199070316,5.028572495603876,5.028142516803647,4.958732078079658,5.120385454259781,5.9677623038630045,122
276,5.017337567090056,5.113398628341745,5.0376444743372515,5.097413584803606,5.034253241165361,5.03238745428326,4.95976308413916,5.117988772395676,5.974070998037055,122
277,5.021900092402368,5.114998950511709,5.038789210800141,5.101949113014382,5.040786326729753,5.036179413598384,4.961523224534842,5.115847848587828,5.961319259871724,122
278,5.025424076437972,5.116555124514908,5.039091255769113,5.106915620709973,5.046290925806261,5.039122433364822,4.964098068074616,5.113160741139467,5.969274386558604,122
279,5.031308910762673,5.116565814257071,5.03967297987471,5.1104511771624885,5.051273969251114,5.0411421134948675,4.9658984065791305,5.1106060734956085,5.970861595575244,122
280,5.038047583321493,5.11493010889378,5.041570715519268,5.114046216300203,5.055697302900666,5.041534398682376,4.9680186449244985,5.108835557394116,5.963974638913341,122
281,5.046424805626321,5.112939834853336,5.043696573581461,5.117875604607961,5.060128416755608,5.041809601406602,4.970828560262273,5.107590518247482,5.963074345931023,122
282,5.05404954588311,5.110051321322557,5.047232654030548,5.1210803853716085,5.0635846436344085,5.041209175879699,4.9717111582603115,5.108180075792615,5.971603075058353,122
283,5.0611904928745615,5.107470412904408,5.050589719281083,5.1231621853726725,5.066193469778774,5.0401053202902695,4.973314126139044,5.1095828802123995,5.9655107567139405,122
284,5.067912141646735,5.106803671258781,5.053669810595011,5.124974013958051,5.068830410551388,5.038455915788473,4.973881556357663,5.11092901537797,5.975519594904826,122
285,5.0748749709792405,5.106577656380935,5.0572525636338,5.12540336600758,5.070171419737461,5.037797597070626,4.976398738392369,5.1124639598245984,5.963588043371523,122
286,5.081544413397232,5.1059484198791205,5.061937566052356,5.125085515600971,5.0724200601263005,5.035986910468957,4.979743368820673,5.113508489529059,5.974735690779441,122
287,5.089710451811358,5.105377375909336,5.067171571219507,5.123863773689552,5.073447655651769,5.034825816718169,4.981958900147889,5.114390715860542,5.969055094685122,122
288,5.098088883087181,5.10404168867996,5.0730243922401055,5.121769783800733,5.0747139181683965,5.034936389560745,4.984554112549256,5.115519285036894,5.976210372892872,122
289,5.107054585674411,5.104089199218754,5.078519089186697,5.1204537027896295,5.076143860421098,5.033465296538532,4.988096023824385,5.117264487038075,5.976633853596541,122
290,5.114897144212739,5.103975870599248,5.082928752259626,5.1192332369346785,5.078258693197757,5.032152421701752,4.9922034288931085,5.120055032489606,5.966413100408318,122
291,5.121950763943549,5.103246102145362,5.086890641621869,5.117896357359076,5.079934013255308,5.030054383604441,4.995471092798329,5.12226162413837,5.9730023642019825,122
292,5.127650106399207,5.104102221378948,5.091414343674632,5.115579847557443,5.081601196521493,5.028635911739283,4.999064111145301,5.123250230699943,5.975376278024554,122
293,5.132974882542926,5.10578686786266,5.095680656872947,5.113107898949954,5.082627055953608,5.028140243443779,5.003829552841063,5.1253624794071895,5.970600788960526,122
294,5.138432201909143,5.106885960298126,5.0983970065682485,5.110335043701427,5.0815452738530125,5.026327863948049,5.009951104153182,5.127572201326462,5.972686171123248,122
295,5.143380570004789,5.1081089736614995,5.102182347364477,5.108233846306856,5.080089597344305,5.024870413488659,5.015115366100301,5.130117248854896,5.964850573418007,122
296,5.148406260621856,5.110207074303313,5.106333704948495,5.107125843794852,5.080228451294132,5.022250138089951,5.020704037754508,5.1325366024333,5.9698333335938205,122
297,5.153756865310362,5.111955256353129,5.109742850238817,5.107136383122842,5.080713005874658,5.018077837517225,5.025712004909541,5.1344535608261825,5.971578741396317,122
298,5.158395910016148,5.113322219148289,5.112835667234894,5.106904047446584,5.0817715063184945,5.014191201654867,5.028982728509501,5.136033653436781,5.975906996148761,122
299,5.164572222996277,5.115244104637986,5.115551994397921,5.106257231857963,5.0815738369842585,5.010294989162517,5.034127241316407,5.137300574670651,5.970611383976435,122
300,5.171215770620657,5.118417354846354,5.118862791454466,5.10515870430066,5.080566534386032,5.007616214336245,5.038809952372155,5.138549829707652,5.974465054315816,122
301,5.175942765252719,5.120194505367005,5.121432879441267,5.103478390530739,5.078437801584722,5.005249696438806,5.044290277349739,5.139351901721399,5.979557627097247,122
302,5.180236256306889,5.12177339997988,5.125107136472208,5.100260730062718,5.075420682472966,5.0035235681749475,5.049791545023144,5.140246080071337,5.979116704306816,122
303,5.184553546388743,5.122572871835785,5.129004566942925,5.098477349756347,5.073692794378385,5.001543527785255,5.054917784295924,5.139616894822117,5.980288044238696,122
304,5.189017001364524,5.122998985625916,5.1316395627126035,5.096913261343058,5.072108457791815,4.998637276462439,5.05885142610494,5.137945401251173,5.975942754085941,122
305,5.191890173877166,5.120819624061568,5.133137332114265,5.0948268069413905,5.06824155885633,4.996491561017306,5.0630696822986865,5.137248281899957,5.98030648027409,122
306,5.195022624080819,5.119146003929438,5.135757885880846,5.093360963649705,5.065157684527729,4.994396488332772,5.066457088037976,5.138044924890312,5.981042595071666,122
307,5.198559676598819,5.116584445355672,5.136489084245879,5.092411826864451,5.061984217444319,4.992169271496714,5.069069112209133,5.138002500986121,5.974518073209432,122
308,5.202615951288092,5.114538201779899,5.135820692038785,5.0907545981047555,5.058263856368498,4.9886928661690915,5.070205324405078,5.1383340792626235,5.990382883469955,122
309,5.206574552221905,5.111877788451752,5.135061986082487,5.089472181419616,5.055832245736324,4.985390725125685,5.071015851276307,5.13875180550855,5.97386940641463,122
310,5.211494417138307,5.109908251229134,5.13528266340212,5.088462433192264,5.052610208429927,4.982220383275152,5.06982518905018,5.139278854804038,5.978399634346029,122
311,5.21669648754623,5.109216028581031,5.135420443640266,5.088590481438251,5.049620178149757,4.979925525445044,5.06898693747683,5.140954694322847,5.982871473605211,122
312,5.221651381698875,5.107772668283859,5.136449854335809,5.08809839487441,5.045322909161853,4.9789257738508885,5.067289077614549,5.143296146032645,5.980432482241442,122
313,5.22650404799257,5.107666697985974,5.137114621450438,5.08776785297699,5.039887545829061,4.978048083263476,5.06464666089515,5.144928128522187,5.9843566390357905,122
314,5.230391120265932,5.107817934801728,5.136808129795529,5.086888418810386,5.034939944171298,4.976715360864453,5.0619449604770494,5.147128372939102,5.979142148080023,122
315,5.232336344598102,5.1083836130120925,5.137029873646171,5.08608926023778,5.031544912221816,4.976280877612218,5.060227310145075,5.149152526446517,5.978685676205609,122
316,5.233515084417568,5.109996757269559,5.1354449945911975,5.086204432720304,5.028600603659252,4.977330889097804,5.058301735386967,5.149977379345598,5.9913863239523435,122
317,5.233794627777989,5.111295479622864,5.134430189641669,5.085840768167392,5.027143539089202,4.979023616345688,5.055632493660891,5.150746041696284,5.986236210138525,122
318,5.235719132776975,5.112644291255211,5.134009437548388,5.0861266489917885,5.025852382308431,4.981109493254158,5.054532381353558,5.151727087526655,5.980795759155477,122
319,5.236942075147356,5.112534731862075,5.1335137973566995,5.085909922254797,5.025503075925565,4.98296700234058,5.053107191388252,5.152232075128841,5.98411794617703,122
320,5.238964623949343,5.112874524183603,5.133095423582869,5.086208860652867,5.026312119927254,4.984431673808853,5.052752758137296,5.152043370079284,5.979541498120418,122
321,5.2409698749740254,5.113104356759427,5.132374458639692,5.087037008042392,5.0271391465628135,4.986384952603874,5.05176515208815,5.15075725269274,5.985174316129031,122
322,5.243664552146425,5.113764027807578,5.131744478313509,5.087138551011512,5.026724182798848,4.988456025148007,5.049762979787468,5.1493059216068,5.987746348927097,122
323,5.245362241016773,5.11440997421029,5.130868764981419,5.087823810714776,5.026696185000286,4.989960854636667,5.048905671121835,5.147270040562901,5.983372255424765,122
324,5.247408152419963,5.115913161262041,5.13062997589761,5.089160927969552,5.025563116418535,4.991267708852499,5.0466359116180906,5.144859591503354,5.981748069163243,122
325,5.249278835317636,5.1162836171885555,5.132091155528526,5.089052893662279,5.024064064227879,4.992783234384609,5.044012326321207,5.141727793946506,5.982082094448307,122
326,5.251715816137022,5.11749399005568,5.133691103576666,5.087860613840717,5.023212401563939,4.993771059573315,5.041802233884271,5.138468744719898,5.982527590831287,122
327,5.255696105109471,5.119694788700176,5.136093274380915,5.087321950049834,5.022693834722945,4.996351941948525,5.040246436440113,5.135354891309359,5.989257247564478,122
328,5.259292075034264,5.120942031930022,5.138136939163537,5.08704281767673,5.022126093074824,4.99907262020644,5.037796574885597,5.1332521414344665,5.980784391454166,122
329,5.262377472849264,5.121811357774136,5.1394860573845165,5.086106269216312,5.021395147436072,5.000860067288311,5.034698814113257,5.129970901654422,5.987361983018541,122
330,5.263403921608566,5.122472609095255,5.140116631960337,5.0863921522591955,5.022262724389489,5.004360626477355,5.030347788674241,5.1272120563018095,5.993039438652143,122
331,5.264727987268762,5.12243367660963,5.138830810719013,5.086818800927658,5.022156889606762,5.006249360095396,5.027947182420959,5.124472934884176,5.986558034459601,122
332,5.266950247951966,5.123035334466927,5.136971488896929,5.0857793000913425,5.021787558338273,5.008061305997348,5.024806931264037,5.120830682374279,5.982943076498176,122
333,5.2692846853412885,5.122956797382661,5.134512837495638,5.083817846738748,5.020777784772498,5.011628159283141,5.0216951947173785,5.117398240869964,5.992023427550077,122
334,5.2722973047576405,5.122601666411417,5.13197509118679,5.082059267938744,5.020112767261347,5.015060992398737,5.019130690216593,5.114256166133131,5.991864624382373,122
335,5.2746312843396685,5.121643410960851,5.130170581287272,5.080664396311265,5.021460751960852,5.018488000521845,5.014584636218628,5.111206257900441,5.98168582911413,122
336,5.275893211368572,5.1191780345174465,5.1291956472623035,5.079120422964632,5.022581005757745,5.020276367065302,5.009680241513275,5.108742207188624,5.995629069290083,122
337,5.27680942022564,5.117503732306421,5.128609160643032,5.077498206875216,5.024486446767803,5.0210455232357685,5.003399061412161,5.106746851288983,5.989010467338255,122
338,5.2776382111126,5.116622903900343,5.127624866269919,5.07720105462585,5.025744580801504,5.02208564602674,4.997430979254131,5.105952618353244,6.005605073614531,122
339,5.2772806542284485,5.116400283665103,5.127525175875999,5.075962618195582,5.0267298503771265,5.0226894310257,4.991828248055939,5.106724801396945,5.99706316129075,122
340,5.277711531939483,5.116672548683708,5.127001534507974,5.075300733239262,5.02653962198066,5.023345075209674,4.987573017695924,5.109627912992973,5.9942469040848785,122
341,5.279099165289324,5.117645145116071,5.1262259272448665,5.0744781898930205,5.027607846499791,5.023221148403902,4.982741251323491,5.112598232236198,5.994814205995357,122
342,5.279855035947716,5.117897696627412,5.123933124557091,5.072809705314402,5.029012668211264,5.0226418038497505,4.979539114347538,5.115783156574745,5.987992244443239,122
343,5.280442225584251,5.117927398103038,5.121787494674594,5.071543137370599,5.030323261221145,5.02353403324155,4.976376483687563,5.119887516091849,5.989306992678166,122
344,5.280814178669138,5.118694619372908,5.121756921135277,5.070527189743309,5.032315609725786,5.024681181165493,4.974378987622103,5.1237270294984265,5.992055683630031,122
345,5.2801755182448495,5.118743234802276,5.121563004239968,5.06837585089264,5.034692720220653,5.025382951716155,4.9730060460014816,5.127007956943135,5.996554194200553,122
346,5.278826646512579,5.118628802536799,5.121611222029172,5.0658660350390265,5.03761267301401,5.026294516969109,4.97320340347214,5.130652469770922,5.994412421646285,122
347,5.276959932183084,5.117223860951668,5.121323739195548,5.063445580956531,5.039260878484814,5.026560524048952,4.972755045957083,5.132814890543691,5.995330560699317,122
348,5.2750450983634245,5.11693380454763,5.119894398432817,5.062418494186428,5.041564043678756,5.026014560028488,4.974107733605161,5.135693815845267,5.992659305035013,122
349,5.272328862616472,5.115609344554151,5.118875701069388,5.061577953605335,5.04397631811203,5.023973768908704,4.975968596985778,5.138832851299243,5.992054300099946,122
350,5.271183329932507,5.114482578150841,5.117702375989229,5.061280029839366,5.04604388548386,5.024079974176073,4.9765924581397565,5.141147789887899,6.000627988815263,122
351,5.26994460790808,5.113659893746703,5.115151843822467,5.061417581395839,5.047303665293606,5.023623884197325,4.977136775792869,5.142352940272614,5.996961093429751,122
352,5.268299129283936,5.111999638143636,5.113618081259192,5.061320086680318,5.047718433040732,5.0231686501579755,4.978128511937742,5.143700873476005,5.985722315426637,122
353,5.267139063727484,5.110958701652407,5.11137906075819,5.060850383750913,5.047885157076731,5.022040208092212,4.979589841089437,5.145335110214347,5.997513629246314,122
354,5.264924858854018,5.110861214356442,5.109197128581242,5.061009062235157,5.048119269609565,5.021922733612256,4.980593867708665,5.1448604471383454,5.998550308554988,122
355,5.263635434849311,5.112896304132041,5.107306965312812,5.0620750206132215,5.047704214080811,5.023109921130921,4.981856538090447,5.1441523311535695,5.993733607875476,122
356,5.262791761343598,5.113718311894767,5.105268404314021,5.0637266436522665,5.047095465415697,5.02475484571501,4.982949808596571,5.143399068450469,6.006666604922119,122
357,5.260566057631051,5.1138805722078615,5.103264840430304,5.065426062408726,5.047001628564484,5.025702652811242,4.983594371551824,5.143768414033071,6.009941633781204,122
358,5.258461919162885,5.1141152790970015,5.100585052308786,5.068122568226108,5.047460010155583,5.027285993540181,4.9850064632253375,5.144336445481471,5.994866988815999,122
359,5.256030383662556,5.114337833000703,5.098518834246432,5.07020662219007,5.047424979850058,5.030412263777404,4.985667754217595,5.14625663669416,5.9989491372650185,122
360,5.253590255709803,5.114175455688731,5.096723886423545,5.072495551575255,5.0477787191912,5.032599415761849,4.98728873310036,5.147873154736375,5.99969482662028,122
361,5.25056743664835,5.11520020744477,5.093458223659452,5.075740714434683,5.04882850501216,5.035711812938876,4.988336487596616,5.149260005333014,5.999236466164909,122
362,5.248025662880497,5.115715610896915,5.0908519133704155,5.079817469141958,5.049352724164827,5.0384836331547245,4.989723642369235,5.149589794157555,5.999936044298146,122
363,5.245512485945854,5.116433532711348,5.087829602330551,5.083781347079653,5.050025408862948,5.040024621708307,4.98986526990232,5.150726480936315,5.993324488141386,122
364,5.243078071904259,5.117297758182825,5.085258315507429,5.086767904970558,5.04975083202066,5.042273790464837,4.9897832020195585,5.151292572697191,6.000670685946611,122
365,5.240400185754671,5.118793713992737,5.0832101009680875,5.088824456863451,5.050093810738056,5.043500129508968,4.990796871941054,5.152724890895969,6.00128209692219,122
366,5.2387349546511315,5.119493558570342,5.082384588413303,5.09055317484495,5.050167241488479,5.044158446193487,4.9926889344290615,5.153866649288124,6.003108919742292,122
367,5.236492614866213,5.1196213934830626,5.082664022951366,5.093129483900732,5.050661351677946,5.046512335343199,4.994223819953051,5.155372029181761,6.001602264545538,122
368,5.233795551013769,5.118218016625919,5.084276958180858,5.09585498746244,5.0517378354257705,5.0489842959474895,4.996274094675723,5.15732539056068,5.998685661280952,122
369,5.230091734523934,5.117144574181856,5.086249067489062,5.099382076085551,5.053659913614739,5.0501668102762665,4.998680308352961,5.157850028732565,6.000785635437921,122
370,5.226385185649873,5.116805817610336,5.088097807328587,5.102698175281645,5.055274123861392,5.05043058384769,5.0015379851467054,5.15833173887806,5.996000345708407,122
371,5.221569112313488,5.115372121271921,5.089038831349978,5.1048803436760135,5.055146992709824,5.0503802256830514,5.005893366233026,5.1589143240333275,5.999999110706569,122
372,5.216976046423058,5.11466883997751,5.090358509227789,5.1068971102462815,5.054841795846421,5.0503571252773245,5.009946977739325,5.158912106819718,6.00410799937821,122
373,5.2134446727853,5.113566796703842,5.09198222209077,5.108764794074009,5.0541726252893024,5.052612730939296,5.014710423424124,5.159463213188376,6.002025999410543,122
374,5.210404163186938,5.110926260380498,5.092739311972216,5.110190687306092,5.054349404671464,5.054394924051945,5.018689233393031,5.159894567363882,6.00715609256733,122
375,5.207983278104795,5.108283114519121,5.092261169608268,5.112274310423302,5.054922025089919,5.056044409296732,5.023307128457035,5.160282512857032,6.0000169817160405,122
376,5.203857332422294,5.104619522539521,5.092057595236686,5.1136642189607855,5.0557193006972305,5.05738186666373,5.027575100851825,5.159504421169487,6.007398743400485,122
377,5.199250770417404,5.100582355613436,5.092171798101228,5.114517735898881,5.056340112529369,5.059383851515861,5.03229680326694,5.158018357532134,6.003727585861624,122
378,5.195271618684125,5.097431205955125,5.093106948514842,5.116006031057557,5.056154357775656,5.060898074257855,5.036282557792864,5.15588968101014,6.002779912360091,122
379,5.1916780894526715,5.09551665993529,5.09486615551984,5.116907962287135,5.056581720704429,5.062715676290381,5.040890222770732,5.153150295445056,6.004307243092243,122
380,5.187995805537664,5.092687039759303,5.095009614848704,5.1173199841015995,5.056495747991621,5.0648988392434715,5.044582076413231,5.151041199149864,6.007538427978309,122
381,5.184292634239057,5.090607794098008,5.094916662490545,5.119389437880688,5.056515485923512,5.067348636403107,5.047430506953839,5.147889340658951,6.005225054444767,122
382,5.179824928083637,5.089993870963943,5.0943836162887415,5.120444017558119,5.055516427991863,5.068479448862757,5.050272465170965,5.144355555429543,6.00530232340708,122
383,5.175987821821562,5.089614409073986,5.094160147417119,5.121694147249029,5.055930092506891,5.069681621367902,5.0533451584430304,5.141533771729261,6.008813746731681,122
384,5.1728085362162295,5.089192386455575,5.093753096720813,5.121963403043546,5.05614675946223,5.070876993245838,5.054931750707449,5.137206676112623,5.999308817812446,122
385,5.169413681176245,5.08884090822752,5.0937141351944515,5.121939790090774,5.056932140886069,5.073868863970338,5.05730789245731,5.131819535849932,6.008893122388727,122
386,5.166283993984947,5.088588409699503,5.094189840495015,5.121951156637665,5.057056193634406,5.076086034974431,5.06035816077441,5.126894652284298,6.005951061272458,122
387,5.163881558999316,5.0885661520562575,5.094897430928141,5.121464256212351,5.057455832232062,5.078827713801661,5.063029341378461,5.122033247510043,5.996613528464883,122
388,5.162755630615255,5.088725622278436,5.09566617258676,5.121371459580106,5.057789050475548,5.080556244895252,5.065448497607227,5.117322565545557,5.997186313254819,122
389,5.161974127764642,5.0897184380783465,5.096008699975309,5.121424984976026,5.058114060790432,5.080662406589207,5.06844217235461,5.112906619119671,6.004464019816086,122
390,5.1619051865589025,5.090278331974915,5.095471836811352,5.121002670880124,5.0588368916548365,5.079958572846321,5.071465782753489,5.109576652866464,6.012450990548466,122
391,5.16046286561145,5.089961911983336,5.093444969034135,5.120412987522806,5.060122281745715,5.07914584076366,5.074092680065132,5.107272638438933,5.998653612653352,122
392,5.158242580928301,5.08956427123144,5.0916085916541505,5.120279895220566,5.061954235890975,5.078625236686319,5.077231863810643,5.106098465983187,6.009783517913541,122
393,5.157011691041744,5.0904131557621515,5.090620278523726,5.119060552258533,5.063510627181612,5.079018254489398,5.080728688641687,5.104958396750572,5.994021289912053,122
394,5.1551827503856815,5.090820467045743,5.0897026722539565,5.117239292561011,5.065159900372091,5.079256564585306,5.083713873142555,5.104599563240535,6.0105335218144305,122
395,5.154316880684352,5.090839322997232,5.088280572166534,5.115447707231052,5.067224435471152,5.07846261171901,5.087202257535111,5.104151469775866,6.01178161680073,122
396,5.153682465234663,5.09103642805945,5.085558471900742,5.112795876357469,5.070237749683232,5.077880684782992,5.091229400966267,5.103753759874413,6.004019820079021,122
397,5.153225974558329,5.091002491991273,5.083847932502908,5.11015566331433,5.073025902342222,5.078323035970968,5.095360444042479,5.105350439787406,6.009475543590887,122
398,5.152742766662812,5.091244071915882,5.082325178620915,5.106551977651415,5.074598954534109,5.0794804107167035,5.099680969613992,5.10737100761163,6.004232813622494,122
399,5.151881459084125,5.091915649138874,5.080777648525611,5.103477029763184,5.077100956725977,5.0807334855847195,5.104423154143799,5.1090494217352,6.00910937586441,122
400,5.1510597437294265,5.093332998901472,5.07944242218084,5.100499532615273,5.080127110889855,5.081109408627047,5.109078947091749,5.109578904956734,6.0102287266005465,122
401,5.1492899276843165,5.094472526601807,5.078006330899941,5.099078805083815,5.084301208650954,5.082584093563867,5.11313707189766,5.109337511774955,6.0066821825014785,122
402,5.147346596712017,5.096370251682654,5.077175455867019,5.096675958288119,5.088308478747215,5.0839210884110075,5.116298249067199,5.108777419266721,6.007760156022408,122
403,5.14615830653756,5.099781066860103,5.075993181310675,5.093889766031197,5.092791487416415,5.08420145380345,5.118826810470843,5.108237924206049,6.00609974555425,122
404,5.144939164689397,5.103876450926821,5.074297543580972,5.090763486113964,5.096048182523173,5.085368848522723,5.120947549741109,5.108175461349841,6.01288262364703,122
405,5.144313339264915,5.107830327930831,5.072716057919575,5.086746176898811,5.098546617711683,5.087500083677774,5.122289718510288,5.10914928244865,6.011602131007935,122
406,5.143107803521783,5.110835999633199,5.071852233952233,5.082947166860902,5.100563691746188,5.090201763921921,5.124100838884669,5.110950938151549,6.018557539846789,122
407,5.141755805301689,5.115009692811585,5.0712163606720075,5.08054878951646,5.10368209189518,5.092688551183806,5.124161102411134,5.112881297218012,6.013691450257102,122
408,5.140808329852132,5.1193506375918005,5.068951080035651,5.078487877683331,5.1076736673990135,5.096341467948174,5.124175057649021,5.114274198913108,6.0134981697390435,122
409,5.1395350841814835,5.122908986696277,5.066102674140938,5.076251703148483,5.1114954772789005,5.099144939346225,5.125280643938719,5.114944177904272,6.002351048131676,122
410,5.138274421990086,5.126695326057527,5.064538148910128,5.075647164342882,5.114943770270218,5.102973665677849,5.127427501621856,5.114753376608796,6.006496342089275,122
411,5.136636843128734,5.130177439019544,5.06414898993804,5.075066174357406,5.117445645515803,5.106453827641641,5.129293200355038,5.114667351488439,6.015148367975967,122
412,5.136367577599051,5.133931442452323,5.063963921509524,5.075176182975342,5.120230207297544,5.109819234199977,5.130248741988974,5.115333001726734,6.006270109849204,122
413,5.135470554180209,5.138818407254871,5.062762391401541,5.076130280794631,5.122254300130279,5.112208271558445,5.130867593200996,5.116467989145972,6.0230505191459365,122
414,5.135072601366392,5.142921819024792,5.0613918445246115,5.075869182834212,5.123582877842658,5.115098033852377,5.130652253761748,5.117431366436035,6.012180741725517,122
415,5.1336050263898825,5.146240594660272,5.060035610839007,5.075898904703502,5.124724271676624,5.116182503378319,5.129942354851112,5.1187931234747985,6.014657569190987,122
416,5.1318657829746925,5.148736286290198,5.059039932209974,5.0762077341799365,5.126061394112883,5.117105775357223,5.129277084858664,5.119970018069214,6.018298061057169,122
417,5.130436033071404,5.1513136491459,5.05885237623662,5.075331834123949,5.126095326412598,5.116767687474722,5.12804428850393,5.121146865794067,6.018022259894504,122
418,5.1305967079231305,5.151993763747402,5.058966851089011,5.075075271571016,5.127215346929996,5.116714774600449,5.127103695515464,5.1219233708290535,6.008892528999249,122
419,5.130400188259953,5.151865996828647,5.058377849739553,5.075123160159885,5.12817962455496,5.116911717222278,5.126800781213818,5.122174904814452,6.014188926821611,122
420,5.130279532753429,5.151756511419834,5.0583365270822815,5.074805941073898,5.129298816012135,5.116764132044345,5.126722803134452,5.12308837300972,6.0079375088167515,122
421,5.130799806419976,5.151887579320657,5.057351857032604,5.0745951810014684,5.1294550746049445,5.116456527475664,5.125949305040384,5.125601945262794,6.007747462052431,122
422,5.13044988730943,5.151813229113605,5.056384220283071,5.074967555488657,5.130422896219107,5.116180722983277,5.124997082240778,5.12830340370452,6.0168126042126415,122
423,5.128923029530428,5.1520026679423925,5.055774206478823,5.0746554691089845,5.131397174562922,5.116138037191249,5.124182018591489,5.130897704326467,6.011672135854018,122
424,5.126010978755845,5.151584532566653,5.054683158013377,5.073214606537747,5.133496225532632,5.115897703926237,5.122783880327155,5.133393642538596,6.010368111178568,122
425,5.121604142682802,5.150555896948851,5.0540377567837895,5.072460704769454,5.135294299989772,5.117263037633745,5.120269966578466,5.135257188005113,6.026328776120447,122
426,5.116814894772062,5.150127551764884,5.0529605525518,5.072082695613906,5.137172147927283,5.118972106540662,5.1174794379315,5.1366370971001,6.009799672597507,122
427,5.112891679454708,5.149327698111422,5.053345739442326,5.071658796224323,5.138638419206455,5.1205783280471096,5.1139544992604,5.137023949241518,6.013084558923327,122
428,5.109528658601002,5.148282010657955,5.053541277253265,5.070815878584003,5.1403610523026035,5.121600996722337,5.110674412797776,5.136184111075556,6.0147970525810015,122
429,5.106047829450253,5.146191347714161,5.052891237731352,5.070861624986839,5.141671905535434,5.121537238702255,5.1067180680716024,5.1346226893898095,6.009386417721591,122
430,5.102787376425661,5.14486755620575,5.052596112463935,5.071584844984503,5.142995810446602,5.121248176894183,5.1032641175871465,5.1328408127037,6.02187542459085,122
431,5.098483700020397,5.143146856778885,5.051626294714888,5.071664094634727,5.144170558218168,5.121206660983122,5.09963608574836,5.131119773737985,6.0245902770505575,122
432,5.093783227905468,5.141343351546182,5.050698982314528,5.072466951132894,5.145018057687132,5.121503398885948,5.095182310258392,5.12917807843816,6.0169703113388575,122
433,5.0895648672993845,5.138959988233706,5.0493848769678475,5.072499656121392,5.146336210946019,5.120181158956054,5.090476302053466,5.126209292494914,6.022767505926434,122
434,5.085070507313334,5.135694780031756,5.047620839258178,5.0728732591250765,5.148479833783281,5.117937029109221,5.085020890792693,5.12299077076076,6.023755952687843,122
435,5.080641334886696,5.132021887783912,5.04625933866273,5.071503171709472,5.150727156934298,5.116563608512482,5.079517538721957,5.119611066807248,6.0072067182970095,122
436,5.076831667822625,5.1284263585493,5.0440494139302805,5.069910038168983,5.153645128677069,5.115272224779819,5.073561543273756,5.117620623405227,6.014385559777778,122
437,5.074064777726102,5.124474120264381,5.042048134637886,5.067207439765081,5.154566015679512,5.113478753418435,5.067754093616861,5.116331093165463,6.021693693572565,122
438,5.071525077398153,5.120380774225807,5.039748505961949,5.065581448009,5.155675706853563,5.112087482086103,5.062880615052151,5.115839575144555,6.0223264644017656,122
439,5.067921621319558,5.115522759868536,5.037894482863448,5.064745386062285,5.155950616682817,5.110328963383816,5.05844931504148,5.1150264248911546,6.008391785635551,122
440,5.064432723813736,5.1107101752491815,5.036211011336679,5.064992358458346,5.156961224358353,5.10866251098895,5.0540156239083265,5.114123721020902,6.010659858960723,122
441,5.062222321556778,5.105626630992418,5.03486878922246,5.066165498974594,5.157857561526852,5.106326336990257,5.0511873491675505,5.113051802687421,6.013939373348602,122
442,5.0610128213838586,5.10135243316352,5.032823494883532,5.065773449169757,5.159793819611676,5.104600390392468,5.048599175990019,5.110765661699866,6.020067204544771,122
443,5.059750016343603,5.097207895942696,5.03138124479511,5.065030944162748,5.160159775947773,5.102727062217902,5.04823131544926,5.108530343692322,6.024143859701882,122
444,5.058140878387096,5.093072936363111,5.03065236213496,5.064552466633888,5.159583484783375,5.100446481771938,5.04780447830392,5.106839659021581,6.0098796137339425,122
445,5.056165245203518,5.089393825628063,5.029474324021715,5.063380526255674,5.159188611651599,5.099053688670024,5.047548687949578,5.105910042562696,6.018274022596256,122
446,5.0530527799006855,5.08635705226298,5.027422999141562,5.06133977145431,5.158951624874042,5.097205133478854,5.046405348125376,5.104944803243984,6.023737421292314,122
447,5.050495270509521,5.084110898686385,5.024783070803855,5.058882519295206,5.158607161756887,5.095525854566989,5.045577438186655,5.1032264757003105,6.0226780523498,122
448,5.04800757346559,5.081600312787616,5.022687970737373,5.05583897965193,5.158086812738775,5.093361770441527,5.045298151221339,5.100465967610162,6.027066232628064,122
449,5.045641727013278,5.0783422080700875,5.021128282742699,5.052894974667851,5.158354757510623,5.091108996753601,5.045697781119248,5.09763100776391,6.0235782047382695,122
450,5.042114469756121,5.075667877870797,5.019609097421088,5.050175235344393,5.159386044062325,5.087950350044147,5.0465059418016835,5.0947751276868996,6.017865293084078,122
451,5.039485218533417,5.07238729099655,5.0181521371137325,5.047439937357174,5.159347665410593,5.08527685375117,5.047542833179119,5.091892183659507,6.0270993721489825,122
452,5.036754666961856,5.069950792197411,5.0165356117511335,5.0444942436033795,5.15933373178921,5.083811154386952,5.049088094379364,5.088372809550403,6.018162519570174,122
453,5.034653021465598,5.066805320956329,5.013770962925845,5.041862112751202,5.159125291082981,5.08304273634157,5.051306145423185,5.0859836481688765,6.016175659594,122
454,5.031185557183055,5.063865325624294,5.011293238900514,5.039316033956574,5.159029078329488,5.083048849658965,5.052900908889528,5.084601153766092,6.018988436811786,122
455,5.027724022493666,5.062050684762468,5.0094981588751075,5.036658935808396,5.158998909861957,5.082269997833681,5.053900858312182,5.083019941057218,6.020704392176004,122
456,5.023984368312263,5.059946026361857,5.006762670324994,5.035133639873619,5.158756103527287,5.08145507029168,5.055407478584047,5.081605237949656,6.020718273817146,122
457,5.01940464467784,5.057896423109888,5.004897358302278,5.033468126952111,5.159256190289108,5.08065171488789,5.058124933484519,5.078867018586726,6.021516070841629,122
458,5.015114740309893,5.055875085064404,5.00338371676626,5.0316050751324255,5.159008350473062,5.07975395251771,5.060915952046481,5.07666443505988,6.025277657894105,122
459,5.011877784631039,5.053775349728637,5.0024386451570715,5.030706091629202,5.158610706807766,5.078134484081872,5.063408626877454,5.075027921866914,6.024017594957639,122
460,5.009234237276866,5.052253279776096,5.001733576742817,5.029691240000661,5.157988548889652,5.076772679983759,5.066017107734677,5.073858680706898,6.021665970033317,122
461,5.007514390659634,5.050350162488556,5.000587702954857,5.028094102864663,5.156959213443831,5.074726453456137,5.069072991615347,5.073053593049176,6.016637446761198,122
462,5.00555506013833,5.048076933905807,4.999521542272774,5.026790457356559,5.155753104805248,5.072531448105768,5.071837386800009,5.072624645182376,6.025760198621209,122
463,5.004633217974481,5.047111808225811,4.997475136457073,5.024808347605348,5.155046859869004,5.070475294610129,5.07591939230379,5.073648838552348,6.014807373174917,122
464,5.003858649684155,5.047047479976905,4.996023701452648,5.0222316737681645,5.154391058218387,5.070289350614106,5.079512378464416,5.074369777566207,6.0086080785265885,122
465,5.003749494178751,5.047178702322946,4.995546769711481,5.019675604322291,5.154553994535858,5.070861376052242,5.08395346028148,5.076172527601528,6.016852707553927,122
466,5.004308843157421,5.047490362432444,4.994542541721573,5.016740376170091,5.155128461566051,5.071175813378328,5.088143518106975,5.077612994592046,6.017066448424681,122
467,5.0050654269902175,5.048047874247103,4.994388684066868,5.014860715567673,5.1564620158979,5.07204623085169,5.091692581280073,5.0787201550602195,6.02022011270419,122
468,5.006552562277129,5.0484676007496665,4.994376261009082,5.013084007544752,5.156807981929559,5.072472161838771,5.095439112549189,5.079283995618996,6.026442209738422,122
469,5.008680139720343,5.048556583193647,4.99430928469824,5.0120691626444955,5.157036987056999,5.073648318638659,5.098970415043979,5.079758786718941,6.021296905696055,122
470,5.011116690323947,5.049824848864892,4.9934345998981495,5.010587425656839,5.1565066975585445,5.075582465189382,5.102016091510724,5.080493674241611,6.0270991726995655,122
471,5.012750309825444,5.051243984916409,4.992573005392815,5.009695603909853,5.1548647327530706,5.0767590196532275,5.104606560931122,5.0811501200197755,6.011773032455936,122
472,5.013951631152462,5.052133070608952,4.992344617568812,5.009726355976605,5.1538220481200945,5.077838473301409,5.107715669886111,5.080636640377742,6.032021868606588,122
473,5.015209949237637,5.053806319788951,4.991838946411999,5.010788871280875,5.154632798512837,5.079794669856733,5.111554112577615,5.079303517963426,6.021754941352035,122
474,5.01668739667074,5.0551656804597345,4.991637836738443,5.011868376380551,5.156036269746905,5.081084333798712,5.115167775089057,5.0773750545574,6.035973373214302,122
475,5.019258200407482,5.056112439721284,4.99182439940281,5.011887442804699,5.15786475814277,5.0834385321699305,5.118725529632924,5.0756916959905345,6.026926977466412,122
476,5.021739449688781,5.05691601235689,4.991989341881538,5.012181680014047,5.159177175577721,5.085337016027883,5.1219775095345765,5.073870724984438,6.029082537123978,122
477,5.023489482972856,5.058452841583426,4.9910397361205865,5.012137497929421,5.1596243292286115,5.087440592475228,5.124708357906837,5.072318085809351,6.0252004980779255,122
478,5.024848774460768,5.059841118381933,4.99136912463163,5.012648158552172,5.160458590171769,5.088540506197059,5.1269356270994475,5.071028736519315,6.029013819743685,122
479,5.0262011066823264,5.0605361657163765,4.990960255056258,5.013246437498223,5.1619742632508725,5.0899030059149695,5.128266511384185,5.069961584040475,6.011482414813793,122
480,5.02847094184248,5.061171567676217,4.989716452221375,5.013963265862797,5.163887765601159,5.091478044558749,5.130227912046486,5.068115302637354,6.023650259311193,122
481,5.031213329475096,5.062190540352088,4.989598402190452,5.015232729580106,5.166225143315428,5.092165780965447,5.131507010916376,5.066101049517906,6.032294173295029,122
482,5.03499507448231,5.062765071384801,4.989138322334123,5.0174248563958574,5.168527824140438,5.092183434809234,5.1325131150144845,5.063489390530688,6.020486441797718,122
483,5.038830070832093,5.062245696350708,4.988994712821455,5.019248673499089,5.170701939854451,5.0917342753891575,5.132906425234702,5.0611045977429105,6.018481648224541,122
484,5.042829326293355,5.06227953133647,4.988517703887836,5.0207349343830785,5.172755676909462,5.09224013869845,5.133634467709542,5.059130421183173,6.022104462943387,122
485,5.047528790584678,5.062873773046977,4.988543548983471,5.021959709867955,5.174218061948848,5.09263002272708,5.133728468034376,5.056955809169418,6.033679412195801,122
486,5.052225872984263,5.062665870304375,4.989023456017743,5.023083349021158,5.1749779996284895,5.094178689873684,5.134069552323597,5.055356860664698,6.01774252357037,122
487,5.056592909569824,5.0631500732148975,4.989517959890254,5.024150046112631,5.176947850679629,5.096317947233317,5.1339616328435325,5.054091724648654,6.027765777027441,122
488,5.060600054844207,5.063267032116395,4.99005795710864,5.025900638350785,5.178850141964656,5.097277208015779,5.133261538476365,5.054194767175899,6.035335280252743,122
489,5.063400876452497,5.062974285171061,4.991318889992196,5.028747740675452,5.181417490169885,5.098223179025661,5.133033753995209,5.053825677730233,6.02451118013849,122
490,5.0663668226413945,5.062928282848691,4.9925420585851805,5.031573297366099,5.183831349083013,5.098630334694674,5.133009588723655,5.052644835344557,6.022624202513198,122
491,5.06946502980098,5.062873074328444,4.99360062151536,5.034845974949525,5.185760115665981,5.099072936519816,5.133147003458454,5.051822610480286,6.028451690189732,122
492,5.07274322153213,5.062959157515896,4.994921419168481,5.037321956972483,5.187980296402936,5.0994765237151825,5.132319184331533,5.051213729005434,6.029784168405897,122
493,5.0764886428479725,5.062834316267839,4.996187745670412,5.039930465940819,5.189413482311272,5.099397559206192,5.13040107385015,5.05096606800665,6.020994962739913,122
494,5.079923495632334,5.0625365127475686,4.997471188031539,5.042347694370914,5.191591267727491,5.0991312567069675,5.12880894735894,5.050598975814662,6.023090802199052,122
495,5.083688503788824,5.061902978231382,4.998188667212926,5.044116177066349,5.193817566746164,5.098903035950958,5.127006080814381,5.049632984054433,6.028661660985808,122
496,5.087860830497929,5.0613659470661805,4.998319600939408,5.046222034811323,5.196201066262105,5.098598214453182,5.124820109181462,5.048486279534079,6.029493292499752,122
497,5.091658485929001,5.06126344153637,4.9992093032522185,5.0485440356271,5.198254870929615,5.098838703382491,5.1222599890834,5.046971080563955,6.036832714908906,122
498,5.095708463998561,5.06116822221793,4.99989299378798,5.0506669251681195,5.200296452013109,5.099791220871948,5.1205273255685775,5.045865098010953,6.025482375358376,122
499,5.098878255678709,5.06022095058041,5.000796030086309,5.052947350805692,5.201822664742867,5.101060605426761,5.118216503405373,5.043650058426513,6.022932189415793,122
500,5.101963383135433,5.059957855483612,5.00098717969423,5.055329170453492,5.202533595373878,5.10146180125285,5.11613472314985,5.041815180146465,6.034560799909748,122
501,5.1053458480236,5.059659215874943,5.000679979142223,5.057975100295261,5.203119128013583,5.101315975436821,5.113949515383231,5.039468468208794,6.036695074329816,122
502,5.10838645447928,5.059150360595743,5.00059679395807,5.0608552957640605,5.203173532477237,5.102061083235276,5.111284267642569,5.038091192363903,6.027204031524351,122
503,5.11156034475704,5.059108544690645,5.000126297435097,5.063509658114524,5.202134066743174,5.101984495682357,5.108677910310366,5.036792294399795,6.025353563200804,122
504,5.113910283599431,5.058942738005142,4.999777229492125,5.066071472540698,5.202000049473163,5.102452257899666,5.105959767778811,5.035902299730148,6.031233282426947,122
505,5.115820699847832,5.059133596368888,4.999458540558663,5.068506504558658,5.200813509753498,5.102782050323696,5.103855904099449,5.035111758891617,6.029527698357182,122
506,5.117351511891709,5.058901928269641,5.000096141901411,5.0725396438885255,5.200092478093839,5.103001973029578,5.101944076583234,5.034674557734446,6.028487737216698,122
507,5.11965262768907,5.0587384531184245,5.000703315233794,5.0768643620390534,5.199136220408823,5.1029396594066405,5.101689791596346,5.0330579805024325,6.02528146720187,122
508,5.121800666729047,5.058611461886095,5.001010300637512,5.081336993483422,5.1969938648129945,5.103192045618724,5.10118550358021,5.032020417679814,6.029545843986181,122
509,5.123878651719115,5.057750916083593,5.001448917657945,5.085453955488449,5.194029440583,5.103162346773952,5.099941148471288,5.031380576653555,6.0272529600570905,122
510,5.125197952718144,5.056475827595955,5.001171277453585,5.088691383208165,5.190695556070156,5.103408306801944,5.098683135825494,5.031122056894666,6.033654029857522,122
511,5.125639675300796,5.056264236454903,5.000338041137857,5.091244090117715,5.187070809305841,5.10377820262323,5.097636436427626,5.030843666802326,6.0338275203972245,122
512,5.125671542265107,5.05587503408262,4.999763688933404,5.0930607974242825,5.18380981985816,5.104052717686507,5.096745533873754,5.030707844249919,6.026514099805361,122
513,5.126188660912565,5.0549029850794405,5.000337566810857,5.0949641386272155,5.181553360441104,5.103712325437252,5.09639058158381,5.0303845970846535,6.028064313539273,122
514,5.127151559090869,5.054101892514845,4.999627544708041,5.09720978551978,5.178614355806657,5.104220786042694,5.095791047862688,5.030269300874998,6.036650104070805,122
515,5.128535608129214,5.054250599327167,4.998970598558243,5.098276468989951,5.17671799085191,5.104990576387705,5.094696222688748,5.030606860160855,6.0286645540701125,122
516,5.129217135769236,5.055077179942874,4.999242272814346,5.098839525330556,5.1744853610272115,5.104821412318435,5.093753920749448,5.032346497900692,6.026178831605604,122
517,5.129850460481181,5.056343215319021,4.999073389110273,5.099712875301124,5.171973014175501,5.105670236093127,5.092301619085938,5.033245250628491,6.026494883725515,122
518,5.130010105053415,5.057672655115064,4.999566728762852,5.1001140063220785,5.1688977164955805,5.107369419655107,5.091982554580042,5.035069588793243,6.0265201924295875,122
519,5.129547163398367,5.06044591952856,4.999964799951041,5.100465846311862,5.166015640253611,5.1095390766596545,5.091924630018751,5.036952644278449,6.02412913945292,122
520,5.127624267774912,5.062830312474696,5.000957198640391,5.101432760364214,5.163658012524331,5.111845705799326,5.09157083957189,5.039315523789943,6.032973355130384,122
521,5.125684792103193,5.064653881252647,5.002317134507141,5.101961447720667,5.161684433219951,5.11422810557311,5.09115762293211,5.041689492037998,6.02666123813195,122
522,5.124272999607725,5.066316641604679,5.002434042129808,5.1028995547037095,5.160057829507484,5.115892265876381,5.090483853116354,5.043502859742546,6.025684348928855,122
523,5.123466952539718,5.067926957308094,5.002200517344166,5.103602063387687,5.158332912969138,5.117386462210398,5.088946838466485,5.04500256880886,6.03362357114767,122
524,5.123256957451004,5.070370995894095,5.002648033816429,5.103427913747462,5.156678600376832,5.118864592498614,5.088123344195484,5.045314430508341,6.038960385615035,122
525,5.123340142065194,5.072826846363329,5.002794335508928,5.1016775225433575,5.15527783456429,5.11999743590049,5.086823179963064,5.0462961260206125,6.0406575990022375,122
526,5.124041788786997,5.074881477925077,5.002747574576278,5.100448625797977,5.153548772587147,5.121190069047124,5.085838697515346,5.047653081826739,6.03031974826743,122
527,5.124448438556906,5.077043290451378,5.003371160515121,5.098391265581048,5.152122250292687,5.122435372411758,5.084527878590126,5.048759186295307,6.0260231218316065,122
528,5.125123648052954,5.078680547881025,5.0042807129635065,5.097042976518301,5.150386187058462,5.124554668251843,5.083086284547967,5.050092591505285,6.0262722757173535,122
529,5.1262583957375325,5.0804829014894635,5.004670940716961,5.095333623021293,5.148673563320533,5.126964625874129,5.081688006646516,5.051779320319531,6.025858008507051,122
530,5.128627161770311,5.082379662039283,5.005896084522959,5.09412000436723,5.145844894041085,5.129870083206124,5.079657409049577,5.053122207434591,6.025033259783396,122
531,5.1307894391734745,5.083961433727959,5.00789152895641,5.092803678649165,5.143159500461039,5.132718512346998,5.077827718526294,5.054811584610572,6.032144480228548,122
532,5.1329181260707575,5.085224238214497,5.010230677014359,5.0910355050938225,5.1403554423134885,5.134741438191112,5.07628240178072,5.056439991142433,6.02401140047102,122
533,5.13450051719742,5.0868245402698165,5.0112243572385715,5.089592516384032,5.138116492775519,5.136801759696302,5.074838584978012,5.0579688120701265,6.028453340678471,122
534,5.1355764431502156,5.089229393159959,5.013025335823398,5.088627175866245,5.1367518456343575,5.137816929114802,5.072833108011093,5.059012976800889,6.033106599757426,122
535,5.136271231874719,5.091210720294672,5.015268465281289,5.087567260690008,5.135286228683716,5.138307754706852,5.0719230989418245,5.0603089414339655,6.033382910732941,122
536,5.136827413654661,5.091989227820123,5.017100424280894,5.087453265820374,5.133969569333863,5.138359453038281,5.070558472067217,5.06176060229707,6.036908244018176,122
537,5.136880764808218,5.09293505672902,5.019680886580888,5.086436720805432,5.131899051511753,5.138470340360159,5.06861774509885,5.063788019275085,6.0312675633929285,122
538,5.136526393329167,5.094190254056308,5.022412035532959,5.085342919763665,5.13002699195323,5.138112830070174,5.06762565280941,5.0658353120559685,6.039547295695312,122
539,5.135981917650595,5.095182960645245,5.024857454466353,5.083784669883034,5.129032326444239,5.1377538844396975,5.0670486772586605,5.068294441981502,6.037167658332725,122
540,5.1356185781178905,5.096196938238778,5.027090351476595,5.081216512008461,5.127591798654144,5.137081139716434,5.066559325592912,5.070248490108549,6.037830268876757,122
541,5.1342515351707,5.0973290899598105,5.029958502240367,5.078493735263785,5.126545620369201,5.135919699440553,5.065516720349901,5.072309234611897,6.033539595150001,122
542,5.13299470255514,5.098345695000684,5.032394138292111,5.075419711606952,5.125454979131009,5.13411343383093,5.064559725101716,5.07381919589395,6.0446944408074055,122
543,5.131481598320037,5.099046561663068,5.034844711048117,5.072701241458538,5.124689328610868,5.132977019102191,5.063208235992104,5.076164806661209,6.023360868328781,122
544,5.129568915056564,5.099457504064933,5.036848587709235,5.0686653235682195,5.123940470038242,5.131527417587915,5.062103914600783,5.0784617753811725,6.029984231589383,122
545,5.1278024809099225,5.100100046379763,5.038995414719523,5.064740830530427,5.123453685359666,5.130004518967063,5.061120096717255,5.081075744499015,6.023709471394934,122
546,5.126730065330884,5.102218581135811,5.041935722941918,5.060896131648899,5.122929372992573,5.129484131391218,5.060166109418491,5.083613831097491,6.041537199178376,122
547,5.125512493415847,5.103931054206951,5.0449852218520785,5.0576197118382185,5.122109085046848,5.129025128354206,5.058591205780728,5.0858746367975876,6.03570582432953,122
548,5.1241208375777685,5.106073507186071,5.047325344317526,5.054608475174715,5.1212266596503815,5.129290905049259,5.057116502184845,5.0875844100987875,6.027094523645967,122
549,5.122165691065906,5.108214074057173,5.0495326303502015,5.051429709564529,5.1204780223022315,5.1300493738240736,5.054938314635249,5.089824335892249,6.0269405169792885,122
550,5.119628798756467,5.110662644334074,5.052215482042124,5.048050029013827,5.119333389946482,5.12996764948697,5.052806892781019,5.092489379815708,6.03352903419885,122
551,5.116908774550755,5.112887895795877,5.055190257394902,5.045501404431285,5.117747014168806,5.1290714899221745,5.051114980866631,5.094610804125398,6.03623306048306,122
552,5.114549917029171,5.114283435064622,5.057519590739801,5.0432000589813,5.116073281054675,5.129074000665164,5.0491818137341,5.0957765907054995,6.032264602115109,122
553,5.111593675829854,5.1147832015609564,5.059727605116976,5.040587703390486,5.113876639045585,5.128732976933962,5.047838794308623,5.097318529630057,6.035390451079986,122
554,5.109176400275919,5.115685971971493,5.061986050384611,5.038112168368526,5.112496390581715,5.12810958661232,5.045458370678817,5.099146338593185,6.040121473387012,122
555,5.107199997901208,5.116247314931021,5.064334303149142,5.0361803485960746,5.111183163282083,5.127857986313253,5.043546018468906,5.100839541223895,6.041249965180772,122
556,5.105909280412959,5.117031377967048,5.06640022330204,5.033503091638508,5.1092274927576975,5.127114573389276,5.0415629972014555,5.102298719048983,6.033552819284165,122
557,5.104268038256467,5.118581690416355,5.068105863259093,5.032023501425319,5.107552120255434,5.1264657815220795,5.039983423430741,5.10377321645592,6.035544139122277,122
558,5.103018590350153,5.120392565819172,5.071072993771631,5.030829884421337,5.106616468116395,5.126225527470995,5.038709702980498,5.105554031223801,6.02886562270342,122
559,5.1005334035363905,5.122319867419534,5.074090601640181,5.029559072168128,5.10527570785171,5.125461444971003,5.038378384421435,5.107028795780653,6.03279586546963,122
560,5.098028672055241,5.123379168471775,5.07747790595149,5.028572655127819,5.103727797873625,5.124957442865467,5.0375652225882765,5.108765868237851,6.04023308222194,122
561,5.09618878841238,5.12515589803318,5.080685503820465,5.0279866499568575,5.101214027451398,5.124930050788295,5.036987316398614,5.109539705071434,6.025252450320272,122
562,5.094346506577226,5.127865180365372,5.084226264403696,5.02751550720806,5.0992033105230785,5.124579623741066,5.035472101549878,5.109989364666004,6.030385890695217,122
563,5.092529085233746,5.129483035337346,5.087448098354608,5.027853547165586,5.097594753491739,5.124596790926053,5.034217898813633,5.1100913334112485,6.032326414290756,122
564,5.090236371372143,5.1316647716496515,5.0912073884798605,5.027971873705836,5.096404838762261,5.123392569773983,5.034523032794086,5.109813534698262,6.033458502687134,122
565,5.087893575384248,5.133601699038193,5.094450315519904,5.028602562930211,5.095859115328758,5.12172645377563,5.03493998711652,5.109042104697545,6.040828506832072,122
566,5.085289439148642,5.134844323002348,5.097191793004212,5.028604673538355,5.095646986813904,5.11935165779791,5.035334079747347,5.107781484899979,6.031355030347002,122
567,5.082531035169383,5.135924827655923,5.099500818961883,5.028760109347699,5.094796867565955,5.117291635110914,5.035295449321133,5.106780768679196,6.02964161419631,122
568,5.0800019052681,5.1375886868772,5.101318223384659,5.029651395204559,5.093826440774881,5.116500055863153,5.036199162802507,5.1055853360014725,6.040540459576138,122
569,5.077924010575252,5.139043635600775,5.10347402927712,5.030163762736803,5.0930371001367,5.115348160455719,5.037767479098337,5.104666373563404,6.029097228582436,122
570,5.076133986582086,5.140065854411395,5.105074396783652,5.029878619453109,5.091506242374148,5.114477855577688,5.039325223363594,5.104374346205365,6.038493198919155,122
571,5.074616462775364,5.14172028145877,5.106201021270625,5.030201149210444,5.089958312268308,5.113882108525619,5.039598171588455,5.104012874721521,6.027813389541089,122
572,5.073355750924588,5.143187013551639,5.108081492047907,5.03033045799101,5.088973467753025,5.11312557687712,5.040634443249346,5.103719147487362,6.030300377637795,122
573,5.071974513687866,5.144260970600845,5.109225771001343,5.030896487810901,5.089099228208007,5.11229603090505,5.042189855523437,5.1026971700417505,6.034225048625358,122
574,5.070322986886616,5.144960865431877,5.110409657102369,5.030860276112657,5.088957406508369,5.111156390908941,5.042780560579779,5.101770679952011,6.039429186336103,122
575,5.068832627659538,5.145637273793465,5.111928349539689,5.030986841323168,5.088208858198927,5.110290427196128,5.043527633109649,5.10036282778783,6.037564529105237,122
576,5.067837640661425,5.146991630777095,5.113788093346164,5.031692142756031,5.086641904542915,5.109405067523902,5.044625881477102,5.099324743178936,6.029251730328118,122
577,5.067916773964673,5.148401889583467,5.115162843896343,5.032839048727952,5.085643086750536,5.108634210941129,5.046265455442204,5.098056271428657,6.036654866324402,122
578,5.068551385482913,5.149946398482607,5.117014035106798,5.033751157162847,5.084217786789026,5.107717403427934,5.047879922294678,5.096598538376997,6.04672334064161,122
579,5.0696322200792245,5.15140792880867,5.118500447673609,5.03512477038305,5.082909472048591,5.1064327021222,5.049061796734323,5.095176461029816,6.031342781683243,122
580,5.071092256229302,5.153245035406458,5.119962989268174,5.037242617969468,5.08166928128909,5.105290517774804,5.050064486607811,5.094053883277445,6.032302622590108,122
581,5.072850086343362,5.155092077596527,5.121657792917465,5.039236544328643,5.0799136269189935,5.104452702444217,5.051502782051072,5.093695533451248,6.041588524003677,122
582,5.074570044771475,5.156166712790149,5.123011839390174,5.041058974510868,5.078237769218608,5.102356022969744,5.053036036151213,5.092546248015447,6.035871057126943,122
583,5.077029574685571,5.1573063495677705,5.124189952613664,5.043064249787676,5.077085475826348,5.10035861039065,5.055082312471214,5.090867752322419,6.040158106983189,122
584,5.080378143912239,5.158034803486659,5.125080694982012,5.044600105275968,5.075749273953769,5.098525334730224,5.0569006785539585,5.0898574407550266,6.032602754093021,122
585,5.083606389850077,5.1588237193548565,5.125529552684661,5.045967406399651,5.074103642966469,5.09625236612438,5.058752430335224,5.088713195981366,6.040143822708795,122
586,5.0867680648684,5.158947522301566,5.125899256957028,5.047047954250823,5.072787605280654,5.094910074530556,5.06092037433082,5.087509158447148,6.034079786717875,122
587,5.089671100476442,5.1590366090211175,5.126274265067755,5.048023621255739,5.071073945612239,5.094385683244497,5.063012387691701,5.086188007976762,6.036019646372476,122
588,5.092967574410457,5.159121716123041,5.127124782324067,5.0497630100043285,5.069556437971304,5.093918353085289,5.0645593420477315,5.085595812796953,6.04022929775401,122
589,5.096985107537733,5.159607499752732,5.127754748866845,5.052017422537485,5.068975152120892,5.092755763620019,5.0657457524498515,5.084884611997648,6.033298789844964,122
590,5.100384799587442,5.1600454229956405,5.127780368921407,5.053413418935013,5.068466479396604,5.0913151025862,5.067634058668503,5.084013869630728,6.040478610311387,122
591,5.1040972018960025,5.160206808091427,5.127715230653809,5.055007136762171,5.068331182572498,5.089004334531548,5.06903021168384,5.083064717205366,6.039226807127898,122
592,5.1071910020647575,5.1604344820648835,5.127804468302584,5.057104108751617,5.068080543131963,5.086926114212368,5.070132860160114,5.082432444911475,6.0362825661334165,122
593,5.109806343184879,5.15985854152696,5.128127724977928,5.058119342281248,5.067613156653343,5.085083978927987,5.0711010069655895,5.0817410333967645,6.0356079637763855,122
594,5.112302728269425,5.159429018852542,5.12755914626554,5.058824222888002,5.06664828978515,5.08325129365413,5.071975560281546,5.0813368926410725,6.032130876286812,122
595,5.115586728698926,5.1583415864621855,5.126450740148443,5.059923384985172,5.065997959793142,5.082085511108096,5.073207281250653,5.08193249306073,6.0428334407950395,122
596,5.118903983875026,5.157311375407467,5.124631529370952,5.0611229607550445,5.065963965262405,5.080796925162984,5.074098015034895,5.082556110233867,6.048161915495187,122
597,5.12216136804163,5.155869476480218,5.122623575307449,5.062764876499472,5.0664410642047635,5.079281117833153,5.0750536848592,5.0843124408072455,6.038665503601101,122
598,5.1256140677169695,5.153527047037226,5.120348616129824,5.064129073568793,5.066607561290065,5.07810777370201,5.077145742466317,5.086282329083669,6.026134119876372,122
599,5.128751159863793,5.152364394609567,5.118262890876953,5.064862763729988,5.066171284262278,5.077658387110322,5.079346036583905,5.089451873933889,6.0344147231364555,122
600,5.132066470267091,5.151607248396422,5.115826062306178,5.065957493226615,5.065552850241112,5.077844094487315,5.080386148398529,5.092606540630226,6.031699342980998,122
601,5.134867025424928,5.150692545047849,5.114283805094994,5.067686954439849,5.064479464200531,5.077873003320516,5.081586909384521,5.095799004545453,6.0387036172341135,122
602,5.136959176297496,5.15059844303768,5.112139959368863,5.069558514310248,5.0633308254481015,5.078348100546114,5.082996096703521,5.0994123338497825,6.03082435232018,122
603,5.13860027892483,5.1510567615766725,5.109775682973465,5.070747319395673,5.0628635241358975,5.078525175635619,5.085020264456289,5.102325906929064,6.040745327855734,122
604,5.139699934284801,5.150914282515997,5.10800727678736,5.0711756785308175,5.062479588265852,5.078501831103107,5.0864316080453715,5.104929384996989,6.036097489739015,122
605,5.140833438522353,5.150487139316071,5.10679596648645,5.071475187619429,5.062360372422537,5.07891919148459,5.087232738113276,5.107184192088296,6.0355296934389395,122
606,5.1419444548634985,5.149119062631341,5.106422646314924,5.071886437755435,5.0629548114170335,5.078920049023418,5.08893961062111,5.108428426871081,6.039222706222614,122
607,5.14286197860595,5.147611773765595,5.106553464263956,5.07212489444831,5.06369447504873,5.079083531661895,5.0912524522456035,5.109417622711993,6.033532493568123,122
608,5.14298509947346,5.146144838928679,5.1064677662727185,5.0720826009482,5.063706860933199,5.079487863107087,5.093156927733004,5.110377672688335,6.0324688512438644,122
609,5.14315963335325,5.144879558337523,5.106124537345776,5.072229338152266,5.063461380474772,5.079886723384153,5.093926525138494,5.1113962138333555,6.034425719915223,122
610,5.143655107283126,5.144175313303615,5.1059402710236315,5.073045217529441,5.062691510347337,5.0809859701341225,5.094659513389878,5.111699629823594,6.037912185499776,122
611,5.144288676052986,5.144051764506317,5.10522525448453,5.074134809980254,5.061892584453908,5.08231322857638,5.095025023295744,5.111663648328013,6.039522346455977,122
612,5.144596231762504,5.14401146416772,5.104513486802128,5.075834654215294,5.061670166754172,5.083670620268019,5.09524190069171,5.11094468298109,6.042584346098038,122
613,5.144922098211226,5.144027552337898,5.103678716046799,5.076926428052458,5.0616396601850475,5.085179661297671,5.095363184815413,5.109685290975825,6.037936467667095,122
614,5.144008871384779,5.1433172093863,5.103307168229989,5.077458819389214,5.062126095553106,5.087634765339446,5.095653943839466,5.10888281230094,6.043729622446505,122
615,5.143098534389216,5.142685721248705,5.103254341264984,5.077757138310011,5.06274786837185,5.090201835140545,5.096529503885261,5.108849142704089,6.042787428272803,122
616,5.142499369749784,5.1417902260604125,5.103197608490984,5.077990881386297,5.062958833661212,5.092539679732138,5.097924183310831,5.109413164920138,6.03455802368507,122
617,5.1420924346842005,5.1415195186337135,5.10280814348086,5.077796298062436,5.063077144238422,5.094909544334578,5.099481844512798,5.109029045438415,6.0388135492834305,122
618,5.1416194527720425,5.1412826558034235,5.102268814021926,5.077261160474194,5.063013152861522,5.097640782450848,5.101129760603374,5.108661346205765,6.038376236164478,122
619,5.1408309618754515,5.141040830104121,5.1022533496068,5.077480168576913,5.06258584676628,5.099701762562556,5.102277804686558,5.108177691755619,6.039678328369684,122
620,5.139562583251823,5.140639356253518,5.102594289078361,5.078612934886719,5.062356232492731,5.101134523707752,5.10364644565411,5.1073938724596175,6.04073460547824,122
621,5.138535385018311,5.140401265139269,5.103091834780722,5.079903012582102,5.062524347529028,5.102881338073842,5.104623587831444,5.106448604611187,6.043040043414683,122
622,5.137872553144447,5.140205101654093,5.103200420909511,5.081306685808843,5.062833937475241,5.104546921506008,5.105390064715239,5.105195841529909,6.036897203429242,122
623,5.137066584015262,5.139909725192297,5.102595258130734,5.0827996564774125,5.063615955359468,5.106242308220509,5.105484163730989,5.104103136874153,6.0430946270604755,122
624,5.1359801032463395,5.139726086472407,5.101493957716112,5.083412285455803,5.064921072420352,5.1077349182588625,5.105844720457229,5.103129818078515,6.040060038876921,122
625,5.134496252920382,5.139388352880089,5.1010135065210225,5.083854194054195,5.066159067656233,5.109781889631163,5.106357587589915,5.103051293960656,6.044954736550569,122
626,5.133546556055185,5.138881571422532,5.1013851485104365,5.084473620030925,5.067068864868511,5.111725257856543,5.1066913527734075,5.102499608207537,6.030036733505977,122
627,5.132712794838865,5.138600391297143,5.102284253103094,5.0851317048241835,5.067843796702763,5.114345847110199,5.107156215861041,5.102350102835782,6.038057311376875,122
628,5.1325080496356,5.137802089012334,5.1024819999666216,5.086346698202152,5.069230173909383,5.1167583153596405,5.1086751190058735,5.101251673177909,6.050508820986327,122
629,5.133117573465333,5.137474524819995,5.102537288559522,5.088482195009883,5.070655063413187,5.118803089658751,5.110710438250939,5.099732030286578,6.039141011721095,122
630,5.133287822240954,5.137717086387137,5.103133619572847,5.090532219187137,5.071808400048719,5.120509842698823,5.112952766149587,5.09832705991109,6.0387585239238915,122
631,5.133282369978784,5.138789327458338,5.1045102972837615,5.092444718490712,5.072814453662346,5.121973062994456,5.115176047595276,5.096317068697703,6.04487886283074,122
632,5.133447287693326,5.139571723614029,5.105964649964955,5.0939374498522305,5.0738531862613,5.1234542197527215,5.117794389240745,5.09421670824268,6.039412720092929,122
633,5.133150281033068,5.140748359858954,5.108098740235906,5.095145078610458,5.074201400233461,5.12457528210433,5.119809029597526,5.092101292293686,6.040064150176359,122
634,5.132558071582732,5.1425097209983655,5.110302507527493,5.096052967686073,5.074741208710616,5.125783681557065,5.121491121678133,5.089976124629129,6.044257062552888,122
635,5.131695467638565,5.143265544940317,5.112172124772574,5.097243902876686,5.074943929715271,5.1261502722395,5.123328669984978,5.087435756478207,6.036324025824198,122
636,5.130783301064223,5.143296870337279,5.113716000688683,5.0975307291803045,5.075657654183916,5.12624755367168,5.124888887350888,5.085215107782202,6.0331909466710645,122
637,5.131245636150275,5.143241263784837,5.115532083972686,5.096925167507832,5.0765347229734195,5.126672050927564,5.12593973061801,5.08331751269014,6.041615179669925,122
638,5.1314692558541015,5.14257598400886,5.117337135768892,5.096636481096532,5.077374994842932,5.1268260701790265,5.127499250975569,5.080970316182462,6.038774171569287,122
639,5.132030545919902,5.141525376265054,5.119433763709292,5.0972259778997735,5.07771897887943,5.12712633983385,5.128606823169185,5.079031117244276,6.039850635741597,122
640,5.132424214536644,5.140775567832934,5.121246931451287,5.097681833868125,5.078284933574027,5.127565062519958,5.128942902236002,5.077279595888415,6.049746306709248,122
641,5.133253110090505,5.140302382546013,5.12278204224098,5.097766686113875,5.0779806789774184,5.127437945138981,5.129360615908421,5.075521520060338,6.036896710468726,122
642,5.134801285077407,5.14053960896444,5.123881682586143,5.097515531126108,5.077589032488618,5.127704515221003,5.129009140588419,5.074542335903215,6.035636022043091,122
643,5.136169893543044,5.140724262256974,5.124690332000563,5.097246480943419,5.077316780471141,5.126821314756668,5.128378618198512,5.073272863691035,6.0406068682908085,122
644,5.138343322951796,5.140769981980023,5.125636630214341,5.097059037382344,5.077177372210233,5.125831854593896,5.1275653129643946,5.071852936116137,6.040492351356203,122
645,5.140056164303521,5.1408754224375155,5.126768075456987,5.096893884734714,5.0766835244854285,5.124868800314644,5.1275301641145585,5.070989397365553,6.044758818397807,122
646,5.141735553178821,5.14094192214789,5.127520087182962,5.09713416325077,5.076662322033027,5.123304331423137,5.1272544058555365,5.070572201775887,6.042451158351556,122
647,5.143276168855306,5.140278442976227,5.128363239062653,5.097452756854682,5.076324228508939,5.121722626084564,5.127033290066233,5.070421391396936,6.043514250471481,122
648,5.145881224752701,5.139478392747297,5.128752913767281,5.096737173343091,5.076232727658249,5.12000542196655,5.126966953526893,5.070866214212657,6.041194212704583,122
649,5.1480331333405775,5.138667000661428,5.128695749843672,5.095964840293288,5.0763285530407245,5.117819334628156,5.126715149041248,5.071768585438471,6.042802199460702,122
650,5.150938674595832,5.1383669402923715,5.12842373398548,5.095716874537065,5.076458657449564,5.116103721105861,5.1265767181417825,5.072626648673934,6.036230795533005,122
651,5.153896248601358,5.138229433344238,5.1280632072156696,5.095194470715416,5.076718764103332,5.114306721241799,5.125314547258797,5.072802648319014,6.04055446864581,122
652,5.156303039289508,5.138115132182534,5.128004339591675,5.0945216755611185,5.077612519620105,5.112262776163493,5.124079993226176,5.072143125207758,6.036549806582058,122
653,5.158127600643381,5.137946159775751,5.127821641201324,5.09452437300951,5.079563075788679,5.1107469068164795,5.1225108400052655,5.071172141366704,6.043973107081211,122
654,5.1602702690129165,5.1381378554430945,5.127555594575596,5.09518507960988,5.081238714243176,5.109355320664806,5.1205257513951095,5.07103316974232,6.041585980479055,122
655,5.1620794664173095,5.138519121978993,5.126409293832467,5.095568801256169,5.083103732901922,5.108136478773966,5.118168751330467,5.071408211976331,6.043083570427679,122
656,5.16361364437432,5.139824901090243,5.125986132130416,5.095453344637624,5.084894097768851,5.107320673977265,5.1163216728886525,5.071890229432887,6.045578234312486,122
657,5.164901946447017,5.141017687925935,5.125574674505101,5.095499274661064,5.086476921776336,5.10637490623162,5.115007493669459,5.072224047435574,6.045027512715633,122
658,5.16616841347922,5.142392022863254,5.125608694747655,5.09601800168789,5.087696957665813,5.105023816109672,5.113734767068241,5.072708538341484,6.034273018868365,122
659,5.168013190653099,5.143715459777969,5.126305254093646,5.096419106152279,5.088639190325096,5.103290427808204,5.113257225957731,5.07312886001778,6.048856327576257,122
660,5.169482373857932,5.145198857969627,5.127095842226499,5.096346560298381,5.089846157963123,5.1011069160788285,5.113171178376945,5.073150765489748,6.042936055684891,122
661,5.170561572624226,5.1463967425865675,5.1273707814592235,5.095471427168733,5.091504081717835,5.09879875318356,5.112782861220566,5.072690895091489,6.034081743128297,122
662,5.171013911933691,5.147593659780586,5.127084957496941,5.094931042308911,5.09340339692632,5.096885596866939,5.112627047710406,5.072753214250198,6.051351425842901,122
663,5.171070885504276,5.148387615660441,5.125911778238869,5.093907645085207,5.095453039530747,5.094696622887634,5.112476229588028,5.072656410897775,6.032063741941369,122
664,5.170667242813149,5.150055138155567,5.125558221017741,5.092376259786856,5.097209580837274,5.092663124152633,5.1120052969377,5.072851320664567,6.043068605158443,122
665,5.169889658733093,5.151563670345311,5.125115786181233,5.090115967138786,5.099030148452782,5.091100689127518,5.110978169139464,5.073205007137332,6.048654047236372,122
666,5.16938462561033,5.152452183409698,5.1241618653288175,5.087165756795828,5.1013047309051744,5.090353624842946,5.10994900176598,5.0730729207323915,6.037467816212354,122
667,5.168523192446136,5.151861428915936,5.122435821227935,5.084047079835246,5.103445054000392,5.089552820774182,5.10868120053108,5.072918888230949,6.042333720466516,122
668,5.166739312112162,5.1517276871671935,5.121117998794367,5.081495166821514,5.1045255501330455,5.089059449418048,5.1075046529898955,5.073146169537273,6.048762930004107,122
669,5.165368637477034,5.151250016354446,5.118948441590549,5.079223920079153,5.106486031397493,5.088982938933675,5.106908010248656,5.072269275162981,6.039051102557232,122
670,5.164467789221394,5.150514650456227,5.116354510769365,5.076605873056044,5.107591601898967,5.089389670563434,5.106399789290622,5.071504251578707,6.036710196625281,122
671,5.16499712379699,5.149885080848227,5.1137129081911015,5.073127029043301,5.109307500174488,5.089668892596151,5.105764674866968,5.070406591897405,6.031117562928924,122
672,5.165869710706628,5.1495315597155145,5.111572493414061,5.070110407566544,5.1098443233364375,5.090148479519287,5.10595583089602,5.06857796626459,6.04230454107077,122
673,5.165452320764132,5.149543962121489,5.109098310335763,5.067475355644313,5.11047474643185,5.090813361377729,5.106393172023598,5.0669953174288995,6.040537266922474,122
674,5.165319298609079,5.149524602714015,5.107270278084805,5.064231158710298,5.11162002512571,5.091735777695657,5.1067164553632525,5.065789413865526,6.045011781308056,122
675,5.165088548556951,5.149998359872031,5.10511886540221,5.060886768793544,5.11315629581166,5.092685967093487,5.106584098154688,5.0643923521757905,6.041125670836633,122
676,5.1645384319507635,5.150569536050562,5.102965839798834,5.058471071358683,5.114588433845343,5.093350797308137,5.107737254250282,5.062682049385314,6.049393804459195,122
677,5.163627254662973,5.151005545068741,5.1012819391172055,5.056787785008216,5.116398959808894,5.093624933205122,5.1092327904937935,5.061482048572624,6.040376519592822,122
678,5.161470408707956,5.150879437834328,5.0998583563692605,5.055402135886622,5.117869338992727,5.094878312142001,5.110748511921894,5.059912934753032,6.0445059122420455,122
679,5.159629346738385,5.151227744496324,5.097917831439775,5.053850769812829,5.118954829993166,5.096972143015935,5.112229722847809,5.058563719972065,6.047896931731672,122
680,5.157819767548518,5.1516599593501216,5.096585226717352,5.05206273515914,5.1201591783570155,5.099295552800952,5.11338957536062,5.057136115995932,6.038765561176607,122
681,5.156232677337401,5.152524945886652,5.094891904132159,5.050580379040836,5.1212482742637535,5.101828957199639,5.114818518343944,5.05535034549922,6.0431951931982155,122
682,5.154741492536457,5.153335893755719,5.093422388384006,5.0487756599351385,5.12264683894355,5.104685281288785,5.115987743556781,5.0534623022458875,6.034643414921678,122
683,5.153102002770358,5.154099781430004,5.092350025122149,5.046391165237038,5.124114790766461,5.107156213041081,5.116826040470588,5.0517571758833055,6.045790451011696,122
684,5.150985871279986,5.154685599127878,5.09152901615567,5.04465543801862,5.12542800389448,5.109734746154322,5.117378326576558,5.050227211640534,6.035148722711138,122
685,5.148573127604372,5.155236742372388,5.091234346958837,5.04343159615874,5.126548944829671,5.112414670460701,5.118294496547284,5.049204198809006,6.041312574873385,122
686,5.145942906101498,5.155890388630425,5.09104759471716,5.042299934100313,5.1277381852731585,5.114632137293385,5.118727329511522,5.048484275763977,6.032466108952466,122
687,5.14346872627439,5.156421753437719,5.090508938980344,5.041251257056355,5.128766807073044,5.1165756542827285,5.119567334110931,5.048250466743367,6.044043635553356,122
688,5.14145829934713,5.156774357006251,5.089883258166036,5.040692797210221,5.1293416306181925,5.119212462802416,5.120534666983492,5.0480219407386375,6.035517858257753,122
689,5.139662995183805,5.156914741258256,5.0894357130629855,5.039382420961413,5.129353044699279,5.120444104971539,5.121600818821747,5.048458068126673,6.036943339928874,122
690,5.137533456564833,5.15678881925617,5.088627247929658,5.038120191710227,5.129355297260717,5.12164958684823,5.122974499005117,5.048819292286051,6.038741744455999,122
691,5.135375921686263,5.156500734936624,5.087904085828292,5.036608610642002,5.129356031410036,5.122532791466213,5.124799056637266,5.049151267655617,6.054301375185898,122
692,5.133584662958912,5.15564701476439,5.086749479529953,5.035112660254884,5.129199049508211,5.12350774659138,5.126239299683648,5.04883331953749,6.051958963231058,122
693,5.1325007053456115,5.1550268671913715,5.0858165463751615,5.033618279205436,5.129274966054264,5.124440373943396,5.126979055432972,5.048843581667658,6.0468648859208844,122
694,5.131101766157018,5.154234861993518,5.084743125592398,5.032439183726353,5.129568966974235,5.125361295909947,5.127826685997292,5.0495384841129045,6.049502599450665,122
695,5.129402897002361,5.153301681565673,5.084033230839363,5.031454355145437,5.129752877301607,5.126554233533863,5.128442468209693,5.05064602649322,6.045314619752413,122
696,5.12766806146795,5.151943132997941,5.084063870600049,5.031093379897753,5.128861313419482,5.127766346154157,5.129169543500868,5.051741653378072,6.046860938244772,122
697,5.126146265330199,5.150688034525924,5.084320227824637,5.031749839683952,5.127538164890226,5.1288831855189745,5.130401900957111,5.052680321020906,6.036837320892091,122
698,5.125050455174721,5.149260896786966,5.08462922700308,5.032713855221455,5.1254031446408215,5.130481915450646,5.132128567653515,5.053795522686748,6.036815059958977,122
699,5.124265906372811,5.147376679342903,5.084779539387164,5.0342588881695605,5.123221201857432,5.131976481167003,5.133404908353814,5.0551796994182485,6.032929497850465,122
700,5.123832539634199,5.144670638141985,5.084675347407179,5.036165056863922,5.121274073473817,5.13340261781717,5.134720864560995,5.056654759431448,6.050821393728883,122
701,5.123777370118507,5.142528638537241,5.0841421099208475,5.038191549152894,5.119750302289828,5.134400554599946,5.136593933439419,5.058380970196348,6.039240548638703,122
702,5.123734077435028,5.14021680786468,5.083964136800283,5.041253675766612,5.1179168076915555,5.134885960498527,5.138621791509286,5.060272204438718,6.050904532805435,122
703,5.1240356917161725,5.139127930632784,5.0844484834472645,5.044212438927112,5.116169829731525,5.1357551613678964,5.1402478264237885,5.061858504495211,6.036547590850862,122
704,5.124990148264866,5.138116931385513,5.084547644179164,5.047146730213106,5.114520389733956,5.136747809137076,5.141337110692593,5.063613467577507,6.043370920180479,122
705,5.125402536714564,5.137212793158301,5.085291013827964,5.049002317418541,5.112386515683845,5.1376555542641515,5.142829150445664,5.065875777249362,6.039019233249406,122
706,5.1252965042748855,5.136363067887438,5.086751546460115,5.051411925367232,5.1112132852468815,5.1381576213774025,5.144385591018056,5.068390699889703,6.043030476907748,122
707,5.124073916970264,5.136000382263185,5.088467323146764,5.05440405954727,5.110069745196886,5.139162620107516,5.145601052439422,5.071078988920273,6.038676592296225,122
708,5.122400950559373,5.135731612512493,5.089573528390215,5.057082047274861,5.10909571462568,5.140427040492595,5.146484597739556,5.0741676917686105,6.046640649520342,122
709,5.121187662056634,5.135355075460907,5.091001863791549,5.059394060577668,5.108490434522254,5.14183545784897,5.14703723363342,5.076982659547617,6.043244874018398,122
710,5.119886166767271,5.135280246942933,5.092203053652421,5.062118482395709,5.108022433009822,5.142930030540428,5.147243416622549,5.080024552442792,6.040844838673915,122
711,5.11832189607553,5.134628422412444,5.093284992570395,5.064914886339536,5.106839188920615,5.144322358773504,5.148202345984392,5.083072700129364,6.046996518249749,122
712,5.117416680721306,5.133875843409394,5.094640993943286,5.067063823019575,5.105146142125607,5.145639314167718,5.148742842958804,5.086688409294069,6.051737565971667,122
713,5.116950123082397,5.1328153310567295,5.096089144939334,5.069416072329312,5.10307644176332,5.1471730009107635,5.14856175708504,5.089878751803995,6.044296146654938,122
714,5.11706035407071,5.132209056813542,5.09707027005522,5.071521673769462,5.1007691124728956,5.147623330201924,5.14846429745144,5.093399614745135,6.0383760268728945,122
715,5.11677597032495,5.13100841627538,5.098591467594988,5.073366221727975,5.09879286802625,5.147910081465755,5.148190895439542,5.097140328575243,6.043871626320941,122
716,5.116091455701142,5.130144453885719,5.099188824282628,5.075284658013516,5.096317975755806,5.147241326982581,5.148092026003063,5.100500627649577,6.040437651250322,122
717,5.115038736185697,5.128431810826418,5.099998344210558,5.077270030325081,5.093889457838346,5.146099581410343,5.1476748028661685,5.103703668539743,6.051285678733234,122
718,5.11434745138784,5.126143475520477,5.100833748574324,5.078900583779796,5.091824409941042,5.144348013401903,5.148187142839888,5.106378719366256,6.0347933107512,122
719,5.113908809071511,5.12416874473016,5.101252137642331,5.0807160141012435,5.09004772632366,5.142709861647827,5.148986702468939,5.108837975429282,6.051048974226244,122
720,5.1139749407072745,5.1224108090628055,5.10175866603471,5.082574249092694,5.088184565453069,5.141486769080238,5.149479416421007,5.110765567724047,6.042953841925857,122
721,5.1145474621515605,5.1209382245686434,5.101901440268778,5.084460289768529,5.086039461394844,5.140309692481788,5.149355088786515,5.112487938094357,6.045636726013138,122
722,5.115236760115702,5.119523764974652,5.1018917538817075,5.086037001501937,5.083471576509238,5.138888507606979,5.149720376135864,5.113558243868262,6.045474769900176,122
723,5.11522166624669,5.117307646740198,5.102336229160348,5.087389055221655,5.081075879229887,5.138057464406391,5.150147943003702,5.11420124797281,6.0446869807141645,122
724,5.1150965492473635,5.114800624653856,5.10297096205606,5.088621640566728,5.079221341956547,5.137044692173861,5.149902615169907,5.11458263921816,6.0383785050755145,122
725,5.114821148828373,5.111952870091523,5.103438769762258,5.090814446372489,5.076730091030223,5.13621328064821,5.149521512571071,5.114650760135451,6.038716925264782,122
726,5.114375177632809,5.109225192292492,5.104414917978707,5.09297837314536,5.074299849099506,5.135209278658669,5.148868215771859,5.114860757149692,6.04789692296015,122
727,5.11382114034773,5.106421135760964,5.105324782709175,5.094961684580532,5.071908973048895,5.134567623517009,5.148567922282392,5.11549449714643,6.051524123006701,122
728,5.112871611811423,5.104143343301338,5.105949900483431,5.0969372876834305,5.069901804817356,5.1336203034720445,5.148331669572936,5.11676509776213,6.048588370841982,122
729,5.1114270121070335,5.101949165830073,5.106600521419656,5.099333755573288,5.067891701401898,5.133014182572935,5.148549880213933,5.117982725493754,6.0441051050212415,122
730,5.1099451808236935,5.099956835385517,5.107713353352748,5.101160629066941,5.066339787279349,5.133060219178869,5.148541868699982,5.118290573351837,6.0487820119166775,122
731,5.1091518355546715,5.098047124781955,5.107971518210721,5.103088140621782,5.065017508336895,5.132492792764452,5.1483472744357615,5.118058716974745,6.038389874170034,122
732,5.108911450402353,5.096480178246563,5.1078088933488015,5.1047154661487575,5.064200810149815,5.132281097855244,5.147804882890392,5.117769483243524,6.045829757495868,122
733,5.108637037345303,5.095316747465638,5.10739797599325,5.1055603995563335,5.063314726761368,5.131770021670895,5.1470313225744055,5.117339472013221,6.044059269447522,122
734,5.10773823994264,5.094442682817714,5.106986475251505,5.106353995696957,5.063351646476056,5.130589997998274,5.145969163713803,5.116191663700582,6.040554734717505,122
735,5.106847396652524,5.094376884312133,5.107219833193859,5.106578116876127,5.063414854419072,5.129365997072643,5.145270210810903,5.115368637641172,6.043862358155728,122
736,5.106174671026422,5.095345930152957,5.107241175936144,5.105938281808377,5.06399969371947,5.128278348205496,5.144286833716008,5.114573283534133,6.035566611849056,122
737,5.1056734102677455,5.09615917510042,5.107740652309102,5.10514580294042,5.064070759343752,5.127457117831504,5.1430336613253615,5.113819217424815,6.046485482901371,122
738,5.105334777437158,5.097266485320155,5.10792547944861,5.104082194776389,5.063889815038159,5.126283163803283,5.141760506995956,5.113081719336828,6.041409601490455,122
739,5.104728480920492,5.097635261966985,5.108046932747013,5.103599244174457,5.063621158294017,5.124591940478927,5.141728405030823,5.1125723985708955,6.041843921127103,122
740,5.104127766765744,5.098092784167376,5.107691474725338,5.103356795140423,5.064123580605791,5.122105293850542,5.142229281059137,5.111489401389933,6.053988807556406,122
741,5.103626905819487,5.098569905736845,5.106937447089949,5.103361529489968,5.06484951571019,5.119675652145574,5.142286812528967,5.109920339118373,6.050223814228946,122
742,5.10315174758993,5.099392770883465,5.105846335650108,5.103221811245518,5.065109475291921,5.116908996978721,5.142191608418499,5.107820650276395,6.046785296824,122
743,5.102909374843905,5.100126298627158,5.104721683249156,5.102980178765403,5.065147609993982,5.113476491673295,5.142163850877204,5.106139078174474,6.043376211076339,122
744,5.103029347353316,5.10063056497382,5.103920174237449,5.102636604598617,5.0655122667525365,5.11032836678726,5.14175905694624,5.104684490701532,6.037660872544302,122
745,5.103248244063049,5.101133226054351,5.102461345081165,5.102995331338138,5.0656455134092635,5.107071851333208,5.141893604165091,5.1031481862439545,6.052067048289264,122
746,5.104130348971688,5.101690147226396,5.1009549180986475,5.102975805093826,5.065818576462706,5.104220040737735,5.141805446184439,5.101458631743811,6.055876840051697,122
747,5.105057599198673,5.102609897370819,5.099544782247936,5.102674032503801,5.066551575441686,5.101374050122395,5.141700271909103,5.1002724830768225,6.04257579821498,122
748,5.105540592159132,5.103375990742945,5.098438179812398,5.1029018759924,5.067383109441878,5.099184207375494,5.141546611677423,5.098665961599311,6.042572280120942,122
749,5.106336367295377,5.10406122464714,5.0965602321317895,5.102729158085097,5.068749406339732,5.097164638559249,5.141660035106472,5.097480566108787,6.044470382561202,122
750,5.106965007100724,5.104216726981679,5.0950561430097565,5.103254394946667,5.070833786667588,5.0950720115407115,5.1413494014530965,5.095809379217997,6.049849283310558,122
751,5.108038319899101,5.104213479839931,5.0936601862056285,5.1034209739584595,5.073280734433657,5.093023634576893,5.141671730237576,5.0944966298868435,6.043547911647268,122
752,5.108941190849016,5.103729266264944,5.0925001821738185,5.10390404279247,5.075660657593209,5.091736822962877,5.141495348184259,5.093570318949246,6.046409156382633,122
753,5.110066854124317,5.103562165348272,5.091636664017166,5.10454935424926,5.078158134184856,5.09107352794992,5.141303357842133,5.092760420661586,6.03818616254392,122
754,5.110868975978915,5.104294616416555,5.09108068876193,5.105900861171422,5.080335727576392,5.091105573768649,5.1410492042424085,5.092291151304084,6.040983092281938,122
755,5.111332631138165,5.105424338519317,5.090634997379005,5.107287812262574,5.082257015205627,5.091270444000645,5.140585561003825,5.091986224405938,6.048520864602799,122
756,5.110597200941292,5.106324822739501,5.090401271377605,5.108912966292143,5.084131800204963,5.091616396229263,5.140719446634616,5.092314510059543,6.042196090838508,122
757,5.110278088846622,5.106647248195161,5.089873726406452,5.110130926664135,5.086262323171722,5.092259721136862,5.141877030328782,5.092506468135936,6.047571603242413,122
758,5.109949356093235,5.10713645528993,5.089363152046293,5.111376926992441,5.089089046629962,5.092859952675077,5.142491254657344,5.093448283608009,6.042103808425997,122
759,5.109242416746321,5.108527633321367,5.088486103444943,5.112745853224126,5.091554122123104,5.093455256002654,5.142828455848106,5.094358759444465,6.043644985037347,122
760,5.108401866913537,5.110183119689882,5.08731307982913,5.1139630506348706,5.093889336180852,5.094143907351162,5.143578773824529,5.095861923898572,6.043598441500935,122
761,5.107271728961219,5.1125573763791845,5.086350459516205,5.11423322207796,5.096572854221374,5.0949323178382935,5.1440802383977715,5.096902661737438,6.039678167246323,122
762,5.1065956717411,5.1149239015263674,5.085708647229519,5.114409965772408,5.099048051694703,5.095934217261969,5.144559184363894,5.098162125552211,6.043901656180914,122
763,5.106165318198548,5.117580246356688,5.085671023762559,5.114895799625161,5.10127975083926,5.096654475061271,5.145011969546696,5.099198590807781,6.045219311889986,122
764,5.1059182457612575,5.1195195101631175,5.085785725776298,5.115366542015023,5.102901412773245,5.097110937188578,5.14525344862284,5.100251843369143,6.0486569460142565,122
765,5.105451673596795,5.121687205446933,5.086035764120695,5.114936375700676,5.104564377363957,5.097641688548086,5.14584950863769,5.10111368399699,6.048788137289443,122
766,5.105065736386068,5.1238273892929005,5.085780786987549,5.114695760334245,5.106079366615918,5.097555517809269,5.146365937390996,5.1022326136644836,6.050024752777292,122
767,5.104309007903507,5.125891600697348,5.085573604356679,5.1145838054132575,5.107425174481791,5.097874158415353,5.146938662820857,5.103411097502294,6.042226688249383,122
768,5.103362031233002,5.127716364662908,5.085737729243987,5.114303384166143,5.108824402024033,5.097955822351101,5.147249566924851,5.104534615980173,6.043140253143242,122
769,5.103165537687293,5.129690433854488,5.086050830961504,5.114452905300473,5.110027240102932,5.09832165073008,5.147425038132756,5.105641450575574,6.040278427223879,122
770,5.103046023730015,5.131069002371608,5.086615015182575,5.114366377653186,5.110085334012796,5.098964773180194,5.147728123258979,5.107073834890696,6.043293133614218,122
771,5.1025906212406635,5.132431375348798,5.087143059989408,5.114416037895815,5.109347073422304,5.0997035427760755,5.147869962600858,5.107674760732807,6.051161275811396,122
772,5.10233368244063,5.133313252375597,5.087318377797755,5.114998664981881,5.108197149343027,5.100745670461271,5.147625425464449,5.10844184272571,6.048921126707228,122
773,5.101739920052708,5.133646253782848,5.087573726589436,5.115777078311927,5.106903969967378,5.101619162679717,5.147646771328766,5.109003228690286,6.040525066494406,122
774,5.100725302416471,5.13402207165665,5.087912437617877,5.1163772471893125,5.106262668332148,5.102835677483274,5.14703402683284,5.109229148612316,6.03976531814059,122
775,5.099924283566094,5.1348544626346575,5.088594354504367,5.1170486379154525,5.106460123690441,5.104933306572365,5.145662400010938,5.1102331053601,6.047752374263639,122
776,5.099413988154936,5.135031719181864,5.089700087176566,5.116991813327747,5.106471145041545,5.107566342397107,5.143956864917422,5.111540522012895,6.0497687893994385,122
777,5.09958223067294,5.135055671437667,5.090939601068248,5.117311975129716,5.105985133783825,5.109913891224688,5.142136502637874,5.113392607896026,6.04346869946978,122
778,5.0991878823611785,5.134688723577848,5.092182637908563,5.117884315064428,5.106024790798382,5.11268150297772,5.1407416297786686,5.115546186268041,6.0489926363993005,122
779,5.099430449559387,5.133919181822712,5.092847282382404,5.11844173588296,5.106120314255789,5.115984943156164,5.139357459167064,5.1171729001393444,6.05096804847969,122
780,5.099378860041794,5.133216222739861,5.0932539849988245,5.119557601135369,5.106319594744202,5.118668854180871,5.138899518661542,5.118586951033723,6.050879678326414,122
781,5.099165564637447,5.133259982300191,5.093851833763869,5.120115710775793,5.1065694708304346,5.121645271957566,5.1383762583372175,5.119601009368661,6.051367589889337,122
782,5.098587720023384,5.133046328451559,5.095004852612884,5.1207919593607265,5.106541468844858,5.124481311544747,5.137834831635196,5.120026045260934,6.043013638305167,122
783,5.098387651626144,5.132740804894386,5.096216288598328,5.121352353229708,5.106782633815323,5.127227228974019,5.136858985829084,5.119850342660563,6.046157969862352,122
784,5.098404435562875,5.132494439529044,5.096459963754968,5.1213202136058875,5.107139265738262,5.1297048503712634,5.135482114674821,5.12036768870127,6.048411088312005,122
785,5.0980949787590815,5.132636996650735,5.097114543526799,5.121502222241096,5.1071940544391925,5.132604499922326,5.134407678774954,5.120852457544164,6.04474228893375,122
786,5.097851751244359,5.132891711440831,5.0974995445081,5.121183612054077,5.106881893571556,5.135480975515534,5.133525821753823,5.122227294507427,6.048151914112088,122
787,5.0971194194647484,5.1327822709237365,5.0972583986177735,5.12116546206634,5.106089646967028,5.137743772250602,5.132080418459245,5.122941861485531,6.044581385054619,122
788,5.096304566910618,5.1331779612761865,5.096765193823415,5.1207868293176535,5.105848801882584,5.139807652816808,5.130866752148481,5.12381103451995,6.042628758668344,122
789,5.095490934056247,5.133557424930616,5.096115438737559,5.120115786218582,5.1053673789164575,5.14160169938167,5.129700646292946,5.1247729807515014,6.045210129685197,122
790,5.0949610976849495,5.133803026384144,5.094963817105359,5.11911263298752,5.104814494362648,5.14344268635493,5.128120192761951,5.125892857195925,6.046791565735075,122
791,5.094930294670171,5.133406763290029,5.093364817374933,5.11824896413917,5.104474131303549,5.144969221831948,5.126955406537725,5.1273466256116835,6.052472309828518,122
792,5.095426753737472,5.13277100174416,5.091867183404763,5.117253782577137,5.104410777065189,5.1456138751001355,5.125389824324011,5.128506390105819,6.046454860408616,122
793,5.095405866997438,5.132521896300897,5.091030182733313,5.116492313914707,5.104135086512947,5.146255244638009,5.123385009464627,5.129640621495676,6.049776164644624,122
794,5.095021707045678,5.132216450957472,5.08973612474543,5.115339091819228,5.103086018581023,5.147342275939555,5.121814565673104,5.130402404587515,6.047813379121012,122
795,5.095520597773954,5.131928196524233,5.088702437666981,5.114691899728134,5.102048348967312,5.147904751935215,5.12061751152279,5.131677334023469,6.0440438346597,122
796,5.096141835206389,5.132278501306958,5.088114989876112,5.114107331735595,5.10113301291976,5.148434040362417,5.119576593045246,5.132654204194829,6.045728655530997,122
797,5.097001359441054,5.132287332885406,5.087578077763685,5.113677374890636,5.100535599611259,5.148972888925224,5.118634394596501,5.133720068363892,6.054259078593438,122
798,5.09783431112817,5.132393663980518,5.086693362511696,5.113178679266385,5.100286025534912,5.1494561573877355,5.117868617032457,5.134367763993433,6.045903664070567,122
799,5.098842377531657,5.132006750807856,5.085725252218692,5.112741425410652,5.100172476690733,5.150548783917696,5.116374192518197,5.135382669853351,6.041612175205813,122
800,5.100181447646971,5.131478288002815,5.084810821202954,5.112359877563566,5.100458145006623,5.151725480860663,5.114738296623968,5.136189863587723,6.04310351939195,122
801,5.101858770518694,5.130535453960874,5.083473029537145,5.112322837399704,5.100460476626928,5.152839892466673,5.11346617777399,5.137186633405646,6.045728089607885,122
802,5.103704035967956,5.1298961607552425,5.082236386407255,5.112283855275607,5.099990185533835,5.154606263710647,5.112171854848109,5.13815496438163,6.042276470320211,122
803,5.106000899345359,5.129053663289604,5.081240108040066,5.112262069957369,5.099920576958297,5.156632373082605,5.110725506188851,5.139331468155879,6.050114631874429,122
804,5.108579749354481,5.128303604820869,5.0799467871512665,5.11238775538644,5.099155901498017,5.158811628307994,5.1093217050726665,5.140451656712566,6.043698972184689,122
805,5.110646132642547,5.127305964879813,5.078695720492705,5.112590521819781,5.098593964470077,5.161136214424472,5.108398541788859,5.141409584221568,6.041260427872709,122
806,5.1130931230367125,5.126572868299512,5.077317166244619,5.112934116260353,5.099068897987928,5.162955409523458,5.107453866509448,5.142468567378327,6.043519272272606,122
807,5.115201023370944,5.125496552514207,5.07608240332397,5.113227492557008,5.099932940892942,5.164737826558642,5.107159661032948,5.143737218937261,6.047620642459102,122
808,5.116892788804344,5.124082878125053,5.075113655743227,5.113274832499587,5.10055395601457,5.165700663284809,5.106842861527637,5.1446498407115815,6.038486826532352,122
809,5.117910761588,5.122965150408701,5.074205451789373,5.1136406637238725,5.101721524228298,5.167071533090352,5.106016300572364,5.14559790177201,6.045386667490877,122
810,5.118794420538821,5.121678799277672,5.073466047124703,5.114631279577572,5.103189625201245,5.1684499504553205,5.106070495725589,5.146391339874792,6.041455800896379,122
811,5.119554153088599,5.120442140402178,5.072945829326195,5.114940838442762,5.1039132911498175,5.168981879077974,5.106803688610627,5.146683265515392,6.040440881466927,122
812,5.120267778305754,5.119380958183582,5.071588876257758,5.115104430722945,5.104415320745776,5.169170348672258,5.107863456068108,5.146522877269801,6.050379187146879,122
813,5.120242289630115,5.118603989466326,5.069795857846243,5.115122960540975,5.1051883919759025,5.169547615950046,5.108993753668075,5.146493250515807,6.046610192324502,122
814,5.120200520028286,5.11835295669775,5.067851105687586,5.115229896001186,5.105663976528507,5.169373311790721,5.109504305410837,5.1463583451213974,6.051595309805985,122
815,5.119556192032734,5.118381531585117,5.066653246386899,5.115393460783197,5.105975715771261,5.16874730708272,5.110707881755607,5.146289882876566,6.046252561854392,122
816,5.119082578713771,5.118762101864134,5.065590423488686,5.115164557011389,5.10576690061329,5.168130274275892,5.11150850898896,5.146529996288743,6.038298327796092,122
817,5.11822479360225,5.118783697497479,5.064441040778526,5.114890472145316,5.1055191847866315,5.1670167059191145,5.112328646613381,5.147057506211187,6.046296403067595,122
818,5.11725703334248,5.118830287101688,5.063122968712287,5.115040814729781,5.105557137282064,5.166213401884756,5.113279028845071,5.148235817737166,6.0512573876401765,122
819,5.116108848852198,5.119107106842366,5.061942453567615,5.115622779382973,5.104939268849781,5.164620005931223,5.114315264050951,5.149738863669166,6.042007842468693,122
820,5.115007390405947,5.119555804776347,5.0610915635334885,5.11707076571174,5.10441934975773,5.1622784935348145,5.115946123016309,5.1504172565296065,6.0374026818272,122
821,5.113450875326226,5.119830991703073,5.060225448974376,5.118330757567216,5.1038595437627405,5.1594379846136,5.1172330807830395,5.150669438593445,6.057642254251348,122
822,5.1121322437277925,5.1205491291809375,5.059282716068454,5.119388585176559,5.103355695400985,5.156847878258197,5.11846749111475,5.149755663544727,6.055407998378216,122
823,5.11147726261667,5.121779947959078,5.058535976930088,5.120600549548078,5.103226495104198,5.154904008400155,5.120130107767024,5.149110413517325,6.058796076723637,122
824,5.110908723751299,5.123166912647591,5.058270510200787,5.122083255157353,5.10355837487793,5.153657446015565,5.122210361464051,5.1482391312823985,6.046417636294144,122
825,5.110311587421164,5.124534877877294,5.05833631234817,5.123292305564453,5.103977398006318,5.152523550960726,5.124346371550848,5.146947993461421,6.0516030376646786,122
826,5.109524007149986,5.125534084300638,5.05839056072225,5.124653969188951,5.104621778887691,5.151212533564465,5.126473525216962,5.1459815391223565,6.050251042192908,122
827,5.108346470233204,5.126373647410768,5.058814245477424,5.126281785947541,5.105430553014379,5.149859212368826,5.128319524156901,5.144880110387175,6.051972278008826,122
828,5.107091609381795,5.127534420846878,5.059191978492466,5.127976942807813,5.106192988536779,5.149013573260939,5.130065045679542,5.144032779105042,6.048805672608535,122
829,5.105846549242333,5.128545198734114,5.059745736901293,5.129886913948914,5.106778916986075,5.148106708169784,5.131848643958153,5.143208480977156,6.040135225759064,122
830,5.104967519656032,5.129269870777842,5.06062565359548,5.132039898431724,5.1075149544330865,5.146811053757709,5.1334918822591415,5.142286910977445,6.04573792906231,122
831,5.104183052134156,5.129945894010666,5.0617526361824,5.1333471296746715,5.108419144667977,5.145680910539511,5.135304824443111,5.141033440288334,6.049073817041956,122
832,5.103562609356019,5.1300601977547995,5.062416711653544,5.134443732367702,5.108807280359274,5.144081424450745,5.137192640653368,5.139211084099068,6.052111578965101,122
833,5.102799886798158,5.1292828036120905,5.063316943053409,5.135416973671717,5.108871635498527,5.142721981257987,5.139063663343647,5.137562542248895,6.050432330178812,122
834,5.1016422437161,5.128103431406086,5.064389384172451,5.136524839747535,5.108801150188988,5.141576752173879,5.141018484819435,5.1366000242539105,6.045209326817075,122
835,5.100453524528527,5.1274786927699,5.065237110465903,5.137580147736463,5.108651731440721,5.13973867005981,5.143353939537714,5.135424486462039,6.043725311718352,122
836,5.098838185910001,5.127402640267696,5.066173315521649,5.138294842323383,5.108407397153789,5.137982569848109,5.1458819966831255,5.133852202591386,6.0492174206634965,122
837,5.097476226517891,5.127183433733584,5.066917693121755,5.1396445525613546,5.107936893092534,5.135984599926964,5.147775535200473,5.131903864389569,6.047664308456086,122
838,5.095929477665199,5.126687165087193,5.067639028851622,5.140824392989888,5.107621631971092,5.133058693494082,5.149839943924772,5.130120941711805,6.045787775793956,122
839,5.093936370638628,5.126595521918147,5.068497013704528,5.141468048316023,5.107030043898735,5.129828008158599,5.15205254032003,5.1284684234984566,6.043381343466939,122
840,5.091419475819478,5.126640734360349,5.069566833155003,5.141855086480838,5.1068304883023306,5.126849705695801,5.154381185715761,5.1268683900213565,6.049230789929344,122
841,5.08909250037698,5.126792555548452,5.070242288238916,5.142635505635798,5.106702274948809,5.123587054291824,5.156264651605908,5.125768622377475,6.051467770491899,122
842,5.086332744515868,5.126739039451003,5.070990777850213,5.143287935065484,5.106411419532963,5.120741410166624,5.157567460110439,5.124540050663441,6.053248680903544,122
843,5.083597018171569,5.126900236920106,5.071467945429272,5.143770161463847,5.106441494682368,5.117176009321589,5.158450888503136,5.1235297938946855,6.044814024692526,122
844,5.08065742261701,5.127516103636527,5.072197674329995,5.144028372020124,5.106704795625523,5.114476153275028,5.159175203230601,5.122530680213718,6.049661412608188,122
845,5.0785138204398965,5.127776511539999,5.072424947988028,5.143512399506362,5.106988652911783,5.111697582663332,5.159631885343398,5.121466349029111,6.0484045463912,122
846,5.077049040758307,5.1279380226810325,5.072528819694213,5.14260344267406,5.106513383889932,5.108736194344204,5.159842112893326,5.1206680528838255,6.04905362782777,122
847,5.076048426806467,5.128199687034225,5.072385718819165,5.142502160240023,5.106093167370578,5.105639133775902,5.159324085296106,5.119824337241877,6.054034717078436,122
848,5.074400960486706,5.128583494655171,5.072496845992962,5.142999849965223,5.10574546566925,5.102777952883175,5.158620607590802,5.11861113276638,6.040912470826947,122
849,5.072816383576571,5.128645959812724,5.073162082174557,5.143614847719013,5.10559661331957,5.099806742064831,5.157702346129575,5.117446116563417,6.0451958400769135,122
850,5.071451640929606,5.128397337432128,5.0742447706793286,5.143431417813101,5.105662419641309,5.097278917592412,5.15669658556822,5.116033938045447,6.039764572677747,122
851,5.070507983837475,5.12836835553337,5.074850453827443,5.14310111989211,5.105432152492064,5.095577874692463,5.155199046533575,5.114688122287276,6.0410686277941945,122
852,5.0696875330300735,5.128076948692385,5.075521761114857,5.1430260685785,5.10501325300725,5.093658890080176,5.153780338658799,5.113103694619644,6.047017178021964,122
853,5.069601622413644,5.127604349550466,5.076568472968548,5.142550304346019,5.104520727849453,5.091730705417746,5.152504112944003,5.111438068200044,6.042644832642053,122
854,5.0701065009205015,5.12712670088305,5.0774265734380695,5.1419394083834495,5.103860449413352,5.089537265745589,5.15144494475803,5.109337823949891,6.050958462265993,122
855,5.070491888063823,5.126336394360921,5.077923254972465,5.141200756598584,5.103534414349247,5.087822897720802,5.150454288828929,5.106920021514933,6.049095612891778,122
856,5.071037807149301,5.125487055362923,5.0784192532832355,5.140257671519684,5.103365140929441,5.086659191987928,5.149016776630596,5.104899049077195,6.048866521660324,122
857,5.07172753764835,5.124549510593024,5.079209347358414,5.1385965527418165,5.103685870790732,5.086021609203272,5.1476692873452325,5.102920001211542,6.053263221313453,122
858,5.07233939106045,5.123541925247687,5.080171007550573,5.137316494994161,5.1038152040816485,5.085426471931421,5.1460531596396795,5.101867800951778,6.050660156139665,122
859,5.072680809195633,5.122917371770501,5.081291115126955,5.13661124201041,5.103971992494758,5.084786901297122,5.144377019735064,5.10052547154549,6.056760615569518,122
860,5.072929055847917,5.122147784159164,5.082318752322104,5.135339365118104,5.103539697221808,5.083407254509698,5.142456562299419,5.099876067065271,6.046005393465301,122
861,5.073594591622791,5.121283189986672,5.083317231441244,5.134020461435496,5.103329531984787,5.081637264255359,5.140774616180854,5.099754088448419,6.049691617059187,122
862,5.0750293090162595,5.120354703868,5.08444911901776,5.132853995670362,5.103030772648875,5.080394918302841,5.139366817274542,5.0989537622688506,6.05715152070653,122
863,5.076471323515307,5.119628977591418,5.085537574987321,5.131510386289269,5.102590518481902,5.079449155274,5.138403562032726,5.097712943008064,6.044780653860228,122
864,5.077831954451985,5.11884214453244,5.0867681495721655,5.129666853742416,5.101480479998839,5.078488195402738,5.137697225944439,5.096417779767503,6.043767115362792,122
865,5.0795243699851245,5.118394323589081,5.0877116547688255,5.127782968278679,5.1006325530496595,5.0778488697712545,5.1363503533735955,5.095169920084784,6.048950730235055,122
866,5.081413162054636,5.118257492904328,5.088814364068421,5.1261044767274075,5.099433386164119,5.077312179521104,5.135009720159652,5.094145051390713,6.044593458398601,122
867,5.082135590608328,5.118013070990056,5.089932607254688,5.125320533914485,5.098579954249524,5.077053676603641,5.133504419360754,5.092807106822345,6.0444448257973615,122
868,5.082760378534204,5.117791475070007,5.090875140354431,5.124731102266465,5.098252331163394,5.0774367695011335,5.131690360125015,5.091995436266279,6.046722930114653,122
869,5.083457427221641,5.11841617898309,5.091486544937485,5.124795273381567,5.098183604573134,5.077611451228458,5.130055308749186,5.09131611822228,6.045053034363694,122
870,5.08375061282314,5.118991079466619,5.091604707808111,5.125085417506092,5.097991336979547,5.077280195181162,5.128428227273326,5.0898415239310975,6.04943571028402,122
871,5.083769016510508,5.118629565224174,5.091356541741893,5.124862385701117,5.097605017014436,5.07761656291518,5.126528817931634,5.088306757501243,6.044531238905239,122
872,5.084210213584182,5.1178143718533,5.091067479842001,5.124834778204161,5.096681739637402,5.077755249435789,5.124849309476216,5.087464297401965,6.049242704402819,122
873,5.084456922283628,5.117280748241836,5.0907283081513475,5.124421932601681,5.096231866388585,5.078360216313527,5.1228331379999235,5.086402358838685,6.053662865325867,122
874,5.084849005919816,5.116924262870741,5.0900841182636585,5.124070486326373,5.095642425525954,5.0795892787908645,5.120236270983675,5.085107187320144,6.040945578064836,122
875,5.085057204974714,5.116621485561087,5.089416713682818,5.12378455861564,5.0953206861806875,5.080454561188235,5.1176399958594425,5.0839412806466004,6.04200805362581,122
876,5.085441533282134,5.116224010782671,5.088471224355583,5.123810303170739,5.095336901610732,5.080770577573613,5.115111872973674,5.082502483510584,6.038680208839743,122
877,5.086171891024819,5.115696949735524,5.0876974105140285,5.122982517507526,5.0953221891640705,5.081157196228082,5.1124141327848935,5.080792842775701,6.041939566772654,122
878,5.0872411949935294,5.1156122528193215,5.086411976642702,5.122248591868781,5.095827610254708,5.081504177070677,5.110213130536195,5.079407282614701,6.051677900659729,122
879,5.0887478398050785,5.115592331328967,5.085873951958286,5.121894507501883,5.096264315653112,5.081987637395175,5.10775398886493,5.078226014887636,6.0463635089069685,122
880,5.090314026872353,5.115548248712127,5.085334122694913,5.122177302348689,5.09660585052627,5.082222181830073,5.105725774264154,5.077411389674871,6.045461094647675,122
881,5.0913363426410605,5.115961879319048,5.085056929507456,5.122909397339061,5.096670446821721,5.082279886442164,5.104338005768444,5.076494847901765,6.040414818502916,122
882,5.091955551358216,5.116057873099605,5.084678154866632,5.12367361518568,5.096771243484944,5.08239854949816,5.102589914621623,5.075598819568599,6.04931858805231,122
883,5.091730384349168,5.116155432151594,5.08397678836311,5.123575210773565,5.097375520639879,5.082628895845827,5.101181447337224,5.075040831753128,6.0422528709811525,122
884,5.092692143607497,5.116193502832505,5.083768812049197,5.123074882066904,5.097882560299631,5.082811769682854,5.10022514879728,5.075094170471093,6.044703446771181,122
885,5.094339337446658,5.116527730766282,5.084009831274601,5.122448135705363,5.098057354707278,5.083532965905969,5.0993416444938315,5.0745909865261085,6.050393293679616,122
886,5.095937881888837,5.116578228034738,5.083877432891369,5.122242526422644,5.098069427743127,5.08431543842071,5.098456640042164,5.074467665397465,6.042142507998424,122
887,5.097269035356767,5.116868983732672,5.0837283124563255,5.122219034036795,5.099122260672556,5.084573945310794,5.097521275892373,5.074419792644061,6.047762686018767,122
888,5.098639032432061,5.116762775083501,5.083940551806261,5.1220395245356585,5.100886641833206,5.08492999608136,5.096603166170623,5.074579734334737,6.05388004804612,122
889,5.099862570804041,5.116927892275184,5.084161757710246,5.122345506719826,5.1025357388409285,5.085268914618657,5.095610242564643,5.074771566455215,6.052492238941011,122
890,5.100693505057153,5.117127778830305,5.083954999316981,5.12282190061149,5.1037182042101445,5.085829509562561,5.0946715232657125,5.074435324355949,6.041491417105868,122
891,5.102039306867907,5.117253414935748,5.084269578219136,5.123157703476254,5.104707657191862,5.086234099154478,5.093949538902529,5.0743191144262205,6.048262624571036,122
892,5.103429175535507,5.117205888877484,5.08509140866383,5.1234398091742595,5.10568205542089,5.086242666952273,5.093622534315305,5.074044241055347,6.056658347994785,122
893,5.105142656250076,5.1173944460707075,5.085620820283692,5.1242436378712295,5.106756965125314,5.086254343642495,5.093019749717477,5.07404535502132,6.0509457487989184,122
894,5.106511738072131,5.117664204124074,5.086376131580596,5.1249900975070055,5.107284010245204,5.08633789536256,5.0931487716003625,5.073653215961388,6.060300625331216,122
895,5.107460675693439,5.1175766285636515,5.087493999287881,5.125537443869742,5.107625392354122,5.08608000938248,5.093439422697319,5.073724660087146,6.052525813646506,122
896,5.108634041292682,5.117288895200378,5.088439401137045,5.126221191050267,5.107989743160028,5.08548425988871,5.093999127319977,5.073497393086475,6.053732508761891,122
897,5.109392274683979,5.1172511615431215,5.089463219911671,5.126572498990242,5.108027589320179,5.084898063500186,5.0944870275685314,5.073192683324761,6.040404612843155,122
898,5.109481464139833,5.117377936721347,5.090447028176924,5.126801804514368,5.107844571810351,5.084061408769424,5.094516073535495,5.0732727958125405,6.045762591305571,122
899,5.109349455723096,5.117739333292104,5.091561231137781,5.127301914497519,5.107321045424211,5.083076645041786,5.094383084220876,5.073584219114044,6.046403556012878,122
900,5.109053559810148,5.118333306246303,5.0921772646333,5.127677777858304,5.107423845291773,5.0824998236902506,5.094298482036793,5.073472742999419,6.053619742453629,122
901,5.108282312621837,5.118764309589955,5.093026735262498,5.127789074803979,5.1080276908586235,5.081778324815376,5.094443523874392,5.073317350743519,6.043872488173999,122
902,5.107350227250132,5.118862447864492,5.09335029052584,5.127566147905101,5.108687791370882,5.081466019313305,5.094577544772001,5.072684716886419,6.048644096842205,122
903,5.106896176498715,5.118870789325007,5.093220503578799,5.127303813956747,5.108877649194909,5.081149249601797,5.09466956569595,5.0721998349778055,6.054503206994565,122
904,5.106601155569225,5.119330224720914,5.093314777149827,5.126698185048339,5.108810314895816,5.080456707502341,5.094989073567509,5.071736160455455,6.047756425056718,122
905,5.106318825990037,5.119366138371802,5.09325222595544,5.125608130536677,5.108397761848362,5.079718401962636,5.095304225684556,5.071005348543832,6.048656036522763,122
906,5.106409634075224,5.119281674387684,5.093663694856703,5.124377711257466,5.1082068706502906,5.079526728288437,5.0955172063272975,5.070214230132904,6.047915860925807,122
907,5.106681610325959,5.119869258392432,5.094811787330014,5.122737491853622,5.108274397737,5.079365824621666,5.09611659058822,5.069503599813736,6.054947956357974,122
908,5.106430456928904,5.1208059998335145,5.09580773131904,5.121609851669372,5.109034196155408,5.079258809624429,5.096683061361967,5.068298516791492,6.0437092449399366,122
909,5.1060313688307915,5.121277469193929,5.096976443805789,5.120360618108937,5.109648243262338,5.078932015714942,5.097528929664804,5.067403547727249,6.0497053781080465,122
910,5.105774856606863,5.121691552574138,5.098131577303866,5.119215598506704,5.110230260747384,5.078590638471459,5.099011934445309,5.066730820673682,6.048303207796645,122
911,5.105493312860542,5.121859569625519,5.099527770049377,5.118480909651061,5.11037520757178,5.078571951414721,5.100445092214171,5.065512586815318,6.049126114365546,122
912,5.10516723931173,5.122258268710897,5.101310893913371,5.117476917566033,5.110486996846172,5.078903088805428,5.101810866678585,5.06477433756331,6.041586200198799,122
913,5.104715284925945,5.122807036281844,5.102841481740969,5.117130762564516,5.110228429491377,5.079937159982002,5.103389485563918,5.063895223466785,6.042071694653135,122
914,5.104310021413941,5.123155159608922,5.105012634568438,5.116659020346262,5.109577564678886,5.08140556857755,5.104752387057136,5.063034062329299,6.052841427598036,122
915,5.103740149572003,5.123101396379328,5.106641464200494,5.116026550377899,5.108669877426235,5.083824103111549,5.1066078909442245,5.06191742121923,6.050028778451867,122
916,5.103392036386841,5.1228254170623,5.108325560705758,5.115252637902426,5.107859495806592,5.085551546018643,5.1084849924710145,5.060731726155344,6.057295054871793,122
917,5.103297346383041,5.121907196921038,5.109918038205633,5.114493388699046,5.107398871823108,5.087181937297043,5.110260548913496,5.0599418688735955,6.047796513402086,122
918,5.10335363199846,5.121141308241713,5.111860781102475,5.11366837751363,5.107374423186592,5.088519896816726,5.112116130103892,5.059617694881158,6.045915811818943,122
919,5.1035346785478035,5.12062888021911,5.1137535608966935,5.1134635884605135,5.106989552634577,5.089985192678222,5.113498758273465,5.058946430501278,6.05060427279695,122
920,5.103260369986787,5.120604251207238,5.115654775558369,5.113548410936486,5.106725288332495,5.091416059460818,5.114506996265266,5.058163243803667,6.041628703716163,122
921,5.102548223803712,5.120535765529092,5.1169979555883245,5.1138967124355075,5.106943236024929,5.092080421458028,5.116013177310676,5.0580373396441605,6.0425690371567935,122
922,5.102108522895675,5.120822434464752,5.118478807828198,5.114180653812438,5.106947572555122,5.092779481075209,5.117455608417651,5.057765213459475,6.05897304526841,122
923,5.1015330766283915,5.120672027676082,5.120252489524085,5.113956150036456,5.10616979162565,5.093390249750359,5.118594654192256,5.0572855782393535,6.0561667249870865,122
924,5.100717761598915,5.121175849147261,5.121547995601302,5.113945632437963,5.105092770285644,5.094296937964259,5.119840579038511,5.056696594504002,6.0463813048902875,122
925,5.099796775072564,5.121161487342889,5.122982937616431,5.113809623996476,5.1040804613472845,5.095347093879348,5.1207401975764615,5.056729636465327,6.059405466709115,122
926,5.0989406345663175,5.121308764967807,5.1244722101740265,5.11318111306114,5.103596552128836,5.095957374216903,5.12166153997353,5.0572845854198,6.050665132114564,122
927,5.098080513361012,5.121785468193359,5.125593172072397,5.11301129741047,5.103064971410652,5.09677307229097,5.122433268871408,5.0579227601427,6.044354125107247,122
928,5.096923432707437,5.122140796293998,5.1262976252416275,5.112658944077998,5.102126303942265,5.097997002489764,5.122887997124798,5.058662480759068,6.0456037287910975,122
929,5.095814435889959,5.122109280006823,5.126856840586576,5.112312711104321,5.100905637344452,5.099053674762857,5.123841825696985,5.059113598842229,6.042797764393585,122
930,5.094818940278495,5.122057701930949,5.127361132266659,5.111880467938835,5.10016166674305,5.099767621802276,5.124082502426724,5.059595582273831,6.051782955850409,122
931,5.0939013121512815,5.122144955703286,5.127688858809298,5.111285794141085,5.0995397883558375,5.100935348751037,5.124135905383515,5.0599664489301315,6.036723176728275,122
932,5.092897802772855,5.122806900521798,5.128239541026701,5.111065718220018,5.09905449206236,5.102705337013113,5.124092712309377,5.06020646703967,6.047824427039958,122
933,5.091889077645307,5.12321452832963,5.128172406162262,5.111186970031872,5.099049449029522,5.104315798786506,5.123727252298622,5.060135925378541,6.051383917090533,122
934,5.090658781156844,5.123105909878571,5.12837231895848,5.110903876848914,5.098963135613529,5.105140111479201,5.123030887383106,5.0600426396591365,6.049871384858919,122
935,5.0894301922787,5.1227910037793585,5.1288644218619694,5.110656073272448,5.099130401957153,5.106079390657472,5.122396247804037,5.060647517902408,6.052475232578661,122
936,5.0885247213026235,5.121741970559048,5.129202239523159,5.111052510674116,5.0995334676462,5.106700664813281,5.121833425083693,5.06144805136542,6.048912739303626,122
937,5.087913044543614,5.12088609387115,5.129218786310544,5.111534168651332,5.099339210117272,5.107243772041235,5.121275931519748,5.062819763469461,6.044681558195137,122
938,5.087367287801121,5.12051793184431,5.129664773553817,5.112219678254057,5.099684568975719,5.10754338650189,5.12096837555497,5.064694437558911,6.043016332154127,122
939,5.087241789459416,5.120236751754909,5.1305150728112245,5.112463145921267,5.100122994660022,5.107443160284096,5.120147893425695,5.066823953099897,6.039402923994196,122
940,5.086570271888659,5.119385205993228,5.13131584495043,5.112674819763373,5.099997829092118,5.1073353968172475,5.119103380582963,5.068592686319378,6.051437229620991,122
941,5.08627690454915,5.118654750531086,5.132138609063858,5.1130751698997585,5.100126400872707,5.10759657649555,5.117906235646333,5.070578117167458,6.0568004034244085,122
942,5.086428281624515,5.118201308135044,5.132722388298942,5.113523973243651,5.0999901307589495,5.107542319361659,5.116313942213999,5.072631148400662,6.052858809971886,122
943,5.086520184855274,5.1175803797265,5.133107928582479,5.114300267897178,5.100189620901306,5.106906079891463,5.114734940416051,5.0747881993981006,6.050505255975947,122
944,5.087131414733646,5.11682122618404,5.133706224360386,5.114266630329618,5.100685367588701,5.106588918136907,5.113115616311133,5.07715003890779,6.048202431768961,122
945,5.087530211649339,5.116256539217617,5.134319224559661,5.113936871471483,5.10137549295222,5.106253908457185,5.1113813404775446,5.0798631662151426,6.052986331953859,122
946,5.0876828307185,5.115704443245425,5.1347594697966334,5.113388551562499,5.1024600468137535,5.105486550760915,5.109850818601965,5.0823908412956955,6.048235233637984,122
947,5.088317699298933,5.115250399007692,5.134698067095003,5.1128597851833675,5.10284072700909,5.104582382665969,5.10807868291897,5.084998787040681,6.05332637972359,122
948,5.088839874212017,5.114370826112609,5.134532814003278,5.112694084012664,5.103123577018309,5.103926911271497,5.106263140360804,5.087796954192131,6.0522591981092875,122
949,5.088959350280881,5.113669280171479,5.134549113109516,5.1124342746623075,5.103946084051556,5.1025751912449175,5.104427129616743,5.090691442168907,6.045048428444621,122
950,5.088744329725467,5.112705830457017,5.13404146978483,5.112430848504983,5.104215762226331,5.1008117047181845,5.102773696189306,5.093548377292953,6.041058380691096,122
951,5.088274093098518,5.111988075820411,5.133619375724666,5.1120991335002435,5.1051745978509615,5.098934952124939,5.10069580630058,5.09613345359767,6.041155041199461,122
952,5.087649055168651,5.1112261920394175,5.132632855845637,5.111457235841968,5.105847448438591,5.097829442114942,5.098094488997992,5.098390722616086,6.05026260984058,122
953,5.087332135545892,5.11096675446184,5.131967807428055,5.110846063902695,5.1065412546437585,5.096771320163654,5.095489865683082,5.100165490845409,6.050694374137208,122
954,5.087139953027542,5.110902341464081,5.131020242541709,5.110602411097615,5.10693790154332,5.0964124267609865,5.093050752542179,5.101546170936318,6.058763983096902,122
955,5.086879019007055,5.110497108189593,5.130726203192612,5.110141197439189,5.1074803067754075,5.095929351820215,5.091043434145615,5.102880229551628,6.051560362774804,122
956,5.086174345058602,5.109902049196727,5.130427926547384,5.109575535963971,5.108064937880323,5.095807614000461,5.089299821489982,5.104688193346199,6.0516035132090265,122
957,5.085611478547659,5.109059645989468,5.130267019653459,5.108809935484506,5.107996593375901,5.096085721614114,5.087435202715461,5.106002123881835,6.052716412026488,122
958,5.085124029591579,5.108032881101522,5.129756462208738,5.1080496714073425,5.108126658083325,5.0966247104772195,5.085956106614948,5.107514380981156,6.0494643344238055,122
959,5.084528299022871,5.107453122624722,5.128919842892065,5.107715636066345,5.108473190557041,5.0972928153894,5.084774045711846,5.109146704109552,6.056069259913108,122
960,5.084294330901461,5.106266294044006,5.128206196404748,5.106829771169732,5.108923471927239,5.0977337732796055,5.083325177908391,5.110499048124063,6.047190851749142,122
961,5.083893790896964,5.105509162585608,5.1272563503413915,5.106124120403285,5.109347295847902,5.097745144222977,5.0816287742841375,5.111267196258051,6.05496374402318,122
962,5.083609964602551,5.105078355917879,5.126712788699855,5.105977059128386,5.109603301459814,5.0978144344480985,5.079685201917652,5.112282397198705,6.055303214889134,122
963,5.083066204399153,5.10469721294711,5.126466826523764,5.1054529784493194,5.110151643516149,5.097957076632337,5.077543218686285,5.112957801158549,6.044250605247418,122
964,5.082773566383523,5.104600401734499,5.126250012706517,5.10475547944807,5.111079226772006,5.097966405445422,5.0755735032499025,5.1135347889396625,6.046821241775155,122
965,5.082814578543369,5.1047439819183795,5.12607080861201,5.10430104547855,5.112057519695394,5.098020556268713,5.073450031366843,5.1141571464580675,6.049207036301382,122
966,5.082586134601003,5.104727271255538,5.126100060917311,5.1038841932258565,5.113051676952081,5.098652904505622,5.071449897063634,5.114890976155161,6.047279241404635,122
967,5.082925941958347,5.104749340596451,5.125864321387997,5.103073683133804,5.113511421743727,5.099227304175158,5.0694398502125155,5.115235316662608,6.0493527990467415,122
968,5.083621619736509,5.1041787309359306,5.125473732391246,5.1019912249972466,5.113824294103826,5.099548355696342,5.067359113913839,5.115292268403027,6.053855611814332,122
969,5.084442434802771,5.10373229227374,5.125350830402036,5.101066270698585,5.113579647551381,5.100196126539615,5.065865721885544,5.115440506480813,6.053408169705763,122
970,5.085428636592262,5.103510151756286,5.1245354338842946,5.1005457196665915,5.113572867429951,5.101430296816998,5.065759085929917,5.115755072460415,6.053056223732586,122
971,5.086942758099955,5.103654308711066,5.123119555683452,5.099862716535381,5.114359526451747,5.102593387756246,5.065613754268247,5.115750859734952,6.060825712815075,122
972,5.088329750990441,5.104129943468113,5.12182286732037,5.0990184494061825,5.114748288415303,5.103960392923629,5.065273444276899,5.115686480865996,6.0508434942180775,122
973,5.089256902955883,5.104709443451168,5.1207820834886935,5.098772695041181,5.115336586200011,5.105168802730939,5.064476046823378,5.115122749813683,6.049673624539347,122
974,5.089930639920521,5.105281917219132,5.119493446997966,5.098575255509403,5.115577556580148,5.1061777723879525,5.063652036087957,5.114516771280009,6.045268296613767,122
975,5.090301047474357,5.105952369758193,5.1179581113208545,5.0981218626023965,5.115659496591714,5.107716478195721,5.063046469654328,5.11356973054013,6.052686610915156,122
976,5.090826483391997,5.106906946389316,5.116215350814828,5.098269671589369,5.116245031341601,5.109577889150019,5.062456369767899,5.1128262011580095,6.047954125528817,122
977,5.091060288401817,5.107778521600279,5.114573667199242,5.098518904642457,5.1170120380147495,5.1114462204881415,5.062193324046281,5.112065661977624,6.0518287497802286,122
978,5.090926358862141,5.108074369551359,5.113043861069631,5.0991323251732865,5.118276507159395,5.1130141146515955,5.062026483908365,5.111643404649824,6.042597537432097,122
979,5.090998968551567,5.108431518641673,5.111106202795204,5.100291766071145,5.119317823399541,5.114617192786367,5.061734168114308,5.111129364727548,6.049753648562528,122
980,5.091046652197596,5.108972583404439,5.10904985902037,5.101433832525416,5.119714198497325,5.115835923293391,5.061468314383969,5.110349187003866,6.046884718672592,122
981,5.091414927691929,5.109204195816361,5.107197077731659,5.102707158665746,5.119723824402838,5.116842749542164,5.061443991072142,5.1092829942627755,6.053903471201943,122
982,5.0922665334609185,5.108917216409106,5.106093424024663,5.10396453379234,5.119284553179275,5.118271257750081,5.061055069353001,5.108371237561008,6.042903210256569,122
983,4.950653717763348,4.967014931946341,4.964163271833096,4.962568577170357,4.977554193634313,4.977340801302317,4.920556499315565,4.966005547352301,6.049361517924065,122
984,4.809257246788996,4.825263588019484,4.821984964273403,4.821107023901559,4.835769370829105,4.836191516179129,4.780265484893743,4.8233052063987705,6.050625497725071,122
985,4.668008939831856,4.683317387536089,4.679920695020226,4.67952981343479,4.693734294288504,4.695175324055952,4.63994665408888,4.680626435581651,6.0477977462890635,122
986,4.527014754217298,4.541702546355604,4.538047380239741,4.537774581344761,4.552056051156114,4.554092588156539,4.499447820368864,4.53784378233802,6.041815704433993,122
987,4.386195604322172,4.400121083290035,4.396102614850431,4.396309842953988,4.409831005639187,4.412711962040534,4.359176033079775,4.395254811606075,6.0452242016907265,122
988,4.245399149287866,4.258718219653263,4.254428951290263,4.2549730428511365,4.267744199207257,4.2711225612382435,4.219304174622222,4.252918018913567,6.051710429918631,122
989,4.104451995227513,4.117291344537431,4.112563897789284,4.113650092151952,4.125343165676469,4.129654986087815,4.07931975313215,4.1108656725531345,6.050184596927568,122
990,3.9632371558082222,3.9759238274774766,3.9707506276590108,3.9719146731901205,3.983045461941108,3.9878047445626814,3.9392332321166657,3.968788212555229,6.047343801793604,122
991,3.822296616494212,3.8345417380180886,3.8285048793944405,3.830161574834159,3.8404916601881993,3.846086913758894,3.7989630743442904,3.8267511764424462,6.043247765720802,122
992,3.681527741316094,3.693101981528133,3.6861417499027387,3.6883766434728535,3.6979852322996445,3.7040357070506014,3.6583668978780595,3.6844151212473273,6.050663818123108,122
993,3.5405606645264687,3.551765643738262,3.543601590648766,3.5466609339142305,3.555949638175459,3.5618253205969164,3.5173915144764996,3.5421847292427406,6.050783849393231,122
994,3.399595695246968,3.4104916648449564,3.401327978853608,3.4049540519120813,3.413910330841395,3.419248093299238,3.376162176130922,3.399806603342298,6.049915153183122,122
995,3.258861260566241,3.2688338534771404,3.2591237284163146,3.2632024853650257,3.2717885640624926,3.2765644517206782,3.2348907899775234,3.2574772063914272,6.041543904714783,122
996,3.117858651398935,3.1275662965138222,3.11704035513978,3.1217734994675226,3.129667824218889,3.134132363291013,3.0937299899337263,3.115388361169824,6.048416839259236,122
997,2.976872182827228,2.985988070843245,2.9749226772643915,2.9802431349290113,2.9876378182925216,2.992093953689851,2.9529686208385404,2.9734810656894948,6.046994703811222,122
998,2.835629670079157,2.844123586196415,2.832610014879033,2.838463269631256,2.8455837593156397,2.850013126203255,2.8124125464684258,2.831469855974495,6.046157212983057,122
999,2.6944637180920976,2.7020526524307718,2.6900954597148417,2.696630735015383,2.7032947838744064,2.707959483620243,2.672009271403579,2.689641080884983,6.0556732684658785,122
