{
  "label":{
    "0":"E",
    "1":"EIX"
  },
  "acc":{
    "0":0.5616,
    "1":0.6084
  },
  "auc":{
    "0":0.613249196,
    "1":0.6536456529
  },
  "cm":{
    "0":{
      "tp":651,
      "fp":561,
      "tn":753,
      "fn":535
    },
    "1":{
      "tp":672,
      "fp":465,
      "tn":849,
      "fn":514
    }
  }
}