feature,importance
X,0.35728423192802056
E,0.34806739910206747
I,0.29464836896991203
