{
  "label":{
    "0":"E",
    "1":"EIX"
  },
  "acc":{
    "0":0.5712,
    "1":0.5712
  },
  "auc":{
    "0":0.6171608362,
    "1":0.6171608362
  },
  "cm":{
    "0":{
      "tp":557,
      "fp":524,
      "tn":871,
      "fn":548
    },
    "1":{
      "tp":557,
      "fp":524,
      "tn":871,
      "fn":548
    }
  }
}