feature,importance
E,0.5016363162265979
X,0.4983636837734021
I,0.0
