{
  "label":{
    "0":"E",
    "1":"EIX"
  },
  "acc":{
    "0":0.568,
    "1":0.568
  },
  "auc":{
    "0":0.6186225222,
    "1":0.6186225222
  },
  "cm":{
    "0":{
      "tp":821,
      "fp":538,
      "tn":599,
      "fn":542
    },
    "1":{
      "tp":821,
      "fp":538,
      "tn":599,
      "fn":542
    }
  }
}