time_step,region_1_entropy,region_2_entropy,region_3_entropy,region_4_entropy,region_5_entropy,region_6_entropy,region_7_entropy,region_8_entropy,global_entropy,lock_epoch
0,2.5102332793111226,2.565769443363802,2.5203706778056914,2.4926403435551334,2.509325969130972,2.505732141048807,2.5506543926459178,2.596440571253308,5.593544152615298,138
1,3.1412511870842916,3.195494551648629,3.1537478055605526,3.113270584374984,3.135656725838173,3.123426828768656,3.1914493288137846,3.2433888349116993,5.603501424318876,138
2,3.7721433813515723,3.823404983453758,3.7833085641010507,3.736974493953404,3.7581169224075763,3.7428787694525756,3.8319119325937097,3.8894183922427095,5.60282624504825,138
3,4.405040839756302,4.453207166278247,4.419032534935646,4.3618922998529595,4.386961488556017,4.36185550739525,4.479438727646266,4.534387621976622,5.61326222011203,138
4,5.032720307407101,5.088705357625649,5.058853762725912,4.982648915607922,5.024762067178096,4.981325975362632,5.131251810876156,5.175004432565416,5.60053907028989,138
5,5.030263219486713,5.087473208038561,5.070008505379707,4.98557789214386,5.019679389620439,4.9741355218199015,5.149237016053192,5.174640340952999,5.607710857626311,138
6,5.035173538681271,5.082267647391275,5.084171293193585,4.992295903211447,5.012653942363652,4.972742257728215,5.162729373149138,5.162446637209521,5.611625186695547,138
7,5.041142399293267,5.0833555773535295,5.09870200237114,4.987407311102659,5.007941839782213,4.973693439044834,5.170305134639893,5.1560302190525515,5.614943566904493,138
8,5.052252097731253,5.086473361948981,5.111238077965967,4.985796551317885,5.007783772094129,4.978882960802773,5.174388304461157,5.1523319795350035,5.612821172494686,138
9,5.064198298624454,5.092032731877297,5.127295399943926,4.981578858182675,4.992431290816244,4.984850954550968,5.18248585891007,5.155882721014519,5.6204176487267405,138
10,5.076091572065124,5.098162990000657,5.144296696339942,4.977781842294519,4.986402925350523,4.99222457425481,5.192886221210275,5.149961412680076,5.627156481460496,138
11,5.098048583647,5.092062671494025,5.1442080817943285,4.974956287797706,4.965009829883563,4.99995287721802,5.195826981769839,5.142315044920826,5.62469253086634,138
12,5.12520101369765,5.085163050197054,5.136833088925786,4.977800349869121,4.936074956785792,5.01032039158712,5.192952126809077,5.142672138421407,5.629791209368944,138
13,5.1543978666234045,5.078334060519094,5.126570119234967,4.985048109889473,4.909093630184747,5.0155332030268545,5.1868048428770654,5.146891659791795,5.63554853962052,138
14,5.1700044170721196,5.074947495827063,5.114037376020968,4.987814485449497,4.885671806747968,5.015872364411697,5.177922996790789,5.147200709770645,5.636941297974298,138
15,5.189791920319504,5.064995411129827,5.091221596814429,4.997154512986934,4.869487986280577,5.007050051435717,5.173510732883162,5.135579717908412,5.6406348379535,138
16,5.206776069418874,5.056066990459392,5.06297301660029,5.007998298179306,4.8650774821771074,5.006435891010561,5.169811755864692,5.117767304504743,5.644344088113379,138
17,5.209443978736405,5.052795948542455,5.024032162144726,5.021630992461854,4.870287971841315,5.008916734944156,5.147527227300855,5.09661443813115,5.645259702465805,138
18,5.206475485963063,5.056391442166529,4.987257775025448,5.033607858434373,4.871650455951819,4.99986391710533,5.127242075814652,5.094229389258243,5.6515070593532375,138
19,5.191824976639258,5.071304652973165,4.969013183947669,5.047495301726672,4.884583736611562,4.9894594708189794,5.108557833991953,5.091302020096243,5.657938450120073,138
20,5.1760748010377196,5.08230749820988,4.960062160430179,5.056762467071,4.896078259763593,4.958674509118318,5.0925661796952895,5.082499191882944,5.649311383092166,138
21,5.1637953848102125,5.089874861235841,4.960769785842968,5.056838502638001,4.911500231685541,4.932324063008206,5.0815345203607265,5.072642219255634,5.649761116079818,138
22,5.162220746800051,5.09961893086795,4.96602859358051,5.056653325630009,4.926235194190472,4.903470398386026,5.07170578465897,5.066506239291696,5.6583728673732425,138
23,5.149507292373191,5.110702203014551,4.979374081370061,5.057915113912298,4.939798484513063,4.881997577033071,5.058551867180758,5.061533409834523,5.655360476492689,138
24,5.135495092356844,5.118107896378665,5.000434882662736,5.061397119821539,4.951640129196343,4.851173747774816,5.045196281176824,5.051873324648235,5.657051852052762,138
25,5.120755238728802,5.117307964950437,5.028794933035322,5.069337816502585,4.956936264783108,4.821083072079024,5.044697504635841,5.036348859591257,5.656391451378807,138
26,5.10852040257423,5.112191950285255,5.05086631224072,5.075874484133818,4.9619410874239005,4.794095298924621,5.033258263076915,5.007382836196703,5.665740662238998,138
27,5.102646365234033,5.103940812573966,5.062839486134347,5.073210168011519,4.97388816619081,4.767589902930909,5.026358370406527,4.9847754329331835,5.667872655435916,138
28,5.094568861625781,5.096041715181011,5.060741681842132,5.0785210803194865,4.98890783237465,4.760549144912227,5.021138816768522,4.964261624200812,5.667396478385539,138
29,5.0740042627713695,5.093375609860772,5.0582958935330185,5.078702380321124,5.003381837635901,4.754084670410452,5.007899682918612,4.937488045008541,5.659396561124773,138
30,5.043953257445092,5.084492011412283,5.0428801577109805,5.078540791572476,5.019007308831869,4.746709124715994,5.010001474210754,4.921151269847345,5.6683675150438635,138
31,5.0163946724140125,5.07258184137555,5.033602891683476,5.076338507098079,5.033885289291629,4.738925053144554,5.0198701483404164,4.90913704119718,5.678733464441793,138
32,4.9913313957033765,5.066469048176236,5.023449493659495,5.079407594579527,5.047811029899898,4.736168186857245,5.034177414636405,4.904479445364205,5.675902135044487,138
33,4.981163783297149,5.070487404141043,5.0194044768888055,5.073119826129865,5.062129021080776,4.740160918566179,5.043980127204648,4.910444843651952,5.683626007972903,138
34,4.9662432013754305,5.070112992241959,5.030396711940895,5.065234086501851,5.0735287528643305,4.756362978636892,5.061030101882695,4.9151214716233245,5.691567497153149,138
35,4.938029508258078,5.077663347305899,5.039985531683945,5.0615549330189715,5.072917180547281,4.769753910084062,5.071924617100374,4.911522807855492,5.680626898661742,138
36,4.905105778697783,5.086733383786589,5.0558908549389265,5.051168744024496,5.078924863022046,4.776458079742053,5.084738227539433,4.906594853356132,5.693867801968787,138
37,4.887083522990011,5.0855641163781184,5.065478528820279,5.042653516674949,5.085844297720048,4.77152422975654,5.102216625157451,4.903343526762841,5.696789819130075,138
38,4.880330936262114,5.0851329925679565,5.080588039703089,5.038646345363205,5.090241334885368,4.772948203900516,5.106005075942985,4.897984861955689,5.695416389131266,138
39,4.879225602716027,5.085691181234733,5.088969731148976,5.030696034226227,5.097050589303072,4.778712765899224,5.109358858339542,4.89766543287501,5.697223689495748,138
40,4.870313874048921,5.085767625743863,5.097125134344731,5.019326240615725,5.101780606057804,4.773659678194133,5.113936218703953,4.895945117947964,5.6919349390773055,138
41,4.856184693462932,5.088366725093813,5.097328344737982,5.018194592712494,5.106583617119577,4.773826622543586,5.1276936625646865,4.887753324328072,5.7033531500710986,138
42,4.848107038020127,5.087396485694639,5.091023610923674,5.01038911641691,5.110200044779173,4.765472808459478,5.134131684110568,4.895187369072699,5.701207965832863,138
43,4.851961419100954,5.076460043164622,5.091956550443731,5.0061260169993,5.119806903629712,4.756139117897611,5.146989955054567,4.9028046112099295,5.700858176358411,138
44,4.864332235318814,5.063317054221914,5.083762439918291,4.997097184120365,5.12526799663033,4.753470579452221,5.154870847617004,4.908787561210069,5.714964547353887,138
45,4.8699329695823685,5.049193260398418,5.083215720105368,4.9950378592927605,5.13369628665931,4.765305791917371,5.166741610891907,4.921409399604022,5.7087471105745955,138
46,4.88173514733037,5.043993430220333,5.087158935253372,4.991413314898504,5.142460416985375,4.775095381186999,5.179124564312204,4.930234665993449,5.705003788438756,138
47,4.896968280291824,5.037908367872474,5.093021353062852,4.988068791331102,5.146428538559495,4.7917853986613945,5.186746875127138,4.932772885501349,5.711540071390927,138
48,4.91501560530883,5.035357024651186,5.090616960153956,4.985006665485169,5.158369859119848,4.813110057592869,5.191101320482304,4.941875903232601,5.710941893272287,138
49,4.93262681206062,5.023571705851058,5.0940305571703774,4.970259525560189,5.16575899375433,4.830371540527359,5.194520726895252,4.947841291619685,5.710745378220978,138
50,4.950073586637923,5.017349272633809,5.09754866301369,4.96177088018327,5.169347484992827,4.852905783334841,5.200467007514598,4.9403560872457355,5.723487194366026,138
51,4.961052943663409,5.014081750823623,5.097629310580025,4.950516059915946,5.163360231069384,4.879770944154436,5.19542773928697,4.943259683895129,5.718362031048464,138
52,4.972100623767707,5.007702789143038,5.10884502662487,4.940467591233214,5.153243833985262,4.915439023106973,5.19196588157921,4.953155851753188,5.720276373279535,138
53,4.974762142994512,5.011274775608782,5.117955575335702,4.9225372512293095,5.156405167815336,4.947386565193082,5.1887007251150425,4.9561580538982595,5.727189183609438,138
54,4.9664263103176856,5.002972224382422,5.128065888292735,4.906987863186221,5.163421370163362,4.980042155433195,5.184215530582381,4.951700851718829,5.7317215305484135,138
55,4.9548947255933635,4.990864488122529,5.131331789921466,4.897732116880604,5.174339740065536,5.002322052920034,5.1752993042402275,4.9429630944550915,5.722118851634678,138
56,4.949340466254583,4.9775071297546765,5.126536460419262,4.880062074781148,5.176455756664079,5.021374957862858,5.162045858765424,4.935138630883473,5.729364644555781,138
57,4.942961172289071,4.965744325108634,5.115679832270122,4.869751558593599,5.182569131631807,5.034539191236242,5.148644972925377,4.931956648285615,5.7264299908791605,138
58,4.935177887735779,4.946304841457792,5.110489972041395,4.866110977302757,5.193229483652033,5.05264808993893,5.153197584524126,4.935838944043718,5.7336509581457165,138
59,4.921861323331736,4.92646285016346,5.103044672756298,4.869809337361683,5.200904540450537,5.0733789098645286,5.16384213507563,4.935863941168016,5.730751180900601,138
60,4.915286920620182,4.905225209774513,5.101486234784176,4.8698697296190865,5.205423727341474,5.0786689594859045,5.168352230745059,4.930349593262801,5.728084336442858,138
61,4.919311158627911,4.882108553235918,5.093071342777396,4.868037344738292,5.202485239343997,5.07939350796166,5.1682707517805,4.921707021057598,5.738058430561191,138
62,4.924389131862151,4.867496349449001,5.094621215858491,4.859442168670918,5.193692289519007,5.075448054644006,5.173540556775317,4.913708905854905,5.741931280638722,138
63,4.934012797147256,4.863690510348279,5.096417469627217,4.861553480464113,5.180222428672556,5.084310878844372,5.185134055296789,4.912755529488084,5.74876225820279,138
64,4.941921489941218,4.85804639970329,5.108093354181448,4.865457635306626,5.16524240584983,5.098475791048717,5.193506710109666,4.909148088673577,5.7454305200643585,138
65,4.952503359556198,4.862733944652308,5.126238808029406,4.86572741415896,5.157295522331187,5.104210942904855,5.197716111760061,4.908390820617737,5.748050475430093,138
66,4.962384231743335,4.878980828484913,5.126361804836693,4.860845218333113,5.1470187251145205,5.0984839697256135,5.177282472403818,4.902004431545943,5.739083725845837,138
67,4.981537677352772,4.905495978471592,5.1308628031362735,4.844237966613437,5.1537938528708285,5.095259844039181,5.157639328719434,4.895950000950626,5.743386372287388,138
68,4.991769167453902,4.934480873877651,5.136561608565801,4.8414019527543255,5.163105121066543,5.096201751720173,5.142844436732512,4.895352155999303,5.74269004529709,138
69,5.002141985849484,4.961254552946175,5.151230725991692,4.847581020522877,5.164839505780345,5.092040730126598,5.128602089837495,4.894815253768986,5.7524152222364275,138
70,5.013316809803025,4.97822741061616,5.145378187374636,4.85851771045187,5.165201192191187,5.090480839668344,5.10205915208487,4.902468832402822,5.744020814151591,138
71,5.018373546888959,4.995949977328395,5.141351490993851,4.871198674982018,5.165134161741925,5.077806949890977,5.077798559332581,4.9078573865376445,5.7602118170239,138
72,5.022484378917115,5.014543851588352,5.139717763469179,4.889137148603122,5.168025962888408,5.064237855560907,5.069749550593139,4.922011181283055,5.757063915501626,138
73,5.041357312266772,5.022513777697923,5.136129081209396,4.905010088854981,5.165114595521418,5.0584008332494195,5.062440132959319,4.939330333594692,5.751532248122183,138
74,5.0663245014545115,5.0260350788440675,5.150356066757333,4.922375664647019,5.168733861135848,5.061461314334794,5.065175431095822,4.96520681545153,5.7571333993355065,138
75,5.086444098739187,5.024115264943876,5.16908527137675,4.931626961560337,5.168478950816671,5.0567013638966145,5.066435506406926,4.982841897933184,5.758612239190897,138
76,5.098790430482953,5.017576521425303,5.176077012898359,4.930250533479265,5.168991449109565,5.050517814929551,5.064713509080072,5.001372545129365,5.758942695340373,138
77,5.11096465165388,5.012503100819313,5.180469989235508,4.924367730581334,5.16274183110694,5.055147754662442,5.069261914446217,5.020018734845376,5.770938106268731,138
78,5.125676450783227,5.016049698874137,5.195934693615795,4.914703632328713,5.163435371139501,5.066005240661686,5.076642788815342,5.031548987484381,5.77220112474707,138
79,5.142084966544841,5.023938782080289,5.214982263334139,4.897551532012577,5.161496072481375,5.072447233045121,5.074253115278859,5.037062432966158,5.77760370810884,138
80,5.158561224944434,5.02121234212974,5.232326016687816,4.879629440017893,5.151939932140405,5.081210519337846,5.059004480376618,5.036274765630228,5.776989316754978,138
81,5.156257962525124,5.022495620590315,5.242337172067398,4.868487774420881,5.13853630254312,5.085993267344227,5.047074781423637,5.028377370832244,5.765800697800775,138
82,5.152610439075596,5.029412658988812,5.251881338707241,4.851553448850343,5.1175064974103535,5.082266734114123,5.038472212974774,5.012577972821887,5.783441503733642,138
83,5.154427249590354,5.030769820309776,5.2568592638157075,4.850681695790694,5.100759929543673,5.077718256860366,5.0300014451760156,5.004959980273133,5.770251832616092,138
84,5.166862689072948,5.039479806787844,5.2642219593581,4.863133233614086,5.091896242644699,5.079884211468441,5.029275461418585,4.991511365005629,5.778857477607616,138
85,5.179619341798079,5.047580449325269,5.2733402967892555,4.880428549365758,5.101159419100334,5.076572463344131,5.024461298484811,4.982399065915515,5.76988645477963,138
86,5.185948098592845,5.053861326206984,5.2702646604789205,4.903878440058985,5.098775673451685,5.079996023460061,5.023011428153443,4.977960431108185,5.779655507905865,138
87,5.184671624941816,5.053015926333149,5.258122363844806,4.921154055683411,5.09880926097942,5.087144799319887,5.024454777157753,4.982417475077564,5.784885244881115,138
88,5.187459053743743,5.061782674663183,5.252072129934226,4.940103026651922,5.100298669480319,5.096495537393693,5.036360055741449,4.983277915543315,5.784351955422017,138
89,5.191056297618033,5.071093125057429,5.24775174179136,4.959525206274867,5.102700686627118,5.113068269081815,5.03929261163203,4.998402662590978,5.7959723160426035,138
90,5.201826593423653,5.073141045696284,5.238166503495371,4.975903445344456,5.100665581779921,5.127913184776055,5.039282490010514,5.009306264998393,5.792244536488286,138
91,5.2106830826251676,5.077743040046281,5.222466844194695,4.978447970439816,5.080169550789786,5.152489836054726,5.028817280114114,5.0198219146871015,5.789824528419733,138
92,5.21758374937395,5.083595826037319,5.206270207031363,4.982732833595952,5.0537467371377875,5.1752049406698655,5.010240476997094,5.033288952682265,5.786479227238115,138
93,5.222399906119971,5.08300671902207,5.180789938503753,4.980227332137149,5.01373579072864,5.20212211271936,4.987598422936046,5.046856457997168,5.797926401047694,138
94,5.222488365902891,5.07867972258413,5.166850173090279,4.977574198253477,4.988280796004173,5.2207700264779975,4.962926084561936,5.054208925457507,5.79932490341758,138
95,5.219380114799698,5.079985537258663,5.152181935662747,4.968907552957372,4.9647275406458515,5.244998135766948,4.9460137820262995,5.059769748971546,5.79422593867509,138
96,5.2035747791547955,5.0816146510424325,5.136075122431623,4.959164676410195,4.9486070055367755,5.2684212145139275,4.921493097328864,5.066779743706996,5.7975280760399155,138
97,5.183640931324412,5.082096898641804,5.12736573457736,4.953360122601493,4.937412227948371,5.281487266368906,4.910353955926189,5.05515713766793,5.795735683671008,138
98,5.162847191964354,5.0854975420801996,5.115764450210209,4.954497427191619,4.926161142313861,5.297467481020956,4.887859096060215,5.060177538245915,5.805817906557188,138
99,5.149472508693334,5.0899660560029165,5.111297745592069,4.961228446103537,4.932998662317151,5.30485846946811,4.882290862938987,5.064812257168729,5.808767220002263,138
100,5.1346864668003,5.086316251281655,5.101616602938331,4.95506044256358,4.935038267369025,5.311768768662133,4.8853538035105535,5.070515126855173,5.800215865822694,138
101,5.113403084048962,5.091567300477386,5.088973782637479,4.959217869701328,4.942715126655781,5.307058943617978,4.8919704715004855,5.070678643370077,5.8051668529647475,138
102,5.107100488064161,5.099827237476387,5.076810033280622,4.9579891678717924,4.948675419745754,5.302304452003111,4.908277062002025,5.076169618544394,5.807768116387258,138
103,5.105931835057042,5.095717811048555,5.070791922210405,4.963348689701828,4.949445501544122,5.30080772650452,4.924141336585695,5.079202839718079,5.802910851777089,138
104,5.1166735747598135,5.081701811941181,5.056326527104616,4.960647329871888,4.94797577515429,5.298670461426692,4.950049827453783,5.080819128795692,5.812936500985276,138
105,5.1357522971312255,5.06679828307881,5.038208255210705,4.963637459297746,4.936185143767516,5.2973411175774405,4.970925791268984,5.084950427907374,5.815146273432698,138
106,5.139617580356592,5.052147166336163,5.0262423031398775,4.97767825709718,4.939042019306316,5.295166821679614,5.003720471147633,5.0769942507723895,5.809731641908612,138
107,5.136569290836065,5.029115432310913,5.00068103877334,4.9990956737725085,4.937751498063547,5.302001308879434,5.025636021226502,5.0652362074607975,5.815078185384682,138
108,5.138793064505294,5.010176941947604,4.988150681209762,5.025659932068533,4.9394669417056125,5.3016542824708095,5.03783284176539,5.043566122147772,5.804806271944719,138
109,5.143643627319171,4.979332299872685,4.990908081583125,5.05247432705206,4.937473833617221,5.30621261715528,5.039287064325609,5.026000402026182,5.8185839957958905,138
110,5.142029163474421,4.953075189509869,4.979988246609944,5.078227149232463,4.925790935179357,5.316248750916972,5.030912244368394,5.016351625494626,5.8089816041604925,138
111,5.150472542961926,4.940760245043637,4.970412350982896,5.108380246775155,4.918648923327307,5.317907228734188,5.016815073257546,5.010018709259076,5.817365742232809,138
112,5.155929611356161,4.939219666016012,4.969612288174806,5.143767309356871,4.911336042629237,5.316142957905746,4.99315244841444,5.010489443546528,5.818160543759388,138
113,5.151645894693956,4.942359277837783,4.970401913762018,5.168974338585194,4.917609107833393,5.3192188192255045,4.964227802765377,5.019270953285491,5.817952373898724,138
114,5.151351224831526,4.947773994853897,4.967030200419275,5.191427117888384,4.919348378953362,5.330461164629665,4.941476783977087,5.034676360664571,5.822509551636424,138
115,5.149349117937062,4.958473907347162,4.971765808238095,5.209917990505154,4.91607969257946,5.332605859379507,4.924091160636352,5.040493765510313,5.8224006946409474,138
116,5.137637013901744,4.976304453702566,4.974241973142397,5.226475843049227,4.913150526957201,5.338331101993583,4.904780003717862,5.050576799487061,5.825346951507171,138
117,5.134346569277349,5.003448329914769,4.962909138636364,5.238205608076359,4.906327910189385,5.343158749732917,4.893246447841048,5.070272474479615,5.827204812956602,138
118,5.138239185980748,5.015294005140664,4.957601575116346,5.257852223356383,4.907117744513581,5.343081129983232,4.890368062186149,5.087777202959218,5.824004789088108,138
119,5.137272052987721,5.015350195722754,4.949066073944394,5.271439756354011,4.913488996558508,5.338868710695682,4.8908964893361295,5.114595266047227,5.835322093171767,138
120,5.127024641767255,5.020727912269054,4.94255360150997,5.281327507580942,4.909706998500993,5.327937176801578,4.887536299477041,5.140656032618969,5.828955880337808,138
121,5.131751935786024,5.025240897821365,4.935994481455553,5.290118762457163,4.903397283384623,5.3156177327449115,4.887848446873617,5.159824488046729,5.830615074380657,138
122,5.138363349841239,5.0321170486633084,4.927661077976982,5.2918817091618635,4.89991717355153,5.296801386179082,4.876538781451845,5.168811458881035,5.826773108058883,138
123,5.145203872198538,5.0469324722355315,4.9317874743430545,5.301880000761223,4.896070138881554,5.278562689538877,4.867868670953768,5.194878905667435,5.823953368523596,138
124,5.158546771967658,5.049762269679541,4.9294640499022435,5.307956970888875,4.893085586056685,5.255680006767355,4.865034754695023,5.2205225314871155,5.835624235398317,138
125,5.166913207629155,5.051345931122018,4.933698315853509,5.305385703113871,4.895124137142214,5.249720460487384,4.867423066707467,5.233272847282012,5.837197832525381,138
126,5.1617676412641655,5.0646912895845215,4.946083265374071,5.2966950580812435,4.895489831423972,5.242735800675014,4.87671392434854,5.2375419600066975,5.844505775643913,138
127,5.154374145265717,5.078455702625733,4.96290065167488,5.284862043463203,4.888872422811284,5.2397957649442946,4.888985402151938,5.232650320527292,5.843639324616965,138
128,5.153128794562669,5.087601969933587,4.981909452839929,5.273530843654599,4.893248362172056,5.242954123850435,4.906932340509174,5.2252919143060135,5.843934596802573,138
129,5.150175344423713,5.089015780554946,4.999939464563365,5.26424871743518,4.892652898866165,5.244596608093189,4.921722022810915,5.2180946547037435,5.848376575533571,138
130,5.139756158290816,5.083857346539748,5.015954253188365,5.249948889745712,4.890137644853521,5.249004960553633,4.945777115160055,5.22200433983791,5.838199604284208,138
131,5.126697767208865,5.071987894455924,5.0237325381970575,5.223186025535422,4.884244337115732,5.261744850476867,4.968048854342163,5.2211103608162555,5.842381838312562,138
132,5.113399009969295,5.072594523073759,5.035281233988421,5.202864283979042,4.8732635039980785,5.27838848895952,4.990329864511876,5.2244269835630766,5.843596989032348,138
133,5.095902247759007,5.08110580366167,5.052856602750387,5.194571980122441,4.849273292962324,5.2770179611302375,5.005059706803117,5.224116225887215,5.8534726001738875,138
134,5.079365077041884,5.081514828338021,5.062629636443854,5.182268835933875,4.826009793534329,5.26933942695283,5.00334731572589,5.227575222974999,5.842996212858095,138
135,4.439368396758466,4.44618050983432,4.434019971675099,4.530858799266863,4.217288509879193,4.609903680162455,4.379236535437707,4.577174932890609,5.848093100718501,138
136,3.8010674643449835,3.8082967894548716,3.8002096096391504,3.88228711784679,3.606252939024168,3.951605322686982,3.752799235250573,3.92559474116755,5.851501155862752,138
137,3.155856394016804,3.1761176260724544,3.166960405166514,3.2304532850315697,2.997621912028424,3.2955778618641465,3.1292945253207813,3.2741654218605887,5.855091745156157,138
138,2.4787216776272354,2.595828864725253,2.5354768190490127,2.624988987250316,2.4120452614455186,2.546512203178376,2.519886114589585,2.5906226646661414,5.852437784953137,138
139,2.6145802031893153,2.738581319445557,2.6764372797290896,2.772227625377223,2.548063256017868,2.687226198289029,2.660895911031038,2.734514167166912,5.847210880053014,138
140,2.7504340175289195,2.8804987220731566,2.8176708582594494,2.919033329095487,2.683956652690608,2.8302049248529206,2.8011185751869636,2.8777380803087134,5.853052895471382,138
141,2.8869382653206976,3.023230075461152,2.957452292840638,3.0650032712339756,2.8177932146913207,2.9728224180338043,2.9426278289351586,3.018953379993071,5.854239552732756,138
142,3.021726744276108,3.1670717057463955,3.0973422664491315,3.2126618259136284,2.9505728435189917,3.116237987538314,3.083784222594894,3.158168365876614,5.854819384140391,138
143,3.15627501955622,3.3088347955709176,3.238873954193877,3.3595224680468068,3.0826388925089274,3.2598892323321396,3.2270462198317627,3.2967837243411005,5.867473053559605,138
144,3.2910006891793353,3.452279636888834,3.382001051639479,3.5057115638001948,3.21414745238419,3.4042133632341027,3.369234017444449,3.4351285960010918,5.850030928323446,138
145,3.426129257147185,3.5965123573405764,3.5261591893058455,3.6514612052592548,3.34625792985876,3.5475661830037843,3.5122452732609255,3.5737552296972774,5.86075681682346,138
146,3.562263087328976,3.741113026829563,3.6709374901123235,3.7954851697007386,3.4798505878075527,3.6910635243875083,3.654360352389568,3.7137968119595266,5.8613912912982125,138
147,3.697308463777623,3.886351071920934,3.8161095066558515,3.9375516090229503,3.613279444612023,3.8353246171625024,3.796174051898713,3.8543563296567367,5.860745649138422,138
148,3.8322489508000803,4.028939573702296,3.9616340404835135,4.0791106844453715,3.7460111021234574,3.9801841000063893,3.9389507025815327,3.9960168020473232,5.8681279341930805,138
149,3.9669083907328444,4.1722090131569,4.1085389327647395,4.2211755466652985,3.8781747039193353,4.124731924286588,4.080534439512119,4.139468300716456,5.8634837165345015,138
150,4.101442303009333,4.315643938386868,4.253870600288042,4.3649923364885055,4.013444525475615,4.2690407350719735,4.222455998035821,4.282388289079126,5.873374470583315,138
151,4.236199277908911,4.45928218778693,4.397541427535611,4.50909633433257,4.150632647605224,4.413745559841191,4.364595581572107,4.424535791333144,5.873599813407208,138
152,4.371132959666513,4.602781382692841,4.540023985010484,4.651803492130815,4.288445360304036,4.558786381922196,4.507611405745743,4.567818249997327,5.867779067772231,138
153,4.506410472866316,4.745987105723915,4.682335576319296,4.794971069076176,4.4254688613024795,4.703341793450627,4.649420162629992,4.709750291173483,5.869463549221198,138
154,4.641781847031676,4.8896239893520725,4.825421472507241,4.937308028867225,4.564025968474401,4.846373686568902,4.792150287591138,4.8502858288214314,5.877059034460103,138
155,4.77840119330982,5.033797393349184,4.967381532339653,5.07906694145586,4.703253644883537,4.98937796265443,4.934366821575788,4.990455657065837,5.8724082810379965,138
156,4.915947577300628,5.177223975295882,5.110524154932687,5.221517558274653,4.843863521931678,5.132357314456849,5.075719698329651,5.131179797170345,5.870565599072053,138
157,4.913108320714708,5.178751085808058,5.113899849908618,5.222289570083381,4.852661462723619,5.127722869782938,5.07985322597218,5.127059288075506,5.87053816560767,138
158,4.910967457329331,5.179131554417938,5.11766723523132,5.22098173746461,4.859184027172786,5.124719842751482,5.083346789161501,5.122052252896759,5.8731113184103005,138
159,4.910361329560656,5.178664027426663,5.120801301064862,5.21880631589876,4.865504108374231,5.121739396273467,5.087527170667975,5.116407152073756,5.877674120587688,138
160,4.911725372373565,5.1769066893184394,5.124308863655993,5.21863877749568,4.870988730325661,5.120898025672959,5.088572964510231,5.110097238187402,5.875259464277906,138
161,4.912044413143629,5.174961610172786,5.128409262822428,5.218507338827262,4.877983124048107,5.119716919220953,5.088326221619172,5.103385922121358,5.867572998160087,138
162,4.9096961759058795,5.1705734721276695,5.1312016370510865,5.217095568440865,4.885665614501007,5.117358643358546,5.089923060358505,5.098695617149184,5.885504349882393,138
163,4.907593230049685,5.165736402165714,5.13144918764764,5.214950741527156,4.891051096424857,5.115340436745631,5.0937997800756705,5.093268418480175,5.878736384276084,138
164,4.907475372431595,5.1606070253637535,5.1327177096319225,5.213998012863543,4.897245432164907,5.112823669900489,5.095840235768463,5.089600398914392,5.882480543999835,138
165,4.908420574546804,5.154882688022662,5.134725400389051,5.214085774171173,4.903583406753803,5.108877715031104,5.098490744562957,5.086410907057978,5.880240788554883,138
166,4.909286283145222,5.149464004058999,5.13845685555339,5.214131301590706,4.909675683569487,5.103823263726545,5.099540712455624,5.080209905015832,5.89441882783807,138
167,4.907225939819499,5.143072693313801,5.142339428671491,5.214102226427922,4.915412206624943,5.0985814512614995,5.099989293632033,5.0746196616050945,5.8933325192642965,138
168,4.905274158233878,5.137485671123212,5.14734358157029,5.21590224975516,4.920615165089021,5.09437826629668,5.100895032749365,5.068726073145994,5.890274451554858,138
169,4.90258522893442,5.132949885656659,5.151789357953074,5.219339917223169,4.924982411378265,5.089445816592572,5.099839575655638,5.0621290423758705,5.881012301315919,138
170,4.902592487584798,5.128474812536547,5.156102986445557,5.222412671950107,4.929617194021835,5.08495819070034,5.098186901645279,5.059603808490046,5.8950328051551795,138
171,4.905523939319291,5.123659698213537,5.1609351808295365,5.22615055163951,4.934827915195853,5.080822868548541,5.096241116165439,5.055206333404822,5.883976718140941,138
172,4.909307812624945,5.11926059964096,5.163761710304028,5.229172423660305,4.93844740825449,5.079220909687347,5.096365732290806,5.053808819871554,5.886704677682479,138
173,4.912581191749453,5.114415370816097,5.166338177790449,5.230885498267755,4.940497274264705,5.0768614578963485,5.099700446080902,5.051798559772118,5.888310158385677,138
174,4.914272824963332,5.1083005504695596,5.166898369925013,5.231661362173642,4.945057491121913,5.073989104125948,5.104086727812506,5.047993369627298,5.888875187429285,138
175,4.915807070153935,5.1058363097878114,5.168049728931459,5.2321621185861735,4.947729137626714,5.0705410680964125,5.106669871206419,5.044786772075046,5.888252270992252,138
176,4.917719086817536,5.103935290506575,5.168812354930491,5.233560304233764,4.951715084273001,5.0661129325120084,5.110507911027889,5.04056297012758,5.8937896971825285,138
177,4.917880943446322,5.101558580788774,5.1707041187075635,5.235820099214118,4.958246681446294,5.064335286145397,5.113434855643161,5.0388650928006795,5.883176756329846,138
178,4.919125205061108,5.098127890292004,5.172292152875543,5.236529017457396,4.965604744740265,5.059723059117632,5.116342606355556,5.03875437268276,5.894413482111315,138
179,4.921102120210081,5.095815181396631,5.171783780350431,5.238034927725399,4.973693731584793,5.054875770165057,5.118978272641771,5.041064302822306,5.890581484784009,138
180,4.921560157433056,5.092943855962957,5.168557141229263,5.239590960297139,4.982656725385762,5.048420647993715,5.122410621236525,5.043605634105516,5.899101993594123,138
181,4.922448331859432,5.089504452958689,5.164457069761989,5.241252017091909,4.990307739507507,5.042221558107713,5.125171127383854,5.045923349818523,5.898996512201022,138
182,4.922456200146842,5.086787829529815,5.159429897530406,5.242178442406411,4.9951633892325855,5.036200127359817,5.129184042244128,5.046265319755523,5.902111574841772,138
183,4.9245668438364785,5.084640258789201,5.154024326818765,5.244049669388751,5.000361260875352,5.030560498181717,5.1329777780281916,5.04581000893878,5.900175187192057,138
184,4.926712708450712,5.084623999234088,5.14720288116338,5.246229602019348,5.006551724826272,5.024854683549073,5.13454465269713,5.044563202420175,5.903640205900962,138
185,4.929104656708498,5.084617049226772,5.139836593319491,5.24858482470319,5.013303026327639,5.0209154045040325,5.137821468015458,5.0419193342286714,5.899098708332169,138
186,4.932480509272364,5.08418036909007,5.135106728179933,5.2490559608711305,5.016473954067101,5.018191270094787,5.141745470181069,5.041174560605143,5.900825342461051,138
187,4.937205183399058,5.081806602547965,5.131438598147085,5.249965332270533,5.016503934984874,5.013999725948647,5.145756728164259,5.042140175575907,5.901791199678269,138
188,4.941927379246106,5.078417657634686,5.1293976326915836,5.253161296340318,5.016575948483785,5.010535836058693,5.148106947270683,5.041624470875254,5.90337381283455,138
189,4.946728246114434,5.075941548889382,5.127630546207639,5.25455854748437,5.017932864561095,5.007984807204011,5.15092477356169,5.0425856109005,5.903663109013245,138
190,4.949565012437562,5.072155257785419,5.125554603428245,5.2568320111858045,5.017638262172504,5.007611265491925,5.153080107460061,5.044176876237949,5.900520269081532,138
191,4.951707925659008,5.06794794673486,5.125453869068858,5.259707610968701,5.01635989489337,5.007792150713949,5.155865773599308,5.04685142759562,5.906081766161736,138
192,4.953453896082426,5.064905930316268,5.12495863660607,5.260601464633011,5.014121879739898,5.007829869933173,5.15805222434835,5.049539548524556,5.9107793039191225,138
193,4.955845894890798,5.0640812565938065,5.122111896317998,5.258503007941905,5.014420364853498,5.009920040658824,5.160458608793442,5.052649313936563,5.909290895934317,138
194,4.959630617846198,5.062743304748013,5.1192452539338555,5.255805438030915,5.016837586753028,5.01199605678206,5.163695882725747,5.0561014291116315,5.901548182578991,138
195,4.964942369750272,5.063551054347176,5.115923130279233,5.251632817469387,5.0177595029832975,5.014154154205409,5.166160077966289,5.059884965044482,5.9073407361466765,138
196,4.968606022327901,5.063647498617632,5.1124797260206405,5.246825595820897,5.018937736577575,5.0152276100379956,5.168990925267642,5.06205754417368,5.9054622474834675,138
197,4.973191306393609,5.06438427817752,5.109850852328467,5.243127044177286,5.021242758811235,5.01839378268549,5.1710412941495125,5.06506654463055,5.910302750301104,138
198,4.979006313054024,5.064797826074207,5.108638289519222,5.241501500482988,5.024290546943983,5.023195356823699,5.170393425768779,5.066871334056207,5.910074412276669,138
199,4.984309751804229,5.066724141759464,5.107441127314544,5.240809908717311,5.028602839636086,5.026573071407368,5.168471566700374,5.070155753676228,5.914542263149144,138
200,4.989692791396465,5.070688830846912,5.104786276080175,5.238390429318764,5.032688704395231,5.031219891353469,5.169177372691445,5.073744819586448,5.912663871009724,138
201,4.993253812702887,5.0771881983631415,5.104439605940578,5.234366997601764,5.036358098527394,5.036843080368907,5.170092841579595,5.076878256417475,5.915863491637547,138
202,4.996812964154118,5.08190782635577,5.104529708626713,5.231562830825641,5.0395400381726105,5.041882944334535,5.171741733877467,5.081716643228635,5.92009890067122,138
203,5.000964064541016,5.08663037268207,5.104156338130914,5.228465551697266,5.042955032697515,5.0481312641127705,5.1732929023197,5.084760726573052,5.9179871273337765,138
204,5.004577476236165,5.090349604456827,5.101875440526848,5.222574402945364,5.044775871653348,5.053481167606848,5.174273529699747,5.087430758907821,5.917898223414517,138
205,5.006354649680108,5.090764012176354,5.101689419547304,5.215737940539236,5.045014521483516,5.058836663319957,5.173769874691949,5.089043542453206,5.907470797458327,138
206,5.008606217121774,5.092337154221104,5.102578549438304,5.2100349558331525,5.045420754653326,5.065110985761725,5.1741417996162316,5.089124044982986,5.921374907644989,138
207,5.008913042899287,5.094566417721683,5.104453105331574,5.205394902495448,5.043155676996376,5.070731163253219,5.175196282235545,5.090913095629527,5.925716771338396,138
208,5.007796098102553,5.097495810938165,5.107009854449452,5.19891596469259,5.042330478051943,5.074766456650255,5.173391951127491,5.090495816854196,5.924839326734466,138
209,5.007541868537705,5.099929517842262,5.108803303063951,5.194158360000273,5.040631470426981,5.0785966226193295,5.170622688016475,5.090139210424594,5.925900875476511,138
210,5.0087585208162535,5.101920001191343,5.111268758536035,5.1895051982279625,5.037371100398565,5.083309380918738,5.166648613524432,5.089932464922963,5.92824352977201,138
211,5.011504408594805,5.103257089766218,5.113317940295061,5.185775194662315,5.0373807933671255,5.088199521870515,5.1626636194038165,5.090793442951366,5.915785292728551,138
212,5.0140788835735055,5.105948731972251,5.114758205547966,5.181626039791666,5.035921697843321,5.091996898460199,5.157540902326469,5.092654978457399,5.92552172290012,138
213,5.018539154785294,5.108874958440467,5.116784529824673,5.1782647944499045,5.0354798765513475,5.09450177968849,5.15133930526415,5.092449621875393,5.919698213868879,138
214,5.023991831207875,5.111154670168201,5.117833606220336,5.174802468189722,5.035718532484681,5.098120662559777,5.145043174308,5.093505360922553,5.928127616503342,138
215,5.029007869648726,5.112593734717413,5.120068205791046,5.171444151476034,5.036773460847477,5.101919100130641,5.138047871871864,5.093019929412138,5.9347507125547425,138
216,5.036209624347023,5.113934415579273,5.122501080580486,5.167739320325458,5.03673060579033,5.105160585654096,5.131669565984346,5.0924213016308535,5.929921816746573,138
217,5.042970974033715,5.115850923257965,5.123607337756374,5.165211926537046,5.038102516084766,5.108313540681923,5.126677885131279,5.091345738347061,5.923838343528433,138
218,5.049553930773403,5.11801472193539,5.123976078071795,5.165488317962075,5.040784508249129,5.110862487548559,5.119978429596609,5.0902929498565985,5.928711190025079,138
219,5.055211063296781,5.120324385510455,5.125661797564094,5.167304972949218,5.042804178065262,5.114779382156032,5.113724272418059,5.091276159527771,5.93582584985752,138
220,5.061308776294391,5.1236981880555605,5.128223661319603,5.168961136932902,5.044648231952291,5.11949012090237,5.108985668309005,5.092756987019131,5.940442328634793,138
221,5.06721789097297,5.127398534246291,5.129108158335688,5.170468033662814,5.0473944200227745,5.122165090908663,5.103794437952008,5.094237302984244,5.930393681991144,138
222,5.072253463870572,5.130882417822256,5.129450797753316,5.172682222608444,5.050937761626338,5.123631986023865,5.096920756801159,5.09397719586145,5.935028435625928,138
223,5.0755321964709434,5.136214962930977,5.131012766704491,5.173492644922976,5.056371794623211,5.126948526276641,5.089675023641211,5.0932016168300365,5.9251988301246445,138
224,5.078721598471273,5.141736847712153,5.131212169330147,5.173980900917775,5.060094844516798,5.12925196258359,5.084369820426231,5.093293218540454,5.923200010355328,138
225,5.0818715721073024,5.146874705605571,5.131411732547084,5.1768206245349,5.064105119647536,5.130308601449935,5.079468630096833,5.09253399078211,5.931744680863074,138
226,5.086154247497304,5.152316241382197,5.130787778461345,5.179305637904543,5.068020026842146,5.12990575365303,5.074952000420565,5.092778893098582,5.933712809685427,138
227,5.090563766168712,5.157262387272157,5.129734188964456,5.181758674994271,5.073308249525896,5.130217524514668,5.071959690700945,5.090770730965578,5.9345020033490705,138
228,5.093384434389341,5.1610731451199365,5.1283954604375435,5.185503024142843,5.077392849473878,5.131248904429837,5.0701829953993975,5.087929861583788,5.925426904115699,138
229,5.096467461487027,5.162657869626631,5.127452506964176,5.189405123122026,5.0804179102129154,5.133113675118144,5.065477882308424,5.084751592357469,5.930521713330095,138
230,5.097566102824511,5.163961354945368,5.127683685003161,5.1931592468007315,5.081770316933728,5.132820375752935,5.06079883439858,5.081519598547607,5.930183143466688,138
231,5.096713499911072,5.1633311916038185,5.12757102749324,5.19896566249002,5.083426500904866,5.131640124884605,5.055658269179813,5.0776996402638535,5.927240629806564,138
232,5.096534839237844,5.164206154730131,5.126367421054528,5.2041537696817946,5.083728006528597,5.131934679864926,5.05086859033077,5.075656416669499,5.943275785901155,138
233,5.095196987222905,5.164847495988105,5.124692570323312,5.209494185984327,5.083703547541403,5.131138307613911,5.046514604219181,5.074333284822326,5.937681367940478,138
234,5.093750797032298,5.166210917524175,5.124295749849302,5.213447226398387,5.082422791178752,5.130820758888773,5.043779893058733,5.074639813470111,5.944053065642264,138
235,5.091837495399573,5.166874336010393,5.123947827156851,5.216023612189044,5.0817355780349205,5.130654799203459,5.042162730135099,5.075965511339296,5.939288065081329,138
236,5.090078826022052,5.165622377742205,5.122719594496704,5.2200097492512985,5.081808763102028,5.130331239107335,5.039172561780328,5.073960243245022,5.941265478087783,138
237,5.089421663283654,5.163490205366852,5.120941432007474,5.225919539179254,5.082093963367491,5.130188207761115,5.035341377390662,5.071946717494274,5.942704348067619,138
238,5.087927510510722,5.162602510721108,5.118464840425262,5.23046678024116,5.081655254232507,5.1303918880199975,5.031746347242631,5.071703483507718,5.937937339839813,138
239,5.086629521922802,5.160523752198307,5.116745556397085,5.235219250381862,5.079420371897877,5.12957873487199,5.029587879946025,5.0727896467776805,5.932484131855148,138
240,5.086561888458059,5.159533211942838,5.116473030357158,5.240554490790002,5.0803340061696165,5.129136975009566,5.026081711267047,5.074742514456249,5.94599238423576,138
241,5.086558037948742,5.160586673110841,5.114161438472251,5.244356284843054,5.083084142858656,5.128958647186469,5.0241823655453715,5.077677754949483,5.94621318959219,138
242,5.085964311840717,5.16059944155174,5.110895481206688,5.246674751903205,5.08520192414779,5.128315287652779,5.020417098554983,5.080373868373853,5.957010685675414,138
243,5.084239199613384,5.160864647627988,5.106585461327271,5.246087640680328,5.089054156443634,5.126864969975003,5.016570853474203,5.083245407592528,5.942478202292158,138
244,5.083209820050243,5.161371805166726,5.101518145551963,5.247280580249983,5.092769914687738,5.126134399929377,5.013158645426477,5.086685228806305,5.945571105810371,138
245,5.0820306094509355,5.162294370207261,5.097472850817571,5.247107881821749,5.097607695666275,5.1261183539098205,5.010404995407979,5.089901061118271,5.948145567738601,138
246,5.081548108802098,5.164120356175848,5.094344453773161,5.247538473529626,5.104188434707767,5.125247127199514,5.009037919548954,5.093711787863411,5.940018356239087,138
247,5.079989582296497,5.16470742352959,5.091117544502222,5.245602463243122,5.109543908523725,5.124129831980414,5.008324630509587,5.097459136880345,5.953792740856691,138
248,5.0774837879832475,5.164098953164201,5.089459441809458,5.24419014938355,5.114905850984847,5.123507811485425,5.007875100879585,5.10168656381424,5.956939055458875,138
249,5.075040009331152,5.162913321712045,5.08764125554762,5.242946190135024,5.1187975254622256,5.121951736159245,5.00967662270834,5.107804002172087,5.951868067274905,138
250,5.073709041201493,5.162738868176453,5.086975400781416,5.2412382886907745,5.120728316695438,5.121838043475371,5.011524645123231,5.1129357989347834,5.947389723202964,138
251,5.070761852091418,5.163519859861822,5.0847408202752575,5.237577331970475,5.1218898333155565,5.122425829641958,5.012821547931539,5.117514212998648,5.95330311659973,138
252,5.068552840847747,5.163593756220447,5.083398655704018,5.234770539763727,5.12432812435723,5.125292178914142,5.0135702761699585,5.121608839386241,5.950448985502705,138
253,5.065787854654554,5.162504019677678,5.083192339400196,5.231128978882467,5.127179790426221,5.127657720617337,5.010586997764708,5.126310437323256,5.954817813556435,138
254,5.062962504998677,5.15882638592625,5.082840294218358,5.2275183527079765,5.128618793774098,5.131587113410953,5.00903396721114,5.131509505090406,5.943769131130464,138
255,5.059478968010655,5.154769089144132,5.080193691696975,5.223490028493131,5.130382823047915,5.1322534155717285,5.008475160890013,5.135489631755897,5.954620431839703,138
256,5.056945795862443,5.1498682332727315,5.07666577696787,5.220270944534057,5.131826837952367,5.131219531136798,5.007833547410471,5.138406045124104,5.958171763293532,138
257,5.0559626236264315,5.1444227490996175,5.074658225997286,5.217261186422621,5.1328220313763815,5.131027051446691,5.0077337922947525,5.140659796562454,5.9498332582603615,138
258,5.054862936875437,5.140611226930298,5.072389807878915,5.213065477473667,5.134485118202651,5.130942912455124,5.008196298120772,5.1426831719066355,5.946984697037854,138
259,5.0550898716397334,5.137684213930338,5.068831855213247,5.2105984025698175,5.135374194546907,5.129924593062682,5.008228492800693,5.144965668771693,5.961436755229459,138
260,5.055154471836589,5.134761432657047,5.066521152930902,5.207765412064783,5.138205713279152,5.128084767176121,5.007662592464412,5.145888236562541,5.9598889148343694,138
261,5.054249574163878,5.1307022120478045,5.063339252136244,5.203909535712606,5.1400812104686615,5.127697142301167,5.00815908094151,5.147091627344869,5.944815416233576,138
262,5.052841546849148,5.127512005725223,5.060334616120599,5.200098922536897,5.141402422376865,5.126855417420705,5.0083007388223955,5.1487512804735935,5.948004557434878,138
263,5.050196616185578,5.125491724297015,5.057449500017399,5.195953710128672,5.141779010508684,5.124694158578642,5.007236365603635,5.1510962604240245,5.954524882209301,138
264,5.047334752960453,5.124335949043447,5.0546359550951205,5.191826462158712,5.14279544377916,5.1217269055007515,5.006887332530383,5.15348277971929,5.956346551471192,138
265,5.044355945547487,5.123035116783672,5.053127510386206,5.188990443317861,5.142545203834262,5.11857636110867,5.0103624157787845,5.156554183868163,5.958253327756646,138
266,5.042805453981967,5.122848374701339,5.050822313326785,5.185991750077405,5.142472428631404,5.11673198902789,5.01429749226091,5.160298858806572,5.964904047567149,138
267,5.042409848364269,5.120609245468859,5.050301176773647,5.181374772181634,5.1411250594416025,5.117407574403305,5.018703541591622,5.165411888536251,5.9590968093355565,138
268,5.043340857799986,5.117747420243033,5.04952801422275,5.178008945966939,5.140190638073387,5.116900116065205,5.023445503015218,5.169637006459422,5.958174689119896,138
269,5.045925624997238,5.116274580909767,5.0479948322515344,5.175412030223221,5.140360219849582,5.1164103952283675,5.027738114158938,5.172866273608639,5.956723675585591,138
270,5.049414880650028,5.114900750081691,5.044127170210549,5.173722592965833,5.1409993722647265,5.1157877566291745,5.030752069743123,5.174814562316671,5.958058823170643,138
271,5.0535497695777,5.114962115274822,5.041606386527619,5.172595798108111,5.1409601471056074,5.116188652430713,5.034030393066359,5.174533411772186,5.967386719127972,138
272,5.057295181166171,5.116368389978234,5.040460364956903,5.171024048902501,5.139892261797982,5.115092394979342,5.037044178721054,5.176354440080322,5.966659098418128,138
273,5.060742571551124,5.117568115659844,5.038887644888797,5.1679824932454625,5.138876639169418,5.114307676611671,5.041009343244854,5.179919180677624,5.9615168904567195,138
274,5.064929951623516,5.118394366665166,5.0377532579387,5.166086758170722,5.1389870824337,5.112406974781152,5.046337328878242,5.180439761459707,5.972286391160072,138
275,5.0692598553261305,5.119693722181876,5.0373140378332675,5.164844867802091,5.140269575184821,5.111136879014262,5.05099215727028,5.180380119037645,5.968827782942989,138
276,5.072873422646058,5.1199409808644685,5.03655508894361,5.163758444852804,5.139621674455638,5.1104612103156555,5.057282149998529,5.179310284421929,5.959728095678874,138
277,5.077957574687996,5.118303956527885,5.038346791172616,5.1641312810021995,5.138311760554508,5.108882544020506,5.062911967920162,5.179274099838379,5.966045794358578,138
278,5.082637668556826,5.117229970156717,5.037794044717697,5.165444809160354,5.137330100788177,5.10654294268348,5.07014013051216,5.178833236784754,5.969722250619478,138
279,5.088065261044681,5.115358682644374,5.038703769680058,5.168848482539795,5.135771032975852,5.103752760028291,5.077096288769983,5.177397446869054,5.970732086779158,138
280,5.094288790729449,5.1145085060492,5.040337353070792,5.169624120864686,5.134545475485949,5.100679203285319,5.084343043324168,5.174872336639236,5.963310087354128,138
281,5.1001343686277165,5.113580648683202,5.040540618292599,5.171568681908357,5.13375580631835,5.0982752112251255,5.0910468238760025,5.1729177977296406,5.960951040547373,138
282,5.10474837548323,5.112295080822031,5.040940036432748,5.173246510268179,5.133062120115542,5.095672788312024,5.096428303260009,5.17042392378127,5.971546380248876,138
283,5.1100337596285,5.112063072924554,5.040793312814451,5.176679528100296,5.132074480860915,5.092707029987901,5.1015686958639,5.167139274435822,5.974548814907462,138
284,5.1159521855725,5.111493813529446,5.040160839198583,5.180049164294111,5.131626418990381,5.089565250761335,5.106925532561323,5.164654586913945,5.963386298513934,138
285,5.12116821271537,5.111371043877797,5.039794274922663,5.182365366175434,5.132245687227371,5.086304725231381,5.1099822369258,5.161315268281882,5.970054361521921,138
286,5.123815095470965,5.112201184116985,5.0396502776845296,5.185885469465022,5.133974290408208,5.082617275606781,5.1136851356001465,5.15781670087407,5.969167980879831,138
287,5.127667883353583,5.1140286649485684,5.041009046527956,5.191326274919465,5.135021444280704,5.077877989264105,5.116354951001798,5.15525958483625,5.968489364946019,138
288,5.130668899412758,5.115613913921798,5.042077897447714,5.196441339843361,5.135858750636414,5.071888638808641,5.11993989061812,5.152632610101158,5.970236498045715,138
289,5.13270710997347,5.116558527930263,5.042590432467514,5.200956244392496,5.13492044275541,5.067891823735472,5.125869650750362,5.150190123578464,5.970496427848275,138
290,5.1355801370665155,5.119140089507753,5.043544360816966,5.205157779155337,5.135650615781529,5.062191037963586,5.130962635392729,5.147499150475204,5.979282529771685,138
291,5.138433336776423,5.1203911825310495,5.045224372114285,5.209053480241572,5.137113370546026,5.057909000574766,5.135222159092637,5.143180728057885,5.979195873128577,138
292,5.1400916731628445,5.121450022017808,5.0484131916950306,5.211317280276989,5.138687042357369,5.054002607129759,5.138969063535107,5.139017437909469,5.964682164853377,138
293,5.139297970589507,5.121131657427657,5.050381822966674,5.2121515633316715,5.1412977925145205,5.050629923118759,5.141890829616624,5.135625365080472,5.980087424990132,138
294,5.138387840761089,5.119980245960019,5.0523728575440625,5.213717574867477,5.1432301454384115,5.047985053445547,5.145848770309832,5.132425121483239,5.977842219346835,138
295,5.136485204062939,5.117505555731057,5.0548083006579185,5.214940990029422,5.144355436155684,5.0454339763751594,5.149860066334083,5.129187037272789,5.97020098330207,138
296,5.133630025233751,5.115658853946108,5.056319341602078,5.215832702934718,5.143924030258891,5.043736302910011,5.154124461920269,5.126955709286314,5.971094021297517,138
297,5.131277957120669,5.114571577407134,5.058824751604302,5.216704099811535,5.143210194878531,5.042066396893538,5.157813590381059,5.124838948985161,5.976040933304872,138
298,5.130842397751351,5.113373797989798,5.061444221671561,5.217406760098095,5.142955592920398,5.040628110208392,5.161075427148537,5.121605054870878,5.9672748592357765,138
299,5.1310136199404255,5.110918211849772,5.062078950159572,5.217688311696461,5.1423387238622995,5.038302412221447,5.164131674804809,5.120191409204399,5.978738545631593,138
300,5.132956748994742,5.107580737958989,5.0618614620602305,5.2178161386894315,5.142114724006634,5.035091986686158,5.166624016443235,5.1198377522379275,5.972950023889437,138
301,5.135393206425272,5.104331863289746,5.062092051200078,5.2162595824353915,5.1416090517495885,5.030230136697663,5.167763873618538,5.119031407797931,5.970257856867909,138
302,5.137020123806824,5.10068857485426,5.062876275921337,5.216509991609094,5.138624726033518,5.027205354437962,5.168448318681088,5.11710647480321,5.979287342151915,138
303,5.137723341795658,5.0985676094828305,5.0625845954802555,5.21818854711305,5.136875710781412,5.023663255006516,5.168665015720615,5.114758903594204,5.976582923935551,138
304,5.136734811032065,5.097117302881747,5.062234097804712,5.217027389619172,5.135805407685211,5.01967060144131,5.168141450123246,5.113843233247528,5.974814162155538,138
305,5.133952140266068,5.0949793419041125,5.061590859149254,5.214842914842215,5.1340650309178475,5.015933154882131,5.168889167780079,5.113173822519328,5.980222689136399,138
306,5.131259231787661,5.09241077852806,5.0618280157206375,5.211712167568498,5.132061586902955,5.012744190599015,5.170115863682077,5.112126807805161,5.978557929770029,138
307,5.128975166128836,5.089408900307418,5.0617274144379065,5.208328136922556,5.13115326954013,5.010547231925658,5.1708184582285295,5.111538587363737,5.972704035232211,138
308,5.12755865463407,5.086006458566489,5.060504001464163,5.205433698274257,5.130276278141681,5.008776603694186,5.171924481759664,5.111091541962345,5.973205179700396,138
309,5.1263164586756265,5.082950888248423,5.058411922802382,5.202466709710762,5.128692245190656,5.007151130218794,5.171751531993955,5.108990474976441,5.981132975620695,138
310,5.125356080571022,5.08067429814979,5.055471838006282,5.197865953833679,5.127848039229434,5.006975357800357,5.169085008219907,5.106791326735451,5.972193785683263,138
311,5.122648048238881,5.079129067640672,5.051696713556553,5.192685732329769,5.126480055293383,5.007568240357026,5.16642164067118,5.104809182167327,5.97021247118234,138
312,5.119179723205571,5.077294981702234,5.048240309270724,5.186950529726665,5.126052718062822,5.0060774929241525,5.16359987527545,5.102962174055026,5.974534887598167,138
313,5.115279641747212,5.078162846191168,5.042327156450737,5.180421920248142,5.1256181156657235,5.004332322170706,5.160737445274757,5.09982558254734,5.969409090743044,138
314,5.111406330965736,5.078990520432172,5.040226359530744,5.1742251889093955,5.1259496831110765,5.002932735845894,5.1593666742365585,5.096248218333584,5.986084400590332,138
315,5.1069880554889355,5.08021128202914,5.036091900997045,5.167286642584846,5.125878397298692,5.002017478661639,5.158640586617272,5.093315084786204,5.980614128712183,138
316,5.1024995952447885,5.079931182714354,5.0321722330686995,5.162244778105257,5.125093520467153,5.001442979253559,5.15807288883602,5.091493643174663,5.980067130125547,138
317,5.099003581846963,5.079863225810729,5.030584968056084,5.157138463579828,5.123499650801985,5.000777769199995,5.156604456431014,5.090054637366718,5.981838850556291,138
318,5.095169620025147,5.080041579867009,5.029068746916927,5.152930498200763,5.121173393457234,4.999270736114676,5.156137851465063,5.090412361952729,5.974051379068825,138
319,5.090651850246381,5.079892589864587,5.0276264827610415,5.147802027623442,5.119475157974739,4.997048048389099,5.155336129033914,5.09107612680026,5.982787801047737,138
320,5.0875718327075345,5.080807598977806,5.025443718506214,5.141984225487266,5.117535318791802,4.9945535359656485,5.154382569514957,5.091742960982357,5.977893265747297,138
321,5.084569045438369,5.0820701207847065,5.022713615450085,5.135998984879837,5.114376960950477,4.99237021961752,5.155710281304366,5.09193254560024,5.977884754098118,138
322,5.0825320891567465,5.081760138226713,5.020547337138713,5.12957317324299,5.112033086799085,4.990213487644462,5.156592904302917,5.09185450631278,5.9794906153246625,138
323,5.081662233451988,5.080581594207809,5.017605414954921,5.1236131007482655,5.110855217481394,4.98869541591263,5.157542097515592,5.091540745032686,5.990452408395711,138
324,5.080161270921462,5.079685603105311,5.014538574903259,5.117681888932612,5.108839836063688,4.987940537595417,5.157368321996399,5.092857392196786,5.993848007668571,138
325,5.080306197096373,5.0807339838051675,5.011883983686568,5.112382961853906,5.107133965517008,4.986884303374994,5.157320271222051,5.093655808459708,5.986078912084706,138
326,5.080503723043202,5.081349968818238,5.010363388786516,5.106985601962028,5.107013871480952,4.9860565860793775,5.157625333167547,5.0940444745622235,5.983104930371957,138
327,5.0814962641938735,5.081926757384283,5.008593416161956,5.101780904620561,5.106732241488146,4.984206023798671,5.158114896344595,5.096131136970652,5.9870832427222975,138
328,5.082587565272206,5.082991941681092,5.00564118510864,5.097855625494876,5.106067279233363,4.983472208412296,5.158679054449459,5.098887079483504,5.978963105658663,138
329,5.083871855701111,5.084450960186441,5.003765312498155,5.094511742282945,5.104375515937893,4.981847312699127,5.160164949859438,5.101243586977578,5.992218065002092,138
330,5.08594646932832,5.08572679926252,5.001795319770459,5.091365829964383,5.102438194005682,4.980588539221111,5.1596051239068945,5.105040059314135,5.979237580314192,138
331,5.087391869948704,5.087024342803513,5.000639954215865,5.0873919342647245,5.100436701051823,4.979803017900901,5.160116025340086,5.107905137470606,5.98984625442483,138
332,5.090014304351449,5.08869534628621,5.000013762101393,5.084597261177702,5.100605921896064,4.97896723969392,5.159383493461893,5.110664964067487,5.983878409193874,138
333,5.093352920833869,5.090578908072714,4.999725123519011,5.0821416409060785,5.100305649968819,4.97838337374921,5.158511490080991,5.113579383534366,5.981944634682339,138
334,5.095338816209691,5.092614763028019,4.999879893191643,5.079261553381237,5.09991325474404,4.979166627551399,5.158271876704575,5.1166631648578855,5.986852806223737,138
335,5.097400167094255,5.094439220047244,5.001454524274088,5.077839413331621,5.099483580163199,4.981714152634414,5.157501672128719,5.1184217948562685,5.992462003668285,138
336,5.0991460082351505,5.096682773912413,5.003606838913317,5.076463647472544,5.098111855383445,4.9859467845451295,5.156811467050672,5.119428423424807,5.991731990012561,138
337,5.099989392611379,5.100957344116996,5.003747933686265,5.076636519376138,5.0974149380549605,4.991273495119165,5.155680395099395,5.120195178461334,5.986029571422637,138
338,5.10053870483139,5.105626066474139,5.002995705690804,5.074895331483111,5.0993128773893,4.994523162015881,5.154274242507387,5.121699621841637,5.989518004983326,138
339,5.099561307111532,5.1098443762627594,5.003217685300102,5.072926460416318,5.101481824193637,4.997605019003537,5.152897459878515,5.123244321759421,5.996166408835045,138
340,5.099086907344665,5.1132263044970045,5.004800470189927,5.07275142371295,5.102933776143477,5.001523848327309,5.151228218734866,5.124572763230767,5.986122483956227,138
341,5.0988747096250036,5.116660366827279,5.007078761670862,5.072106957749263,5.105636093230952,5.004645469645331,5.149269268762355,5.125895303890056,6.002219779652033,138
342,5.097700898583392,5.1210808986018765,5.010385101464173,5.072954089348272,5.107699528441753,5.007817278821982,5.148042983683279,5.127335395988945,6.0007918515175644,138
343,5.09657106352379,5.125159416408637,5.012332793331263,5.074055749765404,5.109135033566962,5.009673325681086,5.1478974424668404,5.129670668059025,5.99673235084001,138
344,5.0957643518751805,5.128893966135733,5.014802549086282,5.075507193877258,5.111050419530387,5.0125305375615845,5.146807732881825,5.131662668304072,5.996227153219161,138
345,5.095736594674792,5.132653052948616,5.01754353275533,5.077225867725312,5.112600478389956,5.015374529586581,5.145574856498048,5.134910339121474,5.994441855944514,138
346,5.095864253409128,5.135744701566241,5.020539462542797,5.079914773958553,5.113043304722211,5.017469591854532,5.145606259734111,5.139175711128194,5.990924794936386,138
347,5.0968194593003275,5.13901858877665,5.023293292187697,5.08219667411991,5.114969430208101,5.018632397418644,5.144375253240344,5.144169801745585,5.990268751066513,138
348,5.098532539973291,5.142607346435316,5.026001155907107,5.085454142674932,5.117857795010343,5.020445196925387,5.1428871498524185,5.148420195154058,5.987873178052279,138
349,5.0990107247775,5.145376873362293,5.029881194855557,5.088715980701634,5.121049555262796,5.022158463081421,5.14201214431243,5.152680269790956,5.998347556075543,138
350,5.099141007273049,5.148366923278907,5.031573796985017,5.091056203724153,5.123339908250178,5.024350937549453,5.139737991128686,5.156242571898751,5.9958764768134305,138
351,5.1001885641757845,5.150847999662799,5.03492596666686,5.091947539123035,5.125507922664822,5.0263099105172,5.136766738711722,5.159016355808769,6.000512570872533,138
352,5.100595109746467,5.152234340306402,5.038887731569586,5.092709950706753,5.127568861952861,5.028203592003294,5.133652737483821,5.162019364149409,5.988951028535846,138
353,5.100827945376787,5.154330068327472,5.041732433502117,5.093785995752814,5.1300032426891224,5.029224180290036,5.130870856074789,5.1637994570563555,5.995671451716199,138
354,5.10196137802765,5.15500915106492,5.043407292308238,5.093659470554822,5.131968177386181,5.0323562266812925,5.127153579252889,5.163823374039379,6.000524723680912,138
355,5.103467574197048,5.155648919987332,5.045387236398069,5.093689557914909,5.133089450079886,5.037083062404551,5.124167696927302,5.163054435113144,6.0018361936113,138
356,5.103951305727621,5.156472290235634,5.047606893727005,5.093303702261679,5.135351063125213,5.041044926300007,5.122486568065513,5.162489827012722,6.000725750143027,138
357,5.10347322459393,5.156572368510904,5.04973003108098,5.093682907854333,5.137132729127835,5.044305122459973,5.119094171534824,5.161980164941548,6.003766144197817,138
358,5.103383765511499,5.15771284494069,5.051011139155777,5.093321380388017,5.1382776200037785,5.047678615908032,5.115891218576662,5.1628318957081865,6.00042538981794,138
359,5.103325154375479,5.1592094053889,5.05296516951176,5.092330415470398,5.138073068750272,5.051343983352356,5.112240439343216,5.162559649047399,6.005441882668755,138
360,5.102552562628397,5.160280460730769,5.056173045635381,5.09219542216237,5.139312928713435,5.054946045122658,5.108602664379941,5.1608479641846765,6.000405482250568,138
361,5.1019117525362425,5.160791244542883,5.059108629887586,5.091469630046552,5.14063540292555,5.058169344519848,5.1041144038971105,5.159756544022606,5.998715050576001,138
362,5.101293497415206,5.161038007569168,5.062053886966242,5.090907522850834,5.140858825467909,5.060795773990144,5.100103796749635,5.159866899093972,5.996750041116415,138
363,5.10047437972511,5.162239175999456,5.066378651536075,5.0902741922390256,5.1404965757214365,5.0630802291763874,5.095425288561543,5.158899618976829,5.99757480325886,138
364,5.099964771746107,5.162321789297566,5.071469246554985,5.089244477403923,5.140418984493296,5.064690593645025,5.090299795637431,5.157868674741646,5.999393808989175,138
365,5.100625539283799,5.162910683494555,5.075962739915321,5.087981834437726,5.138848496761919,5.066867091893599,5.084625115142579,5.1569786107253055,6.002617296112837,138
366,5.100190619981571,5.16396188915117,5.081038670461286,5.087119777860299,5.136528653512068,5.067872703319155,5.08075939867336,5.156075721912677,6.0033143704774075,138
367,5.100457344191673,5.165536380318878,5.085362251518211,5.086219922910435,5.135192271245023,5.068009525798031,5.076044316371438,5.155199018609128,6.004587526860036,138
368,5.099531824337581,5.166842292253318,5.090216579465772,5.085084959428066,5.132071128601423,5.068196466147851,5.072165375260387,5.154025617164347,5.9915429956338775,138
369,5.098328896297884,5.168011793105132,5.093834042874708,5.084409387342166,5.130344369532191,5.066260838324491,5.068570961527103,5.153221628472673,5.994225105956125,138
370,5.098070951927557,5.168521933890155,5.097323296545304,5.084323476018082,5.129224737082566,5.063840256074476,5.064590472295185,5.1525725254181545,5.998108133336119,138
371,5.097843138476781,5.169340940644956,5.099951592534106,5.083351372327263,5.127864775159148,5.060200356916148,5.061626978356149,5.152657547018174,5.996635498540427,138
372,5.097557270121147,5.170426796111395,5.102879390973518,5.082566019137904,5.128075305110142,5.056275805199464,5.059829794319658,5.152437326169833,5.997133648542442,138
373,5.097296578257131,5.169939195778873,5.1065800196878115,5.082029633363335,5.129120931723154,5.052431107364551,5.058185303766161,5.152337903125805,5.995430252343921,138
374,5.097402568966996,5.1689628291323535,5.109758640212025,5.082127355139254,5.130041719085293,5.048163215469688,5.056981940817389,5.151774485570684,5.997466980708659,138
375,5.098733738742386,5.168104668649562,5.111276789191983,5.08177788824484,5.1302044605192805,5.043908959999689,5.056882318997738,5.150808958256636,6.0052995988504305,138
376,5.099735611254539,5.167564336522062,5.111608364756377,5.080538660260073,5.130263158947121,5.039504971181679,5.056860963570136,5.149919606067147,6.000050370042978,138
377,5.1000334771233575,5.167258697543507,5.111006310814132,5.079390049788127,5.128813441515437,5.035301320785212,5.057585845897276,5.150038887696702,6.0007086692767215,138
378,5.100273582630884,5.166197064355661,5.109613392823909,5.078273064283188,5.128021770427372,5.030894168019713,5.05762948249073,5.1501697923297876,6.003216311967471,138
379,5.1007542371323344,5.164182681548326,5.109040823051464,5.076765159948189,5.128071877291239,5.028001402507175,5.057417560519168,5.149537481895575,6.007155675760159,138
380,5.10066985649741,5.1619566870913385,5.108753806355821,5.07431840712286,5.127438690126749,5.024998837900874,5.0571957403294965,5.149310769551198,6.001219338343268,138
381,5.099955439065761,5.159117482179406,5.109133402315507,5.071685983891005,5.1274235635150855,5.022382527211003,5.056990399672402,5.149113520600007,6.011763753843252,138
382,5.09959701702271,5.15707378596491,5.110956672402052,5.069128596524199,5.12771747270401,5.021020616402852,5.055897853424151,5.148235406562437,6.01936983662824,138
383,5.100065721340237,5.153469038166081,5.113043348066331,5.06731033414328,5.127118570376531,5.019991189842479,5.05574183534466,5.146659746926248,6.001275026487087,138
384,5.099809731225507,5.150059681168409,5.115166598277017,5.064733805112751,5.125037794376428,5.019756861768215,5.0548968863413535,5.145777885135434,5.99867925927928,138
385,5.101352723213446,5.145998933258966,5.117385862811572,5.06312007596972,5.1232376099796175,5.020177737755633,5.053150664648054,5.144900282008383,6.004403507853354,138
386,5.104599861643824,5.141702995217757,5.120740621908322,5.061629484334924,5.120686402895556,5.0200501235559045,5.051532709470349,5.144991053165407,6.000796510176055,138
387,5.1076408436707545,5.13834926168791,5.122724760644067,5.061514277962445,5.119018245114859,5.020727975928448,5.0488102181083345,5.145379351129392,6.005359986177709,138
388,5.110418771700614,5.136295451352595,5.124870379922418,5.061641822729024,5.116478157836802,5.02172646697761,5.0458687024313775,5.14445270837071,6.0023697822066024,138
389,5.114243008078015,5.134367047233148,5.126960728073726,5.06033695074076,5.113049110367392,5.022966027409405,5.044165540853545,5.143445255587925,6.004715239603311,138
390,5.117658503793366,5.134188105781385,5.13023426560836,5.060419298820333,5.108699743716826,5.023771989963666,5.043622301745317,5.143084834746607,6.005842041094512,138
391,5.121130810523228,5.13418582418335,5.13351690673496,5.061189685962447,5.105059558325099,5.025229503388991,5.042303209359019,5.143494647829161,6.015624645336267,138
392,5.1238585525139095,5.132691808166713,5.136741799986607,5.061930491022329,5.099813087521769,5.026745110565637,5.040802475578229,5.142799831930732,6.01572627871487,138
393,5.127426922086659,5.130966135249194,5.14051199913047,5.063097642685893,5.095245488584251,5.029097612887242,5.039533032582621,5.1434954347483615,6.009355041080573,138
394,5.130661517238897,5.128385493898069,5.144323150594225,5.064632302097781,5.091538831054471,5.031197680908014,5.038045458407758,5.143028631254156,5.999713544993696,138
395,5.133071114867452,5.125941959250831,5.148595235557353,5.06602295659197,5.0882569281904315,5.031692268473053,5.037818884759076,5.142676303411164,6.0102396942129745,138
396,5.135979280663744,5.1245585061709935,5.150665770400196,5.066749109651417,5.084305611259871,5.0323981885610936,5.037513096113258,5.142497254208209,6.003518486091446,138
397,5.138309919462516,5.122662524145382,5.1535212811974205,5.068201694142214,5.0811318767336635,5.0321369299312035,5.03760028369136,5.142966827892504,6.015942619438483,138
398,5.13904974336388,5.120983314890196,5.156155203885628,5.069450598288006,5.076697360989362,5.032948289118184,5.037778847351396,5.14300830470487,6.005336027566348,138
399,5.140156693417328,5.1186925924262034,5.157784149907526,5.071087529244585,5.0728778053554855,5.033745036377049,5.038849717148665,5.144433407609789,6.005907903707074,138
400,5.140293477360461,5.117552379491541,5.158665169563065,5.073737265058451,5.06870870377656,5.034517189981715,5.040576484527591,5.145622598090665,6.004745006334951,138
401,5.141087750428433,5.117107422678345,5.159219436465527,5.076053220893675,5.065899338900421,5.03498759066865,5.042037295007866,5.145877501403289,6.00954849162844,138
402,5.142331780041706,5.116020182142715,5.157843090935243,5.077600784951174,5.064014449828953,5.035126923400357,5.042472298268539,5.144975164346945,6.005108627954464,138
403,5.1431427964500624,5.114427767602647,5.1573628974312555,5.079674108569395,5.062327655579045,5.036036759894319,5.043573055135102,5.14531102812363,6.016363435598007,138
404,5.145100615730765,5.1124382211082935,5.156393242362581,5.0809566898312495,5.060674815475924,5.036849617825458,5.0436148195391555,5.145367178660494,6.009252158496692,138
405,5.145881299446244,5.110103775286084,5.1556249113695785,5.080959424274982,5.058669315922394,5.040399970100243,5.042939030349377,5.145457311780888,6.012352880996152,138
406,5.146188646291051,5.108813112488368,5.1546966511292585,5.081232723961183,5.056680742880031,5.0443693195615715,5.042052933442195,5.145322352866813,6.007398442283272,138
407,5.14699325868891,5.107378927328847,5.154353578416145,5.082316971334692,5.054994128790073,5.048935218632323,5.040672625985013,5.145321233886377,6.010777099134196,138
408,5.147692272783866,5.106086985156708,5.153549364426462,5.083426515232665,5.052890427789206,5.053837814129696,5.0378050631440985,5.145257147834661,6.014405164521518,138
409,5.148032941758929,5.104917730747674,5.152245876103688,5.083533921195595,5.050365784628818,5.05913475720174,5.035489844434048,5.145902473944377,6.007462978974301,138
410,5.147829001926723,5.10360352970217,5.151433313037505,5.084341467365481,5.047038443506227,5.064994827657637,5.0322263898605275,5.145842173460375,6.006718410060758,138
411,5.1475244536144995,5.102497435505732,5.15163295737302,5.0855297325509,5.044620342604729,5.071391451221756,5.0286482299953885,5.14508987192863,6.004856198670971,138
412,5.146939666250018,5.100847883628829,5.153334322018903,5.087515723237936,5.043327793976109,5.078062475245333,5.025176812166908,5.144357860664439,6.005101117435237,138
413,5.146732808470059,5.0990066353394745,5.155285402113367,5.089779669478895,5.042688324712957,5.084051844725913,5.02097923814285,5.142615050406988,6.01750841218863,138
414,5.1462042589278365,5.096625956734121,5.156784089403816,5.091040981839842,5.042062199783567,5.08993698009509,5.017233784840902,5.140378112712389,6.01654077436909,138
415,5.1452026742816575,5.094494497137164,5.158676380970299,5.092254296590398,5.040233211270204,5.095164103749909,5.0140882462021,5.138809420335311,6.007167386583437,138
416,5.144690612728405,5.092648657181277,5.160404436790716,5.09228796381421,5.038401859303747,5.100208734332478,5.01014233354552,5.1371248990048,6.011083541163357,138
417,5.143861508368239,5.091687734025493,5.161284334843153,5.09266541343869,5.036436735364423,5.10460533398414,5.006742997749971,5.135440157875868,6.010413097497653,138
418,5.143581124350817,5.09087097288122,5.160591693260745,5.092867789275778,5.034350309621049,5.109577339716716,5.0042396295887706,5.133470938424432,6.015188755216985,138
419,5.142143969887908,5.0912057853493415,5.1599496344001246,5.091698733192829,5.033911540306062,5.115305593953094,5.001279535484532,5.132000815264687,6.012129283232477,138
420,5.141284342459224,5.091857433615861,5.159038111584467,5.091320470608326,5.032579206597872,5.1199670917116045,4.998895497842856,5.1305622143135245,6.019547175487432,138
421,5.140130766064161,5.092883648944046,5.158069447912398,5.090499303555404,5.0312808179212976,5.125210762140268,4.997048058123971,5.129183629044629,6.014497076504693,138
422,5.137656917121475,5.094088563199984,5.156121947403271,5.089081030224895,5.0302733712611785,5.13080968079209,4.995774918352808,5.127850319785484,6.009438864040071,138
423,5.134937643845558,5.095303667801332,5.155580694181742,5.086772359830798,5.0282584034313365,5.1365180069740255,4.995336144492054,5.126916982689476,6.020832635327337,138
424,5.132853021140429,5.095645954733703,5.154335658279028,5.0847953185423584,5.027217763503152,5.142014357551156,4.995868151883627,5.126783929323679,6.009483056943194,138
425,5.129221688689132,5.095200028001717,5.153526335732716,5.082610086880668,5.02675968540658,5.14627932534521,4.996038309266703,5.127453820026348,6.018078041422261,138
426,5.124864028626961,5.093495352183571,5.152616107379653,5.080356205036396,5.02721965461957,5.1496770578136735,4.995668983520987,5.1279910503352655,6.010669948917072,138
427,5.120962532608705,5.091860397420313,5.15197954508257,5.077482364831054,5.026795490500281,5.151644144638077,4.996472282530549,5.128191675561114,6.020141849590329,138
428,5.116559886341117,5.091683320867791,5.152005071498892,5.075152033050738,5.027252031709426,5.153877249212398,4.99740057800552,5.128488499837912,6.0165473578779105,138
429,5.1122881265516344,5.091467037451983,5.151382540550099,5.071737212223054,5.027079331499194,5.1561512186680805,4.997424887628609,5.128562665957197,6.016744798616829,138
430,5.108887547795597,5.091662917708868,5.150207341830752,5.067859764593649,5.026693500100267,5.157939702784256,4.997183607828925,5.1283935695502,6.020596777058626,138
431,5.105626968979459,5.0922206847780975,5.14816308613443,5.063850956655294,5.027316908196465,5.160613388831507,4.9968771095605256,5.1283290696709365,6.017628734612079,138
432,5.102907184667485,5.0915563633732495,5.146936104224276,5.060378440888238,5.0274119306894285,5.162677162666888,4.9964887312645985,5.129085400052166,6.0113117577847826,138
433,5.099501460182772,5.090593260672193,5.145399569887562,5.057982413569913,5.0268040082986625,5.164857089143181,4.996060136538864,5.129032709574785,6.0105516452167835,138
434,5.097055239754095,5.088954742667118,5.14372425234627,5.056406558905089,5.026778831395921,5.166359307436256,4.995803123218897,5.1289906310016935,6.008722178668017,138
435,5.093921047437106,5.087293505884533,5.142260851695282,5.054639886891699,5.026272936910988,5.169010729071962,4.995252125769482,5.12770482021256,6.023409178001647,138
436,5.09137638847818,5.08576564545018,5.141732980354083,5.051357322055643,5.025094112946321,5.171655068089155,4.99591922013275,5.126605351183066,6.020477517480071,138
437,5.088212363872166,5.083227263029741,5.141681398113285,5.0488838377925225,5.024041536742278,5.1740185136182895,4.996142983015724,5.126936477684758,6.018917213605646,138
438,5.084990388988617,5.079886168421631,5.143113424376315,5.04655862068194,5.023234616084753,5.177122802921678,4.997284829083875,5.127083918502599,6.007149669575374,138
439,5.0818097000624025,5.077195658606954,5.1443888073526525,5.044521964447453,5.022172119431005,5.1798629443821635,4.99840652075496,5.126701331530143,6.0102223661507175,138
440,5.078789262772364,5.075547384364947,5.145682161487814,5.042461129140493,5.021156553486151,5.1822938519346895,5.000034316313682,5.126468426718194,6.017872400192433,138
441,5.0764873297966,5.074599287675314,5.147526603831027,5.0409113891201605,5.019846018673108,5.1835606450737295,5.0023339648947545,5.125970294417369,6.020225800407183,138
442,5.075008854226494,5.072914865616439,5.149177376207539,5.0390431628848935,5.018325437175417,5.184402926293762,5.004925212108651,5.125080822646483,6.024084403190485,138
443,5.072554903665983,5.071419643001006,5.150841906542206,5.036874011094582,5.01730749827531,5.184957110061664,5.007197247845728,5.124330106549291,6.021561959331486,138
444,5.070409159029946,5.069417509495633,5.1529849131640955,5.034739569710117,5.015637825207828,5.184989093403676,5.008598611166297,5.123775332414837,6.018783150637035,138
445,5.0691959758988965,5.066810636522071,5.155777720988561,5.033849124307695,5.014268690085777,5.184931956880488,5.01020324907204,5.122914083100916,6.022367420942572,138
446,5.068540310829434,5.064915655430833,5.157931055005787,5.032094182467142,5.013222118980924,5.184648190131568,5.012456451371378,5.121955234274662,6.014602003623965,138
447,5.068200804846859,5.063500133188548,5.159522039877851,5.030081503786596,5.01136416606427,5.184421145818295,5.015384762790417,5.121577308723975,6.018317807852676,138
448,5.069000939745176,5.062360719771849,5.15938751972636,5.027480326812015,5.008772679840022,5.183135172296101,5.0183959615807545,5.121215130513673,6.025507056371435,138
449,5.070453468696223,5.061657024602209,5.160340139117892,5.024307572331336,5.006300284787625,5.181941233788806,5.021727597478738,5.121048445791876,6.008139629163505,138
450,5.0729821910114214,5.061383859684119,5.161545626208851,5.022414561589841,5.0044640379371215,5.181028133188116,5.024443532559149,5.121646432634091,6.021851748784802,138
451,5.07529053044779,5.062086196863877,5.162804018798241,5.020514954137577,5.003604046737106,5.17971970498325,5.026628352366701,5.121320997870303,6.011118658719436,138
452,5.076795726929685,5.062960670939529,5.163915267867917,5.019643157665363,5.003701408537838,5.178597977832029,5.029692230921421,5.120863275495979,6.012746504426198,138
453,5.077926211743064,5.063013221587859,5.1650244242342005,5.018240277064746,5.004262526949928,5.177443585589666,5.03377520327437,5.1204562251420604,6.017935646223796,138
454,5.078031762392854,5.063228486521195,5.166407622413421,5.017212113744863,5.00460238061655,5.174425826573741,5.037713046063459,5.1205141598844195,6.024229917785284,138
455,5.078972357960958,5.06348420622262,5.1681637484779355,5.016922808098953,5.0033923220244105,5.171313166515601,5.041763179884604,5.120556606279429,6.0253842953170444,138
456,5.080107291206688,5.063084653381024,5.169336543873326,5.01647693176762,5.00372500772974,5.169211597358569,5.045515580167908,5.120736639578389,6.033611214032757,138
457,5.082095601657421,5.061709467156088,5.170959934365804,5.016306829705906,5.003047403173257,5.167077688115601,5.049627506782404,5.1214774030692425,6.021034477878414,138
458,5.08399461448723,5.060128133355807,5.1723806536301495,5.017307446197208,5.003300865470845,5.165095624470202,5.054012644852413,5.121389733544264,6.0253603405277545,138
459,5.085786941704983,5.057788839814756,5.17350100479465,5.018212766188904,5.003754713081109,5.162783578394611,5.057943504846811,5.121942959032368,6.021317092489235,138
460,5.087607378777358,5.055742292263448,5.1737645514646164,5.0186149791883015,5.004955803500634,5.160399787837149,5.0615792426335755,5.122242347313822,6.0223595332697695,138
461,5.089888867308803,5.05408924475347,5.173126807088261,5.019815960083506,5.006397262643098,5.15809725801336,5.064609728774851,5.122079086991129,6.0218087183748175,138
462,5.092434911041979,5.0528925782588745,5.1714674866427055,5.020489353915571,5.007909099606577,5.156527057997371,5.067506369675315,5.121083377524521,6.023766089987578,138
463,5.093289406661306,5.051541948290887,5.169241805530397,5.021922731368157,5.010327982721671,5.154970589033809,5.069959290820492,5.120235681284685,6.022075084526093,138
464,5.094984264072769,5.049661460106702,5.166675652978978,5.024024162112196,5.01225464520251,5.153550382715631,5.070840564459078,5.11953218133495,6.017322357916018,138
465,5.096019365337593,5.0480165801561,5.164412252521096,5.026494832538171,5.014219657951609,5.1520916096720955,5.073382111373649,5.1187472212093725,6.0277271703319615,138
466,5.096251674409553,5.045492226997379,5.1622718901006746,5.029934033277557,5.015801394090895,5.151379978157955,5.077023264258465,5.117880335106301,6.022528119085199,138
467,5.096487339656676,5.042765809619339,5.16032230874467,5.033416091690633,5.016688360894049,5.150000317863294,5.080121578713825,5.117848811612346,6.024248920228176,138
468,5.096805823484745,5.041352940837948,5.158563739372987,5.036364717220198,5.017675375186601,5.148503726128087,5.083759554241809,5.117011221405761,6.019764337018704,138
469,5.09836457840922,5.0396817219044685,5.156672168318427,5.0384264784542765,5.019384995142933,5.147462787205821,5.087549911019771,5.1162505303599275,6.021506620165836,138
470,5.099867586108886,5.038553911194169,5.155147216272356,5.039553126125349,5.021398358888887,5.14676362292351,5.091327273038454,5.115492120126268,6.027080527513834,138
471,5.101789149783173,5.037638134619079,5.15380185881383,5.040675957314594,5.02323815898411,5.14570737666402,5.09485103347226,5.115192299240702,6.021025002870703,138
472,5.103733567865964,5.036906259261352,5.1525281113296675,5.043343543265255,5.025881587026546,5.144593040563759,5.097732375027256,5.114409132458258,6.018532214128547,138
473,5.105556295874758,5.036931401021475,5.151460374531893,5.045716597781658,5.027733556131388,5.14319601378799,5.1005453830976935,5.113672330526122,6.021869211817379,138
474,5.107546443636224,5.037438319909834,5.15052857510374,5.047294713353253,5.0287567940403015,5.1408149443931945,5.102447588908837,5.113312820559701,6.027393954675516,138
475,5.109871723702925,5.037765579692147,5.14956490149264,5.047526691269843,5.029838728164493,5.138634203234027,5.1039146922963265,5.111977879703292,6.022697035355658,138
476,5.111570000933744,5.037568379636497,5.148939158742142,5.0479457518408015,5.031204868992303,5.13680645865352,5.10534708818923,5.110510481585391,6.025034973714163,138
477,5.112973468490027,5.037560674355756,5.148686066331782,5.048254704509696,5.032164807495223,5.134274815199943,5.106256931235858,5.108560454153528,6.022274188048533,138
478,5.114077640604295,5.037229891255524,5.148619967135087,5.04860577562755,5.033022329537645,5.1323134339423495,5.106560072224958,5.107097056569216,6.016164239645409,138
479,5.115341022519532,5.037529948256092,5.14857063126234,5.049453020067207,5.0332871533616625,5.130029898056586,5.106107791318075,5.104280203384638,6.024543054275468,138
480,5.116689655877829,5.038154462461133,5.1472662259011415,5.049913837109298,5.033766328156325,5.127331761989222,5.10676819490836,5.10141390448964,6.026060242704715,138
481,5.118137995604103,5.039954247770471,5.145821266546054,5.0487146221813735,5.034261812617868,5.12483929246144,5.107317784097265,5.098094194032173,6.026009660111781,138
482,5.119055462454568,5.041823476792106,5.144099655028761,5.047353307686873,5.034391102275985,5.123198390576284,5.107741687381775,5.095890785679523,6.0278663473118,138
483,5.120039364429479,5.043194886690653,5.143163924920124,5.04725637058897,5.034924560241124,5.120391604369148,5.106903862371796,5.094178722656607,6.021930788555602,138
484,5.120479836494735,5.045129405350169,5.142315971315474,5.047294765378174,5.034981667193828,5.118357926409734,5.106845191674461,5.092313643309146,6.014848210730157,138
485,5.120541738498776,5.046190791008282,5.140667262960207,5.048692344960932,5.034097499784515,5.11705776793354,5.1071472187465545,5.091246217468754,6.022817975083698,138
486,5.120393793923057,5.047569269700751,5.13944690975041,5.049159554683362,5.03290617365199,5.115702952384971,5.106940058351729,5.089877421999052,6.023216115526803,138
487,5.120537181223461,5.048486689292627,5.138100433268249,5.05017492801831,5.031107676749091,5.114432473876035,5.106411282092856,5.0893851778062595,6.027956686267712,138
488,5.12124504374591,5.049658484661339,5.1374640418989435,5.051800582224101,5.028601723522073,5.1127785864690765,5.105862135756409,5.0892119518464725,6.013786162783115,138
489,5.122391206692859,5.050477663952121,5.137278859001443,5.053546556438586,5.025244859843501,5.110784392315848,5.105066279071643,5.088973605738285,6.022766345518009,138
490,5.123900908189283,5.05105149001543,5.136732432034764,5.055001900528115,5.022729401180392,5.109236914518707,5.104310580489466,5.088715096428535,6.022929601318733,138
491,5.124845216381471,5.051509120775681,5.134807338965994,5.0572717657380934,5.020846419577554,5.107639040833258,5.10322829218895,5.088462839326889,6.020277771869301,138
492,5.125836347085635,5.052160904249658,5.132871815376966,5.059405636584461,5.018399855776037,5.105392756301416,5.102015271762978,5.088017054129917,6.026810711899361,138
493,5.12601723145556,5.053778517475854,5.130766768090464,5.061535686591232,5.016285862706706,5.103434895222813,5.101123035220765,5.0871198965525135,6.024801024320305,138
494,5.125438246593573,5.055117018980509,5.129684713786254,5.0634063245547205,5.0140241897741,5.101344155845004,5.09947873727995,5.087519396782437,6.018411222009413,138
495,5.1249527596074875,5.056960945556689,5.128279761009713,5.066348176616948,5.01217948880259,5.099672985536741,5.098390638662604,5.086653404244444,6.024479821141218,138
496,5.1246012478842236,5.059092609497569,5.127202811381311,5.069216445734313,5.009530942340543,5.0980704585086505,5.09768263849824,5.08619090654467,6.026767449872511,138
497,5.124185196502419,5.061809164266415,5.125726545298758,5.072436227670195,5.0068861319704805,5.098186131284754,5.0972625004124374,5.085750693441449,6.031294441282371,138
498,5.124039043030715,5.064225239000841,5.125226687687327,5.075784335987062,5.00407859605648,5.098069280308334,5.096581970560292,5.0853329613112175,6.027774213693704,138
499,5.124277965811038,5.0663058582735445,5.124417217657358,5.078644299861999,5.001298906242303,5.097921370418759,5.095344663704157,5.085030877228904,6.02016140182807,138
500,5.124242456122227,5.068566415408059,5.123724346624061,5.0812653285836555,4.998264625576498,5.097864750593521,5.094387417791102,5.084806270987091,6.024616277815089,138
501,5.124271313936555,5.070825366783795,5.123609314380282,5.083965063602257,4.995527202499549,5.096766577282653,5.09317278337805,5.0840382840217995,6.018392971624566,138
502,5.124046933699791,5.07314917583532,5.123945437409541,5.086217937465989,4.993302148313879,5.09532903136604,5.092080853962631,5.083838948731666,6.028083812203144,138
503,5.123543123031019,5.074955940639144,5.1241812856631554,5.08876636493243,4.991350845723046,5.094685233047885,5.091494976866931,5.083170173427881,6.026363415046241,138
504,5.122168125038854,5.075946459548112,5.125047895460212,5.091520005013804,4.988786239607371,5.0940705998841365,5.0909052301281505,5.082516807801641,6.027724237703762,138
505,5.121097112696518,5.077588641408698,5.125771792118305,5.093688264918356,4.985154671243218,5.094274981162961,5.0898189815365456,5.0809551118676115,6.035074795627367,138
506,5.119590909071714,5.0787108148786295,5.12616996859739,5.095329570901602,4.981733680968136,5.094719841347536,5.08831930534544,5.079261611917651,6.030200593581491,138
507,5.117960494767084,5.079720069848575,5.12651284534261,5.0963834400541135,4.978246065662947,5.09450939293993,5.086684585400488,5.077706711864517,6.029684715018121,138
508,5.117722739017532,5.080466985661185,5.125970774980554,5.096113817173476,4.974876531937038,5.0945332777433805,5.0839738200274915,5.076855229690334,6.018640972162115,138
509,5.117276234825718,5.080976240684416,5.125310556359791,5.096088323909043,4.971836350359933,5.094325136473049,5.082046411719471,5.0748816967405395,6.028559773697106,138
510,5.116583655804137,5.082131342937831,5.123348130192722,5.096009593822733,4.969788289425177,5.0949486966351225,5.08009188673981,5.072840447357683,6.024957092765723,138
511,5.115607306516694,5.082996069899478,5.121146871589928,5.096063793282753,4.967736960133323,5.09544523739971,5.077974127776829,5.07125442974819,6.030128792871072,138
512,5.11432805325344,5.084340570069834,5.118576034002994,5.096404543130839,4.965194901578151,5.095544180172823,5.075703777231215,5.070135975506234,6.032747224150932,138
513,5.113297422949702,5.084996368472464,5.11609485452824,5.096770532471227,4.963025762781269,5.09537877774442,5.073742744232231,5.069761488418479,6.0312836418007825,138
514,5.112372522471316,5.0862906747811,5.113539271682506,5.097916842351168,4.961742700170595,5.093923564453368,5.072188845357904,5.070300214589144,6.0231367327524366,138
515,5.111286525831616,5.087229792684729,5.111830035507534,5.0980904995552425,4.960392742466414,5.093486659180228,5.071619857819126,5.071344554718399,6.021611264821396,138
516,5.110003868560227,5.088474011729566,5.110295686169941,5.098925275498801,4.958804419277692,5.093165533403125,5.070855030283429,5.0725242886764565,6.030796900891076,138
517,5.108956913384386,5.089529594596413,5.108303500473418,5.100447160218744,4.957780347122551,5.092689411924006,5.0692650020760714,5.074438972782181,6.015555410575852,138
518,5.108511984276967,5.090554460310329,5.107136271716483,5.103006046316104,4.9569830787498255,5.091474123065014,5.068015533710078,5.076349789153907,6.0331363293009534,138
519,5.107827204586034,5.0919829851494285,5.105175123097521,5.1048147500243095,4.956198789658904,5.090759528266165,5.067601823402962,5.077888459248254,6.026664228264637,138
520,5.107688628061332,5.092537011907551,5.103292863057128,5.1068865917820965,4.955865420004095,5.090298161319163,5.066754602551724,5.079841037434203,6.031364618184629,138
521,5.108336660550518,5.093640585560845,5.1020872390522065,5.108063843350891,4.955854075019559,5.089323138712684,5.06481656648418,5.0809222371394425,6.0365864945809475,138
522,5.108359793790876,5.094498288976002,5.10134446424404,5.1096892070147355,4.956111737073012,5.08816982451871,5.063813260223723,5.082208242494296,6.037195726224455,138
523,5.107931188598047,5.095008229667535,5.100867623466578,5.112002795978485,4.957243616514095,5.086628903392593,5.06332717197801,5.082919537760002,6.0295192476974275,138
524,5.10717303792613,5.094905646495187,5.099722461037798,5.113762755910674,4.958357046761306,5.08544897229698,5.063024910799721,5.082898463561412,6.034639856085782,138
525,5.10623786384761,5.094992214458686,5.09828189751693,5.115615646379332,4.9601200159913645,5.084769031615167,5.061931485761669,5.082626753442303,6.028404273096427,138
526,5.10549551515264,5.094768602320688,5.0975180123226345,5.117079286114951,4.961694757982489,5.084144408376521,5.060050436333537,5.08227392087047,6.031017759685625,138
527,5.1053168587796485,5.094101790813088,5.096991470942578,5.117767422791706,4.962828692166862,5.083525429518087,5.05856547907822,5.0808090760372115,6.024329088956537,138
528,5.10469119992487,5.093381615874344,5.097049843185567,5.1187968075038235,4.963736900251771,5.083371389821364,5.0578150803855575,5.0790999570663535,6.031332851884153,138
529,5.103268622105759,5.092994354231632,5.097772129361696,5.119593999265344,4.96426687334382,5.082907484735361,5.056860355378994,5.07736752018553,6.026550912698908,138
530,5.1025684046528905,5.092787271847401,5.0978182063534785,5.119901651282179,4.964349673347907,5.082319590744143,5.0562715653811345,5.074912954337835,6.024643045667758,138
531,5.101936317595297,5.0925776233876725,5.097959544645253,5.119531649097305,4.964417417651487,5.08087620330969,5.055423718454996,5.072569750912512,6.027060068292679,138
532,5.101298278603146,5.09284479304519,5.098577424897831,5.119674794608109,4.965010023873461,5.079351463332127,5.053573921198359,5.070497052136658,6.034509647435936,138
533,5.101419825042637,5.0925503105769465,5.099831633373661,5.1194443485215775,4.965592944391222,5.076719579129293,5.052598834950845,5.068546231074812,6.036562345591724,138
534,5.10154117120001,5.092163338199555,5.101046897328949,5.119202088641929,4.9669320988915455,5.074098981530943,5.052228796985238,5.06719609305232,6.031989061749909,138
535,5.102226050907363,5.091325450116985,5.103217223298866,5.11891842471519,4.968000118848138,5.072360328988536,5.05171208100753,5.066109039756653,6.035191025152263,138
536,5.103338051909052,5.089545370923078,5.105337947796606,5.118522191802476,4.969549472629904,5.070620899935597,5.051967590616679,5.065046067357281,6.0272441566261445,138
537,5.104817856783,5.087388236879857,5.107070950950634,5.11762962390976,4.971536338802864,5.06963180907524,5.051661283240902,5.064524644798125,6.025458124037676,138
538,5.106747512910189,5.086382454413026,5.108257640231428,5.11756866038313,4.973074872812688,5.068787623744013,5.050266853688758,5.063510029969088,6.034120118577,138
539,5.1083298766242695,5.085752911942548,5.109070006780154,5.117370357032776,4.97463142555712,5.067380782921417,5.048911953531688,5.062614143894153,6.030440441324326,138
540,5.1099814785971365,5.085395419987195,5.109672719655157,5.116950567057719,4.977199474964005,5.066446784654912,5.048056608868481,5.062209482593047,6.032485146682966,138
541,5.110600124967664,5.084991306806668,5.1107183849611895,5.1170915003777475,4.979542931042605,5.065022899546038,5.047593112309006,5.062548086549281,6.033379315911649,138
542,5.111974099866134,5.085719390295372,5.112002787640771,5.117924489593534,4.981762851593313,5.063572187542963,5.047656585132017,5.062542854211845,6.03081224171147,138
543,5.112985026754458,5.086579624120473,5.112822528046156,5.119182763131468,4.984615637315954,5.062264007465996,5.048041105411161,5.062403878761106,6.024034128841264,138
544,5.112460987384447,5.086587675995723,5.114408335215577,5.120981335886894,4.987647002612242,5.060120795006654,5.0488796031476095,5.061338608278422,6.036706017944882,138
545,5.11191531252056,5.087026452601423,5.1151874349544135,5.121951136482766,4.991310718592701,5.058535793262807,5.0498308180161136,5.06116665269124,6.032897604143165,138
546,5.111016917954778,5.086986168007829,5.116678984259562,5.123854231777502,4.9943826915534455,5.056490366131008,5.050644256778154,5.060599851730666,6.023557401020208,138
547,5.10988255871145,5.087114896015574,5.117989769476038,5.125794926790473,4.997190011669334,5.054082809527619,5.0514928867047875,5.059940255995036,6.0315977117145065,138
548,5.1096042500522625,5.08700728876034,5.119072880114965,5.1275221330389495,5.000080163590766,5.051741794939646,5.0522213507478035,5.059360546378066,6.044727070396591,138
549,5.109015452505174,5.086992832257515,5.119985554863711,5.129609737733844,5.003527348841583,5.049821906326481,5.052746880248982,5.059277188876651,6.027278569259871,138
550,5.107538291102765,5.087383040360127,5.120206394969321,5.130947809481575,5.006087185784745,5.049012815052141,5.053286950110372,5.059105169750781,6.0293815313071475,138
551,5.106664047230026,5.087683314777749,5.120233128003008,5.132565483999281,5.009078644576247,5.047140002486936,5.053305903848957,5.05888614557689,6.031213705190981,138
552,5.1056124445368685,5.087062829874342,5.121041468389893,5.133874799042834,5.0123927910508215,5.045448932455699,5.053578694440264,5.0584647348480605,6.022884146750939,138
553,5.104190436570336,5.085798428480435,5.122536812568422,5.135054090723577,5.014866295478718,5.043823675151484,5.055471441333894,5.0573920199835785,6.025113349624915,138
554,5.102535011722649,5.083936332579551,5.124051001157936,5.136043305258014,5.017419279870391,5.042180373012976,5.0574107404514095,5.056239321334571,6.037499157124433,138
555,5.100760188503749,5.082592333206209,5.125752818994954,5.136807531725757,5.0196068449716105,5.040517269645816,5.058992708347383,5.0550292070567595,6.037559434689053,138
556,5.098411979166007,5.08149616339559,5.128159660988818,5.137124570693645,5.022287720882156,5.038592457650931,5.059978329545912,5.053311984430605,6.027298706013057,138
557,5.095940164286163,5.0797324094975504,5.129835419936579,5.137506941127,5.024461864528755,5.03677854721837,5.060948980110691,5.051025987485724,6.03104763921082,138
558,5.094142425340208,5.0779023585616265,5.131484323713235,5.137728419384411,5.026538295688009,5.035477355851542,5.0619420974806015,5.049072095595545,6.035842973250571,138
559,5.092288656441171,5.076793209237289,5.132992172317344,5.137238527068846,5.0279611918845495,5.034907650149588,5.062067661149134,5.047653080020369,6.038521387016389,138
560,5.09050532189102,5.075995078959343,5.13442265778226,5.137209368844063,5.029182401172367,5.034335114425253,5.062842589946255,5.047172926570022,6.036203246124748,138
561,5.089138045027745,5.0760243043095326,5.1369059498237455,5.1367503367140905,5.030611085702754,5.033666046425688,5.064232107732268,5.047262782913691,6.030021282268391,138
562,5.087273627263574,5.076028791385166,5.1388132634135175,5.1367172307397,5.031414836732367,5.033056357187251,5.066262900632808,5.047734616179636,6.035301373559307,138
563,5.0852284568548125,5.075763933172588,5.141547000753084,5.136479131443933,5.032392220646217,5.03240103672241,5.067688398081013,5.049159493373249,6.042390078912626,138
564,5.082736140176676,5.075272693456418,5.144286318632412,5.135608099716617,5.034360152177646,5.0318080979616795,5.069277412060693,5.0508670023813576,6.04069172785648,138
565,5.081036581192549,5.074859722752164,5.145651441290537,5.1345596145813275,5.036409131708133,5.031082875495565,5.070565845396281,5.0529506903259795,6.040538363527234,138
566,5.079030306121128,5.074561355816121,5.147684889922209,5.134111473483779,5.038497800735073,5.03141334450559,5.07185056930877,5.054985706087342,6.033084868185047,138
567,5.0762941231184975,5.074392156596917,5.149142119118219,5.133689311189647,5.040278225650879,5.031512653118186,5.073173123938437,5.0574469387265015,6.029885932752075,138
568,5.074033137667403,5.07370169077252,5.149714773821536,5.1323133769690426,5.041886284337776,5.031135054396512,5.0746059989017525,5.059414651879034,6.035014003854127,138
569,5.071041725465085,5.072811012664724,5.150485814991107,5.130774170243411,5.043700215857438,5.0311819565752405,5.075384623113308,5.061146350334988,6.034820388542172,138
570,5.067780502211374,5.071993934721711,5.151579963528112,5.129001841650934,5.04524285510881,5.031521411602932,5.0761308534056875,5.063232090363176,6.036242808425292,138
571,5.065084553448485,5.071695784090491,5.152115441001396,5.127945838010291,5.046888337595101,5.030972889490555,5.0777797943359815,5.065015098742322,6.028503036189755,138
572,5.0628999631535265,5.071873381902819,5.152317558246377,5.127023762372179,5.047783442060741,5.031045794256773,5.079030833967691,5.066961585258094,6.03085818617653,138
573,5.060791865155613,5.071761338001104,5.152395712041807,5.126014454354305,5.04783004120092,5.030859644364131,5.080395123821827,5.068988788972474,6.03864570864294,138
574,5.0590017751730825,5.070839763825612,5.15274874543353,5.124297103285173,5.048172275365523,5.030502111898857,5.081411655693041,5.0709389325023935,6.031818744485489,138
575,5.057246275850911,5.070153017162744,5.153732329235811,5.122349307792327,5.0488280927019265,5.030471964564405,5.082670457751751,5.072930688624764,6.03235606811278,138
576,5.056027271020391,5.068614196730145,5.154486187261837,5.120806561749223,5.048932594523172,5.030353246596749,5.083899073936426,5.074248330112721,6.034900023505518,138
577,5.055245303156121,5.067434058331491,5.154374686875515,5.118753219486194,5.049381614992129,5.030987323000645,5.0857132281836,5.075512961179794,6.033317282170608,138
578,5.053433646736435,5.066529026335495,5.153303130518184,5.1165341909375535,5.049910189624564,5.032052911371375,5.086864543562056,5.076503381012455,6.032492413687607,138
579,5.051812484171956,5.065661923308356,5.152847158354471,5.114852842877047,5.050462333276183,5.033820893658376,5.088282295319799,5.07739285086669,6.043062892544246,138
580,5.049729827904619,5.065299871529707,5.151484652334086,5.113214231101615,5.051181160705121,5.035218251069725,5.089485532575001,5.078409548127745,6.042720279031737,138
581,5.048055412298057,5.064709918929125,5.1509839470663366,5.1125571394502645,5.051651555595948,5.036654682098479,5.090158398404983,5.078524600752054,6.039296457643528,138
582,5.047301679241791,5.0642875792580355,5.150756614272074,5.11187373532886,5.052396132533522,5.03833175517439,5.090973722574567,5.078798278499383,6.0339583198623945,138
583,5.047022327433522,5.063926214086011,5.150676808310464,5.112113770334192,5.053170207215384,5.039873570274804,5.09192119370775,5.0793122779101765,6.0303960151532845,138
584,5.047363001360435,5.062975468837646,5.150385419544335,5.111994332674844,5.054609144946046,5.042303416484347,5.0933520053976284,5.079807264336063,6.039239584050758,138
585,5.048376925045252,5.062530776392148,5.1497965726739725,5.110776848344525,5.055650070538526,5.044352381726432,5.0951952070320665,5.079783972051223,6.033551801361365,138
586,5.049258006799449,5.0623542456668975,5.150089482000327,5.110206745538088,5.056581074300539,5.045828676261808,5.097416451911295,5.079277411530125,6.030176523239088,138
587,5.049683733848287,5.062248909916693,5.149906108452462,5.109824096043168,5.057925861034633,5.047974536338243,5.100159530839402,5.078947677044454,6.040870733969732,138
588,5.050700074869518,5.062508148383625,5.149065508080472,5.10929876691808,5.058944348362582,5.050697941089845,5.103265339873488,5.079401785764462,6.029516289989955,138
589,5.05188000940941,5.063008989888065,5.14850327657065,5.108672583459349,5.060147932322137,5.052965681818632,5.105214224609167,5.0806815234625855,6.036285157561351,138
590,5.052592779928622,5.063832953222304,5.148821761439281,5.107458657257768,5.06146073399299,5.055270100399524,5.1071390205623945,5.082318752738049,6.026821733170999,138
591,5.053570658681201,5.063605019079862,5.149240389707546,5.105877687844938,5.063052558118406,5.057139756099926,5.109020540918662,5.0840011407846,6.037230083990953,138
592,5.054723023656916,5.063366907527845,5.148875330774102,5.104495957642524,5.063362065455134,5.058351610789028,5.11164487320177,5.086105775999171,6.0348313384068195,138
593,5.055434704816722,5.063749285490029,5.1486763410096055,5.1029132760375635,5.06412602006233,5.060326208135425,5.114087665513968,5.088921798375242,6.029078851464197,138
594,5.056224212551008,5.064553317599676,5.148000600409054,5.102169821045198,5.064618222859252,5.061144061437711,5.115972540720534,5.091139040938311,6.028082678375348,138
595,5.057447501478059,5.064924593191632,5.147273706869861,5.1016494160745705,5.064620609973257,5.061801629911849,5.117997355591671,5.0926193144606575,6.034843839706882,138
596,5.058240649564816,5.065163704919552,5.146557040335681,5.100728413341408,5.064865435480099,5.062432395037511,5.118745326534867,5.093726114130261,6.043450750394653,138
597,5.0589402110616675,5.065394056085627,5.144984781365883,5.099702726945692,5.064083666025078,5.062885146903904,5.118996897528389,5.094295140757352,6.042921464315584,138
598,5.059535091918308,5.065774305512898,5.143594642662347,5.098835647726414,5.063042430600971,5.063479753509998,5.119230458033773,5.094498935466072,6.040571364633827,138
599,5.060838610862252,5.067105007970476,5.142075856016311,5.098406981639895,5.061515939159129,5.063930579785468,5.119629161135039,5.094635622349302,6.036303513801997,138
600,5.062180619782714,5.069002819669966,5.140133402421818,5.098113804904138,5.060095937794765,5.064239419158763,5.119917369508654,5.094596190525959,6.032954983743506,138
601,5.063518950571301,5.070527930611106,5.137819056039029,5.097902392881884,5.059412277861291,5.064511233384517,5.120802687551568,5.094422144990111,6.037073299865103,138
602,5.065255635809695,5.072362486160468,5.13470303327817,5.097931734324406,5.058112666855479,5.064133689510147,5.121499879162934,5.094506324129615,6.038939522039997,138
603,5.067787938793416,5.074019965847482,5.1325715119747,5.098071008127285,5.056656122254479,5.063579824232103,5.122971341183661,5.094531063418287,6.03656533090051,138
604,5.070120168055431,5.075455632962507,5.130844805809737,5.098844927470882,5.054736646353543,5.063769758385883,5.123745929257423,5.094361535592369,6.04363743370309,138
605,5.072421092648149,5.076853462276189,5.129086062839991,5.0991751342606575,5.052927120539721,5.064815684957972,5.124690995969581,5.095175170390014,6.044329490926861,138
606,5.075358605282752,5.078396565468838,5.126381489039742,5.099756458018956,5.051200724654456,5.065746418885915,5.125403004484167,5.095925854149796,6.044072885807381,138
607,5.078278440984304,5.080100639495605,5.124452223261133,5.100052974041047,5.049871417292049,5.066891465959166,5.125592786838629,5.096702693968423,6.033566305705836,138
608,5.080335502772955,5.0817741646192705,5.1230579592603265,5.10033707714371,5.048903090272704,5.067549937264661,5.1253846497087805,5.097218128839354,6.04574851948335,138
609,5.081849134975714,5.083931035888829,5.121769136735986,5.100462367141164,5.048725054515714,5.06806198142281,5.124522139168783,5.097324175714847,6.044112674390576,138
610,5.082788489568985,5.086404509836734,5.1204381244914385,5.100471645647735,5.047757381013808,5.068670127995554,5.124204653510731,5.09802443990404,6.033917101086916,138
611,5.084608864421879,5.088938152576612,5.118469143897926,5.101022930398183,5.046354826219359,5.069589361178535,5.123304977960927,5.09853746797244,6.0375598304225635,138
612,5.086708459185746,5.091840771960719,5.116471341499562,5.101104239862462,5.045420610385431,5.070143619273351,5.121362901646551,5.099290644144034,6.044583357336027,138
613,5.088508956030007,5.0948916757134155,5.114970707661704,5.101421564296633,5.0455316803595025,5.071050341076926,5.119245689507261,5.099517553293989,6.041338139898577,138
614,5.090482868871447,5.097297381381009,5.114205203845708,5.101771394438268,5.045573729225659,5.071328157289534,5.117217283827573,5.1002810745622345,6.037777753961007,138
615,5.0931331550663295,5.09954993817318,5.113071774978112,5.101797479330338,5.045561016244708,5.0710585320081245,5.115276701713203,5.101626134400057,6.037823176600028,138
616,5.095484919422482,5.102063752052229,5.1130280897010305,5.101833761928976,5.04578696182345,5.0712001482200115,5.113992979567019,5.10355770193628,6.0335805550476325,138
617,5.097325132047995,5.1039113835297485,5.11240318321901,5.10143767098566,5.0457820748126085,5.071770147933165,5.113213189471183,5.105960996671259,6.0343224040597,138
618,5.099406838836414,5.105904732275436,5.111180888690373,5.101038318598886,5.045990885724761,5.072197768278172,5.112771366360052,5.1084075741106245,6.034685857934704,138
619,5.101286420368345,5.107934974335973,5.109669752397596,5.100626654013806,5.045864666919218,5.072898748461291,5.112747443074386,5.111109728755997,6.039957668333039,138
620,5.1020670881199335,5.11071576988628,5.109054774785101,5.099837798702674,5.045248204633447,5.073227434705839,5.112716322887362,5.113803045202332,6.036887756354723,138
621,5.102475323107307,5.113061959277372,5.108766389049275,5.100356030583907,5.045167727918604,5.074036327855379,5.111923158437702,5.116148539890792,6.033451970966996,138
622,5.103421007714809,5.114533567075009,5.108780112677852,5.1002125638839715,5.045732515116676,5.0757467171433674,5.109944868945847,5.118141827813193,6.040732637280525,138
623,5.104456944622276,5.116018824498817,5.108534057848812,5.0995674369132065,5.046334746257586,5.0770263689952095,5.107720978834987,5.120199046626526,6.041258252624352,138
624,5.104576830215532,5.11762834454788,5.108011828633141,5.098545575018905,5.046821412474962,5.078007967850612,5.1053438603589365,5.121694534263088,6.0294950431350625,138
625,5.104786851696191,5.118744921250302,5.106647986302212,5.097688433315241,5.046876599898161,5.079008606270005,5.103254402988119,5.12263776730253,6.041400484500681,138
626,5.105308790763668,5.119732458558289,5.104244233779566,5.097407781113919,5.046953481752023,5.080438168360101,5.101078557309073,5.123048150765585,6.044368488348947,138
627,5.105837499006235,5.121118055150012,5.101632621015453,5.096868210356434,5.04738361840964,5.082576603812596,5.099353502093383,5.124073014227883,6.041039843514778,138
628,5.106569109068879,5.122191041877542,5.1002822531749,5.096377394549418,5.048736392510138,5.085372975199797,5.097327995764581,5.1249882660418775,6.038391805882331,138
629,5.106850645905322,5.123629474805151,5.09954752400573,5.095883936182248,5.050019982059367,5.08771459319494,5.096015485484703,5.125330482072165,6.041124197735688,138
630,5.106917127597798,5.124348309361656,5.098142334274428,5.093729924915931,5.050764574195106,5.090562271296021,5.095414274008149,5.125862422585316,6.044809601391639,138
631,5.106546809198775,5.124943409320252,5.096795427986656,5.091128787997372,5.051916562768616,5.092480643833907,5.095084077700246,5.127322684402553,6.046583016866747,138
632,5.106508463412727,5.126116170896495,5.095791821899185,5.08817165591309,5.053558938766303,5.094189690056388,5.095253068559737,5.128030402557329,6.032088170826423,138
633,5.1063396420283205,5.127415252328468,5.0950771642934045,5.085761859893567,5.056338197163023,5.095940910722166,5.0951299030122925,5.1289760529150445,6.044926329990975,138
634,5.1063798483209455,5.128486554576034,5.094324312516296,5.083201201885771,5.05885936731446,5.097387515632553,5.095128898049126,5.13021966470756,6.0348114357206155,138
635,5.105635504725467,5.129061417111167,5.09326539442427,5.081106792303785,5.061656871305857,5.098645160689699,5.095770405859172,5.131442336698987,6.0319808364559115,138
636,5.105220817358941,5.129204391778453,5.092673621105183,5.079407618841174,5.063790319354029,5.099979423930449,5.096059793943368,5.132844246517578,6.040887854890533,138
637,5.104606078015379,5.129419984042261,5.092779886724381,5.077682514664826,5.065274139909052,5.1008725146131795,5.096249195188559,5.134318739238899,6.043541400264032,138
638,5.1046846953932254,5.128997333284603,5.09267643307666,5.076002886704196,5.0675544540020265,5.101123827200099,5.096177441569505,5.136262837113655,6.0388796752610645,138
639,5.104669802963937,5.128853717303534,5.091850574167465,5.074334890779052,5.069630532639389,5.101717340556236,5.095084178272674,5.137809445463028,6.029024370692201,138
640,5.103967703506642,5.128999776210611,5.091126973919987,5.073266702246562,5.072246478913029,5.10242803737451,5.094938444067821,5.139543965997156,6.0353962795933604,138
641,5.103184110778642,5.129381302674486,5.090058611531043,5.073252250307975,5.074708250880082,5.1024373285859985,5.094651789542823,5.140431762960241,6.043264654528753,138
642,5.1018216069523685,5.130199717467522,5.089376227685593,5.0727714949965845,5.077083809620488,5.102219388582918,5.094637708575785,5.140724833323572,6.042947232752386,138
643,5.099904312361069,5.13015909409191,5.088133240303893,5.071887965713429,5.0791876024902,5.102014204362328,5.094481040477931,5.140729399702234,6.0402135346414,138
644,5.097984001199971,5.129729211688082,5.086659860366942,5.071107431591874,5.081172404558627,5.1015470672012615,5.094463213542969,5.141081298528549,6.0398283731934175,138
645,5.096741584826508,5.129596261555571,5.085094534818235,5.071092192469767,5.083687125795882,5.101522618786852,5.09552174439488,5.142099689788353,6.038733987071352,138
646,5.095100733017793,5.129580803950607,5.084026259867258,5.070705719333554,5.086798049124048,5.101902931845934,5.096935043306566,5.143131132534007,6.0357784407413995,138
647,5.093042333296559,5.129667571366504,5.083253645554393,5.07023192064264,5.089996742730162,5.1018101948831145,5.097793120455474,5.143980173111505,6.042044539526244,138
648,5.091027890270235,5.1290502480577596,5.083033647352046,5.069753101581398,5.093250953140876,5.101707845281634,5.099146397273584,5.14509025961762,6.039042154294067,138
649,5.089094217271429,5.128133854064102,5.082925808492621,5.069544205823751,5.0953628419466135,5.101286904346534,5.0999175988845185,5.146622005041703,6.040166301582609,138
650,5.087975405155385,5.126995346358594,5.083236531877788,5.069354603406787,5.097229829378662,5.101114728793561,5.100628454200692,5.147881436610167,6.0424911622909905,138
651,5.086265688585123,5.125919677133516,5.083272724900118,5.068695703196884,5.0987974435484205,5.101239425702863,5.100615686286746,5.14877679233248,6.038426203304712,138
652,5.085057555002733,5.124998328242439,5.082708175217966,5.067932078845763,5.100352084115647,5.101442069630908,5.100243122182272,5.149186986817891,6.042472692245305,138
653,5.084239724993873,5.1247383387249155,5.0820470855306095,5.067366271509677,5.101536812051859,5.101256323285771,5.09932360013003,5.149540348098068,6.045812368482078,138
654,5.082376955305083,5.124764374190903,5.082109645980536,5.06689350962867,5.102668235291409,5.101838801855864,5.098955377723893,5.149897808216936,6.037943699293672,138
655,5.080813629940012,5.1242156810332355,5.081865495441209,5.06654469416645,5.104023232533121,5.102573752800586,5.09802767898851,5.149866002766671,6.042018011045931,138
656,5.079433808381826,5.123188403706211,5.081264536124474,5.066811034942346,5.1056005260249195,5.1033404942173775,5.096757970814353,5.149489070895468,6.039146592167953,138
657,5.078484286179222,5.122680740978329,5.080013162959185,5.066314994841327,5.106606891060776,5.104685934504546,5.0966301962282365,5.149275751169419,6.0445398132545005,138
658,5.078195224678099,5.1222764432385,5.078589768845126,5.0664838487245945,5.1074590467844105,5.105395633520493,5.0972070447752635,5.149439372450164,6.0448407622817415,138
659,5.078191630717667,5.121453638846758,5.07726771783256,5.066940667302983,5.107713530336713,5.10628914662809,5.097934550475834,5.14968560583565,6.043433175305111,138
660,5.078422856181467,5.1203334918456545,5.077004345333724,5.067561356066017,5.108419308242631,5.1072211946650565,5.098149571451155,5.150017509447189,6.028705953896239,138
661,5.078570972229086,5.119799644232483,5.076920362163021,5.068520997927778,5.110037807682771,5.107839084077191,5.098300400973018,5.150942860344884,6.039226579906269,138
662,5.078938789147876,5.118544205327032,5.0764626122859875,5.0696949955198605,5.111272069016998,5.108251031275685,5.098428707261522,5.15248151569914,6.0452141676925715,138
663,5.07959127709744,5.117306004237263,5.076685452097861,5.0715300601654825,5.11188875411216,5.108003018732136,5.0982785547561456,5.152820818656954,6.035679326733848,138
664,5.08016986448299,5.115762312294493,5.075664104639335,5.073963296662059,5.112510196083862,5.1081371711073,5.097889449491861,5.152861624282611,6.040978776574048,138
665,5.080965107583038,5.113376296440958,5.074085696379947,5.076115542295728,5.1137180922389,5.10803195425903,5.097499909281634,5.152577097541733,6.035683606098578,138
666,5.081764527585767,5.11132898198364,5.073140095253277,5.078861128387303,5.114776347706486,5.107529188858976,5.096769230626952,5.152429714380663,6.041087475873877,138
667,5.082933962643123,5.109590511124947,5.072709179070124,5.08191533148737,5.115719777845928,5.1078284305011845,5.095418432385263,5.151106385825688,6.042500248596537,138
668,5.083533281924806,5.1079301186933,5.071837539697269,5.085884123184167,5.115806761836834,5.108054765865087,5.094801255953468,5.149834480160552,6.033122583790619,138
669,5.084176011530045,5.105469869354324,5.070727083805166,5.089145640021828,5.115349733130083,5.109013371991297,5.094671900477424,5.147749425826977,6.04723268166637,138
670,5.085343701590324,5.103646979954205,5.069677097772273,5.0924175643063965,5.115487136429159,5.110464643017936,5.094154787021074,5.145301011136916,6.045522639709883,138
671,5.086638347011577,5.101914906690281,5.06894480528992,5.095096700013531,5.115731501999782,5.111258990917859,5.093361089153078,5.143050754072201,6.037242586220484,138
672,5.0878680436853205,5.100623761713095,5.068294297450189,5.097122151824859,5.116374827353261,5.112431319339661,5.092719598415815,5.140601315900695,6.044746551238655,138
673,5.089225868657092,5.098990535147213,5.067557890591075,5.0988882760557095,5.117070282702789,5.113792033110461,5.091526439274946,5.137645644755881,6.044476473641039,138
674,5.090162638185255,5.097364296484502,5.066988191890966,5.0998935685736395,5.117583022427855,5.115865107023157,5.090251843581436,5.134092225050491,6.033480094547732,138
675,5.091881732628286,5.095517666935596,5.065960842867914,5.101695494730531,5.118292559121384,5.118096896647049,5.0893568088826004,5.1306023571078025,6.042929479799676,138
676,5.093890722183218,5.093482456285663,5.06534523252455,5.102429356797592,5.118721535359768,5.119724886469452,5.088657759523124,5.126920692963905,6.0407789128644,138
677,5.095693159923439,5.091392896007143,5.06546600302311,5.102582578957417,5.119168790653118,5.120895353528649,5.088199812854257,5.123264445150906,6.043079266377371,138
678,5.097913112332389,5.089202843503168,5.066003647404429,5.103123029058562,5.119854885814784,5.1222248430927975,5.087883909515399,5.119937448200913,6.040859500768196,138
679,5.100094628904706,5.087748114705757,5.066408702268863,5.1040192996880975,5.120491003736265,5.122993881789812,5.086991390624586,5.117219277635719,6.041416962619679,138
680,5.102620568666586,5.086705766844732,5.066975483769328,5.10421175454286,5.121398997608347,5.123446989669713,5.086859326904172,5.113898860092183,6.041843227013713,138
681,5.104665213558958,5.085817583562964,5.067685613038668,5.10400089037716,5.121857308492042,5.123964069088647,5.085968077121285,5.110226784666667,6.03774666627445,138
682,5.107201422133308,5.08472337966646,5.068208960822246,5.103855164507115,5.1217489143085295,5.124267716563569,5.084759749147685,5.10662334236682,6.047953527154727,138
683,5.109833864802889,5.08320978502352,5.068871918937669,5.103768962258741,5.121359973975743,5.12492519176689,5.0845811993586985,5.103208064852057,6.046787038155214,138
684,5.11191174631948,5.0822809644063085,5.069041426112261,5.10390769001962,5.120183608178081,5.125657479499271,5.084263768756849,5.099597083329903,6.048727873746565,138
685,5.114280029421192,5.081307062563789,5.068644120262638,5.103338900697839,5.1193841686586605,5.125034760351977,5.083906040354618,5.095556592494329,6.047621405780515,138
686,5.11624096564522,5.080711488403708,5.068203340999776,5.103219506061546,5.118481698379069,5.124487089789399,5.0835641794485795,5.092485269948577,6.043870393133364,138
687,5.118299825517001,5.079649968339391,5.067845158924447,5.102968024532618,5.117482783540334,5.123881129299382,5.083664466018518,5.089084858656918,6.046958177882856,138
688,5.120902628960936,5.078270745191018,5.067466700144479,5.102747948462344,5.116707431963071,5.123178254968375,5.083507069829845,5.085853048965673,6.048769588402321,138
689,5.123294663181218,5.076862511597152,5.067664465493187,5.102446240602884,5.116275201021025,5.122819739756063,5.083945372523691,5.083315939555428,6.044138138087696,138
690,5.125799906742289,5.075107936270811,5.067900109713056,5.1019338071465254,5.115589757328562,5.122743697421571,5.084242509269753,5.081280333661809,6.0374584847515465,138
691,5.127937754990359,5.073767714086807,5.068490764828558,5.100985008080453,5.114940321253361,5.122879653525896,5.084695897898766,5.079183771392025,6.040833061222795,138
692,5.130160552473228,5.072777458623982,5.0690118890535985,5.099726352590127,5.114159704162817,5.122843652736509,5.0848597770331345,5.076997932309615,6.037879729612944,138
693,5.131832583210484,5.070785294733689,5.069592135447819,5.098912271678012,5.113248009589615,5.122537387570696,5.084064784586365,5.074566920687411,6.045479708171163,138
694,5.132568952330885,5.068455421922504,5.069900796357059,5.0980353686651005,5.111723571887622,5.12247900334825,5.083266854940158,5.072092917843319,6.042024230296437,138
695,5.132894059421076,5.066708538293849,5.070351983076424,5.096807621253488,5.110270128033124,5.122016331017671,5.082760760850803,5.069793377706393,6.039122850050451,138
696,5.133145519241283,5.06555560425597,5.070890124721583,5.095853967847495,5.108404632805904,5.120753382089588,5.082499628784178,5.067357023299418,6.050842242363337,138
697,5.134133515559526,5.063687737684697,5.071336816700692,5.094706863954883,5.105870839167308,5.119583781794294,5.081900972791605,5.06429993405712,6.03668558018019,138
698,5.135299571018099,5.062467659876782,5.072327340938738,5.093592347458593,5.103435809508698,5.11794406930605,5.081227222166547,5.061127930345523,6.035267606662854,138
699,5.1358125330485525,5.061227548673569,5.072813549341623,5.092129154037529,5.101319772770918,5.116581728479098,5.080894271452683,5.058391032849293,6.042034871033423,138
700,5.136060659884613,5.060928089930662,5.074146660763944,5.0901761582572025,5.099352895066161,5.114573194128515,5.080675177406073,5.055801760479225,6.036570716486132,138
701,5.135886972490573,5.060216841534819,5.075569429029894,5.088836327919475,5.09702310888447,5.11281687082575,5.0802037466199526,5.053818987897836,6.04115058436095,138
702,5.135462871070894,5.059824169044319,5.076976069066446,5.086975405378291,5.0953490844363785,5.11172061347896,5.079838542745309,5.05160036851859,6.0466896937535335,138
703,5.134635693575543,5.059424977962399,5.077209999832354,5.085242302992791,5.094199601859277,5.110535253360165,5.080065849122112,5.050219762784395,6.0387194650314,138
704,5.134151000505893,5.058172116901897,5.078200923044896,5.083225713872613,5.09366886354725,5.109618177554919,5.0796698768523445,5.049281941051205,6.042719919672106,138
705,5.133355993448114,5.057246339035356,5.079273608030013,5.081828558179637,5.092997547909802,5.107772036410976,5.0792828882042,5.0488905942589755,6.042470804537059,138
706,5.132611615746021,5.0559358230425335,5.0802235841691905,5.0806252164459345,5.092779458090057,5.105964351115518,5.078976013404118,5.048745053612619,6.047032894138939,138
707,5.131927140482894,5.054572498349296,5.081061114047043,5.079530805759867,5.092689862243801,5.104528219881003,5.077979875081047,5.048075732227638,6.038219384699525,138
708,5.131504808167499,5.053975077132032,5.081693187940433,5.078991566254397,5.092154913428864,5.10314095497414,5.077548236482997,5.047586617860857,6.044937136679819,138
709,5.130274256472374,5.053293232127375,5.082264780472615,5.079380551471123,5.091548239090615,5.101468655625233,5.077381703634783,5.047748168659432,6.052671623523589,138
710,5.128823113574949,5.052879100087665,5.082838728883505,5.080219026958137,5.090882709937263,5.099540655699587,5.07742204471962,5.048002712708399,6.053800190366933,138
711,5.126309354504963,5.052869043236351,5.083692595363479,5.080560534598783,5.090247139795215,5.09806103830198,5.077151415476343,5.04839575690552,6.0360486463805465,138
712,5.124229582178614,5.053087844658476,5.084477532193839,5.081460095982517,5.090095503946557,5.0972791681684875,5.076727449699604,5.0482402700854045,6.044151012182337,138
713,5.1226465089792494,5.053265959569228,5.084973373968246,5.083356406414703,5.089793750890822,5.09674868939171,5.075690367076363,5.048017711422493,6.040363881918296,138
714,5.120770329212306,5.053225297702862,5.085262569026081,5.08508229598381,5.08905483863087,5.095734597376386,5.0744690117079525,5.047883361221602,6.04146257552266,138
715,5.119380299986617,5.053616057405403,5.085997420845243,5.086824316546215,5.088489154250525,5.095629989610815,5.073403821225685,5.047506753022114,6.051530662797157,138
716,5.118008746229686,5.0538741766514494,5.086818234397823,5.08881544944226,5.08764116242352,5.09540037347404,5.071370974189854,5.047760993491544,6.048646812493766,138
717,5.116958403365536,5.054082742862612,5.08804483625894,5.090468110350338,5.086245400673823,5.094823773201211,5.068990759628292,5.048118467262677,6.048262558450712,138
718,5.115958047137283,5.054267582717014,5.089355492209355,5.092697691261884,5.084976960936468,5.094107459704054,5.066793929663788,5.048744096101882,6.044537653097101,138
719,5.114999106418434,5.054732480154847,5.090537473870345,5.094815036382977,5.084018207597563,5.0932412513783785,5.064017892172819,5.049638488046757,6.034264645756183,138
720,5.114168665226188,5.0554666134107755,5.092185293195664,5.096575697953245,5.083321263857372,5.092595696535647,5.061585749255534,5.0508597694455215,6.043874436361503,138
721,5.112522788665277,5.056097418620021,5.094901473161942,5.098409422546615,5.083041191890253,5.092790853740212,5.059328692464144,5.052617365216916,6.0455371889645635,138
722,5.1106873740521355,5.056170078283896,5.097039599957341,5.099882186865104,5.082664680700221,5.092952091176164,5.057531634352625,5.053678319531082,6.03111344898474,138
723,5.109145123092328,5.0570583672206295,5.098912696978659,5.102072742372513,5.082426792111626,5.092982001992549,5.055508055902831,5.05531566663045,6.0530314323728085,138
724,5.107027564879866,5.057975674410352,5.100722946301575,5.104002968994992,5.08145683157975,5.093174141802896,5.053981685961919,5.057037597659649,6.054353429475613,138
725,5.105300904774994,5.058547424743885,5.1020651673064386,5.105998848898404,5.080824189727292,5.093081585836449,5.052337372066132,5.058320253970835,6.041974355475359,138
726,5.104309229717682,5.058505334854512,5.103049264285185,5.108114143711271,5.080061712963023,5.092609605091706,5.050099527263518,5.058923015502428,6.0397758690545285,138
727,5.102937778897369,5.058422551916507,5.103859103382414,5.110310778820258,5.079702731873237,5.09192349901627,5.048276153912613,5.059241062719613,6.039070738179436,138
728,5.101361800475202,5.057981502062631,5.104632592916732,5.112846986856074,5.079700523904849,5.091651812623699,5.046688604287365,5.060106936814867,6.046667158466315,138
729,5.100123286180456,5.0578729040023465,5.105725829431579,5.114827035435252,5.08027043618894,5.091521313338895,5.045605991033853,5.061298198293258,6.039347659825765,138
730,5.0989556830564995,5.057692444513405,5.106846832412171,5.116438043578085,5.081423295116622,5.091059145931792,5.044690329415799,5.062254441670956,6.056325611412568,138
731,5.0981251991338805,5.0573577342223235,5.108017656740752,5.1186738740108995,5.083039980846468,5.0910637838475115,5.043206017906967,5.063266402269237,6.044189257627545,138
732,5.097461041469238,5.057675062907749,5.109216402715378,5.121057760704746,5.084826238744654,5.091394216157413,5.0417126367481835,5.064200715232275,6.04368223004714,138
733,5.0962341916391,5.0580474417517856,5.1101882891507895,5.123488337998835,5.087030631496715,5.09228554102015,5.04082295457509,5.064926536516666,6.045043537866282,138
734,5.095055723889034,5.058568089649452,5.110915233602713,5.125416511620793,5.088722602433899,5.093408662545622,5.039872044269391,5.065325718102826,6.045509291539403,138
735,5.094280205140034,5.059397738732782,5.111697283620117,5.127427797292858,5.090082012961198,5.094376863475633,5.039280592312053,5.065794587284341,6.050651769012632,138
736,5.092853230956463,5.059948115875768,5.112017976320162,5.128973474791607,5.09150839807981,5.09592747020217,5.03878095894285,5.0666563193452525,6.054681529467302,138
737,5.091413355466203,5.061349832249914,5.112453016440586,5.129628524051903,5.09250398910034,5.097664377714534,5.03849497282598,5.067295881198512,6.042204693086699,138
738,5.089918726743091,5.062236091741508,5.112686962995493,5.130857628929174,5.093479154216588,5.099419807850933,5.037947006083813,5.067816233695354,6.048558711990552,138
739,5.0887154271427,5.06272307293269,5.113710326993056,5.131555084590732,5.093613263108114,5.101035324648835,5.037388757200121,5.068084573517287,6.049017372277767,138
740,5.087836744325333,5.0637466537266205,5.114848097342821,5.132134473500752,5.09339371479464,5.102354689311648,5.0367348780905825,5.06818101996109,6.044553905997314,138
741,5.087050136067493,5.064892628440019,5.116092711095188,5.132578328847097,5.09312901504556,5.10428399329353,5.036283663295777,5.068831476724466,6.043592616658777,138
742,5.086413695783016,5.065570004516408,5.116885448325948,5.1333571223836465,5.092786759437671,5.106416146379157,5.036036884161067,5.069176810823192,6.045970700747028,138
743,5.086292431869904,5.066393353070648,5.117362094425557,5.133881970226661,5.092008422012293,5.108986669714834,5.036519420313479,5.070155341642568,6.049407407382518,138
744,5.0860271817932095,5.066353306833493,5.117327018196569,5.134201310359334,5.091132373962327,5.111169378368622,5.036651585220245,5.071174253341207,6.037708454389862,138
745,5.086676702685378,5.066501141037846,5.11743211916839,5.134199255522471,5.089891206905433,5.113279301650247,5.0366822818521255,5.072028912740496,6.044405064757942,138
746,5.088051484997833,5.066967386325368,5.118010029319423,5.1337563377958935,5.088862433924473,5.115092497944726,5.037207514163179,5.072745427973977,6.045998728063243,138
747,5.0898240503757535,5.067127893253279,5.118954124181734,5.133365764329111,5.087974919119872,5.116320244318756,5.038458265865401,5.0735547426688985,6.055350366926206,138
748,5.09135430942844,5.0673657581398315,5.119448631682428,5.133283781532681,5.087317013817844,5.117282406912667,5.03959336238108,5.074848471871815,6.04423964372692,138
749,5.092979356524489,5.067363754534318,5.119490502348368,5.132520433178035,5.086661494328153,5.118450015503589,5.041164932066671,5.076200935674353,6.028296035774633,138
750,5.095058986600449,5.067342818655397,5.1189773427216485,5.131829127565949,5.086499473615886,5.11944396905313,5.042721915239081,5.0777794006403685,6.05291846965744,138
751,5.096443032585549,5.067146628052514,5.11783261654998,5.130906814395178,5.0861955201454,5.120108035326915,5.044481983487934,5.078966099018351,6.041058282692536,138
752,5.0972562196018085,5.066984862469091,5.116565936020589,5.129857897733137,5.086746571841758,5.1213319836897675,5.046170259223813,5.07984155781338,6.047559256116107,138
753,5.097809676999967,5.0659729268933695,5.114429602462446,5.12927157555119,5.088278729606209,5.1228022211263,5.048434434357093,5.080314584492397,6.051934557062994,138
754,5.098376043997353,5.064691090904586,5.111984822502851,5.1280827509382725,5.0904450999481,5.124140474935726,5.050209617460292,5.080822201161859,6.046137875087246,138
755,5.098932614108262,5.063263090227228,5.109393865798912,5.126646222428382,5.092407711627837,5.125846400707682,5.0520979153031496,5.081725157656411,6.042257958553159,138
756,5.099194120856209,5.0613511205583475,5.106509762758456,5.125486419002364,5.094764345436408,5.12765147337037,5.053625476532879,5.082539090218464,6.048060584562168,138
757,5.100041001319251,5.059877027101562,5.103545038636959,5.1242251951450175,5.096945028335037,5.129810538876629,5.055553142886163,5.082675247374616,6.043420001600346,138
758,5.1011579375281855,5.058971649992109,5.100654901898252,5.123175602879213,5.0991065473521635,5.131286513624763,5.057190920709756,5.08321298819428,6.053891534333524,138
759,5.10191715230483,5.057461379453743,5.098252460313411,5.121587295256115,5.101246655910401,5.132893337110112,5.058911659244304,5.08336377620852,6.045778976526769,138
760,5.103074743968954,5.055945275037125,5.095984096630909,5.120337110440414,5.103435803035686,5.134226955182539,5.0605734466857655,5.083452738164007,6.044183478382044,138
761,5.103893754718876,5.054734662671796,5.093628557505073,5.118920887230795,5.105173565107753,5.135152247622142,5.061818830894728,5.082979280868416,6.047295147111861,138
762,5.104304244267623,5.054275286887503,5.091479881893683,5.117523690005777,5.1069634783574775,5.135601495440336,5.063043750684168,5.08295756806434,6.046818486429461,138
763,5.105047959740894,5.054172499477428,5.089597944242753,5.1160919884720535,5.108495235297548,5.136066957202364,5.063814031417545,5.083085941616059,6.043218265665736,138
764,5.10604708900572,5.0540211440258656,5.088209434207252,5.11467126906912,5.109465138661526,5.136233507008666,5.065241629031261,5.082755403854225,6.05000241399421,138
765,5.106800298635138,5.054746720717423,5.086806061652338,5.113617945138563,5.110154657130239,5.136026390001516,5.066348635563263,5.082299688199121,6.045859021584974,138
766,5.107702997598149,5.055615281182764,5.085523950220043,5.112358106836863,5.110646753333545,5.135650986980775,5.06736620598844,5.08185540307046,6.04670187403698,138
767,5.108723203749372,5.056365761986985,5.08427704415251,5.110396380009684,5.110000776467717,5.13515321143961,5.068774645895399,5.081549706207364,6.0390544402597355,138
768,5.1094923035549495,5.056132936457119,5.082525812988939,5.1076879132576565,5.110011426931186,5.134828109364703,5.070617408068555,5.081618400424001,6.05344120849336,138
769,5.110438764584136,5.056647041399917,5.08145512188624,5.104854308068646,5.109951985340368,5.13363211438436,5.072238639279329,5.081989251360286,6.04856002386077,138
770,5.11097739440593,5.057001401571162,5.08115045067517,5.102157747627945,5.11083931791851,5.132594601746997,5.073813384548409,5.082374776397287,6.05299839135373,138
771,5.111427118137707,5.057470194560758,5.0804517372983256,5.099073006910225,5.111836333735486,5.132033559566006,5.074742763610875,5.083266842009705,6.05123124324573,138
772,5.112773274747754,5.058403705460087,5.079895580208473,5.0960571997478565,5.1121138268790585,5.1312528541338125,5.0758445377297114,5.083457092174889,6.046848250475013,138
773,5.114884070880299,5.059434765039138,5.078874492658157,5.093494902640859,5.112373023301933,5.130159045355798,5.077045666820123,5.083909869420709,6.051608174633157,138
774,5.116933171411267,5.061051415809281,5.077775224411666,5.090900206974905,5.1120104758050715,5.129067596300741,5.07855941100957,5.08453986427493,6.051681541338017,138
775,5.118957453947237,5.062878027693233,5.0765517737832315,5.088858614109217,5.112056070197341,5.1280954975233275,5.0800592745971525,5.085140128392213,6.048425400664842,138
776,5.121383228195103,5.064658880489915,5.074970203870198,5.086835715505002,5.112410624727139,5.1273548744266755,5.081655637671812,5.086055097564275,6.049398645982524,138
777,5.123865402019934,5.066293828316167,5.0730561140128385,5.084772507407122,5.112841547738421,5.126216348244403,5.082698628782051,5.086460033707438,6.0385455382068445,138
778,5.125978131355543,5.068583829211086,5.071903280253986,5.082102717754425,5.112701762211994,5.12500962676102,5.0837253626278365,5.087337226753492,6.049535890260177,138
779,5.1275082731339054,5.071344310817091,5.070922589699057,5.079368308040891,5.112615641235131,5.12393171005967,5.08457657390993,5.087437830010284,6.045265681197404,138
780,5.129255220645307,5.074230059061268,5.070510840063001,5.076955771808499,5.112709830789812,5.123011297635362,5.085507111720023,5.08769699505305,6.043782293066572,138
781,5.1301138017117545,5.076972983241067,5.070142032724659,5.074275399364568,5.113010823528377,5.122517372744868,5.0865163980876,5.08764734831524,6.049198313606259,138
782,5.130355777758546,5.079693048485291,5.069301950105686,5.072212896596222,5.113102531884495,5.122645081227797,5.087097498638467,5.088054953824679,6.047315187162246,138
783,5.130307361662997,5.081530662918976,5.068229225815607,5.070315320963935,5.112888716739671,5.123158193724631,5.087553047801029,5.088324843000752,6.043506459467284,138
784,5.130298008628992,5.08308955014491,5.067493595235325,5.06828232441425,5.112519100404382,5.1235535793667335,5.087835356961341,5.088637414723908,6.040758126519941,138
785,5.130332720797472,5.085259384741427,5.066915089867278,5.0663721592116735,5.112024060003208,5.12378207919103,5.088272870394884,5.088871336995233,6.051521555680958,138
786,5.129731942749801,5.087009712259191,5.0670441510907915,5.064408834890312,5.111540128425501,5.124848129332789,5.088492123591504,5.08881024171648,6.049580163862416,138
787,5.12928477458178,5.088886101457504,5.067851810540564,5.0627659112485155,5.1111085760203805,5.125972132296345,5.08839124210382,5.088628421161578,6.047976177698837,138
788,5.129271690782511,5.090717549284726,5.068186628426039,5.061238531200314,5.1100368148678665,5.127123981388754,5.088857600243159,5.087976481923883,6.046607522798121,138
789,5.129543637061191,5.092686600668539,5.069046756729769,5.059866527528504,5.108112488804986,5.128332178548609,5.089292867573606,5.087788306930863,6.045002650729701,138
790,5.1293942175204545,5.094894943154363,5.069987574315639,5.059048213028479,5.105610348905001,5.1298348670588005,5.090249005256236,5.087563697298451,6.050752699487686,138
791,5.129014859988677,5.097312330359458,5.071078169850314,5.058607953608595,5.103037136214834,5.130914333742458,5.091580309189511,5.086543384901439,6.032570542542239,138
792,5.129063540240674,5.100384346994759,5.072522081574121,5.058599680251389,5.100129869425607,5.13151566025925,5.092931065913362,5.085938175957346,6.04822561968063,138
793,5.129035216704908,5.103110495786011,5.0732837795322965,5.058554346754837,5.0969943140994,5.131503568806139,5.093908729200892,5.0857960620041816,6.036392995799749,138
794,5.128575662645727,5.105725672214993,5.073898476203169,5.058186454084839,5.094004098924953,5.131754618332847,5.09470200266783,5.085485279116638,6.041120329429897,138
795,5.128168569102304,5.108386232467085,5.074339267893196,5.058261597690577,5.09074885792861,5.131768557242962,5.0952009902984265,5.084906486758452,6.044682686751162,138
796,5.127656203267305,5.111129095873126,5.074749004829969,5.05804508794008,5.087622669160454,5.131569680790367,5.095116151170982,5.084423927874908,6.046864426473682,138
797,5.126992468997075,5.113248812372728,5.075335574683706,5.0580887209943395,5.084855539225785,5.131838655621314,5.095151294068433,5.083903472777092,6.04308741279352,138
798,5.126591621542073,5.115088941034374,5.0761666990794625,5.057882850658888,5.0817185675211505,5.132515725250636,5.0956599298759,5.083197872936314,6.04313847396843,138
799,5.1262116598963505,5.116485334241312,5.076737627432169,5.05728366194932,5.078800791539027,5.133397718841621,5.0961115527086465,5.0829407958166035,6.0413085047729655,138
800,5.1259478474947135,5.118469557414078,5.076348944095581,5.0567213761463154,5.076165348036572,5.1337719596747355,5.09596012401013,5.082853776064778,6.0376921782018425,138
801,5.125869689860985,5.119918900662724,5.075865956800232,5.056064235101642,5.073324651120387,5.134373153187822,5.09594980946645,5.082700821922517,6.051634605948162,138
802,5.125986628040684,5.121079525237169,5.075044183962577,5.055331811088104,5.070404739273204,5.135220207447453,5.095976655408565,5.082506215467779,6.056432560964483,138
803,5.125796209333128,5.122702596667574,5.074118334646979,5.054727408224615,5.068073590174815,5.13630155771969,5.096114095160109,5.081903217131739,6.044890214084771,138
804,5.125937787325211,5.124534752529434,5.073393920840138,5.054702183444644,5.065530039608023,5.137310780356017,5.096085048394263,5.080729798780763,6.05968280894357,138
805,5.125422124514312,5.1259218726619284,5.072335237538724,5.054275236061451,5.063473321702864,5.139143282936331,5.096172090443384,5.079097605900353,6.049807993333707,138
806,5.124649694443246,5.12766323700369,5.071139214634723,5.053886471775487,5.061722414098283,5.140607169959261,5.096486883944545,5.078157898449352,6.046133077108241,138
807,5.124004070715542,5.1292092083742515,5.070585881732818,5.054435186393636,5.060381134661611,5.141934820967404,5.096776789678638,5.076948402112869,6.0541261639231605,138
808,5.1231833867172565,5.130283938416516,5.070399182911687,5.055052485574441,5.059513745239951,5.143070148732547,5.096743513930461,5.076648293926697,6.0438501006979415,138
809,5.122043404087879,5.131034984109862,5.070074216819512,5.055506606730416,5.059127239734549,5.143975517379557,5.096386647068327,5.076564994670577,6.048543240424881,138
810,5.121138697924703,5.131074309084676,5.069996892087824,5.05633012597904,5.059454168239814,5.144476964030176,5.095307591948756,5.076800469143542,6.048252897742546,138
811,5.120447512084918,5.131485701749943,5.069867250264338,5.05689581177017,5.059851334980608,5.145405069888943,5.094445597269082,5.077004844435679,6.041963848230422,138
812,5.1192831715749,5.132408022222626,5.069950507723347,5.057306145742983,5.059767487825278,5.14604973085845,5.093902747035812,5.0771717313284,6.050650271154913,138
813,5.118305351931593,5.133004074863599,5.069783450449623,5.058132126910431,5.059995415782052,5.146439369171609,5.094102083845984,5.0772640556194215,6.043476402974527,138
814,5.117314735094195,5.133360298329968,5.069387653035463,5.059339143639397,5.060291575590781,5.1462375587828575,5.094038562200826,5.077652667510931,6.051040547915024,138
815,5.116243938453541,5.13314167520514,5.069070798044385,5.06076486899094,5.061194510451583,5.146017234616103,5.094222702209173,5.078349755577541,6.051099143747494,138
816,5.114826652064065,5.132774106407289,5.068573999517739,5.061658791289295,5.062249764522445,5.1460889225135755,5.093855798662233,5.079065036338452,6.043924590605168,138
817,5.113745072083292,5.132509163650461,5.06810229046863,5.062885495727931,5.063682533697087,5.146037091369119,5.093168910933186,5.080016916158994,6.054116961161295,138
818,5.112708667785828,5.131713618292329,5.068104697388611,5.064094439500588,5.064944921805796,5.145689539541378,5.092496984629463,5.080342574298188,6.0535632442030485,138
819,5.1119965962254845,5.131534251359767,5.068739816672299,5.064491807827462,5.066422161519121,5.145213911563488,5.091525093527125,5.081029023647466,6.04806558761374,138
820,5.111364619041058,5.13153409556461,5.069349668053266,5.0647800964724645,5.067281307545038,5.144656244121095,5.0908241317426715,5.081968318044335,6.050255457125909,138
821,5.110250836084827,5.131508259414436,5.07020302517615,5.065149802165714,5.068459796281295,5.144117494479232,5.089394608508925,5.0833060344099,6.047536847074686,138
822,5.109564376152528,5.131981655962993,5.070729075213681,5.065652392200552,5.069290693095294,5.143704000170238,5.08794992140754,5.084590497034411,6.047277807498605,138
823,5.109192085580141,5.132119813093829,5.070991232502637,5.06578213587815,5.0695634338423705,5.143209275378352,5.086836552497864,5.08635637933556,6.051569886983453,138
824,5.108700520834351,5.132823368336083,5.071706481656549,5.0658119801383386,5.0698231216212015,5.142257367908863,5.08608914604519,5.088864974341128,6.048555041492943,138
825,5.1089095014551615,5.133256413209499,5.072364510229488,5.065806545854407,5.069941669111723,5.140997752512722,5.085331065544683,5.091124009354243,6.048018468756192,138
826,5.109257920717667,5.133896262115025,5.072611136281713,5.065751767955344,5.070004626624567,5.139429425498038,5.084299154995917,5.0933635987124415,6.0396225577002705,138
827,5.109118623288517,5.134215596670463,5.073141313970719,5.06553730064347,5.070297887808117,5.137918738391564,5.083060451269555,5.095349268544634,6.054119321545917,138
828,5.108717908106563,5.13446824439757,5.073196651597582,5.065409427927601,5.070583277354093,5.137333967528289,5.0822942809822615,5.096775281974883,6.049049890484999,138
829,5.108243702110488,5.134906028037875,5.07367086733721,5.0661284414175745,5.07145466049627,5.136991208880453,5.0817831378755445,5.097995684438405,6.050783641061504,138
830,5.10817991033259,5.135130473882941,5.074555040039153,5.067353509274827,5.071805698763745,5.136805354949005,5.08107603876839,5.099326501262841,6.049943684829389,138
831,5.108330605861907,5.135660604806439,5.0755725737742665,5.0684971251507775,5.072607176538677,5.136705716218666,5.080527476352625,5.100891348603987,6.041881673749915,138
832,5.108579733906151,5.135693024573591,5.077150039950651,5.069824902935795,5.073696338708185,5.136649337636582,5.080318998430389,5.1021429867821215,6.042561951997235,138
833,5.109310231457879,5.135912428792554,5.079095638031125,5.070942089266822,5.07426874788094,5.136390724053735,5.080272885534317,5.103509008203505,6.048824901935476,138
834,5.109629512130025,5.135671904850417,5.080755886131136,5.071825407138414,5.075149709931916,5.135209253036157,5.080018265372121,5.105222606405229,6.05698232111343,138
835,5.110191265786552,5.1352222662045275,5.082663907419885,5.073090808104779,5.07594452524323,5.134303751433004,5.0794499249301,5.106694749238132,6.0554915449992475,138
836,5.1106782931457815,5.134100387934211,5.08496358514655,5.073900494644492,5.076482691737416,5.133851623078991,5.079817812276552,5.1082801038856624,6.043049356109273,138
837,5.111127670109146,5.133243777426911,5.08733311251369,5.074803435270258,5.077680422691406,5.1330612030711755,5.080235119590067,5.109742716918609,6.040114868128131,138
838,5.111711781986912,5.132805205503519,5.089798337001722,5.075954161468427,5.079285233280335,5.1323895880928045,5.080403372300589,5.111300617850532,6.051710536029268,138
839,5.112778553755492,5.132325223274102,5.092694172184547,5.077373651856817,5.080508000418665,5.131406467102325,5.080215311548805,5.113114902604138,6.046201561697219,138
840,5.113569504949066,5.131564847762265,5.09508217006989,5.079428944769654,5.08142815446321,5.130178022137434,5.079987696209253,5.11519294771923,6.043730719502885,138
841,5.114526357768044,5.130909725020551,5.097179453214016,5.081746498286517,5.082011925234457,5.128759242991421,5.079212637110427,5.117518073797997,6.04426676635008,138
842,5.115690138377885,5.129802751954964,5.099315719900318,5.084073201095862,5.081750521710193,5.128407296076144,5.07824807278849,5.119612254337993,6.044992284885072,138
843,5.116856564053856,5.128214544780768,5.1004188188193975,5.086255596092774,5.081783027269449,5.128022279198717,5.077651670115715,5.121281553859798,6.050514189158159,138
844,5.118321386962464,5.126411831190495,5.101634751628159,5.088396738467925,5.081852389064666,5.127284949212451,5.076695278728726,5.12212260420368,6.044067296908361,138
845,5.119922074670087,5.124939337860771,5.10345318104776,5.091141321529054,5.082217735093444,5.126561798147499,5.0758219654685215,5.122673875416945,6.055592265058719,138
846,5.121637832998532,5.123670351961563,5.105530696701533,5.0937377665880135,5.082376033355837,5.125895128093019,5.07589064829552,5.123003925234926,6.04417759290447,138
847,5.122990976404317,5.121675826553389,5.108037207528934,5.0967100846842985,5.082519782089975,5.125019692488457,5.075987468704693,5.1233136347431625,6.050177061002521,138
848,5.124244477340984,5.11928478293305,5.109681902616799,5.099461776352383,5.082928730874823,5.124330728938724,5.075508263153834,5.123789944562247,6.045623221128915,138
849,5.125654068671039,5.117790746572764,5.111612866398928,5.101935587462052,5.083017270154592,5.1240026997589165,5.074528787213946,5.124343628224444,6.0485665083876405,138
850,5.126601659950676,5.11627504758696,5.113129583046529,5.104136031185242,5.082918853479506,5.123677760694699,5.073571663747057,5.124182677577668,6.049666211530381,138
851,5.1278579695904485,5.115261505136125,5.11483837634956,5.106232550785451,5.082690060540324,5.123755463685177,5.072302602520573,5.124122658494169,6.042109343954056,138
852,5.129272018527232,5.114230364706678,5.116474882351799,5.1085711194716135,5.082353085540789,5.123553418738901,5.071311456643716,5.124095191876592,6.040713216707767,138
853,5.130718452414667,5.1131750403209875,5.117886917403256,5.11072047182148,5.08165903685641,5.123719402564437,5.070124665227918,5.124273133636156,6.049871851857928,138
854,5.13214499603221,5.112596486398333,5.119049838475025,5.111922319350926,5.080743452516506,5.123498048612083,5.068785893031371,5.124832281586885,6.04845708278641,138
855,5.133058598177044,5.112050488683431,5.1196620898125165,5.113789508556843,5.079934849858731,5.1233912519046045,5.067431192039968,5.125150044498686,6.053804216678865,138
856,5.133958312252279,5.111329064267684,5.119964496298441,5.115341849709878,5.079825536288489,5.123026772284501,5.065862749189241,5.1252908186206465,6.047483416205622,138
857,5.135334530042509,5.110659065508447,5.1202805150195765,5.116890967092457,5.080030026207915,5.122742554279278,5.064758795818555,5.125202770901554,6.059957822166605,138
858,5.13637537901772,5.109772451500964,5.120440891648684,5.118413172176378,5.08027201170685,5.121730315567281,5.064076197190777,5.1251802329596465,6.037684623687279,138
859,5.137380950978358,5.108560947939955,5.120649231685579,5.120281566357363,5.0811576386627095,5.1209415054395,5.063836437303399,5.124596881362097,6.04748881985299,138
860,5.138448063154357,5.106857098898589,5.120736447491426,5.1221981077936665,5.082098442585666,5.1207013594330135,5.062943931426757,5.123436379923116,6.053307031913698,138
861,5.13877166006173,5.105551427237778,5.120773688758172,5.123453120331815,5.083407404925042,5.120699420747983,5.062186352901205,5.122188827673472,6.0458522875489775,138
862,5.139128531436453,5.1038439602239265,5.1210554156760395,5.124083896206338,5.08480493845963,5.120595391414054,5.061942227561467,5.120507673675078,6.048693344727583,138
863,5.139965780441519,5.102353321615636,5.121105931719061,5.124797222561036,5.0860991325812,5.120620103063006,5.061773367066239,5.119996011470126,6.051883108287528,138
864,5.140550994186462,5.100565677947012,5.121611948204409,5.124940957826155,5.087964385470085,5.120139258501969,5.061419402342304,5.119602251436427,6.047623277770389,138
865,5.141603277584208,5.0987586405835446,5.121851029088212,5.124453438217974,5.089284738686802,5.119347023829161,5.060990189422268,5.119273739113737,6.042797088466216,138
866,5.142872912419042,5.097209573705415,5.122063465641492,5.123880080568151,5.091004975673185,5.1186286016840805,5.060898306381381,5.118467769853025,6.0418694318026125,138
867,5.14390626136978,5.095275129555517,5.122220495606784,5.1229671867364575,5.09254828623734,5.118165061879164,5.06102623640313,5.1173766031943435,6.053652620573998,138
868,5.144649139850301,5.093746317485,5.1223585469504584,5.122567183170219,5.0937674528623464,5.1181216372488265,5.061131931381911,5.116211822691117,6.046740794020217,138
869,5.145089789408113,5.092208136017284,5.122634502568507,5.122394816776568,5.095321627847413,5.118068257499473,5.060866480150693,5.115544493932432,6.041369077635816,138
870,5.146020653770336,5.0909386598774296,5.122711808803819,5.122488364552877,5.096737600541072,5.1188248340492954,5.060273324387808,5.114794243481013,6.050095918633419,138
871,5.146666973903191,5.089721652359039,5.122462057313273,5.121934819333448,5.098084549230842,5.118936448477163,5.059840836969555,5.11399188066944,6.050585890494204,138
872,5.14663542228989,5.089254153638258,5.122166865480944,5.121473007902999,5.099383950274561,5.1190544319211835,5.058758551064642,5.11326147974823,6.047489915516359,138
873,5.1464938182594215,5.0881464673804135,5.121658501102914,5.120967155176874,5.099908480384494,5.1192594987246265,5.057558554730129,5.112580392379112,6.052611367692709,138
874,5.146174195520141,5.087301493297506,5.120986537521814,5.120778479938306,5.099954204952791,5.11936771794117,5.056678696639041,5.1124678001006885,6.044231377659029,138
875,5.14474386409918,5.086469119158779,5.1199772310499245,5.1209957822827405,5.100396379266559,5.119884917446961,5.055955412499621,5.11179580379047,6.040403271428047,138
876,5.143553086545789,5.085564132725749,5.119119470133632,5.120484157232764,5.10062475068087,5.12069750391885,5.055372192166799,5.110732802142687,6.0421777314759515,138
877,5.1423702348340345,5.0847952741073525,5.118811455456036,5.119976794909025,5.100665484505425,5.12094456713163,5.055416973239215,5.11003313074597,6.042875971012638,138
878,5.14101029002011,5.08422171842107,5.118382504184829,5.119730561666702,5.100542979486756,5.120214528508139,5.0555383337318744,5.10927699779848,6.055747109572855,138
879,5.139832738101514,5.0836193731685615,5.1187898099252624,5.11888080617967,5.099536749935929,5.118860543921253,5.055134481377182,5.108615774040792,6.053844864813267,138
880,5.138268020534042,5.083483361797427,5.1187078675005555,5.117897653139407,5.098654559449752,5.117676283369431,5.055552524073767,5.1081535667575295,6.0543341625145715,138
881,5.136839453498483,5.083168253737481,5.118278027680461,5.116468711140552,5.097700746374017,5.1163029268035825,5.055776007067441,5.107905802868147,6.052493244436257,138
882,5.135496092742004,5.082699520726742,5.117812993232899,5.115391908535828,5.0966840192782765,5.114715185734929,5.055972172006678,5.107861869129708,6.045268228301278,138
883,5.133882992276742,5.082452002676532,5.117246912810703,5.114351527404864,5.095973617793247,5.112548312175604,5.055640268891527,5.107762179712751,6.0405759610496235,138
884,5.132688921349681,5.082040371603239,5.117185623095124,5.113895766212129,5.095506648353739,5.110782334651315,5.055723434984431,5.107780074726933,6.051898984523758,138
885,5.130985196470102,5.081511349279051,5.11750717263145,5.1136277905664285,5.095419419074217,5.109191324477952,5.056140652778986,5.108298960841067,6.042970755525006,138
886,5.1296464263323625,5.08087856752149,5.118058427169394,5.113508811161729,5.095554616344093,5.10795329941681,5.0564024787233155,5.109246786549429,6.048764919250792,138
887,5.12798123836688,5.079733047031324,5.118450600376132,5.113304113221417,5.0953557412955,5.105963724739375,5.056775520118267,5.109957575286286,6.049043965434289,138
888,5.126002805110588,5.078596096949234,5.118866401522451,5.113558866415489,5.095599980959137,5.10395920331038,5.05680656949948,5.110191081849591,6.046957361440902,138
889,5.124234508090188,5.078128946380135,5.119235445089597,5.113624229012483,5.096427132970627,5.101434768405458,5.057368801716162,5.110127069264745,6.046964222282884,138
890,5.122529546446134,5.077840944952959,5.119456559065776,5.114011116833961,5.097797269835903,5.098724961440567,5.05814146913414,5.109998468585766,6.0459730354038195,138
891,5.12091827319766,5.077734306735456,5.119868426508892,5.113941254773007,5.098772268154143,5.096313801224582,5.059183061201349,5.109940940563478,6.051336849270605,138
892,5.119315300228096,5.0774425572078465,5.120371504493764,5.114127496667539,5.099751035312626,5.094435158404535,5.060394559522381,5.10969485867835,6.044981814501205,138
893,5.117428865620964,5.076625873399946,5.120849391445319,5.114197691527243,5.1003279774059855,5.092130374553157,5.061644962652587,5.109985365724677,6.0419039256238785,138
894,5.115763462027919,5.075831354242279,5.121179174593937,5.114525138730411,5.100830586137839,5.090359650336328,5.062476818717685,5.109618292109111,6.051428779174742,138
895,5.114393369478264,5.075268725108633,5.121436077938915,5.1146875121977855,5.101072533595315,5.088895739816646,5.06283671773623,5.10978286715755,6.04329892009002,138
896,5.1133634929898815,5.074907787939911,5.121232011680622,5.115063474167862,5.100975854293299,5.087468686453736,5.063752487634305,5.1105112887883655,6.046045340651957,138
897,5.11198339706283,5.074847178776654,5.120675508047084,5.115965588446727,5.100817816339035,5.085733042282029,5.064565976245264,5.111698549530578,6.045859886913482,138
898,5.111095114990652,5.074965210596712,5.120184317762305,5.117561799707671,5.1004981603109645,5.083945438431419,5.064862572969249,5.113073225568191,6.039119360561584,138
899,5.109876800655591,5.0749328746738485,5.119278630725901,5.118528815686539,5.099690965437846,5.081983180268997,5.0651999312799685,5.113668983047095,6.046853573023378,138
900,5.108404413767555,5.07516671927767,5.117597155248982,5.119429442861834,5.0985521499047,5.080143406313784,5.065559532433991,5.114807604246626,6.049580534293289,138
901,5.10665583395061,5.075221300652638,5.116349915826053,5.120819116559197,5.097111622240654,5.078632138959197,5.0657825629054205,5.115786924101916,6.0432478723932395,138
902,5.104637607692679,5.075329311530547,5.1151438460418,5.1220060112148955,5.096047152579246,5.077223871683275,5.066059355892367,5.116687405702552,6.056990469959509,138
903,5.102847669318301,5.076167055224021,5.113737692259788,5.123246221334563,5.094877777883687,5.075464077040552,5.066397566906862,5.1174563042957715,6.042337649087414,138
904,5.101310503453468,5.077460611165074,5.112166889385554,5.124138654671765,5.093231701953899,5.073754888159004,5.0670281106225135,5.118213814575304,6.045979845322795,138
905,5.099518045306683,5.078770014600558,5.110247541799817,5.124692690426557,5.091527263296642,5.072486025418149,5.068101365882761,5.118611309751756,6.039426893127815,138
906,5.09752920903126,5.080139397828743,5.108577075472676,5.125208866339703,5.089937249550646,5.071224820382991,5.069227851357114,5.118868250620808,6.049167545783149,138
907,5.096067138598833,5.081332098266001,5.107333536001275,5.126252174439706,5.089141296250605,5.06985580782518,5.0704575175093645,5.118874539108088,6.051672422315822,138
908,5.094794500639412,5.082111833629784,5.106009306686296,5.127108423031199,5.08848456164025,5.068320305818957,5.071740246548199,5.119045048970291,6.041007414059181,138
909,5.093700313906668,5.083068374250068,5.104890768196542,5.128174062010071,5.08803984044696,5.066509098804984,5.0733497510149625,5.119288476992759,6.046975657061814,138
910,5.092679177229137,5.083831662855134,5.104023368181997,5.129138215398204,5.0877342413894855,5.064504565349878,5.075163055493718,5.1191241194033354,6.051627292279071,138
911,5.092165262900168,5.084089951567649,5.103400474907636,5.129808086750379,5.087351066686555,5.062291867649085,5.076673097624881,5.1191866532728945,6.054901742977491,138
912,5.091167301484674,5.085022928121874,5.102777560401702,5.130745586652598,5.087023479429107,5.059997072379385,5.07833870754871,5.119865361745591,6.050678460914861,138
913,5.090246885947609,5.086108181200423,5.101890052281373,5.131550638079467,5.086452466815264,5.058594441649226,5.07981003212935,5.12015249710565,6.052291264761933,138
914,5.089518955659566,5.087492811111399,5.10084878521392,5.1317537241436,5.0863525540239145,5.057604414054159,5.081261385453242,5.120343203684591,6.044878815013766,138
915,5.088270183883309,5.08897772745769,5.099961971502072,5.132293521640807,5.08714686553338,5.057412646817806,5.082952030482232,5.120282430483227,6.047724715393677,138
916,5.087162893732213,5.090279933995001,5.098966366704129,5.1331933342453215,5.088073712630026,5.057199793576126,5.084336724450663,5.120485743801924,6.05900972957803,138
917,5.085748422344229,5.09130320203721,5.097724028516776,5.134012884066786,5.088468242758994,5.057554944261827,5.085732929331485,5.120701577753869,6.043998692363876,138
918,5.084136990762091,5.092898821254545,5.096180015794006,5.1345529444336275,5.089015011765574,5.058178837783586,5.0866828308859615,5.120844388596076,6.056009457756025,138
919,5.082645920241719,5.094449970810859,5.09449545406332,5.135067782790807,5.089367912136565,5.059233079832727,5.087690754306536,5.121001730006993,6.055617190159536,138
920,5.080927093834026,5.096225132744751,5.093019659032889,5.135445368812055,5.08912164558766,5.05985063790834,5.088814658048651,5.120976445610866,6.053335706527017,138
921,5.0798088256591445,5.097674723369995,5.091634675357582,5.135179603510132,5.088745523050272,5.060637035789902,5.089728472244488,5.120816901337716,6.047258126222354,138
922,5.078962927134974,5.099182052148818,5.090343235472183,5.135286712540309,5.088513287773179,5.061510959757349,5.091027847555629,5.120837043068937,6.050447114894517,138
923,5.078187704812604,5.100482218200463,5.089143551190739,5.135174759875973,5.088151751331326,5.062395769871575,5.092422169977511,5.120923492614111,6.048203763472034,138
924,5.0778644603762935,5.101381859247717,5.08802523123215,5.134306591484953,5.0870488677361925,5.063820207987318,5.094169916206455,5.121101488432921,6.052808051541857,138
925,5.0771198728801235,5.101477626348094,5.0870890527883095,5.133801595833839,5.085404701492251,5.065610873768712,5.095518839515958,5.121351977534536,6.04771380983178,138
926,5.076561957102961,5.101153021163324,5.086224972817657,5.133570011419508,5.083863430177656,5.067548247864259,5.097169491709144,5.1218785059027745,6.050798091087648,138
927,5.075759360215386,5.100685350426774,5.085465616720324,5.133708472874698,5.082688666981734,5.068999214423682,5.09848616551348,5.122147991838865,6.032550393856879,138
928,5.075027842459928,5.100689837493404,5.084661648796378,5.133586460268221,5.081068701002728,5.070346360101811,5.099655851394736,5.122518007225411,6.05084041168236,138
929,5.074423443736517,5.1011669969439986,5.083498225726995,5.133708975283551,5.079382788948342,5.072100682853371,5.100741197717772,5.122152913424532,6.050628170444354,138
930,5.0738085278127105,5.101199464175723,5.082603077315378,5.133770246370047,5.077315863205875,5.073882594820522,5.10155723382529,5.122352788420228,6.053596950494361,138
931,5.072888929587896,5.101320907736401,5.08186251284026,5.133265160347591,5.075049158875746,5.07483987839672,5.1019882704437505,5.122683980074031,6.044597731495217,138
932,5.072146065176163,5.101471213960428,5.081012362763028,5.132002937091708,5.0732914059929985,5.075515137913006,5.102092758361887,5.122803365972864,6.041565798974132,138
933,5.071467278711436,5.101599132738615,5.080369745371442,5.130744603915192,5.071665768397297,5.076676273227051,5.102319331607605,5.1226369348424665,6.039747638580239,138
934,5.070417816224216,5.101441707260913,5.079861451913611,5.129176148200896,5.070435841465975,5.077839880445742,5.102019935803643,5.122680757788002,6.041949553186388,138
935,5.069915961796515,5.101776413566419,5.079964671887462,5.127896577775251,5.06993407988521,5.079012104143157,5.101266937386629,5.1231104733657595,6.036871029560102,138
936,5.069822542725234,5.101617730288638,5.080488728487083,5.1268935034628225,5.06960671457911,5.080066435257338,5.1010800645968315,5.122712348177232,6.051905906375844,138
937,5.069260359321981,5.101547645623857,5.0807992819894885,5.125727863756868,5.069827598036447,5.081229450173891,5.1009099836174405,5.12270577731436,6.0491627995668695,138
938,5.068637125175715,5.101222418904988,5.080662368457928,5.1244306871127066,5.069540695486655,5.081857353903178,5.100571379079024,5.123192702702196,6.05130830546376,138
939,5.067897430250293,5.10025022274271,5.080851046916514,5.123301163393575,5.0692935211235834,5.082612689611992,5.100239696247691,5.124223926409277,6.049520348300558,138
940,5.067442024058176,5.098820993309148,5.0810383998180235,5.122031052270689,5.069296748072894,5.08337441878826,5.0996558747531875,5.125600539566937,6.049424441740622,138
941,5.0670078931827955,5.097520028322583,5.0809880664287395,5.121046203166914,5.069565591640329,5.08379722537232,5.098973891275712,5.126980652513595,6.047860350593455,138
942,5.066792951513369,5.096653623617626,5.080808860918812,5.120368253966455,5.069881529587662,5.08432789690871,5.098622927500389,5.128143710444335,6.039295605041878,138
943,5.066567502542784,5.09598927723694,5.080521131286707,5.119988888278414,5.069563728016984,5.085497624617396,5.098821771169906,5.129562534228709,6.053952380332439,138
944,5.066432957501453,5.095298524717457,5.080496370025845,5.12024255664257,5.069290165195483,5.086554362511693,5.099013130157408,5.130574939070391,6.0514061489571365,138
945,5.066349060137497,5.095224949190188,5.079910658984055,5.120267323535639,5.069278396752683,5.087976505239719,5.0989238548849185,5.131600442558817,6.0502931943445235,138
946,5.066198818562542,5.094644576764207,5.07954552249201,5.119824378010797,5.068966159759212,5.089495971033841,5.098581551457845,5.13276903799594,6.053861762946777,138
947,5.066528787561383,5.094370556569923,5.078918444627439,5.119486315467368,5.069017749894336,5.090836400831163,5.09867723164356,5.134209093097724,6.057716023276376,138
948,5.067171060890139,5.094177525672098,5.078284156402049,5.119180594896726,5.068747380758351,5.092182834308459,5.098411533397954,5.134950663458885,6.047021532021528,138
949,5.067876336446917,5.093558516035458,5.077494300753113,5.119233140104537,5.0686600373304405,5.093034373796919,5.098114796678759,5.1359974568194104,6.04690208171382,138
950,5.068569667298485,5.0925466081560815,5.076821110148337,5.119168613583061,5.0687210581881725,5.093572150493779,5.098013759806271,5.136935322557408,6.048978989617686,138
951,5.069475274023393,5.091913107673191,5.076389898169127,5.119171329724527,5.068119137333758,5.09399078531823,5.097756297764763,5.13793613607192,6.047634997242549,138
952,5.069911233237622,5.091562731433782,5.075889591002454,5.11908874049128,5.067375862745665,5.094408962760829,5.097697540543357,5.138430965776021,6.046967338837781,138
953,5.070468261939107,5.0915857364974,5.075559283822434,5.119089467876745,5.066801369706045,5.094556629942702,5.09748899740109,5.138907194247441,6.051075280556747,138
954,5.071058484157364,5.091598756419952,5.075334859704126,5.11922667265039,5.066333940489741,5.094813328003513,5.0976282156925645,5.139343664516769,6.0454799322321815,138
955,5.071928841895405,5.09158468445678,5.0749921747626345,5.1192943894239065,5.0661312292823615,5.094747361957619,5.097797180903013,5.140479060613562,6.055026968755851,138
956,5.072677678762074,5.091616459530451,5.074494022558742,5.119301052370707,5.066263011140553,5.094969957991276,5.097893486300276,5.141762661362133,6.0438714196721905,138
957,5.073400695358593,5.0914600804491155,5.073589430155849,5.11899538757015,5.066735948513099,5.094735307532024,5.097768004943533,5.142962926443484,6.048872442005436,138
958,5.07408751853974,5.091273539140574,5.0721435228830005,5.118156030791098,5.067071784559759,5.094117554873053,5.097360206554372,5.1437707555125325,6.048072611137352,138
959,5.07499078777222,5.091491264212216,5.070554748142966,5.117483679162009,5.067549093060214,5.093551724642002,5.096797915039706,5.144751510668803,6.053900258848299,138
960,5.075747388667718,5.092054909759714,5.069174058269752,5.1176119530030935,5.068380606018046,5.092730777855639,5.096080027959795,5.1456211714962645,6.046475286944813,138
961,5.076657592486873,5.09267460850052,5.0678144782003205,5.117561875335183,5.069584526730917,5.092166131580479,5.096063246849662,5.146243972419488,6.0511233992431315,138
962,5.076762828686342,5.0932884676625845,5.066590194556877,5.116665301950912,5.070703052432243,5.092150012232903,5.095652698835565,5.146496309129947,6.052631731844382,138
963,5.077458520171936,5.093928111118491,5.065293651299596,5.115914796376019,5.0716272824032735,5.092561936289945,5.095582258822635,5.147402077823672,6.0494101098051605,138
964,5.077933238515021,5.09393953723194,5.064255786784279,5.115809851922741,5.072363679843898,5.093044458746119,5.09580267105404,5.148044062826497,6.04641796010207,138
965,5.078482035704715,5.093556083560099,5.063513971871629,5.115716948249199,5.073426726794734,5.09313554027702,5.095820723497283,5.148678330923761,6.040847641474117,138
966,5.078908101544152,5.0941317027380295,5.0629881934441405,5.115629837917131,5.074707227855252,5.092801512098549,5.095980992840715,5.149591385479479,6.044170841569602,138
967,5.0795798915003685,5.094657587624398,5.062110370765111,5.116448642830446,5.076064068997885,5.092883721904631,5.096688117719243,5.150353090585748,6.044421628345157,138
968,5.08000021725079,5.094924277181162,5.061553028198043,5.118185672305991,5.07733188594987,5.093148819025978,5.097829795604975,5.150996855210839,6.049716596764567,138
969,5.080744561579218,5.095117695667822,5.0615832722110445,5.119393234302876,5.078281323590264,5.093211392799368,5.098721316580665,5.151810514920307,6.0523134457239856,138
970,5.081476476202372,5.095344614435968,5.061727746007399,5.120576900925014,5.07934986242726,5.093319710106448,5.100402372764373,5.152367498709664,6.0531978075954305,138
971,5.082307130846884,5.094844767207642,5.0615706414471635,5.121761036840688,5.079926526745693,5.093727872971456,5.102003863823008,5.152597396045841,6.045992933777034,138
972,5.083060382344732,5.094688190617303,5.061817150534855,5.123107955416115,5.080203622286874,5.094102796192484,5.102792177190718,5.153120220262508,6.047319524162065,138
973,5.084114579341877,5.094596243232812,5.061835198108181,5.12412306202791,5.080285030987554,5.094364908749954,5.103526604322218,5.153368425202559,6.045771525392034,138
974,5.08570714235475,5.094403118857724,5.062149040251303,5.124916360732083,5.080570418204308,5.095253560393781,5.104411298177334,5.153717302140073,6.0503619437277765,138
975,5.087231348217564,5.094173437565935,5.062266921686064,5.125405769144546,5.0811798752076704,5.096373773545166,5.10540327024904,5.1540240689849215,6.047689317295264,138
976,5.088223658893415,5.094368920001087,5.062395988806514,5.125900452289612,5.082069225642224,5.097741441966135,5.106354699865278,5.154215067572469,6.04584709063362,138
977,5.08957318089353,5.094866780137311,5.0628533842295935,5.126155493491864,5.08270084570097,5.098910506330435,5.107238389738416,5.154451800555172,6.043246565325579,138
978,5.090864457033255,5.095331032965941,5.062850135984043,5.125982044828859,5.082960914796862,5.099512157556964,5.107870311050577,5.154632363332404,6.043507903201973,138
979,5.0918460566335435,5.0958345646726935,5.062762353421691,5.125925357308112,5.0832525929947945,5.099746601001062,5.107850152740919,5.154491814986045,6.043223383928196,138
980,5.0932372415666585,5.096502415339574,5.062445365168885,5.1257887560900075,5.083461313536818,5.100069520281108,5.107516182218479,5.154271273792931,6.055442957454338,138
981,5.094309956626024,5.096585732026826,5.062576184853527,5.1259959426188075,5.083432497023198,5.10070518159468,5.107562856706331,5.154332504115816,6.049311272572261,138
982,5.095406114185154,5.097061972229841,5.062338853499507,5.1259914967047795,5.08351053163652,5.101325799041644,5.107531166570457,5.153868847083897,6.050311687588908,138
983,4.953985728190114,4.955851107893829,4.921656625612448,4.983768583064373,4.942380171109304,4.959774992698303,4.965877140666933,5.010578695649214,6.039961827742347,138
984,4.8126539065031775,4.814278531455767,4.781082430831186,4.841314806221474,4.801711483584125,4.818347457915154,4.824164432168281,4.867804813109507,6.047167243071983,138
985,4.671385898526404,4.672948609566053,4.6407923944743885,4.698806174715507,4.6610948529804865,4.676997111717867,4.682453734419921,4.724840685774847,6.049626108165836,138
986,4.530191643246932,4.5317322039331565,4.50038691263236,4.556730853542495,4.52033609086264,4.535692976880517,4.540568183922346,4.581819483161228,6.052785729662173,138
987,4.388991364604952,4.390388898581652,4.3594307930252265,4.414510076906254,4.379729689988393,4.3943702257472825,4.398771489357091,4.439175457286134,6.038037948131913,138
988,4.248020416665392,4.248688517703982,4.218568803204075,4.272232930279536,4.239029824414828,4.253196353013156,4.256733994305258,4.29664517990916,6.042953514987289,138
989,4.106902487810356,4.106861270418746,4.077968935317523,4.129990893768759,4.098272848420566,4.112120479160419,4.114912369756029,4.153969601480883,6.043549098716107,138
990,3.965661928506808,3.9646367671227587,3.937228568824758,3.987552870871808,3.957449422120412,3.9707833989195374,3.972928572416177,4.011284037945064,6.0491507975627705,138
991,3.8243803315593743,3.822615239744176,3.796529950909069,3.844868108521222,3.816338990377404,3.829663498821753,3.831053972871714,3.8680500561820206,6.050967990967161,138
992,3.6830983016913454,3.6802977716217704,3.6558247172201774,3.7020561643788588,3.6752248872917193,3.688351040993412,3.688978050765388,3.7245820661554703,6.050138057735772,138
993,3.5415791324220773,3.5381100092613424,3.515198819421811,3.5599172250330673,3.5336658220949175,3.5471715177549643,3.546991523290376,3.5809518210558915,6.053981423798271,138
994,3.399833055569794,3.3960553241155065,3.3752031554595257,3.4178184746149873,3.392143245988525,3.4062883260802175,3.4051108827615644,3.4374615339897625,6.054345818594716,138
995,3.2579943451319306,3.253883924324337,3.235272592572482,3.2757789657784606,3.2506958241196138,3.265559302423923,3.263234713074133,3.2939198502107043,6.052874192339405,138
996,3.1161186274640444,3.111780757251445,3.0952203671389658,3.1332643838092062,3.1092776523996473,3.1245598718037653,3.121479605845134,3.1506006114103076,6.047956732646613,138
997,2.974592805836786,2.969762703018548,2.955134402572325,2.990763460120296,2.9677202564943688,2.9832279617033985,2.979361399423721,3.007395538459828,6.042662141923814,138
998,2.833726846053608,2.8278468231154257,2.8150366338107826,2.849012048399091,2.8260439186292126,2.84168910271086,2.837291494810769,2.864322280191005,6.052926372394732,138
999,2.692714609324678,2.686010590228083,2.674849499799428,2.707042858446475,2.6844499911933104,2.6998579005894765,2.6951431384985733,2.720858198533166,6.05410744239579,138
