label,r2
E,-0.1645352661942221
EIX,-0.1645352661942221
