time_step,region_1_entropy,region_2_entropy,region_3_entropy,region_4_entropy,region_5_entropy,region_6_entropy,region_7_entropy,region_8_entropy,global_entropy,lock_epoch
0,2.5537191410889855,2.4999890886902927,2.5856805829882887,2.5467400985497872,2.5356091660294857,2.571369138896541,2.5471220505083005,2.529463398989612,5.605476212557639,123
1,3.184563670606725,3.1225362587078314,3.2455564779803803,3.1783336268697298,3.177331730584424,3.2109965367674236,3.174310768255037,3.165795372004551,5.601805683496944,123
2,3.815270266074269,3.738592257181679,3.899825960818349,3.806320147556743,3.8173638347532997,3.858951790544656,3.79747349166742,3.808222461345214,5.601515829767835,123
3,4.45337975779848,4.356800375654032,4.551424820090547,4.436315721174111,4.460570336431678,4.505305196748033,4.425598650374094,4.448966466999517,5.607281553348016,123
4,5.086238907329161,4.9795094636088235,5.195351325021314,5.06534383268761,5.104499627504544,5.146013463820398,5.065962033177049,5.094344543069734,5.6100957522940655,123
5,5.0732731161933575,4.971501789635483,5.193822409089921,5.049103456722073,5.118445304614833,5.142122821671094,5.073459115346582,5.1039261224333075,5.619477427802242,123
6,5.054834737715901,4.967326727794632,5.1822102440389965,5.041385571499654,5.14247133040144,5.14250663177988,5.087426033420002,5.1134237566451555,5.604006697557046,123
7,5.036327651465239,4.974398034364464,5.161289697019723,5.037666159156492,5.174086665159341,5.13735016496919,5.107889601250395,5.122943654491625,5.615781654151283,123
8,5.024521004881305,4.992264901685837,5.138659666179301,5.027527245989688,5.195508725723476,5.138420895929429,5.135444059504947,5.126936510402603,5.6266663716397884,123
9,5.020664188090819,5.000830444286761,5.113868476783357,5.025159590230805,5.206734674559446,5.146198675337642,5.164264586187599,5.129513279123875,5.621639216293238,123
10,5.01280751503073,5.002865514080641,5.099522426296915,5.035523335689618,5.2170823544758,5.145455314848948,5.193616815541743,5.124210675951374,5.632785040848002,123
11,4.99777556267814,5.009191718747023,5.09747341688059,5.040157300205879,5.219776636767522,5.150768059441279,5.211063255411179,5.1188093440296605,5.6308193241882805,123
12,4.990225203830753,5.01576657004528,5.099849467901819,5.04269177581631,5.221267575410948,5.1636335683418135,5.21196738774671,5.1092774420884455,5.634805660619551,123
13,4.97584525074619,5.02245301931867,5.102558875842431,5.048223032079783,5.218755384411919,5.1776578482605276,5.197714353276173,5.103408601166934,5.641246233595855,123
14,4.980080894514863,5.01644751800385,5.1127133908129085,5.041253989266712,5.212004292124816,5.193761551446203,5.179198415261424,5.103616450521999,5.63019088829507,123
15,4.993821170772504,5.00570474889579,5.133135151428865,5.0360594174312,5.2064482118984206,5.210521196895272,5.153988793376215,5.100763732714023,5.640520368073881,123
16,5.005382891276731,4.9900456646828,5.1425962115358095,5.038678780118818,5.214943231810961,5.219091291856895,5.138682327594315,5.097775531222413,5.635601078915989,123
17,5.009230298054593,4.982284907896105,5.148126277746414,5.0317389591093304,5.230831794672653,5.224561290641647,5.121772129941955,5.098790323326799,5.64224192259072,123
18,5.015602976035724,4.992264184242094,5.154650030980051,5.0176741739622415,5.24840465420735,5.228231526782615,5.10939967896183,5.10250938297923,5.644318612849915,123
19,5.027010684333328,4.994257921010545,5.155630144661537,5.009636320313491,5.273756258909721,5.2321602981182425,5.105529669133237,5.108733394820514,5.647231768994588,123
20,5.035733572008689,4.994182743577396,5.162397900169865,5.000771941292271,5.296236026250897,5.231786179611136,5.096622382167728,5.108226390217899,5.660488450201219,123
21,5.055988328971601,4.985827093894941,5.170221928002954,4.997957536009734,5.324720505203443,5.235253572847687,5.097372612662419,5.105010579348887,5.655573299592947,123
22,5.068581383705231,4.9905207024847265,5.17491099191313,5.007874454485648,5.336363461439238,5.241186548587812,5.096965333216722,5.100274443600825,5.646130710421803,123
23,5.087139200992881,4.998113640092626,5.179198356280973,5.014767408805894,5.334575941892888,5.258766647761871,5.095618791520375,5.09281529409516,5.651003665039412,123
24,5.103204014125581,4.998116482776186,5.1888210246164554,5.0127864047328865,5.324315020598201,5.269548652652687,5.08728223140565,5.083782092811726,5.6637337644199715,123
25,5.122314686833585,5.004858846305827,5.201741342823308,5.013422484108295,5.313987107869044,5.285314954320857,5.085162362522365,5.072784153069453,5.658388741320635,123
26,5.139056821683983,5.008155426431589,5.209698328920082,5.0145928774749375,5.299440482163672,5.301635738518491,5.084051599145947,5.057944551876037,5.672486519296229,123
27,5.141538286322818,5.018420288557037,5.209524598659446,5.023418461564881,5.2888855907985475,5.309032446836969,5.082729600986139,5.035544558174849,5.665436430834613,123
28,5.15448701889617,5.026425594751274,5.206791031222574,5.030611339292125,5.277838490752771,5.315722611691289,5.089166168267706,5.015991785511574,5.674572884972463,123
29,5.173717553556095,5.045120514717922,5.201407040696525,5.03061565034824,5.2503096035508126,5.316746034861507,5.097588749097488,5.004509392411427,5.665052575406677,123
30,5.186787423231863,5.071120229023624,5.201952240453204,5.022284327834564,5.228020839771336,5.310373506999929,5.098310654231861,4.984548050342698,5.673652948750764,123
31,5.189839499429786,5.083486525230809,5.2029491089842015,5.019667221460084,5.211928310544634,5.284580724450293,5.102833636467431,4.969546480441962,5.678524233029214,123
32,5.195793148744828,5.092492714361703,5.1984919523003805,5.035343829292527,5.194328183490676,5.27700934460889,5.112402954586961,4.956934730625625,5.681045563159383,123
33,5.194862911995388,5.097390620168527,5.193528440033238,5.0527740452975225,5.164386635014655,5.264556173068009,5.118644783530713,4.943979309640475,5.679078341052587,123
34,5.194511209791681,5.106549841704261,5.186363730210078,5.0730129708556735,5.132020948327019,5.254550414365185,5.12606984790507,4.939324700832839,5.676209612867967,123
35,5.199254361573836,5.111982208501772,5.184156577357074,5.08113165428639,5.081226241553136,5.2412836002569625,5.135360750376968,4.946653019753071,5.687162284523672,123
36,5.1848245428538,5.1111517606922305,5.18250487585699,5.097076506460652,5.0417525555586185,5.240619030982924,5.1372902235508375,4.948133831038204,5.684950268260314,123
37,5.16249247654861,5.10571397510415,5.1859271186539555,5.108228529760906,5.011053550552519,5.242876736944379,5.137287225745661,4.943053701543099,5.685412232739073,123
38,5.1446977669485685,5.092784884703502,5.1868039294253565,5.121497973970166,4.987990175397106,5.245496414655909,5.142010830803718,4.942480822619734,5.700494391945021,123
39,5.133519233864464,5.093619207023202,5.170876319506644,5.142811628237498,4.964465930096947,5.258756785118306,5.138668885501712,4.932874589629537,5.69566124410932,123
40,5.125707212170929,5.101321656669523,5.15711422250903,5.158159851747556,4.941874741394323,5.270504165771667,5.127033014005716,4.924067951811847,5.69636098885993,123
41,5.110396153490128,5.110319810263163,5.1405624426357415,5.171090193320461,4.9294631483654,5.290311489582441,5.1123105929357155,4.91450976200847,5.696067402339191,123
42,5.094961194157526,5.121965953854667,5.125764418655464,5.163665425031539,4.917671885788515,5.314214055210019,5.0929240245027,4.90029767973814,5.698634765170738,123
43,5.08259744824434,5.128629785068232,5.110960251540134,5.156816107575857,4.913908593031419,5.3507132117936775,5.062440446350333,4.884801750997974,5.703346440777244,123
44,5.078398251392574,5.132722446114357,5.089244183741343,5.149625097003813,4.90578872001307,5.36788244367311,5.048899631813262,4.885573905762294,5.695775419548569,123
45,5.074097346876521,5.147337182846257,5.068450357896633,5.142287241367031,4.894425632130065,5.381597919223015,5.024535713144914,4.8940654054339525,5.711446255162887,123
46,5.068666902880457,5.165253819587704,5.053882663558817,5.137837976986001,4.890694876569316,5.392521641397334,5.002562831144345,4.906010297562852,5.718046349516754,123
47,5.062694069706213,5.179142362750123,5.061889394140375,5.11689767446649,4.897008536440386,5.399043850951904,4.997415621571479,4.9194066312341,5.707922644869582,123
48,5.04183830966375,5.184674460618148,5.0736014730434285,5.091087956890841,4.898486929377475,5.396785391005915,5.0033193854411895,4.929453932584906,5.710790046813626,123
49,5.026357784859751,5.178708667148225,5.080259178680814,5.07241963571256,4.893270520982365,5.383752035640254,5.006439358675056,4.933937875759726,5.714373237036214,123
50,5.018178937639766,5.163879267986483,5.100545453865745,5.062399329153088,4.894790384948172,5.362094679437164,4.99995651644615,4.9352187721156096,5.711403884089369,123
51,5.010393788823389,5.151338492123715,5.115889632380088,5.059150761215508,4.889109501570049,5.324608545368068,5.002469757241195,4.93561237318346,5.713096203712268,123
52,4.998236114460112,5.149074282045721,5.140094184595789,5.061162720187334,4.872245261716809,5.29801789884959,5.0022907321775385,4.9316057456707645,5.725441342797347,123
53,4.985918552373059,5.1388331849620945,5.169046181446463,5.06450347259352,4.862009045594821,5.27276855131555,5.016291230052753,4.92300223752138,5.72340304682339,123
54,4.974147040908185,5.11249044524024,5.184071104094258,5.07099368731505,4.840269659173413,5.2468415035899465,5.018481336835136,4.910124486097139,5.731056026070379,123
55,4.960056295212901,5.085213489293166,5.195904214706234,5.09738381939705,4.8114222361915555,5.225266362291036,5.016275727167139,4.907186027641226,5.72213196472549,123
56,4.958218070478672,5.072899856515252,5.205412366898409,5.1220043877535275,4.789176295733905,5.20258295282336,5.015902769175644,4.916929678377847,5.726864142989406,123
57,4.964718490974155,5.062839783654407,5.218200487866456,5.138744679101615,4.768985893070635,5.176974652114896,5.016050385149167,4.925844186280024,5.729476179435685,123
58,4.9704315373164105,5.0635819345348825,5.215507328239368,5.162917459270052,4.759664662869959,5.158268539897143,5.03121562392942,4.936471429447406,5.723554303963158,123
59,4.974925590954465,5.063934527885751,5.215716187341776,5.183324336818895,4.765710375644822,5.1490225625900905,5.052809374030781,4.951229991075875,5.737686060214764,123
60,4.978834408592253,5.064598911147195,5.202980977538313,5.18879868233915,4.78618829446527,5.13811040047163,5.068721118626449,4.963403306571328,5.733950062984986,123
61,4.9828872383876375,5.065634078605656,5.183653900282621,5.198452147250533,4.796816796901477,5.135946259995258,5.076189385022937,4.9770222998603355,5.735335881194722,123
62,4.98923647944158,5.084018389220332,5.168990294055815,5.200813322626694,4.811955386087776,5.146397835288562,5.093553416204583,4.989697034081249,5.743540689021882,123
63,4.985905896862355,5.110780705012352,5.149239809617833,5.198818280804533,4.833285365058724,5.1549420718944585,5.108718357280591,4.998424740315137,5.741868960606453,123
64,4.991183246909161,5.134694494403469,5.131023678005083,5.196134519758749,4.856561743951218,5.174403998394872,5.107722629561234,4.994149831422588,5.739190709384888,123
65,4.99900112792117,5.173349554357631,5.107004806652682,5.195147925338566,4.887772249143901,5.1952231104895805,5.104766854811153,4.993465743867824,5.749594579973139,123
66,5.0033526642999275,5.193959562982028,5.081280347883819,5.189747451448893,4.89930242024148,5.213667308562752,5.099891909463841,4.997743659125493,5.750826203720051,123
67,5.008515816619879,5.212268098648713,5.066578309778097,5.185602843135863,4.911814283451381,5.231610749229018,5.086717330168475,5.0012996455882845,5.745958550185351,123
68,5.020682251168037,5.2295248102611795,5.068252178411658,5.188317687331795,4.9201982903055494,5.255598436646208,5.0781940104660706,5.004275073917435,5.747784291290953,123
69,5.037071533757606,5.239217251893335,5.070786720138212,5.193218269663391,4.935987443658351,5.268958011568836,5.075246819614317,5.00388265842166,5.761611435532025,123
70,5.05355269572145,5.2459090233452565,5.067637188136924,5.196857546359219,4.943550620824082,5.265777677514278,5.065925976326128,5.0068636977422525,5.7518044545014,123
71,5.075648561415127,5.242331743024655,5.073450671568871,5.199047713923595,4.943953986064923,5.263474632882162,5.058219049128338,5.014983589315766,5.757916595624476,123
72,5.090887022560659,5.223911296939898,5.084566704557821,5.201106591161083,4.948171810736197,5.250890804076577,5.062890782246114,5.019168214209987,5.761538373358991,123
73,5.105750811676591,5.184494494494261,5.1103939821133695,5.206920809105724,4.951545731999532,5.248182741024635,5.073239110154277,5.027203996701168,5.747466671671646,123
74,5.1215384547849885,5.152275775501613,5.135588879698618,5.218422476580097,4.972224198019816,5.236760030862918,5.078969575801809,5.024765836912762,5.759117459009479,123
75,5.13159881139784,5.124744480368608,5.147192949227228,5.239040902696905,4.987361752333991,5.231318155155592,5.080703390756896,5.015908437203473,5.7664015733304845,123
76,5.140392380670123,5.094543328786931,5.146359674468874,5.257978723793789,5.005064925141123,5.213753555000604,5.078205788489506,5.007863629366852,5.756469530205658,123
77,5.144516362457493,5.0742237323260015,5.147335813636452,5.270920892969533,5.026161812837218,5.188717314439696,5.071259560784475,5.00262210623352,5.763320524807904,123
78,5.135422539310422,5.044145680649658,5.15885590164516,5.2899215284738235,5.044909828425212,5.164921889186909,5.067828102806103,4.987709335049277,5.769083731848944,123
79,5.125938006932661,5.020981193916144,5.160778786416561,5.3051693536723965,5.064852322955559,5.136035764527206,5.071909909170517,4.965641867802552,5.763226258521365,123
80,5.105577846949018,5.008565255764472,5.159132931837825,5.323879471676901,5.069574595180037,5.104027957206511,5.076417889321179,4.94704218327875,5.772110229063861,123
81,5.085377861385631,5.014868489389444,5.146605400348446,5.338652238330681,5.069958139540518,5.068410294686053,5.085410767727834,4.933099808841662,5.770776942096838,123
82,5.065080293755821,5.0246574914490125,5.132887769926248,5.350308863016252,5.058128651969452,5.0412632820381384,5.099698228149263,4.926816013394997,5.771820095612289,123
83,5.054939856226175,5.042103893871859,5.125504633742555,5.347728525744739,5.048114693738089,5.008685750796982,5.117825477253656,4.933458314247031,5.776322413290742,123
84,5.0448003115894515,5.0626638401887325,5.121163322470591,5.336563549578839,5.0301419996218115,4.978164078944694,5.127460929420217,4.931234838519545,5.782871773875271,123
85,5.0326738571508844,5.0786424809346435,5.109816361045869,5.3201332220697415,5.015886705617602,4.956489514877362,5.149344230287161,4.924939504485192,5.785114499281438,123
86,5.03402740085073,5.112016010783331,5.093491130727847,5.30301368738083,5.014713652469093,4.939166476236143,5.175053804138555,4.925031551580991,5.7841807805449985,123
87,5.039175534472626,5.13556409509795,5.080908717917957,5.285185544306169,5.011795264510482,4.9241912762845255,5.182592143052584,4.9319054340748965,5.7888477366093465,123
88,5.0401681142255,5.150196423135474,5.064838002196313,5.269577439139674,5.011973071962793,4.912209603900715,5.184507952696619,4.936688279335355,5.791114663078779,123
89,5.035575618163963,5.1651807109833054,5.05149279292156,5.244782642717687,5.004798704604484,4.900157594660775,5.17809834287366,4.943346406266301,5.793055004853089,123
90,5.035523089489769,5.1751689321591305,5.040997553394877,5.219454091750755,5.01597703781627,4.895629597816161,5.164633713988302,4.950564716764953,5.794070956338655,123
91,5.040246769005522,5.174150787019667,5.025421630924128,5.190254449305009,5.034282580530187,4.900661833109016,5.154358323823666,4.951126005997972,5.789477881508977,123
92,5.033973884794159,5.155834897842078,5.009917952695119,5.167542661879798,5.058689050094244,4.909332778994836,5.145663281072288,4.959976395936951,5.7805295392005025,123
93,5.027470761217784,5.1357148328498115,5.004826288062905,5.158193657582321,5.075645949265391,4.928749986015767,5.125707640687376,4.966652183422655,5.7996665560443095,123
94,5.016735185127008,5.112049751777544,5.010362144236512,5.143897436727602,5.078204461708439,4.950232376589411,5.110389869537359,4.982426480138911,5.796412150585346,123
95,5.007655793732705,5.096854429703873,5.000533164630211,5.12518331578769,5.0793148139896065,4.970163467271078,5.098941657355194,4.996856022524906,5.796005277273701,123
96,5.022110523865797,5.086953480683997,4.996395952007008,5.103134253809547,5.086639828738667,5.0011995328591645,5.094468143532174,5.017372152231916,5.804936346255798,123
97,5.044102491105965,5.05818997687156,4.994905919496301,5.085986935706312,5.104230334943665,5.023653962956548,5.0931693267517515,5.03485611159923,5.799680464688753,123
98,5.063783427381444,5.027954955498428,4.993995973676554,5.060695461310958,5.110781068603067,5.041239081031207,5.0931434741098345,5.056214564664627,5.801062737743838,123
99,5.071238026454961,5.00115924320923,4.998865412781741,5.03818897475254,5.110474832860771,5.0546746132214695,5.090377199668444,5.075709854585815,5.804494212362043,123
100,5.104095132464154,4.98538387360715,5.008320329013127,5.019734247254197,5.104690137657592,5.061968899680272,5.08796060084152,5.104202945221545,5.809101391258836,123
101,5.140441715521444,4.977224860199305,5.010796138488301,4.999343667961583,5.102959098951945,5.059021323222143,5.086736118652361,5.144198567271294,5.806735301632907,123
102,5.185480266768445,4.960026990199737,5.004836346760787,4.975044776725849,5.109037691341073,5.05549316484331,5.08713808112361,5.175937627421259,5.8108791306652785,123
103,5.227389165524929,4.94933563632135,5.014098572010474,4.9595700841588215,5.115667901486312,5.060339633356296,5.0869423759193895,5.201119923728355,5.809103896147796,123
104,5.252542958265135,4.939145418298965,5.012060734715249,4.946766200918635,5.131788081672256,5.04655517986565,5.077081236153286,5.226579089726644,5.797350570779481,123
105,5.270297607055689,4.94197116097371,5.015047650019326,4.935206154027427,5.142552315620072,5.045270478907368,5.074891168204229,5.250349676111245,5.805882607505101,123
106,5.282564140718412,4.9461695137350405,5.018235378627958,4.938793648250009,5.144077408482975,5.035707201096815,5.079759259148382,5.2659505016639105,5.809888429663859,123
107,5.301243621166229,4.942769787295902,5.018290049826392,4.95575826490809,5.139452496392144,5.023847873667201,5.089841827808268,5.278742506572458,5.81604453876425,123
108,5.306771390864521,4.961062693088563,5.022491727767602,4.975468583581994,5.142576029881605,5.029970695988837,5.108757914112153,5.274799808478895,5.812011327554974,123
109,5.321767410367774,4.979942973920588,5.025605135514496,4.99761460579139,5.1468322717554855,5.035953281454727,5.12358730373085,5.266092248649618,5.8134389063053735,123
110,5.333089030132047,5.010309651320295,5.042015391453254,5.025108539450779,5.164286967802803,5.0444613904228515,5.134702750851304,5.257922107212632,5.823799463005509,123
111,5.340451612199909,5.028451817229713,5.069740295693039,5.048723705594482,5.177499715100237,5.050109180656057,5.150777297733752,5.251766551019121,5.818609779862161,123
112,5.346824225643394,5.053129700608117,5.104690737941574,5.069957682632246,5.179850141156073,5.064384182215729,5.168842790989347,5.240716454381161,5.818121904819308,123
113,5.358114219711432,5.067318461773986,5.132920840684327,5.098137884971292,5.176121433062797,5.074702107080738,5.1880675639659115,5.226229057594132,5.827713525505239,123
114,5.369277955536003,5.08013996499382,5.156806814834004,5.123637188959114,5.178473195485162,5.090586227848133,5.1949985754226295,5.212660900615864,5.822241638996416,123
115,5.369093338449365,5.09704212066509,5.183990093632678,5.137701137693636,5.178152521501043,5.1043673088655455,5.203797571481326,5.195693202033396,5.82447464019377,123
116,5.371818361853939,5.104300130856121,5.1957300959757955,5.150385355707011,5.174840895892154,5.107451731083649,5.212195996221911,5.180765255527216,5.827015488357564,123
117,5.370917776878683,5.100575752447729,5.2154951548065,5.153339359147923,5.165452626994561,5.104148439316739,5.220437502037291,5.166661313251339,5.825632408637203,123
118,5.349904626543647,5.088604723843038,5.219290593566596,5.165807451563756,5.142048550878426,5.096429868531458,5.226661086331872,5.149793470785552,5.833506384677238,123
119,5.338408034613675,5.07623001442851,5.2088085273205085,5.186587512791877,5.118386753223255,5.100557416322986,5.228304322740761,5.132711084903121,5.825008281271239,123
120,4.667930762948675,4.43188443856396,4.552270559187964,4.545630928482539,4.465925258114067,4.464419387559428,4.580052992493842,4.484712222577489,5.837107944012542,123
121,3.9942805718725345,3.79514314712335,3.8951422837342156,3.8999978387069962,3.8227564116362167,3.825136382345164,3.922575107530095,3.838067191795537,5.83147807552099,123
122,3.323668010101665,3.1621047580627284,3.2436864044918057,3.251350742345031,3.1793236375177987,3.185147690763684,3.27337087503218,3.1928564065620115,5.8312467286444765,123
123,2.5753473555954836,2.559491704920885,2.510026145713761,2.574044130198243,2.5539638277840817,2.5865074695344834,2.5974480057177884,2.551918793549775,5.835523360365623,123
124,2.716296905786372,2.7050758127319354,2.6484750046165324,2.7160901413925043,2.6964205812164375,2.7296626640554296,2.736374094399265,2.692060110578127,5.827570240259114,123
125,2.8565455232847983,2.849059015566911,2.786009902875109,2.856973434564596,2.8388477088043635,2.872061040855158,2.874093477558198,2.8318833982666316,5.840827357419795,123
126,2.997833475278032,2.992004336674869,2.923653750167848,2.9973484979951666,2.981292551724398,3.0154080632307494,3.0112897620840977,2.9721832518679925,5.835668589636796,123
127,3.138124691651946,3.1353496547930493,3.0611775426760772,3.1365888046687767,3.123472593269556,3.1590931730412235,3.1509787225939205,3.112797524883324,5.84142283147516,123
128,3.2781815249582045,3.2785714663456265,3.1986768210343333,3.2768252350305964,3.264233392356428,3.3029463841662605,3.290082807784091,3.252884768058425,5.841120691426532,123
129,3.4172791887671967,3.421636290449192,3.3379162114372516,3.4165729705222456,3.4055947733150536,3.446076422207806,3.4292073461781376,3.3924691582892983,5.840228091663475,123
130,3.5561012515197756,3.5639090559678346,3.478580356165933,3.5565873224104467,3.547199011129843,3.589221480621018,3.5688297290862723,3.531909090182776,5.839127018537755,123
131,3.694672535036597,3.7058038967507616,3.618438586736425,3.698250033873829,3.688805791579058,3.7336019396942417,3.7102014039172753,3.67215184421866,5.83873020579844,123
132,3.8340680915495113,3.847623953028166,3.7577399629554438,3.8414903334141846,3.8311300232916787,3.877792329558817,3.8508882722321065,3.8119217175938322,5.843974511875359,123
133,3.9715983439720484,3.988850633448762,3.896997873885782,3.983604349711537,3.9730052493591055,4.022525345539204,3.991878414606041,3.952786910799801,5.8572806655167335,123
134,4.109231405831041,4.129961803495007,4.036143343236584,4.125457320885042,4.113839412033833,4.165741697494811,4.132961028091417,4.094102116137287,5.851812723532053,123
135,4.247599691788519,4.272209165129052,4.176503767979488,4.266835086727233,4.253668994840362,4.3089388632530845,4.274191573460512,4.2353594279980324,5.8441897417425555,123
136,4.384757834982041,4.414063524831556,4.317321386496452,4.407700192003116,4.3935391577361464,4.450446518711186,4.4153689109647525,4.3771352369994165,5.852154544707861,123
137,4.5233722128254445,4.55590293799019,4.458310735786018,4.548405589866192,4.533279694064137,4.592614517535246,4.55555553616265,4.518970804333879,5.850535348369508,123
138,4.663379260961606,4.6982361634324885,4.600533828266869,4.690125551093384,4.6752194098600475,4.735576194923474,4.697260099706531,4.6608788312426235,5.852046427813376,123
139,4.802077789171584,4.840668007170155,4.742424902715398,4.831732001261892,4.817079450988571,4.877132080826308,4.839350182610066,4.805136546474626,5.859769762346394,123
140,4.94104977744821,4.983025459202176,4.883575559573641,4.974384904602415,4.958427183076132,5.017650273960662,4.982476639288304,4.94800649104923,5.85737842524899,123
141,5.08216617014333,5.125359381680354,5.0240113657985495,5.117146050580724,5.098482249004006,5.1565408784886335,5.125723791979467,5.089513924717824,5.859401812515822,123
142,5.0748455890355535,5.126367566363742,5.020724792151688,5.113583471208631,5.098672619184592,5.152752270426984,5.122842681864615,5.0905295062758125,5.863398173222396,123
143,5.067441824561932,5.1279794158838135,5.018744122531149,5.111470119668791,5.095714939707583,5.148083339940541,5.120362594291333,5.088869525049783,5.849414767431427,123
144,5.062357469934215,5.1285383210548705,5.017891762944778,5.10992329564484,5.091883307307114,5.141382695398196,5.1154553693207365,5.087216922346833,5.8569930692853935,123
145,5.057116348510949,5.1300158091284676,5.018553609570716,5.105379977595221,5.087825788574398,5.136098217853569,5.112419147068718,5.084439650892556,5.852818322554222,123
146,5.0537669819900355,5.131427951348555,5.020020436846176,5.104539240894055,5.0843626215204285,5.130708008082469,5.110581259618444,5.082693168323701,5.861085581998974,123
147,5.052912956117423,5.131709295268336,5.021952279281565,5.10515446898872,5.079878545110863,5.1247079350341735,5.106183967624917,5.079496029685658,5.860810315114341,123
148,5.051140765396063,5.1336170688660605,5.022402110272192,5.106813324140795,5.077401887092732,5.1178277760940905,5.1020014488221115,5.077524850565505,5.855783209917631,123
149,5.050431873730172,5.134913673486402,5.021366469391353,5.1073312699980615,5.0755743582614254,5.110937479886752,5.097836993314744,5.076137848699595,5.865235072539123,123
150,5.049589639800093,5.13496579151798,5.017969077885452,5.10677572299595,5.073939982261752,5.103572426112564,5.093828832130447,5.074879417083166,5.858229700735521,123
151,5.049389825911721,5.131752071787931,5.015669339398588,5.106304397253786,5.07076579415328,5.097048054267847,5.088032724936307,5.077565438085067,5.8754178579631535,123
152,5.049515230035752,5.130598224712429,5.015423523692217,5.106145118128259,5.069396880771541,5.090991676411531,5.08427930476522,5.080926616465484,5.8617989058229645,123
153,5.050243326550934,5.130797076814421,5.014022903115141,5.104254498767281,5.068604018818812,5.0828582260685184,5.079405518806796,5.083286898039278,5.876157321114212,123
154,5.050516096443326,5.13242403645529,5.013388452065245,5.104172720329226,5.066755254306601,5.074367706645187,5.075396148034947,5.084184073703875,5.873384079206412,123
155,5.051085441877028,5.1350388836466845,5.014080605185966,5.104755741206063,5.064821100555024,5.068074165360568,5.070991934951164,5.085056257649894,5.876930483983002,123
156,5.050517867476627,5.13777907722766,5.013787994539704,5.107125415029421,5.061838430922229,5.059852689360543,5.068367588009735,5.084286157717991,5.879879398725187,123
157,5.049095886711731,5.137944910845,5.013968228850509,5.110793891945999,5.05965726949417,5.051519552899864,5.063581409105141,5.082664066242788,5.871929160205852,123
158,5.047121291487025,5.137147537379135,5.013935526165849,5.110520206024432,5.06005464680069,5.042004080975293,5.060782249936584,5.081848619325665,5.8667598818917845,123
159,5.04631832173474,5.135643574273654,5.014895350654951,5.109353645950181,5.059172626997994,5.034036800579136,5.061105041119673,5.081614490891468,5.872152922528334,123
160,5.046119127162285,5.132200612479805,5.015480336539474,5.107970521339407,5.058166796170882,5.027427515912281,5.0613471579547475,5.081606113087154,5.875448150060123,123
161,5.047526042369999,5.130707514792354,5.016791826250272,5.1071972614432095,5.056553172709769,5.021773178522637,5.06194856971527,5.082493548496965,5.892240830171752,123
162,5.050094397373826,5.129828160201508,5.020360097224787,5.106438958398208,5.055571034267729,5.016120965154342,5.0628990632073165,5.083141413165972,5.874582685491017,123
163,5.053884358314726,5.128324817648998,5.024045206317713,5.106090860264318,5.0542253537505,5.0088932801460775,5.061166654578213,5.083282470463766,5.890885175969754,123
164,5.058994860137637,5.125656538112716,5.026870208296641,5.10534742641769,5.05494663706358,5.002047145661346,5.060485241416762,5.083234755252978,5.881188326041814,123
165,5.064933639978767,5.1226008405209305,5.027411847584556,5.10530786108957,5.053140341803962,4.995407987973097,5.061363101072642,5.085390238653643,5.8814163214947435,123
166,5.070299393213064,5.119556894369802,5.026801124773355,5.105307345295589,5.050599953374105,4.9907438652391125,5.060807066361967,5.08805139387625,5.878529178540797,123
167,5.075748789815703,5.116162199060149,5.027922794121277,5.102470700873604,5.047927203942145,4.984547278981214,5.058441261904984,5.088900284384625,5.890757997730024,123
168,5.079869684632145,5.112683369738335,5.030126111938888,5.0998160957541865,5.044868638997279,4.979397243139608,5.057362786922261,5.089620331883248,5.884708163346088,123
169,5.085990534639428,5.110693432840431,5.031803892075017,5.097844980547862,5.04268686430883,4.973768042464753,5.057408834105599,5.088564864976197,5.89166241327002,123
170,5.091033584963796,5.107503091549235,5.033113117071039,5.096522234715803,5.042426319819129,4.971098100390097,5.059253722385666,5.08679904192449,5.885007972739244,123
171,5.093827755913899,5.104320751294715,5.035964667753916,5.096274876627761,5.042675467893911,4.968152133114168,5.060266966477076,5.085587914195181,5.887112869923073,123
172,5.098126980915111,5.1015029076187615,5.0379868013879765,5.096614491368495,5.043242597841913,4.966915641220503,5.061236783384858,5.08411736458724,5.888512835734018,123
173,5.099542220536912,5.0984168916326675,5.038891555589979,5.0972220583175405,5.043125649474813,4.963240940404568,5.065170494158031,5.083004181989941,5.889490682318362,123
174,5.100899083716563,5.0948577549272756,5.039734695842068,5.097102024025419,5.042161543918948,4.958525271449007,5.066838411482146,5.081758777615034,5.8926616341937565,123
175,5.104177923168976,5.090455665255641,5.040541976753532,5.097314361384118,5.039720611372127,4.954574530456597,5.0688433238988395,5.080513312138186,5.8922586298954664,123
176,5.107391323965757,5.085709765672906,5.043557817625995,5.096297146640551,5.037834645076754,4.949759906324621,5.0698287031465785,5.080907828080399,5.894475119258595,123
177,5.109203289593067,5.08095115319371,5.046916816461369,5.095046557990793,5.036485314839641,4.946025777911384,5.069470188517249,5.082526274178789,5.907306304307874,123
178,5.112127047851612,5.076641329161178,5.049985612356375,5.094096576671056,5.0363652858763635,4.943865271715898,5.070178449083012,5.082997266924304,5.896945409595024,123
179,5.1150811730592025,5.070526310082065,5.053057595766201,5.0939821787434205,5.0378865393679835,4.944184550373783,5.072064584869523,5.08449144868988,5.906741210161938,123
180,5.117349203682778,5.064064435135407,5.0537337371809095,5.092220713379689,5.0405283288590255,4.945437030774518,5.076701044370349,5.084364938248301,5.901971717372526,123
181,5.120851752538638,5.058528816144923,5.053873729539854,5.094342591150383,5.0422774697006325,4.948677434243494,5.080337153666992,5.08546710126839,5.898348858342524,123
182,5.124743852635932,5.0535257518087775,5.054132828567642,5.093138372643939,5.044147019020267,4.95213091534754,5.08503675712447,5.0856116387545685,5.8973016541071805,123
183,5.126993272186988,5.0467537955876605,5.054762652991897,5.091920197393384,5.046714903508978,4.957434060417624,5.090160394733459,5.086687826269079,5.903138008080314,123
184,5.129477597951757,5.040624985453062,5.057784570007917,5.090346898935871,5.048760779020617,4.963329663748689,5.093004507799293,5.0856069087519264,5.900346153438263,123
185,5.131818181433278,5.03464735476488,5.05985365121215,5.090162324134039,5.051545766441762,4.967759736793186,5.0968571353300876,5.084590047462261,5.898518749769475,123
186,5.133743707857732,5.02786165386021,5.064785107778432,5.090716982871017,5.053988587656904,4.974599124716237,5.100767922546998,5.08366191124399,5.909846315049354,123
187,5.1368447207227845,5.021407662830201,5.068764004418851,5.089188425975996,5.056454864303943,4.980752346670129,5.105079299000872,5.081092409365853,5.9097713633690745,123
188,5.139435711629323,5.014506289632909,5.073013717468573,5.086832590538592,5.057488756150272,4.984894090129182,5.109835058735069,5.07896549206232,5.903697207431065,123
189,5.141109064738195,5.004135666875939,5.077118250009873,5.086162454720123,5.058070804622941,4.988695925685964,5.1132832199420015,5.077274842686749,5.9026021810352844,123
190,5.142731011736642,4.992247007746402,5.079466417534345,5.084563643588461,5.058440740352266,4.992518281502674,5.116546156825141,5.07752219205239,5.907968094297757,123
191,5.14421801412556,4.980142948145861,5.079577193389838,5.084616247462307,5.060159199125609,4.996343957352785,5.121120273711879,5.077582129106146,5.905021077241746,123
192,5.148007970063359,4.968640441533146,5.081052489128024,5.083069135618487,5.061655788190345,5.001475312788031,5.125060871986131,5.079410810403294,5.914590123481232,123
193,5.150811758771638,4.959765777842746,5.082482993372678,5.081324786534936,5.061057147449979,5.007927562198271,5.129778808618594,5.081056942899975,5.910204500918555,123
194,5.154788106215101,4.951001707123904,5.084437151384283,5.082949341325311,5.058978494305247,5.014489481583899,5.132844236380084,5.084102042818856,5.905631184449988,123
195,5.15605486862683,4.944484406417029,5.084550874257216,5.085047252517631,5.057735883353045,5.020421817866776,5.135912767074243,5.084255015214788,5.902069009481719,123
196,5.156853142000072,4.941396598013893,5.085765407931076,5.0877226096178285,5.056970278139265,5.027703728345703,5.138130706788758,5.084661140523803,5.909397622364072,123
197,5.156782907407104,4.937000295304232,5.0879389876389025,5.090429069092758,5.056171739807846,5.036600479742277,5.140786467115429,5.085146069298191,5.908521320749903,123
198,5.15397319297181,4.932373726048329,5.089129745126403,5.093686988094812,5.054310312938007,5.046001532882983,5.143745112886476,5.085897556963388,5.912425080439779,123
199,5.152165640325899,4.927528335283245,5.090439541895718,5.097007571544209,5.0538871321904,5.0563023770613,5.1461551853793495,5.087885646641923,5.90698276909584,123
200,5.149882625243424,4.924056973534313,5.091598607644396,5.098618897368851,5.052618094714447,5.065680319080018,5.148589337328298,5.0899976686995,5.909965467070947,123
201,5.14746895446497,4.923018945483903,5.09253857742307,5.100078190702427,5.053744291849178,5.073890954157269,5.150542183224813,5.090189027339687,5.926106193766779,123
202,5.1462509868517206,4.922018979428167,5.094429933027238,5.1011314663257,5.055930046995916,5.080005216411819,5.153912444221434,5.090959404148476,5.915781005696449,123
203,5.1447498593873355,4.921544091719628,5.095258087170905,5.103738042330253,5.058210007210858,5.0864806998728405,5.15784205977878,5.092910922564088,5.920229947528706,123
204,5.142779588787605,4.920900005741098,5.095663731916362,5.104309727557157,5.061015756490347,5.0910272207494085,5.160314431553434,5.095602636410813,5.923991719695349,123
205,5.140283721818951,4.920551440919774,5.096666987219376,5.104837443228275,5.063946683004937,5.094377790901676,5.161612659200232,5.099697738651891,5.917116256528814,123
206,5.138646563759613,4.9215097957942975,5.099468480213294,5.103571911503418,5.065033454786689,5.097919895754497,5.1627209294413925,5.10329979408314,5.913629516152999,123
207,5.138218984213115,4.922904100410628,5.099319938778676,5.100904404745233,5.066396717759382,5.100979655988807,5.163533878600315,5.107115155677791,5.914412257803708,123
208,5.135505225806397,4.924110450325027,5.0994467602379885,5.097084115539358,5.067847478226799,5.102745074190324,5.164609551415515,5.110062645270963,5.917896905708823,123
209,5.134874331970009,4.925302215328646,5.101343681071253,5.0924363279329645,5.069970344063945,5.10693709405137,5.163258376123375,5.112817555938054,5.916157156309307,123
210,5.132103674653662,4.9279629611813505,5.101500177180332,5.087994948178407,5.070844066342749,5.1104411321414425,5.161847040137822,5.11529107733563,5.930867918511523,123
211,5.129233031101069,4.931435923069751,5.102616778904339,5.084545282068721,5.074063551627919,5.116104524381159,5.159208193343153,5.115948562819026,5.925889156954566,123
212,5.126256583687431,4.935061878346845,5.101425583822918,5.081314984108127,5.077529596624641,5.123839419569733,5.157239719687066,5.1160128354985375,5.92949099164887,123
213,5.1228844214399585,4.939173718342765,5.101287601482065,5.0782506456790255,5.081778149239582,5.132970348049351,5.154612778917525,5.116928328511738,5.930409719047987,123
214,5.118026979523091,4.940319108021882,5.101007650588656,5.076305763864711,5.083860238168298,5.1405982189142785,5.151608306559417,5.117859075372262,5.923145575238752,123
215,5.1139393239639235,4.94419510271946,5.0999023942033075,5.075754780432707,5.086615422284293,5.145692499125069,5.1485127136766025,5.117555784099096,5.920296741842382,123
216,5.109721241635858,4.947929858206779,5.099476876013325,5.076613898873173,5.089623461523782,5.151639039238056,5.145837560772165,5.118428378264959,5.930794792899325,123
217,5.106708200724261,4.951742929342762,5.098436452337717,5.076925785030395,5.092643813532378,5.152618267915466,5.143563941867656,5.1184091828376275,5.921320841842499,123
218,5.103095705769933,4.9556124469724985,5.097597235501867,5.079511721066177,5.096291526270999,5.153476245989988,5.139232490947405,5.119598990572837,5.925302052964131,123
219,5.099605293276265,4.960989528453335,5.098523564449589,5.081662267051657,5.099086163299808,5.152734372468199,5.136282424385894,5.120991598525032,5.928720004972381,123
220,5.0969958704972225,4.965483270193017,5.098688262646151,5.082535888757076,5.100757221786077,5.152833786928813,5.135190147700577,5.12275064934838,5.9271932767694695,123
221,5.094900605270654,4.970184998031296,5.099587194053106,5.081143845988914,5.1002609880176255,5.155323851708138,5.131306019210994,5.124613886301103,5.927713509301104,123
222,5.091738797529587,4.974691957522647,5.100390747769069,5.080491869868714,5.098678493699838,5.15671386189561,5.1274210740365085,5.12702904268102,5.929565598755369,123
223,5.086947267857546,4.977833366364268,5.1031705873214275,5.081627811613078,5.09830331617925,5.157267173117862,5.125148514860904,5.1293719324077545,5.933073655506527,123
224,5.083228962688965,4.979328415415849,5.104553562256147,5.0839272313347035,5.098511686390401,5.159448979054576,5.122842661039894,5.132483505528503,5.935905943837956,123
225,5.078918678424408,4.981699615464024,5.106562885529298,5.08575435806095,5.099366489479145,5.16286400138334,5.12233866570522,5.135006754971846,5.928006533751994,123
226,5.074478299277114,4.9841006013198506,5.1092134227078825,5.087362001832937,5.099575134518765,5.165104966832732,5.120895451707525,5.137942776901333,5.940915736214689,123
227,5.070083244379279,4.986252176265988,5.112864409862505,5.087274947887993,5.098768972813202,5.166500046741099,5.117911898031698,5.140274015984387,5.932777326489218,123
228,5.064706352732058,4.988056320694077,5.116761348764497,5.087782496697926,5.098227379683802,5.166717575449454,5.114455756472481,5.141404133416707,5.936417358288019,123
229,5.061980793679044,4.989268733337386,5.120560622060781,5.087078504985557,5.098871463884818,5.166895568930712,5.111477551826777,5.142373455354158,5.931653502613041,123
230,5.059442568718341,4.991204183610831,5.123558799219506,5.084838234507578,5.099340032026613,5.1659406224435465,5.109363073506387,5.142167725870081,5.9336345142956946,123
231,5.058765875070163,4.991253019999462,5.126428232466623,5.081983439517533,5.099706440081342,5.163140271456415,5.107399882772748,5.143694676213425,5.930413048344284,123
232,5.056632134723407,4.98926177072987,5.128498823415579,5.0788483899769545,5.101132335716693,5.160178811774764,5.107674534969046,5.14558319480054,5.936747311610778,123
233,5.054160626413655,4.988511675266239,5.128747506936488,5.076596224261124,5.103678006332251,5.15564809471233,5.108414257040869,5.147704851034094,5.937279572036335,123
234,5.0518848657702495,4.9885554344112375,5.128139046033143,5.075562737041438,5.107300219991707,5.150584563240943,5.109269701290674,5.149065606673544,5.938033032007452,123
235,5.048220846035516,4.989673647147175,5.127388597187074,5.075084946324674,5.10999420981013,5.1451043804557415,5.111137902286882,5.148654924121612,5.935674940944881,123
236,5.043856110086786,4.990873375195788,5.127274978833649,5.075540038719804,5.112729511125427,5.141027260081273,5.112928212243424,5.148048469559477,5.941385991686219,123
237,5.039128863092644,4.990599462728753,5.126752176965972,5.075602113758993,5.114883699712791,5.138007701734216,5.112944492951383,5.148661071779069,5.943532570976197,123
238,5.035046890579785,4.991199890224431,5.125436708054338,5.076789314338925,5.115942909262497,5.13513697173793,5.111969655833764,5.148316178648697,5.935572281020429,123
239,5.029936522385617,4.992225751311877,5.125687516139462,5.07723580040822,5.116817527673871,5.132736191996453,5.110828478986857,5.14859100246898,5.945093904619236,123
240,5.026030594941449,4.993278307840719,5.12719524743488,5.077894115324832,5.116053689075868,5.130055510191233,5.109847675926723,5.148389300192403,5.9444860376946895,123
241,5.023152527449719,4.993548602567272,5.1285325257406065,5.07891906555533,5.114890371791466,5.12763921661133,5.109372930389096,5.146637571577029,5.944096663910856,123
242,5.0209970929357794,4.994112424657272,5.128465190485553,5.0810755566401,5.116003224116572,5.1233817448846075,5.107534436425259,5.145896720946734,5.949394193164473,123
243,5.0175265052317535,4.994063356561428,5.128593132985487,5.083271826978121,5.117125402923644,5.120815729369873,5.106211744600903,5.143945557287634,5.9563590202029895,123
244,5.017164796743783,4.994469175506795,5.129064307241499,5.08660512461035,5.119501996085157,5.120950161133804,5.104470479252327,5.14309234248267,5.9477978312253805,123
245,5.016573339582223,4.995758935431316,5.12910225689027,5.091684104714604,5.122032339197604,5.119940766452491,5.102558520745229,5.141080769379025,5.947737786006811,123
246,5.016832843406846,4.996354785035511,5.130163914946102,5.095738006959412,5.124061477232827,5.1198536439247295,5.101146894136626,5.139850278073721,5.943055176133713,123
247,5.017115504625548,4.997191993579397,5.129628025410155,5.0990342509854365,5.126060007431943,5.117715259022946,5.09996478910881,5.137031338528323,5.943165766844996,123
248,5.017935551601861,4.9992925269368715,5.129066371087407,5.102110206921687,5.128022462349394,5.114667925286316,5.0981761480040735,5.1343114434067605,5.940236924173119,123
249,5.018422428916288,4.999660803748222,5.12808491188941,5.104208353579941,5.129906730526862,5.110249139969861,5.098182342682975,5.132030546576971,5.957089976995062,123
250,5.018308081119429,5.00146125304373,5.126366223920568,5.105692191635528,5.133339344690675,5.106538857867999,5.09798892077697,5.129376327550081,5.955314952810491,123
251,5.017971262188398,5.001878793791196,5.125821028915149,5.1050298296089505,5.1369843505699375,5.103093302102546,5.097510677707646,5.128415418433362,5.952857402146012,123
252,5.017509566777988,5.003683610161881,5.125169687852315,5.103765874391883,5.140327878100825,5.0984069703562005,5.095554345619869,5.128790955629074,5.95813103109791,123
253,5.015553864521312,5.00565547641852,5.125504361843387,5.102005836579527,5.143016387886857,5.096094781795976,5.092428243421432,5.129825715315917,5.950491503191859,123
254,5.015446316225106,5.007572730499334,5.126075220833682,5.098869170042736,5.145921471608347,5.0953763560554926,5.090116669661099,5.129108018675229,5.9459659261210875,123
255,5.014393965290234,5.009382772897897,5.125781646439757,5.095407470481849,5.148381936230053,5.095079511141636,5.087091213202608,5.12743801637726,5.956236383828141,123
256,5.012677530530285,5.011045239591109,5.123825274833777,5.092213757521377,5.15080961371038,5.093848497226075,5.08412053022902,5.126382177315405,5.951852766157293,123
257,5.01087234865226,5.012503530124846,5.122634447129586,5.089975058893625,5.155458263760057,5.091073571108641,5.081983379254336,5.124538559691414,5.9560750908693585,123
258,5.00903358116452,5.013507466717024,5.121040422699043,5.0867185351893855,5.160375700222112,5.088464592815679,5.080261904670895,5.122403325242992,5.952636900533935,123
259,5.005568928349435,5.016386222568596,5.118836496541897,5.083173709908403,5.16508196614837,5.0855313510573525,5.077531870575422,5.12086386321822,5.957835918982457,123
260,5.003158907264099,5.021345537704942,5.11711363085421,5.080936459798031,5.1692426249976835,5.082217296528589,5.075544880126823,5.118422368255495,5.965917529551013,123
261,5.00105377397348,5.0268169284635436,5.115166248958655,5.078726253668961,5.173517465352332,5.077526098395783,5.074312176631629,5.1168508173315725,5.955636066488974,123
262,4.999227594054615,5.033245790542237,5.113531449573025,5.076324747522969,5.177579952484022,5.073896217595754,5.074717631118247,5.113994829596832,5.950416309391494,123
263,4.998206498026484,5.038987540594695,5.11216981067062,5.074966567000694,5.182250509645559,5.069979161866444,5.076378912028996,5.111249250575472,5.962821081811425,123
264,4.997380829454723,5.04451503214905,5.109781966895677,5.073838071827042,5.185382787657988,5.0672691584693546,5.079257261799692,5.109084046636696,5.949968700325198,123
265,4.995817258475892,5.050157961275556,5.1070652255640265,5.073620619161086,5.18850195431376,5.063571469075422,5.0806520080363935,5.107374150944395,5.953961319781782,123
266,4.993936077006483,5.0553922563842,5.104708481585478,5.073159859329051,5.192110264627809,5.061728866249588,5.0830644023552205,5.105413940690086,5.960682886407448,123
267,4.993320446169572,5.060730762930731,5.103097623005116,5.073079879616486,5.196331297030042,5.061051716316025,5.084983949504955,5.103860032342556,5.963539049533286,123
268,4.994326762933661,5.064519889173358,5.101811371502082,5.072885724008939,5.200405317474601,5.059479747007473,5.08511587353958,5.100839179534381,5.962712199291053,123
269,4.995761179417195,5.068361435293613,5.101401850961441,5.072653231045599,5.203209669564162,5.058029215007771,5.084188398311581,5.096523534744956,5.9538975568615635,123
270,4.997608321455413,5.072509225133917,5.10109832130532,5.070879042181735,5.205156541693841,5.056935850974438,5.083172977572783,5.091786244634476,5.955335270980653,123
271,5.000194394179925,5.076382466632716,5.100107355255573,5.0702197600412875,5.207451528508555,5.057621379269948,5.081075575784867,5.087723564602102,5.967231899903899,123
272,5.002666401864341,5.079957860330563,5.099236205385665,5.070128189869823,5.20933269259012,5.056628135122351,5.0790634225977165,5.084362274543398,5.964833997352157,123
273,5.006002146476087,5.08189497379125,5.1001680636288835,5.0699205355058385,5.210396804351511,5.0567455405438,5.077839295868486,5.080981758942568,5.969293289220618,123
274,5.008586762276698,5.083093473958146,5.101309577985312,5.0685670155689415,5.211573413471982,5.056519787546983,5.076431181452033,5.077380792724711,5.961337637879574,123
275,5.012348661159717,5.0833457485637155,5.100679722746044,5.067411512058202,5.212104970563896,5.055730472279633,5.07490508862791,5.072594546337589,5.954568888573024,123
276,5.016219596332817,5.08488593121511,5.097943579301408,5.066888832045583,5.212930333088577,5.056201559880537,5.0747013725637204,5.06912096373697,5.962120297570547,123
277,5.019485010219906,5.085880397183281,5.095154215589682,5.06595758865396,5.2143734273946905,5.0581559628295025,5.073154153735076,5.068219996531983,5.962979414756536,123
278,5.022751652682999,5.086698206119115,5.0934311799773155,5.066495518308535,5.214493567105667,5.059412190797062,5.070937426934751,5.067837100314865,5.96127170998913,123
279,5.029165197334812,5.086482624956129,5.09158468328274,5.067996285912516,5.214134522148855,5.059871008820882,5.068398246203877,5.067548382240332,5.960974217391664,123
280,5.035455346892663,5.086692669257092,5.089762934129265,5.068858355375534,5.211086855646204,5.059756587971613,5.0668438168743215,5.0668522671889376,5.970770739450375,123
281,5.04155142951403,5.085637708810477,5.087944051504581,5.068337744207055,5.207179644057739,5.060991120950218,5.06650849424056,5.067597494303478,5.9660590026593034,123
282,5.04914983837889,5.083918738674828,5.087218865931435,5.067992131805728,5.202809594344471,5.062120788601563,5.065783804463637,5.068546861833349,5.972521338077971,123
283,5.054872335445607,5.08202219053701,5.086957814971581,5.067072444533014,5.198186910157315,5.063197039186922,5.064880098959801,5.070614189166879,5.969128862282745,123
284,5.059246973613442,5.080292595146456,5.087423472741579,5.067201109966248,5.1933625179447604,5.065380477774111,5.06416101490794,5.072268629681039,5.967758304237803,123
285,5.063737262031469,5.0792436516832025,5.086642206148419,5.067145015126458,5.189128704111438,5.067834641116452,5.0643662962150655,5.073285319224249,5.974361991541673,123
286,5.0700926094371805,5.078889712360846,5.086564187697364,5.067566514480013,5.184732877916771,5.06936717540782,5.063828597484951,5.076457693866644,5.9724243842952776,123
287,5.076316245050093,5.0785033399826585,5.0865199058890695,5.0685391255906715,5.179126720080863,5.070656430706659,5.063448511305367,5.078921246992832,5.965555741540744,123
288,5.082654508820329,5.078237857589606,5.087441339337499,5.06962762367459,5.174021555502247,5.073278742468471,5.0638360255847985,5.080039252139416,5.979004902056062,123
289,5.089330639143633,5.076475293487598,5.088213087427901,5.0714702177456505,5.169056183857515,5.075350236478515,5.065322090170643,5.0813377794760655,5.966192033625068,123
290,5.0945613439813435,5.075304414531569,5.088151039785977,5.074092708701014,5.163914484471717,5.074702173912647,5.067846144542085,5.082998043407732,5.9631066211235435,123
291,5.100454684960721,5.0739852144860205,5.088792773834566,5.076815172598494,5.15926045021609,5.074893954065149,5.070896311539478,5.086043094245408,5.967257317123573,123
292,5.108419897020754,5.07248685368848,5.090703548182655,5.07969049276781,5.156007369048205,5.074067892135517,5.073241408699445,5.087058450486596,5.974363039935067,123
293,5.115195928308765,5.070698096700616,5.091355562426544,5.082111622354855,5.1513678681807615,5.074758391749238,5.075256223937553,5.088870425249029,5.976704047448479,123
294,5.123801840238949,5.0688491052044675,5.09182840067102,5.084865351928389,5.147648310993911,5.075302582871055,5.077109650161567,5.090144136494034,5.976553380720859,123
295,5.134307504157513,5.067766697828912,5.090874515663128,5.087711781072636,5.143901984414192,5.076861818900571,5.079182920121655,5.091322600929118,5.962447527029423,123
296,5.1421807476287285,5.065793405719397,5.09033455851936,5.0896695392647615,5.140680504243203,5.079307932902795,5.0802223998071625,5.0925467126526796,5.976748191136998,123
297,5.149617162529616,5.06421166260896,5.089401351990874,5.092083333362099,5.137403174756551,5.082673678668593,5.079963626040578,5.093059210037124,5.973114367501213,123
298,5.15760361505999,5.061994336906309,5.089384264250629,5.094688843041821,5.135919406682952,5.085740501380234,5.078502342406014,5.093985863697062,5.975196563422612,123
299,5.164679829041011,5.060687887088484,5.088927728253571,5.09699710511838,5.132895846626299,5.08881724083742,5.076230051962216,5.095149043824669,5.9802992061884055,123
300,5.171390990919538,5.059477525366959,5.089663089693399,5.099549929612406,5.131286797514825,5.091902983497155,5.073752769472059,5.09612340675408,5.96592012374825,123
301,5.176947252117568,5.057704739817364,5.091079025405154,5.101103607167628,5.12810293955449,5.095980842568563,5.072295311877459,5.096519042198662,5.974773321169513,123
302,5.18197446521822,5.056652020710675,5.091712498884648,5.103881598432874,5.124164142281014,5.099427821979207,5.0716049670777075,5.09652786348178,5.973592487046039,123
303,5.186360092439845,5.0550227831394725,5.0919094728901495,5.107760199893532,5.119165114874251,5.101320342272708,5.070608421232752,5.096861566135358,5.973037716082802,123
304,5.190843991457918,5.055029335085635,5.092652458135619,5.111085341221685,5.112059247593201,5.103497816321649,5.070646972380919,5.098734478661315,5.962031291753797,123
305,5.194767935166659,5.053977146678818,5.094502367119705,5.113951175042297,5.104732355403529,5.1053758494301,5.072379670879448,5.100096128247115,5.9828011970205335,123
306,5.198359261545221,5.0517762587070285,5.094607119112784,5.116339665001234,5.0979060461252415,5.106087576245779,5.073336994376076,5.102442495951914,5.9814353270934575,123
307,5.202595966594249,5.049499949794423,5.094223667022586,5.1172831210009555,5.09125193272097,5.105234277292812,5.073740271606718,5.104505664594587,5.97459987378486,123
308,5.206172939332051,5.048165348406018,5.094823247867677,5.117575770348047,5.0855124179856706,5.105407120829626,5.073257152535131,5.106477616034821,5.9840722579182595,123
309,5.208443374595275,5.048454969359605,5.095061696212359,5.1179424223845915,5.081209197186016,5.105733363102466,5.072530202360123,5.106835380365799,5.983616684270505,123
310,5.210643198572244,5.049956836780854,5.094589109615166,5.118227193795617,5.077408639795426,5.107435678159004,5.073187106141598,5.109292673982198,5.978802113355041,123
311,5.213301083651024,5.052498267167344,5.093716878693831,5.119362498910222,5.074083133496766,5.1086991598075056,5.073700607113556,5.11156385053517,5.9803877929624445,123
312,5.216690073585948,5.054257778048767,5.093386964521425,5.120605481717201,5.071986748355979,5.109074837767433,5.073746342161977,5.113646597818771,5.987551475648265,123
313,5.221328637689275,5.056705836385413,5.09309475460673,5.122405783244142,5.069310168348597,5.1087422420763975,5.073969376656726,5.114297078745462,5.986564756831367,123
314,5.224434996747876,5.057977929408876,5.090109388968633,5.123138662616711,5.067124697407617,5.109558986828468,5.074811645058505,5.114541971626551,5.975980953327953,123
315,5.22611224510667,5.058420981250347,5.08641741887519,5.123780900412253,5.064359005733785,5.109896858781142,5.0756191589330015,5.116084831125539,5.978115344377688,123
316,5.225934681995604,5.058702988129761,5.082640385147638,5.123796348050211,5.063367506434531,5.109517120106535,5.076022419172477,5.117701366308134,5.983543514248596,123
317,5.226841997502024,5.060313771715759,5.078880937298842,5.123967710437922,5.062683101828959,5.1075350853373775,5.076597410510841,5.118434115642421,5.974204423299503,123
318,5.226420585814358,5.061573464220298,5.0742554301505365,5.1247305153987615,5.063237024561062,5.105278144065136,5.077257622896399,5.119093044777776,5.976182978424187,123
319,5.228316744928777,5.062053444741494,5.069975071665955,5.1247246841133975,5.0638121099228375,5.10432997936412,5.077408997475566,5.118605710115425,5.978104488968386,123
320,5.230981480158517,5.061765210286362,5.065017536403622,5.123130146097925,5.0646331555685675,5.10240219427034,5.076108488458351,5.119040086796873,5.9870514171446265,123
321,5.233712860807925,5.061789771154462,5.061812643327812,5.122428655537185,5.063945488005423,5.100580524541684,5.0746957718413785,5.118664996575925,5.973366602410761,123
322,5.235736918273428,5.062605574577051,5.0581035465055795,5.120550242197113,5.063346389464682,5.0992190885370965,5.07351922218974,5.116850111501163,5.9818776895106245,123
323,5.238540710717496,5.063919172124047,5.054641527183834,5.1180873962976,5.063694444993513,5.099208306676581,5.07163332031646,5.114711787924285,5.993298628064156,123
324,5.240867620938388,5.065410719135822,5.050358368269018,5.115336345532201,5.063629036951021,5.0972551431717505,5.069970024343517,5.112763224226563,5.994367928434729,123
325,5.242660676314311,5.067600270952658,5.046395857517995,5.112448401012392,5.063896073723283,5.09559091485391,5.067993598341609,5.110853648927107,5.9796044834334525,123
326,5.2450989632395615,5.069091807870381,5.042467427362526,5.1086656506239,5.063960009614337,5.095103143958586,5.065147818316721,5.10932881738203,5.990587865188087,123
327,5.248017313444821,5.07143209085178,5.038051837259452,5.105648361910028,5.0640923668069195,5.09433039883202,5.061418472639467,5.108900190750219,5.986719501319217,123
328,5.249375760923788,5.074668155361871,5.03417409690266,5.102797523292539,5.062332861633147,5.09494482547646,5.0579305092108084,5.11018265592673,5.984388213641245,123
329,5.251298303407685,5.079541525310473,5.03141441166682,5.101064252219972,5.060925450434787,5.094404088522713,5.055548766086644,5.112605066202333,5.976816499603327,123
330,5.2525588696876255,5.085767797132041,5.027751419916774,5.100452977499684,5.05906612952659,5.093737338123756,5.053252256742254,5.115803686267947,5.987583405069326,123
331,5.252536333389291,5.091468733636632,5.02453255637455,5.099221917113811,5.05623435585636,5.09215651341346,5.0510837532667665,5.118624887232757,5.985273840866443,123
332,5.253940068753176,5.097600198435417,5.021340715130378,5.098362386901098,5.053434274087564,5.090877735608944,5.049623219900161,5.1221216232524345,5.988940613618159,123
333,5.254900443664796,5.103047323850944,5.019123351093695,5.095596383732962,5.0497049529683515,5.089967459704596,5.049234891263406,5.1261337475111155,5.990228605832121,123
334,5.2565188712763575,5.107375503490337,5.016584471854243,5.09268996601253,5.045267848805489,5.088452922074947,5.049891034157344,5.1288343481107495,5.993282938869018,123
335,5.257904821431589,5.110902049587889,5.01459851657302,5.090182413131129,5.04213887199076,5.086586976039463,5.051117222248295,5.130961087556317,5.9927667137183835,123
336,5.259953747893111,5.115057086795464,5.01069349941202,5.086920737496505,5.038504222761562,5.0851398593536725,5.051845069039995,5.1334719711584516,5.988670713037969,123
337,5.2618592481707065,5.118999181535824,5.007140171402711,5.084821519555361,5.0362301407008445,5.082078538314777,5.052061172547016,5.136459163521776,5.990284904961963,123
338,5.263137354832727,5.1225358295523025,5.004161653317327,5.083329250261521,5.03493260613416,5.078591811090029,5.051973854465458,5.139664648445965,5.996259144778161,123
339,5.263770152294791,5.126678018350804,5.001012399413955,5.081911733997561,5.035934657885912,5.077596056009422,5.053111596448893,5.143453214899214,5.985463650933936,123
340,5.264480811205499,5.129961990106734,4.997147728494395,5.080877571936849,5.038040925121258,5.076761725684902,5.054167218678018,5.1450414068203845,5.990441956303321,123
341,5.266563945627992,5.133814159516038,4.9926030725477455,5.080211118157385,5.041456635345426,5.0764692842448245,5.054078862604918,5.146744772612166,5.992538702170123,123
342,5.26907635862748,5.138672821133422,4.989344464626649,5.079929068153064,5.0442308154927815,5.076090438711432,5.054879574449413,5.147930202341638,5.996030590403072,123
343,5.269965924813134,5.142901761242214,4.987014103957373,5.079890571518411,5.047044579326895,5.075963292604126,5.057867772543425,5.149502173730131,5.994360963283706,123
344,5.27188886034053,5.147209381003577,4.983570636532294,5.079593315888335,5.049493581252792,5.075545169251905,5.060385492010779,5.1503010272327785,5.988361845134432,123
345,5.27446723261286,5.1516365317048045,4.979913594124675,5.0800387529278215,5.050568207549851,5.075169393357203,5.061996871149181,5.151442239323494,5.99917205979819,123
346,5.27647991962459,5.1541664263375955,4.9760848490192675,5.08019408481058,5.0508752766151925,5.072996171445171,5.062850906638046,5.150867986121725,5.988236611773479,123
347,5.277898711067715,5.15655830926735,4.9737812803585,5.079598463518192,5.05164845514609,5.071072462382679,5.062927219353133,5.15106878218997,5.9930708341923715,123
348,5.278354460889435,5.158282251533839,4.972238421693984,5.078314917165688,5.052728115289039,5.0696427814332665,5.06373737929065,5.151042398399876,5.993365966005502,123
349,5.277429421606136,5.159699573029451,4.971181617688819,5.077674202325346,5.053229535220636,5.068105066567838,5.064726211193781,5.151047451856861,5.995118140601278,123
350,5.276748707011157,5.162318714142301,4.971354764612707,5.0774797875379125,5.053982682231586,5.066342655340765,5.065993915781178,5.15060568979175,5.998977665183054,123
351,5.276035482896025,5.165526377620656,4.972671828848224,5.0781457631564155,5.055995196403762,5.064209579602578,5.068396207861871,5.149317267672975,5.986909079627014,123
352,5.275480962346951,5.168358668490164,4.973732781791542,5.080981225035495,5.057513794645422,5.061492442290952,5.070030742897072,5.147853394916957,6.000299371387793,123
353,5.27368902461352,5.169390934953184,4.9749672696324385,5.084541073965594,5.059554957389461,5.060249550190575,5.07097919836594,5.146706962460836,5.984687124653299,123
354,5.270931087437947,5.170061819284937,4.975576810687899,5.087313350749665,5.060657128566207,5.059312430600757,5.072295058113987,5.145120804463302,5.992911361901681,123
355,5.266282009750221,5.171482769830622,4.976425443787479,5.09108086972045,5.060778959580677,5.057897887621001,5.074282411492668,5.144307401954855,5.998955463010558,123
356,5.261802619920717,5.173362399290678,4.978993503006545,5.095281588699275,5.060423790935147,5.057494827738865,5.077162082017433,5.142649206600909,5.995169089565568,123
357,5.256035651629354,5.17491118379292,4.981792046898285,5.098647132247477,5.06065527757091,5.057239481159991,5.080158137622109,5.14122419806286,6.000668970020695,123
358,5.249820390098833,5.176228307498695,4.985384366170198,5.101550351724019,5.060859989488526,5.057369259349593,5.0835987325566006,5.139656892774775,5.992608937033601,123
359,5.243173334080012,5.177354460706064,4.9888826356725815,5.104796093787746,5.061083601895415,5.056594329847178,5.0877297592375825,5.1385748673826495,6.005287339965865,123
360,5.236881326103818,5.1774501040077965,4.993029377394883,5.107318830813803,5.061157582262311,5.056147761204308,5.091783195847633,5.137380840925225,5.999996441217646,123
361,5.230973768894002,5.177743552867541,4.997283824958952,5.109890474850485,5.060361538113764,5.055727535908426,5.096373977518519,5.136103535925558,6.001900717791449,123
362,5.225057069041114,5.178469237061428,5.0017930308360015,5.113236498247346,5.059347838548568,5.055972746425233,5.101083703351025,5.135057186268736,6.00507790351837,123
363,5.219776302512431,5.179329066962271,5.0060285617836495,5.115153794235686,5.058957716090756,5.055796937680174,5.105899067330171,5.131745473325513,6.005793303317856,123
364,5.214489788095695,5.178431961951322,5.0106151780185515,5.116810222145372,5.058813564661711,5.0559450366703125,5.109908416479357,5.128605342296273,6.005916288938954,123
365,5.20926352663836,5.1779120617405585,5.014713099619292,5.118338663418862,5.059427586659639,5.055722033215565,5.11322109433983,5.125334127560601,6.000120300573273,123
366,5.204001565712612,5.1775850910607275,5.019337757785539,5.118626444843441,5.0609701080853835,5.055486859729156,5.116367029496584,5.1219632647656255,6.0035229436564,123
367,5.199460556755211,5.175931956296401,5.024432649276529,5.1197725711075535,5.062608506250413,5.056179591133563,5.120200766808912,5.118744305125536,6.000967612650537,123
368,5.194719518385771,5.173017792317895,5.029972094003946,5.119500624484607,5.064295817602569,5.056098649540517,5.123881249439674,5.115001008868672,5.997285932775383,123
369,5.190248699027829,5.171043420328694,5.034789794962114,5.120761072464116,5.066894990167803,5.056377918582905,5.126187758018041,5.110826011280055,6.003358012025219,123
370,5.184818345300842,5.169689775078551,5.039492334291113,5.121853237849779,5.069033010839599,5.057787281025027,5.127237547577567,5.10811103540073,6.004406348244891,123
371,5.1796880490651285,5.1699431198553105,5.044863345579499,5.123390637354415,5.070752360874563,5.059485699495381,5.128822127457084,5.10506293012128,6.001275811985405,123
372,5.174782164256714,5.169897622796214,5.050055382348685,5.125583303134302,5.071595827656841,5.060853453456038,5.1305760945016505,5.103036330258137,6.009150215602024,123
373,5.1708830555994645,5.1702547918358555,5.055900459404491,5.126974257707299,5.072246984008991,5.06238025139745,5.132642591118561,5.10013051974434,6.003746634769773,123
374,5.166160687700986,5.169942320096604,5.061349106379932,5.127852930997635,5.072902876262502,5.064670606474667,5.133879318232198,5.0977704150164715,5.999434525088799,123
375,5.16134908045856,5.169007471979079,5.067854665570066,5.127834984197801,5.072347165150617,5.066096013557207,5.1342187667918395,5.094098855588916,6.009713506987243,123
376,5.157011846062153,5.168203397052926,5.073936173831511,5.127557371941892,5.0720165420761285,5.066817556414359,5.134154293640316,5.091604134255503,5.999280584498445,123
377,5.152133630336127,5.166950467128137,5.079676352893046,5.126891766600237,5.071265745599645,5.0665759528101155,5.133865606726235,5.090778237098771,6.0007305672224955,123
378,5.146668514107864,5.164486476320071,5.085153732642357,5.126547917302333,5.07071839385818,5.066812044118704,5.132964464917216,5.09008118047265,6.000679175880227,123
379,5.141939957699815,5.161776006858573,5.090417969400159,5.125615013754265,5.06969764434298,5.067530684478708,5.131091601436706,5.089212510110317,6.003430067947634,123
380,5.1370354772698,5.158551274977042,5.095818913353334,5.12503370425034,5.068034059067916,5.0676907005906555,5.129985657668962,5.089592340088041,5.99847073048496,123
381,5.130969592039409,5.154431780306863,5.101129030628158,5.124862788926583,5.067916980300822,5.067010932746439,5.130285343286996,5.0901909949849635,6.006357984934357,123
382,5.12557074515748,5.152307518566213,5.106599622189737,5.126238759246467,5.06944644614196,5.067695369178631,5.1300411032995274,5.089966803800624,6.006925444547376,123
383,5.120614654221327,5.150028463771957,5.110072409373816,5.127314786785852,5.071290617471231,5.068667889219485,5.130944514752428,5.088900794603996,6.010173449181714,123
384,5.115297683822689,5.148412121550237,5.1124935926338,5.128010301322547,5.071195763905742,5.069924657045494,5.130395578094095,5.086727965613172,6.000015043539683,123
385,5.110197883018147,5.146296114629221,5.114270925791853,5.12833179174642,5.0718431177207615,5.07149105155959,5.130769598760764,5.083140687594893,6.017820530860632,123
386,5.106341959575867,5.145052709417135,5.116402797881581,5.128161365016015,5.072613518702367,5.072615491449796,5.130723051413181,5.079831906594601,5.99891203776885,123
387,5.102874243119526,5.1440705859067695,5.118344331817342,5.127926874671433,5.073635578640249,5.0746664740522744,5.1295027889512035,5.077268655055798,6.010550581428016,123
388,5.09967788290671,5.142846095456488,5.12018040055729,5.126072159992425,5.074808721735118,5.077385570859395,5.128768320143714,5.073867588684049,6.010671206163602,123
389,5.095908551644535,5.142617132049155,5.121314104083813,5.123651209812486,5.076121503026137,5.078312830351663,5.12825738339259,5.070096412737724,6.009098368290481,123
390,5.092432250641446,5.141991369285913,5.122167502140227,5.121916982426359,5.078006463364196,5.080089934118379,5.127985453494943,5.066340018480391,6.002617918329254,123
391,5.089598726667354,5.141588131513489,5.123382851650664,5.119263121536487,5.079744657658477,5.082780184335994,5.127574063222168,5.062535948360612,5.996928806991404,123
392,5.086685149876412,5.14072997440363,5.122915037333502,5.116958185865524,5.082357532122309,5.085183240116807,5.128288668915486,5.059536365009087,6.011577134450487,123
393,5.084816959497606,5.139731267682197,5.121932073393057,5.115680630383769,5.08523969967149,5.086972169206415,5.128245339819848,5.056733496988926,6.00544781549105,123
394,5.083255740301192,5.137968663851805,5.1207834038553255,5.114762582049506,5.088509269845723,5.089385397635141,5.128488871488994,5.0543768073263635,6.008082834277973,123
395,5.082131525075045,5.136877000914939,5.1194038483827065,5.114051211390837,5.090710216030061,5.092011706541996,5.127264152166181,5.0530149168728205,6.009828034888157,123
396,5.081061326378887,5.136357903093385,5.118866852141071,5.114133866659478,5.092886624139837,5.094557948262162,5.12634185115045,5.051618061993221,6.013239103026541,123
397,5.079221855443613,5.1353975112320835,5.117945749953368,5.114503338283006,5.097175169598523,5.096819436161115,5.125646681328682,5.049766232006928,5.999998422634588,123
398,5.077029500212385,5.133634198401081,5.1170504331223565,5.115058447014516,5.100596503104994,5.0987126500701745,5.12402679416683,5.046995793262742,6.004530745324651,123
399,5.07461228764244,5.1312290383451,5.11627152712978,5.116715668417214,5.103268450031486,5.100148889458188,5.1223504390963095,5.045153400242214,5.997477638447748,123
400,5.0723432085932885,5.129762720090557,5.115264387923837,5.119071326436117,5.106414108840573,5.101858887724654,5.121268812696969,5.043430741615694,6.0064516586862045,123
401,5.069045141550871,5.127443013344097,5.113618879734497,5.12127344292957,5.109005531354626,5.104671406716704,5.120514370369883,5.040093027861816,6.012480909334906,123
402,5.06548317173086,5.124367341362975,5.112024388850098,5.124036068710243,5.1108963752507925,5.10739390099034,5.120403137602403,5.036399600688217,6.007006663829791,123
403,5.06294346027239,5.122601147030119,5.109610639012468,5.125950112565086,5.111835113895629,5.109521384551474,5.119721406155895,5.033231758504787,6.000860359283728,123
404,5.060712102792987,5.121683846239478,5.107489411220833,5.128004926203635,5.112281830311984,5.111051678111092,5.119082753457193,5.0304621277370885,6.01409177130223,123
405,5.059471942020632,5.119986958359284,5.104837171891073,5.12972558731011,5.112695375198552,5.112215269912303,5.118719199855438,5.027547561794769,6.014094905816433,123
406,5.05891307289795,5.117833763422398,5.103317156451949,5.131400053283954,5.113114541624113,5.113518414352411,5.118450724341727,5.0231669257842375,6.010993955739329,123
407,5.057748766015634,5.114659785395012,5.101134791641229,5.132396898623774,5.1139665972524035,5.114244738354604,5.1166471754355936,5.018697356606978,6.019805864073217,123
408,5.055586858925855,5.111117855378641,5.099859502891166,5.133826558818315,5.116079822993672,5.114576915486889,5.115542182664746,5.013470402343797,6.003489800559395,123
409,5.052350701553781,5.1087186608473765,5.09684814998198,5.135672399893449,5.118108452534214,5.1150368008949485,5.114406192752826,5.01035047178161,5.998364281052267,123
410,5.051025133469251,5.105640728396475,5.094213350833614,5.136070403553678,5.119516494752965,5.113644557357177,5.113917863925625,5.007358536387207,6.007741230616313,123
411,5.049549230425113,5.102602894988318,5.09003144268369,5.136748617257045,5.120823491665365,5.1124320863758825,5.113143600390522,5.005174960420732,6.00878238034066,123
412,5.047659866662576,5.099926748383897,5.086028123577419,5.136917531537925,5.12187725712343,5.11177388186348,5.112170234292752,5.003339733925537,6.015744141352581,123
413,5.046073909223393,5.098336224434428,5.082035131666529,5.137090472044549,5.122795649568108,5.110922777806209,5.112322691085914,5.00002562538252,6.015787280903696,123
414,5.04534086261398,5.097708599490205,5.077387046353845,5.1378960996276675,5.1241672674925285,5.109062072576775,5.113236640216217,4.997260611544398,6.017835411081646,123
415,5.0449799949258916,5.097429016852301,5.0726658672017955,5.14020829490468,5.125884299213815,5.1075111902785,5.11452607891062,4.9947125059350945,6.012614327332164,123
416,5.045106537749885,5.0974200738378626,5.068399622560456,5.142803547505093,5.127750441635425,5.105876207623169,5.116281619502949,4.9919610599625965,6.012334351055846,123
417,5.047114851503706,5.097686051114996,5.064702088418077,5.144940197803251,5.128318408551803,5.104307499674806,5.117502279825625,4.989182225163472,6.001752752101785,123
418,5.049166615165458,5.096721051868634,5.061013073323495,5.146728736843096,5.128019513702876,5.102267799173013,5.119331956786578,4.987252487377246,6.006449540642644,123
419,5.051428454706211,5.095540271869229,5.0578967948656075,5.1486302798135135,5.127962115807835,5.099438480500254,5.120387990150225,4.986428397376249,6.009123710499557,123
420,5.05342712337046,5.094516680541834,5.05562114343333,5.150294913634698,5.128959962710388,5.096980049104523,5.121428700384648,4.98649170428708,6.017665377775767,123
421,5.055891277048428,5.093510012825602,5.053690238885768,5.150904075567013,5.130124879247903,5.095810842163347,5.121818821568901,4.987541812553248,6.0096467004509995,123
422,5.057678119538194,5.092046805002619,5.0517230513981755,5.15117537039239,5.130218054427889,5.094871842597814,5.121944872923841,4.988013194299869,6.016076392176186,123
423,5.0587738495898895,5.090545850870921,5.05015242528277,5.150907882852618,5.130690327521151,5.093355146050614,5.121801571043374,4.987557733113848,6.022726906968389,123
424,5.059892674909326,5.089921519640441,5.0491842901056065,5.151750358289032,5.130560996582931,5.091371902902606,5.121731156743703,4.987832904585204,6.008689314201727,123
425,5.062037387552031,5.089517371778477,5.048542542949065,5.152491347774077,5.129419433509787,5.090616325922195,5.1210928214166485,4.988151016857916,6.026510080281815,123
426,5.0651301821539665,5.089775607492028,5.047911209534311,5.153125443036694,5.129111938539537,5.08862808859069,5.119991519853501,4.98889595214342,6.010272046638428,123
427,5.068302007961401,5.0894175581319505,5.04678902382183,5.153303287958017,5.129689608181263,5.085499186981114,5.119650371802847,4.989146182384676,6.0099752717096,123
428,5.071921852863874,5.089659221345302,5.046418054095437,5.153542985001373,5.129772063499361,5.081742007978818,5.118865781815307,4.989962147312349,6.011750933314198,123
429,5.075996155942426,5.091576314532165,5.045570899578524,5.154016072184977,5.129937603284828,5.078811512347804,5.117974585664793,4.991522776714984,6.008741614363983,123
430,5.080161491764151,5.093653087503491,5.044725064483921,5.15465852007516,5.130048920730884,5.074951909235275,5.116955706955918,4.991501236095862,6.012538542704548,123
431,5.0843073602302615,5.095241451393517,5.043709615353554,5.154531161334098,5.130586228072186,5.070894799353909,5.116354625998286,4.990516728054449,6.014806150174178,123
432,5.088028129837269,5.095811177659687,5.042396580052438,5.154627941827295,5.131132397137918,5.066356359064094,5.115430875747537,4.989048980216875,6.013595891914053,123
433,5.092995527156502,5.097064300779978,5.041214423583243,5.154363032139077,5.130576162874915,5.0625454780235435,5.113966773528816,4.98821844152824,6.019884502767123,123
434,5.097712994498854,5.097660948188572,5.039232324782171,5.15403642495812,5.131261084357529,5.058719798113473,5.113429706352674,4.987680624852897,6.016040111147822,123
435,5.10157187839495,5.098168754133887,5.036988225255455,5.152914948660863,5.1323437613239,5.055695858587228,5.113154483524236,4.987179900190736,6.018399493641174,123
436,5.105492755183654,5.099205646102229,5.034252382837373,5.151124913217547,5.133567258431194,5.052058691831105,5.113939003567732,4.986991050992655,6.013148766153524,123
437,5.110498770954276,5.100015569205986,5.032570492158248,5.149600276452832,5.134862983569156,5.048901747148562,5.114565252950088,4.987298426450671,6.0171177142019285,123
438,5.116473577965745,5.1000613191476685,5.030706584560872,5.147800792286142,5.1365502518337784,5.04567998156185,5.115609658852464,4.988845096567172,6.0121091170055285,123
439,5.122582728582273,5.099834811201628,5.0294865094878425,5.145919524310889,5.139735553903128,5.043213934497899,5.116708078699623,4.9893855050418185,6.017718495412477,123
440,5.12821799590137,5.098981228822267,5.028031748909315,5.14394006205819,5.142807010771558,5.042019926546825,5.11756753030539,4.990656473124999,6.019123107364671,123
441,5.132801476523509,5.098529132881765,5.026617451602254,5.1419125184056025,5.1456114812810725,5.04094515657084,5.118765144713667,4.991707838273335,6.013722391437034,123
442,5.137248370569409,5.097859842357033,5.024515450116137,5.139640933520491,5.148896156985671,5.039927821693739,5.121207825900041,4.993504389805651,6.020079174745722,123
443,5.142444603189975,5.09693631664918,5.021851288609046,5.137494233155217,5.151007456304649,5.03937313291247,5.124055279173252,4.996433031164253,6.025842845582569,123
444,5.147901266668946,5.097172892017241,5.019914458640501,5.134513619003233,5.15239939692812,5.038627615227901,5.126544915106551,4.9990420796157995,6.007876926403307,123
445,5.1538157151079265,5.095972736472003,5.018535884437137,5.131010247104452,5.15444577563888,5.038675721156963,5.129202064680429,5.000668683017496,6.017432483041869,123
446,5.159129116244547,5.095895695083989,5.016854844061404,5.128090980287981,5.156801640073111,5.04069072482539,5.131046707403484,5.0022432836688715,6.011841018492391,123
447,5.164970304875522,5.096432312227719,5.016145943775264,5.12656551576274,5.158474954620617,5.041979702060142,5.132995931361513,5.003266422375394,6.012159541391507,123
448,5.169850431447924,5.097885019121144,5.016360407177638,5.125740227686093,5.160410884196533,5.0435622930752295,5.135045348474454,5.004674408686435,6.017016068543711,123
449,5.173693829112845,5.098532756974627,5.017664274716719,5.124232042684341,5.162908446341946,5.045802384689386,5.137347113306143,5.006487857662043,6.022942039236034,123
450,5.176916843339638,5.09867977612943,5.020256986705948,5.1216731769372394,5.164528435813798,5.048124442224398,5.1388426317596,5.008058714498854,6.023951122665937,123
451,5.179303468221995,5.099661397973934,5.023867109164672,5.118609470055809,5.165942094793621,5.050386879092211,5.139698536585039,5.010339036952999,6.02118136825534,123
452,5.181307014625524,5.099636513547761,5.027529422450076,5.115615645723475,5.167282965078389,5.053358504747236,5.140634973574741,5.011665357112238,6.019404683778276,123
453,5.182435602007665,5.099520454982336,5.030680967691408,5.113181708110412,5.169293481396407,5.055556467526854,5.140735464959676,5.013385257730382,6.024282509721032,123
454,5.183986419970707,5.09983117030473,5.03458925605298,5.110152436275559,5.170834728314395,5.057699493408158,5.141221504577296,5.015246202156934,6.0116385828886445,123
455,5.185995806691203,5.10075474534479,5.038671930565261,5.108003322491086,5.171901987467466,5.060730680188499,5.141673014570906,5.016833513652031,6.022430391813598,123
456,5.188066735759862,5.100864313022364,5.0421915291113395,5.1064005859869805,5.172862207976296,5.0632690173050765,5.142722842695438,5.018021378449493,6.032080494174316,123
457,5.189141291949136,5.100609741453641,5.0457555198536195,5.105414561776264,5.173535568908841,5.064944982598362,5.143289046198879,5.019485358528232,6.022995526192138,123
458,5.19028846281994,5.099834646817404,5.049086892815147,5.104151663366624,5.174227127101325,5.066936099738291,5.143996392909492,5.021422349575976,6.026029804078558,123
459,5.191431796519868,5.0997101769633515,5.051072796420359,5.102788095068647,5.174569785604479,5.06831860303264,5.1454257685047,5.023958252087502,6.01832874565526,123
460,5.193179532080473,5.09799493130344,5.052671470303407,5.101573670877163,5.1747912838394585,5.069704769282074,5.146843535156714,5.026854706545748,6.022341289370651,123
461,5.194390237415834,5.096004571177847,5.0542962042981365,5.100562486610726,5.174955239740528,5.070541127724862,5.148513900852707,5.031354732647164,6.025655555775141,123
462,5.19443562227178,5.095313917667303,5.0563846097132785,5.099492661629224,5.174883796257258,5.0718822495748235,5.151333365786202,5.035361706075699,6.021175977872497,123
463,5.195001425669617,5.094556820694939,5.058954245008302,5.09893045038406,5.174868910813505,5.072822321985001,5.154219521556493,5.0405050814946915,6.019424451224488,123
464,5.194833757476127,5.0926453059550045,5.0606976204068275,5.098335981477138,5.174902142346015,5.07320115901039,5.156597452719164,5.04457136373621,6.023774541855692,123
465,5.19344023037016,5.090404777259936,5.061611690999195,5.097146488930401,5.174498907487035,5.073899233649453,5.1589900181948565,5.048195873848272,6.019175707215838,123
466,5.192531811244656,5.088576384839083,5.0626693780006065,5.095477883494352,5.17293820375996,5.074828492008956,5.161383991433247,5.052642211091166,6.020166343379657,123
467,5.191326894032376,5.087676080492351,5.063556956195514,5.094917450530497,5.17150316108075,5.076260050457863,5.1641168323189905,5.057824753067138,6.028944260468173,123
468,5.189953783821856,5.0876268409851235,5.063738597370774,5.093787585695747,5.170411422817699,5.078606066153305,5.16651289938247,5.0632154884761364,6.016428946128565,123
469,5.188491135800012,5.086973039855489,5.064162160484958,5.0926530392769,5.169068492417777,5.0811016489363645,5.168836901138353,5.068099717393503,6.026549104814992,123
470,5.186283448259998,5.087054092020663,5.066392190292581,5.091618564191403,5.166685549160688,5.08412220999015,5.170819107038027,5.072705480431476,6.019389393511053,123
471,5.184424002397595,5.087313769835726,5.069074162611503,5.0914674930518675,5.16350583357765,5.086673978469394,5.172018161460443,5.07685276492288,6.008972405604603,123
472,5.183122758117179,5.086813053975594,5.071534616558267,5.091709323304966,5.16119572058462,5.089633342319833,5.173050420569792,5.080255404647273,6.0183351781079,123
473,5.181212435492665,5.086516652467368,5.0746953013593865,5.091709100499959,5.158507945829584,5.090742011078538,5.174041639443541,5.084060823482767,6.023200313591771,123
474,5.178810876409063,5.086884764184745,5.078221337771718,5.0913307703191695,5.1550289045369375,5.092507178480744,5.174059295415354,5.08702848555186,6.025112352428395,123
475,5.175410617450515,5.088361712290467,5.081508104601519,5.091559265411063,5.151824404585961,5.09338072868348,5.174190284255969,5.090384929788408,6.019740701587733,123
476,5.172460688888849,5.089965653178533,5.084308130240727,5.092018803680707,5.148931723226066,5.093693331896878,5.1747810114407,5.092921122785285,6.0206764926233225,123
477,5.169889141765409,5.090932264604865,5.087619637748428,5.092328415190285,5.146284046758055,5.0938546334871635,5.174762541106662,5.096462623948892,6.031536541065825,123
478,5.166389584006919,5.091604719352763,5.091123587057235,5.092478470062238,5.144634435482486,5.09415129378516,5.1740525349292055,5.099955647876529,6.0271439763365775,123
479,5.162921586315587,5.093356099231114,5.093694991922304,5.093361186847291,5.144276403135157,5.094291245535148,5.1729929050748655,5.102676336062384,6.020068545511436,123
480,5.159519622040787,5.094130362215784,5.096222032036337,5.094302058634463,5.144012423804958,5.095021095465237,5.172159795358074,5.105323086393968,6.034110849858346,123
481,5.155815625046753,5.095909917962384,5.098257940139729,5.095635517671926,5.143593269791779,5.095652125577935,5.171555733815554,5.107839452181539,6.022776427000676,123
482,5.15210115664709,5.097515360503059,5.1007206947020745,5.097203038080153,5.142363592674018,5.09546990193547,5.17137372450288,5.109964551238695,6.026218009729343,123
483,5.149576805486483,5.098525984546777,5.102664166121657,5.0982698011109004,5.141799646287518,5.095854060926639,5.171630883695412,5.111960219360162,6.025036702799279,123
484,5.147308616143863,5.098919135944318,5.10366599759622,5.098485208045602,5.141090054547646,5.096129193241726,5.171965075935059,5.11344269572367,6.023218857233306,123
485,5.145895362832221,5.0994995598415525,5.103583753269386,5.099123110583596,5.139858442576328,5.097032897517438,5.17163899395631,5.115003048067489,6.023911518783523,123
486,5.144685558047138,5.100363795729473,5.102355321025804,5.100216011752318,5.139640993615531,5.0981680556005555,5.17218857395362,5.116602344600146,6.021777806836616,123
487,5.143667051692707,5.101009422128301,5.100470338126822,5.101704076348042,5.138085405520875,5.09938743842798,5.172399055249489,5.117122481849269,6.016912453134077,123
488,5.142817132512187,5.101661719737969,5.097987013728122,5.103226864777428,5.1370894533524725,5.100034242224011,5.171847361952957,5.118792031245748,6.022669351702836,123
489,5.142903927792551,5.102253264976275,5.096366064972187,5.1034863788362,5.13591893842468,5.101012518356736,5.172072336113593,5.119991428668028,6.0226329895174855,123
490,5.142782198733727,5.103317113356551,5.09410628510029,5.103484245717518,5.134997781879866,5.101621254647792,5.17203602127122,5.120909012174244,6.012522757489691,123
491,5.142183577489799,5.104628705360341,5.092222273965588,5.10249016563608,5.133670871233688,5.10185366033182,5.17221776303518,5.121583647166015,6.0245186717833965,123
492,5.142114941027041,5.10625326868266,5.09030146480968,5.101763984763686,5.132128545083986,5.101729931470265,5.172572595069958,5.1217359639332765,6.024201568459681,123
493,5.142823668394672,5.109073115648826,5.088585143388637,5.10108244317104,5.130163220702799,5.100903884460509,5.173581287924209,5.122076172302404,6.034685651578148,123
494,5.144141783902762,5.111832276771341,5.087749538028158,5.100754933709656,5.127848455756881,5.100454055874952,5.174361361454762,5.122049220546524,6.029428871125896,123
495,5.146001034415249,5.113800180737113,5.088177601619437,5.100232052026112,5.125092926813817,5.101484462125953,5.175171506311594,5.120731676992969,6.018508866203324,123
496,5.147310998837561,5.116762084437874,5.08833884926547,5.09826013047712,5.1228889315950985,5.102850806537501,5.175308618232657,5.118931811201094,6.02646293200573,123
497,5.1480403688056535,5.1193935880290855,5.087971735544071,5.09570091924664,5.121433115997179,5.104257596552745,5.175511458726577,5.116308694584342,6.0300396639888705,123
498,5.149668148295537,5.1209620550251875,5.087585240925877,5.092938756345129,5.118745918862902,5.105592342044375,5.1752644736437095,5.113536670804521,6.029665384102394,123
499,5.151362321093403,5.122674189869651,5.086335922804963,5.091229113792088,5.115682449029707,5.107293438192514,5.174245950449223,5.11007550693392,6.02548657001186,123
500,5.152808598972861,5.12412490887057,5.085967040696809,5.089248046238402,5.112333226707589,5.110012029181963,5.173642814921944,5.107234538207589,6.016622915954668,123
501,5.154490738578126,5.124484530855315,5.085992194091642,5.087937748689245,5.109100082348929,5.112812460400242,5.172712411800957,5.104435754665518,6.031414643474061,123
502,5.154927113829672,5.124565125851411,5.086038378664687,5.0863698857257935,5.106187752631398,5.116128281259996,5.171209312813318,5.101988621213982,6.030880419693355,123
503,5.154579799081224,5.124193164214756,5.085497978177759,5.084479442975164,5.102754520737931,5.118868877038517,5.169673781493074,5.098888714637942,6.037143593407533,123
504,5.154334592450189,5.123994089834221,5.0856612580276535,5.0827719984465025,5.098981424081401,5.121650380005249,5.168334593527014,5.096247538190436,6.025393810023609,123
505,5.154174707600244,5.124144855472734,5.085112370218804,5.080807475420718,5.095480754546997,5.123599649976583,5.166954290292461,5.093691329737785,6.018327320798939,123
506,5.154999020779531,5.124805869628387,5.083700084478306,5.07884279666611,5.092753007357356,5.124107934432825,5.165391799393582,5.09118120142727,6.029738600106209,123
507,5.1561630976768065,5.12483917549612,5.081786937878495,5.0769136987077585,5.090143978164912,5.125325873462323,5.164641523855522,5.088048899012452,6.027675493564553,123
508,5.155706735339048,5.125691304787506,5.080045095984513,5.075421238007491,5.087714436649911,5.125561162398668,5.162760875732236,5.085426374082452,6.031643698947704,123
509,5.154952713755964,5.125751468845046,5.0774708755814455,5.0735563076327015,5.085279751625906,5.125835469312344,5.161314204015218,5.082443917046321,6.031170447798882,123
510,5.154320072499989,5.126296193818854,5.075511578702164,5.071866956131634,5.082567385713827,5.12529418193715,5.160546677367362,5.079413008904375,6.0294909188461405,123
511,5.153391266435225,5.125833945416819,5.073876529562025,5.069752433734811,5.079311928382274,5.125023829431855,5.159540983034194,5.076656739465353,6.03518927884517,123
512,5.152470894032286,5.126031650263588,5.073019585122869,5.068286843721342,5.076308964958848,5.124845071200644,5.157800471322803,5.074750186449677,6.023828189567087,123
513,5.1512194717407915,5.126504395895518,5.072421784631365,5.066732178907602,5.07340643466851,5.124177987062435,5.156551158194803,5.072810150642201,6.033481522440288,123
514,5.151146294412078,5.12781864939838,5.071324392495442,5.065889828207381,5.0688468053601206,5.123057249050953,5.155422931264564,5.072129373822908,6.023952045078138,123
515,5.151198422997523,5.128424463345201,5.071081507883616,5.063750843661481,5.064450773128446,5.122372021561975,5.154604868243004,5.072193943769891,6.036004471580778,123
516,5.151294083645682,5.1286486769184165,5.070404483281303,5.0610813144844595,5.059743451901445,5.120895960973513,5.153038290400997,5.072089882924214,6.028716931279082,123
517,5.151261277986491,5.128586277491662,5.069822305247563,5.0582316528389475,5.054891559650848,5.119145208873018,5.150594260706129,5.071515590933885,6.0211605609194025,123
518,5.151471732098956,5.128399444105986,5.069583537799282,5.055939607216647,5.050706171285778,5.118094318245887,5.148151615704504,5.071642635239399,6.030044602509363,123
519,5.150705101398854,5.128738459896554,5.069556221947067,5.053376667624873,5.046624405785615,5.116781324278639,5.145163626508914,5.071758270654945,6.02788486096281,123
520,5.150509495450424,5.128695834894832,5.070618132960734,5.051253606844018,5.042207029679683,5.115460685135384,5.142667411935921,5.071280142555873,6.028174232762825,123
521,5.1501022331017,5.1286072173157855,5.07084994302987,5.049567378761904,5.038054951395609,5.113734227259775,5.140603638181421,5.070837903062932,6.03450410185177,123
522,5.149966517896326,5.128400689984238,5.07189721003858,5.0482877311130885,5.033766995482297,5.112366884537513,5.1380648487299645,5.069520253749404,6.027361616691404,123
523,5.149562469941273,5.12818773852632,5.072580906339089,5.045994521743001,5.030869240085399,5.109522288626652,5.136120956389395,5.0683878241037625,6.033707926365345,123
524,5.14887826534531,5.128911407935368,5.073939818404101,5.043511808653954,5.027928727887041,5.10768935134861,5.134338749091468,5.0673730766880505,6.034229012766042,123
525,5.147745314782958,5.1292492354898815,5.07392426353873,5.041553537753055,5.024346950501082,5.105939934782758,5.132519880486652,5.06685597770182,6.0300820561405155,123
526,5.146504684412331,5.129816572775223,5.074189029461879,5.039904006763173,5.02132413129414,5.104318968070738,5.13066614230861,5.065914989003802,6.032214811808073,123
527,5.144542068159545,5.129495684982459,5.0742690065671905,5.03853736894958,5.018755513614367,5.102387258381392,5.12841005503694,5.065307128559793,6.034049767498465,123
528,5.1424165159260635,5.129443058261473,5.074536439128913,5.03751145455014,5.016681836979023,5.101891086473077,5.12653341926405,5.065119770017022,6.035980371781807,123
529,5.139878634590037,5.12877599613567,5.074617671592897,5.037020338905835,5.015559875435549,5.101758359922664,5.12453429955842,5.064490383845446,6.03469958346089,123
530,5.136525120261224,5.128104588988593,5.074658853322251,5.036724603396851,5.015248068249368,5.101407036553725,5.122632410648329,5.065061402604977,6.030144437682443,123
531,5.133436026154911,5.127395370801011,5.074184455669923,5.036892076101699,5.0153224060044055,5.099980644327658,5.120976617486635,5.066811899191391,6.027802558430179,123
532,5.130607242020048,5.127635597130116,5.073765636400539,5.0379084146862025,5.014585437254766,5.098723705161832,5.119447287966558,5.069421014872828,6.03028150774447,123
533,5.128124906229801,5.129256392806455,5.073546704215534,5.040189026092948,5.014245179039264,5.097855532935288,5.11766323277266,5.0712791477133035,6.036315518046248,123
534,5.126202986229419,5.130849675943516,5.073745894710864,5.042495238132327,5.014237304987164,5.097435658301002,5.115113358096475,5.073474257203641,6.031606853744192,123
535,5.124131533048637,5.131952413294698,5.07473472298385,5.044438149953731,5.014113152630337,5.097363871081479,5.112725025494964,5.075953487899675,6.029542300136237,123
536,5.122938147631014,5.1332676394683086,5.07576854149853,5.046570177089965,5.014542666929309,5.097714230776302,5.110438726741968,5.077213044739354,6.031640781412421,123
537,5.122291879462555,5.135662231973331,5.07733822132338,5.048366804814416,5.015192720144148,5.097610160736503,5.108207715832858,5.078470256128054,6.033133745155264,123
538,5.122528180597294,5.138107927391845,5.078778151760358,5.050575288223467,5.016857707573487,5.097253451073751,5.105919452353101,5.078602803461641,6.037048262557962,123
539,5.123221571122876,5.140338717700339,5.080747157447394,5.053067930343368,5.018102408436791,5.097238602076321,5.103766365612735,5.078705311837367,6.03404421949752,123
540,5.124120129207855,5.141579450748166,5.082984660445534,5.055498204454056,5.0191695449763545,5.097399671592194,5.101251557906157,5.078860892046544,6.030936470649527,123
541,5.124818268320977,5.142444294955542,5.0854476592833855,5.0575163877949825,5.020848379500424,5.098393331321257,5.098771597845202,5.078910942808312,6.040791386973257,123
542,5.125072374000263,5.142993771069975,5.088485570790956,5.060005451810097,5.022796267615771,5.100044677681916,5.096513159660925,5.0790686973771955,6.020158944090313,123
543,5.124701705889884,5.144272591581382,5.091470436788449,5.061748953669422,5.02550741315013,5.101177201845006,5.093898753163057,5.081192067556161,6.026755928356948,123
544,5.125027102053037,5.145492626393557,5.0939364920812,5.063598900877055,5.0270922566312475,5.102807560957519,5.091543788768186,5.083372826379232,6.030799349994466,123
545,5.125672876392812,5.147675925000548,5.09578925591401,5.065966058039571,5.028515546954153,5.105572985213692,5.088980311580881,5.085882198116283,6.02755005143973,123
546,5.125649837130389,5.149708920856963,5.097431620977612,5.068216904302675,5.0300286182806015,5.107877049823237,5.086073390893331,5.088121894196178,6.03274039889862,123
547,5.125677742613554,5.151611245689026,5.097971611494697,5.0705284048596635,5.031414756176551,5.109933843709907,5.083020170559334,5.089851421663624,6.0351266249655335,123
548,5.12581262801788,5.15312714897391,5.097462274660373,5.072617712928258,5.03239273821797,5.112266010866566,5.08056707487253,5.0905093901479646,6.027848580820925,123
549,5.126711459653462,5.154994480240768,5.096291490139091,5.074852301028789,5.033508753496457,5.114646541273968,5.077907396046868,5.0912993234178465,6.030843491508932,123
550,5.126266489720674,5.156884960922996,5.0954027494704475,5.076776216801743,5.034974147294234,5.116883867597416,5.075476597377673,5.091297687366216,6.026450558425435,123
551,5.125751149300184,5.158621751389971,5.094348609846124,5.078911951331014,5.035795187258355,5.119163371973137,5.073127848164208,5.091407388935379,6.029383487486208,123
552,5.125255633318653,5.161054129988726,5.0930251113556775,5.0808687174839875,5.037820774215738,5.121939627260501,5.071131829306696,5.091460191712592,6.031052940862201,123
553,5.125570066039693,5.162589251732575,5.09239791349447,5.083678708849356,5.039264511470014,5.1244638014450405,5.070289995867267,5.091681878863692,6.0207562122426,123
554,5.126051675719541,5.163813710781765,5.090850303275046,5.086277082912854,5.041251232282009,5.126937085622386,5.069339516520751,5.091511036256394,6.039775991479006,123
555,5.126704497780226,5.164796200466733,5.088764971183505,5.088760984343553,5.043172710022015,5.129323675369365,5.068594225514566,5.091524419210872,6.039949484323253,123
556,5.1273878107803785,5.165743733888911,5.0858569974971255,5.091018676677112,5.045595919377,5.131722405714269,5.067497934781876,5.092399731939539,6.0367156222581135,123
557,5.127964874627033,5.166898993526561,5.083324138249301,5.093326868369041,5.047827547134059,5.133514869712979,5.0660602031131585,5.0933030099875545,6.036011758828302,123
558,5.128107527655927,5.168548346811418,5.080987234307904,5.095275893742208,5.049325715342389,5.134801802061854,5.065166347909624,5.094907466410905,6.02946126880561,123
559,5.12875414618963,5.169763063936683,5.078435905372679,5.097126988845606,5.051063049535271,5.137021028526042,5.064471479219951,5.096281209104982,6.0367669932120265,123
560,5.128790147979994,5.170154522725877,5.075727212139126,5.098641209404507,5.053478508669778,5.138430668783333,5.063542042790463,5.09730490767001,6.045791207123747,123
561,5.128848196792795,5.170802791169444,5.073369619606389,5.099731326071866,5.056556163484725,5.140344607513004,5.062548776715765,5.097968404442675,6.033628022732702,123
562,5.128290245893824,5.170728224159429,5.070790858459549,5.10040979653414,5.059368313497834,5.142324312303816,5.0619094947197825,5.098757588630865,6.039779305505847,123
563,5.128072535586417,5.170961486678706,5.0688176267658145,5.100819565097691,5.061949661103833,5.145410749182364,5.062183483408758,5.099110784646294,6.039561709898877,123
564,5.128054132005526,5.170636045995678,5.067002207801039,5.10106175957039,5.063968039973174,5.147495167525414,5.061946136970481,5.099840446080098,6.030143659185422,123
565,5.128238419652164,5.170143853163724,5.06474891545296,5.100979905722551,5.065687057823055,5.14882044090987,5.061856394255759,5.100542580012076,6.02930910689573,123
566,5.128782675769295,5.170015144587323,5.062499680982741,5.100788199908188,5.067038509646091,5.149643091024735,5.062096208875008,5.100042434631129,6.031151488448556,123
567,5.1293991578936975,5.170301187129725,5.061072672932324,5.100065214914464,5.068110076474371,5.151005757212901,5.062305274736865,5.098630682028084,6.034285354238995,123
568,5.13029003811058,5.169012217765769,5.059664455215508,5.099332964250303,5.069988036599613,5.152623447249804,5.0632218919313585,5.096996916586009,6.036952668817512,123
569,5.131607053006022,5.167151070983166,5.057716659661462,5.097792966123974,5.071303609455617,5.154248701041293,5.064655629913823,5.095360233238989,6.036205017176529,123
570,5.132087063778749,5.16589165765361,5.0554674200108,5.096973362683475,5.072996778185038,5.155755842999218,5.066603983351124,5.0934485343751295,6.035612751002011,123
571,5.132140059381371,5.165112140479294,5.052673514400229,5.096007999603267,5.075081537199562,5.156961392826593,5.068980955754855,5.09199299032913,6.038007786522311,123
572,5.131329893459901,5.1643691241248595,5.049522015944928,5.094387220707091,5.075866633722302,5.1577516942249515,5.071476749330333,5.0914953319561045,6.0432058930621055,123
573,5.1308619270910025,5.162978694199213,5.046081977310738,5.092808815003979,5.077646893860872,5.158331512569874,5.074892946853479,5.090071639211137,6.0415437773820635,123
574,5.129657028150957,5.161518068275949,5.04318054034378,5.091199286493573,5.079533470033072,5.158745246488034,5.078666658580518,5.089432836617226,6.046406219388638,123
575,5.127785495759514,5.159649836000372,5.0402724367209135,5.089351871816836,5.081947088787478,5.15867044175511,5.082442434168674,5.0890784719030115,6.040117962793544,123
576,5.126580498666042,5.158861488406505,5.037198199255461,5.087768137148027,5.08448948164558,5.159060650524854,5.086713281857886,5.088592283505141,6.027573540407323,123
577,5.125044275653323,5.157846181834609,5.034436042203058,5.086749206607175,5.08605413476289,5.158530086750701,5.091023097469034,5.088399580972999,6.029266582913462,123
578,5.1242661397701115,5.156520034082769,5.0309455920707755,5.085162431568875,5.0876829799567025,5.157780809133977,5.094942067586672,5.0882355416435345,6.033353226224569,123
579,5.123953052563936,5.1550842945765805,5.027255724709354,5.083834449318555,5.088187974475487,5.157620177595298,5.098690655763744,5.087297916034578,6.039015155950584,123
580,5.123827542548,5.1531646303287175,5.023661385351506,5.081581233519604,5.088946315838559,5.15746092149473,5.102620499414039,5.085498276681028,6.037897880121976,123
581,5.123989544478425,5.151291828411365,5.0208780670406306,5.078997784419881,5.090832824534996,5.1575176796419555,5.1063791886050085,5.083956258131602,6.034522761317213,123
582,5.124573144381589,5.1492610089373185,5.017493276934525,5.076703268399507,5.094014318139937,5.158388009082348,5.109371369882732,5.0825382710485165,6.0309044505834475,123
583,5.125330121502007,5.147416672050527,5.014827150435889,5.073508245333407,5.096795665073793,5.159632974611576,5.112413544939255,5.081647691593992,6.031996188150452,123
584,5.12625582143561,5.145928387142821,5.01227060138538,5.070665450040661,5.100006718942873,5.160176396688117,5.115562492566004,5.080911963269174,6.027434544929398,123
585,5.127148355285186,5.143992162475869,5.009908978590612,5.0685248725638266,5.103201527024122,5.160867550082387,5.118882416852909,5.080011651759997,6.033348658104334,123
586,5.129076437799496,5.141410289885764,5.00832539109512,5.0660519187403885,5.106521294934597,5.161638082707964,5.121621404728794,5.079596888062528,6.027329887351998,123
587,5.13092914739101,5.139646306126911,5.007277684401129,5.063849452714161,5.10968862227519,5.162564859047038,5.124206561137884,5.078693132107821,6.04220571102242,123
588,5.1327842604213085,5.137387324799597,5.006711936654451,5.061991203273826,5.111317673106273,5.163048031138114,5.126599578969438,5.078147822975515,6.0354162345036695,123
589,5.134614945053534,5.1350424377575745,5.0058572826985985,5.059413760919464,5.113661211839258,5.163400477050609,5.1283411364706035,5.078158137328548,6.040291311188531,123
590,5.135798484852373,5.1331517981069235,5.005288256050348,5.057086173796662,5.115451069728445,5.163305903990289,5.1300785239011155,5.078346338776702,6.034763806775074,123
591,5.136517462321242,5.131268794568797,5.005941363686739,5.055228872635324,5.11744608335486,5.1632800810073505,5.132615131011606,5.078599650200829,6.025979295900187,123
592,5.136596697535842,5.129529022523057,5.006745890678669,5.0538219082563565,5.119011690895123,5.162728844894159,5.135293995803444,5.078390122858885,6.040284483474703,123
593,5.136250936340462,5.127947247949962,5.0081962751664175,5.052712283675917,5.120923290139652,5.162308153449444,5.138341391241534,5.078533896678062,6.038792561968182,123
594,5.135758245844723,5.125950321138355,5.009268156104133,5.051443294321307,5.122312968627938,5.162474377302197,5.141131678122927,5.078000715537939,6.041821893979453,123
595,5.134677123043233,5.12433842796659,5.011242043123104,5.050448402695322,5.123397888686542,5.162401072423232,5.142742406465292,5.077964477324251,6.033247417075603,123
596,5.13435022504452,5.122787273559349,5.012992325851558,5.049511588414045,5.123965719737244,5.1628405009024245,5.145053342346952,5.078101409735979,6.04117727518444,123
597,5.134137940372309,5.121377943360425,5.01530012337317,5.049296739188022,5.125079269704777,5.163516500553451,5.147636175721203,5.0782399848016535,6.040904541866336,123
598,5.133579574990666,5.120086432322099,5.017779175895822,5.049960556947653,5.125668178336227,5.164044166860506,5.150053103962893,5.0783696822140145,6.038291676716156,123
599,5.132878578451134,5.118669325671808,5.019954331976852,5.050712425110142,5.126175182285982,5.16382930367052,5.151825833679056,5.078948309393406,6.0404044130878995,123
600,5.131637693901766,5.117748709900847,5.021728703012217,5.051263492132978,5.126626840038726,5.1633506723478355,5.1535937551649,5.079461865597694,6.037295258994526,123
601,5.130382997222819,5.116202207254689,5.0237543015474255,5.051413266206921,5.12616449592929,5.163558391770097,5.155243187366063,5.080263795973547,6.042147332058265,123
602,5.129450685052671,5.114653216269034,5.025443388331504,5.051809529447956,5.126056990482423,5.163934702008756,5.156393805906303,5.080849823651612,6.030056464580703,123
603,5.1280055769986985,5.11257157297191,5.0266463004355,5.052225369164406,5.125810376996415,5.163846550192041,5.157982424492786,5.082412108340984,6.0412596703491,123
604,5.126107343959372,5.111057350851577,5.027877576352848,5.052423961168605,5.125351602523741,5.16315065474371,5.158798416541048,5.083660811527735,6.036688041921128,123
605,5.12338713157957,5.109419268461798,5.029834028634642,5.052302708650761,5.125004289446229,5.163200430989107,5.159043915082498,5.084913235709205,6.037292469036523,123
606,5.120774632736994,5.1070801937978345,5.031199816100953,5.051453687502567,5.124159366413706,5.163271219912908,5.1595662049153255,5.086489913390189,6.041887191933148,123
607,5.118214031051819,5.105112785104039,5.031972635368257,5.0513262620174535,5.122928103042682,5.163516089015626,5.159930919170259,5.087902812422373,6.038638518155526,123
608,5.116225283390931,5.103879606282463,5.032922902228089,5.0518755929377415,5.123054882644297,5.163764664011332,5.159264532300123,5.0889620587722195,6.034293451366049,123
609,5.114091997060603,5.102503339225268,5.034389174507012,5.05273491954207,5.121821092435857,5.163777772125931,5.1579423995197935,5.090278888288223,6.037578032436691,123
610,5.112005546555836,5.100939662760568,5.034873770483527,5.053501004744756,5.119842056352143,5.162971713589212,5.157018812949559,5.091228404327168,6.033343704565266,123
611,5.110781626946774,5.099961577618207,5.035722599710343,5.054227263972831,5.118552445239894,5.162504039906253,5.155637403570936,5.092067309761406,6.038035387519951,123
612,5.1094373638809945,5.099000973088463,5.035804001760935,5.054652805490899,5.117456615368689,5.160938757545601,5.1538589160665245,5.093344476419617,6.044560686977726,123
613,5.108398711223181,5.097693671713387,5.035538771857668,5.055706341036619,5.1165375845821535,5.159830480136559,5.151893897006026,5.094652566715066,6.0389365283322,123
614,5.106545586462817,5.096696227843401,5.035236363092338,5.056907315533744,5.1146921399684215,5.159569581678716,5.14976223611538,5.096694453998644,6.0355550341163,123
615,5.10418954618239,5.095188510557746,5.035403181858918,5.057900270723406,5.113326104387103,5.159321509468846,5.147004414722768,5.098181157146144,6.036026659020722,123
616,5.101657822534974,5.094032675164337,5.036085504806581,5.059399937776519,5.112687359893057,5.159551956613657,5.144155564864137,5.100505585353845,6.034510411208708,123
617,5.098863909215929,5.092728203781921,5.036511342875027,5.060551741390412,5.11136722074431,5.1587058905806655,5.14142694182655,5.102582963518436,6.033799290356865,123
618,5.096238727905668,5.09159559069534,5.037185865276312,5.061022217015353,5.108889649776085,5.157217864082271,5.139801893916298,5.104206019767748,6.037287165039996,123
619,5.093699806746053,5.090902956921493,5.038062637215435,5.061830834584523,5.106972270854046,5.155652666868427,5.138344166465068,5.1050526907947535,6.047810412305067,123
620,5.091078430136972,5.089600787766072,5.039305908769313,5.062418613926004,5.10519792507935,5.1548597043242586,5.136819835781035,5.105745145528909,6.032629810715766,123
621,5.08817227355519,5.088661371200215,5.040120621294971,5.062304026340161,5.103542837738173,5.153623835659424,5.13540785265161,5.106215010274898,6.040337501548238,123
622,5.0854398924362805,5.0884935229352,5.0401990139931065,5.063147082165365,5.10239841264959,5.152145671375332,5.134249220424517,5.1067121154730994,6.037156507222286,123
623,5.083288423961162,5.087480214292242,5.040174243900521,5.063540879108778,5.101976219085925,5.150579169389225,5.13308662382698,5.107800353469763,6.035489199965488,123
624,5.080965918903393,5.086755068366583,5.040041159437708,5.06404521790696,5.102666806689661,5.149810001424719,5.132168760802636,5.108154540109363,6.045005526523861,123
625,5.078455289443096,5.086440469398362,5.0401973267510165,5.064348541695088,5.102772873169858,5.14955437605897,5.131608961969416,5.108652834344425,6.032483736061629,123
626,5.076305001902885,5.086583875610779,5.039986938308963,5.064639382231984,5.1028324558527665,5.149309114015469,5.130988583375055,5.1087996244914375,6.040238538277662,123
627,5.074396293381227,5.086268137813372,5.038968639973367,5.0642620764516035,5.102331369482419,5.149107966326056,5.12931768406271,5.10880024693768,6.039736430059701,123
628,5.073302705829953,5.0863699413829195,5.038079997261599,5.0641284781461735,5.102148790070575,5.149145230711266,5.127518432729516,5.10961335122802,6.044993750950259,123
629,5.072520746938331,5.086055327993179,5.037532747189056,5.063783307683643,5.1010960707385244,5.148905498624621,5.1251599043145575,5.109619307983302,6.040314473971932,123
630,5.072088543574868,5.085648709144831,5.036929787422283,5.063649537417579,5.101076736609409,5.148968588423156,5.122275842908268,5.110287776155367,6.0287209931252,123
631,5.071879305190151,5.08549533629221,5.036388306905408,5.063962007683642,5.100973821764154,5.148872011015483,5.120610423201698,5.1106199956607945,6.041422686324293,123
632,5.071692363713938,5.085598419183274,5.035716433038721,5.064998649065467,5.1008013012517885,5.14907127318938,5.118629129799006,5.110583154823699,6.0500176089155895,123
633,5.071501699585787,5.086014994560982,5.0350104696937725,5.0657788635297045,5.100440412486938,5.148762382723575,5.116944771090727,5.110416952785997,6.029987248377271,123
634,5.072074073531725,5.08667228429663,5.034624736514507,5.065567314197912,5.100206808071528,5.148806040996407,5.115083996637639,5.110633004043747,6.036515858497255,123
635,5.073197418868214,5.0874395073988525,5.0341978267742515,5.066111269073547,5.099932115812718,5.149025319296536,5.113485315087651,5.11035826676571,6.038076632330946,123
636,5.074698882502796,5.087869298834098,5.034295432852778,5.06695311848466,5.099586605775941,5.150362686819015,5.112012412030616,5.109357571240649,6.047040194714544,123
637,5.076074340684395,5.0893482526643465,5.034458199250434,5.068743660940657,5.099570571924225,5.151504241075989,5.110429806977144,5.108097219695013,6.042925325262672,123
638,5.077394147075452,5.0912133038362395,5.035031781187925,5.070518782525635,5.09913201318545,5.152810656593065,5.109389675297443,5.107724474858816,6.044889005098187,123
639,5.0785265241748245,5.0933440972482025,5.0351069293169255,5.0724552172240465,5.098803564952393,5.154143317187952,5.108159018709326,5.106995694082503,6.045044646960003,123
640,5.07976693264659,5.0947489145163685,5.0351523530938636,5.074259646313559,5.098310550372972,5.155888330013935,5.107721005176525,5.106355170066443,6.033267860757089,123
641,5.081138693600094,5.0962305737099545,5.034797270174671,5.076631332379556,5.097996882047978,5.156357936370831,5.107411388385022,5.106085050432618,6.038646350483879,123
642,5.082457617860886,5.097844640480167,5.034374024323354,5.0794180497509185,5.097876428572428,5.156278072555867,5.106653846585399,5.105784596289789,6.037192329345745,123
643,5.084151906002191,5.099620132263542,5.0351015718138274,5.080935841868154,5.098097864733706,5.155829072056706,5.106396519679011,5.105327061505706,6.041346045038178,123
644,5.085821169803404,5.10100859135582,5.035964010949372,5.0825881378618405,5.097672430566653,5.15504133558877,5.106211972889677,5.105190001113261,6.045747998434195,123
645,5.087520183337064,5.102901703603397,5.036721264248337,5.083205133515415,5.098272381792956,5.155016335643198,5.106135751218671,5.105008482884041,6.038671125253855,123
646,5.089652421308383,5.105096111841785,5.038586378273601,5.084163774497239,5.098918334140681,5.1554546638896905,5.1058933215140385,5.10510757164028,6.0392490587599035,123
647,5.091948327576334,5.107420690480711,5.040326009463596,5.084833667314891,5.099186614588238,5.155648265220647,5.106562043690664,5.104949982122081,6.036241260588903,123
648,5.0941223747194355,5.109083952169954,5.043357149329778,5.084926502506635,5.0997597932052114,5.155736303509889,5.107427161423751,5.103939804484285,6.041796286203698,123
649,5.095672286871766,5.111705902472849,5.046171485840136,5.084974696513328,5.099638375567496,5.155349281599365,5.10884038813516,5.102822947512323,6.039892513021895,123
650,5.097152992856971,5.114501777279546,5.0490137365865895,5.084527059380612,5.100057573751462,5.155372566240066,5.111222747325574,5.101035229477118,6.047044678956934,123
651,5.0987771622698626,5.117608894996257,5.051964439531103,5.084723886554024,5.100931512462936,5.155083153369498,5.113795404464719,5.098945254034835,6.03543714789947,123
652,5.100198477781554,5.120440258008416,5.055200125580736,5.084495624376893,5.1010131319975045,5.15473971156298,5.116441550101111,5.096207923746313,6.053170902102566,123
653,5.101895467109842,5.122789017350028,5.058449347556661,5.085353365568129,5.101026385250884,5.154783407833358,5.118781550028535,5.093848363598211,6.040678878493529,123
654,5.103225492654307,5.12503938269145,5.061734122527644,5.086162726030247,5.101096574314893,5.155140409201163,5.120659538433376,5.092356469805517,6.035389965024694,123
655,5.104985309384713,5.126551101897727,5.064792347562332,5.0878659290215715,5.1005261593163365,5.155619074155217,5.122139675767087,5.091656383992212,6.046485220229126,123
656,5.106422769334705,5.128454802257642,5.0675992606048545,5.088561269794709,5.099605315097765,5.155307112350072,5.123565790554986,5.091023862444493,6.038262770934059,123
657,5.1081089925695835,5.130464696475513,5.070817997722528,5.08972880285798,5.098836820838465,5.155768974245433,5.1245994275744895,5.090303446692267,6.040135379379126,123
658,5.109165044527128,5.131867477785509,5.074285526452716,5.090721945045715,5.098094245141823,5.155900218151396,5.126744732458814,5.0887363975880815,6.046739665934898,123
659,5.109650408138185,5.133360111323254,5.077176865964171,5.0918919606019415,5.097128385331862,5.155573019885136,5.1292475914196505,5.086738015751769,6.051567638706294,123
660,5.110048352218312,5.134830496435802,5.079899769396622,5.092600691185488,5.095547502634746,5.154628898250346,5.1319090829346425,5.085748256867478,6.044915660491731,123
661,5.109890601842663,5.136404744509543,5.082074237663631,5.093930158441728,5.094602863523001,5.1539046205527885,5.133717463641789,5.084076320153479,6.041893131821353,123
662,5.11011576569469,5.137450259262554,5.084925379745213,5.095790467412621,5.093675346912423,5.153252462935386,5.135158221575877,5.083335586519704,6.041035951602557,123
663,5.110635338880779,5.139002254607479,5.08760962282126,5.097959858304216,5.093042914750362,5.151911895288331,5.136783001417403,5.083086721368899,6.040448775156027,123
664,5.111257292458568,5.139859670808902,5.090205220035438,5.099731139910443,5.092638247741705,5.150592897648572,5.13835301602752,5.082198066925345,6.037304052967344,123
665,5.111853394311875,5.1404580978979935,5.092619689283115,5.101444120710351,5.093097216477793,5.149751333856237,5.139762790950591,5.081933571185399,6.046501262296243,123
666,5.112510772371465,5.140979405942095,5.094876127913942,5.1029698147998666,5.093293518271966,5.148427228945583,5.141435907399919,5.081741305163792,6.046313307810782,123
667,5.113163055352535,5.1407512170505605,5.096920000078249,5.104588408699411,5.09354206479881,5.147771714579018,5.142709098138486,5.0817951511830195,6.045622232775035,123
668,5.11358136794512,5.140761743755417,5.099323612147828,5.106105921197942,5.093549149024387,5.146414411157101,5.143890856716352,5.081807417348814,6.036355933685607,123
669,5.113920885324089,5.140185215780248,5.101628946214257,5.107250123073603,5.092663451006215,5.145157521057534,5.144763679833194,5.081672297623211,6.0387135256522075,123
670,5.113629704353469,5.139204339942129,5.103715758123121,5.109272970130578,5.091920026107147,5.14413828145376,5.145532295283825,5.081688947667049,6.044360140361669,123
671,5.113319805344673,5.138091122026491,5.105943056775995,5.110689307740875,5.090926661746965,5.1429447062672615,5.146215528230492,5.0820406897841925,6.037621217370787,123
672,5.113047313934912,5.136795238533339,5.108123849496005,5.111905133242948,5.090368735679423,5.140947223109793,5.147110639719383,5.083650924604445,6.0419992716164925,123
673,5.112924609023689,5.135281144496409,5.110581833585446,5.113234260293889,5.089948851307389,5.138804812682025,5.147634155683997,5.085697909644683,6.0347374747777325,123
674,5.112056677832291,5.1331093566584425,5.112740359225643,5.114106148724169,5.090088302879339,5.136858926005122,5.147953348229702,5.086610854249253,6.033911692545776,123
675,5.11163327252614,5.130572159917341,5.115512794586905,5.11478542412073,5.090660652979727,5.135855528562712,5.14822882428629,5.087512628422977,6.046870772452323,123
676,5.1118669384353375,5.128721787267022,5.118414157736883,5.115070865033427,5.091224309095665,5.13480667622164,5.148521776646495,5.088386429929528,6.041475307573628,123
677,5.112916967084037,5.126450220126927,5.12183295813324,5.115525538962865,5.091675665807358,5.134741346164031,5.14875014081986,5.089010672393677,6.044669445184234,123
678,5.113722779516717,5.124526380263747,5.12547304260708,5.115454654842387,5.091900592566512,5.13502440680019,5.149095565611382,5.088951785379488,6.043742062222773,123
679,5.11412167289545,5.122324400726238,5.127974738648963,5.116309738637215,5.0922748628421095,5.135488006667472,5.148875358867318,5.088632406991448,6.047969528044365,123
680,5.114443146505876,5.119525096987047,5.130538174355732,5.117147296054618,5.092979776417511,5.136279122231562,5.149348114063539,5.088208694636613,6.038382643958411,123
681,5.114083333078454,5.116309228524965,5.132323489744965,5.119279755294244,5.092493733857875,5.136281228093438,5.150114066143732,5.088757761128824,6.051341294290021,123
682,5.1135980370138165,5.113129121293355,5.133826527594408,5.120975564552877,5.092228397734159,5.135820478826243,5.1509624720247595,5.0891434924386445,6.048372117024119,123
683,5.112663348125743,5.1102471132999625,5.135045723224471,5.123046014021986,5.09201320043339,5.135521799699623,5.150909162338698,5.089827032961859,6.03969493446174,123
684,5.111895586918424,5.107598949353691,5.135624320962274,5.126067187253282,5.0914080245337905,5.1355662606143415,5.150890510796044,5.090526947244038,6.053081368638646,123
685,5.111241834855157,5.104861250594372,5.136054211518618,5.128346492990405,5.091485445307768,5.135526591064136,5.1501116021246185,5.090889061113297,6.047876018302004,123
686,5.11118601505002,5.10192227415539,5.136330251511607,5.131211951822062,5.09128030544653,5.134453618775603,5.148595441803595,5.091290204655964,6.047645898932891,123
687,5.111406533012238,5.098690590000216,5.136628778783194,5.133539969069468,5.091072716775966,5.133422374532633,5.148148141411218,5.092223678874875,6.04940576471245,123
688,5.111879159076205,5.095447350979437,5.1367132167530185,5.136110627252265,5.0908657228079885,5.131943240927882,5.14759839054916,5.09305647518046,6.036182817870705,123
689,5.112581027259184,5.092529430093793,5.1361969574932544,5.137803666204919,5.0905395025432245,5.130587918775918,5.147158882556324,5.0928274414861345,6.03776269892399,123
690,5.113057720611145,5.08970441389832,5.135762838554719,5.140111627672857,5.090404888201931,5.128906681030894,5.146570036057931,5.092121492902318,6.042482410496778,123
691,5.112905741600571,5.087322090043221,5.135645601575822,5.141736923818632,5.090567305305123,5.127205348276671,5.146309235244022,5.091086478289813,6.052934996399921,123
692,5.113481086788789,5.084882830727697,5.135583427808425,5.143827374265023,5.090521905706317,5.125810060114576,5.145593500586037,5.090335612216416,6.043683443245455,123
693,5.113465570230744,5.082287804049013,5.135355695602387,5.145355560457597,5.090205299044259,5.124100557342497,5.144728544707941,5.0904595369011805,6.043381438440943,123
694,5.114054410582652,5.0800215533448245,5.134328605279997,5.146640450005587,5.089416356170862,5.122962766833031,5.142971909925196,5.091022192451858,6.044214408022077,123
695,5.115327348827254,5.0779821584159635,5.1330481741548795,5.147693558074198,5.0885068183268825,5.12214318031772,5.140532967757482,5.09184887735538,6.041542816830924,123
696,5.116987005653427,5.075898818898978,5.132338088901467,5.149068505777201,5.08773203881665,5.1219939481715535,5.137882276434562,5.092421478946971,6.044699287552933,123
697,5.118303375834258,5.073890108158807,5.1323056944569085,5.150004939149412,5.087022711293622,5.12142168130525,5.136107225617323,5.093536207947768,6.056589797171409,123
698,5.119026411639283,5.072049094165637,5.132196422756865,5.150091730297502,5.0865616835128495,5.120689119411821,5.134785584412027,5.094049726793801,6.052116881073124,123
699,5.119296668481258,5.070659539556978,5.132185974091738,5.150520712259043,5.0862346376485625,5.120310085541307,5.133784737317842,5.094060036800364,6.04361847006588,123
700,5.119363697594407,5.069804219340643,5.1322661670581455,5.151311945868622,5.0859528639874245,5.120000371345563,5.133198736322456,5.094163135100393,6.0336064853993205,123
701,5.118897317438312,5.069061005772355,5.132147623008923,5.152456930156821,5.085469560714227,5.119152374706347,5.1326946905431035,5.094224992161019,6.040189862107016,123
702,5.118440389272321,5.068457882500392,5.132453902347525,5.153429543219855,5.085490090052245,5.118277013628541,5.132154395567754,5.093813664137329,6.044578912216416,123
703,5.1179027627660645,5.067829274161044,5.133061937597898,5.15396540650416,5.085349007399223,5.116931999702747,5.132152087820297,5.093332345937563,6.048640396182703,123
704,5.1174079666217045,5.066899032568379,5.133904665636184,5.1535591242242145,5.085404567789686,5.115573655899591,5.132410311216882,5.092791233301776,6.041099373932505,123
705,5.116899425114079,5.06618751165278,5.134569821124213,5.1534325572548525,5.08538128040736,5.114045728943313,5.132964169013705,5.092366071146466,6.040858422416151,123
706,5.117126515536964,5.06543880124565,5.134257634332223,5.152796127942924,5.085923655878025,5.111517455722469,5.133284752033226,5.091271904789949,6.038488207102305,123
707,5.117211120253289,5.065149093769536,5.13361426694447,5.152554412270962,5.087038003057938,5.109117637678324,5.133831805401559,5.089918594682095,6.043121366937421,123
708,5.1171437678948735,5.065036531241477,5.1328374561803916,5.152180902455331,5.087544550608852,5.107390263701507,5.134313124584022,5.08769096079795,6.045160865609723,123
709,5.1165969266162215,5.065231044685396,5.132159675894773,5.151253771077646,5.088279666805896,5.105761786323656,5.135580356119746,5.085643649301382,6.049334461564016,123
710,5.1169221286796915,5.065823211230537,5.131285150876824,5.150798700025708,5.088805494496732,5.103851719065199,5.136961106400506,5.084557430155509,6.046285417735663,123
711,5.1171840375669575,5.0669348102764005,5.130197749493516,5.150479069385794,5.089548611318223,5.1017341894423645,5.138237211663228,5.083894860218246,6.049551636333129,123
712,5.116553243125969,5.068287682134464,5.129246697910791,5.150803477422517,5.090588209512784,5.099691214817613,5.139185086688105,5.0831738240954465,6.037802314683506,123
713,5.1154821783667295,5.069218232759627,5.128021686697865,5.150478745553872,5.091951153172314,5.0971475066766665,5.140514878386922,5.082450289620857,6.041466134493975,123
714,5.115118288939554,5.070112686247392,5.126691596862697,5.149991334235179,5.094256893971384,5.0939333875466595,5.141509961013946,5.082162773653694,6.047595747124626,123
715,5.11456027039393,5.070845980689027,5.126034757611304,5.149713319107602,5.096043011054666,5.091064375883315,5.141982668980162,5.082200038750553,6.041963090307649,123
716,5.113942174794516,5.071977709831845,5.125467570595243,5.149344657481086,5.097551800262298,5.088463597264676,5.1427271878297045,5.082128817672342,6.043969691162223,123
717,5.113592791921274,5.073275186387434,5.125766537276551,5.1484227395966755,5.0998895124167944,5.08617606911973,5.143397041097467,5.081594050769913,6.041487878529151,123
718,5.112771819014424,5.074637907241819,5.12610985501389,5.1476042036159555,5.101761817993848,5.084353175694952,5.14330752581349,5.081595167315612,6.045397682091192,123
719,5.112654587861408,5.075145969619783,5.126239609727882,5.146369463192785,5.1032709159321135,5.0825006105711585,5.143800688578088,5.080714852543248,6.04307539486642,123
720,5.112437182844469,5.075565638326289,5.126006281853238,5.1449685488484125,5.104765720190541,5.080378737665747,5.144232896645813,5.080020025892017,6.048467827519951,123
721,5.112434992440823,5.075866050199592,5.1261320548619675,5.143934984890392,5.106345857557752,5.078780069341844,5.14517505812754,5.079437339519039,6.0343614119032045,123
722,5.112072487901005,5.07598543731126,5.12628169198128,5.1423344265739805,5.1079147191183765,5.077942960873448,5.146138304040695,5.078937667806201,6.04378446638661,123
723,5.111851883444345,5.076340535139531,5.1257683078744805,5.140863030605011,5.108857662802129,5.076539613351399,5.146512070966592,5.078696980006953,6.045455223668021,123
724,5.112191468710884,5.076817117586835,5.125201690316748,5.139710730264303,5.109654842327121,5.075441330940626,5.147371980521571,5.078095547155515,6.043775697275023,123
725,5.112488897000465,5.0774918610834145,5.125214979575787,5.138686597030188,5.1108118592891625,5.074454525981231,5.148281144958799,5.077970849161625,6.044600436066127,123
726,5.112824230303323,5.078373433809021,5.125184180310988,5.137500911137023,5.1117200322704,5.0740537809297495,5.149250103710623,5.077761685662307,6.041102391957177,123
727,5.113647402030445,5.079345194252432,5.124911480681772,5.136318634621641,5.112774592272174,5.073831764714562,5.150096318668742,5.0774266701066075,6.051945944331325,123
728,5.113531281523297,5.080074034941541,5.124436865609059,5.135758861035148,5.113887861256755,5.073804702978409,5.151327144991248,5.076837375339155,6.046312312213199,123
729,5.113620883509816,5.0807661051336375,5.124230911494939,5.135446181497814,5.1148844334843355,5.074371241200568,5.153022655887617,5.075544880451867,6.041648905931729,123
730,5.113117703336296,5.081401101243019,5.124436446643975,5.135049309780712,5.11598413319038,5.074665059513757,5.155005523501682,5.074627419165273,6.048616819453827,123
731,5.112113828379986,5.082156486715659,5.124746162124714,5.1351275429045025,5.11708279389426,5.075049268932005,5.15773696176403,5.073329983380456,6.043410566871292,123
732,5.110942074025143,5.082747711882959,5.124829231297968,5.135114900451303,5.117744487405057,5.074839036379385,5.160337440759863,5.071625949996533,6.0398549192158075,123
733,5.110707090100249,5.083149247067385,5.12413850271292,5.13488708710601,5.118188426564844,5.074631118532855,5.162817713114242,5.06997185078696,6.036430823357229,123
734,5.1105966643484235,5.083752583278816,5.123418688046856,5.134881672040905,5.118327249740139,5.074792125477226,5.165376091887094,5.0684999392247025,6.047164371260116,123
735,5.110781570720004,5.083444351971625,5.122677574203922,5.135191606159907,5.1182450040861545,5.074873263662164,5.168284510445421,5.066858557704268,6.0394734477850385,123
736,5.110579567268733,5.082785179571233,5.122354106271745,5.135559761561872,5.117884996113162,5.074797452061031,5.171097674182359,5.0654106953476425,6.045131969189748,123
737,5.110694998490656,5.082714733968453,5.121948221749161,5.135824673170531,5.117568552898373,5.07472933377829,5.174208156911104,5.06391891465775,6.041480285614457,123
738,5.110720693129939,5.082581579176992,5.121053710479585,5.136136933785908,5.11699550984488,5.074257442258974,5.177092226593011,5.063077085306192,6.039054071457172,123
739,5.110998897216756,5.083170244973871,5.119987262853473,5.136014351438133,5.1158619497126665,5.07412355415162,5.179312810216736,5.062134648628304,6.0450928894074245,123
740,5.1113683536555765,5.084125951757469,5.118454827893428,5.1365884228133964,5.115163029982991,5.074260145799483,5.180893328842677,5.061454855257367,6.041655182988144,123
741,5.111971638816959,5.084743841356198,5.1169289413703405,5.136990820880479,5.114888398113273,5.074981426880353,5.1820910915890135,5.060927417179148,6.044126050609723,123
742,5.112371929866576,5.084918482002504,5.116091940423449,5.137119049902683,5.1140606811402805,5.076556233364906,5.182941367507057,5.060990003630931,6.052046484154565,123
743,5.112824162000056,5.0849353067982745,5.115878490074551,5.136625937398847,5.112908895315904,5.078329696441429,5.183790988512057,5.061558035109579,6.046200248450299,123
744,5.113348912848753,5.08536730827552,5.115455727323193,5.1359309904899835,5.112648690525701,5.080133272685023,5.183734398952543,5.062511348661602,6.036574934815951,123
745,5.114398770350037,5.085577492347561,5.114820345735393,5.135478227376543,5.112415110074347,5.081922024089636,5.182937351835029,5.062842087606938,6.041584942088983,123
746,5.114987226705644,5.085000993232397,5.11392654095186,5.1347165829010315,5.111873051862756,5.08310967106217,5.181612342288147,5.063574216496733,6.0429556401754905,123
747,5.115231037239173,5.084333217810526,5.112983401503547,5.133895712253912,5.1106035904431435,5.083847122256259,5.1801006278683115,5.064152986034741,6.046687877244666,123
748,5.1153733153762015,5.083010682643721,5.112011923476082,5.13356147650717,5.109105039705929,5.084139217312527,5.178821932797694,5.064470790557303,6.041639452797598,123
749,5.115722057802702,5.082353487849943,5.111408990585845,5.133673190125453,5.107345986942004,5.084799024333486,5.177212439050318,5.065203899925583,6.050253469055822,123
750,5.114940513298254,5.081977606421291,5.110798293093502,5.134351615965684,5.104843117527848,5.086181798118783,5.175858016541382,5.065799127999834,6.040816139179366,123
751,5.1143408868173434,5.081765008695601,5.110684768915825,5.134502875640193,5.102727397887629,5.086971060008768,5.174950061489225,5.065809928382853,6.043116891842939,123
752,5.113732370256939,5.081366740701677,5.110645467579853,5.1340725924878114,5.100453202291509,5.087879581135603,5.173109380193992,5.065736668951493,6.054611405798267,123
753,5.113487766712158,5.080821486753553,5.110431672198128,5.133819094721138,5.09802401839415,5.088860274928461,5.17105806577697,5.065469258756183,6.0398688768550315,123
754,5.113300764854978,5.079814697626839,5.110124608313025,5.133393770211407,5.095689424023645,5.089932741358598,5.169355542156556,5.0652615393048155,6.049049509021184,123
755,5.112985468242666,5.079942282040893,5.110638261117643,5.132740364149996,5.0931603805230505,5.0911581810924105,5.167307989506441,5.066005279156716,6.046289142116024,123
756,5.11255000673591,5.080557146922613,5.111847020722925,5.132417340053231,5.090525343134616,5.093161983087547,5.165817746569728,5.066485185771883,6.052031733310104,123
757,5.111578342738824,5.0812907555731055,5.113465502595254,5.131556006063802,5.087821705757879,5.094824502538041,5.164666425286246,5.06709524306641,6.037637793661247,123
758,5.110938153800403,5.082205253550562,5.115244830915108,5.130204380520269,5.084967872212227,5.096117917602526,5.162948303486415,5.068279364378036,6.037874873291643,123
759,5.109976106084764,5.083856835152401,5.116694485193602,5.129176941570774,5.082497818730218,5.097114157179453,5.1614954387140575,5.0688408869383546,6.040622990835553,123
760,5.108751650668929,5.085225253962202,5.118216766936095,5.127470541732254,5.080561463533536,5.097489317558564,5.1598508532572644,5.070240743541582,6.049332726973661,123
761,5.107193474374423,5.086277614670781,5.120101524347083,5.125937755049481,5.078468389553133,5.097746113071297,5.15781283709647,5.072047126776725,6.045596132225775,123
762,5.1056823912343035,5.0868491286579465,5.12225245630179,5.124818259826843,5.076501327768081,5.097588184677733,5.155876999516462,5.074263903326697,6.05124343424792,123
763,5.103927216095611,5.087174645133098,5.124256083752954,5.123777316342917,5.0752336070014845,5.09698626525427,5.154482566869276,5.076930888685501,6.039296010322113,123
764,5.103204898915838,5.087354601218303,5.126838585092193,5.122383764067456,5.074266811853304,5.096926374278131,5.1525645115863945,5.080032924657157,6.0432295490652,123
765,5.10257347780782,5.087552862938692,5.129568086241472,5.120972805888677,5.072990527181149,5.096209920953076,5.150536124078092,5.082467120074634,6.0395384044849685,123
766,5.101948413103265,5.087551977358191,5.132026215681793,5.119594961498222,5.071889092673038,5.096186190047768,5.148316422251659,5.084128946072269,6.043666846863807,123
767,5.100891181720172,5.087490514229087,5.134836154771025,5.117619791951787,5.071024415665567,5.09608790213219,5.145837451452582,5.086065406347116,6.042279295039362,123
768,5.099777577192592,5.087655734537231,5.137441232460944,5.11630531778423,5.07046544100325,5.096090574171405,5.143666070953936,5.088865992209513,6.048536465172705,123
769,5.098506789783592,5.087940599865435,5.140403742830905,5.115884134947206,5.070016746656464,5.096351847549339,5.1415951576591095,5.091784515237661,6.048027252232699,123
770,5.097129791231572,5.0875697211029305,5.143449863345268,5.115403027053279,5.069810664819855,5.097076162069838,5.139149758530783,5.094390888563926,6.04776229895739,123
771,5.0957790435999755,5.0873755185593,5.146767697998353,5.114212444923803,5.06945217043826,5.097874262862476,5.136067582528589,5.096626648032341,6.046028102448848,123
772,5.0942664184278765,5.086799375299785,5.1498318246310175,5.113241989990585,5.0695614029458005,5.09874642529191,5.1326783834252065,5.098754694755781,6.048638538547663,123
773,5.093005386893004,5.085886946736562,5.152598238094068,5.1117400672161315,5.069640155406616,5.100051608622277,5.128657112191712,5.100546195181346,6.04476234818607,123
774,5.091897170181889,5.0852273059193625,5.155101435936279,5.1108619193704055,5.0694332041488765,5.101224955824668,5.124765301594886,5.102473762965545,6.048781335275498,123
775,5.0908978710316815,5.084171638971942,5.156994438233452,5.110621134764701,5.069988641662656,5.1023626215907845,5.121159284169838,5.104780727982575,6.053299988601696,123
776,5.0898916440190565,5.082862009648858,5.158903539784672,5.110344881366,5.07035678807075,5.103083815979491,5.118451696487588,5.106970261409457,6.049115193961109,123
777,5.0886825554591075,5.082455529647989,5.160638227473809,5.109871136453399,5.071056048980579,5.1036979089049765,5.115548395421092,5.109383162872243,6.054638400541781,123
778,5.087580332764055,5.082932686306896,5.1618451175132165,5.109624652995475,5.072121494245188,5.104327139764082,5.113612540066875,5.111721492204701,6.040021047295348,123
779,5.086134903652536,5.083345564847637,5.162117044659509,5.109886259449566,5.073458390011378,5.104690505103786,5.111465481102406,5.113446281347098,6.038401609445424,123
780,5.085264499182438,5.083710157920546,5.162547368125935,5.110256551450123,5.074381061067195,5.104679697987208,5.109725678285896,5.115078270538756,6.053774641115377,123
781,5.084414300402771,5.0840016508707535,5.1629374585934755,5.110207246065615,5.075095135535253,5.104508733864507,5.108326231928591,5.116663170942227,6.043276701697059,123
782,5.083641711256654,5.084886899283331,5.163458235723244,5.110037750857483,5.076225385254927,5.104793060837057,5.107745318947321,5.117462070603366,6.043076810012836,123
783,5.082596327617146,5.085889206877075,5.1640859055913975,5.10969638215614,5.077477517017812,5.105367390497687,5.106994195944602,5.1177478289365865,6.046662965908843,123
784,5.081782091819601,5.087327221382484,5.165011595609776,5.109246719505771,5.078863056942897,5.106111194119803,5.106476521655727,5.118435283399553,6.047581157367266,123
785,5.080715436106545,5.08844722747723,5.166104492030358,5.1083142787240865,5.080605496985147,5.1065149729445345,5.106613847206036,5.11924073606872,6.050203853726598,123
786,5.079999959534049,5.08890939896971,5.167577941714271,5.107208126603461,5.082705120023437,5.106480197731435,5.106862880180396,5.119959329957541,6.047209971027895,123
787,5.079470541929954,5.089747295358844,5.168655258553374,5.105745719529137,5.08474773597454,5.106331539926163,5.1069565351737385,5.121108335897002,6.041826583815515,123
788,5.079060879014829,5.0906177237323895,5.169454091457087,5.104676413189047,5.08664460302544,5.105944660178955,5.10711566493649,5.122379578071767,6.0506979020645195,123
789,5.0786032450598775,5.091648075305711,5.17003488527688,5.103711151925964,5.088178338712603,5.1056047748697555,5.107434796490988,5.123611385025109,6.044723123959453,123
790,5.0783447018097085,5.092968862087474,5.170332755131929,5.103229232686587,5.08976150424789,5.105575555151647,5.107676737836854,5.124187053821253,6.054385278305808,123
791,5.077316251468796,5.09377574671913,5.170347144427608,5.102775503345367,5.091734847012225,5.105668180965118,5.10842166963428,5.125065593827967,6.0456514566909085,123
792,5.07566059868941,5.094365936171332,5.169700459265329,5.101952559244337,5.093608664309834,5.104863318434081,5.108604303003953,5.126343295418609,6.0290450285275465,123
793,5.074054039639609,5.094800455063165,5.168908571738962,5.101303337297709,5.0951768958447134,5.104374252432313,5.1081716430691095,5.127684985011168,6.049710104118242,123
794,5.0723844236192885,5.0951802376641755,5.167491022139043,5.101236902920553,5.096322338568204,5.103736831572149,5.108213569683261,5.1283917621534485,6.055592205491341,123
795,5.070854259204209,5.094807782121386,5.1667690848923495,5.100924983287005,5.097494806734249,5.10324977912692,5.108048895562998,5.129312874799355,6.05662939517435,123
796,5.069432012228594,5.094725693051435,5.166012858321029,5.100960433978484,5.09813102816696,5.102917743155273,5.10742129392239,5.130137857814959,6.0440486599691985,123
797,5.068233474875843,5.094508620406597,5.164427507084621,5.101055428898887,5.098679089082241,5.102687835981222,5.107146750779999,5.130757196748216,6.0385784979512085,123
798,5.067101379753826,5.0947261736608755,5.1624304878873595,5.1009128978319,5.099907366752721,5.102516684395823,5.107252788176472,5.131258647998262,6.0488140201011955,123
799,5.0659604706738826,5.09492416666428,5.160916996606061,5.1011239118141365,5.1001977373122145,5.102375149548784,5.107015744025134,5.13178371103889,6.052566367721138,123
800,5.064208268531591,5.095561492124425,5.158851746896663,5.101534482645031,5.100216378340814,5.101365455531958,5.107461086308424,5.1322661691260105,6.038800779202181,123
801,5.062661687690044,5.095982400624565,5.156414900739674,5.102377631663071,5.100870923180458,5.100519570793179,5.107951929355165,5.133524786524962,6.047762638403992,123
802,5.061416564846807,5.0969672419564755,5.154188812569332,5.102950459437359,5.101397006738505,5.099543694964377,5.108131428804105,5.135552729262489,6.048899358075657,123
803,5.060588281320529,5.097765921431691,5.151927476416892,5.104337090774296,5.101615970855622,5.098580597332099,5.108613133977171,5.137455046972001,6.046737057399014,123
804,5.0596785123612715,5.0984840072049895,5.149855020700372,5.105417547745209,5.102068774520777,5.097890042832608,5.108703289652189,5.138707584036881,6.047583133551739,123
805,5.058837699636313,5.09932339060027,5.147281417611845,5.106399873300355,5.102515297925869,5.096951151233673,5.108900773545598,5.1390137104590075,6.045944133639975,123
806,5.058774132514017,5.100936968794336,5.144228986988308,5.1072999399846,5.102912994920294,5.095708991541798,5.108726497289373,5.139141678569611,6.048282237331159,123
807,5.058049451927359,5.10285033314671,5.141132966761912,5.108221468643286,5.103483345279858,5.094702107623372,5.108508919114293,5.139338750840562,6.045945169097331,123
808,5.05767176710617,5.10532487822341,5.137876334064987,5.108272080544642,5.103644876333342,5.0939415128381,5.108359386341323,5.139338592622728,6.0469981467211,123
809,5.056941650753879,5.107896525237174,5.135163851700604,5.108331947565641,5.103843788277913,5.093244772864709,5.108737175897499,5.139559857022619,6.039502425114932,123
810,5.055507178619788,5.110527025013788,5.13259400860321,5.107966492791523,5.104380613946412,5.093143386541808,5.109071650294775,5.139541840617734,6.044056134571439,123
811,5.053383885982144,5.112843721999893,5.130719481939931,5.107136357791713,5.105001783710412,5.092674292572676,5.1096559209533385,5.139205280616046,6.0507918526991125,123
812,5.050949556602484,5.115036693120233,5.128895065038099,5.106028108211058,5.105204119835773,5.092676373860209,5.109557080594355,5.139151180042302,6.046875597711373,123
813,5.0486893688128145,5.116932426022817,5.127087345654504,5.105370805788384,5.105343722169147,5.092080514088825,5.109877724459524,5.13846225535895,6.033785715569875,123
814,5.046364302971156,5.118537292281182,5.12532299574155,5.104767672170217,5.105226374773685,5.091280189049537,5.109874306835788,5.137634162697104,6.0462148143008605,123
815,5.04415432897188,5.119844343946635,5.124590209499626,5.10413447705435,5.105152221390474,5.090056898426114,5.10952712219797,5.13718275128297,6.0473422819495966,123
816,5.041444778290182,5.121119783275779,5.123542561015943,5.103504137823256,5.10465525292869,5.088897699704155,5.10941724059655,5.136312059683684,6.048118894793787,123
817,5.03884957453883,5.1222467996991465,5.1221092385439455,5.103181438327926,5.10364604430083,5.088044274351843,5.1092070897525215,5.135697826826656,6.042608667710761,123
818,5.036286911548897,5.122917388451886,5.120812029723411,5.103279971662179,5.102346197701722,5.087119922581305,5.108072591911911,5.135594481398709,6.047636424716512,123
819,5.03420596886522,5.123454803388663,5.118982612374751,5.103480481396208,5.100709169751615,5.086452207449407,5.107182385459264,5.135574119189416,6.049448116028262,123
820,5.032565231029198,5.124174938017752,5.116834984647627,5.103229144166308,5.09884011264578,5.085860071874256,5.105831216410391,5.135293824502331,6.049012845835385,123
821,5.03133541977156,5.125397312766897,5.113837512486477,5.103123902520588,5.096764892572764,5.085215895720648,5.1037209065029385,5.134848508721815,6.039727602256071,123
822,5.030838005660679,5.126672814546395,5.110470429758635,5.103486796396509,5.094599367507032,5.084958226844271,5.101664942598596,5.13491111444634,6.055739204698821,123
823,5.0300338998190774,5.127528642114001,5.107143947135704,5.104379286176454,5.092226247073405,5.085119569016391,5.099972194615944,5.134994925625307,6.0541947974049535,123
824,5.029825752624255,5.128409280820549,5.104452664256281,5.105389253379761,5.090134897462104,5.085062870281294,5.098226008688439,5.134875665473327,6.055639348110299,123
825,5.028985663590823,5.128944138191811,5.101935927918861,5.106161158568773,5.0883532663221285,5.085001472628662,5.09630479945926,5.134794231125604,6.038899541623316,123
826,5.0284667471929225,5.12959169668917,5.099257358544046,5.107013868604615,5.086932068468533,5.084937435210895,5.094752609704271,5.135587724323715,6.054776344894781,123
827,5.028488410521767,5.129707945723746,5.096826901360332,5.1080248251476545,5.0857429871120345,5.08449962719871,5.092980689555162,5.135866392290397,6.041517687436422,123
828,5.02908355824335,5.130189232762586,5.094580391588906,5.108867559818666,5.084549887112379,5.08444968619077,5.09116712485351,5.135291414385529,6.044069131244722,123
829,5.030434231251515,5.130431059918353,5.09249909006693,5.110104396429545,5.0838297545204885,5.084269266963364,5.089367240924268,5.134578726882443,6.049440605628073,123
830,5.032071312712738,5.130285431616478,5.090880489255228,5.111172519807657,5.083903037276492,5.083989941658663,5.088054594424259,5.134105944816346,6.040806429889025,123
831,5.0337503660226055,5.130729285348153,5.089229796924834,5.112141184168312,5.084093083505416,5.0841389611722025,5.086646195367554,5.1338056063561535,6.049513252362401,123
832,5.034630111642153,5.130707945401805,5.087420893190047,5.113210628057674,5.084318218395122,5.08463455039465,5.085574435553916,5.133564983394521,6.044210999325373,123
833,5.035480917425376,5.130946296134434,5.085940635367852,5.1142855752999274,5.084309966702269,5.085388270078596,5.084527172114209,5.133440921103736,6.045156559883457,123
834,5.036434506579338,5.130791178477599,5.084324458693217,5.115367388332347,5.0835397347797535,5.0862278783715915,5.08283431586358,5.132912613652039,6.053601662268472,123
835,5.037501668507698,5.130841383052875,5.0825826397516956,5.116006934881499,5.083354522873882,5.087323907989464,5.080596777378348,5.1320455753931995,6.045429580795357,123
836,5.0383536355898,5.131046106097251,5.080816739618729,5.116515381452083,5.083335263696105,5.088390774929662,5.078290864385265,5.13095083262651,6.047817120090411,123
837,5.039037905211788,5.131324518393338,5.0792456239306,5.116787559023857,5.082579126184648,5.0900696290492835,5.076037774530487,5.1293829881220425,6.04843326493894,123
838,5.040243472839708,5.1312621779710055,5.077788995978599,5.117421199875194,5.0812984742415335,5.09120075063538,5.073779651498437,5.127300238959462,6.04815731306168,123
839,5.0411893991429135,5.131031169996236,5.0762541122846265,5.11828110976648,5.080131085221275,5.092274110672436,5.071259004824717,5.125037338782734,6.046548025485833,123
840,5.042153391754526,5.130575299179425,5.074342538195474,5.119283810684948,5.078926611980499,5.093176187875514,5.068733773522059,5.12269850245321,6.047437675952789,123
841,5.043181578892502,5.129949091543427,5.073015652510463,5.1203450007721525,5.0772359405656164,5.093964617594849,5.0656932789511595,5.121178126913982,6.052663156691932,123
842,5.043935353031651,5.129081415966303,5.072140829184557,5.121149705399832,5.076171817563603,5.094365387449329,5.063011199686872,5.119627971132051,6.052035177921443,123
843,5.045131791720671,5.127921564131531,5.071057172553959,5.121434629819188,5.075270709307817,5.094324920519249,5.060681292934703,5.118417726763962,6.046988003531328,123
844,5.046555946990187,5.126495844330843,5.069773234897596,5.122134174599908,5.07437710306921,5.0939101792206465,5.0583823129920145,5.117622388742182,6.054891439959242,123
845,5.048109968693063,5.124773655228276,5.068395635273202,5.122938544216984,5.073304070056237,5.092973529260744,5.055902213013339,5.1173188573271275,6.050137665641685,123
846,5.05043805896487,5.122773556174767,5.067796200270106,5.123418810442444,5.072013515300247,5.092054746321073,5.053473806330575,5.116551366141249,6.041656064215265,123
847,5.053163962804697,5.121418310451464,5.066903140178136,5.124368896039423,5.070679254599794,5.091527756320124,5.050825791358664,5.116168223716302,6.038986411523775,123
848,5.055933184197811,5.120001972894533,5.066109009906246,5.125195259897259,5.069763855724142,5.090664554092302,5.048556676167589,5.115679018922943,6.044071046757136,123
849,5.058553225670462,5.119037933240826,5.065823076533778,5.125590139779446,5.068779995964012,5.090209834594087,5.046351201220269,5.115516506520705,6.046370764779713,123
850,5.061065998922939,5.117834703542324,5.066291226579143,5.126269865997829,5.067868498211795,5.089652257377309,5.04431636714795,5.115240461289471,6.0528834799246205,123
851,5.06387695493604,5.116431804236171,5.0661049482779426,5.126540920462036,5.066981370654341,5.0896657327683315,5.042930024954756,5.114832165896811,6.047985017547662,123
852,5.066629089684485,5.114985465863565,5.066468744866643,5.1266722976287475,5.067037170752661,5.089038461670437,5.041727368453598,5.114348266307982,6.03456644955415,123
853,5.068663029557463,5.113241012297649,5.067160909542727,5.1267860787549155,5.067413362766178,5.0881598048012044,5.040510049499192,5.113540658581945,6.043924671872305,123
854,5.070453025158169,5.111662776484312,5.0679986401489,5.126650597398273,5.067710707543987,5.087519506833553,5.040449518343026,5.1125654233256785,6.0510640372929725,123
855,5.071708026592798,5.110551699654707,5.068929138577843,5.126272652298471,5.068060863348923,5.0869015339841255,5.0406372744990176,5.111429191405467,6.041407817563984,123
856,5.072826268160397,5.109329518385481,5.069858910192976,5.125513705659191,5.0686502200660035,5.086346922695034,5.040863445919264,5.109867008159744,6.036352218124979,123
857,5.073810747318272,5.108089433341398,5.070862970757308,5.1251290893796835,5.069351732585782,5.085957429983662,5.041287663612893,5.10825451877019,6.058449028199786,123
858,5.074364407460895,5.106644359606041,5.072107602280317,5.124658327510456,5.069605192089343,5.085606383486052,5.041574812067164,5.106572401793522,6.045469348842976,123
859,5.0751669639129116,5.1053696536167585,5.073240443641807,5.123807550776615,5.070258292786491,5.085176825952462,5.042252060532467,5.105065006195709,6.036695169525115,123
860,5.0750768959120816,5.104012611738651,5.073742312787134,5.12298883440851,5.07104327876568,5.085197799213756,5.043354299298494,5.103520151649351,6.052062110355986,123
861,5.075507820859322,5.103203092851073,5.074188992353122,5.122019097437564,5.071996695828919,5.084675424973582,5.044091401005651,5.101623613008401,6.046299155257904,123
862,5.075906122262035,5.102344927412615,5.075554254977844,5.120885825219804,5.072698327601083,5.083940724896451,5.044334135528132,5.099419211253955,6.05392677755043,123
863,5.076130437861658,5.102296013713558,5.076860341208469,5.119663836337367,5.073364330986008,5.082913372198163,5.044423823290922,5.097089095433106,6.047244601712167,123
864,5.0762406486987235,5.10179289647334,5.077961657244787,5.118451211473548,5.073792812807952,5.081707858914253,5.045215001978395,5.0956762007676595,6.047223381176557,123
865,5.076169126243421,5.101383714266632,5.078855142638924,5.116852214614729,5.073917351956208,5.080296812918926,5.0459716808079556,5.094491239746199,6.0484326292833135,123
866,5.075318812120491,5.101035227410231,5.079851797406156,5.115696173249884,5.073737533444904,5.079243446284773,5.046508089573812,5.093549771712409,6.055974102773435,123
867,5.074201434368189,5.100344778992644,5.0804964739295695,5.115060851345529,5.073322304433708,5.077762968030711,5.047416697092061,5.0923221454320675,6.046408945157192,123
868,5.0735025272590875,5.100180811002309,5.0809070471077415,5.114326727981005,5.073118019408858,5.0764102206836945,5.048395926295971,5.090875294214241,6.0494498026662615,123
869,5.072584510463544,5.099626547305989,5.081163028369911,5.113445376425956,5.073619751846657,5.074841152480676,5.049672071184069,5.089650588509619,6.053771944079434,123
870,5.071680879253517,5.098938712591794,5.081316338173716,5.112021999274644,5.074471350433783,5.073706814599499,5.0514348839768335,5.08869251301881,6.0412910288640544,123
871,5.070735422175483,5.098086908660692,5.081272522388346,5.110581119374766,5.075003089937676,5.072361091948489,5.053820379570208,5.087871287895384,6.05385665892085,123
872,5.070047584173741,5.097347634129947,5.0814016848979815,5.109200531915559,5.075478492396519,5.071198127450055,5.056116886507351,5.08679770767636,6.050696203746019,123
873,5.069076502088672,5.096494172436125,5.0815066520390495,5.107688350406338,5.076422476159941,5.069214108235406,5.05854752443529,5.085814258018469,6.045060159984307,123
874,5.067627854884817,5.095175617896624,5.081679387797404,5.105860577610746,5.07745265545772,5.067406813895751,5.060869191877224,5.084686459992673,6.048123839907355,123
875,5.06666963763407,5.094192775348645,5.08214699358866,5.103491002881844,5.078457924450084,5.065498556471218,5.063170648793694,5.083923926548513,6.0427607355714965,123
876,5.06588601143217,5.094105407853239,5.08304241705349,5.100378635765585,5.079355320189032,5.063753920962279,5.065542385452888,5.08340053904611,6.035142389310273,123
877,5.065083519179467,5.094192117822676,5.08329846457665,5.096101277106802,5.0799637934680275,5.062183524974891,5.068229470577961,5.082713403910456,6.056744926460426,123
878,5.064143878870242,5.094055773807103,5.083196816504608,5.092360790785975,5.079871786371594,5.061156040489135,5.0708607447494485,5.082194487335615,6.049717373594396,123
879,5.0634369239120876,5.094595244602331,5.083477604573074,5.089464292560551,5.079593517462777,5.060157032081662,5.073111154314844,5.081967582793991,6.043098265430503,123
880,5.06270631989096,5.095453852790584,5.084020169858535,5.086238150645251,5.079474778591418,5.059491928741574,5.07558653781234,5.081708191216279,6.039164490271401,123
881,5.062142996001625,5.096894613791832,5.084406046771379,5.082918275858355,5.079292663413902,5.058932133789838,5.0780712443948435,5.081018828301858,6.046812852067996,123
882,5.061139242519984,5.098550491220833,5.0844762287455065,5.080182017794417,5.079053507720448,5.058215275428827,5.080896400918433,5.080426906578342,6.046243597401514,123
883,5.0607999332955185,5.099933824738764,5.0847660820956,5.077712286325873,5.079021311659776,5.057395415458004,5.084079491178834,5.079534238052716,6.04603582085728,123
884,5.060557602132674,5.101450481867614,5.084741445577972,5.0755427285568455,5.079205808322357,5.056953672350102,5.087153662859743,5.078652459135654,6.050433958699621,123
885,5.060546433059637,5.102407933190328,5.084257951084704,5.073705467108579,5.079375737518896,5.056691269891926,5.090170641856896,5.077782852923207,6.04569155641463,123
886,5.0603817778721085,5.10348190715683,5.083587543825978,5.071272198543652,5.079543904401039,5.056400047375405,5.0928504914102675,5.077118194101326,6.046925040405818,123
887,5.0597987948207415,5.104756984205591,5.083221754535247,5.06910457422145,5.079830246952725,5.055584183870842,5.0954206964132025,5.076669286574306,6.045931346555096,123
888,5.059595663869118,5.105674633053609,5.0828086111314885,5.067018599885264,5.079587945087624,5.054764739555532,5.097858992025712,5.076926873810066,6.044851872042421,123
889,5.059851718372558,5.107330833274168,5.082345222393866,5.064075686619194,5.079665538483725,5.054315511513158,5.100567124104973,5.07734430900093,6.034217666369885,123
890,5.060901663760072,5.108299485956259,5.081898301820374,5.061416449794219,5.07986502731792,5.05417299518574,5.102409931265621,5.077094282424101,6.047462983056271,123
891,5.062218050877805,5.108800849547606,5.081658577585937,5.059380802375629,5.080674114477034,5.0538276406725675,5.104059727135336,5.077105732660727,6.05462678926376,123
892,5.063504742616375,5.109073723205032,5.081360114599567,5.05815426430034,5.081562413002192,5.053098165370516,5.10551886365964,5.07755029676032,6.054351551649572,123
893,5.064595021304657,5.109147033779603,5.080873092442797,5.056588873115737,5.082313914000558,5.0521663165726824,5.10713473158855,5.077848484055329,6.047676127167292,123
894,5.0656331242022805,5.109159688863286,5.080119926470001,5.054916563028418,5.083266419197129,5.050632117920057,5.108482199478823,5.07772631303928,6.0364586806902185,123
895,5.066411857869642,5.109130240903099,5.079302820357662,5.053493339180051,5.083713141599382,5.049239744865167,5.109100708521378,5.076967583094232,6.044756178087867,123
896,5.067153753932445,5.109158275749564,5.078306897986549,5.052161955597839,5.084303749413507,5.047473693809461,5.109869516661092,5.076627200139896,6.056261805808015,123
897,5.067669032100918,5.108900853819197,5.077398649717594,5.051214406553317,5.084865143950754,5.046002572146509,5.110866119699828,5.076580364444516,6.051145075076097,123
898,5.068103821555929,5.108924543670733,5.075924629771485,5.050538636326028,5.085509377779783,5.044351918807752,5.111866936397973,5.076383150473704,6.051007953357454,123
899,5.068241497928316,5.1083343159695715,5.074222165044351,5.049560823120036,5.086133029378598,5.0431921651459515,5.112906315980966,5.076444091772088,6.049741047749577,123
900,5.0684123352016375,5.10778835626139,5.072828352889161,5.048584395901951,5.08719521440741,5.042522720751051,5.113731851746623,5.0761661288458715,6.041651573376411,123
901,5.068425249759703,5.10723775262611,5.071307401171829,5.047894825022049,5.08819437093392,5.042101559453322,5.1143846052090325,5.075178769234403,6.049165021340698,123
902,5.068811933673936,5.106974131720685,5.069681275410163,5.047204270360529,5.089925176995033,5.041613190455897,5.114724934615721,5.073662841267106,6.0466121230826975,123
903,5.069269792298261,5.106926276681219,5.068361730274239,5.046102135566616,5.091682826093479,5.041406812234477,5.114965299727848,5.072860006278858,6.056242506447554,123
904,5.06955890640927,5.106836294735796,5.06700910821335,5.045072611972967,5.093231309444814,5.041285286102726,5.115441757027449,5.072246179627243,6.035627641465795,123
905,5.069912259562622,5.107172357520243,5.066515241083968,5.044034248856573,5.094546350499512,5.0407574987297,5.115585852000384,5.071105478636632,6.045644216470877,123
906,5.069984206221397,5.108022327714459,5.066428886664291,5.04331677703224,5.09601469422191,5.039560201792197,5.115694424709787,5.06994290272656,6.044951064437021,123
907,5.070142683253717,5.10860504406857,5.066581787846317,5.042911520398714,5.097917106894507,5.03846067871827,5.115490229040267,5.068630762460955,6.0471100668040165,123
908,5.070092487537748,5.109002741244787,5.066570376663055,5.0420303415986965,5.099733155608904,5.037483514879261,5.115308992020177,5.067752979922473,6.051322380778385,123
909,5.070875924883293,5.1097785766623876,5.06671451723883,5.041168936162222,5.101354902214995,5.036500346881441,5.1154231409379465,5.067109481487051,6.055795552847709,123
910,5.071461921134486,5.111095915834232,5.067006207470227,5.040814358057794,5.1027684698835145,5.035414675112364,5.116046235145074,5.066681393461716,6.047957112968214,123
911,5.071741107827224,5.112350491534584,5.067215421925623,5.040492428259185,5.103838576995225,5.034290087348795,5.116961115331094,5.066317400844197,6.04537782940873,123
912,5.072267522591162,5.112831581009824,5.067198473825589,5.04060992960547,5.104852081287746,5.032964224884069,5.117562490441775,5.065690146173466,6.047284296501954,123
913,5.072875304490922,5.113241258521638,5.068055512438832,5.041292155642071,5.106330498743324,5.031694562561672,5.118123629181929,5.064998296693675,6.039255816465886,123
914,5.0732865192387955,5.113844638527432,5.069002329039655,5.041715087047697,5.107584438547564,5.029613433774793,5.118615890639078,5.064360809523636,6.047716998815461,123
915,5.073823226852501,5.114154431741036,5.069629402744143,5.041854568117177,5.109148528073016,5.028142046299245,5.119375608831806,5.0636819252433085,6.036707688420045,123
916,5.073843076175505,5.114185109041024,5.07016833833312,5.042178280561576,5.110676169159836,5.027240761592761,5.120521047709312,5.062773194964846,6.04843732173468,123
917,5.07367083224103,5.114143390793798,5.0706631156649244,5.042782084830122,5.11223136310395,5.0268166581500875,5.121362790282695,5.062095877636104,6.046289114053433,123
918,5.073336782425742,5.1140794662688105,5.071271209628625,5.04313936073433,5.113436939202831,5.02647923980617,5.121567551617561,5.0611291152058095,6.053056288045733,123
919,5.072066502345732,5.113724112668631,5.072030953981247,5.043297838008117,5.114402581197863,5.026017299001895,5.121591018293573,5.060212133657187,6.050551937746556,123
920,5.070712786830361,5.113284398796097,5.073290561977927,5.043707977885756,5.114693935814698,5.0251324530135335,5.121472833312531,5.059288264210719,6.056537696115673,123
921,5.069383217225686,5.1129991356871995,5.0748316980709856,5.043982554219878,5.115151701743554,5.024295488243785,5.121368797916235,5.058349755378602,6.047050922555521,123
922,5.068581124453264,5.112579991432796,5.0765685133712,5.044601086539538,5.11565361126523,5.0237153541295125,5.1212248892762045,5.0570090857767465,6.054543500171724,123
923,5.067755465178006,5.112254517102362,5.078173757621341,5.045165537145442,5.116006169678469,5.023052883763524,5.121145062148078,5.0553978891783204,6.054808545797422,123
924,5.0668511294975325,5.112165179663341,5.07953510805746,5.045960677389013,5.116501843959475,5.022922947353547,5.121113072899891,5.0531932798181565,6.048452622576148,123
925,5.06548878055203,5.111997524596111,5.0808051521064685,5.047657780962284,5.116700675093782,5.0223296945939,5.120690752922091,5.050968150612549,6.049899505292836,123
926,5.06379641746951,5.112412856078787,5.081465464582794,5.049278618999272,5.116676397580635,5.021033474243969,5.12065700674264,5.049050962168026,6.047062214817914,123
927,5.062280506286358,5.112395356610995,5.082249670069423,5.050691861592327,5.116193659201083,5.01931883812173,5.12112874142448,5.047622927444981,6.054498855143755,123
928,5.060613613805036,5.112324660216637,5.083283267274876,5.0515452021863725,5.115649269744733,5.01784030686704,5.121976781851516,5.045879576955624,6.050585132492483,123
929,5.059288970415348,5.112145479273601,5.085192094449833,5.052846030509238,5.1153635623144345,5.0163841787027454,5.123013860149063,5.044204545923451,6.054006477247134,123
930,5.058254360165883,5.1119423058214535,5.087558924189494,5.054215156261649,5.115476630162268,5.01548783347619,5.124159868723455,5.042724096448658,6.0485088196076635,123
931,5.057647738140634,5.1114572045008755,5.090072874087214,5.05536026037983,5.11604374231245,5.014331541743696,5.1255545107410825,5.041823258102179,6.04376057743903,123
932,5.05745109163786,5.111171441051342,5.09308312994041,5.0565809177508605,5.116235905198014,5.0137325371023325,5.126699564670428,5.041138337360344,6.053556662376509,123
933,5.0573439165884695,5.110624732365666,5.095586042710465,5.057665152052879,5.116349738779611,5.013322000587524,5.127845223017929,5.039849357017221,6.053228734408405,123
934,5.057317656569148,5.110456883947508,5.097687972717255,5.058490042896331,5.116292411129845,5.013169579584188,5.129320334886251,5.038517480107738,6.045500786195468,123
935,5.057897587143289,5.110318329879577,5.09959185010805,5.059372546053063,5.115688597195268,5.012747275821171,5.130638115103874,5.037055032651099,6.043654600442634,123
936,5.058615426416817,5.110436242995938,5.101423306371888,5.060191587589648,5.115143302044186,5.012067192245336,5.131724836958794,5.0358376861222345,6.048580537944992,123
937,5.059118613728105,5.110536108174263,5.103083258192405,5.060672079869589,5.114721234612834,5.0114256365839775,5.132881627215527,5.035232421003575,6.045319265493629,123
938,5.060015597271139,5.110586375606168,5.104879851326755,5.060942436664332,5.114185897023091,5.010918249668029,5.134119224468596,5.035317467935427,6.041950775957791,123
939,5.060917309944633,5.110124195466937,5.106910857195858,5.06110436365592,5.113500772153931,5.010722027071957,5.135226178910004,5.034829563718815,6.053570926468173,123
940,5.06181049850664,5.109522912501585,5.109303271184935,5.061123084070056,5.113295273813562,5.010703679183033,5.135632079665686,5.034410562533957,6.053763608425079,123
941,5.062752348424011,5.10872194604578,5.110568118158668,5.061361093146914,5.112867719144975,5.010952655836579,5.136021009686695,5.034007762984542,6.039450691463351,123
942,5.0639832034200225,5.107715030798301,5.11172736614488,5.062096333888129,5.112402660156032,5.011841871661009,5.136315438050294,5.033626092296433,6.045176524264756,123
943,5.064626104017498,5.107100416549068,5.112536421790439,5.062937923289532,5.111989219863517,5.013196537155126,5.136691837528117,5.0337472297436126,6.0502525676155,123
944,5.065468302791659,5.106696627024256,5.113275215167187,5.064300819714479,5.111782478071622,5.0147649961089025,5.1372288361806895,5.03395609724421,6.052869321857153,123
945,5.0660864416166556,5.106061471879331,5.113521648973169,5.065562642764286,5.1116113819991025,5.016722334150772,5.136978755505616,5.034242016733389,6.050193304699876,123
946,5.067004533874844,5.105625172482435,5.113749864260585,5.0665490493123135,5.112073707349779,5.018776296930905,5.136588698969032,5.034807667043298,6.0397370922302285,123
947,5.06792754773077,5.105087322492299,5.1142539393513164,5.0673137030357545,5.1126644908605705,5.020943294821715,5.13614137508886,5.0352521202269465,6.041714845000279,123
948,5.068641998641198,5.104926387224571,5.114691540947519,5.068461152224101,5.113323134999693,5.023334315260722,5.1361578131698185,5.036149877242722,6.049216050735948,123
949,5.0690423302252166,5.104966165269886,5.115014081631977,5.069849723864799,5.114125330553305,5.025250123302622,5.135802766510598,5.036990943846351,6.043976319298043,123
950,5.069718262141788,5.104560014787083,5.115172466736528,5.0711079804163575,5.114781850497664,5.027762339371803,5.135860127055791,5.03780999419355,6.048531032887636,123
951,5.069782204298632,5.103574316088611,5.11517931076235,5.072295555497314,5.115281768436164,5.030100312194022,5.135473116815399,5.038432056598243,6.04465982730996,123
952,5.0700100466669,5.102759829805564,5.115307151320102,5.073700103165683,5.115558090297109,5.03208278886842,5.134951886897425,5.0390391931907335,6.047777075936365,123
953,5.069995591802746,5.102205436170047,5.115667126668103,5.075002275183537,5.116006507356127,5.034455399178479,5.134873583147845,5.03957713159325,6.049431418700103,123
954,5.070517834695495,5.101833351462024,5.1150700999488965,5.076229278456329,5.116886673086548,5.036432545027139,5.135124860275825,5.040374333471958,6.056567173420169,123
955,5.071342770098573,5.101717488981608,5.114033977878089,5.077423303280195,5.117731461419232,5.038327458940238,5.135775746375593,5.041237715057069,6.0440565749144834,123
956,5.072236410976734,5.101651816154158,5.112069584260649,5.078478640506822,5.118391810799475,5.039979693078897,5.136196039090757,5.0418938091527385,6.0488959508306355,123
957,5.073039582455182,5.1012833856018265,5.109247260709944,5.0798135595759355,5.118469189149277,5.041520557750386,5.136525934857493,5.042643278148672,6.047060725519152,123
958,5.073314837644116,5.101159445818851,5.105922480722917,5.081016447837551,5.11865901539011,5.042794578600024,5.137010195593083,5.0437891057245015,6.049863482477699,123
959,5.073724591326805,5.100963494071998,5.102844601672508,5.082769236082855,5.118468121409088,5.04480312164376,5.1370298620486174,5.044933572787867,6.0466639905662785,123
960,5.074309484499539,5.101183134485414,5.09982502352927,5.084496581894634,5.1181321408994975,5.046705101932606,5.137113590665851,5.046485490403885,6.04527852666089,123
961,5.0750339813475325,5.101295675118975,5.097119757677193,5.0855152326072925,5.1179977956694565,5.048622926893674,5.137452663124087,5.048154702612676,6.047625327045142,123
962,5.07547306721187,5.101258337164262,5.094576756380164,5.086309386213051,5.117939724403018,5.051038496697048,5.13774229772502,5.049991593290994,6.0499523601485325,123
963,5.075638730998758,5.10154520512922,5.092150965643706,5.086994958979608,5.117909438569825,5.053766970926468,5.1377325295864615,5.051513238760503,6.0413840359491084,123
964,5.075968047041103,5.101807771277609,5.0895428249303745,5.08795536589624,5.117805348116517,5.05630949671052,5.137773314130076,5.053296070887327,6.048955576060543,123
965,5.076086161210468,5.1025025096100585,5.087058033085411,5.088344694349585,5.1172836096020795,5.059069367301554,5.1374935101772214,5.055018726909218,6.047441465835129,123
966,5.075920700905074,5.1033759922967405,5.0844465428406,5.088629018908248,5.117128005987928,5.0621992950391554,5.137522096071961,5.056523366619409,6.046354892810301,123
967,5.075464877682692,5.105018960445604,5.082068933155262,5.089171020229151,5.116474074792091,5.065383469615195,5.1375493468343,5.058042582800798,6.05446979874478,123
968,5.074911451522248,5.10658938645833,5.079640309180455,5.0895772285506125,5.115858301609236,5.067659208147246,5.137866378432642,5.059127827817632,6.042805788106473,123
969,5.074257533712929,5.107932510098797,5.077845432088991,5.090114381315581,5.114648225997126,5.069960148573237,5.138154797909957,5.060653144017935,6.057129951620994,123
970,5.073884494363364,5.108959639594109,5.076251202984163,5.090735480159757,5.113620330959086,5.071765300445357,5.138416022418081,5.062233653374046,6.048966038754091,123
971,5.073132973583162,5.10995848194874,5.074931849708787,5.091589663478007,5.113201639729315,5.073978121733322,5.138754374932761,5.063979359761594,6.050659042097968,123
972,5.072524234795396,5.110341298471152,5.074041352637392,5.092733308538323,5.112847709529628,5.076118238599576,5.138936985955633,5.065820637463672,6.053808171434511,123
973,5.072207519289297,5.110732955139868,5.0736644329905705,5.09388245413639,5.112480313626879,5.077786956038896,5.139082222397773,5.06737726878988,6.042884744627562,123
974,5.071748630794411,5.110954909403816,5.073265744100264,5.094563143563589,5.111670777472155,5.078845791368673,5.138720222296403,5.06886656529656,6.043294115343683,123
975,5.071949149099277,5.11164306493249,5.072670636934109,5.095408679893795,5.1113738481672115,5.079507059227598,5.138261727129924,5.070605055294152,6.0549663485316785,123
976,5.072232659798079,5.112756118864686,5.07223071385012,5.096140912551603,5.110717347900602,5.080155745926879,5.138515990956815,5.072021166523536,6.045178817296443,123
977,5.072424573784,5.114217618037468,5.072470564663278,5.096731083235344,5.110272915148421,5.080838966073163,5.13858754613978,5.073798953985415,6.047037355232098,123
978,5.0721900233606645,5.11531445934465,5.072586056668619,5.096961816520935,5.109873548869654,5.081281846871668,5.138119678585941,5.075846218587282,6.040121945388021,123
979,5.07234761577708,5.116055305551334,5.072867378775927,5.097349084729509,5.109144856856332,5.081164807011888,5.137961082972582,5.077361985687926,6.055112905061231,123
980,5.072104260530038,5.116413203083456,5.073402503542951,5.097677299559101,5.108198624913149,5.081077581182651,5.137318456180475,5.078897689319431,6.059220449942617,123
981,5.071762884955298,5.116907786626523,5.074486563299262,5.098067358643716,5.106604607747142,5.080967732556102,5.136996912397882,5.080506374587292,6.04764130426298,123
982,5.071414828165805,5.117013602128203,5.075200192891105,5.098085014829619,5.104588383007902,5.080586629242258,5.136604545578091,5.081881517560436,6.039002402005357,123
983,4.930180587961924,4.9751389727935145,4.9334996653763366,4.9569994858973345,4.961842374195511,4.939320729052676,4.994100726821451,4.941187307319232,6.061446098030805,123
984,4.788801694420443,4.832968546872219,4.791958922289805,4.815621144788243,4.819171830373585,4.797870077624407,4.85156317135019,4.800166365485953,6.043754950400825,123
985,4.647506505362393,4.690676003669249,4.650209417860591,4.674127729611035,4.676434373313521,4.65675110612078,4.709211716258428,4.659133989899025,6.044153524034564,123
986,4.50600972041792,4.5486460380631755,4.50871356991205,4.532674297031344,4.534016519405084,4.515529440994877,4.5665989700579726,4.51818647514616,6.048081503105362,123
987,4.364859439272361,4.407082744057128,4.367518499192311,4.39131258332849,4.3914918921727875,4.37430075818518,4.424386094756395,4.377316687585473,6.036791226392534,123
988,4.223847069962654,4.265418024256895,4.226157941359789,4.249924585210063,4.248951984393991,4.232769650432605,4.281807263671203,4.236349429682422,6.04291308464272,123
989,4.083225728898579,4.123311381803188,4.084615660322675,4.1085178577693116,4.106440852865099,4.09076501960118,4.139206529201116,4.095252114038261,6.043785786600943,123
990,3.9424109394402924,3.98108808424472,3.9438223969746824,3.967186730213507,3.9639855613812256,3.949106977124651,3.996659216707819,3.9543323135709842,6.058273923359726,123
991,3.8016465680104883,3.838723947907604,3.8032016042642285,3.825733126443259,3.821455332351359,3.8076492031361133,3.8536616609479095,3.813235052817826,6.0517280491509515,123
992,3.661022188538631,3.696318575986254,3.663229559702991,3.68417256459123,3.6793435928986824,3.6666143093609422,3.711018503752662,3.6722591122380157,6.056516572438495,123
993,3.5202146909212892,3.5541933828022634,3.5238252755109505,3.5423939694428457,3.5377567163595485,3.5254636108845867,3.5683753745124065,3.53132382960377,6.055978405827643,123
994,3.3795020628458405,3.412135250536608,3.384556432774479,3.400705853556217,3.3959017487351666,3.384407955556152,3.425726913231895,3.3903368807594356,6.042866727295232,123
995,3.2389121645626933,3.2701761390584556,3.2450081421641257,3.25853862393159,3.254268927404369,3.2431691564444445,3.283374871272056,3.2493961862217047,6.045646752655651,123
996,3.0979211089873306,3.1279122987343007,3.105474356774331,3.1161905350037684,3.1126936634902984,3.101951909682441,3.140787725176328,3.108329441846598,6.043663341682317,123
997,2.9571631470078845,2.9855124374458377,2.9657309624032493,2.974172341299524,2.9710208948739143,2.961050637628518,2.9981547342179153,2.9671854389534498,6.0556256456062005,123
998,2.8163157601738185,2.843398863586108,2.826240411100323,2.8322758741417613,2.8294577779375283,2.820000048350647,2.8553511862844108,2.826048972026836,6.047723011641649,123
999,2.675651517802466,2.701461135917625,2.686519571620818,2.690316249546207,2.6880461942130838,2.6788898631673623,2.7124612674438024,2.684748777563316,6.052690629578391,123
