time_step,region_1_entropy,region_2_entropy,region_3_entropy,region_4_entropy,region_5_entropy,region_6_entropy,region_7_entropy,region_8_entropy,global_entropy,lock_epoch
0,2.5251125791630686,2.545951967183965,2.553623166922783,2.556001654259374,2.5971869746382206,2.61219744539234,2.5352882071556873,2.521154757659943,5.592677888766794,144
1,3.1603654616424195,3.1811130168061146,3.189007627340336,3.1971552786473616,3.260334702888626,3.2637079712872303,3.163164162420313,3.15117706176414,5.5992138916575716,144
2,3.795614999460909,3.821926852735281,3.826843628793104,3.831275283564095,3.924315862155324,3.907877514051548,3.7947734000687006,3.779794110248017,5.609203473004476,144
3,4.420186916332246,4.46082044496094,4.456514596392638,4.464685301637045,4.5948115663605025,4.55642685102263,4.422304436624827,4.405558650976195,5.6101087333530435,144
4,5.051121419900407,5.089757581482674,5.086390359553935,5.099343521153178,5.265711162738329,5.20131773142667,5.047448525642041,5.031848692225274,5.616900095757723,144
5,5.056512178736881,5.084502330206256,5.077535800273353,5.092962646902817,5.284345531408793,5.193737132733174,5.028210789795489,5.035032582238105,5.623729118788252,144
6,5.061030258359148,5.077927229076302,5.0840524934486,5.091915490067393,5.297260950010874,5.183578788651964,5.002022628374615,5.039315001370326,5.618131455669356,144
7,5.061578515112252,5.074232593425902,5.107099995538183,5.077496738968999,5.3133401657905255,5.177860316900354,4.99196963746051,5.035415584147096,5.60995870627748,144
8,5.061960124156864,5.0754390189679945,5.123778867025371,5.06776702125024,5.319685778348795,5.17803462638429,4.983712080973451,5.031368679971987,5.621500311750394,144
9,5.05549961720913,5.069904689257098,5.1446370675966815,5.058708670969063,5.313217137936805,5.172839171551446,4.977075353802641,5.027144407652006,5.629967370922004,144
10,5.045548026443867,5.0540985017601585,5.155706381176348,5.063538424348396,5.315101062370879,5.175291542171854,4.9647211383953005,5.025616080915724,5.634657242319654,144
11,5.044315217245712,5.042345106362493,5.171144117947984,5.075069305707618,5.3130706509112535,5.1715739771066795,4.963465552849014,5.031016249368248,5.6330348380608175,144
12,5.035374815517205,5.042045456396507,5.1884233406301075,5.089075440476348,5.307278641350004,5.173855490010771,4.958808119912967,5.03222014437647,5.626490795472622,144
13,5.02048486720681,5.047116554560571,5.1975544268174945,5.106038818339447,5.307152525727923,5.171676095291991,4.9652779186303935,5.029618311398159,5.634213472762023,144
14,4.998057117339673,5.048481733317013,5.189795843215753,5.1157836208213805,5.3074542768876425,5.164957536419127,4.982575431506868,5.029235715453544,5.641559108374054,144
15,4.980227336302709,5.039751928202066,5.170364037075875,5.134673481600739,5.308490157854184,5.162672040925682,4.981978814239599,5.031840835742931,5.638629783165338,144
16,4.958270546914035,5.035104610267812,5.141936816632695,5.159304395382681,5.305655955326945,5.155246416982352,4.97284921847256,5.036473062896475,5.654304535898219,144
17,4.937838433744648,5.0331044811713666,5.118840636956281,5.186790401483631,5.301018597923316,5.148189184529309,4.970561654685493,5.043706663861002,5.65795441615046,144
18,4.927523825221865,5.036252585707866,5.109681629374705,5.21467755919543,5.2887160245510225,5.150852910170623,4.9722729205712195,5.064643863450009,5.646424856604436,144
19,4.917825546782988,5.035174325181017,5.109356130566,5.236151543975011,5.2784828080371335,5.149715362449506,4.972120534656354,5.083248972493642,5.644566654678892,144
20,4.90532674133975,5.034210251020246,5.109502326479918,5.2502969610829195,5.26996969243505,5.142291645693416,4.976041770222166,5.107217041421294,5.663898268940531,144
21,4.894670096271752,5.0266747452019205,5.11315967322194,5.256766934074365,5.253445005749921,5.135478467568871,4.977457652910098,5.120497651002208,5.649523711626814,144
22,4.902852203404162,5.026115163062626,5.126502910431574,5.275436928265734,5.239613090631243,5.135738622009335,4.972651892219766,5.130079371020358,5.652203681579399,144
23,4.903094119700163,5.0359828261345925,5.13652223280684,5.291360167568541,5.2220155097912455,5.127182655028205,4.973945961610812,5.140874399456466,5.659056693754347,144
24,4.904404683907648,5.041761680026409,5.156366854588651,5.315932458285603,5.204152051136362,5.129352327122071,4.9766367244791265,5.145162085423041,5.659280863841214,144
25,4.906323782968219,5.049844038549004,5.169329003593411,5.334263186314872,5.196149240254881,5.130669106412461,4.98808378941058,5.148274409262873,5.662797504033664,144
26,4.898737946447894,5.05219008152268,5.179010341991283,5.337624050006082,5.181388809359361,5.124176637703027,5.002024300132994,5.136077075879736,5.663876699172625,144
27,4.890511935665144,5.054582925085456,5.18126437536985,5.341873046154836,5.160160238578067,5.128636290556501,5.014465180436671,5.118701365406121,5.671034659533755,144
28,4.897934860355477,5.05516103651842,5.182132741713891,5.344542765697847,5.1392404502278115,5.132108707884873,5.025280906033704,5.1095444553159535,5.663749971081633,144
29,4.91408364198281,5.050306852949576,5.185945627383941,5.352353968142884,5.120899015273708,5.138301233401292,5.043356766627054,5.105052304781324,5.663415923538937,144
30,4.916789248972106,5.039610091241598,5.195051281991814,5.358839460755395,5.116175206626963,5.136886548773462,5.06013957947942,5.103016619913225,5.673459885544257,144
31,4.927644166014742,5.038791320952462,5.20284370435645,5.359993718865864,5.10746086979556,5.141018918482717,5.073721026954873,5.100314227373698,5.673346899856939,144
32,4.936674697450134,5.035431157400617,5.2117592548067675,5.343250197767608,5.105695361235705,5.13913330601966,5.0921680562750185,5.111933693796611,5.672681023563286,144
33,4.94081187832422,5.034629977771364,5.232855162042782,5.326572694561066,5.092095319951229,5.134513795851568,5.10127439780147,5.123284557699047,5.680286414556541,144
34,4.94688843750609,5.036550771265965,5.2469201100934235,5.323196378462887,5.082537317597982,5.131862468839829,5.10654462906687,5.138369557207834,5.685459491750954,144
35,4.959042142238156,5.037414993791745,5.2578615993992095,5.318579066771239,5.077415867166208,5.12616399047676,5.1065363599266025,5.151415340281024,5.689147681901546,144
36,4.9718270581197554,5.031567426129625,5.2630157500386945,5.3218976749110585,5.074384132606838,5.123495312309049,5.1115406366275415,5.161710276359313,5.695459785294394,144
37,4.968475601233679,5.042306054824942,5.258534972211898,5.326613817403434,5.071946381906518,5.120891071156298,5.112479475064287,5.178499961347358,5.684155664443665,144
38,4.966319716605698,5.047625996946874,5.2587857882331175,5.325686736771335,5.051942325789079,5.1298852364866505,5.113614174046514,5.195737109735746,5.689544650769147,144
39,4.960833262450517,5.039539513303979,5.2686890459081175,5.324363818371879,5.040016081999287,5.134021665355597,5.117158241518235,5.215174698156645,5.683890592786988,144
40,4.952787463586677,5.042900517457859,5.271806696913295,5.332997574826336,5.018118896888485,5.141835818577134,5.111569945625654,5.225940755037063,5.7059176330333825,144
41,4.952900594043502,5.0432807418578385,5.254356053228527,5.34306719624868,5.00601272679508,5.152233355231572,5.113216947085263,5.227727835010518,5.692900846694426,144
42,4.953660711532564,5.044685631821259,5.242951059986264,5.34713642765967,4.997799065459786,5.159983567296002,5.115316393396984,5.230340810697794,5.703631514232987,144
43,4.953902615264257,5.049307223001922,5.236132537841801,5.360352412235946,4.984763952211587,5.1686800604511784,5.122705774691063,5.239803402035559,5.707742692951544,144
44,4.9504596227041615,5.050913907824781,5.233182960311197,5.372434545972766,4.97418150716597,5.183638010858635,5.116936996632078,5.243862412354174,5.711274640429557,144
45,4.951838758184322,5.035608165986041,5.2391950728892995,5.38126702398049,4.96678232199017,5.189398950787552,5.102365280541402,5.242614872577317,5.70962251742877,144
46,4.946834066477085,5.030840451634746,5.232769089265374,5.384512549720767,4.957645437424337,5.179868035008435,5.083630938877368,5.2449008453416095,5.707155268861062,144
47,4.941697460986848,5.0224012248045575,5.226818541220942,5.391321107379083,4.932026918701966,5.17123520874414,5.055393740841139,5.241891294654474,5.707582811781122,144
48,4.9398362161900415,5.0126519082408585,5.227088429554631,5.399048061175446,4.912881651869108,5.157180277011549,5.035457485674922,5.24698397282436,5.711663956465669,144
49,4.9344934773843905,4.99712184583607,5.241621339074454,5.406806163249129,4.901033464690205,5.143476109411393,5.008945494746865,5.252510831071962,5.711329220445461,144
50,4.924017803042625,4.9827963178133485,5.262301506523206,5.410586028675637,4.881317331509881,5.124550542609864,4.978610832971738,5.24871021965536,5.717032704308964,144
51,4.906862539624853,4.965984940991008,5.276585114559133,5.40204072990241,4.8720942608406315,5.099391191499605,4.944306463855451,5.237236233646102,5.726079396389148,144
52,4.884623061430508,4.9585169599589385,5.299725242219483,5.382714814537491,4.860446406661906,5.064976332285445,4.923494080372982,5.231853135109833,5.723970005077437,144
53,4.8607021542617,4.962962819094398,5.318528857889231,5.363168293912462,4.849184944952476,5.0576899088685305,4.917586793500063,5.220391284509958,5.714125822190526,144
54,4.843017941029638,4.9738439473128135,5.3358786505540055,5.358309908962076,4.8506128275799085,5.058437350534447,4.915580905021751,5.200315872317101,5.7231370853639785,144
55,4.835740645245882,4.991104707148492,5.350150653055867,5.347043544900044,4.871304280714061,5.057214357335035,4.917655761878871,5.1772019149639545,5.721435490959802,144
56,4.829634699011379,5.003085845888574,5.363682159896324,5.3294929386729555,4.893501550112772,5.064303514245724,4.919860331896744,5.1461223923218595,5.723355605175992,144
57,4.82300047507728,5.024278496188105,5.367541213447509,5.310205260396913,4.910875224222198,5.072224473429422,4.925438458352624,5.1214959695171975,5.730510904693078,144
58,4.822994528345277,5.042152203088735,5.366142057372032,5.29074289841974,4.93323275762002,5.073693251832162,4.932837573327285,5.105551350528368,5.730582784506124,144
59,4.827793959927515,5.057700090248423,5.37046596742375,5.272604597586099,4.94385213604663,5.084655242123107,4.939123849921519,5.095338833945597,5.741574551026757,144
60,4.831901821884336,5.08554448821034,5.365975475790957,5.26302288218748,4.951107407227484,5.095133852391156,4.950213222767504,5.0818932770558,5.735439638285771,144
61,4.8380094898624915,5.102968994603318,5.356877231492913,5.2538342329349845,4.9570250667621885,5.089320298524201,4.9639190815036605,5.077682349535067,5.7378548063570385,144
62,4.850101088354647,5.115657964058544,5.349505488973667,5.237146918970565,4.959578869827671,5.0811731006442304,4.985001281201406,5.0836650248991235,5.736948024568215,144
63,4.857220454096001,5.126084825295519,5.329614270925912,5.22479018768406,4.957571120533063,5.07566921790229,5.015461423646902,5.0886678016623765,5.73824316697124,144
64,4.8766477441743294,5.134201633757888,5.310702662258763,5.218254705601926,4.955793552255274,5.064461830081125,5.043516384372192,5.100435505919181,5.747169555757178,144
65,4.899931098319026,5.135053567678031,5.299284983530948,5.2129348212038025,4.944857295977224,5.056669803110027,5.068840588540747,5.1162285679145825,5.738664882252134,144
66,4.923827447307315,5.140773059943765,5.2778171183629485,5.206738620055795,4.938659916870505,5.05541614930694,5.090917995770823,5.1284568240093735,5.747469984343725,144
67,4.94204241925435,5.156621534238538,5.250679721379839,5.203518053057471,4.93501644402115,5.051283345902931,5.119776607379496,5.14109282059884,5.750324651525044,144
68,4.957527103084217,5.163848841677911,5.229813274102162,5.19932040458331,4.933711163588638,5.050310902355642,5.138814560181442,5.143898893290828,5.754528459152433,144
69,4.976903413890913,5.165251686624996,5.214807730358864,5.1978757624847765,4.936326185522809,5.044084772395071,5.151224107319085,5.141748201952899,5.753831481478171,144
70,4.992596370010724,5.1589368021455915,5.197478630173997,5.1879414821017535,4.933718737579109,5.038329834370336,5.169096847846243,5.131467435205116,5.759434201717973,144
71,5.01301595679571,5.157008356894036,5.191707258266328,5.173515776708048,4.914821602388263,5.028018711361803,5.1705279962984285,5.133045291130016,5.76848945714464,144
72,5.027506613640098,5.1591533333389945,5.182411019808888,5.160273662231733,4.894248198448792,5.0174289259809965,5.175438443260127,5.128892480571396,5.764270520960735,144
73,5.0448211616292715,5.160697780887182,5.17213654488751,5.144240469820181,4.883622148667972,5.004842402079731,5.183894354083677,5.1191394636696925,5.767512269373816,144
74,5.0519811678475115,5.162652525566096,5.1647305494299145,5.132387781286321,4.862931078132182,5.002956150208069,5.200673238589724,5.108266637361666,5.757219366708985,144
75,5.063683949518433,5.155119767943935,5.164906049451565,5.121391609437041,4.850776800939836,5.006071616671359,5.216043020439047,5.09535220119267,5.768981573941418,144
76,5.067226398073929,5.148207793885507,5.164081550236835,5.106160579010169,4.83627044338434,5.021157010958403,5.2250351217462665,5.092611439687918,5.763094401253011,144
77,5.068287347926398,5.149710280723814,5.156995481156876,5.080380946571246,4.821573540060998,5.044660440119351,5.23034851114266,5.082277546671492,5.76734276997654,144
78,5.069898426149321,5.1407112365249175,5.160598602127866,5.063441216611622,4.810838782181858,5.072509141233786,5.215949828067628,5.077481880936965,5.767123332819139,144
79,5.068511838975576,5.122639757798161,5.163866537847489,5.061565635747841,4.826545964752184,5.103046388973832,5.216453308774039,5.056913408151013,5.776073390608299,144
80,5.061389179584876,5.097647372144695,5.172762765125699,5.058845244596645,4.841849092072471,5.13862648973445,5.215158829129161,5.037528836574525,5.772842508516309,144
81,5.051563522497701,5.070432496042637,5.17313699457071,5.05137473635454,4.84621398790619,5.171020191844695,5.201198126089461,5.012703537475815,5.768123874323321,144
82,5.048596039463841,5.038217594699396,5.177789032753483,5.048030133207062,4.848129136632144,5.1965726698850325,5.186926296965264,4.989808684573891,5.763977094606733,144
83,5.044545315459998,5.01369563067515,5.176579236336563,5.037228348864638,4.840715318040628,5.215252973758298,5.168171113506154,4.964214659249694,5.773891915877665,144
84,5.043194173291624,4.987667095618418,5.165432496461268,5.033842927927053,4.838287895215792,5.225115165948255,5.155278848139096,4.938067709273756,5.7826056696355534,144
85,5.047849023454402,4.965964309877293,5.162786801841542,5.04681732353416,4.827112901577547,5.2303187770119255,5.138068734837102,4.925608664189807,5.7820372274829825,144
86,5.043338845129194,4.956355629291188,5.152777254203436,5.061813792854184,4.81589238824523,5.237094948264957,5.1328407772155815,4.910669217479089,5.787680833345754,144
87,5.032757646356735,4.9496104104333325,5.143126324786444,5.070526887638682,4.7951347105302595,5.242725700574097,5.118947061175162,4.911353637571444,5.782298542633038,144
88,5.023852747985102,4.946264978493905,5.120660723192442,5.074442979092314,4.7717379663052375,5.241681205031785,5.103289288911763,4.907566427752688,5.794355124450355,144
89,5.016730183800487,4.937868462165759,5.097519785581364,5.083177118667019,4.755660278265923,5.243100741288461,5.098410064973463,4.916791835993605,5.788068492186411,144
90,5.012070286246908,4.937532336295146,5.071055355060178,5.092125236956436,4.7465809849607155,5.247711684620228,5.084695711156878,4.920170714625307,5.791041383471841,144
91,5.012155536192571,4.934189820286898,5.049571039082902,5.106525456451115,4.740794592742221,5.25499982414262,5.071687695522381,4.9355688526548045,5.78228776404941,144
92,5.018440908890842,4.921813797716415,5.034879171985941,5.111878667770151,4.7317263961807825,5.260565408768184,5.063451356588317,4.9457667237556535,5.791703595096806,144
93,5.024165946164812,4.906771464491095,5.014799026383936,5.121530401897087,4.733238491159852,5.259286569050121,5.0659009536041255,4.953268079468975,5.796485206854829,144
94,5.037654975624446,4.903402482027784,4.990855363154218,5.127336305484063,4.737509884607326,5.244860380413247,5.0605421517658105,4.9569724801286315,5.8008584507197,144
95,5.058661674217052,4.902263731380652,4.970524985095195,5.127828009819556,4.750556351184844,5.2321012174752335,5.055577183659844,4.951648758602739,5.798339096660215,144
96,5.081848806148191,4.905841308654201,4.954163864026006,5.123969204502812,4.762550704104686,5.220407938352826,5.048859429889336,4.945796855305147,5.794022988885926,144
97,5.1050269414878375,4.90799108823586,4.945853192874857,5.1256128275811825,4.77793362769604,5.210532759000102,5.0389027558878094,4.935791274995577,5.797608650365551,144
98,5.132924831178496,4.908586610445367,4.946045238266929,5.128308440956058,4.792775558848981,5.200104593903231,5.036462136004601,4.926661383132567,5.7952022588245775,144
99,5.150634916012208,4.900951609444999,4.949040284411431,5.126475266465004,4.808708335629248,5.195302550641572,5.03839869544443,4.9126573728435705,5.795443457281309,144
100,5.169487982222914,4.901977885715035,4.948359222576281,5.134927615843612,4.8301280795311685,5.191806067553867,5.036870663067624,4.901404422971515,5.8051721249603006,144
101,5.175292567915309,4.908205815756533,4.944945491430324,5.127704438377867,4.84590674122866,5.199918573076279,5.025564223174971,4.896101414352881,5.806221168387286,144
102,5.179452004288317,4.904535899417731,4.946906102588935,5.127432312904865,4.864808439725483,5.212547122892856,5.024371094919095,4.895776209753295,5.810418767142267,144
103,5.178096931658423,4.903176554214198,4.943556826480722,5.124758002051788,4.868838652978348,5.221256461542796,5.021770413982129,4.902339036357782,5.813138638808466,144
104,5.176503789848263,4.902110207919684,4.946183948366958,5.12707712460139,4.876349594786127,5.2304708526206065,5.023340392521945,4.907228959068528,5.808496145550307,144
105,5.173685574009417,4.912114233126041,4.949629388769821,5.1248605161727685,4.885039146949442,5.238227951520281,5.031336143073289,4.918412277953313,5.814654490440743,144
106,5.161945366888329,4.915640063146762,4.947992554177972,5.116513503267752,4.90255732309866,5.246341063420211,5.025632675211289,4.923045798919593,5.813983374873293,144
107,5.150194334722524,4.918811082972086,4.939929938201951,5.114622932298923,4.9210674181908,5.242406514189516,5.019491219391041,4.927992054048062,5.808828724797164,144
108,5.141484964571826,4.927789219424088,4.935511914353704,5.12113605960422,4.928019629060558,5.234598839995904,5.024195756908379,4.9349691631459764,5.814882177769203,144
109,5.153798771630378,4.931973325058069,4.942617828085702,5.139050767151666,4.939236546015249,5.228562797390594,5.031791530954854,4.935084714087065,5.8217531526195145,144
110,5.1679687791906685,4.928053916477506,4.950131628522909,5.155729050250355,4.947517517026197,5.223600385666364,5.039572619177045,4.938357174779702,5.810266553168308,144
111,5.183768171359397,4.920234547883616,4.9624137206159045,5.179178097725454,4.963968811361758,5.22598213430828,5.05626321121877,4.930137968587012,5.818660268765648,144
112,5.183484211297461,4.919137603795702,4.972273092211499,5.20180019352565,4.980842988444076,5.228542364983639,5.064852034477661,4.935343877530242,5.825589563044558,144
113,5.178749105851288,4.91948477229648,4.9866270413115155,5.223867620392823,4.992549232720642,5.2292930755627856,5.062519049681759,4.935382299015726,5.8209085053791805,144
114,5.183334352927347,4.9280080104932695,4.998638231041019,5.24572419671054,4.994970639902072,5.229933873744039,5.079052473195001,4.946418945987948,5.822675235626745,144
115,5.184617254351453,4.942260760242983,5.011814550491146,5.2711910066374354,4.997343122792012,5.232787390254115,5.0930140797898735,4.956198983429322,5.823555691787702,144
116,5.180440362543688,4.954293745857945,5.0244790809611874,5.2901851699419815,4.996146182001399,5.237293616639853,5.089099538973471,4.961980879229729,5.827260683094822,144
117,5.158894098558077,4.962163015480476,5.039868889660183,5.292592416520008,4.990113796733609,5.234865935964139,5.085927505112071,4.974550718096786,5.822964802072992,144
118,5.13588991068026,4.966755976711559,5.061325482041684,5.291536363538079,4.987280698575814,5.227859926188293,5.075853302367901,4.995738384269452,5.831743633217951,144
119,5.116252724640449,4.975646877165906,5.080218018944899,5.281426186902012,4.984457900156006,5.213861645040488,5.066188208838518,5.0184220683918275,5.824951634476761,144
120,5.109279692866345,4.973124165313353,5.093437518948882,5.270254912010865,4.984640526114525,5.204434621220607,5.066864655509113,5.036164126519671,5.831118398816161,144
121,5.100016813898077,4.961866337839724,5.096978915622682,5.262022782009375,4.983898764476686,5.196974232594593,5.075219223842687,5.049003981175185,5.823619568212729,144
122,5.0869162324807595,4.94878329774518,5.109018144617034,5.249901433046956,4.988406463267926,5.190478214194916,5.077948959638044,5.056835227261017,5.82857074643957,144
123,5.075909526441986,4.943783825255995,5.125913611102657,5.235641853819705,4.989581856042096,5.186279228252229,5.084580250502604,5.057111322619216,5.834440822308547,144
124,5.069918386867722,4.93521867719639,5.144811975227375,5.211021262649762,4.991243713225611,5.187704023900519,5.095768038987015,5.060937709379693,5.8424762859262716,144
125,5.069492391641834,4.928365643565117,5.157486084530273,5.1940803303535485,4.993157948215253,5.19417271897068,5.105689751146028,5.061512194518932,5.834893732034095,144
126,5.071478965280699,4.9327211871441135,5.167750505371651,5.180054274708237,4.987510968118041,5.2119878884486415,5.119079634048516,5.055017555792988,5.8366555626145,144
127,5.066423541903821,4.936677104003769,5.1633281946783285,5.16904529309988,4.981400241971075,5.236058609438411,5.127921835054321,5.055286212789932,5.842546228611383,144
128,5.063071838363726,4.944621971098962,5.171569456969236,5.1550969547283625,4.969284536937138,5.259228311623864,5.142139244172929,5.056152010918989,5.8384391209563,144
129,5.066518769935691,4.958932094229931,5.177044039133812,5.143986608210803,4.9613807065461,5.286225674881264,5.155284231143083,5.064554885103735,5.840386775646599,144
130,5.065130391358404,4.979602705951664,5.180882753301769,5.141844535316371,4.950695433678484,5.3098358684780695,5.1662726231993155,5.0746634930138095,5.843492381478758,144
131,5.06134077980837,4.987643661236946,5.180825067282616,5.1385747130515895,4.952901120257049,5.328547740781417,5.170152181170188,5.095911639571691,5.843654488769623,144
132,5.052605176610811,4.987773044927653,5.163800218276565,5.136037135457871,4.964161635864534,5.345673575188881,5.175692968166656,5.110271472246481,5.852218047981271,144
133,5.038295403641418,4.986217849709204,5.150182027839966,5.134425020081178,4.974156202764774,5.359335476460831,5.19220143044302,5.119717967797321,5.8510761544580365,144
134,5.030129931517633,4.983077987855401,5.134023144831316,5.132313699454853,4.992548837478556,5.377385573169984,5.217107902078469,5.123372577249637,5.850525475344129,144
135,5.027866885045279,4.982855337071728,5.122885783809231,5.139242663370997,5.01320717345887,5.386778745990939,5.246019071221466,5.120039101376855,5.855849562482096,144
136,5.020238903340909,4.984936188035676,5.11103507699481,5.141947672697671,5.042163281497703,5.393433313071294,5.262684031095936,5.120986898844837,5.847724418242728,144
137,5.016226660259854,4.9857255281994455,5.109410545895469,5.141419539231531,5.069245490276828,5.395844331014222,5.27599256420233,5.1163060813997685,5.852612512042985,144
138,5.01781959869119,4.986454975642327,5.1003428529626795,5.14150304910868,5.094275315957723,5.392379396194152,5.298222977456803,5.113221172726132,5.85824761372819,144
139,5.032510089924338,4.999335942147676,5.09322840367001,5.131760093849606,5.1091392116930745,5.390884464302482,5.314710402562534,5.1119489739404305,5.851895202200541,144
140,5.045362853389039,5.0127701788204195,5.097475981766411,5.1274827461983765,5.11552119417245,5.3865976627750936,5.333673776359704,5.122119820241531,5.856600594415079,144
141,4.4269119090610065,4.39553686657374,4.459758239351607,4.487872579540472,4.487256763460298,4.713846126559131,4.676511060223447,4.482252299040301,5.860234636795251,144
142,3.799910014606844,3.7785348297777923,3.8215113912524443,3.8462081632418763,3.8535888469833197,4.032552598151939,4.011275912339112,3.8422926442851075,5.854367631198401,144
143,3.169114794956756,3.1560245085910874,3.1892942643950457,3.19905974653848,3.2149559297258543,3.35719517016601,3.341367268240552,3.209325352016039,5.857143705148116,144
144,2.6077710249797748,2.5516314242123617,2.580398882475487,2.5864420888271917,2.5158139522442045,2.6954541513266737,2.6434715773444912,2.5644051561451793,5.86319313672203,144
145,2.7520883873648683,2.691065027138323,2.724034721722211,2.7295929202533715,2.6618676560897447,2.844487932682199,2.7894417448177258,2.7138321330005115,5.858445832504834,144
146,2.8963594230792435,2.8291224787639937,2.8678845343369477,2.8728102080140543,2.8073406048716874,2.992654466844889,2.934929982672499,2.8620526640562307,5.8606801517512555,144
147,3.040308836486422,2.9676920061012138,3.0119141564135816,3.015707454290154,2.951441389900669,3.1409730488085206,3.0804602634473883,3.0079581615125592,5.859417694997106,144
148,3.182872518201484,3.108095616018956,3.1560745607916654,3.15889069153066,3.0949819784087236,3.286587240875063,3.223925876978573,3.153530971669346,5.874682554507163,144
149,3.325028573631326,3.247283887735544,3.300204198310146,3.30113267121133,3.237195633490372,3.4323085452472024,3.3669225289016653,3.2991313497439716,5.866704356005784,144
150,3.4669035040181324,3.3876992382023157,3.4441928686008243,3.443717239766886,3.3786013250887597,3.580175184058403,3.510249065425964,3.445072109990069,5.865767732911272,144
151,3.6087403354132297,3.5275279563018183,3.5877193725773138,3.585748810233371,3.518715322136305,3.7287963573913867,3.65459805594276,3.591420478559161,5.872134092519268,144
152,3.7501833371960682,3.6674570474145076,3.7297803792539197,3.727953887723263,3.656867117289556,3.8782245257884833,3.800181717776137,3.737298192794015,5.876134968246883,144
153,3.8927016267524848,3.8076858756805496,3.871654417402882,3.8695880980956576,3.7961970535985614,4.0255474555654445,3.9453933999308757,3.883513297861941,5.865732193711878,144
154,4.036200939441642,3.947301602585088,4.0134026880086076,4.01128326543068,3.9362691063572237,4.1734904318852015,4.088727259665495,4.03098377124736,5.856598930451662,144
155,4.179150355126057,4.087886418532816,4.154621666602312,4.153550210459288,4.076416625143871,4.321124898442904,4.233294773181628,4.17882389968423,5.873872579438006,144
156,4.321569080806231,4.230486881525611,4.294619476404994,4.294487470582647,4.2161642243625845,4.467571815226127,4.377519399807248,4.32505804895494,5.874146851460321,144
157,4.4633964772094785,4.373470272883673,4.436140909986799,4.43558332661242,4.358082315188508,4.613706594839456,4.522447417785415,4.471838875706748,5.878480076167677,144
158,4.605023232420967,4.516135028152167,4.57963024709919,4.5764171635035105,4.501100936433878,4.760130474024261,4.666949117670228,4.61768640493961,5.867177150692704,144
159,4.74588617679569,4.6579814492538985,4.723747629016886,4.715934701190813,4.6457043954649535,4.905431725420788,4.810627542391392,4.76223288742261,5.873138994009775,144
160,4.8878172011098355,4.799630691798814,4.867236861129193,4.855911028309633,4.789871999892176,5.04908664652029,4.953248622640342,4.905274624853087,5.875171354957223,144
161,5.029414132604668,4.940407891268235,5.0115756947045655,4.996385988185949,4.933345468809654,5.192068805239485,5.09325075895935,5.048720677878668,5.877652563966165,144
162,5.170684342655676,5.081601167396524,5.154542927186657,5.13745777024358,5.07772402204372,5.335491241527912,5.234204589538935,5.192169451956552,5.887471813956865,144
163,5.168344811377677,5.082036519042335,5.155538302681222,5.136000924147709,5.079913285816875,5.330360839318116,5.229087379196404,5.190356741544588,5.878968422979764,144
164,5.161026519831214,5.081385812485118,5.156489442201119,5.132303203665032,5.08240939045662,5.3246056151967025,5.224223058152589,5.190392962198175,5.880716759165634,144
165,5.152660630348447,5.080058643048414,5.160112633492218,5.127708463359772,5.087390663894254,5.321126857986028,5.218277900283752,5.190296598322654,5.883183091463581,144
166,5.143943928935128,5.077864365927915,5.165601543998099,5.123611704168413,5.092441296660679,5.314859597162477,5.213463657541409,5.189426037442617,5.884793476189263,144
167,5.134392403868324,5.074641733903372,5.169538316575663,5.122192847817072,5.098001943026556,5.30787355338553,5.209639639809725,5.190138549985154,5.88170527392816,144
168,5.122803897379204,5.069193473573207,5.169874506234141,5.1192416170594806,5.103500366106414,5.301138417714137,5.205570263084606,5.193441102109319,5.885066234901074,144
169,5.111738790897498,5.063596511335366,5.170910207811275,5.115981692589299,5.1101946579565265,5.294665048584915,5.202411174523305,5.199598185454258,5.886190944501545,144
170,5.10142775283511,5.058237856755524,5.171802532627595,5.113216571905245,5.115891426696075,5.2879660038699905,5.197681707367044,5.204442687373115,5.886236658191276,144
171,5.088877879055355,5.052024030000419,5.17282621257203,5.11331547968565,5.120774094961776,5.282938997234259,5.191980309256801,5.207378548911774,5.890412584819296,144
172,5.078651255555139,5.0459594854558425,5.175344061515226,5.113535212964294,5.124410857820554,5.2781892154849395,5.18697297364645,5.209693082898156,5.8802853048934445,144
173,5.070617811693853,5.04053587441939,5.176887576212996,5.114572614393694,5.126249147906897,5.271828185635122,5.178662842531759,5.2134308091111325,5.890493085081678,144
174,5.063049927381309,5.036845348775968,5.179796195650887,5.115913036281771,5.129436000809116,5.265759286173305,5.170583848285314,5.213736659999989,5.896613729722799,144
175,5.056583264430075,5.032470312302726,5.180064837951926,5.115984031035991,5.1306381268899255,5.2581180586268506,5.163518159744631,5.212123061083027,5.885938013518915,144
176,5.050294066204717,5.027880877604688,5.181780170107476,5.117220242220842,5.1309505290004305,5.250165943810494,5.156459877964459,5.213004426952785,5.892655901543624,144
177,5.046582330872596,5.026194806533958,5.184333372139758,5.117078396751658,5.126751388878448,5.242683954493039,5.150822352720571,5.214038293892957,5.890658832368375,144
178,5.043902344353741,5.026189149499809,5.188662585908398,5.116905866548878,5.123156428378013,5.236846502895535,5.143754560906409,5.211660207171185,5.890248080614286,144
179,5.041933577851447,5.026282200250723,5.191145386526745,5.116182854234283,5.118416847441651,5.2319007184105315,5.139205466851481,5.206964581696624,5.884502618554389,144
180,5.038484373052066,5.025280939377419,5.190599359543452,5.115691581424764,5.112956369464493,5.228729477112495,5.134195313126302,5.200658078359357,5.897221194939341,144
181,5.035219271857445,5.02226231921362,5.189599674240981,5.11459328778197,5.108751538063684,5.2239512707255535,5.128155637068739,5.19308949561391,5.895316463752633,144
182,5.03135564374789,5.019925088477215,5.187992513079621,5.1133134992838185,5.104439093794573,5.220147606630661,5.123898080892628,5.186676730828005,5.899908137575563,144
183,5.027074472264802,5.01572755655451,5.185657840861076,5.111383238949042,5.101042018372686,5.217724925439986,5.11895657589925,5.18398947630469,5.895300149170629,144
184,5.024557669150269,5.009681470288482,5.183006373169065,5.109481654759137,5.100577479084435,5.217066721037888,5.1152198061307885,5.18213484757963,5.902411034060439,144
185,5.022044030704942,5.006024528879446,5.180484631302662,5.107412417935972,5.10211363800588,5.2159451644344355,5.112604414883179,5.17855059256256,5.905620253797271,144
186,5.018274090084281,5.003035044955723,5.176765313140361,5.105107915711403,5.103037014000224,5.212738095347991,5.108789478866867,5.174858902089994,5.90118834623808,144
187,5.014865676409855,5.000820029421192,5.173383149224994,5.102813313022002,5.10537243692193,5.209049870944295,5.104767974050158,5.170306842403308,5.91061003534012,144
188,5.01384028096206,4.9982167870586744,5.172527225540983,5.10093179886311,5.1083031760311535,5.205494802953085,5.0995690209322095,5.167343555683175,5.904389458827993,144
189,5.010985179090259,4.995079251308656,5.172466229001677,5.098132153688972,5.110943923328309,5.203429205386565,5.094015905451322,5.164221974615299,5.900925324430967,144
190,5.0074238982458334,4.99333552074191,5.172859965384575,5.095651412751584,5.112888209890704,5.2008488226947325,5.088850731634144,5.160098451953701,5.900032053673396,144
191,5.00465484029778,4.99113465814704,5.173455714500891,5.09242723516236,5.11489178976432,5.19763732230474,5.082888141811923,5.155742242158162,5.910826423788108,144
192,5.0019406913609075,4.985279324997074,5.176071789774844,5.09115197233486,5.117681914712486,5.196000480516714,5.077529640121869,5.153888534016579,5.913835685544799,144
193,4.999593184325996,4.978558467399861,5.17665436059806,5.091510807205138,5.1159310383409915,5.1944259073073225,5.072402922738556,5.150373415990814,5.9046062932172445,144
194,4.998370485113666,4.9719252425628815,5.174822120337015,5.090783874996566,5.113590063769201,5.191028555502008,5.066534722032182,5.1460528567914485,5.9092252782633405,144
195,4.998170232157985,4.96591993999482,5.172126205527857,5.091146230573871,5.110168742523637,5.188564050839826,5.063372835004472,5.142916425512909,5.898050279651942,144
196,4.995457007831637,4.960445766412197,5.171134612938316,5.091586180619922,5.10628846052794,5.186910481423837,5.062018973138203,5.141209993236243,5.9164235512466865,144
197,4.995883194209142,4.956108106015184,5.168567054313032,5.092085335189036,5.104122827912555,5.186300794753188,5.064207399575844,5.137654923077969,5.91593295942826,144
198,4.9961298736991,4.949723422446647,5.168063413297116,5.091475481412571,5.100717679614808,5.184659760656313,5.066121082329241,5.133785036853584,5.902861125880226,144
199,4.998033165406779,4.942705935464934,5.166041681095205,5.090865610302048,5.10016711267108,5.183769045009076,5.066548518048657,5.129414521057155,5.9120835995563805,144
200,5.002959449921832,4.937053436901833,5.165123644181002,5.090929043214249,5.100368026416974,5.18187212532984,5.066646503036767,5.124494348093612,5.9177681909763615,144
201,5.009886835772059,4.9323912542842665,5.1618023833279105,5.090629690658447,5.0976132061413875,5.177985242915208,5.0675577190233625,5.119033709564373,5.9133757693606945,144
202,5.015491411461809,4.927118588462697,5.156243471572924,5.089738711092502,5.095558463783508,5.174302679071598,5.06683232935845,5.115157045710168,5.916761326308239,144
203,5.021461348441921,4.921385442907777,5.150759445753236,5.088407740447311,5.094090431708832,5.171066945630006,5.063340852046484,5.113599187525674,5.917817183252937,144
204,5.028038918451321,4.9182128698917555,5.1465805845730035,5.088425327595393,5.092408901858144,5.169025594801536,5.058435675397906,5.11259747058112,5.914838384872417,144
205,5.03519506873438,4.91692956116445,5.1413389647665255,5.088819637799436,5.090879309886381,5.167307383161477,5.05349653925917,5.110710582941724,5.917597384668952,144
206,5.041023895687436,4.914963274520588,5.136630943908453,5.0889422653037055,5.08867831184315,5.1651280895472915,5.049360224664271,5.110088508165958,5.918210859286459,144
207,5.0473779219326,4.912619669265204,5.1311344229995015,5.090110053415511,5.086665365549645,5.162048272443984,5.045292053383519,5.110805769642546,5.91876971999967,144
208,5.05116057409114,4.910351834090617,5.125802232192104,5.089697895633885,5.088102341176354,5.157538344350284,5.0425167899811,5.112688790009195,5.916861986246931,144
209,5.053489336236051,4.908417842627751,5.121303386319379,5.08810957617758,5.08944244716065,5.154319837050348,5.041556581747129,5.111759133512303,5.932226738208647,144
210,5.055265626247715,4.906788513248428,5.116736462328311,5.086972002513257,5.09034870402687,5.151604684445238,5.04181163023226,5.113375754646345,5.921012747912887,144
211,5.057511260970231,4.906312747929961,5.114335477518212,5.08715110489967,5.0912781040566735,5.148547271194685,5.042728192686894,5.115767225876322,5.923414917641196,144
212,5.060062948510415,4.905205556616276,5.110659719446503,5.087326033094984,5.093431075800669,5.148725818493038,5.043329706766874,5.117718442850986,5.926454595370318,144
213,5.060536010316982,4.903716950657884,5.1059785249605065,5.087448688820579,5.096907022450921,5.146410885278794,5.04397142698849,5.118839425110725,5.923431404255845,144
214,5.058115641821098,4.900750717022461,5.100381708776034,5.087631386739624,5.098968920183255,5.142828024323877,5.045510689148982,5.119542664309947,5.924174812390267,144
215,5.054312566630399,4.899415385278273,5.0977413180638065,5.085397167987121,5.101796157779557,5.140388412126328,5.047919394743893,5.117816460737851,5.922449126172741,144
216,5.051257757809461,4.898175852955026,5.0950363810111785,5.086258523306526,5.104436867087207,5.136376630548707,5.050033196256859,5.116893226185351,5.9258976365924845,144
217,5.047285145761732,4.897586592177465,5.0946933477163,5.087149963410557,5.1056851599477895,5.133123451330837,5.05029063622942,5.11645781085392,5.92399461195721,144
218,5.044039685414658,4.898819892791471,5.094777998756111,5.086878955819685,5.109137350662576,5.1307964675619075,5.049190773915226,5.116055274014548,5.928763497945961,144
219,5.041604715940524,4.901181830341323,5.095078880315013,5.085699333264646,5.111402142404464,5.126568448553922,5.0494573595386685,5.1135316737711625,5.93101045094036,144
220,5.040805683118179,4.904484230396632,5.095749836069695,5.0847087359438286,5.111302639158935,5.12178683692474,5.051605328914558,5.110633743791403,5.9273371457967405,144
221,5.0408890206161425,4.906100692977939,5.097958424119396,5.083730531058781,5.110422042913388,5.117978441778151,5.05330695766905,5.1087868636579215,5.929208683667841,144
222,5.043201370968335,4.903970473353128,5.102745057605972,5.083863956007749,5.111287524425585,5.1149747592716235,5.056335555902665,5.107639359536334,5.930776545717025,144
223,5.043206870392124,4.9017299649082,5.107638296453661,5.085787576380862,5.11191246034646,5.1122179331147795,5.059202649210894,5.10664344222104,5.934190300651108,144
224,5.041509991767753,4.901131612131784,5.111239708675018,5.0874959065992105,5.113921679278963,5.107943559157725,5.061526037895798,5.103951016560858,5.928959143410095,144
225,5.041676291903159,4.901022099329969,5.113886574358978,5.089993083414016,5.115341818730302,5.103969275152638,5.06412867098768,5.101081100440947,5.932299554827492,144
226,5.039588486654642,4.900283345993488,5.116535651240355,5.092783579894862,5.1162587778960305,5.09806867801331,5.06916007429174,5.09652031229256,5.936354132740708,144
227,5.035044268229968,4.899259247789599,5.118803674393924,5.0964898493902595,5.117384342092259,5.093214496952731,5.073716464399056,5.0925263927698685,5.947033285540566,144
228,5.031627547425353,4.900568940354923,5.121404441917527,5.098747134341209,5.117975599357088,5.088234421899662,5.0787730427283115,5.08715249787922,5.936543568633191,144
229,5.028368775985488,4.901369014774315,5.124343336269383,5.099345409358199,5.121071278854821,5.084227759321612,5.082350101695813,5.0830930190198025,5.933641085323322,144
230,5.026048401149012,4.901805239244897,5.127204426211711,5.101540541776094,5.123602970203411,5.082153157250202,5.086775532155622,5.080800366316207,5.930332622246596,144
231,5.024578579875151,4.90218403701449,5.129542125199316,5.104829445018945,5.125418255510334,5.079492469205826,5.08841687016815,5.079792625270148,5.941240250589491,144
232,5.024435113227788,4.904527835322284,5.13023300515284,5.108426613009366,5.1283815605049545,5.077472274870804,5.088150190713284,5.078754113192234,5.937931839777408,144
233,5.021924905321937,4.906165874308834,5.13242527670111,5.111156787011973,5.129535373965469,5.0748738422125355,5.0866658418280295,5.079803227460706,5.939459253124613,144
234,5.019892300088128,4.908005256121953,5.134021624493947,5.113512833951607,5.131940219775418,5.0722024164670145,5.0852269171658335,5.081094369673808,5.941704753947857,144
235,5.017175910805672,4.90979424516347,5.137283228101259,5.115142146029546,5.133003820326724,5.0687992019952475,5.085918697781714,5.082988274515607,5.93907867442493,144
236,5.014598132173372,4.910901848028944,5.142023963844078,5.116141921901405,5.13261467406997,5.065983759572319,5.087270115932848,5.08444055889988,5.949902598628465,144
237,5.0103446945144725,4.911359997601874,5.14722913820281,5.116954479493086,5.134192043454094,5.063380381505937,5.0892616655010485,5.087270676976663,5.934002730351661,144
238,5.006981088939675,4.913033529428745,5.152817722703724,5.1197147915287164,5.136894148884046,5.062372452440291,5.092254593206814,5.087798907782918,5.940388656327433,144
239,5.00426342717004,4.915620992346291,5.1580606686844535,5.122568941163066,5.140205827404472,5.060449013438368,5.096573535795951,5.087382031850557,5.937364278616752,144
240,5.002967966369715,4.918876743689186,5.162918519258366,5.124476355418408,5.144003933546067,5.058252766113472,5.102028696783837,5.084294101438877,5.936436957834499,144
241,5.001134881477614,4.921127692826934,5.167757286531193,5.124512363372585,5.146878084081319,5.055442135211135,5.106254782412376,5.081098145261986,5.946740001850035,144
242,5.0000280301216495,4.9233904961086825,5.172300864799558,5.124067654155318,5.150867223445389,5.053384655442269,5.109513176274504,5.077217086842999,5.947595856618944,144
243,4.998878118183688,4.927460187181859,5.175889851828671,5.122222387121864,5.154578035423747,5.051486633265613,5.11408293763086,5.07121643227572,5.938635637590951,144
244,4.995732057143479,4.931124385870705,5.179387023807216,5.120440100839436,5.1562700062451965,5.049906263601109,5.118081468816934,5.064525800820602,5.938248791023406,144
245,4.992130063188686,4.934981697698937,5.183063498050166,5.1183943898124635,5.158038066793617,5.04810117227416,5.121948055033593,5.058039796905799,5.948161765780214,144
246,4.988946625814226,4.937791746507446,5.187539350970532,5.116029227732879,5.160762923799183,5.045657490195407,5.125802608174966,5.0517967643324155,5.94884782736806,144
247,4.984986399809514,4.94045292744514,5.193764171786409,5.112548093847609,5.163877159264354,5.0444460625391185,5.127987136204762,5.046471176479894,5.939261517502457,144
248,4.979911188483567,4.9444231584354705,5.199957370771363,5.109097606541139,5.16622822592005,5.042062779736215,5.130812800427938,5.040846312584417,5.953453077302237,144
249,4.975575370245245,4.94788012053799,5.205317261882997,5.105432329580992,5.170204733932259,5.04173683814112,5.1341728686776715,5.033982815838527,5.958114236338854,144
250,4.97356271938063,4.951831508078786,5.208926962665368,5.101149123049977,5.173326482832982,5.0423152748596465,5.138571419018236,5.027725608399175,5.94640840389021,144
251,4.970894164642642,4.954887683271828,5.212076576821612,5.097949554090382,5.176670845275968,5.042581290519387,5.141581833171297,5.024328506543945,5.9503402576778495,144
252,4.970347573461229,4.958822259787023,5.2158839726178305,5.0934174174541,5.179627985413507,5.0436792041748095,5.144959131744204,5.0215246470792625,5.9482127493864,144
253,4.970137429391896,4.962514193161283,5.216940359022884,5.089015670728959,5.182509903228227,5.044868697448854,5.149557713307969,5.019633055191878,5.947132497694629,144
254,4.970873960861368,4.965847960325494,5.217358764838403,5.086893709639943,5.183839013699972,5.046225641092221,5.1540467976420015,5.0167989164292806,5.945952146081137,144
255,4.971695254644985,4.971019267771317,5.218950452589386,5.088030759885694,5.187435341582995,5.047356224789683,5.157848783833746,5.015720310655294,5.946590778387602,144
256,4.971113234890326,4.975271082647739,5.219230298918002,5.0894962278918285,5.1907765523846585,5.05024779636543,5.161610141418379,5.013883715397673,5.954324566641121,144
257,4.96884944311683,4.978689327004509,5.217423228792841,5.093502572906797,5.194180924694713,5.051596781915839,5.165111068947743,5.012739447742883,5.95293275081804,144
258,4.966755226109329,4.984586947534099,5.214475648673885,5.0951066964778775,5.196637945699584,5.052638217293068,5.168377974613836,5.009443513618862,5.9558167619290305,144
259,4.966276898800185,4.990008114731466,5.212408029006236,5.094742945211831,5.198824674500456,5.053424981033059,5.1717669819128655,5.007492524715074,5.9618468785563214,144
260,4.966058917638489,4.9936641526829435,5.21161460239089,5.094600322051483,5.201429964577711,5.055323145140347,5.175022650025047,5.006669470760992,5.962989497479123,144
261,4.965012778702267,4.995994093798905,5.211516952982348,5.095473394566323,5.204285818744404,5.0572094705652315,5.178580583328648,5.005891284530292,5.96049758553903,144
262,4.965581435615721,4.999492816467115,5.211003324756858,5.095515508726094,5.207882590080772,5.05888384522428,5.181457480425586,5.005691618725969,5.955642039503391,144
263,4.9681782708506805,5.0019738639536895,5.21093409650503,5.094613760460756,5.211261798742656,5.060285089144132,5.1840386077779925,5.006019271022842,5.9633657684550645,144
264,4.96988150972269,5.0036446757910635,5.210160793335231,5.093802159443483,5.215092979017638,5.06268372651712,5.185013048199334,5.008575991970456,5.958525059474042,144
265,4.970890623645243,5.006577886354771,5.2102183780233995,5.091895921505226,5.219186978605098,5.063534252072142,5.1876249540070525,5.011203329444957,5.951284468760736,144
266,4.969115504338932,5.011506590656838,5.210915660642891,5.089254125691103,5.222179842036581,5.063524096682519,5.190378928714851,5.013962282776797,5.950644194744551,144
267,4.967666726572623,5.01627907974733,5.212569433198373,5.086888622448065,5.22430616059485,5.063655150593343,5.193943164887676,5.016972740975035,5.951471847411245,144
268,4.966628036949462,5.0182283999434745,5.215255790498878,5.084127201482458,5.226641106009479,5.062953306882465,5.198716845742986,5.019621967074704,5.963485844257431,144
269,4.9650175934868255,5.020740808358278,5.215914244325495,5.0814788469585075,5.231466540368157,5.063165376581988,5.203204347574063,5.021697520188663,5.959036507827859,144
270,4.963591976386792,5.025697958454719,5.216793028511364,5.0805856143077595,5.2345416861563825,5.063806667902365,5.206044406374357,5.022430799555676,5.9576908965913775,144
271,4.962142840343733,5.031423867572995,5.217639326714062,5.080970183719222,5.239529827470319,5.064881279747527,5.2071382260644885,5.023027496212617,5.956635649770871,144
272,4.960759198649153,5.036631404648212,5.216182855130907,5.081884274341359,5.245301743962952,5.066005598088599,5.208230403943874,5.023310121829869,5.963008234348637,144
273,4.959999262160791,5.04068538720301,5.214603640878947,5.082653389122654,5.249317312120539,5.066906095887324,5.208360593196815,5.023612169663536,5.962940948100536,144
274,4.959597737832751,5.043404092846052,5.212531020195698,5.081891666317887,5.251920060737186,5.067681332918795,5.208212307506671,5.02400893945577,5.957736484007452,144
275,4.958897749001906,5.047076407839996,5.2118866821806735,5.080133081945417,5.254529622041346,5.068452798024602,5.208283367206656,5.024128927005917,5.9665570561580115,144
276,4.955659194676344,5.048625451594706,5.2115214867865705,5.0789264992912795,5.257980376975989,5.069455280025657,5.2085697622587634,5.0250012576125,5.96329421255757,144
277,4.9524633610852895,5.050447199342285,5.211972472796575,5.079427741985746,5.261451566241061,5.071162661942935,5.20943797903376,5.026353695733493,5.960065555276249,144
278,4.949496289463838,5.053413422580302,5.211839158387136,5.080707819962438,5.264606813890522,5.072743567296337,5.211697990920756,5.027460464057131,5.961514694268329,144
279,4.946745862869946,5.056421173763068,5.212781386415698,5.08258248567623,5.266537573152366,5.074302396358155,5.213723726809247,5.02951876409409,5.960060862456696,144
280,4.945576885308547,5.061239707248101,5.212350115379156,5.085048677595062,5.26799288771203,5.077129494663491,5.21547031070135,5.0316483365283515,5.961498780825542,144
281,4.94477354821497,5.066445993386502,5.211526643587709,5.087958295088857,5.268599776661225,5.080267030479684,5.217407062144209,5.0339292972756144,5.963552569409696,144
282,4.943546756931211,5.071481546661682,5.20988134414233,5.090085060574657,5.268672815751698,5.08177293985492,5.2173807127077785,5.036210838513592,5.972496469355015,144
283,4.942934521536957,5.0762270249835115,5.20583493200092,5.092957369699621,5.267525395330653,5.083308626305097,5.217712362992109,5.037450289420304,5.964904279500083,144
284,4.943872598216686,5.079916295110037,5.203514837857423,5.0954965253321465,5.266428919953517,5.083372420299301,5.2178822485053376,5.038918308487652,5.968519247596591,144
285,4.9440311954729115,5.08379200027583,5.202079115533124,5.0992089812391805,5.262689615366859,5.083144018792565,5.2168875762441935,5.04070944235343,5.9726641657239306,144
286,4.945689432417209,5.0890250048129015,5.200834791243135,5.103819371414407,5.260315710385678,5.08273333407984,5.21434107209725,5.043422092632949,5.961100817158874,144
287,4.946092285112028,5.094499298256264,5.199976287443693,5.107570776617212,5.2574927450870605,5.08140763967091,5.212112766877483,5.045793225384534,5.968057292134409,144
288,4.945015896010078,5.100632122775961,5.19990701586407,5.110469960113765,5.254755454475979,5.078053470305923,5.21065400239755,5.0474145298321105,5.967399352180887,144
289,4.943867342194611,5.1063462111203,5.200579161964734,5.114240003476844,5.252940061808122,5.074577921086731,5.21005146508469,5.0480639250390205,5.96605761445644,144
290,4.940963150563881,5.110836557828682,5.201330029607144,5.11738448735257,5.250522350435952,5.069196788096804,5.20952904591768,5.050192983763561,5.9692371455728415,144
291,4.9384444531558795,5.1134658824014885,5.20122136376074,5.119208655106984,5.247471580016083,5.064127032999158,5.208748449797223,5.0496939180991225,5.970383307986413,144
292,4.935789853994548,5.115067254816582,5.201217240321936,5.12089319811314,5.244667786816775,5.059261731149064,5.206494797566066,5.050335973813505,5.970473344411364,144
293,4.9346356306685735,5.11819821935063,5.2018644658273825,5.120962573648107,5.241347439007081,5.055784141412776,5.205094312146892,5.052371472842106,5.968882484397885,144
294,4.932319970956829,5.120119377425285,5.202653064297586,5.1219654480835075,5.238650921741659,5.05062596899657,5.203911607017304,5.056270230779921,5.970173727766414,144
295,4.9296908190347395,5.122476870145974,5.202012853754547,5.1238485143430985,5.236419162562841,5.045242823168209,5.201167706816094,5.059557517236892,5.96996028438798,144
296,4.927203695682021,5.125537437328462,5.200975839017325,5.124527617317967,5.233255993579252,5.039040867596878,5.198619590044643,5.063192206223556,5.975801556560832,144
297,4.925039747155964,5.129825242016512,5.199986104742326,5.124207486980371,5.228714234255865,5.0350167294330745,5.197148233448049,5.067203853329607,5.976747178192771,144
298,4.923886781995475,5.132697815328761,5.198819972902488,5.125718253052055,5.223425238872363,5.034582609036699,5.19561083484575,5.071409754269495,5.975635184439857,144
299,4.923287728917616,5.135876675297916,5.197680752300703,5.127561116422504,5.218217697488979,5.033188176798426,5.193997323161579,5.074739142171547,5.970583827233311,144
300,4.922852217966532,5.138881319101882,5.195859181982639,5.129720482664749,5.211273720695726,5.030294499691831,5.192397537435915,5.076467414891283,5.972975001864155,144
301,4.921744895364384,5.14130681150546,5.193547714670467,5.133087845070434,5.203687975526204,5.028346592602768,5.188706983490443,5.078433212263084,5.975162290762361,144
302,4.921406330403245,5.142419458279996,5.191307965003423,5.137121817602347,5.197293254919336,5.027468654197948,5.185253080856301,5.0797408413496346,5.981746177320784,144
303,4.91992864985727,5.143926294942273,5.188134264839556,5.140468288612054,5.192194245115589,5.0269509672829455,5.181722531366504,5.079574858614972,5.978313149601171,144
304,4.917952654000695,5.146949709912732,5.184523169684338,5.144421523888116,5.187438021918979,5.028091412105849,5.178295120657603,5.080124614589254,5.978011868264482,144
305,4.91627588983156,5.149839317130479,5.181978123050682,5.148158912747252,5.179714316679814,5.028840492175014,5.176285684744249,5.080338658672105,5.9783088988339035,144
306,4.914048941059351,5.1522476938688495,5.178950180084788,5.150013131974646,5.173458272962708,5.028503970008748,5.1756152646929525,5.081155435549127,5.974643108980085,144
307,4.912457916169198,5.154326062855626,5.1756407371610225,5.150415496264858,5.166244227794055,5.027021932831097,5.175554641842248,5.081658367605225,5.978767504826606,144
308,4.911703753498411,5.155757880619163,5.172560678809813,5.150577380521686,5.158390562544134,5.025831845628587,5.175622971528309,5.083757735192927,5.976803247058591,144
309,4.911259185957082,5.15827091957796,5.169057106481906,5.150321011596546,5.151631594206881,5.025860472141481,5.175029667129067,5.0846366677406305,5.982135247921747,144
310,4.910249470353387,5.162063792899438,5.166663839732323,5.151421446432028,5.14526024016706,5.027506948861068,5.174213217667997,5.0847206510719065,5.985911296098695,144
311,4.909158826091539,5.164112230608597,5.16364720733684,5.152927202124614,5.137901974727281,5.0306198324252005,5.173043009330767,5.084289782427337,5.991946904953739,144
312,4.909841636382287,5.167138693681261,5.161490725173403,5.15446727382677,5.129278392495108,5.033855562872043,5.171633308077041,5.083845268972754,5.980390729751149,144
313,4.910715155328937,5.170324367826693,5.15779598727277,5.155684372126419,5.120257769012989,5.03538066345074,5.168845196746174,5.083979151651857,5.97865913978196,144
314,4.911460092188712,5.17218616581974,5.155084385235529,5.156455084300177,5.1116094023272005,5.037139736440709,5.165957707966368,5.084628069984653,5.98765329427383,144
315,4.912491046164275,5.172320534955405,5.149925546351971,5.156474291053733,5.1037198242873565,5.038912785110041,5.162465242813921,5.0850280828470105,5.990089234044857,144
316,4.913303210363662,5.171424929204054,5.147555602041559,5.156558824908227,5.097903009464316,5.039118804038659,5.1576681162146105,5.086219862117137,5.98725110930677,144
317,4.914786204061271,5.169985692267505,5.146257313659744,5.156079276417557,5.092819614225927,5.039515293483464,5.152310558252278,5.086277139977593,5.986419332015537,144
318,4.917218454650783,5.169670380624066,5.145053758879882,5.15535049427865,5.088654230549092,5.041787665004668,5.148531875830739,5.08606344688507,5.980656801024776,144
319,4.918915861166926,5.1693146655138325,5.145198589514434,5.154225736373865,5.086622271827533,5.042973693826484,5.1458504827057885,5.085160695339191,5.983587535378925,144
320,4.919737083283849,5.168749107366418,5.1449739840655235,5.152728098165076,5.084555507322692,5.044489030728188,5.143246327200318,5.083474752541907,5.98220217722737,144
321,4.920185871321832,5.167858739500982,5.144059332288222,5.15050625211594,5.084233087388952,5.04631591599759,5.141597179329985,5.08237635199794,5.977257364142388,144
322,4.9189584649958995,5.165945652365036,5.143409782642485,5.147556286487265,5.083597231141138,5.047400917048373,5.139560781143629,5.081604594201975,5.982097673291643,144
323,4.919545840825869,5.164524924650211,5.143157003099932,5.146151913938113,5.082898553688403,5.048771771522213,5.1359039586887505,5.081351233174992,5.979416465277939,144
324,4.921085548409383,5.161276516482107,5.142808452935399,5.145452806676712,5.081901275807726,5.05182275460486,5.131885651202087,5.081242784000885,5.980955951218509,144
325,4.921625060947881,5.158448526013996,5.144132894002158,5.144510711394911,5.07989083331777,5.055373283648203,5.127662149258875,5.0809761029631835,5.976251011466353,144
326,4.9235421474018,5.156105718562641,5.146612376959795,5.143640840610363,5.078944134940325,5.060096563218485,5.123730555458925,5.07974132364303,5.991285675483072,144
327,4.925058959978333,5.154867621112691,5.148733436428806,5.141938036314334,5.078676141663876,5.065395526044789,5.12044244085694,5.080380038609255,5.978642016066332,144
328,4.926202748086132,5.153815337811673,5.15319127452199,5.139131436146052,5.0782203019304735,5.0699270885750405,5.116621679681427,5.081117380881904,5.9872108688578605,144
329,4.926998705623247,5.15211219123224,5.156663569907926,5.1367997435353665,5.0779345830935645,5.073728911991147,5.112066259227661,5.079961141576369,5.9854144371238105,144
330,4.929298699371721,5.150597906668756,5.159007140799313,5.135343842845732,5.07808716251961,5.078742868731109,5.106693629238718,5.077398075632372,5.984690427294451,144
331,4.932502082581713,5.1492133268950475,5.162199593550575,5.133804056447286,5.07850196811459,5.083489919725656,5.102088307923188,5.07362372249819,5.987630955010519,144
332,4.9358230364659015,5.14811359036434,5.164813339980186,5.132510889670087,5.078909475085025,5.088502383231705,5.0978638140598385,5.068742358156969,5.987918659789902,144
333,4.938257870378023,5.146157210095373,5.166690062449915,5.131521557538652,5.080415141721465,5.091754202644118,5.092307734201293,5.063835219588078,6.0020969490056375,144
334,4.939909056839927,5.144387916841108,5.1684701399927855,5.129202230130629,5.082454923795706,5.093561965685174,5.085793737629197,5.0596344066774055,5.99124083735029,144
335,4.940959563818312,5.143696353804863,5.170193170400541,5.125848751279203,5.084282684887083,5.0964904027479205,5.080246964823068,5.055772838981692,5.996620025524304,144
336,4.941687165497415,5.142644512963067,5.172885963953659,5.123192839639956,5.087724373554974,5.099341663298737,5.0763620193037555,5.051305609301144,5.996106235547672,144
337,4.942593033321261,5.141887303217786,5.1750277549223345,5.120707433171969,5.090599384709204,5.10094229248764,5.073259252623638,5.0455065777323,5.985628054856171,144
338,4.9424820026827945,5.14065173905688,5.177105960819074,5.118233184837429,5.093283951991954,5.102366357128983,5.070262759164761,5.040106281323064,5.983136664716827,144
339,4.942742460452681,5.139367530625206,5.179929758069228,5.115026627605728,5.095540295832933,5.103491778060433,5.068047988699973,5.0348814377651285,5.987876311459111,144
340,4.943126171906286,5.137467150589771,5.182367424873205,5.11139800070416,5.097642123843547,5.1039927539618954,5.065603193904975,5.030472995038846,5.993737932019637,144
341,4.9426756379209715,5.135276040115798,5.184744837666568,5.107269085944626,5.100228170387744,5.103711668053688,5.063483640224568,5.026881589719693,6.001018274485873,144
342,4.943040402839042,5.13207437320764,5.186983912813039,5.104933055890635,5.101974169739163,5.105104096988492,5.061676438489817,5.0237347567287705,5.991304469434818,144
343,4.943698157306464,5.129305542196688,5.18989138569201,5.102522265723254,5.103925262829634,5.1065811831469485,5.05972114689456,5.021444289907191,5.990334554970253,144
344,4.943758610302064,5.126920987060931,5.192545317224229,5.100911897413641,5.1062555789912025,5.10824301490103,5.056664283530634,5.018397980142151,5.9879163164512885,144
345,4.94413794938821,5.124382728589701,5.196123933911138,5.099060921438261,5.10858635995095,5.109042319445946,5.054360224411534,5.0157455024848385,5.9958030375561195,144
346,4.944739459064344,5.121088657285922,5.1987988028789935,5.097051608903201,5.111119795281653,5.108158370856433,5.052846599249788,5.014077070132009,5.983611594783982,144
347,4.946274063764668,5.118843815157961,5.200206728268553,5.095435665522913,5.113537889483851,5.106743502246022,5.052663589811514,5.01377632500237,5.995818730899607,144
348,4.947079298121658,5.116641642280057,5.2019856677959755,5.093478604637237,5.116176035644296,5.105622683559882,5.053977641126939,5.013991548005345,5.997692252952177,144
349,4.9489351548347305,5.113714888540826,5.202309014425556,5.092045244511829,5.118970357371761,5.1047220991007025,5.056509066150582,5.013574382095577,5.997272183038258,144
350,4.951108067175655,5.111880762398609,5.201876537722679,5.091586208398446,5.1216148910148345,5.103455212808058,5.058412056293038,5.01231026039955,5.997762587902632,144
351,4.95358285706258,5.109893985760479,5.203046484581734,5.091288652385275,5.124697964048563,5.102184222338682,5.060983645584047,5.012203045142398,5.995458229816165,144
352,4.956247581831322,5.107985470829584,5.203729422153394,5.090579424062524,5.127038619991778,5.102121529597696,5.064462191904893,5.01256229813062,5.990916406165036,144
353,4.958377835095352,5.105805547621447,5.20351159135153,5.090937297701711,5.129504915454144,5.100859319960669,5.067215211100368,5.01339481169367,6.002563144366613,144
354,4.959759978143614,5.102951833583459,5.2032776168903325,5.091942978825607,5.130718570646415,5.099062761105229,5.070294046303406,5.0140979829797,6.000524289557827,144
355,4.962466620583536,5.099254453668733,5.203199541736799,5.092280269913481,5.131107611559491,5.09690952322777,5.072466045412316,5.01468690619747,5.993848807409887,144
356,4.965831298980095,5.0966464997143195,5.2025036370674975,5.094039406682862,5.1319442836988785,5.094212523396179,5.0740467884196665,5.016053161805715,5.989842368817953,144
357,4.9701367473241564,5.092640930405165,5.202721964040862,5.095549606781706,5.132201030490911,5.091463863211601,5.075093609415385,5.017109250307529,6.002959802321117,144
358,4.9744516152017315,5.088426158697068,5.202723275226248,5.099199553705132,5.132777468202989,5.088610306723758,5.0765348020057655,5.017346673207447,5.996458322280323,144
359,4.977451692712556,5.084692596032989,5.201134943311249,5.102302213289987,5.133102530403148,5.086639863112507,5.078592404696976,5.018308219129351,5.99945111424613,144
360,4.980171073938536,5.08038801497311,5.19982445648518,5.104010721218289,5.134041320227936,5.083724032150995,5.081037151866196,5.0193658021843195,6.003884264917311,144
361,4.983248937779694,5.076766425321508,5.198436102696294,5.1049251826279765,5.135299630126192,5.080010015163082,5.084180180877813,5.019616805415991,5.997266519581062,144
362,4.9850164263654975,5.073131062266823,5.1960016766212025,5.104870652312319,5.135758209211742,5.075884060663157,5.086949724329093,5.021153940684098,5.993629035498126,144
363,4.9867437672683455,5.069290684893637,5.1936924426824564,5.1052980722602985,5.135671853402671,5.072039589747376,5.088964545856058,5.021489028599816,6.000408084127324,144
364,4.988904836233321,5.066002457056378,5.189920674608724,5.106721424433147,5.136489886873087,5.068268727824899,5.091753687374009,5.021706711092811,6.005615874920433,144
365,4.9921971808707415,5.063338442173553,5.186833479479834,5.10796095766589,5.137463143782778,5.064165048032016,5.094733936262025,5.022220714134676,5.998063147009367,144
366,4.9946839713472935,5.061553038350315,5.184529849600237,5.108344977136273,5.13927582989492,5.060238068174052,5.098209056044185,5.0239440758039215,6.00304451242965,144
367,4.996697324046826,5.059542479297624,5.18227824456261,5.10898594736633,5.140840592855522,5.057110923121913,5.101404867740026,5.026563958320482,5.9973128870367525,144
368,4.997446047812352,5.057433391424789,5.180129970315385,5.110323423427511,5.142400794419576,5.054134413447263,5.1051585676847715,5.029765527828365,6.004624364662307,144
369,4.998190932059218,5.056166584016132,5.177980724249389,5.112249888581388,5.143083274576668,5.05028234755133,5.1089920466779395,5.032826042958388,5.997758367546867,144
370,4.9993075909023625,5.053797775025443,5.176689412355635,5.11404580956271,5.142880540519311,5.046644181351815,5.1124913026439245,5.036040315115214,5.999681110769207,144
371,4.99971242281096,5.049821912745992,5.175772826917807,5.116787884258578,5.142521023436484,5.042839891924897,5.115404333794366,5.038378963667194,5.999205734241512,144
372,5.000004781453437,5.047506389842754,5.174192898452014,5.118675320093998,5.142201276219039,5.03947812389274,5.11611063485401,5.0413563663485785,6.002533333610125,144
373,5.001678651113854,5.04501932439871,5.17300306897282,5.119460626709831,5.142825855946367,5.037886405967075,5.117718406429874,5.045520375538937,6.0066459172581075,144
374,5.004235774513339,5.043132696702169,5.171053810384784,5.120265927886523,5.144279436665649,5.036586972557167,5.120364054970344,5.050270983756356,5.993233742166019,144
375,5.006078052929581,5.0421960656301295,5.168217453599796,5.1217691044626275,5.14571525729675,5.035929075895158,5.12316867428299,5.054446487197251,6.006782448475339,144
376,5.007674539657426,5.041425819318562,5.164826655543306,5.12312046265483,5.146846942243698,5.036194471351511,5.126201663933664,5.057475461999754,6.011323587820322,144
377,5.009516079470064,5.040964751900566,5.161533980530957,5.125239873036971,5.149192736395216,5.037165323466969,5.128310519321904,5.059997948843147,6.007541157104772,144
378,5.011486982883809,5.041806601218179,5.157911526092051,5.126708812826213,5.150893308070261,5.038229576883184,5.130224505206787,5.063944266117874,6.013318448454422,144
379,5.012901718068003,5.0425657028796635,5.153758491914615,5.128836036610384,5.1515027778067335,5.040586560296425,5.132155983896123,5.067712936972567,6.001396343827254,144
380,5.014850326104216,5.044364883378538,5.149430063200107,5.13060144902993,5.153109417937971,5.042133401171285,5.134286379937924,5.070881295364699,6.005220802133692,144
381,5.016265017155588,5.045804934213192,5.144378533085884,5.132601444836268,5.155628336493361,5.04456907077507,5.135818754662061,5.0751536482122335,6.000900987996956,144
382,5.017208493836953,5.047211550490605,5.13960711336596,5.133356481311305,5.1580915624396315,5.0467813310298,5.136261392063722,5.07949695876208,6.004155673132239,144
383,5.016781494695794,5.047922527953179,5.135851219631092,5.133535118453567,5.16129969196213,5.048453083069714,5.135552374884111,5.082819952809979,6.018221383946151,144
384,5.0166179252630005,5.0480160579164,5.131304990022195,5.133546076353387,5.164102469897895,5.04890643485583,5.1331541735256065,5.085880860768082,6.005535353773931,144
385,5.015675616550882,5.048025713278261,5.129291823154287,5.132564000048266,5.1678484771754665,5.048912801937515,5.130535986123222,5.088994458435044,6.0079108320085455,144
386,5.015521020448631,5.047754603857744,5.127762866738021,5.130781866313794,5.170859404750197,5.048992304505939,5.128820151701076,5.093380875539929,6.0012951010104345,144
387,5.015567514149481,5.0480640635758265,5.126167227491454,5.128645921224512,5.173702918775481,5.047756645750853,5.127533388947452,5.096875719450087,5.996785373331147,144
388,5.016087173573285,5.048015624363954,5.124839365937127,5.126681496915451,5.176594166333464,5.045653579699597,5.126950452370769,5.099358317920027,5.99931775491466,144
389,5.017103688790289,5.0476342373251875,5.123767120430825,5.123505348348898,5.179368099568511,5.045021866593164,5.127265529305905,5.1021166108886,6.011480832989057,144
390,5.018395523857267,5.0471180066919015,5.122554181049509,5.120057160664166,5.1821774129513445,5.044922637806901,5.126724056956779,5.105256545823484,6.009653999470423,144
391,5.018615509713008,5.047432062709624,5.1211923451079375,5.117827997410634,5.186411745251441,5.0455801504120625,5.126341849754265,5.108633159669642,6.0001530689634714,144
392,5.018355127848258,5.046860144011126,5.120694537925717,5.115322497632498,5.1904245455454605,5.046666944307555,5.125749435058198,5.111530520299816,6.008304778721386,144
393,5.017467224037029,5.047552526457877,5.119844677087184,5.113990444277277,5.194616771647797,5.047382268983968,5.125415361922041,5.113409317063381,6.013610098304873,144
394,5.017490872959463,5.048484493370442,5.118629445358119,5.111296032969666,5.19763546181458,5.049434893178934,5.125790013228014,5.115935324570794,6.0142173024718835,144
395,5.0191657607200995,5.049150046467261,5.118228594950152,5.108562513871396,5.1994779567855245,5.0510128065928255,5.126591673530859,5.116668327122439,6.007513450389895,144
396,5.020794348659223,5.050653082743397,5.117203699574655,5.106487649597197,5.199826973647399,5.0545714937085435,5.127152715312134,5.117237862287302,6.005910709597808,144
397,5.023733964273544,5.051466201297627,5.116112025593816,5.104926552564719,5.2015347606529865,5.057374847350051,5.127905700763075,5.118425587214454,6.0137352291295665,144
398,5.027814421232131,5.051384246805579,5.115764249572376,5.104832882410898,5.202863584366774,5.0598687176954265,5.128402650600306,5.1196056125137925,6.007509796398035,144
399,5.031913239414073,5.050847599406605,5.115127447230013,5.105232598854628,5.203466570775481,5.061708145946044,5.129127786068785,5.121842077390871,6.014495526647155,144
400,5.034912434729436,5.0511079829225825,5.114827236631809,5.104724554063562,5.203971076547234,5.064027911879659,5.130707640911485,5.1235535167839465,6.012565541967546,144
401,5.037365872885593,5.052483017936753,5.114196689372928,5.1035939840419875,5.2043505905583585,5.06697143184612,5.131434225086886,5.1257847318356005,6.0180821227984795,144
402,5.038856530754573,5.05378692181106,5.113249651283852,5.102538181654765,5.203861529174342,5.069301505676496,5.1324271918676585,5.127548021072956,6.013673233655659,144
403,5.040627190828255,5.055803951192222,5.111066166439655,5.101904903217633,5.203206184135122,5.070404748495994,5.133267292664888,5.129325989767075,5.999753289509081,144
404,5.043409940182011,5.0574209501731815,5.108306155362623,5.101569123396088,5.203737412781904,5.072172068266008,5.133347903116551,5.130891151782558,6.010381879488405,144
405,5.046484858464071,5.059334244962029,5.105830092265425,5.102171032574013,5.2046751999962915,5.075189921066784,5.133457468105924,5.131987276145379,6.013304445416866,144
406,5.049645681377051,5.061837382154735,5.103209521830125,5.102646880912782,5.205492835163669,5.077995262472372,5.135152274500511,5.133267614275278,6.007826238668166,144
407,5.053560520398756,5.065800688095164,5.1010327689131625,5.103243158962197,5.206711595221133,5.0808252011387935,5.137106659797366,5.1348980030152545,6.004846661705204,144
408,5.057396749232432,5.068690670035926,5.099548354843725,5.104711357433889,5.207228577772953,5.084526565889487,5.1402061383573745,5.136676307233651,6.014353804688145,144
409,5.0614843054307475,5.071560021783522,5.097965622200173,5.106555579817742,5.207382006551297,5.087466918406031,5.142585238922772,5.136832884215767,6.014128258002747,144
410,5.065955477844044,5.074132305573588,5.097422384561363,5.107573559547331,5.206626408135888,5.089189051298233,5.143857110308259,5.135845165845632,6.008736297318847,144
411,5.069980363412326,5.075943459147709,5.096920722987148,5.10801541246602,5.20509167704984,5.091084955445854,5.143648221041446,5.135222886579628,6.017781636691299,144
412,5.074831475936074,5.076768960547819,5.0967295080355575,5.108253049247958,5.2035838348468255,5.0916817261426734,5.143332708236798,5.134845392275555,6.0110379995370895,144
413,5.079899440774823,5.0775296745703535,5.096704997053291,5.108862082392437,5.201221528185288,5.092174865387465,5.143128873463875,5.133985032662016,6.014524829433187,144
414,5.084507913483224,5.077024971524965,5.097611363316895,5.109116459795045,5.199996014212245,5.092133187060343,5.142480158903476,5.132454683133338,6.003796214469816,144
415,5.088858481146779,5.076692368076303,5.098547008037116,5.109542982612025,5.200091861504166,5.091629572353795,5.142032135780523,5.130681026036029,6.012599209957278,144
416,5.0926512778481206,5.076548568693731,5.09919690332076,5.109998421654893,5.199291569885627,5.09128654539642,5.14177981021284,5.128829753041227,6.023102623291654,144
417,5.095721953563526,5.076587584856681,5.098626067052372,5.10978446961407,5.198193067902933,5.090259899251793,5.141284115758233,5.1265227491758765,6.005302295936346,144
418,5.098886803698839,5.0767758224058905,5.097964215258123,5.109517871047185,5.1967109700583505,5.08882732995255,5.141278329017413,5.123661452023971,6.00817822947415,144
419,5.102313864115696,5.077750101910754,5.096868446360775,5.109882562112434,5.1944812674456635,5.087680900472929,5.141090036157898,5.121612671484475,6.016594401718301,144
420,5.106463439911629,5.080092003817219,5.095130004306204,5.1107659412345825,5.193057484127917,5.0876279862829605,5.142325562561391,5.119723368671471,6.006038574194328,144
421,5.109912608084789,5.082345000544828,5.092307004522859,5.1126880473571745,5.190447080131204,5.088953808772963,5.143211771206793,5.1173953249066155,6.0147215261199936,144
422,5.112344730928788,5.084105558554219,5.0895857569916565,5.114751976454492,5.1877118923246215,5.0907429405256455,5.144424675229278,5.114590228189282,6.015466356192661,144
423,5.113436342166216,5.08602112633875,5.0866657746035,5.117355528590513,5.1844915868181385,5.093628429508599,5.145582533877906,5.112748630177505,6.013750668070462,144
424,5.114220588207842,5.089565907074875,5.0832083095621385,5.119531607544346,5.179732495312223,5.096864190055773,5.146932177361539,5.110936603610417,6.020264527991564,144
425,5.114978650161635,5.092934404536312,5.079687361388424,5.123569832440726,5.175129505255898,5.099920827662835,5.147712823205842,5.110073584897465,6.016276948786275,144
426,5.116090981848159,5.096988935007957,5.076313026076772,5.127939561500979,5.170943467792656,5.102754682250273,5.1485406842831525,5.108914107901704,6.01247189878112,144
427,5.117575312872518,5.1001986839054725,5.072560985304852,5.131762276382364,5.166157381386063,5.104704927810616,5.149507386630113,5.108146072945196,6.015614479535868,144
428,5.1187143010311,5.1044137557062434,5.0687381488004215,5.135144986165376,5.1617055685012065,5.106159908844831,5.151086412586608,5.108494298855331,6.015247380270075,144
429,5.119948342793803,5.108638989716606,5.06487624204942,5.137770979019636,5.15690037206441,5.107573942446509,5.152016642515953,5.110153087196757,6.014583923858845,144
430,5.1205575098259395,5.113194698592956,5.061384669855105,5.141246968674977,5.152638482194201,5.107895370261055,5.152255021950484,5.111106427863132,6.016779225786329,144
431,5.120983173477141,5.117046156827087,5.057208375660377,5.144950426289599,5.150166652281929,5.108374587950648,5.152666307286664,5.113073986644919,6.0229081679217815,144
432,5.120626593715945,5.120164351273045,5.052546194971284,5.14882389333009,5.148098876878308,5.10780535996376,5.152681784902286,5.115475210507847,6.014989689172766,144
433,5.120157373893548,5.124472749954691,5.047864242644735,5.152615107418843,5.144536172932161,5.108965458136959,5.151749682116433,5.117946605311979,6.024091646889202,144
434,5.11986042176285,5.129190275115912,5.043526288475717,5.155212204874303,5.141668635061604,5.110372407959774,5.151758570820515,5.119250982791684,6.015893146053164,144
435,5.1198644879436355,5.133898699994654,5.040399838724613,5.157723365230241,5.139035232725878,5.11162128007313,5.152528700778887,5.120537766887475,6.01443689231611,144
436,5.120568747567898,5.137970879000265,5.038133724209941,5.16055670263094,5.134979485537222,5.112378847560806,5.152746881106744,5.122852252082033,6.017950384410554,144
437,5.120322404851879,5.13979038428225,5.036925669011764,5.164075417450397,5.131777259802079,5.11350487085953,5.153172537115818,5.125372245820472,6.016750928607352,144
438,5.120241246187291,5.140823618131931,5.036405626292208,5.166514882174731,5.127879179839812,5.114357678744847,5.152999762015892,5.128277859474794,6.011751704074795,144
439,5.119941825068306,5.141172325672418,5.037579412834377,5.168478544779889,5.124141637095199,5.115187474608549,5.152483001971135,5.131122535363277,6.017899901220602,144
440,5.119112299167468,5.142347255068886,5.039228394394804,5.169631084174357,5.11998016570034,5.115380727836524,5.152342395753387,5.133831001484815,6.0211277006955415,144
441,5.118336741659567,5.142760827144419,5.040983526514294,5.168975772059178,5.115403977722671,5.114309350485119,5.151818146039576,5.136318953778147,6.010741233515655,144
442,5.117778569807058,5.144040067400534,5.04328710689982,5.1675371653605,5.111833861865936,5.112094652466364,5.151645330486816,5.138752550080557,6.018932974695423,144
443,5.118057563358751,5.144656064159532,5.044901065111889,5.166101611152949,5.107628308571559,5.110159597837585,5.150985635420245,5.1411608027925055,6.024455106422331,144
444,5.118753525010126,5.1450056849314265,5.046381381827692,5.164453997073711,5.104192180378563,5.107580827965307,5.150254054951575,5.143101949673561,6.021852501930857,144
445,5.11894048449009,5.1461197022069705,5.047738638202822,5.1627201460135925,5.101494577626201,5.1052175569763465,5.149815946507241,5.146305841335142,6.011930657823232,144
446,5.1192320732964935,5.146782082964102,5.048818318851909,5.161056570883606,5.09831560831258,5.103209285038794,5.148230047748447,5.149743419013157,6.01313244560761,144
447,5.119832801254757,5.146419704014506,5.050665325506124,5.1605489886085625,5.096327842313558,5.1011955272979375,5.148148429500533,5.152887704010352,6.024083306381646,144
448,5.120466878393352,5.146279165736005,5.052619195120267,5.158855640456409,5.093848825011626,5.100265727739341,5.147903962286027,5.155771731161243,6.0245172211888685,144
449,5.12096687634837,5.146010407212563,5.054322839087708,5.157073200812674,5.091316804930278,5.09926417649306,5.147319455131446,5.158858277272777,6.020154348182659,144
450,5.120914803667061,5.146299586783482,5.055890162216093,5.155387907586292,5.088613057608382,5.09857994043525,5.146628699296769,5.161394425873607,6.022057902583605,144
451,5.119831816119504,5.146502111803559,5.057090240741021,5.154661683022317,5.085381441586259,5.096228761608245,5.145942822762876,5.164558268157851,6.019195384997468,144
452,5.118775753532269,5.146236510660739,5.059189690343374,5.153798258322526,5.082859851884168,5.094738399073675,5.144819382148606,5.168079322708114,6.013568190629653,144
453,5.1178913764371625,5.1467503515240365,5.0622748075694535,5.153362838595115,5.079902447764752,5.093069997653056,5.144460397545912,5.171182461824973,6.018899430711726,144
454,5.1171688907691415,5.146739335770494,5.065871279302394,5.153364965939609,5.077325482225914,5.0922633346068,5.144813740298009,5.1743143690766615,6.018469671563039,144
455,5.116595835550635,5.1464603481378655,5.069590346930362,5.153484111726584,5.074394861570723,5.09213691574913,5.145800270194243,5.176949681287224,6.022546281527398,144
456,5.116037399984457,5.144784825423693,5.07327646527603,5.153229082852744,5.071426645752101,5.091716211482526,5.145810153634168,5.179344510786826,6.023876846772996,144
457,5.116255824959177,5.142763663528221,5.076836759610906,5.15301072532866,5.068354417388235,5.090291679351635,5.146499848347691,5.182254820716566,6.026096323331493,144
458,5.116561811238393,5.140770306377016,5.080054614526089,5.15269515320248,5.065560207762967,5.088091699572214,5.146805714061593,5.185457003945626,6.025943974294894,144
459,5.117275274214788,5.1387862132513416,5.083570016270297,5.152399749930527,5.062949134383506,5.085509284388009,5.14696749770077,5.188016003172882,6.0265469206302535,144
460,5.116872272634184,5.135799534435055,5.087107699106213,5.1531460898888515,5.061617267628293,5.083202870265223,5.146366314714669,5.190738175764919,6.020792728103177,144
461,5.116661209704376,5.132900993766744,5.090984642254738,5.152040696879596,5.061201558488082,5.080179343838093,5.146584123654587,5.19230604869101,6.021791645904853,144
462,5.115665454228646,5.129804929537647,5.094476726866958,5.150649219892793,5.06075687233227,5.077980113434165,5.145584576808931,5.193537469252945,6.023357455585927,144
463,5.114891389221816,5.128180017469951,5.09841543753905,5.14876112433792,5.060017205389721,5.07638003594527,5.143672069272818,5.195082526102123,6.01997345803736,144
464,5.114383524719459,5.126137486811592,5.1025696584116345,5.146543868278705,5.059027929733542,5.074326622353049,5.141103482703244,5.1953176078009475,6.023436323387894,144
465,5.113625900340897,5.1244874703030305,5.106570445547126,5.143951445544393,5.058081163506152,5.073190040418355,5.13913647566042,5.195952651009518,6.018223593296663,144
466,5.1126743545873286,5.122613310361987,5.11080317934125,5.140137179755204,5.057791855474759,5.072441554666222,5.137265106377774,5.196109459425694,6.021696846464203,144
467,5.11201579074133,5.120985442017303,5.115560326974278,5.135626896421301,5.056840688907517,5.072163487417207,5.136195330112638,5.19601243225671,6.017997738742243,144
468,5.111072018487135,5.119356689947129,5.121078269323618,5.130900961860946,5.056298913262888,5.071448325771046,5.134203301193479,5.195719278518473,6.024875982721211,144
469,5.11024111005726,5.117109152409791,5.125712006121283,5.126327186473636,5.056081200357081,5.06944652074843,5.131698678631346,5.195398269801736,6.025238596593811,144
470,5.109056067334006,5.1153548902572075,5.12963856274083,5.121621088735186,5.055899766933907,5.067420385941888,5.12840477651975,5.195489665419237,6.027412098147274,144
471,5.107624434309379,5.1133864351262055,5.133348823555263,5.116127816047685,5.055461834806708,5.065517530109196,5.124755235294513,5.195250111890548,6.023778643159821,144
472,5.10609791456932,5.110930998151765,5.135767083096497,5.110468197607778,5.054921822815139,5.064598336694193,5.120714595214922,5.1937423194916335,6.026168464962933,144
473,5.1049363198235795,5.10966275324323,5.137441867472234,5.10555064810149,5.053949397331991,5.063598474766163,5.116827150943952,5.190840092057954,6.020991355190071,144
474,5.103843227296912,5.109113192690894,5.139395857909372,5.1017717625495305,5.05381260222898,5.063092469300593,5.113318134714874,5.18784788273542,6.022411378941638,144
475,5.102717954253701,5.1090930302299125,5.140680529615054,5.097578122981753,5.053843420950711,5.063405142672886,5.110630562240013,5.184014536906785,6.034072898563187,144
476,5.1011747790149675,5.108182488464575,5.141949137452102,5.094228298571569,5.053796268849849,5.063493252830886,5.1080124242807425,5.179956257058567,6.024169557839867,144
477,5.100064439522837,5.107262005788101,5.142552339964617,5.091517065865949,5.0543930826800025,5.06440987919945,5.105412477270799,5.17697140949106,6.021774719697186,144
478,5.097782410264246,5.105567163189179,5.142222415399544,5.089436071530578,5.05533366110782,5.06568160510604,5.10206572726366,5.1739085658710415,6.021017677983329,144
479,5.094951229100914,5.104266876812835,5.142322081093717,5.086951119673884,5.056281988166609,5.066240542431407,5.099364657519993,5.171253768031423,6.020220273778003,144
480,5.092261552922343,5.10357156037499,5.1415152910923165,5.084574040231015,5.057095715436581,5.067780686049097,5.096895364175628,5.168456129255624,6.0264966709244625,144
481,5.0897072879496905,5.102463024495269,5.140937925004307,5.082918874705873,5.057738145014515,5.068919011367894,5.095004099000343,5.165852965589998,6.0240151284268535,144
482,5.087127689466303,5.10194570865327,5.139707483638275,5.0815620334405,5.059124527167954,5.069591878776682,5.094292671293935,5.164443847836955,6.029561701119104,144
483,5.084863691685332,5.1021998244667035,5.138342296653312,5.079193787633874,5.060742800849132,5.070521749138518,5.0923308558087825,5.163114294489323,6.026990530850433,144
484,5.081688259580671,5.103112946156173,5.138043912860859,5.077959571674313,5.061762272279682,5.071461395835141,5.09029913479144,5.161294165998767,6.031677806026548,144
485,5.078927476355394,5.103332633642747,5.137649488753422,5.0766448345439015,5.062859555412981,5.072357930397466,5.087383774936657,5.160069021389978,6.0182910633439946,144
486,5.076050355035808,5.102624505664682,5.1364734174607065,5.0754621694667295,5.063959719441967,5.0728998811207555,5.08427980006395,5.159041053977543,6.025124474648318,144
487,5.074596568439544,5.101318543684577,5.136146097834288,5.073435341914839,5.064978317165915,5.074866992992001,5.080792322985829,5.1581584386111885,6.030553745761952,144
488,5.073211576597422,5.099830758613475,5.135656829774968,5.071720999505711,5.0651038155105015,5.074999083764694,5.0772706633365345,5.157242975402954,6.023340768404621,144
489,5.071808517317914,5.097801053323365,5.135051320434746,5.070326368639405,5.065261767374305,5.076177573163064,5.073979628612614,5.15605524182462,6.027004769143757,144
490,5.071189822776712,5.096427455804353,5.133899032060224,5.06919461771616,5.0658446208139285,5.077295602076687,5.070098946219143,5.154370760177224,6.02056236864409,144
491,5.070565589269398,5.0947192571913416,5.132741762067813,5.067162480944922,5.067757337163652,5.077484223434553,5.065851092275761,5.152630718722394,6.029031809016865,144
492,5.06923540631709,5.094141808102064,5.133090793246881,5.064997393092279,5.069661217725308,5.077006902838733,5.062060918478328,5.151786350673807,6.020316959455376,144
493,5.067972423407697,5.094066964660649,5.134026459243929,5.062403324588127,5.072635086052363,5.077093769626732,5.0581619841288346,5.1503444794158675,6.037314292210035,144
494,5.06649104392379,5.095021320738301,5.134749223906828,5.059939388761483,5.075845540276265,5.077959741261761,5.054036999070824,5.149063681751499,6.02894275503867,144
495,5.064591006619593,5.096381402700985,5.135340191672643,5.0570014986088285,5.0789860530368145,5.078806026157963,5.049890459394119,5.147624401864462,6.026403307755284,144
496,5.063574622117594,5.098070131679331,5.136077583239795,5.053624089547277,5.082446818082408,5.079305251788863,5.046357181798394,5.146532777934778,6.0353000930655805,144
497,5.062445131542812,5.099584220512381,5.136906249023774,5.0507038140021665,5.085122292556951,5.080622564299828,5.042319648692177,5.1464120630209855,6.0384259430195195,144
498,5.061882331447161,5.100555741363497,5.138844380464878,5.0479933090533535,5.088052229916098,5.0822751692990575,5.039479408743215,5.146350476874421,6.02518368486975,144
499,5.0606606527533895,5.10043627034988,5.140423185872495,5.045739328013564,5.090971408071548,5.084537447252842,5.037145978055909,5.1464633921763605,6.031435108811994,144
500,5.059565561536587,5.099651476561681,5.141747557989145,5.043147526457521,5.09370241047551,5.0869132414838,5.0357211641485495,5.147102700838747,6.028917354256135,144
501,5.058286177592006,5.098330357850029,5.143257797237164,5.040530205558272,5.09711398157172,5.088077266152429,5.033779904235267,5.146638994436759,6.036593542174717,144
502,5.057928865126611,5.097110043289628,5.144498786307238,5.037899060117265,5.099518608608111,5.08895798104172,5.0321681499229864,5.14667825789233,6.046287240068065,144
503,5.056842110775229,5.0957486523278614,5.144820376243702,5.036017592556246,5.101855376535823,5.089564298269911,5.030032271137829,5.146953148396321,6.0230615869743165,144
504,5.056893077519758,5.094526526079852,5.144462355128671,5.0343551291692865,5.1035372249903,5.090256016471788,5.029140941127933,5.146640851526868,6.025819165045637,144
505,5.056554859288465,5.0928879679611505,5.144257406224645,5.033445652074901,5.105283418649286,5.092083656207083,5.028653320857347,5.146265113502887,6.028361834940827,144
506,5.056083209044285,5.09134005911595,5.14327380150562,5.033769960292386,5.106868857536716,5.093935763031022,5.029089355369891,5.145451974889358,6.030197016243846,144
507,5.055506622544877,5.089439070962457,5.14218403945276,5.034936853535264,5.109257063735432,5.0961549824789705,5.028778760076607,5.145896471861136,6.0350130206736985,144
508,5.0542361806118095,5.088301750983899,5.141056236928227,5.036132997740683,5.1124514185348495,5.097827366106353,5.028463389716745,5.146354900761759,6.027123603204567,144
509,5.052894869850533,5.087345610680569,5.140433050242644,5.036495361347246,5.115356717983481,5.099470995704769,5.028530414695318,5.147662414830878,6.02689981794753,144
510,5.052366071591328,5.086107518181954,5.139052325182718,5.0369397361143164,5.117430453720242,5.101822030384646,5.0281196051725825,5.148272258110378,6.02986851118286,144
511,5.052050672920077,5.084238201162852,5.137793247654416,5.03785535361815,5.1186486035069585,5.104092854017215,5.027934015990723,5.149949709878406,6.02780592062408,144
512,5.052104350404981,5.082082656871838,5.136681979987895,5.03822092632781,5.119370840940371,5.105907498177916,5.028040288312425,5.151942909390693,6.028342853910853,144
513,5.051684802664415,5.080292901788069,5.136575677619003,5.038676820882344,5.120088249047744,5.107758147834422,5.029440857475769,5.15331657096082,6.031306368119664,144
514,5.052032918199659,5.079134209496138,5.136411018502167,5.039191683275863,5.1203197549726145,5.110308279865311,5.030215292986457,5.154780174483966,6.035061831437276,144
515,5.052533409606751,5.077590475370037,5.135753933652211,5.039888023237818,5.120886691463946,5.112958235012454,5.030623603223306,5.15556078716547,6.0261876665155825,144
516,5.052260943267493,5.075550905552778,5.1357284388505775,5.040267685097977,5.121563702682735,5.114668933320795,5.031338009737961,5.15615449083962,6.035799806752033,144
517,5.0523299142881015,5.073714922154622,5.135558559162442,5.040044906534559,5.121085791098505,5.116402136734216,5.030540018940075,5.1562672775687695,6.031418636475518,144
518,5.051995395012662,5.071930555268732,5.135648906235879,5.040337772851243,5.1204687944740295,5.119318720951165,5.029820622368659,5.155709468743372,6.033221162964488,144
519,5.051998538941403,5.070170518949812,5.135414785364283,5.040303391572737,5.119216955026556,5.122054155810131,5.029442730079918,5.156017364641271,6.033959503551323,144
520,5.05255012735474,5.067764966251669,5.1344764821700295,5.04023833081272,5.118931040833764,5.124104511017349,5.029306393204565,5.156938716897456,6.028010879747851,144
521,5.05311890860118,5.06612624408182,5.133755274593865,5.04012414163943,5.118682313263939,5.126630432584976,5.029900143242949,5.157137072358313,6.028536041103916,144
522,5.054273700781236,5.065078610666078,5.13410275194991,5.039836381708154,5.118290159980533,5.129402638279426,5.0306729265491565,5.1566312533788015,6.035228988783517,144
523,5.054701551371847,5.06436878808431,5.133723404200259,5.039662966708757,5.117580966466858,5.130735589884793,5.03201602826978,5.155734846366554,6.031930026748268,144
524,5.05528982834943,5.063489775517482,5.132852139705163,5.039113618603281,5.116769158528609,5.132852136969422,5.033714600869441,5.155132381121935,6.024528602256729,144
525,5.055729139387418,5.062268543034827,5.132378033595886,5.038519000098008,5.116136681302146,5.133573430761314,5.035516288356112,5.155156877835149,6.032671048885991,144
526,5.056526098945977,5.0608622324626005,5.131943776946496,5.037987063876232,5.11512926844388,5.1343757735926525,5.037296301543299,5.155774355598936,6.0317837460539225,144
527,5.058017463011538,5.059698002728947,5.131263081106162,5.037987349832736,5.113191112104693,5.135950831516328,5.039353603055348,5.156465951541909,6.020427506768564,144
528,5.059914359416622,5.057934134261716,5.129370057340237,5.0379226732364355,5.111031400237082,5.138303738720479,5.041350939710972,5.1561638901552005,6.0338372959055695,144
529,5.061483006008599,5.05621179836273,5.127048762226422,5.038046913256284,5.108342088154252,5.140398920031665,5.043238956112475,5.155600566867391,6.0312185319976255,144
530,5.063958349601609,5.0541500522530525,5.124737913141107,5.037986005610875,5.105236132162024,5.1424425200383554,5.045118900834716,5.155140269085168,6.030543732879828,144
531,5.065653109985291,5.052103924667646,5.1232564577408475,5.0378816991114155,5.102479299236775,5.145017742773055,5.046575979042032,5.154209015653029,6.0354159345650205,144
532,5.067715687132683,5.049345676292977,5.121661437145352,5.037177509305471,5.099331119647923,5.147230267399898,5.047398339751904,5.153030168971719,6.028681240826544,144
533,5.069833763534142,5.047038927841385,5.119538107853682,5.036065186211102,5.096699197232733,5.1484436933091935,5.04823878893502,5.151437713634884,6.040584943934181,144
534,5.071055317814924,5.045055147812665,5.117175070057687,5.034123474643421,5.09386312297393,5.148766990122772,5.049485852048678,5.149876115349423,6.040193319828176,144
535,5.072581083729312,5.04384344984631,5.11448352593928,5.032742357532372,5.091581957101502,5.14816384193709,5.051101396731309,5.147937304686899,6.037070240486625,144
536,5.074016866785076,5.042291637667457,5.111960062684824,5.032102784787175,5.090044507616216,5.148421099153517,5.05196719554149,5.145980786774253,6.03559806241559,144
537,5.076293679233604,5.041086267815834,5.110168290725385,5.032100615916187,5.087794636265425,5.149873487231422,5.053832133182169,5.14405285981613,6.032055694070958,144
538,5.077936402485289,5.039702323279025,5.108951154569027,5.0330941931591315,5.085642362130008,5.1518921381813625,5.054907245890703,5.1425149769621195,6.037314792048271,144
539,5.080038121124121,5.039762130774184,5.108540682720463,5.034042542144668,5.082596627757784,5.153385152519141,5.0555235091420965,5.141394086191296,6.0373485434183864,144
540,5.082159095374545,5.041375547187256,5.1087049058078104,5.035013876774,5.079546573116097,5.1545054073885765,5.055937583054066,5.140523750196909,6.032161391177895,144
541,5.084010013744699,5.043579510339118,5.109122133847295,5.035640454597186,5.075911945652031,5.15444678681177,5.0561994943008814,5.139527322588299,6.025538962918153,144
542,5.085886136916917,5.044906994255047,5.110130454329281,5.035268156469144,5.072760906310751,5.155120283320214,5.055848712700589,5.138526237197335,6.039356322448695,144
543,5.0870660516791215,5.046337108738635,5.11119240911454,5.034495632928775,5.069321657266746,5.154701082068962,5.056058021849603,5.1364606338073155,6.036576007816469,144
544,5.0893845933576145,5.047939415701231,5.112487151359906,5.034282452450828,5.066163117490572,5.153771168963403,5.056866918103848,5.13492485304455,6.033973551485302,144
545,5.091979208887629,5.049526541387985,5.114006070789909,5.033671041145773,5.063346785871525,5.1524219877082365,5.057873352237475,5.133858783524114,6.031665713180155,144
546,5.0939473514241165,5.050612578763669,5.115608138819116,5.032495128353503,5.06129107712127,5.15053965370407,5.0588892312977425,5.132471699753554,6.040066851231622,144
547,5.096352363010915,5.052556918044328,5.117378536252444,5.031642896462605,5.059099754801254,5.14861201760323,5.059964168123232,5.130599812596438,6.0424023692906665,144
548,5.098515606261008,5.054605062480542,5.118705252804343,5.030930156305107,5.0572792606701835,5.147240022756082,5.059981421347075,5.129024661644212,6.03036926092903,144
549,5.100541960764602,5.056510301828023,5.119799873873347,5.030385181752566,5.055585142800386,5.145052393741645,5.059236628495709,5.127392004541107,6.0283465303963455,144
550,5.1024437498112025,5.058460965268547,5.120132940048554,5.029767307753113,5.054922244524718,5.142519778488992,5.059450294925198,5.12523427532921,6.024482834769758,144
551,5.1040680785082575,5.061283249447126,5.120342957473197,5.029112738795263,5.054353071384916,5.140502455721416,5.0593560442862024,5.123119032473046,6.037370463027389,144
552,5.106598622817625,5.063951211558242,5.119918972296711,5.028393959014908,5.054235590876216,5.137513963934746,5.05930115549751,5.1212896426549,6.024910201713637,144
553,5.108969133201989,5.066356978486664,5.120216621628984,5.02813989027274,5.0551940455679985,5.134547691950175,5.0598387401274145,5.119445267538428,6.030589946769514,144
554,5.111160745867803,5.069241816291814,5.120017945030311,5.027459857386697,5.056167999124815,5.132012769716729,5.060024154141271,5.1178824608900895,6.030155052284363,144
555,5.112761204557579,5.072563995156544,5.1205599667368045,5.027271803695692,5.057579006678491,5.129301893730103,5.060189838381247,5.116352913449769,6.033589551452473,144
556,5.114237172263733,5.076616211238794,5.121449687639515,5.02732179042571,5.058864143983771,5.127082524591829,5.060718408288295,5.115164257018522,6.028668345604856,144
557,5.114965448129922,5.080426599191558,5.12230122112147,5.027422863997159,5.060484106476655,5.124318563055384,5.061805759067307,5.113540814659514,6.039206349024284,144
558,5.115487039727874,5.0841268685507135,5.122313638247915,5.028192186441062,5.062702028531847,5.12166659062332,5.062960035077436,5.112639793375765,6.035378683689391,144
559,5.117236284653453,5.087495883197626,5.122791596555585,5.029182056626271,5.065331153183129,5.119921321319514,5.063944629389612,5.1121344840641605,6.02922166624107,144
560,5.118856829688561,5.091073975830149,5.122873181703486,5.0297962688878135,5.06826760878518,5.118172582541327,5.065332178258943,5.111028728708375,6.034669832591083,144
561,5.120456116387005,5.095047071874473,5.1230661964677555,5.02993521612417,5.070524567123641,5.117105371421342,5.0666084598203796,5.108812087047326,6.030913239777535,144
562,5.121427025651755,5.0994072147703395,5.1236522385030465,5.029529652298397,5.072737269946586,5.115024748592324,5.067572784349743,5.106640166903716,6.03522624448542,144
563,5.122105115974879,5.104240045347234,5.124412873208444,5.029543248341003,5.0749839838304105,5.112580481438142,5.068532640217189,5.104035496932559,6.039813464416078,144
564,5.122824234327681,5.108957396033746,5.1258478148023965,5.029966653596615,5.076216510889267,5.110063973371885,5.06956105148771,5.101821303755816,6.035774634774503,144
565,5.123944246976313,5.113962251460226,5.126434706194859,5.030349656114526,5.076598966458855,5.107579556509908,5.071147437099084,5.09996222286269,6.0448974466841205,144
566,5.123885701571231,5.117866506478675,5.127202089054034,5.030610573530813,5.076011993183508,5.105393539773573,5.073039314524261,5.097350497446465,6.033337885774461,144
567,5.124872577865469,5.1214277925144875,5.126601139295537,5.030954257614734,5.075402607083438,5.1021922937914415,5.074452681170463,5.096022202415083,6.041799739281059,144
568,5.125688239040223,5.125170442270048,5.126274647985031,5.032077219854608,5.074093024690212,5.0996349452228715,5.076332028257157,5.094519796296112,6.031346066374784,144
569,5.125593965581526,5.128771442005962,5.125961799525269,5.033778548395308,5.071973309117178,5.09685993568606,5.07838525440024,5.092669835601496,6.0311956744510455,144
570,5.126570039045751,5.132490036041672,5.125169641639873,5.0361078993302275,5.069378498898469,5.09356229613357,5.079798616125711,5.091429523881231,6.038741046576263,144
571,5.127260415509775,5.13548622889899,5.124709856820913,5.038571500482924,5.067333573854704,5.090073609636583,5.080330075196838,5.089934412427297,6.040817925297019,144
572,5.127861041712248,5.138721124620377,5.124610475059842,5.04108216398658,5.0650852668632975,5.0861663857232315,5.081034041571745,5.089111263615743,6.03864901100182,144
573,5.1273870418848295,5.141184635574355,5.123889965175768,5.043742091594256,5.062896918626132,5.081811015126314,5.0814769613499315,5.088037897393461,6.033918821041056,144
574,5.12685974081551,5.143997099923466,5.122448458911918,5.045390649101629,5.061508560420191,5.0768648396917015,5.082442983896924,5.0863020003344435,6.03364837031522,144
575,5.126486541227617,5.145591600270409,5.120354631740438,5.0463300490190175,5.061447930876575,5.072450973470259,5.083491347347208,5.083855252366634,6.036014001067527,144
576,5.1254013713411695,5.146350293924593,5.117830046167929,5.04725029349378,5.061410457954835,5.069210017401172,5.084204056749936,5.081524646200736,6.040252243759248,144
577,5.123724598107838,5.146593734262932,5.115160684851997,5.048560353564445,5.061072120298661,5.066392705970343,5.084815514011824,5.079716721342167,6.0297216944737935,144
578,5.122049677790439,5.147738275240059,5.1124844629872985,5.04918230910202,5.060573901307752,5.06306418493803,5.084741443555425,5.078768029994036,6.028479728807176,144
579,5.121180302496585,5.149555886479867,5.109870012363575,5.049735927695863,5.060267419037032,5.061044928184636,5.0844657722167526,5.078464581277209,6.037264809376674,144
580,5.1200287831359415,5.151091520510217,5.1075405171075055,5.049538346599816,5.059822751392032,5.059728046091423,5.083869887575645,5.077464919797075,6.034957147913061,144
581,5.118403791571723,5.152269792191399,5.10486754467728,5.050461670109255,5.059767657334801,5.058456326282563,5.082669391748507,5.076620218760794,6.037998357993303,144
582,5.117318007146471,5.15365049145476,5.101876373106396,5.052153521294379,5.059604216006152,5.056530580669963,5.0822295590856195,5.0768552216138225,6.034105996423394,144
583,5.115541373654461,5.15461479740676,5.098229656058681,5.0530532434259925,5.060077292466174,5.054608926770096,5.0814403383311495,5.077556765883924,6.033223791251061,144
584,5.114352734672255,5.155375119419106,5.094294492175652,5.053813063548359,5.060158259324714,5.052630369030201,5.080977890567562,5.078075954008452,6.032192370169117,144
585,5.113728967714217,5.1562559950284,5.090446667661283,5.054705853625073,5.059965430269003,5.050753823937127,5.080884430298398,5.078573527045041,6.035460750851166,144
586,5.113567851005759,5.156966044692365,5.087182508931987,5.055724689062805,5.058831524259548,5.04973778760431,5.080444877078815,5.0790630551318845,6.045641139260566,144
587,5.113386630971503,5.157228455256309,5.084691891650426,5.056914191931062,5.058206281723379,5.048726482646694,5.079917164630826,5.079885082415535,6.030343198819574,144
588,5.112971473825212,5.15796635299451,5.083325577314992,5.058490928017831,5.056358764897945,5.047840430978305,5.079525362869148,5.080963800515441,6.033542722148765,144
589,5.112682478676042,5.158560758377325,5.080670615873583,5.060219233336474,5.054288095078602,5.047028924388968,5.079375094988258,5.082050260620697,6.03452316722915,144
590,5.112516579019072,5.158276119445595,5.078057478960363,5.061526990408279,5.052146434035626,5.046191276931864,5.080051990617541,5.083382217241624,6.0393598922133105,144
591,5.112580130526486,5.157677660687357,5.07546024907644,5.062564309132681,5.050143035677708,5.045656124878111,5.081033453280281,5.083584686399243,6.029458643532161,144
592,5.1130130366251905,5.156187224305543,5.07231951776475,5.062914571228036,5.047823161187219,5.044556298983613,5.082142530600605,5.083601807909291,6.041218615877832,144
593,5.114319848935265,5.154800720205495,5.069028272585154,5.063186857620263,5.045150797143845,5.043074530764034,5.083363119244182,5.0846355917007235,6.033290137617925,144
594,5.115486936385613,5.154288055359148,5.066192048334599,5.062447048805047,5.042680568868067,5.041192548520879,5.084174338315513,5.085419257312982,6.041839778356925,144
595,5.115922000674913,5.154644137114795,5.063638443442787,5.061356154046478,5.039142653134955,5.039863441726423,5.085208288315376,5.085698827668705,6.035593765487742,144
596,5.1167085209644485,5.154522090354897,5.0616739813143345,5.060942020823088,5.035416830164031,5.038784805953652,5.085983231328786,5.086172867408999,6.03391092415653,144
597,5.117493955250606,5.154234202465327,5.059634344531844,5.0603505339028185,5.032650185472887,5.037352315325241,5.086687848482068,5.087973847029824,6.040371727383606,144
598,5.1179881114696375,5.153438913600396,5.0567187762121755,5.060280440618298,5.029863564992942,5.036345158827137,5.087623516442994,5.089612787679911,6.039698855862639,144
599,5.118400239596326,5.152392300073151,5.053821738160129,5.059795174541264,5.0269786177025075,5.035739268625308,5.087966538164014,5.090981292013195,6.040630090165907,144
600,5.118452972890442,5.151551051271841,5.050088099640142,5.0592348164745955,5.025250120418222,5.035277316923152,5.088851137629142,5.093063291307382,6.033690007841558,144
601,5.118557598396502,5.150234590173463,5.047668574439493,5.0584053635281805,5.0246814304622145,5.034885254517261,5.089294372986135,5.095264402661139,6.041932577292876,144
602,5.118647094191566,5.150130029299564,5.045470116463511,5.057806588168684,5.025039983503607,5.034122772885722,5.0887863767197405,5.097649561365102,6.050970794802702,144
603,5.1183983494038365,5.1499953138654,5.043943743748215,5.058113847197169,5.025216914320776,5.033917062715801,5.088713201362012,5.099375740812365,6.038784646052859,144
604,5.118335935948572,5.1497830450133195,5.042489535257082,5.058691568654422,5.025976289366398,5.03306740837755,5.088457083683245,5.1012130224535035,6.035392715417234,144
605,5.119106456420118,5.149781965804605,5.041510957279637,5.059256537398485,5.027074772079258,5.032557091806512,5.088834872113522,5.103462379797238,6.043013728526536,144
606,5.119458761979416,5.149473136754246,5.040930999135357,5.060147208635277,5.029152640070983,5.032788237283179,5.0892499406699,5.10512860233462,6.03295482522856,144
607,5.12082100613323,5.14934325840489,5.040395501818358,5.0603826600222455,5.03052451561161,5.034063788599331,5.090236147671409,5.10684699368101,6.042650424593388,144
608,5.122065247787726,5.149034949958099,5.039290141431471,5.059902615260922,5.031700692809381,5.036082949841255,5.091638804055762,5.107289655964875,6.036449842842621,144
609,5.123586407133727,5.149473740524256,5.0386695254619855,5.05930273083533,5.033122032926562,5.038155350771412,5.093082797134974,5.108260483737318,6.038562383900832,144
610,5.125693534073037,5.149814435100392,5.038123111484836,5.059269582717892,5.033960679604284,5.040541748064798,5.094433991052766,5.109876255244501,6.035922427585844,144
611,5.1275995366292175,5.1501437143133355,5.037922982777383,5.059268565944368,5.034550661838157,5.042731151445296,5.095785685874114,5.111395059534633,6.030637479699405,144
612,5.129384389777169,5.150673723744241,5.0379057220595325,5.058867863709479,5.035218322029652,5.044334685575823,5.097231204573542,5.112872448852961,6.040002878267587,144
613,5.131740494303337,5.151822616254579,5.037675105396913,5.0579816047731985,5.036529720703023,5.045675439538379,5.099014496672183,5.114069810562972,6.031143246418378,144
614,5.133933583944455,5.152646309351885,5.037385348476299,5.057968109519804,5.037717469696836,5.046614798497526,5.101374414825807,5.115325253883582,6.033148319493991,144
615,5.135648103737445,5.153007629807512,5.036824988033077,5.057580794701088,5.038798963804007,5.047604092280841,5.103607201862631,5.115949890072346,6.032508541537084,144
616,5.137625838941261,5.153374986482661,5.035938482063321,5.058183786280521,5.040073119128868,5.048311962816056,5.105817628489336,5.1166318621112605,6.047636746486136,144
617,5.139586291773659,5.153795038302282,5.034595458359307,5.058017014673147,5.04051362945129,5.048774625185112,5.108596675388707,5.116610386589756,6.0383299126306795,144
618,5.141713856754877,5.154305877857608,5.034275437307672,5.058295948893959,5.040456463295392,5.049704965312457,5.110543712319779,5.116227870125243,6.042373349166785,144
619,5.144762762039204,5.154135357279872,5.034251502420812,5.058492189422022,5.040733604969521,5.051069220679034,5.112562953633155,5.11556894960997,6.0403514981044575,144
620,5.14665357937352,5.1544586815925335,5.034883086717224,5.058556597637489,5.040838964274242,5.052064211825641,5.114711295402973,5.114990522229479,6.037309550960425,144
621,5.14788614877302,5.1544852357579245,5.035103093963917,5.057666592458977,5.041296461659461,5.0537132905323485,5.116457260541596,5.114358583973781,6.041234412750302,144
622,5.148661966910228,5.154267852980883,5.035485619452109,5.0571008052990365,5.041541199032819,5.054933808702252,5.118516177158404,5.113561472302623,6.035581378746591,144
623,5.149840710170524,5.153685920785358,5.035135660842263,5.0567263363758,5.040862711416281,5.055981781170088,5.120783011843386,5.112398192093931,6.041878230216494,144
624,5.151449298157396,5.153170070675209,5.034187761478771,5.056722804605148,5.040931532688488,5.0574012453413495,5.1227501199676,5.11081313188026,6.048407200193622,144
625,5.152904346778148,5.153119287569574,5.034055513539173,5.056252104229644,5.041102058822163,5.0589151276388264,5.124298508241637,5.109233217049003,6.039741547007777,144
626,5.154362971879298,5.153235124837771,5.034294821209293,5.056159393641451,5.041695591652313,5.059442341252259,5.125802743713091,5.107615064392845,6.048985666500964,144
627,5.155788658552757,5.15352562724667,5.033900043521767,5.056109949605199,5.042785138484058,5.059534639213955,5.127070627646682,5.1067588915134845,6.036885948510877,144
628,5.15701621915611,5.154129031868703,5.0340553043760945,5.056629707979161,5.043658435073654,5.059809551734187,5.127663692319912,5.105178704128546,6.044355422546992,144
629,5.157684600750862,5.154539222280624,5.034646827470586,5.0569389749138285,5.0450342522130684,5.0608016153180735,5.127235334064704,5.103372099429858,6.040013490044818,144
630,5.158285733090704,5.154492063844781,5.035390589947671,5.0579179051148575,5.045960922003669,5.0619535002126765,5.126779557471842,5.101821452037459,6.038106212345365,144
631,5.159220350297648,5.154368920611556,5.035487770923555,5.058904763360685,5.047485623533241,5.062775975523021,5.126139262534562,5.100353814099371,6.034555485372096,144
632,5.159844970419353,5.154555427096435,5.035682884101263,5.059732176262292,5.048946467247395,5.063670636528512,5.125094826660627,5.099196688736654,6.038977426837533,144
633,5.159834006572171,5.1543756161023175,5.035697351647894,5.060793922629385,5.050368462747295,5.0645596390479986,5.123480092223523,5.098541491916661,6.0412581322735655,144
634,5.1596492296823,5.154584800829779,5.036427017830914,5.061665888083396,5.052623540650487,5.065086098107489,5.121881100495186,5.097727377232095,6.043887908474127,144
635,5.15944761085091,5.154628277753384,5.03727343879251,5.062845266061193,5.054664956554767,5.065720823439183,5.120537992059365,5.097354943110108,6.036063971653499,144
636,5.15904517959914,5.154251842113438,5.038060306657966,5.064005524678272,5.056550331048317,5.066301531802177,5.118580767962193,5.0959782092431665,6.037374762746478,144
637,5.157829704198231,5.154104089832377,5.038576535017476,5.065419437625696,5.05822898261871,5.067010892373675,5.116049885042502,5.094807721331975,6.039285400290169,144
638,5.156650053622265,5.153463381421724,5.038544341136722,5.066949188522122,5.06058285575657,5.067835872046986,5.114416167016421,5.093361436852425,6.042654079365928,144
639,5.155768920019479,5.153085695625279,5.038998188083968,5.068010278819645,5.063151874733761,5.069669903280226,5.1132770777285685,5.091337800038388,6.044682446738902,144
640,5.154929038261317,5.1525789568262095,5.039024415031931,5.068739737288066,5.065313088106251,5.071567307026869,5.112486800511037,5.089250258778235,6.041074752744925,144
641,5.1537206836005955,5.151999927072532,5.038803399784956,5.069535280600093,5.067608185956145,5.073479943254255,5.111588761571647,5.087309769451609,6.039355016749461,144
642,5.152980382249069,5.151200744756329,5.03841348030508,5.069671883236447,5.069420430112224,5.074703670318838,5.110759152265908,5.085932643634658,6.044462626567758,144
643,5.15111567224449,5.150177035018187,5.037871925979283,5.069886589432108,5.070456849503093,5.07564713220644,5.1096326768436455,5.0847020569161625,6.03749136902589,144
644,5.149867937286592,5.149544260398052,5.037184440101222,5.071060374315977,5.071842024629907,5.076275075527633,5.107883962056922,5.0842490698480205,6.032570225061322,144
645,5.148797167011086,5.148175113970757,5.036558199441622,5.072104619614448,5.07339965666783,5.07724159352699,5.105989737258774,5.083677397519712,6.046064817642633,144
646,5.147270891424547,5.147027749289617,5.036463746509911,5.072733440481008,5.075061155814286,5.077951693493378,5.103751583643003,5.08308769957782,6.036137657617442,144
647,5.145521739086227,5.14574672203237,5.036706066547978,5.074191720241761,5.076415802859645,5.078320950330513,5.101262568763779,5.082784689783356,6.049034100161549,144
648,5.144272011549447,5.143907388158889,5.036520340018713,5.076263229503099,5.078121603702183,5.0787843349785895,5.09822268850157,5.082678704706907,6.037589326997952,144
649,5.143037988944736,5.141582252641108,5.036188357291836,5.077853007253191,5.079601357907709,5.07980465251278,5.095219871349027,5.082228822926167,6.043849306702391,144
650,5.141992129025819,5.139343876441513,5.035893072430307,5.079472278174016,5.080691158531847,5.080956789706937,5.092200938250278,5.081257528564756,6.0401267598041555,144
651,5.140904305142399,5.137920843216078,5.035331426941127,5.081387384361287,5.081960692911366,5.081458271860581,5.089237622530415,5.080559515971693,6.04011962072148,144
652,5.139609179605149,5.1361137532532,5.0354681807175785,5.082465018788889,5.0836025330306995,5.082120246473777,5.086463247313316,5.080949031290709,6.039620983830442,144
653,5.138278395785474,5.134157634239321,5.035856549009933,5.083584251657548,5.085263447969149,5.083082740478353,5.083113556535253,5.0816702975355925,6.046650436037807,144
654,5.136004028993135,5.132512335555534,5.035538862538688,5.084650540259432,5.087402950976335,5.084445288667238,5.080099380911245,5.082179109233806,6.041368353953659,144
655,5.132422874885786,5.131459294467028,5.035517356495341,5.085917960600453,5.089159285168352,5.085569293891948,5.076867661490446,5.0824850917720195,6.036889644783789,144
656,5.129574357270132,5.130551173963218,5.035327750595885,5.087324119895367,5.091811945829586,5.0873191718418695,5.073623406164683,5.082648915485831,6.0421940258751965,144
657,5.12716572540443,5.129922218571183,5.035036436449263,5.089285480544078,5.094124452530398,5.089251465761029,5.07068284733789,5.083083700108652,6.038679806686698,144
658,5.125032783510697,5.129604505117748,5.034707123835497,5.0911127264045835,5.096620547387724,5.091410714290927,5.067720132508532,5.083477582262466,6.046177252751316,144
659,5.122666012902156,5.129356236248958,5.035297483569453,5.092240419600493,5.0994445257861996,5.09376082424034,5.065211748798708,5.083940391545481,6.035692084550282,144
660,5.12022311871255,5.129041897206118,5.035582597847172,5.0928021496627345,5.1027429812011675,5.096462422156612,5.062863609590391,5.084953597740201,6.040632677262279,144
661,5.117548395802114,5.128928509360051,5.035677798032587,5.0932951215813596,5.106554444848772,5.099332178087282,5.060702939009705,5.085882605568679,6.040724165553673,144
662,5.115164696356152,5.128929343833526,5.036025103137531,5.0940270383157875,5.109980340201563,5.101932206863543,5.058170603721253,5.086443027246347,6.039836017429393,144
663,5.1126535445916375,5.129020125077265,5.03652952542576,5.0948194040177,5.1127476141267945,5.104926226168509,5.056007530752821,5.086648751345432,6.050480526516396,144
664,5.110150537272572,5.1291288520504414,5.036487939990355,5.094751216283947,5.115942720336108,5.10809344601925,5.054480556988354,5.087284513450065,6.038150240860525,144
665,5.107740205916558,5.129539356379977,5.036636649449001,5.0951405660816995,5.119433794660029,5.111244494649404,5.053129673292725,5.087690384075441,6.038731891041838,144
666,5.105890136748778,5.130167364050939,5.036932902257261,5.095424921169605,5.122485193516422,5.11452166049072,5.0519497357733805,5.087919216660784,6.040970741900985,144
667,5.103262330261616,5.129894568518425,5.037648290241591,5.095859900482346,5.126484568465164,5.1178188583285,5.0506162970503325,5.0876089989755595,6.036083032250436,144
668,5.100594990851718,5.129567780029474,5.038373386049752,5.0956472270194935,5.130870531399113,5.121258048365926,5.049783803046304,5.087402800516765,6.041118996704584,144
669,5.098655392327082,5.1294772938572475,5.039473969049114,5.096200251428181,5.134930159200894,5.125174727769719,5.049445091245136,5.0869520552829615,6.043484218991474,144
670,5.097146905724738,5.128974964020969,5.040331452787518,5.096599071464609,5.138187218572069,5.129809681107168,5.049281898094469,5.086795372911376,6.036470389804931,144
671,5.095414448672451,5.128615010226563,5.041271615404671,5.096560009749697,5.1416519960718094,5.134012720190556,5.0492653521486215,5.086529316869817,6.047004702909933,144
672,5.093894980842673,5.12867506055732,5.042256151885379,5.0968040275781386,5.144885859015649,5.138021462637316,5.049131397465784,5.086586255027413,6.04179798771343,144
673,5.09270268530531,5.128863487838336,5.0430306825922635,5.097030362578712,5.148429362607636,5.141841350423075,5.050336593758103,5.086341491864776,6.045821992017867,144
674,5.091888793244392,5.129131331299721,5.043738374559431,5.0970962810174925,5.151507151222876,5.1455623787998075,5.05117150563939,5.087069277226614,6.046091288590804,144
675,5.091260256007684,5.12877729469376,5.043761343146274,5.097013912768993,5.154064096487726,5.148189532648032,5.05148376510938,5.087599990716701,6.0471889653295925,144
676,5.090445313067638,5.12858214722427,5.04348936915882,5.096985765925485,5.157596869599198,5.151407175019832,5.050930568902364,5.088171759952168,6.048490887613775,144
677,5.090175920877198,5.128621567578923,5.043178058075302,5.096803736700231,5.161024544246553,5.154429766170212,5.049516521324801,5.088398746678052,6.046097829518396,144
678,5.089859308997388,5.128808522665718,5.042829036735993,5.096704196095488,5.1652707625884275,5.157524432484549,5.048396267697992,5.088483660916124,6.043938967605938,144
679,5.089942143272211,5.129595798842892,5.043561156442507,5.09669278639902,5.1701309840888445,5.159945820599603,5.047841413625758,5.08886553522209,6.042759395764532,144
680,5.089613172711273,5.130997530038238,5.043925191865139,5.09551239106586,5.174281879662468,5.162091668917624,5.047609768930341,5.0893137645660556,6.038955780119407,144
681,5.08921871656957,5.132627047054168,5.04351246684589,5.094138138626247,5.177787366759185,5.163915168737033,5.047335654384248,5.089304039464416,6.037513083399774,144
682,5.088693062871092,5.134204220472659,5.042771022669854,5.093579482951601,5.181151537765219,5.16615194561388,5.047577523909278,5.089572613741314,6.0467867606451104,144
683,5.088544888051107,5.135316517100288,5.042130343378789,5.09275580352038,5.1838985013597325,5.168763023454751,5.048630931979269,5.089663051616124,6.050361962858727,144
684,5.088497102460584,5.136857010778639,5.042404949825648,5.0915179266065165,5.186372626882762,5.170613025053408,5.049827160453335,5.08962295438748,6.0422355523340565,144
685,5.088776068092198,5.138442297362184,5.043098172651679,5.090273605322112,5.189106233894622,5.1719432950578925,5.050678796156722,5.089870010878917,6.045463865230211,144
686,5.088800609545192,5.140662927299525,5.043161739529353,5.08938185448268,5.192191087649965,5.17311750002896,5.051697923520072,5.090389440565552,6.047783206784505,144
687,5.088826039690424,5.1420382983562885,5.043338605982821,5.089315145779328,5.1945703135808685,5.174388285211844,5.053066436670775,5.090676177878709,6.041495509701904,144
688,5.088834363281617,5.14388268631685,5.043190446521781,5.08999188040425,5.1964399055140715,5.17567499014465,5.0548807627535455,5.090145012975416,6.041779424909959,144
689,5.088951295604777,5.145932207546398,5.042532361902453,5.089992980860304,5.198741955259007,5.177223248672825,5.057038039491697,5.089518653954814,6.043062360285603,144
690,5.089155580999616,5.147527380760671,5.041608140682359,5.089982605167288,5.200686049340502,5.1783367248905945,5.0592450648792475,5.089229875875954,6.03236016323789,144
691,5.0898180994932805,5.149334095141331,5.040495014111076,5.0897239793618105,5.202751345729929,5.179419039717096,5.062092637073288,5.089430156523525,6.039676360584044,144
692,5.090549715672886,5.1502259417792775,5.039740191347555,5.089133288513212,5.2043621222022205,5.180217994119482,5.065076408790702,5.089481781220379,6.054420627564316,144
693,5.091162068491096,5.151197253352004,5.039057010843878,5.088296803413294,5.205679515796472,5.1807651144687865,5.067366969981666,5.08985349824866,6.049019603744679,144
694,5.091933620488769,5.152064773586581,5.038710482386535,5.087434374098338,5.207064291971739,5.180610778326251,5.06917381526302,5.090848739168928,6.044207571795645,144
695,5.092824023516824,5.1525980357653,5.037704521481399,5.086576078126076,5.208772210183101,5.1801304394041505,5.070458987505315,5.091910487338708,6.044786731396908,144
696,5.093929936008496,5.153042465610124,5.036789035006416,5.085722960794234,5.209436365912851,5.17894859376489,5.072040887233751,5.093037907961533,6.039350292166143,144
697,5.095232284867942,5.152888558431647,5.035973854517869,5.085102121894744,5.208931371137419,5.177707807763742,5.0735489256919655,5.0948540585838185,6.043514930927039,144
698,5.096686222236933,5.152586517252971,5.0355017681994045,5.084943311595363,5.208639190374297,5.176754766500091,5.074883007352369,5.095991930971738,6.046607635289168,144
699,5.098272520866823,5.15204174105566,5.03546906782835,5.084718224045671,5.207772850961559,5.174940033271151,5.075815776394556,5.097257454896367,6.040024362130038,144
700,5.099482210659945,5.151697000031396,5.035981355325168,5.084937769050558,5.206786723029721,5.173030780743582,5.07637703928982,5.098846406877007,6.0429594958108614,144
701,5.101431958207869,5.1513164411223284,5.0360098344979685,5.084701972608748,5.205122169974382,5.170825710968197,5.077197296430674,5.1005127613271455,6.039353568733412,144
702,5.103316912994746,5.150349325837534,5.035734844161816,5.084381231012476,5.2036092212129095,5.168115133274052,5.0780880985194985,5.1017161160737,6.045034284747755,144
703,5.105949312544327,5.1500951363499805,5.035535118390413,5.083617651476843,5.201233773839732,5.165685064317179,5.079518071647516,5.103259607208432,6.038998444345504,144
704,5.1082470801609485,5.149578708824069,5.035093467445833,5.08339137439143,5.198362616217619,5.163339795895353,5.080829102203134,5.10509298839548,6.056766507863433,144
705,5.1106092342314735,5.1490084419177276,5.03418778151479,5.082337867262108,5.1952865659614975,5.160747787679076,5.081718657489895,5.106363772402556,6.043611417295322,144
706,5.112707119502897,5.148754628993753,5.033475093865715,5.081833814355351,5.191624344464023,5.157716009085175,5.082279221287385,5.10762971343684,6.037063086207185,144
707,5.114984554481856,5.1481262728754045,5.0323019055126865,5.081743520106778,5.187820355762574,5.15498566749133,5.082948627409344,5.109260769683943,6.041867401727744,144
708,5.117446965457505,5.1474289389780115,5.0315965203272635,5.081883061528871,5.1846655626989735,5.152071398311641,5.083808058597988,5.110702611616208,6.047670150425959,144
709,5.119927281584664,5.146417834122431,5.031347147136425,5.082490134529252,5.180533978008524,5.149319345073334,5.083750832515202,5.112299310856404,6.030781387375394,144
710,5.1221627502668525,5.145458874852175,5.031086776654577,5.083457977584281,5.175790569945839,5.145843253094075,5.0839787529033735,5.113076724536327,6.038101208491145,144
711,5.124468582483634,5.1449298920494035,5.0305414915761455,5.084084144528534,5.171726185212167,5.142380138822059,5.084495200237059,5.113875770186731,6.045192769207579,144
712,5.1269733878214065,5.144517125186827,5.03043749879553,5.084509454362206,5.166722962271026,5.138652340950579,5.08516646320191,5.114496963762086,6.044603072130318,144
713,5.128875120437732,5.143643574185315,5.02972800140312,5.084897971060103,5.1619385932299195,5.134976551888265,5.086017332119944,5.115474449970795,6.036682951752501,144
714,5.129628687082203,5.142766911494782,5.0288945178581805,5.085374684299671,5.156476694324034,5.131407409633164,5.086444726860093,5.115994363568475,6.042528793944724,144
715,5.130687552052949,5.142319343467604,5.027279969557614,5.086155409250242,5.150525373653597,5.128208107829542,5.086933092529284,5.116689243054861,6.036527124952115,144
716,5.131887998182247,5.1412542969860295,5.026468242945732,5.087365225290836,5.14514876755083,5.124470878927576,5.087526383397263,5.1165000075164775,6.048669745280795,144
717,5.133126928644652,5.1404734483805115,5.02679056862572,5.08938773541115,5.140059840222447,5.1208029449948835,5.087918258196705,5.117180571348127,6.037845053249594,144
718,5.134464393576712,5.1398599445650195,5.027409262586454,5.090511606969872,5.135056601911131,5.116741112761555,5.088176162675085,5.117466297089324,6.042279653468962,144
719,5.1351122650029986,5.139811650644088,5.0277633898898415,5.091380867465764,5.130727046650504,5.11255522007448,5.088285243204655,5.11796295940532,6.037941902410997,144
720,5.1351065734212025,5.13962243091019,5.027887154867253,5.092193222392467,5.126174166754817,5.1089590003498255,5.089454587993259,5.118947677208585,6.041289301630466,144
721,5.134929566863967,5.1400321206546185,5.027740368482575,5.092925111434696,5.121721655397602,5.106067301882185,5.090651284304805,5.119776873338219,6.035253598989113,144
722,5.134166639760809,5.139571949271788,5.02871199342262,5.093424334923121,5.117480010440547,5.103340739904544,5.091511245495498,5.1199887152940935,6.036636136006412,144
723,5.133671255085444,5.139176533600354,5.029431598847009,5.093097149662075,5.113911750520229,5.100331166135835,5.092096752081631,5.120122664996557,6.040052502750815,144
724,5.133043459341035,5.13865044388784,5.029915916778644,5.0922768490591,5.110189030695157,5.096486829713199,5.092741226420291,5.1207461497595474,6.043689057560339,144
725,5.13242929821863,5.138005717116277,5.030705538705172,5.091956937445734,5.106544664875098,5.092124674451037,5.093478163767214,5.12119992721564,6.044133730793796,144
726,5.1322093377195,5.137150692236334,5.031625175063418,5.090729823042476,5.103028938095292,5.087761124359731,5.09396051044624,5.121214817681473,6.047543963715672,144
727,5.131989310398385,5.135690139631457,5.032428822288453,5.090064241430115,5.099553085710983,5.083980514752319,5.09378720539347,5.120345337013195,6.040948231294962,144
728,5.131949428063365,5.1345254335123816,5.033167876325561,5.089677769670338,5.096365947401728,5.080645068606811,5.093806997114252,5.119408746909011,6.0462765683450845,144
729,5.131903502667937,5.1329146450281105,5.034208156121155,5.090149089445278,5.093337963380218,5.077372546202968,5.094496095419405,5.117960242688699,6.047095216872255,144
730,5.131593728555465,5.130802872117468,5.034666928540079,5.090392438564766,5.090246452030939,5.0744974341894755,5.095655634954786,5.1165160825404,6.044244321413618,144
731,5.131121925145156,5.128955352573529,5.0350718024584635,5.090971092732612,5.086714865575258,5.071828104540086,5.096501314598116,5.115383269811074,6.038572738808442,144
732,5.130011775236615,5.127763924178246,5.035114588064422,5.091761693574407,5.083358670821541,5.070202393884607,5.09682965539829,5.114141302483146,6.041763485544994,144
733,5.1283607747358895,5.126860051166014,5.035393729742584,5.092691522422413,5.080439081734319,5.068295394117749,5.097426914448634,5.112691849466205,6.041890504460241,144
734,5.12652875796374,5.126314973640282,5.035589547603047,5.093033985825752,5.077440081795007,5.065623001764563,5.09826585807753,5.111803379079394,6.046178265830418,144
735,5.124747928977643,5.126047636241503,5.035700230786607,5.09358492428511,5.074584681829945,5.063889643969429,5.098951926968281,5.110557193352291,6.0433004350858095,144
736,5.123080543529348,5.125834311574745,5.035308118535104,5.094700785320557,5.071686900714621,5.062097872216791,5.09964262329277,5.108828501044389,6.045822443490863,144
737,5.121677738666188,5.12613870498127,5.03473832287876,5.0963351359521685,5.068879415780875,5.060581881092293,5.100111199152754,5.106867699702889,6.048587835529687,144
738,5.119936639368129,5.1270075410638025,5.033933190921198,5.098665760707791,5.065953773005878,5.059711959925124,5.101020037937243,5.1054279527358535,6.052425352173665,144
739,5.11756719290305,5.127353149353711,5.032900769337743,5.100579019586555,5.063432133415986,5.058257115420213,5.1017501041525435,5.104145306511803,6.046320725151318,144
740,5.11546420650496,5.12782368674738,5.03165458498424,5.102232554522739,5.061321771643975,5.056290199825639,5.102724130979476,5.102942932307851,6.03957594884133,144
741,5.113009381700049,5.128480860889438,5.030972187697069,5.1042417987497535,5.058989953871611,5.05458792090385,5.103979062663916,5.102030876525557,6.046807765192896,144
742,5.110743694354037,5.128439630291028,5.030269045014768,5.106233774881181,5.0571231024380605,5.052996770277224,5.104871670795858,5.101813571485762,6.045058131700921,144
743,5.108778917492428,5.128911160299587,5.029823704656446,5.108338404454349,5.055888502424267,5.0510562055328565,5.105678676097404,5.101587066042656,6.042167724975264,144
744,5.106413730288143,5.129041544057289,5.02938710928524,5.1099142415546375,5.0547767063517535,5.049577858359272,5.10660362175511,5.1014200932680955,6.052592272649422,144
745,5.104123209024927,5.129270159113775,5.0288168697330935,5.1109388347691205,5.053866494667057,5.0489317517554495,5.107650659480827,5.100750515302525,6.05058603299875,144
746,5.102332937851874,5.129478893845475,5.0284315197318,5.11163790013447,5.053843866457477,5.048681372797118,5.1082318858410645,5.100256144953307,6.033542298874418,144
747,5.100253151863354,5.129734158669782,5.028762477175431,5.112936111340872,5.053301265334995,5.048447133579888,5.108484929088485,5.100563506372426,6.047990051109759,144
748,5.098085354370236,5.129921942144904,5.029393668665275,5.114465949102824,5.0536383132082445,5.048073864557987,5.108964586094714,5.101076721911661,6.0510671961650155,144
749,5.096343167362857,5.130563012176822,5.030801903705704,5.11556124055532,5.0539336784595505,5.048007982872133,5.110086688908252,5.101287320917322,6.05399268814611,144
750,5.095602479545077,5.131379676459282,5.031890958706015,5.1164449075878675,5.053970046533436,5.048313373241685,5.111410275217317,5.101534778388678,6.0457038078257614,144
751,5.094223566763093,5.130982317171798,5.0332109531078,5.116753724511698,5.053761292312663,5.048652821812688,5.112607999361619,5.101529520366007,6.038778980507204,144
752,5.092430081382348,5.129785773089629,5.0335711321810805,5.117138111042598,5.0534877554556985,5.049632619617807,5.114007378659621,5.102400474369748,6.045113151938756,144
753,5.090876816766228,5.128689827976798,5.033427090360201,5.117133935728354,5.053150823984075,5.050267494304437,5.11541386672528,5.103044081145813,6.04652530332188,144
754,5.088874249524756,5.1273414199813026,5.033101192830868,5.117886072021175,5.052877604421587,5.051096017775628,5.116925903138939,5.103299445121553,6.044378099528671,144
755,5.086937591313921,5.125904858839071,5.033068166937646,5.119134070505315,5.052250697802819,5.051972988745349,5.118424385932088,5.103437929763684,6.040857487333745,144
756,5.085464717226317,5.1242657265339515,5.032152328912414,5.120632186028346,5.052491657907247,5.052877355179374,5.119124939530671,5.103276997899003,6.0476150030898825,144
757,5.084293804592672,5.1223319904850175,5.031115648320904,5.122273007886091,5.052517271648405,5.053637678304965,5.119517750120064,5.103583970493815,6.038082851332668,144
758,5.0841089111686575,5.120365246266585,5.030562214030024,5.12375966671763,5.052919145797542,5.054697302618956,5.120070304385022,5.104386949797601,6.048263198260396,144
759,5.084028923285368,5.118335370611843,5.02982168755503,5.1255891127866935,5.053481933385398,5.056125336814825,5.120890801350132,5.105043627505278,6.038438932750714,144
760,5.08403517918858,5.116279522023543,5.028764622684183,5.127238129147919,5.054761810589488,5.058396755443857,5.120839681814383,5.105359906758196,6.045036598034222,144
761,5.084271618186639,5.114064775674002,5.02787754043468,5.128890868676196,5.05603562466173,5.061213161935776,5.12019816780906,5.105232512071936,6.047449819321119,144
762,5.083895264820334,5.112044712436794,5.027323354236429,5.13091958757191,5.05677529896535,5.064576923487083,5.119553392725846,5.105707346360692,6.046708842902578,144
763,5.083462900447106,5.110505713521489,5.0269831332592165,5.1330630733094145,5.0575035781622315,5.067189197720694,5.1190767145764875,5.106809637113155,6.045599902505141,144
764,5.0833653494160895,5.109468245841665,5.0265280010672555,5.135230626794644,5.057833795921206,5.0695807770178,5.118481341414441,5.107916421968456,6.037788159880731,144
765,5.083440055513469,5.108946681229115,5.026002298392277,5.137048197530042,5.058757969316034,5.072049609664371,5.117694271344101,5.108859760484078,6.047598101707155,144
766,5.083113886628054,5.1086699081577,5.025807711459262,5.138715806166457,5.059588684447957,5.07445126093376,5.116285842509164,5.109210688214695,6.04797806691262,144
767,5.082485290158612,5.108798878839475,5.025349299948433,5.140285741554003,5.060448683017453,5.077396378118332,5.115669268113637,5.109576509044976,6.05406848974922,144
768,5.081647769972748,5.108290040638337,5.024974300121312,5.1416590826418584,5.061632336398576,5.079649258002201,5.11528885902306,5.110209105242125,6.042035558706995,144
769,5.080984089431976,5.107192838937943,5.02422837036438,5.143525187235138,5.063109418585287,5.082561877160815,5.114748106706434,5.110264655142001,6.038723633452537,144
770,5.08035288605484,5.106391828793296,5.023457625645387,5.145354592689474,5.064519878573996,5.08590823556445,5.11421231306198,5.110231257922491,6.049889728392494,144
771,5.0799207770047445,5.105400777545404,5.022737188496288,5.146797192203123,5.066069940018965,5.088906670679301,5.113977613217909,5.110550788432933,6.043543988136445,144
772,5.07942270421645,5.1037877728536944,5.022255236307172,5.1478162614511715,5.067908011628793,5.091259971913534,5.11363765292915,5.111386569061848,6.046395124463559,144
773,5.077885759919191,5.101445308999231,5.0227062154566,5.148197253474994,5.069544780779653,5.093229087169562,5.113643945134223,5.112675080054859,6.040547144468901,144
774,5.0766900593850455,5.098874846930289,5.023300593017957,5.147784161417743,5.071172814119163,5.094669995195288,5.112518772270167,5.114072200832584,6.046187098734441,144
775,5.07613518997465,5.096380974895792,5.023733155582503,5.147985807087821,5.0728427594182115,5.096215363461181,5.1107062273257355,5.115632272408185,6.041133067917266,144
776,5.075492868340328,5.093880771634536,5.024643681016705,5.148199427332729,5.074396184750375,5.097928676589165,5.1088648182399545,5.116442055613605,6.04686482821754,144
777,5.074695346614363,5.091385498923637,5.025857503587764,5.1482966298705,5.076364630553532,5.09949373785187,5.107051161626916,5.117027263947316,6.043878926548909,144
778,5.073202124708075,5.089387376166642,5.026932526633688,5.147634166483746,5.0782391445221275,5.1012488812776615,5.105143366983315,5.117341318843366,6.051018625022262,144
779,5.071971449872194,5.0870958663835,5.028349471055037,5.146553125836303,5.079616406445171,5.102659864877523,5.102842799372445,5.117524816051613,6.035530305769453,144
780,5.070866659685921,5.08491765151736,5.029429395156683,5.145043827182485,5.081020039531668,5.103896824789939,5.100586059314114,5.117704518683845,6.039305359955416,144
781,5.070284283168697,5.082819080003286,5.030411113937534,5.143566259077868,5.0826950790961245,5.1048408222569215,5.0981974562554795,5.118130440557837,6.0435759302581324,144
782,5.069373950176109,5.0807808857857015,5.0318182031775045,5.142686685499145,5.083916046409897,5.105818169404053,5.096541505755754,5.118750861301207,6.04894418471436,144
783,5.068210444036078,5.079081052585693,5.033562183999967,5.141635910016397,5.085280080624539,5.107121192548261,5.0951165407816505,5.119000511414573,6.053663814064091,144
784,5.066833719830912,5.076964209307331,5.03515275119962,5.140331047041943,5.086068004703712,5.108584246310617,5.09350020192549,5.119581823620244,6.044667877990941,144
785,5.065587288542442,5.074389605718297,5.03646612069138,5.140114587467158,5.086589093663984,5.109700093690644,5.091654846002039,5.119996322466146,6.038474756392087,144
786,5.0638838778525255,5.071975427511693,5.037814869573842,5.139811802064058,5.087363082111381,5.110655591053035,5.089728917208448,5.120644667297613,6.048496285626856,144
787,5.062784934245414,5.069768132780505,5.038651995340894,5.13980357161407,5.089014249480325,5.111984117668275,5.087657842105303,5.121694137763505,6.048007479896661,144
788,5.0618006944788245,5.068605678743214,5.0402184998871125,5.139892518426431,5.0904692777908735,5.112777864232479,5.08566429259192,5.122321607892054,6.051665617804908,144
789,5.061074513045295,5.067590874142188,5.04112983772526,5.1394176914487675,5.091387026285501,5.1137311634233535,5.083467376387316,5.122399823795051,6.048185196146233,144
790,5.061077357696144,5.066858017639315,5.0421996662619835,5.138439344230921,5.092865974618267,5.114432710594164,5.0811066044115645,5.12291547407035,6.046119190713583,144
791,5.0611901819140925,5.066089814544199,5.043222443847439,5.136899138435041,5.09463909796883,5.114919320101269,5.078402469356542,5.123054448662472,6.040516251736711,144
792,5.061750404274932,5.064893880849016,5.045339718545831,5.136040338922314,5.096412016002841,5.115131856481266,5.076053610698533,5.123233595135629,6.041340032710333,144
793,5.061943023958783,5.063717372604572,5.0474925199447505,5.1350882701891845,5.098727111667138,5.114920889158442,5.074354419790078,5.122993927115918,6.048787004061159,144
794,5.0613550763118536,5.062660093544263,5.049334300296431,5.134060672599755,5.100365843354387,5.114895324453807,5.07289623601572,5.122359268748438,6.050475911006967,144
795,5.060612609320154,5.061309908891835,5.05132761035652,5.133418911648282,5.1016842192474545,5.114705792230602,5.071058410219527,5.122065478098444,6.052510049881384,144
796,5.059818570758294,5.060235764934972,5.053578653638857,5.133258950451436,5.102178544515227,5.113756238840496,5.069540687713488,5.121932309957818,6.046471390698791,144
797,5.058761081637638,5.059624451024788,5.05568532272992,5.133058612439179,5.10212590181192,5.112330883573085,5.0684985308754005,5.122251398378222,6.050354756294452,144
798,5.058273933882459,5.059705744885731,5.057715734305723,5.133052183972233,5.102518388181103,5.110818072323159,5.067715956834336,5.122271614501041,6.043151564336955,144
799,5.058136799948105,5.059424744649938,5.059500195561936,5.132112237388461,5.103074811283795,5.109259233725709,5.067046168013656,5.122300289327491,6.052791686370864,144
800,5.057207796721766,5.058954129843559,5.061487478589173,5.131265814312355,5.103912775135949,5.107102248884367,5.0664891565620485,5.122103992158227,6.044405095271268,144
801,5.055878832366048,5.058189742792074,5.063182126774393,5.130182586367182,5.104734467767618,5.10470001282596,5.066092801987548,5.122231986826414,6.041454654289324,144
802,5.054975777825327,5.057778286354633,5.0648785059722155,5.128512015876213,5.105984477625486,5.10272558309164,5.066126552669234,5.122351943229296,6.0432321554578605,144
803,5.054234982127696,5.056926855349456,5.066351902905762,5.127270461066366,5.107163154647211,5.100460676467411,5.065681586982655,5.122676485680132,6.049792296266799,144
804,5.053785244815941,5.056214259620542,5.068604519045424,5.1261261624953445,5.108140134337938,5.09857838586519,5.0649836817671705,5.122506934063631,6.052538417217043,144
805,5.053759352362937,5.0555844022099095,5.070666350110747,5.124353584178973,5.1084034198610055,5.096348991568606,5.0645512980460765,5.122604598685063,6.048860838567882,144
806,5.053817034810873,5.054831103220522,5.072566772533625,5.122948373132178,5.109118229401999,5.094281929121697,5.063705657681147,5.122581869957669,6.044904029094947,144
807,5.053765197144498,5.053784735827174,5.0741410226263675,5.1218846742451305,5.109867195579363,5.092728106577393,5.062797535172724,5.12311667329892,6.046740177123561,144
808,5.053561178940127,5.052470811591016,5.075718310632005,5.12069631314703,5.110226474844117,5.092045374972626,5.062008386073617,5.123631046850109,6.0455031469160945,144
809,5.053553219574636,5.051924660964747,5.076803142813404,5.119919662257475,5.110516643986244,5.091601053292619,5.061066914181171,5.123873129094968,6.05345978367913,144
810,5.0535264837555385,5.0513551291382806,5.078264050213176,5.119017865061169,5.1110308389152195,5.091254971712796,5.0608540475296975,5.1241430676068696,6.0490052780514985,144
811,5.05365163764979,5.051285083450483,5.080312255441632,5.117990821155067,5.111468170251915,5.091008449058149,5.061067464133201,5.124260969759786,6.0487093108057906,144
812,5.053879442230045,5.051235114576437,5.082459990104281,5.116753675041744,5.11226793305,5.090941232839835,5.06123078651475,5.124361139685498,6.047757124284919,144
813,5.054061983391531,5.0510741420757626,5.083627299800528,5.115089410686452,5.113001639665919,5.0908119942542065,5.061197026281796,5.124173748052997,6.043561463002241,144
814,5.0552527190919765,5.051437264677775,5.08464442476139,5.1141373348611605,5.113620339661908,5.090453029108542,5.062012646290723,5.123574757123627,6.0471643864985705,144
815,5.0558928630764335,5.051952284508005,5.08550599654202,5.112944323479729,5.114063213999731,5.090813373057587,5.063350335835635,5.122922534521056,6.053662335562093,144
816,5.056898829907132,5.053282888005683,5.086777547449195,5.112067771943096,5.1140069831732875,5.09100236803733,5.0643433349287506,5.122521403535534,6.05409815941798,144
817,5.057486676358338,5.054722278672976,5.08817376177344,5.11105883102787,5.114249788327506,5.090900768250655,5.0653434121353555,5.121954123542439,6.0461457257273965,144
818,5.058065586523993,5.056222355388856,5.089051522627807,5.109546780210827,5.114031275548857,5.090780203156576,5.065566135227293,5.121070428481541,6.0377715477533895,144
819,5.05906709268186,5.057446945346953,5.089691686515171,5.1081791487219395,5.11358439184661,5.090302400913868,5.065849429060898,5.119830883704598,6.038939351709087,144
820,5.060367652249862,5.059285788202298,5.090485965978916,5.106873794877481,5.1134351023253295,5.090187556845402,5.066428535058343,5.117680938937417,6.059001897900749,144
821,5.061330275056227,5.061205733599882,5.0912182581437495,5.1050014924576885,5.113982828588334,5.090799123693792,5.067175461302569,5.115835153925069,6.049480589293075,144
822,5.062882528412658,5.062985433847642,5.092598487744242,5.103371246266324,5.11444607654683,5.091088903298635,5.06780278983868,5.114405561832711,6.048023089809618,144
823,5.064544862441738,5.065293998604906,5.094611227092734,5.101878451810766,5.114943419394277,5.090899049285774,5.0686839322377555,5.112421436951449,6.038835006557133,144
824,5.066294275491042,5.067527389383594,5.096030902873102,5.1003348218160145,5.115326211250607,5.091080934871875,5.069632927974737,5.110213148209887,6.043998604102249,144
825,5.0673685347290505,5.069625094984637,5.097720956020722,5.0997452397711225,5.11650169326912,5.091206590706861,5.070742341254677,5.108445346665519,6.0470545603205625,144
826,5.068246207885751,5.071504374620947,5.0989883916183265,5.099812954531684,5.117096250020139,5.091575122464221,5.071791479690689,5.1066779535649145,6.043582546161052,144
827,5.069520890655907,5.0739368537077105,5.100035887840496,5.099886954324265,5.1177803819325955,5.092214594987451,5.072594989574985,5.105419602657293,6.0505135088337045,144
828,5.07015226096931,5.076853433184429,5.100115191307907,5.099311932406086,5.117961352318909,5.0932895021076465,5.073525254731414,5.103740313590004,6.04203098622651,144
829,5.070963322644101,5.080087430943226,5.100493319442871,5.099175715659676,5.117802975163777,5.094476432357798,5.074461710478035,5.102270845472589,6.044033366660342,144
830,5.072456159288436,5.083667458950266,5.100479456042166,5.0986369349118705,5.117372576583968,5.095199984503392,5.075264849335819,5.101344779534921,6.036338726806966,144
831,5.074142290770057,5.0877499106432165,5.100885949308902,5.0977732910006806,5.117130792370546,5.095654124635743,5.07598603844517,5.100016231233102,6.0432851055215835,144
832,5.075811964753467,5.091360117488361,5.101442212226132,5.09660992776169,5.1172114190124365,5.0965821247204115,5.077205630008365,5.0983272560620065,6.0451530912701426,144
833,5.077643694474176,5.094357615811598,5.101862345131107,5.095592988644762,5.118045866155191,5.0984639849878235,5.0785135551904474,5.096672411602718,6.051066973235335,144
834,5.079711487819827,5.096957413129176,5.102559373864279,5.094441758354023,5.119333733231414,5.100515109023536,5.0799236225930535,5.094758229376517,6.051478678709077,144
835,5.0816078193141685,5.0998602218956215,5.103329864585151,5.093468436630326,5.120556104456067,5.1022501194170005,5.081355157762196,5.092563563548661,6.045538998040793,144
836,5.083907295183464,5.102943131672047,5.103477884273015,5.092417868926704,5.121729043749058,5.104048627253922,5.0829253406592425,5.090489877433644,6.05634369544535,144
837,5.0863964959217025,5.105910452466578,5.10348651842634,5.091506561859414,5.122496244988741,5.105760704774302,5.084393065713455,5.088198249036128,6.04720983790144,144
838,5.088690552019932,5.10841905768444,5.103749435871906,5.09116374480554,5.122427919163316,5.10715004192875,5.085934625871607,5.086355705880525,6.051666358637541,144
839,5.091146534935611,5.110774619366563,5.1043078968439,5.090257108280998,5.122634935042278,5.10817705416833,5.088059552361365,5.084159654898871,6.053772736985861,144
840,5.09385376424183,5.113140626137478,5.104409087351262,5.089234776015743,5.122706463271762,5.108780729962163,5.090264192180486,5.082490201686352,6.046064524665927,144
841,5.096292854694422,5.115517390521778,5.104726080562595,5.088279224668289,5.1231815452184115,5.109334238890865,5.092188098322034,5.081125644929668,6.047454593506685,144
842,5.098453220126155,5.117604694180896,5.104809653309514,5.087323759801512,5.123552843423249,5.110094787397766,5.0939142121127094,5.079667985561586,6.043579736904843,144
843,5.1001871710256665,5.119661053643349,5.105010971147731,5.086524461898282,5.124031471480079,5.110162063175983,5.095698383274968,5.077261495200118,6.0405698875189415,144
844,5.102260432897424,5.122835279673146,5.105047113609556,5.086034614359768,5.12439774641364,5.109682506564102,5.097501243292852,5.074891696425105,6.042154369643939,144
845,5.104055542236867,5.12539180281504,5.104616560581323,5.08525281817121,5.12484033961475,5.1086919682511525,5.099362737828097,5.07320790446844,6.041704921714301,144
846,5.105806111418167,5.12835361512494,5.103972829795754,5.084711331746066,5.1248638392359105,5.107659848231499,5.101105921539649,5.071574603948305,6.045132045363907,144
847,5.107091034508459,5.1311293588422835,5.103659817528514,5.084214370624545,5.125122774483985,5.1068923005355344,5.102431262236679,5.069942060717179,6.063216730942637,144
848,5.10815294443166,5.1344730508713035,5.1032342983132235,5.0837428595187575,5.125139886530533,5.106580348318671,5.103897066441048,5.068536520943612,6.0429793762478825,144
849,5.109408110906592,5.137711918345939,5.103424586267814,5.083465437930213,5.125416819164855,5.106397923033626,5.105746164997008,5.067356395005784,6.036343936574205,144
850,5.10969396380478,5.140195714112798,5.103673032037748,5.08291634244507,5.12544736208614,5.106026509486648,5.107535623510098,5.066261693714146,6.051523808800125,144
851,5.110585691375143,5.142308648352296,5.103577683125975,5.08240039778247,5.125593903770471,5.105413747415016,5.108857506330419,5.0649379767473945,6.048348889786188,144
852,5.111216215387119,5.143731015707916,5.103547734448353,5.082125447013379,5.12560867356439,5.105070492940689,5.110156774901705,5.063441204678782,6.049015006607463,144
853,5.112147465950813,5.145141719285934,5.103546838486013,5.082399697960329,5.124764584751448,5.104659299689534,5.11088567119866,5.062383535060172,6.047235685689735,144
854,5.1127262409510585,5.146565604196404,5.103598789905336,5.082748036533233,5.124540746004078,5.104810805548144,5.1119261696747245,5.061826406981641,6.049844961691605,144
855,5.113140323688319,5.147640266080829,5.103659021106589,5.082943849899624,5.124580279700339,5.105016942800763,5.112681224103242,5.061745172191458,6.049421162805365,144
856,5.11329102197898,5.14872162756658,5.103176844289385,5.083579738625359,5.12494376436943,5.104736534136949,5.11332220047813,5.062673439098839,6.050696719360978,144
857,5.113336178601504,5.149818183573876,5.102511368984114,5.084164284090592,5.124499921529161,5.104183076512213,5.11434875808156,5.064182028593822,6.042563652805868,144
858,5.112282423366063,5.150888734089867,5.101524785836602,5.085038317826113,5.124149405211387,5.103947229048991,5.115844641534174,5.065260683728328,6.043539446418662,144
859,5.110937010150081,5.151664908789571,5.100091831920553,5.085892408790382,5.123229119174212,5.104378556676864,5.116963868536256,5.066166513031384,6.043030474006664,144
860,5.109942768142827,5.15176590363929,5.099238986482318,5.087355243737387,5.122586162036652,5.104797444822735,5.117598781816766,5.067599319005387,6.0544797474706815,144
861,5.109404821841097,5.151665144831773,5.098566299874497,5.088174346035552,5.121524368685429,5.105755034016776,5.118141203758407,5.069091191199259,6.046387800610615,144
862,5.108901029680816,5.151428354674184,5.098402315437536,5.088749189272496,5.120322800452119,5.106709287518496,5.118649438403949,5.069879036088803,6.046091221529364,144
863,5.107762407310483,5.15078258892999,5.098141679021621,5.089541220207212,5.118818777897255,5.107604329779269,5.1196318691198455,5.070323264280052,6.041895024556216,144
864,5.107157985909412,5.150371411938573,5.098370569576808,5.090627465595606,5.117329161073965,5.107655486481254,5.120367002305246,5.07060409728399,6.050294295499875,144
865,5.106453616791152,5.1497336651347005,5.098744209352137,5.091561621629339,5.11555986221591,5.107649634694477,5.1215965089972695,5.070483816423937,6.050451863693189,144
866,5.1055340770843625,5.148705970563654,5.0985664662904,5.092849214255664,5.113879535119397,5.107828938130767,5.1226540379952406,5.070125359161064,6.050210698251085,144
867,5.1045163174032,5.147717140561574,5.098290145654055,5.094200544293328,5.1117658519105325,5.108706183836366,5.123802948579023,5.070237935667535,6.042768662404411,144
868,5.1030789080299,5.146898710081867,5.0978981846435865,5.095254123468709,5.109394970223851,5.1089974826472595,5.12417339813414,5.0705318355645606,6.05202032496346,144
869,5.101373412712964,5.146464213104473,5.097907008589932,5.096537412498721,5.1068311877778525,5.108492168403506,5.124001889871842,5.071003180465237,6.053737858668394,144
870,5.099648238659968,5.14566709203319,5.097622419008769,5.097539125109522,5.10378561036994,5.107625093825155,5.123890800701025,5.072248682854276,6.051372221326989,144
871,5.098165141790778,5.1445985421667615,5.096653098241349,5.098728270211648,5.100287065211402,5.1075341769405656,5.1237706279419015,5.073933377135667,6.04533639574629,144
872,5.096712875719765,5.143303012430853,5.095835220438062,5.099645875691257,5.096408411163606,5.107932872381905,5.123411114161769,5.075706662696333,6.050139340377598,144
873,5.094903779382146,5.1426068844562,5.095564672903765,5.100312205962056,5.092535330020953,5.108723981791471,5.1234438702346194,5.077245421329433,6.042716138832712,144
874,5.093237023959301,5.141912872808064,5.095345223626341,5.1008616350888545,5.089460368871816,5.109218627137172,5.1229531919879765,5.0790262386107825,6.048460485350177,144
875,5.091490238248448,5.141831405154344,5.095433546735928,5.101643308536311,5.086276889571696,5.109837188479151,5.122465027182143,5.080610982227989,6.051060376408669,144
876,5.08959255922265,5.141806116969342,5.095622647450345,5.102215669254419,5.083080247472751,5.110615107656486,5.121809499780804,5.081482364037407,6.050055435644271,144
877,5.087706622487879,5.14189276808284,5.095699597732698,5.103039730040201,5.079938638605213,5.111734867587106,5.121488839917304,5.08245930123706,6.05060128001262,144
878,5.085883415510596,5.142030478133728,5.095922801177098,5.103854415722563,5.076649378747368,5.113154418434998,5.12150870155576,5.084034730194485,6.052691070393197,144
879,5.084212667253324,5.142106186118113,5.096288257584956,5.104566874009654,5.07357146010219,5.11451987931177,5.121276772574614,5.085937451398088,6.057992193761314,144
880,5.082365740138986,5.141340445697355,5.096934528713184,5.10497275076627,5.071055233274253,5.115981459575455,5.12099442777674,5.087732973479276,6.038335717344765,144
881,5.08099177996926,5.1406262446401705,5.097883344686307,5.105301162619062,5.069357352098622,5.117951900326798,5.120486071201298,5.089072390140505,6.0429019868125105,144
882,5.079658235729121,5.139228973216033,5.09899095751312,5.105699746747634,5.068194893647853,5.120174879355211,5.12018554131239,5.0903437729676355,6.044339371850426,144
883,5.078019370062604,5.137912590709321,5.099911757729525,5.106280498193522,5.066632911171691,5.122410039937266,5.120321808150212,5.091485766598629,6.05099853171694,144
884,5.07647605860903,5.136133637252112,5.100904868932635,5.107082662691602,5.0652574719945545,5.124224390351699,5.120117498727678,5.09248470539252,6.045472264107895,144
885,5.075338022087814,5.1342824434874315,5.1021111282965315,5.108545040776276,5.063452307032179,5.125704997478873,5.119508668650871,5.093371054324615,6.050465239156504,144
886,5.074655296157857,5.132667164212737,5.103511298811907,5.110196222273869,5.061987279865438,5.127899773243719,5.118691853820831,5.094145348068885,6.04814614724493,144
887,5.073332761136381,5.131221371813712,5.105631646507568,5.112398302397587,5.06072128540681,5.129681197711925,5.118424299209422,5.094963951785652,6.05046082366772,144
888,5.0721980870863375,5.129748700715693,5.107891584914066,5.1144651362832665,5.0597647029053405,5.131230488401849,5.118634801870964,5.095477417215513,6.052362459472092,144
889,5.070396936488226,5.1281087887382855,5.109692873832242,5.116041981276866,5.059564724175125,5.133004487596642,5.1195475967295,5.095957856973797,6.038995344003085,144
890,5.068837156197256,5.126725904026627,5.111561509642943,5.117761266973483,5.059250379207768,5.134658515364561,5.120402200140738,5.096130454857301,6.04425096586153,144
891,5.067391136227655,5.125856849770754,5.113083745785257,5.1194248716550455,5.058390775613606,5.136190787096286,5.121760866667044,5.096025631362439,6.044972568972354,144
892,5.06619808769264,5.124572629769633,5.114483732612307,5.120876912683583,5.0573602800842465,5.138046742827894,5.123279920213847,5.09516983966086,6.054106337384152,144
893,5.06489809541633,5.123265294330887,5.115808077104628,5.122004701362932,5.056756741517655,5.139970076636075,5.12389558607761,5.093789243731013,6.047723113102222,144
894,5.064842230037668,5.121196369368884,5.116912021969686,5.122873244204499,5.056017698635767,5.141515402701794,5.123880623516512,5.092251232946097,6.047271404644558,144
895,5.0649947628628675,5.119106110434609,5.118276900639841,5.123850798063593,5.055400150315319,5.142471387019068,5.123864466563431,5.090699867435994,6.047094130398903,144
896,5.065094748571587,5.117968347787322,5.119196248629118,5.123889137012807,5.054865819072072,5.143408702528162,5.123405506836548,5.089082566213374,6.045172049036754,144
897,5.065443336223265,5.117046058266961,5.119980288394032,5.124626241185368,5.0543274631866115,5.143949756743384,5.123132297145535,5.087595278661255,6.043160958728409,144
898,5.065753270080027,5.116016759041935,5.120606272581729,5.125073232553351,5.054246191762415,5.144401005556496,5.122842947187607,5.086607438026009,6.044904538712403,144
899,5.065985236795759,5.115298349747127,5.121229977676885,5.125160089614518,5.054296917425912,5.144653132428972,5.122546342455852,5.085856878407554,6.047280949458158,144
900,5.065929074738262,5.114179812260483,5.122066627212467,5.124614559824911,5.054554259481506,5.14554509968697,5.122241362836275,5.0851213323313535,6.048890880624532,144
901,5.065368312890852,5.11239554077486,5.122436526114557,5.123874710808751,5.055370905506534,5.146885942763136,5.121122763417473,5.0847640404553855,6.0552768787841575,144
902,5.064794725569884,5.110606212532977,5.123298301665731,5.123138181687642,5.0561587328963675,5.148126117295973,5.120478778478767,5.084023850684664,6.050081376220225,144
903,5.064349508151247,5.108131860203883,5.123925926771779,5.12279011941687,5.057375146425563,5.149148023978837,5.1200900122898885,5.08308964681431,6.048817660232234,144
904,5.064441881983449,5.106007868748389,5.124730160553739,5.122819687620539,5.058590091766132,5.150821342562841,5.119766125551525,5.082378368801118,6.055607072218378,144
905,5.064840635311883,5.1038909644165775,5.12531052871738,5.122539711346953,5.05967428251795,5.152641855392703,5.120071081509893,5.081455302651248,6.051933164365418,144
906,5.0653404308797,5.101882674106121,5.1260174668122716,5.1228518206262255,5.0610914450213835,5.1542590335061576,5.120130146304396,5.079932058254521,6.04663392190815,144
907,5.065885914197035,5.099795236526265,5.127023060327498,5.123062199133599,5.062722019805094,5.1555757352612,5.119799102239352,5.077691420801418,6.058594166679395,144
908,5.066390237743675,5.098211213721996,5.128376736375262,5.123797338696598,5.064847002240652,5.156929193704985,5.119561150795461,5.075779041745406,6.052649869279095,144
909,5.06740690844771,5.096767605257239,5.128966479756798,5.124341370092905,5.0670397348329255,5.1579559100544525,5.118967942948102,5.074128257804415,6.047213766163073,144
910,5.06811755348831,5.095608470595016,5.129282487441283,5.125486700113309,5.069071633031417,5.1586992339052475,5.118749426584139,5.072138483676803,6.052034730647682,144
911,5.068932818114111,5.094253226621958,5.12993389666944,5.126577300236641,5.071525105157717,5.15882600568645,5.117931442332102,5.070424719225876,6.044304719440422,144
912,5.069426628753977,5.092655440688855,5.130459400489277,5.127487444806326,5.074141941172087,5.158840068774701,5.116788424090586,5.068689952047087,6.054642901579379,144
913,5.069927869080894,5.091076798736049,5.1306565910522615,5.127747194202245,5.0768635649156195,5.158504686085376,5.115165475528645,5.067061001907092,6.0509701563399725,144
914,5.070669661799741,5.089059499723457,5.130855933595265,5.127300540131385,5.079431353849369,5.157601209944829,5.113531008738506,5.064578529380187,6.051104115596671,144
915,5.071291603363068,5.086835613659916,5.130833237405927,5.12673305989327,5.082320398920038,5.156728205722892,5.111813448141286,5.0625493064775124,6.052605852266106,144
916,5.072298829264069,5.085345349497924,5.1306938269914975,5.126507421394741,5.0851854882617,5.155659632930495,5.109895949773129,5.060268756078209,6.04478478541412,144
917,5.0733390264832465,5.08417105076208,5.130872143965853,5.126821110280048,5.08745248872099,5.154523255101539,5.107891656817959,5.058535893460017,6.055123383819998,144
918,5.074384117293674,5.083086969246564,5.130790854156421,5.126853202988601,5.089452542973073,5.153331614687113,5.106121538126967,5.056865612366672,6.044391285074288,144
919,5.0752623147143705,5.08163636932794,5.129971016768122,5.12675646487142,5.091879657580492,5.1520112710901165,5.1048300933035975,5.055616028054267,6.048881173121608,144
920,5.075955231453738,5.080418666557671,5.129314957178231,5.12616624282516,5.093685881953695,5.150578447647693,5.10365702774578,5.054606438024427,6.047564383504817,144
921,5.0761609705730235,5.079293714300705,5.128459056229374,5.124891229709672,5.095566279392168,5.149772870557001,5.102741017835626,5.053846474919682,6.052718104855006,144
922,5.076278177020741,5.078443311763832,5.127311680653898,5.123657628127838,5.0974318733879205,5.148411417284804,5.101722907450115,5.053068390048608,6.039289757730693,144
923,5.076578420567984,5.077103869897649,5.125643448786547,5.122249952132536,5.099443942380627,5.147253708389867,5.100295542770219,5.052384736157416,6.0532753095703775,144
924,5.076434051292798,5.0762245529901655,5.123946153484065,5.120850589239252,5.101397547984491,5.146093321163111,5.098377502075275,5.0518444379750385,6.047013961451104,144
925,5.07666676991851,5.075335028936723,5.122590324134922,5.119630831157249,5.102455725822708,5.144865734692588,5.096543781600632,5.05102924149356,6.047852273846914,144
926,5.077349176257443,5.074161519030459,5.121252199897885,5.118293185244337,5.103669913846696,5.143480963355637,5.094935203425467,5.050264537271555,6.051534550108241,144
927,5.078087092597734,5.072789177731828,5.12026692373702,5.116870774097059,5.105463063825078,5.142146151610545,5.093379284010592,5.049892029097591,6.045316044711123,144
928,5.078508611097545,5.072343563361505,5.119442099851533,5.115165051843933,5.106723087877537,5.140756997099157,5.091360110867482,5.050150722636549,6.0586413996181605,144
929,5.079315300704195,5.072351385031141,5.11924116438461,5.113784368895121,5.108011552480434,5.1388684683027686,5.0896651790600425,5.050496987581774,6.046541208408763,144
930,5.079830867419342,5.072992862847644,5.119413088202524,5.112261633758672,5.10929875811743,5.137111947563212,5.088669528549195,5.051156243000483,6.052333129849126,144
931,5.0804376502184105,5.074389678050903,5.119572430954222,5.1105997017142215,5.110553592019874,5.135584739951002,5.087826400469243,5.051963946678168,6.050145213417107,144
932,5.080835522952947,5.07471864075668,5.120034066834144,5.109548112836299,5.111199737652769,5.134165700389939,5.0875556551666605,5.0519778025365305,6.052081332078802,144
933,5.081077840493826,5.075245484589827,5.1204062322215185,5.107633776806486,5.111560795674934,5.132847085484553,5.087094576450049,5.052065473902995,6.051748470064199,144
934,5.080971474623305,5.075949557696278,5.120636209182653,5.10582084997399,5.111618576940921,5.131070306825505,5.087100554113842,5.052212850539158,6.0428359145232,144
935,5.081715355884657,5.076178270139021,5.120998620196101,5.104395628187896,5.111894576649233,5.129955385415526,5.086931866465118,5.052587804510741,6.047119913584972,144
936,5.082387075574504,5.076381851345866,5.1215538324038485,5.103466246953393,5.112021971549041,5.12848423890177,5.086167467619396,5.0531751004724015,6.040185202414833,144
937,5.08352958739307,5.077076126579357,5.122003762317464,5.102550515536706,5.11165959346244,5.127125227732683,5.085778199360968,5.053828168253121,6.05041295139083,144
938,5.084781634700281,5.07821727042993,5.12235302690957,5.101308021970924,5.111440803775151,5.125620613641179,5.085027178729273,5.054846293816436,6.045070533651632,144
939,5.0861234490502385,5.07997138637579,5.122718519074349,5.0993351810104155,5.111222346149502,5.124063953716028,5.084427583205439,5.056120856892834,6.057324421979064,144
940,5.0871924726565645,5.08151715697463,5.122734242352397,5.097196932307715,5.1109554033556845,5.1230918042254014,5.084186295416991,5.0569552278453465,6.047777233750999,144
941,5.088435306838786,5.08269357910101,5.122679138397991,5.095393115119353,5.110678767041314,5.121913648790725,5.084178292858592,5.0574362456769055,6.05466531386027,144
942,5.089113534877352,5.084082745972873,5.1224833971379145,5.09316410036177,5.110323371016165,5.120824701115798,5.08454834823882,5.057972603146933,6.053147390438472,144
943,5.089639887112773,5.085704720890575,5.122532955261564,5.091202488448026,5.110462408366713,5.11967689761709,5.0853357975028075,5.058976261122698,6.058123228417826,144
944,5.090128991539956,5.08690751975737,5.122450859200877,5.088961820973638,5.110075766535377,5.118786106031718,5.085861789026339,5.059615246260503,6.046250815157754,144
945,5.0902240587018355,5.0879634644868155,5.122460708893115,5.086936884752497,5.109855546441241,5.117767271912786,5.086720551391188,5.060052805741194,6.047186379974105,144
946,5.090674267246644,5.088883243389008,5.12278192019143,5.084500470392964,5.109464929364135,5.117169380727395,5.087130102484535,5.059977739086001,6.041231527720307,144
947,5.090933510236781,5.090353715220878,5.123093394978694,5.082487925820013,5.108827969580066,5.117136404696888,5.087750836265273,5.0598200647715075,6.048649542240206,144
948,5.091739871376781,5.091976439279598,5.123148244038292,5.081081432512239,5.107879615462666,5.1174634371298975,5.088845350153418,5.060229192315658,6.048993606561078,144
949,5.092367879885909,5.093771832455122,5.123875403328061,5.080078393428819,5.106735741176228,5.117763139015528,5.090506679180444,5.060551927197194,6.053565123691778,144
950,5.092550217173333,5.095816360567641,5.124958865384996,5.079857100791747,5.105675096597838,5.118208147387188,5.092603860201235,5.0613250116389645,6.0427710981174085,144
951,5.092833611005711,5.098342003250394,5.126138012975537,5.0796835887124345,5.103951653421419,5.118800544686862,5.094802572742132,5.06204797233355,6.049948326291561,144
952,5.092736841633189,5.100257141331408,5.127139984295086,5.079522051432537,5.102073709700351,5.119353693488583,5.096880345952127,5.063325789500624,6.046729402462039,144
953,5.093041783761377,5.101645186937969,5.127857377604018,5.07907201756415,5.099759186527061,5.119972117811403,5.0998006067335275,5.06412756529023,6.0482018918839975,144
954,5.093632742148766,5.102633727044013,5.128592677029725,5.07900068158991,5.097412556358183,5.120694393580041,5.102463999118018,5.064846267218005,6.046105987650588,144
955,5.094297161124271,5.10382327644038,5.129667762877174,5.078662018278278,5.094682442774366,5.121291340491621,5.104265696022027,5.065239343041905,6.0559077585537775,144
956,5.095486197498232,5.105053884630397,5.130634903984339,5.078592446630172,5.092301486208289,5.121888383613898,5.105516828756006,5.065589260851775,6.048600395111869,144
957,5.097074353472303,5.106319443327311,5.131153710909439,5.078982901817718,5.089980089430584,5.1221136785416395,5.1063423337697085,5.066146556733381,6.050446166804487,144
958,5.0987011362948405,5.107300946887467,5.1319647470197065,5.078823006374904,5.087845349930176,5.12242738189886,5.1073970125912105,5.0670270527092285,6.052048979168121,144
959,5.0999758776510635,5.108756911011656,5.132648974217027,5.078733279465896,5.085617830422171,5.122691271624403,5.1088259569792145,5.068210020560539,6.0390816694263805,144
960,5.101545985656728,5.110040949876357,5.13292087419724,5.0788400337832,5.083196442472355,5.123359112497907,5.110379242570042,5.069547647848216,6.060075765383221,144
961,5.103185070018608,5.111930298098439,5.132703072261199,5.078837476812182,5.081280529559722,5.123826438894477,5.110947320766574,5.0710018855444545,6.044623343766162,144
962,5.104232371983467,5.114016910101682,5.132331666067371,5.079247072605339,5.079374367453216,5.124221315022627,5.1115707538224235,5.072463214787906,6.052674802631701,144
963,5.1054906821062485,5.115986535375111,5.13204580657462,5.079872491730859,5.077083093778871,5.124488801214669,5.111614249460516,5.0741148775400085,6.044287103678317,144
964,5.106901020754852,5.116972765398403,5.1318460715890994,5.0804244773814915,5.07497180031935,5.12484293776054,5.111954199967212,5.075699022231284,6.038335225857978,144
965,5.108585638088913,5.11772843989259,5.131058737766493,5.0807038723048805,5.072644610506792,5.1255311544941105,5.111949954716452,5.076841248621206,6.04688578842408,144
966,5.110165344073345,5.118632459925409,5.130392781455139,5.0810260905591145,5.070161768591927,5.12606027046361,5.112095982081291,5.077749287483641,6.041234227007851,144
967,5.11079465593894,5.118981828617439,5.129497970060793,5.080977826731447,5.068136377816298,5.126387549857047,5.112484948621823,5.078835086088677,6.05361055832476,144
968,5.111402195056221,5.120022650180511,5.128652393234319,5.080533104667485,5.066478460085358,5.126716897399681,5.112809353462252,5.080884364123386,6.0497140077361236,144
969,5.111838517436735,5.120827162434212,5.128105808247639,5.0809415585840965,5.065456831537802,5.126778849690567,5.113164184474342,5.083102899423415,6.054727504207012,144
970,5.112242234907903,5.121588895740489,5.128017130236434,5.081302467489773,5.064501400134934,5.12769376057777,5.113139001915877,5.0851485115046495,6.043931243123672,144
971,5.112624022410007,5.122500902184428,5.128288514067194,5.0817358584013785,5.0639466563574285,5.128688797327186,5.113348117501136,5.0868466502754615,6.050275333904108,144
972,5.112829796813281,5.12380524832511,5.128080703496226,5.081920519249074,5.063696516020403,5.1297860345056066,5.114094839434498,5.088823698564088,6.0392474190888965,144
973,5.113131011300236,5.124713704847346,5.128072027853534,5.082277938875343,5.063822768332617,5.130333306685657,5.1144756392306014,5.090153119248936,6.05292217768146,144
974,5.113317601505335,5.124993075868297,5.128295715540792,5.083060789566501,5.064074850016273,5.130878614150159,5.114995802289926,5.091154635460942,6.046999926252383,144
975,5.113344807947258,5.125148649141408,5.128630160303359,5.084147212410804,5.064041937143706,5.131365859850035,5.11585796637377,5.0918653146622965,6.045102017367812,144
976,5.113504916414242,5.125167297098903,5.128912470549443,5.085441966222467,5.064186464646571,5.130876381546252,5.116575432545844,5.092783776405672,6.036630420119154,144
977,5.113436693600153,5.125671875437875,5.129393170717881,5.086529961753124,5.064403469001938,5.130260951653961,5.116726681802705,5.0938932191839585,6.053622450170589,144
978,5.113234371004708,5.126062875733371,5.130103163027597,5.087590700914018,5.064326509346547,5.129915142608331,5.116104340206695,5.095215746874536,6.047754875320816,144
979,5.112861145299991,5.126264094251638,5.130514706537708,5.088426221886736,5.064246747563817,5.129254273115001,5.115189710560596,5.096377464871623,6.050887178027255,144
980,5.112244279915396,5.126356826702931,5.130952054827269,5.089350652786658,5.064525010125212,5.128339409664164,5.114521579377071,5.097549869464778,6.043492857098539,144
981,5.111543282567085,5.126084715090615,5.131753864455023,5.090557275857501,5.064583073187038,5.127348528521026,5.113224017780777,5.099200676395384,6.053508073243328,144
982,5.110558215199703,5.126384661988931,5.13243509313938,5.091676278840135,5.0647806629104135,5.1263391299238545,5.112397590728881,5.101544973348071,6.044150812991279,144
983,4.968517818440776,4.983689944626142,4.989891192219995,4.9509354295790144,4.923329487079727,4.983896242975996,4.970255161287319,4.961613530786915,6.04541389290501,144
984,4.826272918186225,4.840849418936781,4.8475724552299235,4.80997733076177,4.78220552643983,4.841166111332557,4.828018623872369,4.821394040781833,6.050102902764366,144
985,4.684275030862531,4.697902204455003,4.705100403671012,4.668906668898428,4.641217662131433,4.6984735407137785,4.6854133487477965,4.680942351443003,6.045698286772228,144
986,4.542599970953011,4.55501462292786,4.562381598598196,4.527524920636011,4.500162223256278,4.555851598763382,4.542315552839588,4.540495130604583,6.046177637892188,144
987,4.4009974571882715,4.4121040706686525,4.419699424595123,4.386077787157208,4.3591933602854365,4.413158256675102,4.399402989318235,4.399711223197897,6.050067811447213,144
988,4.259485833447901,4.269468286261212,4.277239655983262,4.24435799739508,4.21819949878356,4.270756071466124,4.2566886452703105,4.258469715634101,6.058662399833903,144
989,4.11743169851683,4.1272320820795345,4.1348054742784015,4.102691369090887,4.07778347085691,4.128254007905028,4.113473558946016,4.117139250845609,6.045549177730282,144
990,3.9750160053676242,3.9855505032041245,3.992323715150359,3.9608751911292543,3.937416933150401,3.9856634199128007,3.9703118994944973,3.975769667838935,6.054666894255061,144
991,3.832986022269684,3.843909372829571,3.8497229648499687,3.819441848232352,3.79717297642258,3.843133659671838,3.827450840219446,3.834460250567122,6.0496819448780395,144
992,3.690820510813404,3.702008755085572,3.70704094191846,3.6782509666420142,3.6568780681182647,3.7006503112305573,3.6850358018765146,3.693193541794027,6.04161102811199,144
993,3.548461748128361,3.5601926331204163,3.5646101980603597,3.5368006803469862,3.516636832649703,3.5581759021196797,3.542907475108499,3.551563861625501,6.054009108599983,144
994,3.4061891032846976,3.418316183818676,3.4220847001772325,3.3956783709527167,3.376324667703158,3.415823871435417,3.4005466181612136,3.4097342009520712,6.059281145183358,144
995,3.264207865528088,3.276405271933924,3.2797308540100722,3.254324702599006,3.2359152938796845,3.2735622774221476,3.2579829197640633,3.267817040171134,6.047319778674949,144
996,3.1223374315088437,3.134235875226789,3.1375339282169152,3.11279252178682,3.095518126368731,3.130957445449571,3.115441928739008,3.1259386066918897,6.045468813010402,144
997,2.98032571818693,2.9915215832704263,2.995632503814513,2.9713329919718676,2.9552902919367714,2.9883422669631114,2.9737507051633187,2.9841836371101476,6.0454137019559715,144
998,2.8386670418029754,2.848546924546241,2.853815187749035,2.829473725729474,2.814976710776152,2.8456235416877194,2.8318975389194287,2.8424426978772646,6.045611151781958,144
999,2.6967347235393406,2.7057020139085197,2.711563623967572,2.6874309643770595,2.6748620485039076,2.7030942839615957,2.6903717100810476,2.7003489855224467,6.056293083887499,144
