time_step,region_1_entropy,region_2_entropy,region_3_entropy,region_4_entropy,region_5_entropy,region_6_entropy,region_7_entropy,region_8_entropy,global_entropy,lock_epoch
0,2.5554460994968293,2.5007083869179514,2.554076104060976,2.510845539856632,2.5339291958677452,2.5326578206774837,2.482640550114146,2.5612152324334714,5.595478803290505,134
1,3.199894340855009,3.1281816561987377,3.190416713922111,3.1428076877989333,3.177304623014587,3.171171401591587,3.0936478644631666,3.2058143403583514,5.609815233865972,134
2,3.840669046171134,3.758297433929938,3.825540679803219,3.7708222212868723,3.8265331259521522,3.809299592743416,3.7081011341288126,3.8471727679482917,5.606849415911018,134
3,4.4768135243553475,4.398300252958913,4.457497245038531,4.390760455103721,4.475378176228492,4.440866085554513,4.31866836291001,4.492076360968283,5.61378782980797,134
4,5.109283496720215,5.038498163473262,5.091904794101732,5.007802875903328,5.121529693574622,5.065792469310788,4.932900272186348,5.137766908893998,5.608878736459302,134
5,5.1195221236843595,5.046988145312399,5.0905628514603185,5.0010458315687725,5.139253431790625,5.048944559131992,4.920417209534505,5.152284934535698,5.611663979275467,134
6,5.128350998511582,5.0607217376115905,5.088599781448838,4.994277560482304,5.1488765403848324,5.030608485313602,4.917850359662761,5.170990280716723,5.61684020704716,134
7,5.13719367684717,5.076278860607101,5.091817822186182,4.991318502662708,5.161761629065785,5.0111694489253935,4.9188776388339015,5.184368437286975,5.619205817242375,134
8,5.149015244134537,5.09881081103004,5.092380112573107,4.989031072097872,5.175914769684939,4.996290313683475,4.920028451113553,5.1998991729238435,5.617867107089745,134
9,5.168434118499282,5.116824908309629,5.0880533343328205,4.980448475207082,5.183176220274883,4.9654271144265385,4.921620842983916,5.2120469137949055,5.620906463801511,134
10,5.190274003141775,5.1319638930125775,5.080868713523231,4.9716537979898705,5.176059112987742,4.927751068693271,4.916592103525242,5.231812735460909,5.6269658301225345,134
11,5.210697181069797,5.138648604673234,5.081024550123133,4.978885405290691,5.171041534215693,4.889755598694023,4.918905631702404,5.251339274084846,5.625317171273147,134
12,5.2299774222980355,5.146884895118985,5.082927023164302,4.9892893389779545,5.157931798408656,4.85843051067236,4.918449675997277,5.26813888276232,5.633444382057328,134
13,5.23691903913601,5.158509127041583,5.076279381223132,5.002684010229432,5.149449782969616,4.837419369996597,4.908769144270517,5.281024213518166,5.628839937322639,134
14,5.2427067757895855,5.174658110835781,5.067080556289041,5.013486375551961,5.1402521886344505,4.813724048471772,4.904004481554769,5.2935176833198465,5.637619252364156,134
15,5.238377015711302,5.180224459801855,5.066557118941868,5.029368729498389,5.130665735073918,4.781085969086085,4.897046592190573,5.294638223506465,5.635175680635637,134
16,5.2388540367261065,5.179461672921333,5.06792530011397,5.049499805885333,5.125610494510735,4.742853071872157,4.89689508998131,5.287011225908314,5.632132496093733,134
17,5.234312444026429,5.187797257240868,5.072961848096137,5.081880826958611,5.111749470421914,4.716137171579395,4.894460749925654,5.282995759356953,5.643623875462424,134
18,5.2288418433633925,5.1827233875352725,5.073653032364785,5.124539022718389,5.104556650315994,4.701659593788815,4.895322994986898,5.283355794107115,5.6473968766161295,134
19,5.222392617146492,5.184913331407802,5.062196419385197,5.15989514536773,5.093209361683843,4.696404164428221,4.890268769021861,5.278134322556007,5.647597098654903,134
20,5.222368841113634,5.18464895876024,5.046442238277698,5.194579968104626,5.08983626101022,4.690922443364247,4.886727858191489,5.2809044729992385,5.646769002643609,134
21,5.222479766630508,5.177754891986565,5.035695758955333,5.217383306562952,5.077347383597236,4.685178902864478,4.886746457107875,5.280892636013635,5.653072095145268,134
22,5.224482045681778,5.159623423997506,5.03552368890745,5.248902549616294,5.077227391539536,4.687611343556581,4.884849444755968,5.277737027147438,5.651792459651636,134
23,5.223548687797142,5.141371683994012,5.028775993000991,5.26521706352829,5.0702241494835985,4.698333823626291,4.88438296965935,5.278421626071109,5.663006972399035,134
24,5.216669430913379,5.118500737441803,5.0246594898010075,5.279071073619637,5.068279224373494,4.720332871269835,4.88192816628013,5.277067179557453,5.659763386018003,134
25,5.207033123042971,5.104452333207014,5.022015945845661,5.282961009715868,5.060008488033445,4.745819574592728,4.87592672726349,5.27535645999306,5.671728517592319,134
26,5.19257657136635,5.097874651066473,5.027207151999016,5.281086041855108,5.060277113604775,4.762923708926891,4.866080016868226,5.261012488655257,5.668188189395092,134
27,5.1855232610088065,5.079468731023383,5.043464142579768,5.2782416646924055,5.063697305252239,4.779313855467583,4.858497846463575,5.243172262466939,5.65906783914132,134
28,5.181097866175587,5.061259337898861,5.060730146914327,5.28882854602546,5.066428715267002,4.79336384463963,4.850809486966754,5.21671002447309,5.663717737985102,134
29,5.168470844268162,5.046589460877996,5.078381418334614,5.299870124529832,5.071828675132772,4.808326677987929,4.846249669957019,5.198557091606164,5.667771341018178,134
30,5.155561035753911,5.035288629652902,5.086871986424123,5.300932485868238,5.079794789544421,4.824603821131018,4.828276432233996,5.179647969667242,5.682450369709866,134
31,5.143132022006894,5.032408899486759,5.089635028899607,5.30470069695453,5.0988349759363825,4.84653183042175,4.8058829137663,5.165254484620065,5.6815188705688735,134
32,5.119442465568737,5.03828296459156,5.089516496491385,5.3070561856305725,5.105935389750578,4.8541519364621335,4.795021782761257,5.16607683237215,5.672645994945126,134
33,5.095738443689192,5.027180388916753,5.0819330650800225,5.296153675343134,5.117593680508463,4.861330085549086,4.787664749153141,5.168329358250851,5.681330730543038,134
34,5.078907668922629,5.022702384051971,5.067177046522591,5.283500087916234,5.125743667919926,4.871907804258108,4.781571972453963,5.172870919383501,5.68600824295566,134
35,5.055539074146302,5.020221331420005,5.047780526855203,5.264485932031736,5.134396424054857,4.888316039275622,4.771304756944895,5.1817750360505475,5.689560027569345,134
36,5.029754150204057,5.025102635484456,5.020514300206894,5.2256629617254555,5.146559052654349,4.908065892380425,4.758029089086579,5.194843205705525,5.684163043353516,134
37,5.016704718564843,5.0282984578726,4.993649605476235,5.19480209563806,5.156871787847656,4.9211519556886945,4.748397517595127,5.199032661141347,5.688714784007273,134
38,4.990883382793587,5.037900406518969,4.979816971632873,5.169941202736651,5.162165958385931,4.934371086341142,4.746616745306581,5.203108004556982,5.6976992475788135,134
39,4.980004391161832,5.035694074906441,4.975107297281139,5.151794490030499,5.158616089219954,4.947988675251281,4.744150113891451,5.197671119874361,5.6907899795702885,134
40,4.972371576520376,5.022671065332558,4.982695537419632,5.144978066874613,5.15422328867356,4.969451162708776,4.731283382492983,5.19113012233611,5.702761979199541,134
41,4.961995824422912,5.010915452812489,4.9964078918003025,5.1541592475768425,5.151082122338165,4.984521689913601,4.71593827759115,5.17765649971995,5.693948317703359,134
42,4.955385567762073,5.000702393306341,5.0167496257714514,5.164480508108655,5.146537286101022,5.002434901019549,4.703751056377692,5.168579328739829,5.7031963114418565,134
43,4.960934014026815,4.99700685303176,5.0427317085431635,5.177989616238242,5.135903914282175,5.017957795199196,4.701544225688202,5.153479889292005,5.708978577104916,134
44,4.965940904671847,4.987558356121532,5.083356541532117,5.195581342519088,5.124273365737443,5.029302718433615,4.704471525241438,5.139397865572013,5.707397889519404,134
45,4.969930959299183,4.982958910526416,5.117653426948706,5.212679025528935,5.113202047562746,5.049294613933557,4.701982139677755,5.121419799082182,5.700887202458741,134
46,4.982071592498108,4.974148798057791,5.153455844972644,5.230187591551578,5.096897628134173,5.061503867816924,4.709713826346535,5.1064486138437495,5.706096299433167,134
47,4.986922099975874,4.973999752450666,5.176153211673762,5.244405950909136,5.088007656293164,5.059955771696881,4.720521869906312,5.096721534734703,5.713926695083018,134
48,4.997826605770687,4.9815475319866,5.1925477707217675,5.2424744010479705,5.080078914552414,5.05994960414276,4.746726956837112,5.085237204439087,5.72210574809387,134
49,5.012283639292789,4.994805799484426,5.208469045298986,5.243337078643905,5.082407099747568,5.0566373830177564,4.781621421751879,5.082806637453339,5.721810895663825,134
50,5.018693132585908,5.011331434340091,5.2363089648526895,5.242010103244736,5.085439930524895,5.054269644562937,4.816564185120565,5.075224515743338,5.712831873192992,134
51,5.026057592746081,5.022077493440167,5.259545686205014,5.238947652317807,5.091780793175562,5.05468522182099,4.839126340933193,5.070505129078117,5.715899593748092,134
52,5.036637284558362,5.0344716018311875,5.273949804801815,5.234497476469728,5.093646236924514,5.051641657144211,4.852935403522434,5.064860101830892,5.719368111920925,134
53,5.038758111698136,5.043729448379429,5.290594574269006,5.230294105921454,5.095732001507086,5.050358611254875,4.872287485857208,5.062561030498195,5.722253506917372,134
54,5.042910100814439,5.051497467055547,5.290201833229798,5.213490064237884,5.102874636498916,5.05781841540659,4.882222995765063,5.056983690048082,5.728011532040984,134
55,5.046380099039982,5.059801786331813,5.2993100004227145,5.196325683245668,5.107347453632078,5.0690622993923835,4.889094081013745,5.054953167285127,5.724902197098552,134
56,5.049503138916946,5.066571670556055,5.299451841687746,5.181449053541397,5.120064137997556,5.079603131351566,4.888409925653612,5.052640662196445,5.732378944144667,134
57,5.0550482706977755,5.0686046557888735,5.3075438182664865,5.162410415106725,5.129928501861421,5.08594393788645,4.890915760410953,5.048050873480473,5.724801880994281,134
58,5.067178296812472,5.06520766839237,5.302608430720414,5.141123939333433,5.135663233116697,5.091499541303009,4.893620556949137,5.044730057882572,5.7278552583386295,134
59,5.069107123792165,5.061371974223773,5.306915483016667,5.130235283567559,5.157909089638805,5.088996865506617,4.90542975275877,5.04527914112741,5.742170197046837,134
60,5.0736512423066875,5.052591668303235,5.308839039719003,5.122845829702319,5.180448206308552,5.100364836871819,4.913660147806996,5.046047105229911,5.7332941847928325,134
61,5.092541943389336,5.038615289523845,5.310794649837948,5.110901497077867,5.20731245380828,5.10516236984109,4.907851670666495,5.045785484011367,5.74162809941714,134
62,5.114093845206381,5.019586461405552,5.3128570896832725,5.103787852888611,5.224776551125292,5.102556285599548,4.906302741671256,5.039319907319102,5.735742257882572,134
63,5.124698649581305,5.007279648319504,5.302519972921611,5.102950007771953,5.248253990318564,5.092726074124828,4.9051612361287,5.038462147111923,5.750091146536357,134
64,5.1363817949909105,4.990853338650507,5.296633822408116,5.107565253888436,5.265572451222336,5.0890195149843365,4.904613720270878,5.047479000551126,5.747426555334368,134
65,5.142074905111702,4.971677625147061,5.289085160925598,5.122310441765004,5.280206257135966,5.095823119390809,4.901336422042411,5.0581914822794944,5.742159118835865,134
66,5.141376031324835,4.955556371621718,5.280669160982478,5.137307022717823,5.2953111356580855,5.104215168543429,4.904852903634448,5.059812926871891,5.745909264661897,134
67,5.148511700786127,4.938214752608518,5.261018243641413,5.145812249416742,5.292241536873458,5.112281368908349,4.906893853633282,5.061017214233928,5.750636227748232,134
68,5.149372961851394,4.923133856521627,5.242326638263713,5.1498097112748695,5.29228660769681,5.113312597193272,4.918384124035035,5.058276001101534,5.749236990893051,134
69,5.1415818954092085,4.9168736427177135,5.218863726967771,5.161537238366521,5.278287445042634,5.121664022086987,4.944571740211509,5.063516095351627,5.755357261834932,134
70,5.136266031219324,4.91910859183824,5.200649674138405,5.184604320807864,5.268915477631429,5.125658797977788,4.973367841823561,5.068315093467991,5.753898862212708,134
71,5.140730239414764,4.912533540504485,5.191768763062921,5.197932458496125,5.247561793107547,5.134613472406535,4.999246755522008,5.061154212368894,5.751421156291958,134
72,5.144628381378974,4.9162308577209695,5.193103843418376,5.205388115311353,5.225782898820342,5.134149362659018,5.016301983277765,5.0531868526559665,5.756234389386722,134
73,5.144101221845162,4.933969575228764,5.188167294281172,5.205555122590068,5.214092193444766,5.126211152574637,5.030709688717479,5.037168204914105,5.754478752553616,134
74,5.152307944173816,4.953783131483033,5.176695513262184,5.215469099091933,5.21096017336834,5.121248450581283,5.036553936087158,5.027940394243312,5.7622836650788765,134
75,5.152849224691612,4.972414000141999,5.175111645330251,5.227536796414619,5.211567654287411,5.111005464651166,5.048419719175261,5.02156021364885,5.762838109048354,134
76,5.152371500501686,4.986100363683373,5.178504070268902,5.244337687243372,5.214015093083655,5.099723992265968,5.059204739651513,5.019689324805657,5.7646992162198245,134
77,5.141800843484731,4.995895186044612,5.192039776478539,5.257425088099344,5.230282205338759,5.078847215116009,5.057789211934258,5.015195646442381,5.766270331917598,134
78,5.11927039439268,5.005822679872716,5.198990698243988,5.260904369798177,5.250503186564348,5.070537924429683,5.056524924075784,5.021157352008348,5.771819501358298,134
79,5.0983625131795955,5.007117010360583,5.202881991918921,5.264626492931303,5.280831120382889,5.068687964650439,5.057085414872347,5.028553179903921,5.7669121814552815,134
80,5.076402801297236,5.0000089403921795,5.1893517788772,5.26336840347827,5.302676346049427,5.063607177241356,5.060921267244063,5.026074315719323,5.776286374234595,134
81,5.067677773790512,4.979969722241464,5.173854931178682,5.267226436221133,5.315308819986673,5.069268236355252,5.0711637567034975,5.025484330283003,5.766909740543893,134
82,5.06518576647388,4.958838989610279,5.168466614705957,5.2685075695212,5.320069695567522,5.0666306584090535,5.088051372440376,5.028275300938661,5.775831642966596,134
83,5.066555216198009,4.949578367364222,5.1566351578728495,5.272036020974883,5.327024108465884,5.077123001400231,5.095014188088576,5.0245630782897654,5.767400843007835,134
84,5.06520768323407,4.9407384469141,5.1411338221195955,5.274161149218062,5.3233180689068655,5.0873037792995,5.09636050277771,5.017503288164416,5.781153885464015,134
85,5.065991160407543,4.936618093076341,5.132968751539193,5.285870134120733,5.321152519101727,5.101404695888354,5.103971184828176,5.017115065680313,5.787009002620488,134
86,5.058979942374711,4.934925576274725,5.1253385795590045,5.28395341792935,5.318448959915648,5.112421029967568,5.101132306245585,5.0152522184654424,5.789537437094629,134
87,5.056730487818958,4.935717648532561,5.120957949818185,5.285124889194964,5.3118256195930025,5.122424215030419,5.093294292961325,5.02696199965834,5.787852640786165,134
88,5.0514529317146835,4.942484131035523,5.117841631306598,5.29063121590165,5.315752043666791,5.135283567213651,5.084316775214281,5.044804060620827,5.785230420080576,134
89,5.032482250131727,4.956174731781886,5.112228691532723,5.284388160343312,5.3112279517127865,5.141037704117342,5.0708341001660475,5.063104119619794,5.789373211473126,134
90,4.995418256231158,4.9628646656724795,5.105741868837378,5.267176085950953,5.31207352695723,5.143736701609775,5.043251700642566,5.080543615732263,5.786832247434087,134
91,4.954697118512708,4.960499203083157,5.103369376409887,5.251235543704526,5.304193591915807,5.145347683559206,5.021044238768751,5.100289670203627,5.788823786568752,134
92,4.921140856277696,4.953940002656712,5.09445143924749,5.2347042844000615,5.297976164190699,5.148778740820515,5.001030903956864,5.122001806246861,5.796214765759398,134
93,4.901512212634196,4.946411189084367,5.081740451058964,5.1963847547480375,5.2869585812124065,5.155671247726422,4.9771649737619565,5.1284747589214765,5.790313343498071,134
94,4.891747496312009,4.946685247304685,5.072473691687705,5.178335571911652,5.276070937505696,5.153273098070454,4.964908814748112,5.133729103941288,5.792290151300346,134
95,4.875665012445727,4.95425142968519,5.0647098597261975,5.168879179655263,5.270272092787545,5.150151310822853,4.956896857007101,5.120018243956499,5.794284922120272,134
96,4.8669587227293745,4.962082582688101,5.063304636304797,5.167034895340738,5.265813307234267,5.149022186514818,4.949778890289184,5.104218393858816,5.786035941906822,134
97,4.858533456972996,4.963180588171527,5.0699875651508854,5.175160539974887,5.265948896947877,5.148577916249954,4.936489059563811,5.092075098659142,5.795982749688188,134
98,4.86165957097983,4.962766425285605,5.071881060280547,5.19469893921157,5.257805094630031,5.14897210965555,4.913568736598458,5.083934300518839,5.7937072637528875,134
99,4.870114784462423,4.965715128934224,5.074106400172372,5.209581420267987,5.252136394484126,5.146217628383926,4.886925721887882,5.0822303815377925,5.8049741776161845,134
100,4.872183876707264,4.9845098898570495,5.07928657846832,5.226624052370064,5.260643364665568,5.144200292097005,4.8696001115623435,5.08296567109476,5.797881080831922,134
101,4.87116279966802,5.004513746297853,5.077734563839143,5.2546606510571205,5.266740120383039,5.127483584362867,4.859687490163118,5.0957842223440935,5.815731936634614,134
102,4.881264001805158,5.01472572915259,5.083511670497865,5.277245548651372,5.273126167571231,5.112368842804063,4.848874972020156,5.104837030604073,5.8059137453411465,134
103,4.890561275237959,5.025432537267496,5.088676218199436,5.2900499378440715,5.271219452866167,5.099668827819653,4.839191895745964,5.116879589127824,5.802199456152077,134
104,4.892879062141848,5.02718790543803,5.087564854716718,5.2937218678036855,5.273525673848905,5.0867890519562,4.830616519834693,5.123311295129199,5.8107751240571215,134
105,4.907202870933592,5.035752217946907,5.0725913623354035,5.286848037230163,5.282885494598043,5.080873557453849,4.832219162597939,5.122381964335135,5.805006757900854,134
106,4.9180815201777275,5.035881535000678,5.060498128924543,5.27524287612447,5.304949880279436,5.078017125654997,4.8549983926122815,5.1163333166733285,5.807597079213476,134
107,4.931297751368782,5.0374544597286715,5.04441486436824,5.2574845397154215,5.33885917706016,5.0718498099048865,4.879788787035851,5.105262531935107,5.813250425497567,134
108,4.944474616808723,5.031519171557829,5.040276531423587,5.2386529150136845,5.374693116980701,5.067716582601559,4.894838849712868,5.0815473369038004,5.807312757405944,134
109,4.960113418573929,5.02342893202671,5.046417242053576,5.224152183123582,5.403065100508675,5.0763135292279475,4.914354696816607,5.06113875020722,5.816572435439887,134
110,4.966353420758312,5.016260847130071,5.052804170454256,5.2202781283571635,5.428018647979148,5.101567240137203,4.929370123078625,5.037700021682562,5.8185718798646,134
111,4.980427653838822,4.997485501422437,5.055470931851949,5.216215079200828,5.454398486934883,5.126520608557701,4.947701264689289,5.02212121362268,5.815853890337962,134
112,4.996470870201742,4.987191101037622,5.061440762416979,5.212886573856049,5.469543929888769,5.152856349500192,4.9687379342939435,5.009125270210295,5.8203666639721945,134
113,5.007206082364469,4.968780544278268,5.078008883084959,5.2050305660272365,5.482094098103196,5.177253538235767,4.9836223809288045,5.007224580344893,5.821163008520311,134
114,5.01514013945435,4.960127772730562,5.094773441637649,5.191880281570387,5.490486020604178,5.197970005687512,4.986434468840516,5.010982454510266,5.823812761041135,134
115,5.027666378204697,4.955611445913616,5.106245046994472,5.174039925679655,5.487756544888614,5.221290905018927,4.985422364094809,5.0247598169766245,5.818452748054945,134
116,5.049545615797982,4.954858337740088,5.113052885749091,5.158655245922657,5.470510717383872,5.2395574566651035,4.983450148474556,5.045990758912802,5.833780733490076,134
117,5.070963767315251,4.9553550687813,5.1153092690206385,5.131352099853899,5.460655534531919,5.253703473694003,4.968805804822024,5.065761013788855,5.823449767990158,134
118,5.093212030055702,4.954166185010298,5.106611087811965,5.091515075878061,5.456767864916394,5.255340281860556,4.954691923344541,5.082367396774888,5.829897972571847,134
119,5.106604927194353,4.962779998107592,5.091413303266704,5.047788239183849,5.460682173739018,5.255659790668943,4.9412423813777915,5.097133260976769,5.829350421205108,134
120,5.122271892588704,4.965290181705075,5.086186053450217,4.996936281406778,5.4598018761153355,5.250911336434748,4.92512633047036,5.1110139848363385,5.828292781083494,134
121,5.135647833389579,4.974226905439764,5.082635384011773,4.949324213993529,5.455518752129967,5.245002528923559,4.909854876692284,5.116312854572338,5.8411745042039716,134
122,5.14798452861972,4.990402940928393,5.082320504203053,4.898345387862248,5.446549085167009,5.2401989489892875,4.903468660096888,5.114021920941546,5.820709529680065,134
123,5.1488035620292605,5.003194712084935,5.086733422311809,4.860615608924241,5.439772541428217,5.235081116116246,4.909297283445843,5.110359415493818,5.83934430033715,134
124,5.1415788853399125,5.008302159343901,5.093228991532616,4.82056818695869,5.4418323301042255,5.228079733720797,4.920504043892253,5.100313313560321,5.821403869500766,134
125,5.1308535589694975,5.0096143962711785,5.092471063650426,4.787781401831621,5.4406273860369,5.226161268244445,4.9442086095888005,5.093740118033481,5.836860538060427,134
126,5.120063016081394,5.012156544020457,5.10038477839393,4.757565206976974,5.436153059709765,5.2222494518158085,4.964236136759151,5.089503178221136,5.831278110991817,134
127,5.109736098938069,5.008892542949051,5.120479032719714,4.737534036134477,5.430766517345215,5.2176475866047625,4.979862324515143,5.081841296858677,5.848260631917351,134
128,5.0942322704951355,5.007636439913216,5.129341010943216,4.720442094428873,5.430850796846273,5.220905172106343,4.992668863414901,5.068046074174997,5.841329742018331,134
129,5.078110248977374,4.9975090418787715,5.14292397891785,4.707272115509672,5.427598179068507,5.222961324127936,4.998112567314957,5.04813473551169,5.84022584365678,134
130,5.065519198431744,4.987640778927066,5.1490171320349205,4.697822703567002,5.428476714461467,5.2263893699643,4.997398402368397,5.042063119576714,5.841948609813523,134
131,4.427638961447371,4.353975214856467,4.511387151578135,4.107882428362924,4.750623299281159,4.572631790501483,4.373630751178462,4.402862219983969,5.8437154600014765,134
132,3.7906118814256455,3.724548011628409,3.8692522246349057,3.519064116241464,4.071562654318747,3.9225668469103745,3.7488257106691663,3.771709889670497,5.8511864167372485,134
133,3.1551527704142597,3.100208038121818,3.229573959605081,2.929816621946478,3.3956742710319974,3.2695319141987484,3.116400253824155,3.1308491018897824,5.846866411471833,134
134,2.5270727258765238,2.466052170296421,2.5900019901906144,2.3769160835621292,2.6195912187056476,2.643852053922673,2.485340915889667,2.5624623239664164,5.855474328163626,134
135,2.6686641262025965,2.603717873273862,2.7319184033967048,2.509288493969545,2.7641694373094925,2.7908606463540693,2.626208995267458,2.7044097941322383,5.859542439795025,134
136,2.810090371264988,2.7422716493643673,2.8733675727037005,2.6428762983045946,2.908012753506119,2.937357279135777,2.7654974324569617,2.846682673463507,5.846913999745411,134
137,2.95176057361628,2.8812701496059563,3.0134935134204195,2.7770265973163677,3.053162974490389,3.0850520340969236,2.9052341712251577,2.9875873277259974,5.850774696590516,134
138,3.0923123558867553,3.0192654556983927,3.153892255364921,2.91118963016957,3.197975862058753,3.2328480702007285,3.043601068832916,3.1292252044720126,5.849097506237251,134
139,3.231758749890422,3.159006274796744,3.293321486535577,3.044793951904235,3.342669141313089,3.381480989748237,3.180916504630525,3.272273833976943,5.856556943603752,134
140,3.371807426898763,3.2983374316449954,3.4325060664783655,3.1801721867629125,3.487351129726034,3.52966788336274,3.316199673414697,3.415974101769305,5.8624057245187124,134
141,3.5117170113159757,3.4369358230052085,3.5695150756835585,3.317330508125304,3.631510521772894,3.6770651168027113,3.450435711215666,3.5589225055777103,5.852849870907049,134
142,3.652219333471975,3.575624296565585,3.706385018477315,3.45516593340224,3.7745032595871457,3.8240265852022866,3.584825250908499,3.7006926214921196,5.853551349616401,134
143,3.7913493864998307,3.7125528361415943,3.8416003136977173,3.5937579496636363,3.916396741284576,3.97048164141514,3.718671991590462,3.8430150001141437,5.8551408600362,134
144,3.930670015336993,3.851118392114232,3.9783207332391006,3.7319930145732676,4.060095616812945,4.118310260906817,3.8541485120542216,3.9852994919346116,5.8623887156666115,134
145,4.070868792576077,3.992047973930359,4.114627717173505,3.87027742885696,4.203793053897699,4.2663780316544475,3.9898696440836146,4.129364248240723,5.8554789285177185,134
146,4.210422618929623,4.132110609328138,4.2515470392506,4.008574375419158,4.347281122283091,4.414171072131343,4.125715802164539,4.27277966036463,5.8570625675444505,134
147,4.350932471686555,4.274450251377309,4.391379716496073,4.145597737329142,4.491545036406729,4.562704321582309,4.26176232941333,4.416060556856721,5.8662159064003445,134
148,4.491435681810638,4.41690953024945,4.531344908802345,4.28338084900223,4.637082116993934,4.709604103358381,4.399583381792343,4.5592654588991515,5.866648299478478,134
149,4.63286341091035,4.558525312744177,4.672339616883731,4.422427398373704,4.78234484719407,4.856258476566777,4.5362830325189485,4.702734873075,5.858277549886486,134
150,4.773921403929382,4.699750466142522,4.812929919154252,4.562118994310877,4.928019829808172,5.003147878281014,4.67317595945449,4.84599695607155,5.866687511705228,134
151,4.91457807659493,4.841167006958354,4.952959522312819,4.699821440629616,5.074927917075525,5.149254875215143,4.810098505606078,4.989976525402929,5.876826313742643,134
152,5.053662289732112,4.982279295036674,5.09388304692793,4.838288373311501,5.222053782183629,5.294796943070525,4.947253273060067,5.133130716020595,5.8598292183367455,134
153,5.053483767808611,4.984064790911061,5.090911331018409,4.84940519069912,5.21990247669018,5.294016530976084,4.947514604520821,5.13795085428235,5.862097830721819,134
154,5.053050802762051,4.985483240724285,5.088915378002213,4.859715863075676,5.219422567999052,5.2934100135617115,4.95059584111331,5.140349273324764,5.875804287436559,134
155,5.052694346115226,4.985642618484322,5.085239244987539,4.8708479501199475,5.219873794493861,5.291895526888066,4.951840012572934,5.142085726927013,5.872363890055804,134
156,5.051901073797502,4.986273635881751,5.080769218106086,4.88330512580094,5.221362021811428,5.291504142732961,4.953013629092592,5.14404413555714,5.879431953430446,134
157,5.051087760667535,4.986897598277371,5.075426809574288,4.896908689769104,5.22285077512223,5.292078564128915,4.952737604672909,5.142266690558115,5.878746119748019,134
158,5.049594224184539,4.986782935476278,5.071421079639832,4.9074465101723055,5.224786503960872,5.293119271364606,4.950002551296188,5.138841059404468,5.880909944873493,134
159,5.0476130315553505,4.98672737662898,5.0672446628686005,4.917304383718289,5.227198895884704,5.293007045563225,4.945528193972847,5.135584101441477,5.868517635646467,134
160,5.043785581643638,4.987714638811146,5.063814806865084,4.925948082663138,5.228527165232949,5.290983154599158,4.943355564424647,5.134566815174434,5.870173626412299,134
161,5.041862307800912,4.99003887423405,5.060494282850646,4.935147608796151,5.229251744132178,5.287714186846925,4.941576056132826,5.133648337407729,5.873945791527705,134
162,5.039494063630086,4.991438160696643,5.056727360987592,4.943054893663479,5.2294504443292595,5.281747328494677,4.942161559162319,5.131881870222911,5.8685708917356445,134
163,5.036605301143221,4.99303424266163,5.05339958572966,4.9494610133981745,5.228894227083694,5.278234142664269,4.941596525614848,5.131443721306239,5.890799487118479,134
164,5.03427292451617,4.994377571045035,5.050889665009068,4.956087982735691,5.229693630582583,5.273516810562336,4.941986091513236,5.1307302905579535,5.87370463345763,134
165,5.032144431968779,4.996940525566026,5.047793717384726,4.962382960932776,5.22989918642509,5.26681044046946,4.943370969778714,5.1304425719639655,5.884106023129669,134
166,5.029436153602694,4.999931635192725,5.044887112252855,4.96836766042326,5.231419198634321,5.260355570934792,4.942765029493843,5.130658963291762,5.88131920818204,134
167,5.026232312599601,5.0022981472812,5.043988108512066,4.975319029015022,5.231672482291986,5.253946197821815,4.9435624222676005,5.131889588017398,5.885750148879665,134
168,5.024240973273221,5.002898325401425,5.042813931472378,4.983129962017659,5.232806996538933,5.247898225356874,4.9443152713724166,5.1325059431483995,5.8851280428628465,134
169,5.02136865267644,5.0030280565456975,5.042666056918926,4.990948359368851,5.232714285582421,5.244052177554412,4.943402764681069,5.1323658517626125,5.896137221803523,134
170,5.0183641324417785,5.002142683576601,5.044154599674969,5.001741557726893,5.232274904843559,5.23981897785278,4.941844535153171,5.1330930175119125,5.893173035136084,134
171,5.016003970137625,5.00071877279098,5.047365516701728,5.012295589289621,5.233411239977955,5.233034445817269,4.941108382724844,5.1350134430752625,5.881989318263677,134
172,5.013363645641771,4.997705061660699,5.051485899369432,5.020506080100998,5.2359841640433755,5.227377822035836,4.942109551470299,5.137625677118541,5.8951770616850085,134
173,5.010415907575485,4.994100047129422,5.057377656152529,5.029136583270762,5.236595433390686,5.2211563988772705,4.942755996599061,5.141144818771814,5.887961736761292,134
174,5.008030660132037,4.990069677490521,5.0629279534462786,5.038500847021405,5.237225641962128,5.214420507383162,4.9442297434189015,5.142969144188422,5.8953811926317705,134
175,5.007792544628318,4.984751556643467,5.068944635921593,5.048033344082446,5.238987159038087,5.206042913347532,4.945881400288924,5.14363107231495,5.886653925430724,134
176,5.008504234517194,4.979689621634286,5.075011628965383,5.056845550644997,5.239509474772046,5.198364788860278,4.950478721131743,5.142771785172167,5.8865108099984695,134
177,5.0096304901210145,4.976266662939331,5.082355794373935,5.064641013677173,5.240178343833252,5.192636722033109,4.95623887340104,5.143326054801571,5.89441724518749,134
178,5.009225059493229,4.97246992738735,5.090377846856619,5.071850122539827,5.241583499158162,5.186626636143525,4.962111097547134,5.14712711091082,5.894793649793356,134
179,5.01129502158707,4.971861606627103,5.099736208930788,5.079293219769744,5.2427416793279775,5.181408466172587,4.968485680483072,5.149229705082104,5.895374805724819,134
180,5.011825937625205,4.969561615332742,5.107391399817502,5.086631651838321,5.242152205776565,5.173422884085837,4.972924898537219,5.1507657184336955,5.8945662256831355,134
181,5.011709423407543,4.9641760313525225,5.115101090813451,5.093910384916134,5.241096980062284,5.164068039448587,4.978401064630246,5.151039122731429,5.893556890006813,134
182,5.012887088467657,4.960428478266046,5.122913981022808,5.1014258247429485,5.239299052614241,5.154513011035743,4.983359496936325,5.151235499410717,5.899266994785872,134
183,5.01432460591544,4.954522411256276,5.128746968687098,5.109668471076972,5.236595680884526,5.144298795035446,4.987880910906032,5.1497708689055015,5.902203526542598,134
184,5.014852940406223,4.948660566093611,5.134700702906542,5.117503427461035,5.232545436575855,5.136886490432416,4.989207184161414,5.1486514051293915,5.901781616611497,134
185,5.0129302063304415,4.942471750518791,5.137641443956262,5.125040810371239,5.228539154798526,5.12918751739792,4.991091691547959,5.146824685644079,5.894362813465392,134
186,5.011429186370349,4.937647649938938,5.139422804746813,5.132936858339977,5.223375275508319,5.122573824721446,4.9935198657134645,5.145261540454401,5.903139313103768,134
187,5.010552608184964,4.932486234017318,5.1399882255931075,5.1411005340995635,5.217521455438347,5.116319233447693,4.996286681220191,5.142571921888994,5.896544774039389,134
188,5.011380652098616,4.928314508080781,5.137775734570469,5.149232744402848,5.21184065697752,5.110168858635066,4.999394023916006,5.140525549798212,5.906048857972439,134
189,5.012647212623485,4.9267677518111554,5.135039665781017,5.155724755251802,5.204315090170853,5.105363877701799,5.002396250431756,5.139004634481557,5.903171170446744,134
190,5.016144622422386,4.926725217841723,5.132015673979312,5.163898312580301,5.197454984791163,5.100265584987278,5.0064053217604965,5.1386299355671365,5.903238516777957,134
191,5.017310466279042,4.927468097275929,5.129629651924005,5.171545052836981,5.190850816948283,5.094552662567433,5.012238709046876,5.13689429606187,5.907543398971541,134
192,5.020177570643994,4.929216586083509,5.128760463080027,5.177165020461423,5.182943664640337,5.0893215708549935,5.017984906142364,5.134617614112133,5.901662265285333,134
193,5.022632315923799,4.93080446451834,5.128894107498095,5.183521080228864,5.175854696003571,5.082754367510592,5.024774928161141,5.132923292458495,5.918677827068565,134
194,5.026094107734339,4.93278089606911,5.1299991538226255,5.193544566937959,5.168791757701563,5.075884683693234,5.031232032829964,5.132889666327667,5.908940561807424,134
195,5.027837506747206,4.934834449562249,5.129257874216527,5.202636960928004,5.161634749754326,5.069145698526983,5.0379272320488555,5.132970223546138,5.90899378142896,134
196,5.029510826381388,4.9353070403555845,5.126385687178752,5.2098067709401565,5.153145350631249,5.0623371875247525,5.04410494442156,5.131181506159629,5.914212353376474,134
197,5.029673566935508,4.935192004049908,5.121307581885288,5.217567966854938,5.146337772570008,5.05559462993585,5.050194850140044,5.127705519165481,5.910937418498335,134
198,5.031214198131966,4.9343448445321645,5.118252303612469,5.222571373247655,5.141343166167979,5.05029127281666,5.054897650590847,5.124796255592207,5.913290027008043,134
199,5.034226984646116,4.932622955632938,5.113702057512477,5.2282063380172765,5.137665627332842,5.044437613765613,5.060048958529789,5.121136512103846,5.908500176193266,134
200,5.038470850002539,4.931377641294206,5.109446839611548,5.231954009822022,5.133679440300966,5.041083781417564,5.0647599706789395,5.117173786803306,5.9181973930163885,134
201,5.042278397653041,4.928889775381094,5.1056296574469355,5.234909559448637,5.130189801262174,5.040542766801636,5.068821252672677,5.111515764403668,5.917845633566759,134
202,5.0471431932836035,4.926413571259276,5.101654415560222,5.238239666721341,5.126712131970049,5.041140779862779,5.072799521268747,5.104535393200585,5.9202248092903895,134
203,5.0519512189343585,4.924692090792404,5.096752156770872,5.2409672486886905,5.123770376352604,5.041000260331174,5.0765531043313805,5.097736763994035,5.916827042739676,134
204,5.056635961487307,4.923349669018656,5.092832998468871,5.243845984817204,5.118883973175404,5.040617051819522,5.079585281832435,5.092785291823388,5.918683913679529,134
205,5.060939812803223,4.923422584550494,5.089592384464852,5.245539682820224,5.1154212453889,5.038685029579414,5.083177177548821,5.088973103179475,5.9220676828199075,134
206,5.065355872537331,4.923321153177831,5.086183229924871,5.245063523309067,5.112374203354355,5.038228028300303,5.087961941815074,5.084112488902524,5.908868799535695,134
207,5.069172600599327,4.923347372665917,5.082298191263543,5.244525372311395,5.108530394797233,5.0408731394971245,5.091976132485662,5.079813165230966,5.924722768444918,134
208,5.072931151677812,4.924364027578861,5.078437729096964,5.246497049594111,5.102973378070712,5.042881194157912,5.09490594776054,5.0742008340241345,5.92494823094671,134
209,5.077456507839937,4.9245488699109625,5.074568702613034,5.24723582965556,5.097350852817818,5.0446029656147395,5.0970590786532,5.0697296766707165,5.912970300722483,134
210,5.083106531932321,4.927178213000384,5.070660957630308,5.246971087035753,5.091946784352011,5.047239773449377,5.0983428800771105,5.066990377251015,5.920042378825042,134
211,5.087367653482609,4.930418450846391,5.067637309618057,5.247063923697063,5.085242763338277,5.050238384615208,5.09968313767081,5.06282180123654,5.9174817665440855,134
212,5.090350347714751,4.934626384154756,5.0641860823507105,5.24445656040532,5.0800998207792,5.052164220216461,5.100553841914151,5.059565280959696,5.9251690474898,134
213,5.092901948332958,4.938021542886745,5.060617698662594,5.2423243305666105,5.074329929509821,5.0521897762059975,5.101557345437647,5.056024221901863,5.924720564487481,134
214,5.094714788853388,4.9423342462687625,5.057270260542376,5.239738722811753,5.070114950733541,5.0527601286299895,5.102818889798098,5.05034735623607,5.9272504245682525,134
215,5.0955197949243844,4.945110528940448,5.053233450449299,5.236206339571629,5.067521889548313,5.052262114122911,5.104407090253521,5.04597132945617,5.929742872664338,134
216,5.097137584948712,4.9489651123780005,5.048920755545082,5.23247282488718,5.06384018207593,5.053234071993093,5.107353423566044,5.0415998051767295,5.9315394527906316,134
217,5.0975376115795275,4.954986441630052,5.0456778611619715,5.2284097034442345,5.0611670674183245,5.05642632814741,5.109834075271928,5.0352857909888575,5.932422665575937,134
218,5.096780477092802,4.9619399560887985,5.042051683145495,5.223898791726296,5.058437976130671,5.059357264350697,5.1129062107818175,5.029074975880213,5.9180627990634065,134
219,5.0939600327548025,4.969789722486809,5.037638739989699,5.219745341734799,5.0551703780660855,5.061774793028526,5.115526056094213,5.025759774065477,5.93241839219515,134
220,5.09359085150772,4.976881528959418,5.033713610985997,5.215893894892103,5.051898518437158,5.064352596014226,5.119290247520535,5.022134963664363,5.935388786900941,134
221,5.095262948841781,4.985812598886326,5.03121417787823,5.210049205320889,5.049390909911188,5.068023571643055,5.123254084631861,5.019287372618063,5.925654005084237,134
222,5.097300456237669,4.994198700773795,5.02993262389597,5.202612279669594,5.048163226981429,5.070352849314853,5.127107946354715,5.015475194278828,5.927200926067286,134
223,5.099135529558873,5.002918867173615,5.030496116148827,5.197194064561717,5.046122246010986,5.0732641488825285,5.1317585839154685,5.012402546352287,5.935709744298184,134
224,5.100089911538399,5.010634592560258,5.033620741271753,5.191044582176577,5.043987411664295,5.075350745626495,5.135036554643062,5.009053436283516,5.929559204205377,134
225,5.100241182909665,5.0177534327293944,5.036826068184939,5.18462145923032,5.043569944642805,5.077547799783328,5.138515037126174,5.004519665907418,5.930951529463483,134
226,5.099005624054676,5.023555057182181,5.041069853400632,5.17776478247316,5.043967871621813,5.07967306697217,5.141797013829064,5.000887871516659,5.928256811564064,134
227,5.099268060322562,5.02751540860058,5.045528762367816,5.172595163382674,5.044295128294858,5.081637144005265,5.144361043115956,4.998646200678758,5.933670912395216,134
228,5.09896615755104,5.03046468065839,5.048341009968926,5.166860391276872,5.045853712913807,5.083796895057633,5.146941709186567,4.998565317119493,5.927622450767068,134
229,5.098707293981734,5.032486132733653,5.050094933746094,5.160513297999895,5.046793206855758,5.086741391033533,5.1486575451495735,5.000391564398307,5.92813783914755,134
230,5.097841743094134,5.03524266173222,5.050518385997904,5.152805862153784,5.0481368588738915,5.089002699832399,5.15003391824487,5.00234011572109,5.936643529507701,134
231,5.099422322630486,5.038689292215018,5.052554506366625,5.144960532069985,5.049907997970919,5.091346042624588,5.151547917309088,5.005665920540297,5.928381476672217,134
232,5.101994360408309,5.042894600319007,5.055381994700482,5.140069263901422,5.052921389806717,5.094651685569829,5.152531117536491,5.00758976665961,5.939968421014885,134
233,5.105093755121571,5.047419783351186,5.058616017175751,5.134416538298046,5.055654373161795,5.097989163947158,5.154518649042464,5.008965069723202,5.941509519105064,134
234,5.1077024934371815,5.0529090658051325,5.061117972818588,5.131238738472194,5.057676157970953,5.1007137374580545,5.155710380382385,5.011080571378872,5.941966033275164,134
235,5.110327830968089,5.058008475973448,5.065790175079343,5.1292309950261625,5.057538295907284,5.104653628382612,5.157047448911349,5.014509973644472,5.934988367402225,134
236,5.111672791973937,5.063974499086319,5.070603806143533,5.127166808986027,5.0582480007288595,5.1074265924668305,5.158985372555133,5.01747030328576,5.947525913189651,134
237,5.11373673479201,5.069895361387381,5.074346836717121,5.126407874654072,5.058874737463096,5.108602306903993,5.1609765665248855,5.0219522211622944,5.948380689099925,134
238,5.114334669112871,5.0767831982626905,5.077704671492462,5.127587172863773,5.057651233469983,5.10875703313103,5.161965251550198,5.027120784954825,5.946068599269931,134
239,5.11367130289864,5.083133076750878,5.080666965146046,5.129651687072348,5.056847246031707,5.1081387283207045,5.162399819675834,5.032100352513526,5.933868341917708,134
240,5.112184380937834,5.090024819424624,5.083972457240919,5.132093868325042,5.056696352247311,5.107657454642608,5.16342621079098,5.035461950021865,5.940967673656983,134
241,5.11268674400246,5.096236247020094,5.086678200110574,5.136115006915733,5.055905556764504,5.107902391083585,5.164369796147692,5.0371569074006715,5.948850038578375,134
242,5.114238712871141,5.10218373722411,5.0884702344324495,5.140575650511144,5.055342328901536,5.107014607611592,5.164580757663613,5.0387708126105,5.939871140105641,134
243,5.114103514817044,5.10781751461761,5.089807055360561,5.144960480251297,5.054866639082097,5.10507015547319,5.164483306870584,5.041150332782522,5.944409723753205,134
244,5.114350605648566,5.112459153418611,5.0914992868117395,5.146620451532519,5.0551417237382505,5.103219309198449,5.16525007692351,5.043724023963934,5.938814741055692,134
245,5.112897920980474,5.117369944273114,5.093044371598199,5.1490683866945925,5.055401553517395,5.100907203722991,5.166265309748312,5.0460045743502615,5.955687349962756,134
246,5.111822498178567,5.121016196727625,5.094342970797429,5.15250514024925,5.05492826423715,5.097750733370492,5.168925079939649,5.046380341029833,5.949027136444305,134
247,5.110523578329431,5.1232648130120095,5.095635496204974,5.154202180249934,5.055153973159893,5.094262590879871,5.1720671637828035,5.049259894654988,5.949354273386825,134
248,5.107965990117989,5.125089896769492,5.097837077576335,5.157583763265382,5.055196350756431,5.091219245010574,5.173903574745944,5.053363324056071,5.946834632208026,134
249,5.105640841239123,5.126911201761604,5.10144246032956,5.159138041698889,5.055871015483726,5.089415588305739,5.176363667908498,5.057774295810251,5.9473835396040675,134
250,5.104280970610404,5.129021348784588,5.104320528372282,5.161771354123339,5.056243234421441,5.0881466211785575,5.178803259755484,5.062344310502379,5.9453121934927795,134
251,5.103313911510479,5.131743154477048,5.107752369631839,5.164858589698355,5.056834211217745,5.087014165710276,5.181334147537575,5.066010127421636,5.9499819541829595,134
252,5.101624373456448,5.133973957629505,5.111357799247626,5.168963901363804,5.060161033756487,5.085407286189997,5.183455032989512,5.069811211517469,5.957393185135846,134
253,5.099707628613146,5.134403488636792,5.114443359347035,5.172878138085418,5.0628877582565295,5.08301436419028,5.1847095049314795,5.07394050575824,5.945230298443158,134
254,5.098161254579035,5.133086939647862,5.116862058710247,5.17655572790874,5.067280488092422,5.081773854815453,5.185617115350052,5.078982598109716,5.944979159878574,134
255,5.0960829638232115,5.131907893612074,5.118894796195997,5.1795343031666565,5.071755065186227,5.080964887158926,5.18704691583595,5.081752282249974,5.945654878005468,134
256,5.093219742525983,5.131435682234731,5.120135522915948,5.182699952125105,5.076200471108201,5.079212772048798,5.189381285521295,5.083788610629113,5.954884843821104,134
257,5.090679182826122,5.1289287372898595,5.121548955159424,5.187617080980031,5.081332965815303,5.07749241844296,5.193541269419817,5.0852721352602375,5.958098074098796,134
258,5.087927398747889,5.125817467088229,5.123759276412861,5.1933182285133075,5.08536162849807,5.076837245170125,5.197335124581728,5.087853320396066,5.95714416329133,134
259,5.086860907804654,5.123606404097938,5.125375236189484,5.198411092319544,5.090540258309792,5.07703335648794,5.200060977146353,5.089651593647336,5.9496763201722755,134
260,5.086716347288029,5.122457058544853,5.126838028010093,5.202404766943688,5.094440752319953,5.0777623794999185,5.204490547929037,5.0904766950010645,5.9513275554900265,134
261,5.086495873851852,5.121048144331313,5.128755574230794,5.205523498431397,5.096875754351258,5.0776224437543735,5.207895483434989,5.091393297121368,5.966050622535413,134
262,5.085048280065911,5.120610095224054,5.131331929518728,5.207416500023005,5.0983590864661945,5.07741815481665,5.208827243740231,5.092327686030366,5.960278567159432,134
263,5.08461791433898,5.120447713716137,5.134184433867626,5.207195154072191,5.10077276318691,5.078454484646446,5.210136173925305,5.093698693559212,5.954274718399897,134
264,5.084035361497204,5.1202273667989004,5.136902135912884,5.206934082002125,5.102539788433656,5.077391087073792,5.211625343845531,5.094016163310284,5.959646971841321,134
265,5.085199275610747,5.118955241256065,5.140776609744297,5.207395075241445,5.10557118419184,5.077444202600564,5.21432496561347,5.094234425437637,5.962451110161758,134
266,5.086054737063628,5.118767127375639,5.144510463002664,5.207380587493912,5.109064558517714,5.077926687863426,5.21650880509983,5.094147797450772,5.958117237078338,134
267,5.086776298666942,5.118234942529748,5.147330636634924,5.205958583657619,5.111377974139326,5.080031034008622,5.218111497230552,5.093627689196051,5.964579215921894,134
268,5.086759361376902,5.117095793799137,5.150037873286943,5.203172367174634,5.113409732852427,5.082469069570821,5.2198656610004015,5.093814376786323,5.950049512582235,134
269,5.086626468131397,5.116298733242559,5.153836248555158,5.200137906292836,5.1138304078926335,5.085701108826073,5.221209021424993,5.095386338335402,5.959601801036477,134
270,5.086239042712266,5.114483264032637,5.157572516203796,5.197083021446781,5.114539625554702,5.089854899734923,5.22282517485154,5.09730632683457,5.970927539348967,134
271,5.0863131684149385,5.1136545785251135,5.1591836230794215,5.194383859937453,5.116460830796772,5.092758509715948,5.223294971684391,5.098273499049279,5.96586352400356,134
272,5.0862075098810084,5.113386740813057,5.1597272169095625,5.192313427415574,5.117829858254597,5.09375116047465,5.22260967353958,5.0992338706126725,5.961195985207178,134
273,5.085628654227124,5.1156804370713,5.160866147461822,5.1880968310542865,5.119215166113707,5.095082765895636,5.220514405399566,5.0998818486401944,5.966440154754965,134
274,5.085535020644623,5.1186380300915015,5.162665026195858,5.183138093248843,5.121218527575848,5.096049383001025,5.219136705044514,5.099718238624399,5.971154076035761,134
275,5.086885171996354,5.122398457432372,5.164937493018827,5.178806894587636,5.121279601213459,5.098437122456769,5.218096171712654,5.098935002993884,5.967397043902327,134
276,5.087980533910283,5.124139384454195,5.166868623090734,5.173881536851914,5.123274688759869,5.100293133133103,5.215593870803131,5.097903319801452,5.956669678047534,134
277,5.087477888306932,5.125303866695132,5.168720176933562,5.169333306838303,5.126041714796099,5.101725982917266,5.213772709779052,5.098370595447887,5.956363517044812,134
278,5.085383755039693,5.127743078555984,5.170661066134063,5.164152344935527,5.128329648902137,5.103900081839619,5.212072184064384,5.099878232126599,5.963933853824741,134
279,5.084344265528327,5.130854302359501,5.171312255332857,5.159634050860729,5.130165470763962,5.106728766078944,5.210463849437364,5.099955876079134,5.963680644082344,134
280,5.083005690613234,5.133946122717053,5.171600076840624,5.15526453788616,5.1324937644576165,5.1093010460491275,5.208845969383825,5.099620811189821,5.967660628987585,134
281,5.082622717363606,5.137825158559951,5.171140491264785,5.151779593457187,5.1363630987372275,5.112496623712764,5.207570963108448,5.09849958013957,5.969869517779453,134
282,5.0805339121935695,5.141711643003278,5.171481829881209,5.147631308780849,5.141459021845085,5.11602769163291,5.20576953961389,5.0989995116937745,5.969680385934559,134
283,5.080431971737966,5.145302522069095,5.171420278560462,5.145662415307846,5.146274023622809,5.11987283835271,5.20512214995959,5.097943224128148,5.962239383750805,134
284,5.0808496812166055,5.147983570776936,5.171419497858864,5.143844820048952,5.151047982798342,5.1241935658270314,5.205003644093593,5.095695996262842,5.9664230758188035,134
285,5.080727996371232,5.15097269051371,5.1700679295435705,5.141884181468107,5.155636687206137,5.128633703582569,5.204108223588807,5.093195043000829,5.967195411481599,134
286,5.082093424168893,5.154254681863851,5.168526392139628,5.140595833345582,5.159029347551327,5.132484857339599,5.203895570183139,5.090334186776188,5.971565006194664,134
287,5.082545583984404,5.156523439343312,5.166814010905144,5.139285227659957,5.161553452837743,5.13645662397945,5.203515455455163,5.088437824979185,5.96612834292685,134
288,5.083750149350696,5.158118353743476,5.165318182718975,5.137784515638468,5.162167265249335,5.140286111206172,5.202265235715998,5.087571010745914,5.973880061181927,134
289,5.084676050277545,5.159976235070374,5.164868787026749,5.136068265128431,5.162576645855731,5.144968871398264,5.200374721429945,5.087640334018182,5.977356130636813,134
290,5.085532208514042,5.161738487860067,5.164958474946629,5.135674582368137,5.161914635873902,5.150176556284726,5.198616667284178,5.08730973788327,5.969933365139027,134
291,5.087932095910591,5.1619978066306835,5.164636688593944,5.136230121868014,5.162208116926155,5.153998554066737,5.196088004646031,5.087238433496038,5.971711444861724,134
292,5.088902787571187,5.161823007190237,5.162909295613867,5.135912230197866,5.1624733638233575,5.1578506694945085,5.193051590837593,5.087500975259902,5.978864257341189,134
293,5.089557974042846,5.1623299932498075,5.16162446742883,5.133756710342951,5.16171101448727,5.160991535693736,5.188034593386534,5.088274294302835,5.975586926758282,134
294,5.089649810669231,5.162516002330062,5.160104448262521,5.131222382288065,5.161812781621192,5.162308036304708,5.18340827877874,5.0897365607419,5.962876028507658,134
295,5.087934641630726,5.161649114055854,5.160361878230962,5.128831790662639,5.160267270239132,5.1627998689899215,5.179014282617283,5.0919380472406175,5.97284752185763,134
296,5.085871337926925,5.1609410440618015,5.159909887204732,5.126706980038879,5.159847267408654,5.16367619561942,5.173619058696358,5.095309781577107,5.977115991562985,134
297,5.0838116283732075,5.161170858076243,5.15975305402299,5.1262843858029425,5.159179224267282,5.16531051087867,5.170105769748097,5.099042430549957,5.982845254369365,134
298,5.0820867461213926,5.160290402083421,5.1570145557523785,5.126657270089023,5.158856438104188,5.166748192220133,5.167653339901312,5.102474518456249,5.974056088264423,134
299,5.079171806156206,5.160766113182409,5.1536947774343265,5.127302101460793,5.157671373367139,5.1673984771739265,5.164924860430202,5.104894504743367,5.980120413859381,134
300,5.0747701260294535,5.160835295272106,5.150437360498063,5.129078029837172,5.156959527317429,5.169832780808309,5.1622536572216,5.107263879843126,5.970778248780906,134
301,5.069863938064388,5.162141314241428,5.147016947658632,5.130707795263527,5.156638116230325,5.171305766660849,5.158489043889109,5.10834924004511,5.963270886409778,134
302,5.065839535242695,5.1621283263228355,5.143143861248588,5.131849282631786,5.1550135357571225,5.174344000230189,5.154419442510685,5.107970022839483,5.970525387550628,134
303,5.0616443716215045,5.161334767512466,5.139195925249383,5.133515336200641,5.155620901957171,5.176637550926176,5.151256853854054,5.105993580215796,5.980656730037022,134
304,5.058498801876983,5.162294857122221,5.136446827663948,5.135671440913032,5.1563469747000745,5.179310269040958,5.149075690717721,5.104569561212786,5.973861993827365,134
305,5.0557368328831025,5.163289875366829,5.1332299108495505,5.137921109326849,5.1580707443772775,5.1815426737345085,5.147211890055745,5.102219897186531,5.983212249914257,134
306,5.052104868172684,5.165690446181628,5.130967043348635,5.140366346322794,5.158250623901555,5.183046384091968,5.145026015353495,5.100201882738331,5.983223738963277,134
307,5.0473014865651376,5.1676800001355145,5.130867014716606,5.14209910205726,5.158481433275474,5.183296200054433,5.142475971919607,5.0973415888007025,5.977391073494522,134
308,5.0421600982246435,5.168700495827074,5.130814652501493,5.144458205599433,5.157986929243494,5.184247745958293,5.1400680287324825,5.0948002613208985,5.985788692142034,134
309,5.037286710960882,5.166943246416116,5.130370778670902,5.147874710380274,5.157946094342073,5.18421624460405,5.138689106731141,5.090753217955864,5.98724087773733,134
310,5.032277559151307,5.165276211252005,5.13001636885055,5.151038420880774,5.158811947276737,5.185423300411154,5.13653300222674,5.088009724268092,5.984245301534982,134
311,5.027488721667909,5.162794170582121,5.128960942836205,5.153578168192627,5.159896986851635,5.187020850954331,5.133427467053208,5.084857507411817,5.979806441297804,134
312,5.022808554072169,5.161229792627458,5.126750560034548,5.155535531259529,5.15949923196067,5.188289706695606,5.1307794531909465,5.081810921609211,5.980342620536615,134
313,5.0179451434904,5.160379307779909,5.124495196619471,5.156851282563492,5.158835647598482,5.191045592257851,5.126921292147383,5.07903761761222,5.9765475182991175,134
314,5.014193314403226,5.158446095620523,5.121738524946499,5.158495497324434,5.1582937157396955,5.192742621560718,5.123715639499707,5.076571008086436,5.978996345885927,134
315,5.0105458508707255,5.156566140585925,5.120069271136436,5.160602042820598,5.157324367888501,5.19456500548569,5.121088944980073,5.073923283301383,5.984688956055464,134
316,5.007593764226195,5.154462532313574,5.118448470621407,5.163709078475117,5.15611496638857,5.195640755276317,5.119106763647188,5.072028163213389,5.980296203150948,134
317,5.004227943678447,5.151831071379568,5.115918195371664,5.1653669935089965,5.154295054095188,5.196176070783166,5.117682467990861,5.070938870062422,5.979197435233326,134
318,5.00156392041204,5.149254969484052,5.11284597128788,5.166582996161275,5.15277231033916,5.196102148671715,5.116880492915524,5.069354288906162,5.980145732445615,134
319,4.9980043569243655,5.147301777400756,5.109947985081396,5.167202906877997,5.1518412258148985,5.197114424972497,5.115999928162052,5.066909727528914,5.98414864065001,134
320,4.995095603688071,5.145470678658569,5.1076187591436994,5.168026313531803,5.150761623906945,5.198985566230824,5.114668377284384,5.064733610277456,5.9887188524322,134
321,4.991739357536902,5.143942964502097,5.106280653819585,5.1694959578439335,5.150296961064367,5.19909069580385,5.113242973785982,5.060355806612448,5.987041006293834,134
322,4.988320165072047,5.1410073187787155,5.105464605912371,5.170339320892262,5.150220424602171,5.19854331048574,5.110732522578658,5.0573389318771,5.975537635928407,134
323,4.985907676837938,5.137851269375963,5.106118528112504,5.170962966492364,5.150333039088094,5.199304699752318,5.108865350033128,5.054985863358586,5.98580985917866,134
324,4.984418411790365,5.1343925243991535,5.106697540651469,5.1713903189782835,5.150204643427581,5.200345254956041,5.107218719650886,5.0521426875288,5.972700670803944,134
325,4.984530933952847,5.131733048686728,5.106344471573136,5.171871520472948,5.1499535808719,5.200363573302091,5.1068532363200045,5.049666222900166,5.988834305275359,134
326,4.984544363360534,5.128553909911181,5.104584740497678,5.171967573342691,5.149306661587567,5.19972550826256,5.105500913375151,5.04769296985026,5.9844237407573075,134
327,4.9844539680630415,5.1258943125244905,5.103265351378842,5.1721491231548296,5.148037474704738,5.200738554073795,5.104459006150759,5.04738042719636,5.979721679589468,134
328,4.985065274974812,5.123878025499731,5.103676489006277,5.173026471454424,5.14671418165136,5.2015117911782145,5.102384868686962,5.046256642994406,5.986768457785762,134
329,4.985413064685939,5.12267536951458,5.103014363500069,5.174172095431192,5.145546894182133,5.2015713507281,5.1012475828651676,5.044606428658312,5.992010139987516,134
330,4.98594326507845,5.121457301461917,5.1029596043366405,5.17474118149465,5.144174712905406,5.201603278355474,5.099285255230031,5.041637716176426,5.987071619327862,134
331,4.986847977477245,5.11862169632961,5.101622372352374,5.17592545466586,5.143156131269333,5.2005930018104785,5.0957654567457595,5.038317470424802,5.986387460939838,134
332,4.988024293482177,5.1147216297939035,5.100874791279862,5.177892496431708,5.141520123750475,5.2005949209840185,5.091590645212246,5.035771947657193,5.984673705298884,134
333,4.989108668162531,5.111819681019446,5.099536922961977,5.178138921974522,5.139842834085076,5.200339430834706,5.086751252785257,5.032722456151122,5.984955273255964,134
334,4.990181580478379,5.109490006770045,5.098775723903179,5.177986414158829,5.137687846313167,5.201078550935108,5.081568458798506,5.030495541683126,5.99470428007291,134
335,4.990798505166536,5.106297269763908,5.097090315415151,5.178403281329875,5.134764360516735,5.2015552350682475,5.075982622316379,5.029036858065991,5.987022841830728,134
336,4.992503984039949,5.103394030914953,5.096416208636633,5.178610292893344,5.1320900333337045,5.2006244505939625,5.070260891386576,5.027811672632281,5.993515111860023,134
337,4.994813445858583,5.099635428388611,5.095307665940006,5.1781974511006155,5.128323934316244,5.19990098643406,5.064813794087676,5.0271036149223285,5.989856769119662,134
338,4.9962088626637815,5.095621492669231,5.094481175687159,5.1787207795329175,5.126000895307143,5.198576658019484,5.060756439988129,5.028007241732446,5.996613927371816,134
339,4.997455541476166,5.09279132447514,5.093841013330394,5.178983746459164,5.123523035633339,5.196592800219933,5.056842613566895,5.029638060164114,5.993949546263017,134
340,4.9982128735949045,5.089780287987206,5.092282800255298,5.179594216583988,5.120722368356612,5.194219587731517,5.051783514792006,5.031210890091067,5.989870248833487,134
341,4.999678270843187,5.086226510705686,5.09018956610217,5.1801694748164575,5.117929479800899,5.191566020068349,5.045665847274434,5.033725257652461,5.983051122566895,134
342,5.00204391171663,5.081857797984522,5.086035691008665,5.180086233336345,5.115118771637365,5.187487271654982,5.040623218566353,5.034932196578897,5.9919685339013204,134
343,5.003459210133212,5.078157168197134,5.080788234107194,5.179956556770733,5.112672798251128,5.18573868145325,5.0380747341530245,5.036571620487576,5.994679938102258,134
344,5.005749485849583,5.074597513705263,5.076531268927746,5.179275617636267,5.110090900860052,5.1841016245133265,5.035375095653073,5.038245284082791,5.984680449294384,134
345,5.008423434804361,5.071296366083294,5.072225452552839,5.178582312899696,5.1064270246788155,5.182769699406324,5.03188754879146,5.040123172755199,5.994980063660087,134
346,5.011044122810678,5.067662935037488,5.067812488422824,5.177907823674499,5.1020288506580265,5.180291011611898,5.02893141186279,5.041642952783165,6.0033115270905615,134
347,5.012608115752136,5.064172867522462,5.065445210893943,5.1775484463779105,5.098872080650023,5.177834436653028,5.025966075273129,5.044086506783485,5.991277626059058,134
348,5.013427718535657,5.059947731401045,5.063715219854712,5.1766443955877195,5.096239146895702,5.17602222725302,5.024306526047879,5.046503069437975,5.9981725397640675,134
349,5.0145629538538605,5.057029542048751,5.061848230412382,5.175077878130712,5.093069709419197,5.174509793847689,5.024432682489995,5.048847537949243,5.987474801571826,134
350,5.015686353989458,5.054872962344815,5.060016980300845,5.173400017778057,5.089222681728042,5.173203558773279,5.023868501978057,5.0508155984294545,5.993018686207256,134
351,5.017303433622194,5.052181750221145,5.058847570247956,5.170817978042614,5.085888746124169,5.17161302179811,5.022370485043902,5.053082512774361,5.993732083558135,134
352,5.018701283430515,5.050385460005014,5.056530506536214,5.168108412160571,5.082115670978725,5.171038473894541,5.02062178662337,5.054915783081471,6.003854432810767,134
353,5.020902930264965,5.049333139315063,5.055330769531164,5.1648900253762715,5.078146562948549,5.1700044022039915,5.019078261559182,5.056041162740808,5.99859627862101,134
354,5.02291203911542,5.04885232762839,5.053173944837865,5.162001991844826,5.073324814850537,5.169708095395743,5.017684352744308,5.057738425440178,6.001938869567946,134
355,5.024033393041703,5.047191079302181,5.050651940833623,5.159611291864964,5.0679693353799,5.16788748221819,5.016369802068124,5.060201661366518,6.000980985327428,134
356,5.024712982499489,5.045074379436868,5.048131663343341,5.157022916165749,5.062208136937105,5.16549380827394,5.0159607789050185,5.061901329779184,5.993032721426815,134
357,5.02578005896131,5.042723483755205,5.045340697356522,5.154949308531648,5.056262235137082,5.163997139825558,5.014771849235725,5.0649075227873634,6.002661199792517,134
358,5.025593423006935,5.041572202577665,5.041941148226017,5.151708077112437,5.050648866049217,5.163212028413026,5.013659002344459,5.066861991098966,5.991765544757667,134
359,5.02416222485571,5.0404250201244105,5.03835265797394,5.1479390721425835,5.046456883892068,5.161797054735066,5.011929206505572,5.068404262716535,5.996860475848458,134
360,5.022534200045145,5.038889732638591,5.034900941899533,5.143212578686146,5.042835694659589,5.159932965089034,5.010697282399779,5.069825248164997,6.00149169987789,134
361,5.0207922909622145,5.037254457566027,5.030497909613392,5.138545417689684,5.039555240465049,5.157383072807781,5.00920527786349,5.070898161168718,5.995163609208924,134
362,5.0194832375311815,5.035678466839168,5.028240627216299,5.133554607676595,5.037921825494836,5.153900592923226,5.009104264375688,5.0718525561452665,5.994943627414051,134
363,5.0182018282707705,5.033392541832492,5.026365549506025,5.129066248310204,5.035703468111706,5.151039174569622,5.010002432534387,5.071895011090776,6.006926983268255,134
364,5.016629361443752,5.0305266178935755,5.024583358916854,5.124391682751877,5.033646443417489,5.147085285015114,5.011561168519065,5.07299392107058,5.987437003820712,134
365,5.014283675479014,5.027009604115212,5.0239895756703215,5.121315700033297,5.031759574059727,5.145003729148206,5.0133382962387305,5.074434905413204,5.995552276807427,134
366,5.012004925945812,5.024318402096181,5.02183380214268,5.118753085826274,5.030074790684802,5.14346669617678,5.015748151407924,5.076142227616572,5.997318382418528,134
367,5.0096866570610405,5.023462911096042,5.019419867623039,5.116068426114834,5.0287355017631885,5.143232889472194,5.018603461552949,5.078408895003315,6.001822455507516,134
368,5.006105542691308,5.02289052620344,5.016940418662447,5.112202076072901,5.028519028052842,5.142382448094573,5.021870954933389,5.080263225823809,6.0024530910786,134
369,5.002206313751822,5.022446472671893,5.014979095645194,5.108675095045541,5.029054129212181,5.1410887848491065,5.025712905028255,5.082312027464658,6.00239394090543,134
370,4.998706956452467,5.022562829402363,5.013051497871721,5.104552281561148,5.029879716196335,5.140429411908244,5.028622427452902,5.083724732491832,5.998786390049204,134
371,4.995894999273594,5.021420429290435,5.011786630074651,5.100874067289952,5.030690860866057,5.141289843931694,5.031019642206738,5.083157524450444,5.9963665386224845,134
372,4.993547843285622,5.0201278490996435,5.010028475607653,5.097993741578453,5.030787231919554,5.1436859986569665,5.033604741128207,5.082610636735121,6.00439177799019,134
373,4.99061180997851,5.019514316006077,5.008811488726341,5.095439239678868,5.030783793034123,5.144794565587183,5.036298799491902,5.082113889655108,6.0018802807376135,134
374,4.988372373845286,5.018403637310725,5.007312956497842,5.091160320433158,5.029862100151372,5.14390790202897,5.039921745326066,5.0800569287861705,6.006761351578932,134
375,4.986182232043248,5.016910890209653,5.007521891569912,5.087968415199901,5.028095190507617,5.142610216917463,5.042369344659477,5.077575345829494,6.002240865078594,134
376,4.982909374382068,5.014708234203404,5.007494042308945,5.085180501244615,5.027102312096218,5.141155813849222,5.044253366868658,5.075379852035028,6.000739006948534,134
377,4.977716615675842,5.012004066150314,5.0082991496891625,5.0836194214647366,5.024772372783927,5.140110560399961,5.047042547636945,5.072287242998502,6.005734746569825,134
378,4.972172250197151,5.010208852455346,5.010969662043469,5.08222796556511,5.023650939258406,5.140168132139747,5.050234817148366,5.06962475898688,6.001645127643309,134
379,4.967589639939936,5.007603062102223,5.014160100521221,5.081917191602288,5.0215344771909685,5.13827859298557,5.051498891257219,5.06746865892186,5.998779899438763,134
380,4.963616923402337,5.005770037101938,5.016721671060305,5.081764881561005,5.020336526401758,5.137055783002487,5.052744331494603,5.065408930735726,6.002954012760975,134
381,4.958987039002885,5.004581945280786,5.018554911665527,5.081121512731647,5.019878633185952,5.1358916162429455,5.054767412795547,5.064754651459539,6.009400594244633,134
382,4.956239591164192,5.003349648038077,5.0198146368131304,5.080003218928327,5.019717668560611,5.134620454428397,5.057010534982265,5.064010340485898,6.008552296116863,134
383,4.953838515519063,5.002923597783587,5.019120003661619,5.077607273515734,5.01936845422736,5.134655885902027,5.0607497926762495,5.062426694275045,6.014051158205735,134
384,4.952551467905833,5.003429973786426,5.017901281986337,5.07464518951161,5.019118048461619,5.134357626086356,5.064429348556118,5.06108214055735,6.012807117080318,134
385,4.9500920380569156,5.003133956817964,5.018049023519889,5.070734187799556,5.019798040015107,5.132972640559668,5.067094528004708,5.059545067326866,6.012928693702804,134
386,4.948037018443672,5.002724794876091,5.0188705515105685,5.06821300023851,5.021763210492539,5.131569013441343,5.070523464565614,5.057911877383915,6.002483700720519,134
387,4.946543041412655,5.001998767322794,5.018883219014815,5.065262390707103,5.022610630476484,5.129011075777507,5.074660019857038,5.055678265763811,5.995278145893496,134
388,4.944639084971813,5.001417431819171,5.019624769801206,5.061979978252236,5.023542060715471,5.126066071331731,5.0781589020081075,5.053445836611131,6.006556785646776,134
389,4.942018340918114,5.000581671867513,5.0202677694572895,5.058881652629768,5.024012535966735,5.124008529128117,5.080778387019314,5.052341585971069,6.003258378595814,134
390,4.939755960731239,4.999391148382227,5.021837092409419,5.0554524235995455,5.02439659632542,5.122278198891594,5.081957435884425,5.051161438995087,5.998006253081572,134
391,4.937512767059408,4.999929013744171,5.024011698050821,5.051578143009831,5.025111539781571,5.120706609839727,5.082205445280713,5.050163072238771,6.008213787037793,134
392,4.936494922826722,5.001444228022004,5.025672524990737,5.047198758433274,5.026053733340159,5.118371767159638,5.082035139744885,5.049677577594145,6.004031747129206,134
393,4.936612088349714,5.001454759071417,5.027740237645852,5.041893707696862,5.028119399009916,5.116063130454085,5.0833216315372916,5.04986305052976,6.009877987446648,134
394,4.937175850829038,5.0005756365829885,5.03029178190679,5.036614896855636,5.030191951579813,5.114087382693539,5.084725286317949,5.04961485747406,6.0049559118319085,134
395,4.939475451961933,5.000589290708334,5.032095373590531,5.032329893306691,5.030301403619452,5.112485555775945,5.086061186904836,5.049268579134363,6.010984631703481,134
396,4.9415919045167005,5.0008016904943755,5.0341475293647555,5.029845816357615,5.030010306859519,5.1117047620381175,5.0864414286606,5.049348558751129,6.007619673601657,134
397,4.943599927354924,5.000351464143741,5.037447327002677,5.028558507962186,5.029258475787843,5.1112733928447724,5.0860230736474055,5.049058094298184,6.011100025540157,134
398,4.945721196480511,5.000361823353537,5.039461130334866,5.027766288037066,5.02759926901993,5.112388290378235,5.08391784073565,5.048135267345563,6.006624394302848,134
399,4.947788489797684,5.0003285567016285,5.041153609923084,5.026861164770682,5.0280490000639935,5.112109394878584,5.082048472334251,5.047085331091271,6.009809255042598,134
400,4.950145737867753,4.999538305715999,5.0414368483494245,5.025335251218211,5.028249366411568,5.1125769673841965,5.080805957998283,5.046144637069737,6.019518857123585,134
401,4.952603094168605,5.00043499562217,5.041505748873783,5.022488725936855,5.02818126623652,5.111774770937073,5.077980071142999,5.045195583322569,6.007604784174969,134
402,4.9552064138350005,5.00195039224262,5.041969699629163,5.020261396458568,5.028301852726803,5.110911478259822,5.074863442028524,5.044735380270575,6.006217156985082,134
403,4.95838210026154,5.003563600541562,5.041715184607664,5.018478422382094,5.029061586729397,5.109542877951817,5.072712253479758,5.043604144811445,6.0109223915181635,134
404,4.962651768411673,5.005114644717905,5.041438541990418,5.018089252299038,5.029960696228374,5.10847772138303,5.069884648772721,5.042133286844285,6.010290622294569,134
405,4.96707847917237,5.006414670378302,5.041106376574113,5.01841074260494,5.0306395247766815,5.107623031909516,5.065929253818038,5.040839564080864,6.009142968203528,134
406,4.9711200463733665,5.0076415039566085,5.041644753346939,5.018841575785302,5.031484533093551,5.105805520970099,5.063549671608673,5.040342996427283,6.01154121886706,134
407,4.975275291596922,5.009770725898123,5.042976665963948,5.018454382483494,5.032843948173486,5.102802481347081,5.06128694574139,5.039872178608148,6.002404480073562,134
408,4.978376590873736,5.012455997266159,5.044761305398194,5.016378599802332,5.033406426854845,5.09958108706035,5.059337778672963,5.038387161224197,6.0151255326010515,134
409,4.982197076105315,5.01496197554129,5.046477313185749,5.01504356979488,5.033712534872446,5.097513267005228,5.057877712224332,5.0370584439296735,6.00870290724891,134
410,4.986318431578336,5.0182410700203,5.048768878207703,5.014908332223866,5.033304503139171,5.096967344117672,5.056489264749869,5.035659713649381,6.008698324470766,134
411,4.990115681057949,5.021785717495179,5.049864851975909,5.015398295587122,5.033081868784695,5.097054960232115,5.056126115913731,5.034830505135958,6.009028203537295,134
412,4.9945894790511565,5.026022317824848,5.050787355113707,5.015562094602592,5.032539643847985,5.096743327553579,5.055831368942684,5.033592421783455,6.018463508804551,134
413,4.999618203960441,5.030491134134456,5.051623793176949,5.014219262356791,5.033646508111058,5.0969812587127805,5.056349475792166,5.03275107254305,6.011044794375498,134
414,5.004741712696163,5.033864091004801,5.0517386840638,5.012399381143581,5.034468397702092,5.096696357281586,5.056344160014685,5.032028192580763,6.014290319615682,134
415,5.009590116329777,5.038035548995145,5.051655734895086,5.009565786831214,5.036069009550047,5.096717440185519,5.056688741078911,5.0313575366135055,6.015827927660575,134
416,5.01433541582208,5.041896802013756,5.051749468504788,5.006311368034154,5.037271790629468,5.09648544961018,5.057241925907631,5.030907291580351,6.020059029251319,134
417,5.020750298063631,5.046027098924615,5.052419469478824,5.003621110870684,5.0378499657991895,5.096665084361966,5.056515748566144,5.030076277707054,6.013102474979778,134
418,5.02639125152929,5.050036325522612,5.052945366778708,5.001006872072901,5.037485752019457,5.096595854477234,5.056079629760608,5.029274260048442,6.023725102942733,134
419,5.0310574870467715,5.053697173763794,5.054049258728988,4.9988553179873785,5.037711087310605,5.095002758905382,5.054216139451273,5.0295131414040615,6.019256679984173,134
420,5.034929726365823,5.056801476481446,5.055427854490332,4.998105273389996,5.037827463743667,5.092994794582864,5.052302686518256,5.029479390157874,6.0138907006482265,134
421,5.039113439225176,5.0590921335102905,5.056482368088513,4.998808089792025,5.037960270915384,5.090825770142699,5.051248044771089,5.028551516873317,6.017037930532107,134
422,5.043396127586339,5.060838552211054,5.057808575578745,4.998972005997724,5.037596729890265,5.088300609207101,5.048540651933594,5.026876055464864,6.017494059979191,134
423,5.0472391103901835,5.063048676517093,5.0594375901314255,4.999881317807727,5.03792263659161,5.086030691264693,5.045968781746812,5.026243080256003,6.0113266803566,134
424,5.05194492334968,5.064742047784662,5.0608567229239405,5.001404953194743,5.03897774169772,5.083530984005896,5.044339979376842,5.026087253461824,6.002179383502196,134
425,5.05665876662685,5.066146537198039,5.0626915900731015,5.002427684349486,5.040629184772122,5.080177133678477,5.042377508111243,5.025110563937062,6.005804834717813,134
426,5.060963959464889,5.0672264560594344,5.0647275805489125,5.003801057157366,5.0440693443161155,5.07673400771396,5.041643876702448,5.023722913125937,6.014439686697938,134
427,5.065743061954867,5.067291289513554,5.065932208211814,5.005595938615409,5.046749069939821,5.0748398589101065,5.0410361617041906,5.02174901730494,6.013463096143076,134
428,5.069366091801628,5.067103314450942,5.066228968155716,5.007587449704107,5.049485139165715,5.074295673510738,5.04065919389004,5.020001631723364,6.01888307520825,134
429,5.07223765976091,5.067427219608623,5.066935405128856,5.009862817819707,5.050959151598625,5.073889941250952,5.039877438385824,5.017886216624383,6.022388253255167,134
430,5.07508773054973,5.067247056379581,5.067600382357387,5.0125998434192125,5.051921662899609,5.074000277337744,5.038692548973282,5.0168311879198075,6.013477159384883,134
431,5.077157971705227,5.066991604652407,5.068098781971647,5.014521758091846,5.053388773170963,5.074474703756486,5.0373780548339635,5.01523799105582,6.017675687032902,134
432,5.078624540886445,5.067121725452813,5.068680433977722,5.015603660696321,5.054936749853261,5.075620374936111,5.035927815888639,5.01407210059177,6.011174560700035,134
433,5.079991239233071,5.067536148367245,5.069132806473419,5.016262160197114,5.057301844942356,5.07639635877892,5.035178127560929,5.013536656957458,6.019587830070786,134
434,5.080958094327334,5.06864947530935,5.070215462429123,5.016129205290946,5.060048295172344,5.076066398933207,5.0354391205997135,5.014199939664506,6.024048209430442,134
435,5.082052753209895,5.070502286039137,5.071270139858962,5.015222479962381,5.062045696109456,5.076836745780195,5.035243619831924,5.01595116364988,6.018578314190257,134
436,5.082995794672637,5.073555309504327,5.074167501710314,5.014212327052513,5.06423530092537,5.077902029285514,5.034594915896468,5.01785017138077,6.023073170937738,134
437,5.085330077249081,5.076117461822225,5.076323540606178,5.013862885620518,5.065357814125358,5.079275498231286,5.034760342984052,5.019574480365331,6.015710095097182,134
438,5.087096468199665,5.077741539117793,5.0785458431557,5.011890000763885,5.065359572499066,5.081333053034577,5.034730605494657,5.021135540502859,6.015324897694018,134
439,5.088031768925452,5.079572579030651,5.08206393686468,5.009352466534597,5.065363077957254,5.082900122590969,5.034532264880777,5.022659283001652,6.02240203735213,134
440,5.088930068116605,5.081704847714167,5.085142579998329,5.006405318766404,5.064324430036248,5.084078417564713,5.035047542059196,5.023830312978521,6.0162090056424855,134
441,5.08973887196878,5.082802656458508,5.088120743020131,5.002556979211022,5.0639787485550585,5.085441646174425,5.035857514016491,5.0241426476662046,6.01498238529552,134
442,5.09062034466754,5.0819329333637135,5.090980001622302,4.999109458141505,5.063825545996075,5.086387480895002,5.035848051094558,5.024416564789542,6.0193199378647,134
443,5.091138657329294,5.081501889508581,5.0927455147890255,4.996909088406214,5.063923383192395,5.088476508709714,5.036445546123133,5.025598957503443,6.012158938254024,134
444,5.091876682773799,5.0809879555381015,5.094137956682161,4.996435279337596,5.065517283031406,5.090874370246454,5.037220424885513,5.027167116234522,6.018882762496598,134
445,5.092064607177747,5.08121478283466,5.095958233738758,4.994676610610986,5.067710627323391,5.093483252392671,5.037350361401172,5.028289161785172,6.0183066823904765,134
446,5.092229898812704,5.0810871805018145,5.0980316673617425,4.992794528159944,5.07075016023148,5.09503876127264,5.036425326218427,5.0309474253521715,6.026556547531208,134
447,5.092578433275889,5.080424070589285,5.100047674879553,4.989532222925289,5.073718493867583,5.097209140678354,5.036140409862346,5.032218188327176,6.0214218317795405,134
448,5.092785077463139,5.079217146798733,5.102586548357438,4.986025431525969,5.075882718800056,5.100400524936989,5.03537663271006,5.033128952326093,6.010890113121236,134
449,5.093150897200383,5.078827299286352,5.104880996013571,4.982880386763732,5.078012387220918,5.103178137292032,5.033172872549958,5.034255806788899,6.027200780419328,134
450,5.0933486112070465,5.0796719206717,5.107591303785253,4.9813521027027186,5.080543645631526,5.106420425219914,5.030631349492909,5.036364538208131,6.013613057837897,134
451,5.094118664650791,5.0811607967340695,5.11024404397663,4.979190288827287,5.082916445828449,5.110206720728092,5.028119413171867,5.038255043645028,6.025466904376662,134
452,5.093869111508769,5.082711881876788,5.1129797325836215,4.977843953469196,5.085476286599968,5.113791829172312,5.025514973392109,5.039389294710652,6.025328388311387,134
453,5.092675191043188,5.083301703303681,5.1153348101731915,4.976973326491083,5.087701375225729,5.117133650708496,5.023656398158917,5.040406640062971,6.025653896502614,134
454,5.091354501962486,5.083791268765044,5.118285905053082,4.976261967194533,5.090824238520309,5.120593703982323,5.021871841881142,5.041938618253946,6.025490004861985,134
455,5.090315718098088,5.08461046657317,5.120859712376774,4.976064558630277,5.093441954613237,5.124111178256252,5.020845799958766,5.043387504401711,6.01930344477684,134
456,5.090072311186169,5.085881337968407,5.122930212349317,4.975973078412495,5.095763716661611,5.127780623728185,5.0187435361685875,5.044843489043894,6.018806632967365,134
457,5.0913534474650115,5.087565993133385,5.124472210178943,4.975988643710651,5.097106890290232,5.131854866066263,5.015992071604007,5.047342143555233,6.0222016811928665,134
458,5.091636119940038,5.089794544078815,5.125668979828372,4.976349717276843,5.097871111179243,5.135581253127518,5.014275443553434,5.05037915440189,6.021813313143927,134
459,5.091788079139202,5.090968551912459,5.1266491021773435,4.976736093288503,5.098667158345847,5.140096447330258,5.0124332423589335,5.052626134510912,6.0277565660388985,134
460,5.091579317126101,5.092411982190832,5.126681472894265,4.977398094208391,5.099091617665296,5.1446693643609,5.009571529771408,5.054264032508838,6.018175218050152,134
461,5.091096195432167,5.094150854771826,5.127024092402337,4.978243290563913,5.0992642988576,5.1490808009320395,5.007312477636937,5.055678699356606,6.018124488731772,134
462,5.0907854484895045,5.096179213756128,5.127500390544514,4.9799870621158195,5.098188698558696,5.15394117336194,5.004727974439844,5.056928868865338,6.019634457102915,134
463,5.089735809542772,5.097849758020903,5.128384273351934,4.98039861561915,5.096339437304646,5.157189404638621,5.002099733590557,5.059284320858257,6.029643400605471,134
464,5.089016954611951,5.100255510424235,5.129309428326844,4.980947105389773,5.09478636166162,5.15890641255062,4.99971249545051,5.061692633040179,6.021396920323608,134
465,5.0880840192739285,5.103183871836377,5.130124379317394,4.982533170350987,5.094098023357356,5.160516820411355,4.997009690171804,5.0646171260963495,6.020521996677668,134
466,5.08736915574361,5.10611070332359,5.130843391077297,4.984263131006278,5.093781469699165,5.161187129059876,4.993885286211995,5.067355160793346,6.027459971876367,134
467,5.086109441128593,5.108135889653299,5.131772698310664,4.986045925843728,5.092867120726032,5.160338312616523,4.990632101482481,5.070371891982479,6.025800604511396,134
468,5.085948568685781,5.110388988735118,5.132000809131325,4.988025708968481,5.09222113739299,5.159381598710442,4.988727496623291,5.072162368776221,6.026103424207791,134
469,5.086234473346324,5.112532162244927,5.1316674652243135,4.989620292499966,5.091655122576601,5.159351037419039,4.986862899975972,5.074145925064208,6.021314872910877,134
470,5.087825443426079,5.114004923834638,5.131883450477217,4.992054830515567,5.090898480395681,5.1597129669862305,4.986264223686912,5.075812897900043,6.018686886198154,134
471,5.0893299749596235,5.115931895287556,5.133309034464617,4.995199820255438,5.089830914996492,5.159583773684783,4.985470141585935,5.076894428384884,6.017977849113607,134
472,5.0909006685338,5.117732948357506,5.134497045975924,4.998930111479236,5.088552123470155,5.158878175331269,4.985339890948589,5.078193969633882,6.0215061878828875,134
473,5.091209462150023,5.119000151479172,5.136174231690987,5.002435376109146,5.088664639460217,5.1571026456467095,4.9860787255607795,5.079713405328047,6.0225026279492475,134
474,5.09221076653537,5.1199101661860755,5.13861278009918,5.007464287103602,5.089292237951367,5.155073852322047,4.986504059658785,5.081086660868844,6.031413634675467,134
475,5.093374387172011,5.121238865969069,5.1409105146959275,5.012347354646993,5.090077562294955,5.153905191293185,4.98704589337771,5.082277193680251,6.025494948665018,134
476,5.09518189090215,5.12192739766276,5.14328530312494,5.018009157577046,5.091492410058255,5.153290968494181,4.988111878480425,5.0838714745734075,6.016521542102388,134
477,5.096866981487366,5.122260814303626,5.144960416689553,5.024145625904529,5.092679049422948,5.152377766249058,4.990108237238024,5.086289970052665,6.023693853565745,134
478,5.098498348685565,5.124350970983956,5.146708170862958,5.03032037081866,5.093782950671736,5.15133953687902,4.992176789667703,5.088046765841315,6.024972115988733,134
479,5.099453235389948,5.126465002814177,5.148631013704275,5.035461602698563,5.094624210337478,5.149088699170566,4.993570333070801,5.090298641839759,6.030246126148492,134
480,5.100257517566528,5.128900550905609,5.150234942228415,5.0400555985149325,5.09481009688471,5.146062849288296,4.99423767962378,5.0926169602176525,6.025830834892905,134
481,5.1010057349591165,5.130300898008391,5.151608931696375,5.0452066357016925,5.095094797634788,5.142579361195398,4.995151734509655,5.095219588165439,6.025906856968694,134
482,5.1015720281128365,5.13177496327606,5.152388531012058,5.04994297407392,5.0946227195348595,5.13963646005471,4.9961403142889775,5.096696972767303,6.0138103065434985,134
483,5.1020033511082685,5.133359868657678,5.1529692671890945,5.055316044692938,5.093641402817651,5.136595545830803,4.996346665737947,5.099069812958214,6.02860694751492,134
484,5.102081176655355,5.134685302238738,5.152908780415215,5.061344009934008,5.093472416524076,5.133640352400196,4.997470884322911,5.102093878402002,6.0305750020171285,134
485,5.102712590971079,5.136088433000916,5.152765243051032,5.066657076804951,5.093185518290243,5.131071085991066,4.999097400987146,5.105372430639099,6.030801161628116,134
486,5.1039284532332285,5.136853436097963,5.152334411006423,5.071148557797464,5.093651007374664,5.128403416420279,4.999912175660262,5.1083780844552695,6.026306475535907,134
487,5.104769934181831,5.13735842584388,5.152417645115312,5.07581086820368,5.093441476417412,5.124887706381868,5.001121384412796,5.111299485047731,6.024292274667972,134
488,5.10614725685102,5.137977405764884,5.153352846537285,5.080212369784307,5.093453669045423,5.121569967854757,5.002683203216929,5.114725983904503,6.030210297885493,134
489,5.106513766653943,5.138715808186267,5.153948701236677,5.084156604927453,5.093584756536199,5.117615329200119,5.004901775473662,5.11819405833967,6.025058291518535,134
490,5.106503159682822,5.139646994878414,5.153454843707866,5.087460290037493,5.093691476538764,5.113796624723439,5.007232525796519,5.121420259717901,6.027687242794547,134
491,5.107641031887216,5.1400717714328295,5.152218103290557,5.0905617512731105,5.093903183200265,5.109882597841528,5.009766138838336,5.12361655671611,6.024475003151066,134
492,5.107714255336202,5.139999558716996,5.15205771763479,5.092705058213457,5.094626369259806,5.107204282646556,5.012479172380422,5.126026977188612,6.0299983377398245,134
493,5.106647840862248,5.138803635840127,5.152553895141759,5.094376024543497,5.0957708081247475,5.104817425397004,5.015147945940409,5.12758032536793,6.03609325020101,134
494,5.106856325788536,5.137048011331369,5.152375043808378,5.095321097207601,5.097271409338552,5.102706758968543,5.0179253542750635,5.129768078599753,6.018602526715425,134
495,5.106995736980201,5.135651841808132,5.1521791310347504,5.095931768409429,5.098745622632988,5.100595616723098,5.0212117960366225,5.1319337064285255,6.025166180410277,134
496,5.106830504540006,5.134797248142977,5.153416691503196,5.09632199478793,5.09982300975858,5.099306037173236,5.0248119237081115,5.134934026362815,6.020324532338816,134
497,5.106919638240654,5.133877451407565,5.154524858787585,5.09747380353258,5.100916066824601,5.098357304390767,5.02830041248012,5.137802087586524,6.021146632170592,134
498,5.107981819674148,5.132934279362924,5.155819428414503,5.0981632345637315,5.101993650014304,5.096811410701537,5.031890870689424,5.139776092604691,6.032728147298128,134
499,5.109532590506706,5.132467186105707,5.156942849237714,5.099827200479018,5.1043891194258135,5.096056922130879,5.0349253977000945,5.141808867977359,6.030210469586174,134
500,5.11147865525828,5.131039630839817,5.1584558807620295,5.101576942897625,5.106684618184075,5.095764865130384,5.037756674135904,5.143113367030129,6.037182457372852,134
501,5.114163326018705,5.129838910496626,5.159491723429082,5.1029828897308045,5.10797044908376,5.095918728661771,5.040460509907932,5.144515182697939,6.032376308745812,134
502,5.117462408974058,5.128484869114631,5.159468529762016,5.104111379895426,5.108751970297367,5.09637632731236,5.043788849008031,5.145507079308194,6.024168807540296,134
503,5.120740754879032,5.127404712885525,5.159529385365743,5.105568280534644,5.110337496722531,5.097455126205164,5.047000979207896,5.146660598043452,6.026641143054259,134
504,5.123633170016486,5.126651325959418,5.159592109154476,5.106930180712088,5.112518164368938,5.098429049046958,5.049783155421833,5.147692160650108,6.0285371623474155,134
505,5.12621600621733,5.125834348016838,5.1594836855039805,5.108558925467691,5.114432616069299,5.099338624571368,5.052240896932728,5.147979319603672,6.032867990438243,134
506,5.12701916737376,5.125717214026295,5.158572831505641,5.109660000628832,5.116007507453185,5.099977731440818,5.0540274557020615,5.147829201129072,6.0429234466169435,134
507,5.127752526886669,5.125329743985724,5.156742514030595,5.11004831632197,5.117208357942612,5.1004733680548675,5.0558749055160845,5.146975130570006,6.028215758314227,134
508,5.128451950256163,5.125244201052114,5.1544013701653695,5.110352220743385,5.118563600578939,5.101575672367561,5.057437052415077,5.146319173641877,6.034987041846544,134
509,5.129321623552376,5.124931322800137,5.151995485066944,5.110777013921665,5.119390096858849,5.104407153392458,5.0582313356461235,5.145587680742265,6.029778928729139,134
510,5.129975057653523,5.124432319247871,5.148891634549882,5.111090241527927,5.120018080693198,5.107047541120762,5.05855795473639,5.144783549852792,6.036587095032698,134
511,5.1311707202125625,5.12322382925044,5.145872769662218,5.111644310448089,5.119918747954366,5.1091338538415485,5.0583192311625575,5.143979396012995,6.022679729654147,134
512,5.13140817715945,5.1221105865936645,5.143085032434969,5.112076057954956,5.119010054298965,5.1109514563598,5.057255703366534,5.14362746651107,6.022123446696851,134
513,5.1323938031686795,5.1210888393083795,5.141724908834529,5.112145036225606,5.118443931587462,5.112739380292398,5.0554543361335575,5.144059852114974,6.033109795112484,134
514,5.134146683225607,5.119182344381155,5.139575702513811,5.111691219928648,5.117775708775631,5.114969026766495,5.054425446634694,5.144691862652068,6.032911298142953,134
515,5.137051878431549,5.117489474804531,5.138244763765447,5.111756320243597,5.116974541401106,5.117271242461717,5.054144268080242,5.145137889484847,6.021467388054052,134
516,5.140018800435113,5.1151817372991095,5.137384526483773,5.1118615009262625,5.1168977200562145,5.119547778765676,5.054426030911762,5.145996696074521,6.023868571771341,134
517,5.14251387412032,5.1135221143774165,5.135793682827398,5.110948989329772,5.117419305601702,5.121254065469188,5.055097214271203,5.146384685849022,6.033541554596054,134
518,5.145134336044052,5.111803137353551,5.134584837465711,5.110591736138433,5.1185984346624895,5.123645552759015,5.055487853880184,5.146853488486496,6.032668560213413,134
519,5.147462680722711,5.1113819061551435,5.13261433038714,5.1101739106987765,5.120727907042083,5.124837460505184,5.055391266781271,5.1471888491085735,6.036807707254285,134
520,5.149913842450495,5.1108933052922,5.13136987735685,5.1090995692661485,5.122640338369312,5.125598401329441,5.055233203534716,5.147404400907128,6.033296863988261,134
521,5.152024547932659,5.110317000814025,5.129870810441281,5.108569980897443,5.124293014725394,5.12670410347026,5.054234770854459,5.146610025140999,6.023671406839559,134
522,5.153860300426956,5.109588250044839,5.1281911677094385,5.107594890293584,5.125020712440232,5.12751670133375,5.053309265233786,5.144429621609463,6.0320560973064135,134
523,5.155957724005609,5.10795192865861,5.126225220520344,5.106320704047299,5.125886239730653,5.1296531954847495,5.052152255445327,5.142650722275814,6.0230032096356485,134
524,5.157231602696712,5.105900371467282,5.122912835705767,5.105145841767735,5.126528453536154,5.131455328621973,5.051393710009869,5.140757331832539,6.022683955223665,134
525,5.15886528790603,5.1035827144800034,5.12045142586306,5.103553937410165,5.127388391820118,5.134314754847098,5.05060336848127,5.139004174409142,6.02737497460214,134
526,5.159937771557745,5.1004999941117095,5.118999294303973,5.102886453398459,5.127566612425777,5.137169535359074,5.049589273510705,5.136844714666992,6.040786132118147,134
527,5.160578713437925,5.097156220327033,5.118550616222157,5.10278001980802,5.127714081627063,5.140566166288242,5.047585828834251,5.135730703815182,6.032946149825168,134
528,5.161054702611752,5.094092879279247,5.116950508549923,5.103083910379438,5.127202266667322,5.143177378722193,5.045820293322739,5.134720858789176,6.0395060461831305,134
529,5.161356445172414,5.092015763283326,5.114922513459124,5.103301279948224,5.126331484607541,5.14558677014181,5.044860814643513,5.133554288660886,6.0297127751845965,134
530,5.160630121198736,5.089839168921191,5.112815221813812,5.1032398475452005,5.1256557375406055,5.147862647715263,5.043318885192778,5.132181886824553,6.033370967965035,134
531,5.160094044866777,5.088085796857391,5.110583503766407,5.10306614670444,5.125494655233255,5.149196866075442,5.041162795862267,5.131327909650775,6.023272131414753,134
532,5.1597364649099,5.086080254981358,5.108202585480191,5.102752903643696,5.125401946030889,5.149650934030549,5.039831080003994,5.12962578267877,6.037621989404935,134
533,5.160475442398954,5.083981944930247,5.105616166729317,5.102419254459858,5.12545797015208,5.150756968187398,5.038183171558616,5.128045320725686,6.030198319445361,134
534,5.160347608224686,5.081878174933694,5.102502285983754,5.101974282117746,5.1250602757311405,5.152019168284646,5.036269924466457,5.127250625574778,6.032636032298904,134
535,5.160788243964385,5.080648075500995,5.099185875947644,5.101707671068381,5.123880077286987,5.152818715969213,5.0352815677208405,5.126119098083247,6.032301267372965,134
536,5.160728878764708,5.080110093152285,5.096063934675595,5.1015796097322825,5.122714253294121,5.15353814467342,5.035137400633015,5.125087896127365,6.034736069763948,134
537,5.160300616787089,5.07917414568829,5.093021256200533,5.100419396081196,5.12214966702361,5.153741972343033,5.035030408704838,5.123827826685197,6.032288273570056,134
538,5.15911666811365,5.078838033374231,5.091357860578597,5.099421741474069,5.122578679436493,5.153474834329826,5.034430935749597,5.123477116612103,6.040215533156633,134
539,5.158545246636365,5.078903515604728,5.089510313838569,5.098336926146941,5.1230700338477915,5.153456866120246,5.034591082019871,5.12264427051647,6.035108067337779,134
540,5.157157613828513,5.079041402015587,5.087794898868597,5.09667473799175,5.12338320025652,5.152631893998572,5.0348195164096055,5.122461531048733,6.0277032603021485,134
541,5.155757989163675,5.078874818108951,5.086502718110937,5.09505442589629,5.123023070163109,5.1515640912373515,5.03530095800958,5.1230962381476495,6.039837712782626,134
542,5.154086741350179,5.078350456727924,5.08548947245267,5.093458734437181,5.122421089923947,5.150416508883647,5.035653244533803,5.122662239722528,6.031489106084514,134
543,5.153116858159658,5.077295679388714,5.084558830880472,5.092156151795368,5.121140538562595,5.14901123899301,5.036664246063104,5.122539436987086,6.0278888197174,134
544,5.152251145587888,5.076234164426315,5.083977465310437,5.090790490431691,5.119689651985605,5.147683539011169,5.037359282692911,5.12183389487587,6.023479771785486,134
545,5.151940870726377,5.07536895756445,5.084091128407202,5.089072946115218,5.118034896337529,5.146294583559318,5.038335664072433,5.12143334914273,6.0435275744136545,134
546,5.1517283523709425,5.074816523450975,5.083930405523629,5.086806629540126,5.1166889724395475,5.145148442231147,5.040727886811665,5.12108017328084,6.03320385340983,134
547,5.151277016643819,5.073957542165756,5.083897430322521,5.084558205597922,5.1153196138165455,5.143832598128327,5.044298284636575,5.121077941999922,6.026713884751232,134
548,5.151437863730109,5.073029410346634,5.083557239373514,5.082114927699489,5.115002409337051,5.142436073341109,5.048087707302623,5.120952365566634,6.032140939347877,134
549,5.151131732362353,5.072313187682553,5.082695911660393,5.080204468611355,5.1141450228578575,5.14123842615874,5.052062208181908,5.1200176491662,6.033538470428903,134
550,5.15051561349072,5.072232870495814,5.083207538245723,5.07898054635226,5.113529046723233,5.139734327438724,5.055822003063258,5.118882523545332,6.032933865964013,134
551,5.149505043349885,5.071328542371748,5.082690159862269,5.077301596131889,5.112651284674253,5.138064534621179,5.059265270304333,5.117253224779132,6.027272653828029,134
552,5.148658410445584,5.070507499487126,5.082657373846766,5.075998033800908,5.110488630435459,5.136325811057226,5.062620667161761,5.115986263396253,6.027444220681541,134
553,5.148302925326451,5.068709218593873,5.083481939618105,5.0753875789208305,5.107520040440097,5.135133426975109,5.065640803191359,5.114864716905921,6.032747421169461,134
554,5.1477850943817565,5.067862119819617,5.084379625951067,5.073959613401867,5.104400567567579,5.133461304435215,5.069300442573226,5.113911496735636,6.0257688472591715,134
555,5.147782711302528,5.066158519000187,5.08642327405985,5.072626502536771,5.100928972899872,5.132845392101045,5.0733028553078565,5.113158830056419,6.033851584531983,134
556,5.147085418611477,5.065309195384289,5.087674912459754,5.071584280619225,5.098015333847448,5.132314414426565,5.077328550670968,5.112879691373061,6.035852694447698,134
557,5.145970971357385,5.064764997441356,5.089239326908837,5.07040872622213,5.095026364784275,5.130579949459149,5.0818407069391345,5.112188018673214,6.032680046550007,134
558,5.144512853002512,5.065009235240035,5.090133553157002,5.06963065885124,5.092451373831396,5.129386398267474,5.086793785132415,5.112796649801155,6.0346643336016195,134
559,5.142808431894096,5.065072804046112,5.090609001035514,5.0690682794003346,5.0907365603845465,5.127275147834666,5.091562095298846,5.1122376867170525,6.031882328621784,134
560,5.141535036173193,5.064931616870057,5.09174318667548,5.068326722292927,5.08906044364995,5.125376521501169,5.095509400897331,5.111550493319317,6.031780310876424,134
561,5.140484105435386,5.065160409638365,5.092312505634757,5.068071022448457,5.087612966059727,5.122534786675445,5.098891249908036,5.110889962751797,6.032023917103657,134
562,5.140184800825405,5.0666141205683015,5.092484629072357,5.067843860750926,5.087266807300369,5.120367668775226,5.1026007062739005,5.110694193432884,6.033992846178291,134
563,5.139467971398297,5.06790118717622,5.0930191450327325,5.067154395790684,5.087026556775264,5.116953102032045,5.106230471692308,5.111028994305502,6.044801951010026,134
564,5.139158145440226,5.0691460653005525,5.094166796116413,5.066626984541727,5.086441789452731,5.113665348394791,5.11004250082534,5.110880904370434,6.040278542982027,134
565,5.138672426476282,5.070792287889169,5.095352819994726,5.065932833637874,5.086425919877934,5.10973649862658,5.113665625953773,5.110660584938472,6.040114446484054,134
566,5.137679893895295,5.073076436154676,5.096982024375436,5.065552893160234,5.0862872941998525,5.106224446279769,5.1178752535331995,5.109745690513576,6.045810497625401,134
567,5.136372242037264,5.074993163652411,5.098905318022016,5.064567626681217,5.086501818991039,5.1038292014760165,5.121830062447263,5.1096476462412355,6.041708235991946,134
568,5.135024917661648,5.076641103579771,5.101250928357606,5.063452627795732,5.086955197288429,5.101806350924565,5.124891910282016,5.109158051869439,6.036792685912117,134
569,5.133322029752465,5.078608447585104,5.102745671225517,5.062050871298735,5.087390240566888,5.0994380288392716,5.127828157290324,5.108229465468151,6.0311426325444035,134
570,5.131890521837935,5.0805050067743505,5.103903679160648,5.0606624402949425,5.088176840324413,5.097098928434827,5.131197440008718,5.107752579182225,6.034009624304778,134
571,5.1300182462618755,5.0821152413909205,5.1053920239499035,5.059435633789306,5.089261196389368,5.0953507182632025,5.134310827971755,5.10739983998573,6.035814473989482,134
572,5.12869388579584,5.0829768097469525,5.1068406549984005,5.0579099204862334,5.0903129120535375,5.094227974040113,5.136655485001738,5.107001640131559,6.0431656443155655,134
573,5.127390315053924,5.084847739518791,5.1085868081958825,5.057108283684993,5.090721826673814,5.093091978400227,5.1393394672309185,5.106140666449469,6.039335061634183,134
574,5.125483860486861,5.086564948546454,5.109485664124676,5.057102031268565,5.090429133531597,5.092426788927213,5.142610549443132,5.10386867037591,6.031181808600229,134
575,5.123750227564246,5.088086144052328,5.1104884089611335,5.056916565267766,5.0900527280822665,5.091511230089083,5.145209249233631,5.101924217295215,6.036268883873435,134
576,5.122605229986125,5.089445011634031,5.112574920314906,5.0571992490111555,5.088982042660824,5.091011097092379,5.147807945938742,5.0998691291557146,6.039549574453902,134
577,5.121849706582845,5.090749043329921,5.114839655022003,5.0576904041533535,5.088671831698745,5.090214287564204,5.150387821441575,5.097166612673042,6.031732820830159,134
578,5.122166828519054,5.091690781546642,5.117052998802544,5.057938724999413,5.089052993202543,5.090082535335622,5.152680027241086,5.095234516480524,6.038882143161705,134
579,5.121297675446788,5.0926814493526,5.118960012097924,5.058437280935599,5.090594278647561,5.0908337582759575,5.154450318063716,5.09319292082624,6.044098652330976,134
580,5.120394559385716,5.092847597088248,5.120425775450889,5.058381479309524,5.09220832587458,5.090751432137528,5.1558218757918235,5.090829294616548,6.030842217422101,134
581,5.119011805670555,5.0930195130910345,5.121899281627426,5.058514981296552,5.094141672541442,5.089343804965876,5.157301691375348,5.088049363201765,6.037672409353044,134
582,5.117255651361447,5.093078185969842,5.123578877870029,5.058966716743439,5.095639153907109,5.088107053231317,5.158104664624485,5.085573859653817,6.040756357940507,134
583,5.114520139405201,5.092664195915395,5.125135519755399,5.059560915389061,5.097055314437059,5.087019416163896,5.158059685751999,5.083428952275232,6.036358944020029,134
584,5.1120465638880495,5.092535311697171,5.1268592963920785,5.060788022723296,5.0982647861328605,5.085403560860246,5.158589878271444,5.0816299783180785,6.044469277812633,134
585,5.109815039615903,5.093043051944141,5.128588293290367,5.06200699155463,5.099385935944989,5.083836117899986,5.159011320862291,5.08050756384374,6.0379286650335935,134
586,5.10722685483611,5.093332771513808,5.128955527618775,5.0628319422231325,5.100425464327472,5.082887896969972,5.158898328153459,5.079476545345518,6.033365212579661,134
587,5.104893170983476,5.093741931931378,5.130100993812663,5.063061839464183,5.10161058227845,5.082335338285803,5.158379604131968,5.078555711417669,6.032809749286345,134
588,5.102752116560156,5.0946856081120115,5.130874981962796,5.062871260424403,5.103587088345138,5.082491349293342,5.157554064436386,5.076833270498965,6.041683737912851,134
589,5.1008952684699995,5.096872638912622,5.1311300934561945,5.063394665674657,5.105356954089803,5.082742023945871,5.156491017856009,5.074603806535208,6.0271898159735855,134
590,5.098410134088785,5.098275778959268,5.130873324784957,5.06485619835969,5.107067037218615,5.0830171852028645,5.154822700208845,5.072650053747855,6.034336250141311,134
591,5.0955343648612885,5.099339838496984,5.130529215469456,5.066724362062014,5.108904493979926,5.082641252634481,5.153241868992311,5.070527737705234,6.032201458243309,134
592,5.093558042268043,5.099235453070483,5.130341225855492,5.068635045892526,5.110325008362966,5.082234509284306,5.151870091813334,5.068612221147257,6.04248292796411,134
593,5.092356410481987,5.098518453117983,5.129577622849951,5.070801165496961,5.111713675249911,5.082391820517759,5.150970238314427,5.067758335780572,6.0396226105057105,134
594,5.091302178291727,5.0972169093621345,5.129182753141443,5.073207771021236,5.112705410180081,5.082792641866731,5.150129358081004,5.065839649086599,6.0357867453886485,134
595,5.090136002094832,5.096637030286825,5.128759456164358,5.076067282382429,5.113337728814628,5.083077530055686,5.149016872889294,5.064536790691671,6.042759280717568,134
596,5.088881368425447,5.096045730527882,5.1273009662753015,5.078577491396597,5.114197225632752,5.083901702667127,5.14829384191224,5.063841778980459,6.039083854567126,134
597,5.0882712278987015,5.0952129589412625,5.126766785951486,5.080537282539416,5.114914815377706,5.085498414912409,5.147654332874916,5.062297708591062,6.042563602058796,134
598,5.087924415893251,5.094315430688198,5.126868748852127,5.082363767300125,5.115340121354809,5.087107529200196,5.146104735238017,5.060710568215427,6.038187961395569,134
599,5.087783427230047,5.0939436978551615,5.1274668036885895,5.083839584259572,5.115625749368268,5.08972526401911,5.1452400523444055,5.058501679614439,6.03733613272026,134
600,5.08788598890872,5.093901113851151,5.127733276798826,5.085006291115734,5.116209874718093,5.092157708297734,5.144444742276288,5.056369964034815,6.044666000563155,134
601,5.08824095949836,5.093981341294397,5.127750851938465,5.086435392133307,5.117082275779166,5.094653472568693,5.143588683111654,5.054580252563355,6.0478653814351695,134
602,5.089735756852308,5.094001765568502,5.127804669211454,5.0873008869288485,5.118181948649698,5.09745460727626,5.142030489880797,5.05291945254393,6.033810319392931,134
603,5.091487228101228,5.094545360156972,5.127516356270331,5.088691746700495,5.118582285300184,5.099516768351968,5.141200187113322,5.050015599409192,6.034016271034459,134
604,5.093413261114076,5.0957283699937115,5.125931063286836,5.090249188893485,5.119687251890626,5.101993903382255,5.140460382767488,5.0477056499113315,6.044535914763857,134
605,5.095164861885149,5.096447966599514,5.1251589359192975,5.091531667079215,5.120456383803587,5.104264769944087,5.1396740009071005,5.046671587411307,6.044961718892723,134
606,5.096382632173572,5.096821883230102,5.124851087134967,5.092953522290518,5.1214320722412126,5.1065821537419485,5.138614688781145,5.045940136781015,6.041397550196123,134
607,5.097113138832135,5.096939643250012,5.124254631484804,5.094335906717388,5.122370845061548,5.108926681191562,5.13743386174939,5.044737159957549,6.034691713006437,134
608,5.097254963800362,5.09795541751318,5.124169222155841,5.0957196907934845,5.123046411030343,5.110198892637645,5.136182584634362,5.04417929275647,6.03237312907402,134
609,5.097215232245864,5.09804042577842,5.123771864728052,5.097186302828753,5.124247939638237,5.112359024162233,5.134652184893499,5.044203722485291,6.042555465147724,134
610,5.097641369327538,5.097954899122271,5.12408355524742,5.097820105830601,5.125525163744874,5.1141444967359595,5.132929998439416,5.044855725124702,6.044880387972055,134
611,5.097028316510254,5.097951761346879,5.124713513212658,5.098329600572688,5.126787880226379,5.115951609566945,5.131244002848293,5.045484710298959,6.026767744520288,134
612,5.096879891321509,5.097906418837618,5.124403308348217,5.097937835962901,5.128605445288331,5.117524367855651,5.129290486626528,5.045707584683497,6.033975455847492,134
613,5.096451464109353,5.098022398655542,5.123920474598087,5.0976149333080265,5.129839069352425,5.119681084142854,5.1269363662621545,5.046205457309558,6.038844874072394,134
614,5.09557210016405,5.098995671201575,5.122758199583673,5.0974041466543145,5.131198933325545,5.121411030475775,5.125341535603738,5.047049136675909,6.028886051085246,134
615,5.095265531245732,5.100359429039825,5.12153156947426,5.097012884407916,5.132295376257053,5.1220554332764765,5.123770044659594,5.048163493509537,6.051694190521675,134
616,5.0945855252406105,5.1023328240577595,5.1197623861190324,5.097147076201668,5.133926848678438,5.123153320940558,5.1224416817646015,5.049917234120722,6.037258942491747,134
617,5.093890761056672,5.104808110686168,5.118445837417456,5.097469495625493,5.136131510497123,5.12418566533934,5.12110563423058,5.051307257404117,6.037835392625785,134
618,5.093496647548169,5.107287668925652,5.117535051707561,5.09811015781209,5.138261112973295,5.124916043798552,5.119788201689545,5.052298811606441,6.042748418792195,134
619,5.093656434523816,5.110412717204097,5.116262163088528,5.097878234774068,5.140780190494481,5.125727264871011,5.118931214991971,5.053396141625297,6.043434646915826,134
620,5.09351288364637,5.113214107217839,5.114903506600381,5.09686662296936,5.143186490389404,5.127084300248827,5.117895683650835,5.054735499108465,6.039939577246791,134
621,5.093454106018825,5.114618089692101,5.112975623354834,5.095738676731893,5.145555415682688,5.128143850195135,5.116944676081099,5.055249008705907,6.039215128807234,134
622,5.09364123817504,5.115869741423898,5.112113857099278,5.094640047597403,5.148187990405015,5.128597415936168,5.116415947138771,5.054934072034371,6.032486625701,134
623,5.093726961745771,5.116866280397645,5.110651880812865,5.094291714329038,5.150570684697616,5.128841714307216,5.116464437442733,5.055263066544839,6.032007875200191,134
624,5.093901235564987,5.118183769465253,5.109073649550348,5.093697176963884,5.152602501639781,5.128429582115929,5.116802361347673,5.055254886398371,6.038872427146584,134
625,5.094174241307283,5.119147252762414,5.1076680659776335,5.092898036037671,5.154841975330734,5.128108010363746,5.117163675320571,5.056075683764709,6.038278082818763,134
626,5.095249117401929,5.120083241111035,5.106464491778365,5.091673600747417,5.157636693463149,5.127078519802012,5.117323158562899,5.0568767421521486,6.041389170443292,134
627,5.096780257307521,5.1213146960102325,5.105280620728327,5.090299933129234,5.159893713168035,5.127007855330552,5.116585838706746,5.05808829076268,6.038146639969681,134
628,5.098365364209389,5.123391200807159,5.10452933886067,5.089021761078918,5.162668392184509,5.127297891839884,5.115472014298427,5.058749292738139,6.033644695174312,134
629,5.099687174730775,5.124941850797175,5.1037965928261695,5.087937840320113,5.165476710914877,5.127980400656108,5.113942722320329,5.059910802754617,6.0344583479746365,134
630,5.100539865475904,5.126390168496819,5.103047387165928,5.086530202228314,5.168183321907254,5.128691020680586,5.112419609665132,5.06156917714199,6.044764530507253,134
631,5.101103573522408,5.127281824992366,5.102584607402318,5.084623564193175,5.1707961813146905,5.129684668654475,5.111129265439715,5.063430424954374,6.030572430943023,134
632,5.101800686598034,5.128201055898005,5.103042794366932,5.082899800496542,5.172649436227598,5.130342082324285,5.10925947341749,5.0652643424650154,6.028857384105388,134
633,5.102352196780383,5.129340509490465,5.103392173777628,5.082316641068955,5.174424714909318,5.130479811088938,5.107625805483465,5.067778774287875,6.039223296511846,134
634,5.102630785154117,5.129410360119004,5.103249430412925,5.081768438431977,5.175545127032486,5.130451917992388,5.106539259668947,5.069981145728798,6.043208707234046,134
635,5.102877674459672,5.129614640774662,5.101754622038328,5.080840267124929,5.177509535327509,5.130399839593774,5.1060094410323345,5.072116847444821,6.040783007942708,134
636,5.1029190814626455,5.129840229102426,5.100773894906479,5.080159414127037,5.179331515228617,5.130420900520225,5.105699470269373,5.07386712294549,6.03818111501652,134
637,5.103306005969735,5.12922400833607,5.100325266007523,5.0787121520945036,5.180737997814514,5.130776275390891,5.10507800949753,5.075697303239956,6.041810420473246,134
638,5.102873647246584,5.127997438444928,5.099131451692639,5.078137137116661,5.181963451829294,5.130760850046061,5.104875340661801,5.07743223169436,6.045390911758014,134
639,5.102168336135091,5.126810316771007,5.0982184119697855,5.078325821104285,5.183217671873671,5.131610816627456,5.104481515827198,5.079499512172136,6.036078796239431,134
640,5.101517446808023,5.124947941631829,5.098031831380299,5.078664668225767,5.184615225717083,5.131769323820814,5.1041661110196355,5.081631715031905,6.045499885565684,134
641,5.100855571750477,5.1234551432993705,5.098263670805645,5.079425655551422,5.186534696489074,5.132016379108778,5.104217970177558,5.0834294971341745,6.038154208081706,134
642,5.100583587081646,5.122599619982642,5.098850651000671,5.079799246965457,5.188437566173706,5.131817978127977,5.104688618772182,5.084830865729125,6.045728226113412,134
643,5.100983372420123,5.122467204868185,5.100048690717932,5.079737359094242,5.190464937845096,5.131191030609387,5.105184861356851,5.086475875872349,6.038839781755909,134
644,5.101194882012365,5.121624846349507,5.100391178777175,5.079694826188904,5.192451874230595,5.131399883362299,5.10544059770109,5.087415589341875,6.04196123524683,134
645,5.10138274932717,5.12117424428824,5.100239347051019,5.079162626066234,5.194052338795304,5.1312435866389885,5.105831087922674,5.087777318825919,6.038281151484334,134
646,5.1016635499511125,5.120265198286323,5.100022084824284,5.078961051210989,5.196029908544709,5.131922182703313,5.106262445427964,5.088257681689047,6.03818442702901,134
647,5.102093475108811,5.119794345348182,5.099309860516464,5.078916555812499,5.1981570523492255,5.13239152657212,5.1070483481603866,5.0888181028340576,6.045456897907103,134
648,5.102199852164997,5.119339318230269,5.098625769977162,5.079717311756406,5.199165035882432,5.132093910767491,5.107611850347258,5.089257323177382,6.036318629726223,134
649,5.102185489959915,5.119039769655352,5.097856183174731,5.080444654945454,5.200614902023268,5.13147296859092,5.107880965293143,5.089746226264114,6.044043639578672,134
650,5.1021388780306465,5.1179968952911254,5.096938128356101,5.080851549329488,5.2019836154787065,5.130956431047722,5.107205361598881,5.089230824692441,6.046323578237641,134
651,5.101651540179334,5.116995804709213,5.0960198730140345,5.081675573186303,5.20348930229072,5.1308621980594005,5.105963233207974,5.088605129814924,6.026144888107572,134
652,5.101744549619629,5.116190419363807,5.0957256717687756,5.081896778514823,5.204028155041991,5.130819625999853,5.105499067488345,5.087865836524043,6.05014925702805,134
653,5.102108157809333,5.114396540298715,5.09459937784565,5.081916285361848,5.203894697975704,5.131163093079671,5.104448101413819,5.087444523883066,6.032556562405446,134
654,5.10246534776393,5.112647918413545,5.092987946102111,5.0824237533018435,5.204389023929606,5.131688565944634,5.103227174084975,5.087504813896916,6.040658163828907,134
655,5.103399711104923,5.110770551197238,5.091939331809847,5.083530948021377,5.204839312599226,5.132372986018417,5.101828774067888,5.0875285401666615,6.044130634495946,134
656,5.104306033582885,5.109035481176374,5.091068225237521,5.0845439105367145,5.204773112662302,5.132742886439084,5.100463711110799,5.086454753560835,6.040564714499359,134
657,5.105332741492051,5.108398356280468,5.090415700900583,5.085767607947059,5.204488061447334,5.133188294604432,5.098967843507879,5.085986040961522,6.036069881390947,134
658,5.1069999976201945,5.108143558375017,5.089462514304205,5.086710359794887,5.204181570703485,5.133509229713528,5.097680792590489,5.086172442662999,6.037171198210994,134
659,5.108456197214829,5.108277890355643,5.088816035955486,5.087631279479898,5.204017353851787,5.133798187459092,5.096802452626537,5.086454584969832,6.0360711136738745,134
660,5.109235815530605,5.1083249531351616,5.087784890415753,5.088127944652062,5.203793769219541,5.134167922911833,5.096061656300963,5.087651197679801,6.04805467838986,134
661,5.1098799564923825,5.108779999779718,5.086790161714363,5.0879082183971756,5.203350139420305,5.13355500049456,5.095228340809239,5.087966377730941,6.047301036339391,134
662,5.109438688994539,5.1091433709546,5.085770228050674,5.087289210282939,5.202260224572237,5.133754525584132,5.095092983314151,5.08841299165004,6.042259865742117,134
663,5.108619253565253,5.109535937508021,5.085083079149858,5.086621916891329,5.201419886389555,5.133571668154894,5.095986826566512,5.088165036520991,6.044471550905991,134
664,5.10755766648214,5.110013226207816,5.083801978239884,5.08543482236384,5.19988948527021,5.132536147917756,5.09760252725089,5.087872467922072,6.056552227416794,134
665,5.10598305101686,5.110871934068667,5.083063541389497,5.084447402803409,5.1983833268754305,5.130879633962506,5.09985973966678,5.088141425198247,6.0414484920909315,134
666,5.104383360700483,5.112090815276121,5.08275440616851,5.08311285528787,5.19646552102742,5.129301439844403,5.1023899812125695,5.0881889614633815,6.037019372334358,134
667,5.103269358587403,5.113118410099926,5.083181723207332,5.082372475234575,5.194446696236641,5.127423699858303,5.1040393760735085,5.087291473830977,6.041048701802323,134
668,5.102013932132841,5.114566557221121,5.083054535108207,5.081421546999159,5.192730499742064,5.124769170216928,5.106253927062468,5.086041057753383,6.046235360039283,134
669,5.100801187422933,5.1155013450833895,5.082811268724342,5.08023116439246,5.1910082235833475,5.122381747798826,5.107823562542792,5.084727073040307,6.034667123637102,134
670,5.099322855476071,5.116830853739186,5.082589892507109,5.078675794027947,5.190166199831666,5.11934892342438,5.108937197047376,5.083536189887992,6.0458354608515394,134
671,5.098049229149762,5.118245989780457,5.082804359730984,5.077532610226112,5.188636867448922,5.11638913740167,5.108923082649861,5.082053662562706,6.04134030134572,134
672,5.096623409565854,5.119256151688915,5.083197964801568,5.07662507847556,5.18690970558767,5.113398001543233,5.108812769314538,5.081277644047596,6.04654495069468,134
673,5.09540251798852,5.120518091522786,5.083327471874643,5.076828084210433,5.185505610289056,5.110421772195295,5.109206532228995,5.080590257831016,6.030389866160034,134
674,5.094164166790044,5.122437105145339,5.083886028193784,5.07680618951039,5.18421406955366,5.10767973820811,5.109373561040177,5.079488001626746,6.037338825339452,134
675,5.093381751409368,5.1239138828870745,5.084012113175358,5.076591934628947,5.183358709981804,5.104819551713648,5.109089660484294,5.078663391577866,6.038940173067614,134
676,5.092692507578738,5.125419415049626,5.08393020972817,5.075794267315094,5.181803608423062,5.102662047377692,5.1089006715743785,5.07855583319052,6.044126560359766,134
677,5.091701002792396,5.12665693522834,5.083200907259237,5.074711222961868,5.180133171753374,5.100522407384968,5.108661174200578,5.0786232829533455,6.045801762274403,134
678,5.090592440515563,5.127647258353655,5.081967796317416,5.073218330730846,5.177814742547602,5.09882428311806,5.107669345760726,5.078501337402514,6.0488634058308515,134
679,5.089780607669814,5.1277055999609304,5.080411804160485,5.072188578930221,5.175765180007696,5.0973543215540005,5.10661970615673,5.078455791443497,6.042262858371112,134
680,5.089190774396427,5.127603119845519,5.079696861949995,5.07146240825448,5.174038239892594,5.095722455306921,5.105882441883753,5.07918611747883,6.052838541694791,134
681,5.088394188205957,5.1279416626691665,5.079777589601392,5.070988364608263,5.17235532796216,5.093576180590889,5.105239483372246,5.080487200888086,6.033124508830017,134
682,5.088176304967888,5.129329560197132,5.079420009538785,5.070474253930538,5.170320763922691,5.0909475269380655,5.104905712131402,5.082014165474126,6.05214584625304,134
683,5.088534340324933,5.130616651926467,5.078982128754093,5.06925687782107,5.168265801774411,5.0881073228978435,5.104385687532611,5.0837911486610645,6.044615883991294,134
684,5.088626971136266,5.131499574164627,5.0782096037542175,5.067965826731963,5.166565874637612,5.085949151103109,5.103552880439281,5.086080069385587,6.041483902996827,134
685,5.088375165926514,5.132217193630217,5.07702503438702,5.066734798364191,5.164952651077835,5.083474474188751,5.103523773534413,5.088218794528511,6.039636025939482,134
686,5.088261153655926,5.133230339174564,5.076308906036605,5.0660982673046755,5.162983761003096,5.081345020949588,5.103710214463336,5.090971701983723,6.042891713448867,134
687,5.088435962622471,5.134054418342631,5.076117296460332,5.064228058350828,5.160636334938922,5.079420012000101,5.104564084935421,5.09375652299803,6.038043174702824,134
688,5.088732352921216,5.134089862593995,5.0759667824754064,5.0626739597528765,5.158661678366178,5.077866567065287,5.104310758871865,5.096672414522192,6.046093287587977,134
689,5.088652064891637,5.134544054714138,5.075913645612221,5.061848983441686,5.156500634550968,5.076711916980801,5.104145492245367,5.099952738029148,6.034290084176063,134
690,5.08870924426772,5.135490581548148,5.076586922738474,5.060146972100437,5.153955438142004,5.075184238460699,5.103852476277116,5.10300348238005,6.037183618920489,134
691,5.0881420807986775,5.136461357603952,5.076750932867191,5.057933457017988,5.1509896662958035,5.073851180140088,5.103285270951788,5.105588132931616,6.049108664459347,134
692,5.087114994623782,5.137822999900412,5.076481932406654,5.055900735066358,5.148092100339259,5.072830737856911,5.102674891712657,5.1082733462619085,6.040196633287426,134
693,5.084987620617213,5.13862361375424,5.076648462433752,5.053858879757343,5.145388987782432,5.071634902656141,5.102472477423973,5.1104897561498825,6.040457934540731,134
694,5.082596190103376,5.139075313788369,5.0765336971101895,5.052487452775056,5.142356191767032,5.070795762912956,5.1014868689801665,5.112676434924081,6.035949360878292,134
695,5.08067111665849,5.139839898195403,5.076525641132205,5.051504174456966,5.139896952690823,5.070542888143857,5.100462523939974,5.113789887417051,6.045867871855587,134
696,5.079269125829154,5.139819737246075,5.076322615125614,5.051387571503502,5.137557572728424,5.070181504384837,5.099183555811374,5.114309082759774,6.055355327814083,134
697,5.077499618485963,5.139146921664473,5.076584698774135,5.051617781006393,5.13532193749884,5.070310169623943,5.097472539376359,5.114976240096432,6.0378588594050955,134
698,5.076346264574427,5.138933965180169,5.077457816965224,5.052166987613335,5.13290548872292,5.070137547449791,5.09529594767595,5.115175913737239,6.033826666386646,134
699,5.075470282939326,5.138789883332841,5.078042653476773,5.052077271584563,5.130194551091121,5.06929839546785,5.092884606206381,5.1162220206549005,6.043491846201324,134
700,5.075327855546677,5.13812103780408,5.079078225355532,5.0524271525413385,5.127617779051031,5.068794094330317,5.0901276232173664,5.117423925425825,6.046609686176453,134
701,5.075006587563881,5.137649509075879,5.0804857819937865,5.052393367443632,5.125312405710659,5.068559868183355,5.086778927564991,5.118018891230696,6.03294462975397,134
702,5.075304690930896,5.136273586686445,5.082050120306013,5.0526849511974286,5.123304168196612,5.06792871657702,5.082694605496279,5.118709318412089,6.03704827058612,134
703,5.076019042007514,5.135247632119116,5.082444399730487,5.052797580508599,5.121390346657552,5.067631072900424,5.079867005485275,5.120238997683105,6.043767465456052,134
704,5.076245577569612,5.1336920506421615,5.083041561246713,5.053025739176119,5.118646947747044,5.068128681770574,5.077146926382967,5.121809197399575,6.041325423924914,134
705,5.076699685263057,5.132682168676232,5.084121186485028,5.053052298809451,5.11615669342238,5.068479938127979,5.075752621945761,5.123206065344897,6.042257176627439,134
706,5.077298777892736,5.13192906250441,5.085123881596631,5.0536059005870335,5.113773217216332,5.069106952968644,5.074228482780468,5.124366268342341,6.034971538919907,134
707,5.077702960321692,5.1303068815050965,5.08571817974762,5.054085253203062,5.111875927402964,5.069470045940681,5.0735621670649085,5.125895762712254,6.051827086935487,134
708,5.078557753863329,5.12868478018871,5.086166250751195,5.054775442395859,5.110614095397516,5.069324830472553,5.072756191131395,5.1274071140102375,6.039073352804927,134
709,5.079154945195233,5.12689462781225,5.086422157423361,5.055698837154178,5.10891184638949,5.069414950262111,5.071508040759773,5.128601334923717,6.042626967320222,134
710,5.080121585228476,5.124703488275971,5.086642890961437,5.056486884005783,5.1071666989566396,5.069272912040588,5.070775805629022,5.130492599485889,6.043546784123059,134
711,5.0804776271704295,5.122944750162384,5.086722147776206,5.056801106815936,5.105066271539483,5.069025325892126,5.0704001075594824,5.132047455367941,6.046145889765797,134
712,5.080454368784355,5.121244842548823,5.086769683322392,5.057940871893107,5.102370407120149,5.068059387248373,5.070216467367787,5.133484335736599,6.03196563331688,134
713,5.080327065218224,5.119858322167059,5.087027762666367,5.059304734146071,5.099355286262541,5.067185017044665,5.07083802103833,5.1344832444397985,6.056612352532226,134
714,5.080623988100776,5.118013016188141,5.087577498463829,5.060600237690416,5.09692752984536,5.065528747232533,5.07219985907581,5.135512870210205,6.03402289831096,134
715,5.080176868311114,5.116389905693824,5.088114601307568,5.061468645117079,5.093946221267739,5.0641606576668945,5.073431006510154,5.136309094771581,6.040980485364372,134
716,5.079760114367373,5.1154206368598105,5.08815189442897,5.0623068838359195,5.090869806565517,5.0627963795797655,5.074728493676117,5.136838365008426,6.044457117248761,134
717,5.079395938114351,5.113745729077539,5.088141964935101,5.062931888163657,5.088234332322836,5.061760227046666,5.075672273094891,5.13699387215955,6.044341972246743,134
718,5.078522533063532,5.11183307645957,5.088564913552942,5.062867227228656,5.0860928021845435,5.060722930760002,5.076346374609492,5.136484906413447,6.053121994182512,134
719,5.077447302171279,5.109908820648807,5.089329196136718,5.063748233578966,5.083990115982506,5.059842785455908,5.077464741647079,5.1350278702863,6.0402004977808526,134
720,5.076133987489697,5.108318265082302,5.090443894352752,5.064762829812812,5.082246225947031,5.0587960144735895,5.079124204392512,5.133659810065602,6.042030634037751,134
721,5.075758388229829,5.106915382451044,5.092175057253286,5.065178775403641,5.080344694352401,5.057976764729336,5.080830342997122,5.131909970189053,6.038464493029642,134
722,5.075184734328576,5.105684537492354,5.093725221552855,5.065290210889335,5.078674896665893,5.057004160775891,5.082434586082211,5.130516088103281,6.048828142916012,134
723,5.074460472702188,5.10421392560527,5.094595112516363,5.065880838171012,5.076791258624755,5.055953298847914,5.083734869546404,5.129224594286068,6.039973184787769,134
724,5.073555129282127,5.103564273493835,5.095609732742614,5.066859113001396,5.075706698163173,5.054789699500439,5.085966287620018,5.127918981693794,6.041665723444394,134
725,5.072647620723192,5.102605369558255,5.096220038304262,5.0669790673234765,5.0751010017358755,5.053660491055901,5.0883419615375,5.126162197139259,6.038439151501855,134
726,5.072137923669409,5.10178895067976,5.096219261884984,5.067612237520537,5.074696127559778,5.053155557167132,5.09087633945549,5.124506594675003,6.04619315818815,134
727,5.071792199039541,5.1015605331364124,5.096303393044801,5.068492223525816,5.074478968929633,5.052203058162319,5.093559235260139,5.122996087582463,6.045242047865293,134
728,5.071674176500439,5.100853045681858,5.096858118163114,5.068654190527365,5.074066420067336,5.051024249629203,5.096030291445949,5.121403263941626,6.038909215102637,134
729,5.072194332426895,5.100640651828927,5.097065547022772,5.068727363203976,5.074186631726671,5.049776804116967,5.097850319918244,5.119765675971983,6.042243553565124,134
730,5.072294017138866,5.10051043201125,5.09754988656008,5.068826021545725,5.074368962459143,5.0483021180505805,5.099752635162386,5.117930200001147,6.038077553028866,134
731,5.0721012517882205,5.100173003431185,5.097929281025486,5.068485501312048,5.074821733401183,5.046167145599665,5.1012878114833144,5.116383790557842,6.048005811498614,134
732,5.07242801271873,5.100527261278501,5.098568267422548,5.067521505850436,5.075392110429045,5.043720018830127,5.102778509368555,5.115211217550211,6.048707806718887,134
733,5.072741789139425,5.100670378025091,5.099023942928254,5.0666706290616705,5.07582425262987,5.041543849744177,5.104630867663698,5.1143818876108185,6.044563371635935,134
734,5.073533115858682,5.1007641159622175,5.098554442503238,5.066190266266354,5.0762872752936,5.03956035573305,5.106581297433479,5.113630640379858,6.054976668195455,134
735,5.074399748384222,5.100789020579765,5.098045919244683,5.066513050177864,5.077114339471995,5.038292857511532,5.108799740746289,5.1122418435684125,6.041800074190059,134
736,5.075033216827043,5.10044275298983,5.0971177457690615,5.0668075826560255,5.077829199978893,5.037486688513624,5.111331660431903,5.111128980143732,6.043534857646558,134
737,5.075997876022402,5.099413175420455,5.096187749802297,5.06680929138739,5.078474387884941,5.036163104549647,5.1139291591376494,5.109523930117746,6.042022400067058,134
738,5.077021600133089,5.0987213445683075,5.094498319913622,5.0669172355625856,5.080031756737194,5.034457410517872,5.117063187765666,5.108049704776234,6.046294654757005,134
739,5.0779337887303075,5.098627424654506,5.093162866458914,5.066770820532055,5.081640917771887,5.032662118833034,5.119675495651768,5.106518800281577,6.052644341911287,134
740,5.079308262080445,5.09843934560079,5.0917745627086655,5.066697063780073,5.084357456499866,5.030839899761707,5.12218669076012,5.104927359772196,6.049408936402007,134
741,5.0803909642447405,5.098342728551549,5.090136306448701,5.066513159214519,5.087185657839979,5.029184881735894,5.124090486740789,5.103766174522148,6.036380589644476,134
742,5.081266742631094,5.098558239784238,5.089217437032952,5.066126807564789,5.0893945858079785,5.027510279636843,5.126671409563329,5.102982580132284,6.046286547561544,134
743,5.082215710229873,5.09964007704836,5.088295960693113,5.065635926929618,5.090710442467625,5.025853555682336,5.128555104904293,5.101677969690618,6.049531548772813,134
744,5.082600731266259,5.100747735457498,5.087351559433819,5.064880417809545,5.091702414299476,5.024843896431908,5.130155315924173,5.100324112358841,6.038130498822787,134
745,5.082430460170558,5.1028999287321,5.086594658720679,5.063913977011983,5.092499116215247,5.02366049434502,5.131658663129627,5.099284722216867,6.045401793146541,134
746,5.082645401151122,5.105484357416184,5.086080116912907,5.0632132701979415,5.093529005803839,5.022891488120538,5.132934386747744,5.09792150868788,6.05202654696704,134
747,5.083076664155037,5.1078438590540305,5.086348915718938,5.062960226983499,5.094514467597227,5.022563969342017,5.134028191467495,5.096798029977119,6.039865655347589,134
748,5.083486409375662,5.11024364556849,5.08655244766334,5.062708250119712,5.096132183398267,5.0224200281492655,5.1347332778639,5.095358975638,6.048350224505758,134
749,5.084338870473305,5.112294739855267,5.0866565882276635,5.062542947830286,5.097644666060377,5.022422299682636,5.134635976569211,5.093430519141453,6.04447551355487,134
750,5.0850785546620205,5.114407137316416,5.0865874911112545,5.062544134644965,5.098938895785665,5.022899883088586,5.134228387412007,5.091945887830292,6.041695142811333,134
751,5.085607388084585,5.116481203275555,5.08638685859305,5.062859341889266,5.100642854696058,5.022669673261962,5.133783332477275,5.09008286394039,6.057667307582822,134
752,5.086112460291467,5.117873490706648,5.085809862291806,5.062973704208784,5.102410648960787,5.02233935519111,5.133056412883562,5.0878033755300685,6.048095715442231,134
753,5.086660874107228,5.119255884059531,5.085316876283217,5.063707310381919,5.103763737243766,5.022095798778776,5.132342841076005,5.08573696449113,6.048323918256778,134
754,5.0870225733653,5.120464021649251,5.0845933247015385,5.064224111140772,5.10432480349668,5.021604103463488,5.131179263158787,5.083999995082106,6.037391205772431,134
755,5.087475152294028,5.1216185379250705,5.084109744766409,5.064243803883232,5.105110921083061,5.0215993052187144,5.129102400863015,5.082865423376231,6.043753568118569,134
756,5.088780943883128,5.122532558811173,5.083739777576149,5.064623813670862,5.106340057098863,5.021478082975632,5.1267935026717435,5.082074803823551,6.054285059814674,134
757,5.089562962490051,5.123032190804376,5.08304576908909,5.065287247513231,5.107820746096882,5.02238411155091,5.124218732640365,5.081563791030259,6.045111537721666,134
758,5.090490598359327,5.123424818954888,5.082464215244352,5.066048151145296,5.109001714017524,5.022488134157543,5.121858884594326,5.081301307333921,6.047421429827261,134
759,5.09177671632955,5.1237419474121015,5.081901076680249,5.067290923204074,5.110573463231679,5.022651727233926,5.119456056502642,5.080731876661078,6.037533891823491,134
760,5.093098375311117,5.123428336077719,5.081522150374247,5.068281341585187,5.111591250490257,5.023254518902251,5.116806897127825,5.080342192819488,6.039289466859451,134
761,5.094636801184815,5.123259335817051,5.081625351240074,5.0692936429450945,5.112216268487004,5.024178585260745,5.114278902999606,5.080547437256898,6.042438015983514,134
762,5.0958002406389715,5.1226868378767065,5.081640053162254,5.070035483882554,5.113003218473338,5.024403886178574,5.112213265937559,5.080138125505703,6.04852189009465,134
763,5.09640650933622,5.121386725750958,5.081184098958488,5.070868204326898,5.113772258227661,5.024879857760997,5.110337410330352,5.07935880976429,6.056238873569302,134
764,5.096798764166085,5.120458882081021,5.08108009950853,5.0725564811168145,5.114899164859812,5.025809836141204,5.108618549855002,5.078897334424436,6.041462700528023,134
765,5.097479364969487,5.11917296716579,5.080858959725445,5.074392226320226,5.1156259475630375,5.027347856062536,5.106959453349955,5.078727473566129,6.043967329530451,134
766,5.098624212837361,5.117808636581009,5.080842445000748,5.075865885981207,5.116544217763273,5.029052335571128,5.106161423417813,5.079021825364534,6.047726776780693,134
767,5.099382984650328,5.116458660251008,5.080749938615261,5.0774121388819955,5.11662835723504,5.030617360147163,5.105740590308832,5.079839779030278,6.051333222738842,134
768,5.099875966708302,5.115151098852758,5.080974154759427,5.079612818868644,5.116558525557394,5.0324481486369255,5.105379728916016,5.080783590254132,6.049665732272429,134
769,5.100748749195077,5.114477828659474,5.081134093992838,5.081924336489008,5.116255752412667,5.034611597283221,5.105407602846267,5.081725870060821,6.053670997734541,134
770,5.10116793882953,5.113744502667318,5.081487364948672,5.083639662682998,5.116522208724659,5.036887123234122,5.106035888780685,5.082840945223547,6.041936460265621,134
771,5.1009658480920255,5.1128307011920295,5.081917785183533,5.084854690146618,5.116297426340843,5.038858423612988,5.106411195667263,5.084443092375298,6.047247588180588,134
772,5.100536020959476,5.112243623439479,5.082910871202776,5.086239477827829,5.1163938622783265,5.040509948872092,5.106091435057168,5.085600934408944,6.041592744387015,134
773,5.100639495542827,5.1116437762191875,5.083955787362014,5.088155668681537,5.116505546211349,5.0424939838726335,5.105549379429423,5.086809372090775,6.046235558256399,134
774,5.10071926931471,5.111393550984174,5.085212195501811,5.090193121120057,5.1158028710276655,5.044983672774737,5.104823795094565,5.0878371684107275,6.052702173826526,134
775,5.1008026879127755,5.1105359854346615,5.086464192485505,5.092682459478967,5.115185037295839,5.047872522876633,5.104313611142083,5.089417553302839,6.037243878490754,134
776,5.101390853246061,5.110008087360548,5.087811267648956,5.0951379320774635,5.114582693534007,5.050242041703696,5.103725769944477,5.091255939751214,6.042524770717193,134
777,5.1016506044533,5.109716841945036,5.088963619851069,5.097514020313725,5.113598942775503,5.0526491875684325,5.103317451896642,5.092955412475143,6.043382178489688,134
778,5.102219557218242,5.108797332572287,5.0898040341992035,5.099946068544041,5.112634797214834,5.055328989198688,5.1026206962216865,5.094794333919872,6.046736248767054,134
779,5.102446979643188,5.10767270033292,5.090398430843919,5.1025794275723975,5.112088910964704,5.058046578503538,5.102286790122136,5.0970942644973505,6.052793130537271,134
780,5.103142498135338,5.106677686766664,5.091217314193777,5.104776112258,5.111683328390721,5.060767166239765,5.1026080305355075,5.099326166331874,6.036156167881511,134
781,5.104231773200772,5.104845398644297,5.0921565303690475,5.106380800744503,5.111746951055524,5.063646641124189,5.103164550257623,5.10103324036851,6.050418899143691,134
782,5.104736997712565,5.102626992505331,5.092947531578872,5.107985337382928,5.111650979456884,5.066311820655525,5.103497716912035,5.103064421258247,6.043972131091012,134
783,5.104784447900369,5.1005693672870684,5.093139010805172,5.109439949946982,5.111566886842833,5.06843513168598,5.103847025861308,5.104594224593799,6.050535468942204,134
784,5.105035855832583,5.098547574065426,5.093665440048937,5.110526944862164,5.111154106759347,5.07139094047175,5.104027699992045,5.105893059500819,6.040538696731967,134
785,5.1050207042293865,5.096226812019504,5.094240513805801,5.111605621225858,5.110768075751291,5.0743403269948715,5.1043131689314025,5.1075122206825405,6.050987756598878,134
786,5.105080595254443,5.094372735510235,5.094736468925596,5.112821702674401,5.110340482532615,5.077157755594756,5.104750585256744,5.108560225864222,6.051113104336384,134
787,5.105352052137446,5.09301070868738,5.095129390426635,5.11346695585436,5.110369069451701,5.080631044784971,5.1053500867892065,5.110076358633132,6.046228452002281,134
788,5.105531514688977,5.092284599870686,5.095734450624385,5.114008180414184,5.110829328637706,5.0838287872699395,5.105933731087528,5.1114375631864455,6.050253227792161,134
789,5.106325781857953,5.091764806180974,5.096285192436621,5.113965494883895,5.112373732050621,5.086603836484421,5.107138583957209,5.112118565666,6.051797104475038,134
790,5.107535874600975,5.0913221929455865,5.096714675204759,5.1144111794780285,5.114002070373713,5.089550873599641,5.108974661050654,5.1125686706533156,6.05289859877233,134
791,5.108422651229398,5.0909884190088,5.096665304006105,5.114973966487457,5.115487474660707,5.091902393895653,5.111286110701003,5.112614376228075,6.054610855538711,134
792,5.109288149962932,5.091108352767579,5.096717622430335,5.114677424973508,5.116803876965677,5.094149753960316,5.113738742883099,5.111744566466461,6.0427598500418815,134
793,5.110180100909293,5.091209498473781,5.0968130044387845,5.1143663142888185,5.117720813783578,5.095353888178467,5.116095769745158,5.111145368654345,6.045212470833668,134
794,5.1111051287973,5.091000229429685,5.096912368625345,5.11426559179527,5.118837380776305,5.09721650051222,5.118140684306194,5.110289900418273,6.039910418418066,134
795,5.112034573906892,5.090877398940073,5.097327542026828,5.113900076279857,5.1199254820656375,5.0989349307152825,5.120330579389625,5.109985058932901,6.044522207645934,134
796,5.112867537046402,5.090891934356682,5.097123460204205,5.113420365094509,5.121010873979141,5.100126512026035,5.121696956941214,5.109315457747364,6.0557681470716265,134
797,5.113324151083125,5.091212058408971,5.096511405688723,5.113331972613331,5.121974383369745,5.101452958208313,5.123052301332105,5.108036454238683,6.046627742885597,134
798,5.113780714262194,5.091561189293775,5.095706630120727,5.113997820351486,5.122522126104336,5.103072956469397,5.123839536566239,5.107012662595449,6.0437732346785005,134
799,5.114720675699894,5.091930119502872,5.09545620330846,5.114291957623496,5.1232429289226715,5.104933657333942,5.12473171335058,5.106528147597852,6.046638261369515,134
800,5.115604191206139,5.092208571883661,5.094791557919546,5.114415904432812,5.124124918542015,5.106145513647819,5.126200160029267,5.105914899197135,6.042476752770675,134
801,5.116398275016666,5.092515775787271,5.094185093872411,5.114186317930514,5.125009815278684,5.1066811681849735,5.127861744010643,5.1054665004149165,6.045858226786521,134
802,5.117028454772845,5.09321375993885,5.093677324867488,5.114424799423334,5.125269456271903,5.10699263667355,5.129013811460268,5.104386979990383,6.044498867586908,134
803,5.117815281070451,5.093577103337806,5.093422121857635,5.114720331645105,5.125875901090616,5.107163123489356,5.12994761066217,5.102811519483551,6.0432104151439,134
804,5.11879059527312,5.0937603872870465,5.093415458843406,5.114992496012891,5.126576579001421,5.10690202758889,5.130840866489562,5.10093457591486,6.043215854826612,134
805,5.118905886472256,5.09391666045357,5.093198511067895,5.1150564322972025,5.127475321997528,5.106557894787398,5.131892216600452,5.0996319557371645,6.040998223935132,134
806,5.11890340062676,5.094424691044791,5.093181702651528,5.115430209774639,5.127927245666858,5.10578273686855,5.132119731780054,5.098451102622963,6.049955614676203,134
807,5.119147015218802,5.094995303952826,5.092836450518564,5.115994596675726,5.128383694191147,5.104923281936433,5.132591094097846,5.097100322971885,6.050783583613887,134
808,5.119073104250346,5.09564818161674,5.092406053243061,5.116541479622095,5.128658527694217,5.10383248962715,5.133263186631595,5.095718888287669,6.042625004438874,134
809,5.118766735822333,5.096873367282685,5.091588001307873,5.117006488285382,5.12916614219848,5.1030743774445,5.134135645710372,5.094316593986013,6.044077173634241,134
810,5.118160631872643,5.097581093914021,5.091188369062259,5.11740510918148,5.129882810574485,5.101920973491625,5.134479965751551,5.0932633918051415,6.043316405004194,134
811,5.117825339621666,5.09819033282867,5.090812277560573,5.117432411179276,5.130718166112501,5.100434480584859,5.134743252229583,5.091587538140648,6.045769501830712,134
812,5.116580472061607,5.0984691322194395,5.09024615469132,5.117573716419624,5.131203912641707,5.098809170075196,5.134924359143302,5.09013325660716,6.043238514493877,134
813,5.115326293795275,5.098160315370943,5.089112061474193,5.117929065941913,5.13161629873496,5.097122547759744,5.13465374673947,5.088527974490422,6.041782627186153,134
814,5.113733345684337,5.098218631822519,5.087854692956482,5.118340239004873,5.132090019302936,5.095212989400531,5.1344258078488165,5.0869023462800484,6.0520112173546385,134
815,5.112329729977112,5.098512794217802,5.087312868671274,5.118742847819098,5.132147104002824,5.093459274350784,5.134141984507917,5.0849613056813165,6.038263386018812,134
816,5.111660460146638,5.098606906349136,5.086342072424306,5.1193585467876925,5.132369808785594,5.0918113593561385,5.133226207332159,5.082575457136972,6.039789476132713,134
817,5.110660611964224,5.098675779857612,5.085222764570235,5.119775702555034,5.132872732224241,5.0899160999194635,5.13280533974487,5.0807735485267775,6.053156079342918,134
818,5.109813593667584,5.098908471968805,5.083895173976897,5.120224451079418,5.133168546125498,5.088457148385136,5.13259528181209,5.079117166478657,6.043363476275791,134
819,5.109196967238929,5.099290302103468,5.082619348891808,5.120776890169728,5.1335666221177725,5.086680919417438,5.1322982301760005,5.078075530162411,6.037800963889043,134
820,5.108210951777441,5.099699635798855,5.08156762746499,5.121055029188135,5.133637241259865,5.084604068027182,5.1320320504024615,5.077035444670923,6.041421176430241,134
821,5.107274438154377,5.101269896610415,5.080582895603177,5.121335789035857,5.1341568217030185,5.082179519165329,5.131834217006264,5.075848611970308,6.047685337869201,134
822,5.10636697819207,5.102801472972315,5.079432980673285,5.121778440899241,5.134300929521458,5.079707930182861,5.131204224481234,5.074588376611215,6.039948020266028,134
823,5.105917908253265,5.103615149436728,5.07833399223649,5.122580370507129,5.133949340589144,5.07710229802775,5.130670054056428,5.073819453756399,6.0417799265995935,134
824,5.105977598638457,5.104203677074015,5.077473386238877,5.123721157812599,5.132944314648123,5.0747911095673786,5.130326721344936,5.073615687064944,6.041204806664569,134
825,5.105848131364464,5.104452546573689,5.07660125279096,5.125040783865797,5.13104658613339,5.072986120863942,5.129561154230797,5.074137783629188,6.04894640437672,134
826,5.105471524467052,5.104586421619375,5.075760730730962,5.126633326822084,5.129355941082596,5.071246863395656,5.128087926519171,5.0742708200928766,6.05095187859066,134
827,5.10516442582786,5.104662436765948,5.075516659947848,5.128120762940823,5.127200880721384,5.069768038156166,5.126452329759755,5.07498587435235,6.0462277559953606,134
828,5.104498687095339,5.104303007764469,5.075193992973842,5.130282042045975,5.1246145099181994,5.069009788336336,5.124949731323587,5.076270410991532,6.048088759890655,134
829,5.103608125309559,5.10457107320012,5.074945748170492,5.132540089714837,5.122683335807462,5.068324583033061,5.123278561437262,5.077199673113933,6.050457716765624,134
830,5.10263273637497,5.1052436597741675,5.074364347001171,5.13391810705854,5.120969297619779,5.06760714710782,5.122029508229847,5.0782394953884875,6.051414103815912,134
831,5.101357262083075,5.106025953541229,5.073579963242468,5.135328546136467,5.120207730398402,5.067219279677927,5.121068735743287,5.0785654170373515,6.049674783297006,134
832,5.100029101246893,5.107056615325462,5.072870481922431,5.136604642305192,5.119442435997691,5.066770565730208,5.120604102048988,5.078584876825553,6.039737776593533,134
833,5.099400068024799,5.10747547641299,5.072352988383089,5.1382305360311875,5.118399490540675,5.065951189227789,5.120446516777582,5.078615621220477,6.046882625593077,134
834,5.098598905355555,5.10803683072348,5.072517949477701,5.139108173947457,5.117487455899003,5.064647266787477,5.120924129614562,5.079131969259447,6.043309066953834,134
835,5.097443325623877,5.108452702859164,5.072859188436858,5.139905619904752,5.1157321351146,5.063028448460925,5.1211544837256735,5.079379842505042,6.054911244628845,134
836,5.096648731812547,5.108866836370934,5.072957805767505,5.140583049781241,5.113666704313969,5.061433531933378,5.121168663901341,5.079852009035415,6.046786250618534,134
837,5.0962292815032555,5.109439803374881,5.073218418018121,5.141503017136514,5.111545554931979,5.060269570160296,5.120684430442131,5.07997258576211,6.039969148932665,134
838,5.09519261204183,5.109933112114078,5.073508531025304,5.141936503725633,5.11023028811001,5.059193730040588,5.120148423243373,5.080641205144218,6.042810430180915,134
839,5.094290337559087,5.110389014128415,5.073788732041138,5.142441472051495,5.1084744088819,5.0588024978213495,5.1194591226834385,5.081650957432144,6.055385604418762,134
840,5.092774576828207,5.110862294051204,5.073816977792514,5.1427017804912065,5.106871891253839,5.058915156312826,5.118801602285636,5.082222995174002,6.045458179894617,134
841,5.091912678108134,5.110913546421468,5.073913169730131,5.142788148727582,5.105710946480248,5.058771485308011,5.117264694052217,5.0820368430335225,6.041372764878808,134
842,5.091375458460975,5.110217102757325,5.07430756436403,5.142675464930773,5.105187147419164,5.0591868576466,5.115886871662736,5.0814533194244405,6.054311503426614,134
843,5.090961812899751,5.109204360859854,5.07495410252535,5.142020916179794,5.105262541400421,5.059232768433594,5.114110592456958,5.080656515782369,6.037212468676486,134
844,5.090622489149245,5.108504386256486,5.07541558949383,5.14073153866876,5.1058637123936315,5.059375323435732,5.11238716545324,5.080301826076633,6.046950695763403,134
845,5.090167925381563,5.108043499071399,5.075999528297061,5.139362112023082,5.105816419502114,5.05882238770921,5.110819048489872,5.080195849000722,6.039836718306962,134
846,5.0897059936281135,5.1079090615303455,5.0766566105608,5.138191418257928,5.106117801134642,5.058665061348963,5.1099344639430395,5.0797182603268265,6.043199172397757,134
847,5.088967361706111,5.107462106740219,5.0774643150664165,5.137104499998346,5.106283934050669,5.059203370545285,5.108965437987457,5.078722908207935,6.056317665679478,134
848,5.088578637518944,5.107019306383327,5.078427997754431,5.136122324236782,5.106686238618027,5.060253528464775,5.107732430536378,5.0775457061469815,6.058693170501939,134
849,5.0883093848394445,5.106653711530089,5.079800400815226,5.134856504008754,5.106597281036178,5.06097056131172,5.1067496258310205,5.076652229372443,6.0464512637987795,134
850,5.088301615343102,5.106429068244504,5.080859237706585,5.133129722384407,5.106719796837242,5.061946690572043,5.106175012680776,5.075566437680669,6.0504784981145505,134
851,5.088497354005076,5.105939788047925,5.081354951927285,5.131634084279238,5.107177775563981,5.062900250555332,5.105754815271361,5.074550924220407,6.05804932287676,134
852,5.087572851346502,5.1056951652099105,5.082205557344407,5.13057919701026,5.106923170169181,5.063310502317421,5.1055535631431335,5.074069875639658,6.049958782260542,134
853,5.086834037030579,5.105050100925555,5.082921019269575,5.13003121727435,5.106277667257407,5.063949877666789,5.104500532012198,5.07362027558548,6.040558202654973,134
854,5.0861710540681315,5.104402637344027,5.084048049358378,5.128725340531707,5.105911811162677,5.0646158539069965,5.1038483962268,5.072560783259621,6.043725351717794,134
855,5.085392050677762,5.10340720873779,5.085458521527274,5.127407569612615,5.105394651465252,5.065399718031218,5.103118558791372,5.071364465202681,6.065545496606619,134
856,5.084927062975023,5.102593909694123,5.086579583026054,5.126099405403949,5.1057697606146135,5.0658259062118915,5.103208441133797,5.0700215661870995,6.05318077595454,134
857,5.08477145274372,5.100872335960583,5.087841203452969,5.124935341605878,5.105867242876185,5.0665353610038935,5.103260000358116,5.069212962607086,6.0504157614056595,134
858,5.084391939600368,5.099155531178843,5.08932352352994,5.123375843093086,5.106580709227315,5.06723326228146,5.103406270165071,5.068350940370008,6.040281326194832,134
859,5.084064613002955,5.097635833575458,5.090747390464649,5.122158810683555,5.107517049684126,5.068103414154084,5.103659734340187,5.067700682059042,6.044127670414884,134
860,5.083487005313783,5.096271558746061,5.092234105741472,5.119962788203047,5.108767468311167,5.068910703903186,5.104032777453127,5.067034605760055,6.049558567134482,134
861,5.083080113240952,5.095346650903258,5.093681859972259,5.11761518147815,5.110191733832245,5.06949038315714,5.104532674183156,5.065910524730533,6.038204928762995,134
862,5.083080559945381,5.094603602835803,5.095489875894684,5.115935231808631,5.1113925718881905,5.069665582887466,5.1056759643313026,5.065439142053997,6.044301450029048,134
863,5.083170677661899,5.093886768876153,5.096944558225303,5.114507186237114,5.1129415538664045,5.069954495701993,5.10670343762254,5.064873634499749,6.050390004551063,134
864,5.083203970762206,5.093438032012881,5.098344006246329,5.112869679649651,5.114604881533141,5.069929011366476,5.107002907522059,5.064150443390458,6.053535142405186,134
865,5.083357275758823,5.092114023610762,5.0996502585398025,5.111279505238562,5.115717118530032,5.070176793950212,5.1078283984637824,5.063826292610773,6.055643182143799,134
866,5.083965627796063,5.090013026144386,5.101360027917312,5.109914368529502,5.116383879841999,5.070098300489684,5.108747699617627,5.0634623091554065,6.055831058991,134
867,5.084467457491658,5.088044516398658,5.102656509313865,5.108152070992874,5.115945586273197,5.0695894783473685,5.109442094455108,5.064151059662298,6.045070682456791,134
868,5.085172260893684,5.085839317965304,5.10438009929546,5.1070518940608025,5.116028676623436,5.069047941721288,5.110414673285548,5.065437095711098,6.049637894510536,134
869,5.085366587884465,5.084323034254635,5.106520260185496,5.105612237172966,5.116697171677185,5.068342696984711,5.110962501533362,5.0670700804289455,6.049976686462848,134
870,5.085449070231546,5.082653585740842,5.108308452634084,5.103622792756896,5.117516523848512,5.067715962416742,5.111095030772532,5.068381156299288,6.049093085217054,134
871,5.085711058000015,5.081354139632,5.10980900783553,5.10213053624194,5.1190800373279055,5.067506263259446,5.111406777448145,5.069754171935308,6.042063613548228,134
872,5.085809531962509,5.079958249349284,5.111390138102916,5.100909603544986,5.121086076280271,5.06750548874261,5.111385520122809,5.0709674226475325,6.0358654502268045,134
873,5.085224396899229,5.078559764369755,5.113269798714285,5.099596238616438,5.12322995512236,5.067293826893572,5.111898224884547,5.072174603573801,6.043551323365187,134
874,5.085074494933297,5.0770270909313915,5.114651399755379,5.0981312177470315,5.124658358741972,5.06737341709576,5.112024979212666,5.073389403266999,6.0557562336617226,134
875,5.084879583979028,5.075776651224082,5.116169609977625,5.096377207931958,5.126709066755653,5.067600597437636,5.11196873255307,5.074584494510271,6.047113189454974,134
876,5.0850855714136145,5.0743667460036725,5.1180777047965815,5.094356631232545,5.128731588811151,5.068732064024969,5.111884083740386,5.0759642394504105,6.048265997933232,134
877,5.08549796735678,5.072957963205598,5.120152648030112,5.093093771198928,5.130457186777831,5.0698564078422255,5.11204906373675,5.077398657515376,6.042204485770504,134
878,5.0857927754633385,5.072217999355379,5.122453201474507,5.09172027605794,5.131319973349786,5.070501553797977,5.112138402023785,5.079109925321887,6.049703765862074,134
879,5.0862110404931835,5.071960406067216,5.124593601576693,5.0910469823330295,5.132162482573834,5.071606229809891,5.112676531228717,5.081141804571107,6.048425497547902,134
880,5.086867648253117,5.071682423333694,5.126485406024587,5.091155547446602,5.132750719803102,5.07289475139029,5.112482481964022,5.082177478780411,6.042862825606223,134
881,5.0873447642850635,5.071121309944131,5.1284373845385955,5.090967236581533,5.134153034996318,5.074808162082814,5.1125737401960265,5.082618806829445,6.043701278564018,134
882,5.087696312720999,5.070204946768575,5.130084454134985,5.090166189638885,5.1351651352537635,5.076835741616788,5.112973810954317,5.08332366396382,6.044531263011235,134
883,5.087656473767559,5.069711720593709,5.13117188553642,5.089376554103408,5.135914070988125,5.078063713622274,5.113425570148474,5.084676467191952,6.052870492890811,134
884,5.087443281718302,5.0693928928096685,5.132583431457873,5.088661985830513,5.13622855802641,5.07925537238908,5.114230042591208,5.086146207588075,6.048156554104652,134
885,5.0875095288917,5.069598898552744,5.1340414217672325,5.0883240694929315,5.137269942895743,5.080598108172731,5.11452862208135,5.086982079556781,6.039027353245682,134
886,5.087866267550127,5.069090382763678,5.135852485660925,5.087625908152309,5.13788104535347,5.081909977302001,5.11495450777597,5.088226748010474,6.048616944293646,134
887,5.088116086367801,5.068990339121363,5.137835335622203,5.086736365424182,5.1387382614055594,5.083237825583629,5.115400513104552,5.089487233878213,6.049176097358601,134
888,5.088714700311362,5.069248373556038,5.13924122189016,5.085480412031252,5.14038071462538,5.08509993709341,5.1161939916953685,5.090451051764763,6.049127979118175,134
889,5.088926331309757,5.0700194992605745,5.140316254932033,5.08472431998582,5.14158655997001,5.086211253406521,5.117090819277328,5.091487927352893,6.043726107413217,134
890,5.089062876266791,5.070795552704967,5.14113525490967,5.085038723396733,5.14261023665407,5.086817975424859,5.117553926829087,5.092633920851373,6.04401480611373,134
891,5.089495852126646,5.071732284177839,5.141824335290429,5.08496685711858,5.143397687404784,5.087427304490864,5.1180010236547,5.093734141503369,6.053634575117999,134
892,5.089863184548962,5.07265995319079,5.1423287481652125,5.085381827158727,5.1436289008686025,5.08854921610914,5.117696665113218,5.094956842038059,6.048826403583378,134
893,5.090116825655299,5.0741350564702525,5.142841600304573,5.086343314635093,5.1442654319944126,5.089503244797389,5.117332883046942,5.095691599635467,6.046991434708936,134
894,5.08993021180645,5.0759321092796155,5.143135162693133,5.087578753235763,5.144920124172433,5.0904289225772965,5.116973057389867,5.096896928606336,6.0546429218718085,134
895,5.089366160266461,5.078038445061271,5.144056961216015,5.088678368496801,5.145420461250955,5.091125435083242,5.116418534271247,5.097541274876246,6.047455356053066,134
896,5.088558324312704,5.079885211164885,5.1446261450099176,5.090535853175572,5.145795276472707,5.091461475699658,5.115718745890442,5.0980666661319445,6.050542595557556,134
897,5.087770886781926,5.081997299650286,5.14484465368983,5.09249594634875,5.1461897151122065,5.092556159621902,5.11490989767956,5.098994760076005,6.047735994121311,134
898,5.087196502900806,5.083407503728067,5.144501829868258,5.093296037973607,5.146512605157419,5.094298345316468,5.114083083355284,5.099390123175229,6.05172847551548,134
899,5.086267829700885,5.084683421955992,5.144419637780947,5.093927909215771,5.146719549955643,5.095861145594426,5.1135731711417876,5.099769153778288,6.049241178626021,134
900,5.085643734766219,5.085787102092839,5.14416259913308,5.094221527551182,5.1470133574415575,5.097953847675516,5.113713620880416,5.0998858298041725,6.041254219426901,134
901,5.08563259879973,5.087354659183955,5.144200373683438,5.093985258323354,5.147721692388961,5.099611639382843,5.113807015482486,5.100176508550496,6.052041665232437,134
902,5.085659227100676,5.089594568899767,5.144202255333473,5.094229083744723,5.148781327465056,5.101350218555558,5.113702767360703,5.100622312047733,6.044912368327743,134
903,5.086057043709934,5.091491274040218,5.144704966319088,5.0947148058980325,5.150159861890062,5.103119489238271,5.113385723143432,5.100844893364652,6.0496622013582355,134
904,5.0861110932350835,5.093303038415902,5.145315751820565,5.095054642864803,5.151098732156292,5.10504454257742,5.112784420150458,5.100956143666573,6.043316634548449,134
905,5.086322839587918,5.0947948208550375,5.146147116026794,5.094969156859072,5.15154993244713,5.107056514038394,5.111899398539901,5.100792430174001,6.050609801221889,134
906,5.086415091323547,5.096389714019304,5.1466985909180005,5.095899489448376,5.15220003273535,5.109345969488817,5.110625831289942,5.100427185098885,6.047679034063037,134
907,5.0867506225148125,5.097816280872809,5.1477127289827,5.097039277653911,5.152671303129086,5.110805207786816,5.108944077318943,5.100112412445991,6.051271287388657,134
908,5.087735265922918,5.099144707932181,5.148942569183928,5.097978399062088,5.152557109784713,5.112067562266288,5.107086683817439,5.099640288826408,6.050926352860258,134
909,5.089287436010786,5.100573029075299,5.150022261611751,5.098935764842652,5.152402986495618,5.113555351412979,5.105139643418331,5.099654324553713,6.058414510957376,134
910,5.090655249614578,5.102028638191941,5.150814450158871,5.100095649865028,5.152356591875102,5.114626784770893,5.103269547810194,5.099753348199938,6.051669746361106,134
911,5.092075519613703,5.103744542685476,5.151354904686535,5.10131102916537,5.151844829796105,5.1154053269416755,5.101418524684698,5.099848203849673,6.051470556982776,134
912,5.093075945640784,5.10516657160457,5.151853076435806,5.102441336393774,5.151353652021816,5.115204769991515,5.099494292088702,5.100293587644782,6.036771649409661,134
913,5.094100330097637,5.106780934160484,5.15214263012063,5.102871002854892,5.150913962879931,5.1147385856336145,5.097597727372019,5.100906640802746,6.0479598980571,134
914,5.095090974174022,5.107518588178177,5.151940793524286,5.10330334015438,5.150606718087248,5.114301136370742,5.096171432436434,5.101566061667249,6.0487364224803954,134
915,5.095922827881782,5.1078852246012385,5.151847917489027,5.1036326878966065,5.150128439094272,5.113397247074584,5.094913273724591,5.102221037988284,6.042127037152621,134
916,5.096911446685759,5.108179862533296,5.15193264240073,5.103779727695019,5.149586674975552,5.112317277731574,5.094537149910608,5.103444059429462,6.051028956384781,134
917,5.097848521327544,5.108282046229894,5.151719652140635,5.104042516390985,5.148873682398113,5.111150921521926,5.0941543169036,5.105113443546497,6.045485253395023,134
918,5.0990180547657715,5.108970885059367,5.151576504385027,5.1049073345034985,5.1477729926771465,5.109776140070711,5.093184863512396,5.106580124307095,6.056302356757603,134
919,5.100653553443234,5.109508761240651,5.15153085735831,5.105788594083293,5.146686564133017,5.1082437359214055,5.092373980606944,5.1073520057786235,6.0474524522503135,134
920,5.103059616428482,5.110097462847563,5.150927970644363,5.106577323371756,5.146017180438411,5.106377654313576,5.0915020076791,5.107824211419384,6.055267347580614,134
921,5.105197095175029,5.110274462934888,5.150283365051759,5.107049428860114,5.1452127003234045,5.104507852703534,5.090725733186364,5.108498509454439,6.048082501565351,134
922,5.106864871475329,5.11064222089473,5.149830267306219,5.108255703470482,5.144872545883411,5.102539049879022,5.089325833391209,5.108596788702314,6.048085194122338,134
923,5.108483911489655,5.111110817131722,5.149433697557139,5.109090337477112,5.14450620629829,5.100400939447516,5.08802061550853,5.108978441998648,6.048563369521762,134
924,5.1098329157681235,5.1106604499651445,5.148661278466717,5.110095192075109,5.144048009554588,5.098119113515705,5.086845875700292,5.1096762874136,6.045619806550329,134
925,5.1115224388423,5.110406480164598,5.147830827165368,5.110757114750723,5.14396896046352,5.096492315592949,5.085880251947857,5.11010084911705,6.047409639898351,134
926,5.113307018169849,5.110227001269459,5.147464113714772,5.110904662972715,5.14404544636543,5.094651481589093,5.084852415627619,5.110311598681264,6.0504850314636425,134
927,5.1148827065494515,5.110042929588335,5.147418761582313,5.111059558779409,5.144064654371413,5.092592210543018,5.083949378800154,5.110133177877495,6.045881669439713,134
928,5.1167200890971385,5.1092711867859775,5.1472879499184385,5.111039324119623,5.144473674608292,5.090454003533635,5.0835473599146095,5.110000372704267,6.041874412280233,134
929,5.118045114639153,5.1084564464624345,5.14638658267309,5.110409380441229,5.144582071866897,5.088543395327072,5.083203537312097,5.109945281529825,6.060298113578322,134
930,5.119325231022977,5.107204495601468,5.1457047881297235,5.109866250973378,5.144411751617402,5.086401688112643,5.082608157283733,5.10955145377203,6.036088785413293,134
931,5.120229229949784,5.105694935456292,5.14460900396497,5.1093567740002115,5.1443626171374754,5.084240530153801,5.0817902708777005,5.109287549610814,6.052248637514679,134
932,5.121500679783763,5.104476314359676,5.143464544487213,5.1091625315110605,5.144429333660722,5.083033784322151,5.08135487724501,5.108561572598049,6.043954523449728,134
933,5.12210028023499,5.102292279110973,5.142404363967036,5.108951808758326,5.143928430703826,5.081157923476827,5.080994313642581,5.10779343891762,6.050962777515147,134
934,5.12173162931037,5.100706988721301,5.141501243510932,5.1086947459430405,5.143463249731632,5.079336333881166,5.080638974443777,5.107034494958729,6.041866620632858,134
935,5.121548505086606,5.099312400022696,5.140587698195088,5.108203672090977,5.142959144767824,5.0773707379105835,5.080163468819917,5.106166614342346,6.042073049910543,134
936,5.121486699752342,5.097896171757579,5.139881679411732,5.1084543328369465,5.1428745196608645,5.075109997689455,5.079263667323508,5.105525967434826,6.046395299595803,134
937,5.120997136905213,5.096576540838639,5.138622730206226,5.1094088784861755,5.142650422222895,5.073187935432088,5.077661386723223,5.1047043723970615,6.0458156841670805,134
938,5.120391151405119,5.09496070519835,5.1373023025326106,5.110152828700697,5.142082973675511,5.071464386478345,5.076061468107958,5.103707697187229,6.050637728861934,134
939,5.119566556534982,5.093703256670688,5.1361840800490235,5.110548239444952,5.141092356716946,5.07018649012598,5.074606835927135,5.102364312805792,6.054751185206665,134
940,5.118647024557494,5.092751967463391,5.134612620703109,5.110551873929433,5.1403406707837185,5.069033589743235,5.07317517100979,5.100408593121685,6.047392980697764,134
941,5.117576413954382,5.091983770261832,5.132414790549117,5.111106981504027,5.139995868269074,5.067578904470443,5.072270431092807,5.098818616493533,6.0421059178491525,134
942,5.117111418254398,5.091213978583189,5.130397563571845,5.111288408695335,5.1394713129063305,5.06593242213254,5.071760003069342,5.097662016392,6.048728240568917,134
943,5.117081432319992,5.090180781030499,5.128264964163037,5.111263658618489,5.139107196435049,5.064650845228754,5.071669369664473,5.096095594969363,6.044923412773126,134
944,5.116710660008785,5.089136138803547,5.126427739474714,5.111114050923166,5.138907368498404,5.063755693755153,5.072063144207707,5.0946794331062915,6.04900691527247,134
945,5.116534065368773,5.088179656758509,5.124823879647927,5.111028769956063,5.1387422496044834,5.062576433280864,5.072705386473823,5.092880293208702,6.043509423509768,134
946,5.116280350246565,5.08679587368777,5.123210995997351,5.111071186734478,5.139010815975463,5.061876805118741,5.0733992150818095,5.09039639213425,6.048483343498172,134
947,5.1158473074159385,5.085138886357289,5.121764710291604,5.111318654769984,5.139591501016115,5.061066600864464,5.073922144277718,5.087857749001888,6.047385639122289,134
948,5.115028917165977,5.083640459893708,5.119813053268123,5.1117315007062585,5.139945917232254,5.060299875879661,5.074342787522457,5.085678235431063,6.048812742022563,134
949,5.113805211398038,5.0822014684749055,5.117849581274448,5.112331619506762,5.1402445837521995,5.059627833215272,5.075050879257982,5.083520910742225,6.045946193202407,134
950,5.112689486811905,5.0814627416366775,5.115979643148819,5.113490932287535,5.14075820585843,5.0591386369791795,5.075257671764023,5.080601444448623,6.049974299959154,134
951,5.111489439265467,5.080861134385604,5.113649649762504,5.114672780202045,5.1412195638152784,5.058894158362097,5.075164351032854,5.077530335497741,6.044378503916784,134
952,5.109400080000064,5.080225217456803,5.111612087489154,5.1157250642529295,5.141360109571227,5.0591646298865225,5.07481060604824,5.074560878294844,6.051783668331839,134
953,5.107212324314437,5.079977313957768,5.109943495136517,5.11653055805141,5.141325835660373,5.0595908273723635,5.074329553091943,5.071293010145128,6.052387666315556,134
954,5.1048300107261095,5.079453695659193,5.107842644783833,5.117044681920131,5.141150565182912,5.059906876105883,5.073787331860348,5.068304849932032,6.036909693620788,134
955,5.10174206394718,5.0789614675768275,5.105818166266495,5.117669919299402,5.140595947600344,5.06068839251526,5.073363266341042,5.065729463636313,6.0515460989651135,134
956,5.098278717136262,5.0781262246278,5.104638396679855,5.118036834800147,5.139707621480227,5.061807373494285,5.0736788497191085,5.063654868656767,6.043967778524456,134
957,5.095100275131257,5.077306111216629,5.1034738760138065,5.117995942946447,5.1387957260662525,5.063283950103599,5.074554833418031,5.061853980680185,6.048193822171771,134
958,5.091820460218152,5.076505137484614,5.10206353867456,5.117692539526689,5.137530328417306,5.064563589018843,5.0756541204277115,5.060458381514327,6.044926472497059,134
959,5.088777346784314,5.075359377365789,5.100676908032577,5.1177999630081565,5.136045508021369,5.065924176790808,5.076578041392959,5.059417002341002,6.046472197220898,134
960,5.086158893647768,5.0748957680934765,5.100433195728675,5.117703256260798,5.134315411625655,5.067114794695119,5.077541950662789,5.058287765650476,6.051035526245057,134
961,5.083837969029533,5.07448221111121,5.100601907837641,5.117519868346543,5.132874587499806,5.068244737068998,5.078608057514215,5.057475304536688,6.049391691555498,134
962,5.081404964512652,5.073836649323274,5.100472965785642,5.117085566625044,5.131299950898538,5.069031027819355,5.079369081951382,5.056994121673226,6.046832140608776,134
963,5.079266266026516,5.073431263823213,5.099885184925415,5.116682237488791,5.1304028818677425,5.070033164267505,5.0802334142345025,5.057122803452861,6.054515183946041,134
964,5.076809828385491,5.073414035140104,5.0993186895148614,5.1167607889538615,5.129491034184479,5.0710246772830025,5.081352921307011,5.056939210700616,6.0456246346644855,134
965,5.074893022902682,5.073552778598446,5.099623553249382,5.116676555114244,5.1286529431322965,5.071890514809817,5.082344758566058,5.056908855938276,6.038626588837177,134
966,5.073302688547486,5.073516208510794,5.10005870778391,5.116476729397678,5.1273630724966885,5.073483832990584,5.083334291833914,5.05702500636191,6.050185670718851,134
967,5.071973014883991,5.073643930935814,5.1010082683289255,5.11591189099245,5.12533648485249,5.07517201266391,5.084688953490568,5.057071168231671,6.053121745879265,134
968,5.07034364767128,5.07352289887433,5.102210213495233,5.114818507911826,5.123112622176857,5.07629293620675,5.085621337025953,5.057598634703791,6.048137671301407,134
969,5.069215296744487,5.073545540736115,5.103254031071372,5.114295687050801,5.121314804155515,5.077653151812596,5.086587625497932,5.05803827551239,6.055744187863386,134
970,5.068616120694001,5.073730201719465,5.104449259161742,5.113662662517006,5.120163888418408,5.078622323329226,5.087542165033453,5.059466317583508,6.045510505867615,134
971,5.068246337169791,5.073501707549164,5.10569457610009,5.113152379073645,5.118929960520913,5.080110644956396,5.088273992401811,5.061689382121771,6.051727935905726,134
972,5.067831285536356,5.07335575219925,5.107057807552444,5.112465373861941,5.117565536677956,5.081889402226929,5.089512858247959,5.063953305641439,6.052749989026084,134
973,5.067550106573874,5.073525720068164,5.108859880418757,5.11154987651593,5.115630941756715,5.083357844798044,5.091162161516884,5.06612265484832,6.053449066917181,134
974,5.0674063121293305,5.073444190077439,5.11113362474568,5.110183934935227,5.113874857156418,5.084584927781988,5.092968651153797,5.067949387870243,6.040718838052513,134
975,5.067775909571049,5.073318344562452,5.113083145002912,5.109520578861895,5.112452193359063,5.085408950841119,5.0947715054874365,5.06939509617137,6.039139946859432,134
976,5.068593727497147,5.073270012967445,5.114900489149676,5.109002003816473,5.111130828379265,5.085903845353887,5.09680173782236,5.070951096347887,6.051713038993061,134
977,5.069391561613905,5.073371774790053,5.116518934523168,5.108358174669549,5.109716314698268,5.086425787952752,5.098430230027484,5.072318666103839,6.053084867595148,134
978,5.070114395980561,5.073406682335969,5.118366776716489,5.10781473741506,5.108964436276896,5.087194968586118,5.100088191588336,5.073204628298651,6.053451492877778,134
979,5.0707137142958745,5.073992937751477,5.119411721197293,5.107260080925984,5.1081492950936855,5.08800630005712,5.101566234185745,5.074463981045852,6.055331999516643,134
980,5.070923826098366,5.074937613748428,5.119837536446046,5.10646176814067,5.107510513409023,5.08859374937432,5.102696363953672,5.07551783543455,6.036835938236269,134
981,5.0706468129125,5.075458749864864,5.120263051791925,5.10564658949595,5.106698433115091,5.0890641706901985,5.103874006687455,5.076438920002143,6.046542297851051,134
982,5.070259556235472,5.076066113821864,5.120978184873368,5.10471844630299,5.105660058058653,5.089253537405415,5.1052378327898555,5.077796049797894,6.054940727022739,134
983,4.92839955611527,4.935154320127632,4.979363553070188,4.962299575044398,4.962533657322349,4.948334175121321,4.964112958614827,4.937825626557504,6.047948678536501,134
984,4.787027077829589,4.794338771728227,4.837852601534955,4.819918095237009,4.819466462896301,4.807445519378813,4.823260097634535,4.797442954250672,6.051744877795116,134
985,4.645869240107089,4.653493597965021,4.696376186573081,4.677606621472464,4.676536467958931,4.666749637987678,4.682412578075253,4.657008761282732,6.05293157215889,134
986,4.504715642811262,4.5124633665481255,4.554777426271869,4.534952431623371,4.533745304541274,4.525943000299485,4.541842255382254,4.517148314211371,6.048661301028434,134
987,4.363677074831543,4.371474451563369,4.413619679147555,4.392232324644709,4.3909628884649425,4.385204015341353,4.401271580879866,4.377431403503778,6.052621067983333,134
988,4.223115494504187,4.230552688645364,4.2721918833458705,4.249490585295192,4.248349086338191,4.244044038140214,4.260829403939759,4.237565718895551,6.049768397837478,134
989,4.082869869250368,4.089487175219258,4.130515294632413,4.106982392716009,4.105601635308805,4.102756467685318,4.120255559076549,4.097940515699332,6.047180692731898,134
990,3.9427390539667924,3.94861667175165,3.989192290529248,3.9644785603167794,3.963276057247324,3.9617349699658653,3.9799731162359686,3.958083543116509,6.048781577196922,134
991,3.802985856127111,3.807861085075776,3.8480496496148855,3.8219137004901924,3.8214181726567595,3.820474519177551,3.839558510920729,3.818368334995527,6.045729462563067,134
992,3.6630697025049823,3.6673583361616027,3.7063117237439704,3.6794612022781727,3.67981860563688,3.6792272353893374,3.6985576322670157,3.6782704688777934,6.052878231821079,134
993,3.52290588776114,3.526826107359618,3.5645186492609,3.5373737948243793,3.53841255066017,3.537800325845315,3.557247286952559,3.5380627147591346,6.042178035337544,134
994,3.3829372883894653,3.3865780736291984,3.422603566429006,3.395445989436504,3.397093814637735,3.396613402338665,3.4159699911546153,3.3977231482394865,6.0401171528306605,134
995,3.2427951000229687,3.246188330455303,3.280582110583185,3.25346851076956,3.2557362115440136,3.2553536728069865,3.2744968110787953,3.25691750129587,6.056617190203149,134
996,3.102466731069167,3.105571145745113,3.1381059145744326,3.1115809302663058,3.114461423070549,3.114113856164326,3.1325672133213334,3.116102827534827,6.050305014001573,134
997,2.9620382321306176,2.964677440654877,2.995745907103027,2.969562773835028,2.9730242456743214,2.9728284124929183,2.9904585725992163,2.9749515410919667,6.056327202288701,134
998,2.8216839325627197,2.823953932594428,2.85338849297257,2.828007083425004,2.831563068149634,2.8320771575281465,2.848518590233777,2.833833720501623,6.052708017857073,134
999,2.6814715541456478,2.682976731596295,2.7112245262690715,2.6866355192530493,2.689747799845091,2.6914167600865184,2.7064544335810377,2.6924822700412063,6.050212827051971,134
