time_step,region_1_entropy,region_2_entropy,region_3_entropy,region_4_entropy,region_5_entropy,region_6_entropy,region_7_entropy,region_8_entropy,global_entropy,lock_epoch
0,2.5671606905455615,2.510322073960241,2.5773289041273117,2.5530061620864397,2.5929088724150473,2.5432922268312916,2.5844585961111246,2.5416197635886713,5.591876457347529,-1
1,3.2031421245104315,3.144261605572972,3.223629169821508,3.1855085679873287,3.248561017715799,3.1833583198341486,3.2359052945575333,3.1823534961133446,5.606686293728307,-1
2,3.842758395672082,3.7851983818161266,3.8738994338766792,3.820666505910024,3.9041325978256545,3.8307752847024386,3.891536686683276,3.825974786155423,5.610160420824984,-1
3,4.478722298488373,4.429641682825302,4.515113589473055,4.453674266324726,4.556762176365625,4.479950365831842,4.54343706014213,4.471760558703609,5.608229467485357,-1
4,5.1122391405930845,5.075232624114129,5.1584638484975756,5.080177287338518,5.212957355535381,5.1171272525238995,5.1943484759129035,5.118331755119133,5.612382344217267,-1
5,5.093720264659158,5.101775424678219,5.151648450467776,5.057867987808331,5.214990516812826,5.124511276751217,5.207964812609201,5.13451883256189,5.614126866432965,-1
6,5.076512265763211,5.1182065744401095,5.145489978990708,5.054679251393479,5.210323403198693,5.135755056256992,5.209229473884484,5.146553184560979,5.606246302761942,-1
7,5.062807848226249,5.142242378033487,5.136150335601896,5.050480284744517,5.200150386789103,5.138862677709967,5.2050088412287545,5.154238606006119,5.620981310293683,-1
8,5.063998398097297,5.163691290378636,5.12740442531792,5.043876813262878,5.194098500458487,5.132943368955155,5.214809489695198,5.1573042955377035,5.615035785036828,-1
9,5.074442314906419,5.171499304774043,5.121555560285181,5.043554125467458,5.174270258922524,5.120019726637506,5.22298630898626,5.161110088130571,5.627681728015035,-1
10,5.083530158067692,5.176117156285872,5.109204846129268,5.033070106300746,5.158420877620644,5.099262689142168,5.23363143881042,5.168657246456868,5.629832020226292,-1
11,5.0950422174637575,5.159812018686461,5.095946329733439,5.029121228413734,5.143332162217997,5.075220023727636,5.244326123946051,5.17663440027814,5.62949591942392,-1
12,5.115806064096406,5.14406067008518,5.078253943143268,5.033035907631079,5.120324684093669,5.0650215708893125,5.255994009361618,5.1808087129835245,5.621116438223366,-1
13,5.146191094662322,5.126750525257883,5.060008350235429,5.046270361469175,5.108726286649374,5.051728027244934,5.262928090507672,5.175979242812622,5.635492482365172,-1
14,5.166454315059682,5.115764823121268,5.044970474863311,5.0479711279943045,5.096930054495928,5.047572071081779,5.26354444507193,5.171068947568052,5.634339948460686,-1
15,5.188233606283985,5.0997763559589275,5.028204905011516,5.055558041028963,5.091560492305972,5.050553429476746,5.253141620364997,5.16079628117373,5.634741410307982,-1
16,5.197045014479569,5.091911529191032,5.006109157979479,5.073400555069885,5.088225066541357,5.067731726515196,5.23942251812039,5.147002214902861,5.644299369040477,-1
17,5.203037466501844,5.091997449712815,4.97285639857502,5.081966057874385,5.08949616344741,5.088700619418401,5.234372852345189,5.128107718814881,5.644747372531638,-1
18,5.202495257579152,5.092235472161682,4.95669834559459,5.10481777619022,5.082247519333829,5.103659005206467,5.216755992555716,5.1016589058137205,5.645187430012312,-1
19,5.198548438476816,5.112925185687099,4.942580039614075,5.125489425232984,5.087656648113879,5.126740975046739,5.204917380496182,5.076552939465639,5.64865337438028,-1
20,5.183936111941659,5.138697736282263,4.931521862758656,5.15216462397004,5.088576896438754,5.149307533549484,5.196127032611509,5.060643858346448,5.656439527916285,-1
21,5.1726761419522465,5.162427580762676,4.923575424353001,5.175402722623297,5.084173675729275,5.178369475305766,5.184177981929732,5.058536301471187,5.654145381132228,-1
22,5.180166606025091,5.185320872516431,4.906834018161617,5.1900313906539495,5.079489424489046,5.198274056268518,5.18130065547011,5.060967681618056,5.656503764766539,-1
23,5.1826269520420105,5.212860284782955,4.902285514919281,5.205873705580292,5.074169647296442,5.209412387041607,5.188301409092325,5.064876208292594,5.665840671746211,-1
24,5.176840841917194,5.229221722826651,4.891343329130619,5.21453833358026,5.065512344838503,5.219606507898553,5.194213862424604,5.072618260539155,5.660333839967317,-1
25,5.163400286570662,5.24830062055477,4.891940732708505,5.22940301100879,5.068797435176881,5.221194882219212,5.196806335067612,5.087527259054135,5.661573314294198,-1
26,5.15844219309685,5.262454418537338,4.876511658630323,5.232934288375032,5.090193252476983,5.233255306561114,5.198282865134346,5.107447520367853,5.6653542692337195,-1
27,5.157725282590092,5.26683291637955,4.871582758680658,5.239782830543692,5.10293603447219,5.241878295570623,5.189450341737461,5.130023202842255,5.670863143088664,-1
28,5.147919368936171,5.272213149761532,4.86848108523283,5.244115204652093,5.120421792537159,5.252344787600321,5.1756699676861855,5.142031866201813,5.674938060501347,-1
29,5.128635933055409,5.274354989966148,4.875007930966778,5.242971288652448,5.134062174184439,5.260112643751162,5.177005694355155,5.146103295235356,5.675759475298593,-1
30,5.0989069705568,5.2732579997628735,4.889015354885587,5.251238728777646,5.158381446322639,5.2686529530736195,5.185059640795809,5.14098445039518,5.6717911536545795,-1
31,5.0712687091254836,5.271254097107769,4.896591216290891,5.256574731015129,5.181180672540184,5.283363109717958,5.200644145093446,5.13904360519582,5.677477005109159,-1
32,5.055095092337245,5.278046245065161,4.912151892563694,5.256809395957474,5.212542075846037,5.294216816676058,5.205713817903726,5.12723607711937,5.678072013922445,-1
33,5.041193614016203,5.285209585652599,4.927542531812246,5.263237633920196,5.225772548149331,5.3166344756770405,5.202610405193516,5.1146581944986105,5.686086622654117,-1
34,5.019292199667261,5.285477950872671,4.946560607748095,5.268063609513863,5.225353132315389,5.329255312388964,5.211224654200427,5.102318154298724,5.676218439479535,-1
35,5.00153588670848,5.295073352281554,4.970389166125736,5.271836879797713,5.220985705675102,5.342918266168766,5.225037987374559,5.078475549582306,5.689167319421457,-1
36,4.9914725341224475,5.299337850304928,4.99342653865486,5.264471688725607,5.2257304469545645,5.3489391367488555,5.232895790274468,5.065369582944626,5.683924482957943,-1
37,4.980523480275556,5.3149592632123355,5.004300547572671,5.262293278343404,5.233650580687788,5.348356442935042,5.235479966813154,5.062369064100787,5.688042615395108,-1
38,4.982390923639702,5.329876209980238,5.016811388916617,5.250864082807237,5.233620246979396,5.3442972682916485,5.233016215740283,5.0663402832300015,5.693865884814741,-1
39,4.984898326379293,5.331327061683283,5.036591765515547,5.225211674006683,5.227622305238865,5.333890537405132,5.22381501653429,5.082047075817821,5.693680923190133,-1
40,4.982367472679275,5.3244778141792155,5.0632199425901,5.204091277050824,5.205503440270142,5.322131612837991,5.219096234104514,5.104837587832193,5.692190894720989,-1
41,4.9844399892819915,5.3158640806517825,5.084844335844616,5.171820306269378,5.201928579267539,5.3072517343786165,5.212903634260026,5.117996183706156,5.693914041057301,-1
42,4.992372538475612,5.313231636697178,5.104677030406648,5.141799621090577,5.200001036289464,5.297654760863038,5.202195043094302,5.127885212663894,5.699840531854849,-1
43,4.994360290550372,5.3081995833771005,5.121358802586897,5.1002077632441445,5.196190379152157,5.287966758452809,5.192108834442086,5.13936017333883,5.70372307095725,-1
44,5.006956316437198,5.304156456677464,5.1310226160907755,5.0688737750079635,5.19257076385671,5.285023885800169,5.190187042982395,5.146760067559373,5.70281401073307,-1
45,5.020114752428213,5.291931527896548,5.140960042209921,5.040791035212236,5.198856295499372,5.284466979726297,5.177890668756892,5.145813305047312,5.707095679540386,-1
46,5.025664294222724,5.278013844352524,5.148072302104319,5.0196958483315735,5.202608050343072,5.292152873221108,5.164451899014812,5.1397487057785325,5.706099421535524,-1
47,5.03395836962059,5.271298663076028,5.143593612761763,5.009956067059629,5.2107644327610725,5.299672840634733,5.146528216780841,5.126346419730306,5.712206054513878,-1
48,5.044431333417933,5.268082763793143,5.132026962225224,5.0014137779279695,5.221710670515483,5.31183945961966,5.129900023830598,5.11374577826855,5.716072274183789,-1
49,5.059239334103853,5.266743405014261,5.114481800598769,4.9929952741911405,5.222654405389626,5.3290624810253355,5.108013759712179,5.1082966122198945,5.717993797304591,-1
50,5.065429316175037,5.27072025718693,5.0952406682207,5.00246855572733,5.220200721322582,5.347978596317878,5.0843369071302025,5.109193946021582,5.713139636316385,-1
51,5.073827330259105,5.279493450371446,5.070000958123911,5.021927518221717,5.220648094615433,5.361396013451982,5.064167939506344,5.114024547220467,5.717160215387744,-1
52,5.076884113254476,5.285348725982004,5.045490266942497,5.038389394055585,5.213015783702386,5.3697241479938524,5.042498703697555,5.121093897038667,5.715347776078511,-1
53,5.087315154705538,5.280581996445222,5.025282203616758,5.049104944700064,5.201313192120165,5.383614647817465,5.023629901141053,5.132943442711744,5.717449859183332,-1
54,5.0926155274849325,5.276977062849276,5.006297244309695,5.0511560959540365,5.195837015904474,5.383164527716461,5.001457470703669,5.147377106065513,5.7321915405775545,-1
55,5.08936467559043,5.271773286960456,4.984333925110592,5.055335599114142,5.194903023297149,5.390300082928128,4.980602107581814,5.158777829754368,5.720323309073558,-1
56,5.084927943729503,5.26596052450523,4.951379099939339,5.0625700648081695,5.194475258960256,5.4015105102566405,4.96138711530866,5.172863069209145,5.724029684004603,-1
57,5.0802396671690175,5.25753451678368,4.925213855446846,5.0653866270477375,5.188052213519921,5.4042698208702005,4.947114221673653,5.183069423922829,5.7303887230296455,-1
58,5.076271044480746,5.2452563117831525,4.898319495179813,5.056104695987552,5.181547686335238,5.40231561326917,4.933062616252064,5.181981338818389,5.739696262220665,-1
59,5.07843938779758,5.229760914552802,4.879954094395526,5.045433320055973,5.170860236090412,5.397640373579136,4.917814376745967,5.183374003273524,5.7353046275285395,-1
60,5.0751086919022095,5.2097764419678105,4.865876802831759,5.041400988519729,5.162022637272273,5.390690057193248,4.901304939011227,5.177768814206779,5.739468383423179,-1
61,5.066679337488417,5.197148378254928,4.857457156254545,5.041156006553937,5.1545282570255075,5.380456170639915,4.881082610378538,5.159410934529227,5.7344367183164,-1
62,5.055734150390681,5.1855691013998895,4.850356891259171,5.052684470760557,5.141791460179299,5.378722051606887,4.860130475390425,5.147645494301001,5.747643045047508,-1
63,5.056820958181958,5.178224546154618,4.852771228536419,5.056675314218748,5.126107386860421,5.366312653350794,4.846107393606056,5.147390286297572,5.7386121627004165,-1
64,5.063782146349298,5.17250978146493,4.872234413114534,5.061606111137623,5.1161919125557125,5.336567014927299,4.840167419571756,5.143199028872581,5.751752935269475,-1
65,5.058155657783528,5.173011021792958,4.891986560930642,5.072686145829135,5.113777178975392,5.319109547730364,4.8377720577310726,5.140675297742653,5.73514026394852,-1
66,5.055344277719565,5.1692966164909,4.914834887465115,5.081776093234195,5.110981815693959,5.304936092121162,4.828811390074003,5.137992385723702,5.74747114833461,-1
67,5.0482462692451,5.158934196723232,4.928757376556323,5.087262521561688,5.121679955330296,5.294336916026832,4.813809177016208,5.128404285729083,5.749655111643605,-1
68,5.046577175648962,5.1627508225955845,4.935744829529521,5.089273602780208,5.13027370784736,5.295050741643782,4.80533602975656,5.118228269710652,5.75416094313085,-1
69,5.048989771692971,5.173272600005194,4.934710029995067,5.08464731286402,5.128223978991317,5.2947155398590775,4.808442806118569,5.117794134317823,5.751834943321498,-1
70,5.048118966564805,5.178465146288171,4.934388552305365,5.0849188352734425,5.119747983191252,5.293195718363449,4.82227658420969,5.114450362756828,5.75085468915483,-1
71,5.043841635105686,5.198620027177363,4.939062227225652,5.087876530958009,5.109297989306872,5.296436078004903,4.825366740335346,5.1019525245233215,5.754095145232425,-1
72,5.038455073827125,5.214709837883011,4.933904174432401,5.087277550498031,5.103596935194077,5.303163720481843,4.824433105244848,5.089767060527757,5.759802255806426,-1
73,5.0311303775424445,5.229750044499253,4.925627831105414,5.098737023627167,5.093210556793229,5.310410592055248,4.822323151062953,5.078623066239787,5.757760213161834,-1
74,5.018046930919439,5.260105255569771,4.914354538101577,5.11287259741141,5.091181089518597,5.31227883259271,4.8267832221029945,5.06956954395873,5.760127041683831,-1
75,5.004782341450376,5.294233104388736,4.908834126503439,5.126820456137446,5.079540950442493,5.313978094776964,4.833818878384687,5.060101677858121,5.763405381658737,-1
76,4.992989741135797,5.3205939040191765,4.910055745173206,5.132015578373008,5.073419809364711,5.315522985104497,4.837780290957921,5.059247986295137,5.761260046926574,-1
77,4.9746471954345415,5.33286471564008,4.917477642237547,5.146352976158232,5.083417976408196,5.313592810811201,4.838992103648338,5.069269368854424,5.763272408729224,-1
78,4.963436094603612,5.3418610277642085,4.928997050196234,5.159807469754153,5.098564128302131,5.306870274870503,4.84362652287839,5.079433010732474,5.7791573930298465,-1
79,4.953589623502485,5.334771558305162,4.935621762469352,5.176002155713137,5.110133626119831,5.294138748429584,4.852822333246191,5.080229766066993,5.7714958343259415,-1
80,4.936629896031434,5.3288579357348365,4.9419820487856345,5.1948116740539465,5.116813573194864,5.290609692902196,4.846129860317487,5.086226231648476,5.775277958401482,-1
81,4.927530598712813,5.325233379242235,4.9437209696469075,5.199437523122229,5.119084601860466,5.288994972331001,4.841554055476299,5.087284621964248,5.77231322936879,-1
82,4.928595632966057,5.307360240084945,4.949002624922539,5.204119257642445,5.114923480829038,5.288229385415502,4.840607654068786,5.094946481223263,5.769324872164314,-1
83,4.930723836024812,5.302139882344593,4.9585975565033715,5.205908065583712,5.110949399710201,5.291745131675706,4.850549736007096,5.111139325901015,5.772828997687644,-1
84,4.937521570464529,5.287568837932437,4.9709262423631895,5.219721379663009,5.101541232853828,5.291107684977667,4.856465519670988,5.117909055376682,5.780539268791838,-1
85,4.939853111626277,5.28523012555271,4.980061385213062,5.230679158177149,5.08027303703028,5.293574114903564,4.861050675339657,5.109309821190037,5.777516894181696,-1
86,4.938562403631847,5.292220077810145,4.99285448010789,5.2328333308310775,5.057566347289066,5.298934830392237,4.8576813811360235,5.100628410864397,5.786995943677505,-1
87,4.936177714872671,5.308549923212027,5.015572073989129,5.236258204356672,5.040345017305845,5.321647919927512,4.855979926771148,5.101481079829648,5.779758008506715,-1
88,4.937499946702807,5.3273537981806545,5.047912501822374,5.241937190229078,5.015547478673395,5.338191247595343,4.867144356054917,5.099983110410698,5.785276894705506,-1
89,4.9421960228056765,5.33083888948612,5.081828369976306,5.246407057961271,4.997321462831724,5.348447782592297,4.878070697932396,5.098862022844234,5.782607870987894,-1
90,4.9525770650212975,5.343504648261866,5.115407312758652,5.239799426025719,4.978226768803921,5.362802747134853,4.892852326048308,5.088076181033363,5.781941513106253,-1
91,4.954570085343369,5.342993813476021,5.143109061027529,5.2421573518225575,4.968441388863232,5.37316316378134,4.901784099264123,5.081432443742769,5.785507739350758,-1
92,4.953343047017613,5.345327339867694,5.171581338379975,5.233379938640544,4.961756465646726,5.3732627067822225,4.920998095851401,5.076713994466657,5.79126396867362,-1
93,4.953630885926318,5.34886941861273,5.195874303098521,5.221436854556859,4.959913666758761,5.379631841053913,4.943362283697367,5.070229090027482,5.783755938858102,-1
94,4.959487417724146,5.3519784421711725,5.203805337382559,5.209915697168441,4.954889006726232,5.3860150945351,4.964040386115185,5.067083123391641,5.795552230117106,-1
95,4.96424294835929,5.346147086647396,5.186720123969363,5.192286290367549,4.948928300331935,5.375851679869192,4.995228391010939,5.065854073907757,5.789624182115139,-1
96,4.978497063393117,5.340195231073553,5.174548012980132,5.168298112448168,4.955375227890335,5.367394443889711,5.022938437537029,5.062341416691801,5.79604878527029,-1
97,4.99388605905436,5.346265370377495,5.170625118467237,5.158595440843858,4.962737192915604,5.354654587836614,5.058567642672194,5.0635604937192005,5.799294329218887,-1
98,5.0005218969958944,5.345663609732528,5.1636978575066195,5.1447730396387765,4.970254358806962,5.33104183355523,5.090819215084448,5.065178765234583,5.804469896446526,-1
99,5.0058841368129245,5.344358199117467,5.154710910269656,5.122496235937552,4.979871735419015,5.309360001447844,5.11410152152634,5.047372411524631,5.798955922831451,-1
100,5.012621656494344,5.335294046130542,5.146978776813315,5.102242490338802,4.992085308365513,5.286289856574726,5.140907048600286,5.033596858530795,5.804786998333736,-1
101,5.0256898711929665,5.320013056701376,5.140463223912998,5.084371768002571,5.009312644329045,5.247946954554967,5.166591576801827,5.030992993641082,5.799256983363396,-1
102,5.019996724928015,5.306394873566303,5.130919880772532,5.068357103002776,5.023849452698677,5.211022580795352,5.190801740144754,5.026474500760107,5.804921293618416,-1
103,5.012500815236548,5.302499821122399,5.134224498702411,5.049755084156105,5.0387618299317305,5.177133258602466,5.2121480296102725,5.01539599415841,5.80769403183764,-1
104,4.991380472496873,5.292064306190121,5.125337246239747,5.029644423035142,5.047003877907696,5.138830101623319,5.243364440119005,5.009469188340855,5.805532871107385,-1
105,4.9714067756819365,5.276563259990122,5.107610458623736,5.005567121781507,5.053638216385383,5.1031729086675774,5.260614734612237,5.013094943125124,5.807530224002907,-1
106,4.948143866871866,5.270059940412401,5.087335119766993,4.996441112910195,5.069417884384524,5.083520120876221,5.269254767910133,5.022136363749985,5.803665361716544,-1
107,4.9266949359189285,5.260774926711438,5.061529533838005,4.997825858684811,5.081394992917858,5.072245909211788,5.280461214557671,5.044543392782455,5.8202600676841065,-1
108,4.906887653805339,5.265430711884906,5.036051672615862,5.000968981991331,5.082961932384333,5.068922562865167,5.282046080866138,5.066030901999184,5.8203203522286575,-1
109,4.892226369846346,5.270841617439753,5.0062352264480845,5.00638443846105,5.074386116097745,5.078685924452559,5.2838023575204565,5.08087923854786,5.810492724673493,-1
110,4.894839608505595,5.277853091669893,4.988874368361465,5.0240457336304605,5.082817873522441,5.077368799057521,5.284743480075793,5.089269975425838,5.820116345587705,-1
111,4.897205071385943,5.268712793887069,4.973341465058407,5.039376102098623,5.0952500676587125,5.076459446193882,5.277954574407589,5.101725188851686,5.818485685263861,-1
112,4.901606437446239,5.261251617979779,4.967373953458416,5.065281695927195,5.113393017446219,5.077958487623951,5.271204517442945,5.108622395974516,5.823197967543524,-1
113,4.895665225020436,5.257219186254878,4.969848123315526,5.086069605322444,5.130106208719383,5.0761565301264175,5.255363086270374,5.107954597080001,5.827494397950809,-1
114,4.892752018570382,5.244965433281953,4.978012155372221,5.107132570862187,5.144915829446928,5.069371083156377,5.236228168496529,5.091544489360944,5.82783901072955,-1
115,4.898561093192987,5.23848087822315,4.989620105198234,5.121168167051938,5.153251367842024,5.051417488469002,5.211887291403765,5.069511510463652,5.819156753567985,-1
116,4.896985704376925,5.223834418818945,5.0048770397686,5.118461459248969,5.173273040429449,5.024587895945319,5.182827527991253,5.0482893353324485,5.817115954016361,-1
117,4.887658489322004,5.2094793414818445,5.022224774349551,5.1157760738995774,5.195287870699963,4.9966772096408905,5.148158496437191,5.0225549468119794,5.825380931193256,-1
118,4.87178516714215,5.1940371610611855,5.043863973377381,5.102539929735616,5.218888288735665,4.982583037921553,5.111670852305149,4.9984462868540875,5.828441085725047,-1
119,4.867496722628918,5.178431500191933,5.070476575558512,5.098055987589477,5.237314749691851,4.979041196952526,5.0758870156480835,4.975563088354561,5.823895941039318,-1
120,4.861183498523246,5.163805549123833,5.09532553690852,5.088757972984965,5.244641054736464,4.973595089387668,5.032360307279083,4.953856630119933,5.83437809571851,-1
121,4.864940699431414,5.1530115923443205,5.116745602098507,5.085732213754581,5.262337180880069,4.976447237750192,5.005546467584866,4.935949500878058,5.832526977550596,-1
122,4.866445034372916,5.138288071465558,5.138413325520703,5.06983797530129,5.271402700692992,4.9731375695626685,4.993968096452696,4.932278253866659,5.825460069228897,-1
123,4.863033247639492,5.1262788235468175,5.156880396913291,5.0657611239233695,5.273352515764401,4.968739082205493,4.99508127812776,4.936471418259024,5.831198400169453,-1
124,4.866317043996243,5.116521812772023,5.159913617790473,5.078031873584665,5.264620167997622,4.973652193824001,5.009756445379396,4.939538769060373,5.841117915552679,-1
125,4.872280514024901,5.111887813178512,5.170814431337658,5.08686859410048,5.267219189966471,4.971627699916037,5.03127366487212,4.938097669159103,5.832028839561587,-1
126,4.886098847913077,5.108483402238156,5.167617288471089,5.091842403098131,5.25838015849401,4.980478854058398,5.059569823443183,4.933782625390967,5.831444011052612,-1
127,4.890036549739768,5.111100871191361,5.165059644708295,5.095023581759925,5.253378396003891,4.983349720754232,5.077613573987093,4.935239660525445,5.840520124493147,-1
128,4.898375840356591,5.115413606359837,5.155431230437386,5.094148466617244,5.252448221278719,4.992109693917995,5.090534467304275,4.933013483703834,5.836754653498143,-1
129,4.897801541526915,5.122712306458978,5.145068241172288,5.090691944856133,5.253302673973173,4.995554028003346,5.099262207662088,4.9255288026297235,5.839973027086775,-1
130,4.900342850202276,5.143288972002636,5.127053418506804,5.0979592472326996,5.257190939155246,5.009209522985192,5.101642628769873,4.927058458520013,5.840704676140004,-1
131,4.89982480825612,5.155539922507543,5.113480670494668,5.0917394756386,5.269265635705757,5.028672420913104,5.1077475157628625,4.92393897854304,5.859167401946685,-1
132,4.897057269142056,5.167505366981705,5.109258662635774,5.089892742102371,5.284459484380525,5.047456980972004,5.104891721652016,4.931627386283665,5.8413236361077026,-1
133,4.895078985482038,5.168742535177623,5.103653000612832,5.089775350394644,5.2871331697143,5.071296853074399,5.0954935757522275,4.944489788528974,5.843889707011658,-1
134,4.902645183045596,5.1608637653345095,5.1054090391646945,5.096993929955765,5.29729725553326,5.081728591365635,5.0899873456166,4.965263053014226,5.846562213916999,-1
135,4.910204015564154,5.152144034741616,5.1029638033482865,5.107983468713876,5.30614082808716,5.091487797586365,5.088867899300719,4.983957804723651,5.84977800523225,-1
136,4.914026067182705,5.138200668318185,5.108891059925869,5.119326400779685,5.314644544051168,5.1039521169417235,5.084532934736963,5.010734453101508,5.852039853556375,-1
137,4.923955268192183,5.125748372459828,5.106379724949894,5.128817543160087,5.306332595280185,5.1127504363101,5.077068764005845,5.042795050774181,5.853201458973737,-1
138,4.937454712964563,5.110908946240579,5.111815100921278,5.141909540284241,5.305491741743795,5.113381464227565,5.075163489487102,5.065116859881483,5.85174595262767,-1
139,4.9581608885103,5.080821368440563,5.114675855481982,5.151564359379217,5.302981925040427,5.106661273140235,5.070035887690263,5.083762009564822,5.84945499720292,-1
140,4.977930500755983,5.050907125321231,5.11506844119607,5.153211125376524,5.30918755474783,5.105458410916185,5.062754375682647,5.096621715484347,5.8506589063521535,-1
141,5.002427326322545,5.031838834330818,5.105654666604862,5.156436240472792,5.325710024330426,5.099180394942646,5.058693318327871,5.116896122486846,5.855468506163374,-1
142,5.017450508167222,5.023924634169801,5.102248451383496,5.161017599266388,5.330534625727723,5.107542055567915,5.046862488470979,5.125447504314582,5.851760453598465,-1
143,5.032045775692844,5.01806192561114,5.0861549938702275,5.1554415428775675,5.328779801422203,5.107773853466817,5.046475973856648,5.127281921101781,5.862272332850309,-1
144,5.052475690860666,5.018450982063591,5.060019008639537,5.147253641558476,5.329256959275778,5.104053231812677,5.0624880334132785,5.116304859373518,5.8707199735997415,-1
145,5.066859256019614,5.011769940842881,5.043118573052224,5.13822446805735,5.334387865864026,5.101632328345894,5.072899490786962,5.101646347763091,5.8681714761547425,-1
146,5.069567154348413,5.001572494233973,5.0282993052176925,5.12905914257852,5.330600947004711,5.106778766128795,5.082603013022444,5.086938411864035,5.873593454664901,-1
147,5.066658953243468,5.0071920288337335,5.005657705538557,5.126249560347942,5.327116610780185,5.116501470661276,5.091115936847491,5.074997533597003,5.868966944160297,-1
148,5.0593082429757255,5.009616726048713,4.987576763412688,5.130918911256876,5.31640560054205,5.124167348693081,5.10826593163228,5.060114792268207,5.859692532631923,-1
149,5.0482868535855925,5.0117832904617,4.978720413469588,5.129648199709018,5.29868597005767,5.131693430761649,5.133024340915919,5.052399208171289,5.8686737525318815,-1
150,5.033952377492197,5.016984486593977,4.972902150254958,5.1258850667452975,5.293102013094607,5.124162629453901,5.156197070811288,5.056492675565239,5.868494337940901,-1
151,5.019468801608195,5.01958886854593,4.981624876653317,5.125584854770102,5.283837315826006,5.115486197436905,5.184228465532431,5.0609102861311746,5.866606253515829,-1
152,4.999474470310976,5.018349943682944,4.996431846388358,5.119385929737922,5.276230258102033,5.10932382084041,5.201308539582368,5.080630962385305,5.869699168654438,-1
153,4.991127750609368,5.012886467363753,5.01150564778268,5.11160130781289,5.272808358521786,5.101595801500337,5.235777204937231,5.096259579995429,5.866836771438488,-1
154,4.983101254434119,5.006497481430837,5.014171465517499,5.1016109718511045,5.278024671488652,5.089411557775368,5.262777816247697,5.106139193972062,5.87487262460912,-1
155,4.977374592589611,5.005554960611459,5.0216029229943295,5.08131063565099,5.286265735751958,5.078784319946948,5.284012533309545,5.124519381926037,5.873179859885924,-1
156,4.967660928290497,5.015329932117192,5.025634191801737,5.066174699204867,5.292907586900328,5.065798592975822,5.299408965230028,5.144891414421766,5.877660044663459,-1
157,4.954708501447305,5.015774522924922,5.03032396908046,5.045148566534392,5.3008774223054385,5.055632872110148,5.313145129686356,5.159003116012218,5.875257390799218,-1
158,4.951027582123636,5.005846860198379,5.038671176379844,5.02600372470748,5.302855383911303,5.050253328008922,5.324879093287865,5.175086088282552,5.878646431031724,-1
159,4.950833940349416,5.006164017732968,5.0436244148966,5.014848116717571,5.3119078985366714,5.04985235244305,5.3321032772327825,5.192274474036984,5.8825961591826355,-1
160,4.956893739404478,5.00869180185065,5.046454396942838,5.009534252099677,5.318822485826248,5.055723907123749,5.33339478078812,5.1946789916392255,5.879403561320043,-1
161,4.956367727519946,5.019722813667905,5.044660916856589,5.016579232497623,5.32178054081896,5.060277242623548,5.316611367428421,5.201638257903646,5.879385321363173,-1
162,4.9705009047879205,5.024397326693798,5.051226631876706,5.009385553839691,5.320792490836296,5.066633212253794,5.306862355568601,5.219482628881464,5.879387951498438,-1
163,4.978424824444112,5.031266087344334,5.055501256697942,5.016104445675307,5.31358527434251,5.067464405414713,5.297687358884312,5.221384537692177,5.885320957013768,-1
164,4.995839467984847,5.0450869484959044,5.058185160787852,5.018357371706017,5.304689741731085,5.067766748366862,5.287911511043977,5.22533700140072,5.880320323620308,-1
165,5.011986784758862,5.0698774332098315,5.054421219435377,5.020306359155997,5.2859470584307875,5.062898015161734,5.269104638714189,5.221761429569714,5.876857052262311,-1
166,5.027898969871827,5.098401944016967,5.02607928776539,5.015870822276172,5.266897923636278,5.049858405330983,5.258491985040232,5.21081749938439,5.882540586565741,-1
167,5.044642081982011,5.1148052577290075,4.991857025191154,5.008962092488679,5.255970925634991,5.0384196777161,5.246651239617145,5.194540616033969,5.881116253295548,-1
168,5.063494345174006,5.134641413667782,4.955276414469976,5.0080054704932015,5.242164971921309,5.012088713662183,5.245525851733836,5.175329680239377,5.888333243296148,-1
169,5.081855258091667,5.13740638825191,4.933284295424522,4.9918254405878955,5.231781558130271,4.990926456774442,5.257264321039848,5.1558607959141876,5.893917747065913,-1
170,5.099170105608037,5.146822235260021,4.905216199144169,4.995497678168352,5.222269407305915,4.966738153401117,5.260343374798248,5.130671045832228,5.8833771958206205,-1
171,5.129261091337988,5.146949262475361,4.885366019666726,4.991480925642168,5.215325184081488,4.939874036051541,5.263570678607729,5.1099791492063655,5.892886276638733,-1
172,5.156839093809032,5.1306033483617055,4.86356395495288,4.97784992735373,5.209739833860515,4.913270818984726,5.2672983719517426,5.075129916357972,5.890299345906668,-1
173,5.197291399031338,5.108898590251918,4.846515004343075,4.974088902223783,5.214659107883382,4.893542749454666,5.270450569660952,5.0392392483862505,5.881875119543907,-1
174,5.228234508622162,5.08219498639459,4.840603662880206,4.967110284442825,5.216615714424028,4.879081919000153,5.269029586566602,5.008399129038196,5.89318275699145,-1
175,5.260392825224924,5.052241380599123,4.842547224645692,4.961826747544544,5.214805070712755,4.869456544254187,5.263682707983475,4.978860295440203,5.889121830539468,-1
176,5.29188826587042,5.02628879048029,4.845173080132314,4.952719032143421,5.217761837392794,4.864581174300749,5.255422108267323,4.963890910293302,5.882076844499108,-1
177,5.3339973358964805,5.013195805729934,4.831786851037247,4.953288546682516,5.21917139856239,4.856180983402015,5.256660164302744,4.951936354755641,5.895026797714516,-1
178,5.369022147616597,5.005615618461474,4.82867654822211,4.95658066559496,5.216129169618405,4.867341301421073,5.265373392643338,4.942363488428356,5.890354178011613,-1
179,5.3964569974322085,5.004916515064592,4.830541806833566,4.974343234570413,5.215824188312796,4.884548074755621,5.281399440487529,4.94056168088671,5.89519752996468,-1
180,5.420010332449499,5.011424525805293,4.842267328303686,5.000451624316924,5.216919545611657,4.896362837391281,5.293132697364107,4.941922346747527,5.906033562449712,-1
181,5.434237682626714,5.020981658139706,4.8489593928264245,5.022522102868116,5.214303132716901,4.899803074361275,5.310139591678295,4.939793596303162,5.896777036729611,-1
182,5.443852799180703,5.034263066718242,4.85903177828571,5.044064295832519,5.219813472121905,4.902452209341629,5.332356899442858,4.932433664198201,5.900825390911977,-1
183,5.445936447352308,5.0575099259497,4.867020303834372,5.069179147181601,5.225393690651263,4.897574227446322,5.351926221681173,4.9295220719586,5.899691133739678,-1
184,5.45045085412608,5.0683013585641055,4.875235244308013,5.097108368178115,5.228802335518131,4.8956628678866965,5.3759429402319,4.924887576082207,5.900156591994869,-1
185,5.446152694309921,5.071517111322728,4.892825804432407,5.120842582365716,5.225935408997414,4.898165342445723,5.374087815247616,4.919533572942921,5.902095272308547,-1
186,5.446529708461432,5.069796510734263,4.902993676123181,5.135854587744157,5.225672097299004,4.890878976726057,5.368532173716621,4.914664024481349,5.900358540041155,-1
187,5.439689115907814,5.065780568985353,4.911104148840323,5.155474600575621,5.224534658901764,4.883807027615553,5.354756026071133,4.90610475022567,5.902345550363846,-1
188,5.438851955990201,5.0601571507184016,4.917095656107675,5.172196944914317,5.226096988981722,4.8791116224076685,5.3453245378354755,4.909512493258497,5.913866411490797,-1
189,5.436825882322834,5.055733540475533,4.921153138481176,5.186814759952972,5.219576627018689,4.886725556704141,5.3239534056633016,4.923132431811874,5.9163470805323986,-1
190,5.434496915467733,5.049975102298066,4.9138674786907295,5.210179136188652,5.206341501881698,4.898552386766941,5.296329098669274,4.938438384117897,5.909774674994788,-1
191,5.424415410721745,5.041562111979873,4.909670102444088,5.224860253907012,5.197353523132216,4.914375935701707,5.268749126522916,4.950385720378265,5.90829614290847,-1
192,5.391149022436545,5.034080869323662,4.909968437275458,5.236352728136138,5.192567486306701,4.935786609459379,5.235357400992197,4.945605354804538,5.9036307107572235,-1
193,5.345745694575521,5.0281241727625545,4.898461265041456,5.248074182928794,5.194294185535927,4.954719414363205,5.217589883020998,4.930830514381864,5.9108864649695825,-1
194,5.297610344101042,5.018414258908653,4.891545209768683,5.258466036474076,5.19187538067481,4.972578591291001,5.191159552983205,4.915871406089911,5.910946036328408,-1
195,5.261113690402952,5.012117886323933,4.884926843970331,5.25956949567983,5.181181428162811,4.99025360243873,5.170096549858601,4.908941505726793,5.918051165472247,-1
196,5.223865567510839,5.002956895379496,4.875147563242365,5.25591527585391,5.166382937345077,5.014028740554224,5.145642679178508,4.909156791218654,5.909472366367164,-1
197,5.184853535377177,4.988884893516569,4.867845067114788,5.256411012998165,5.163391153314265,5.023616465200742,5.140188546029427,4.911822599280819,5.914570411642205,-1
198,5.146115578019092,4.985464683827652,4.870396687151969,5.249471661552031,5.155080227908509,5.022892373104735,5.13485610911412,4.913746247822823,5.910501661965376,-1
199,5.125039948147072,4.9916016795039075,4.87647194617009,5.244184236841679,5.132003521298984,5.026395673504418,5.131918437211531,4.9216973636070005,5.9083492553713715,-1
200,5.112063825975198,5.007798913368962,4.889680088524166,5.240311493269796,5.112488995174518,5.029581233588725,5.131654092873449,4.946009316712274,5.91312916138955,-1
201,5.10482140314511,5.030516898517156,4.912959506402562,5.227228716402532,5.091757017353263,5.031411852001897,5.131698614564686,4.971166482116328,5.908039223977502,-1
202,5.097212653182664,5.055270042469066,4.931367428702661,5.223027387274061,5.077951405245848,5.034797319008481,5.139201062253241,4.999977306636621,5.913358848041253,-1
203,5.096081523399463,5.0781396924983175,4.950201908534423,5.208068976052907,5.07337650074116,5.048084139818497,5.137796159117126,5.027249538818923,5.914208674296662,-1
204,5.09814855156941,5.099200061236302,4.970510200274137,5.198033194586552,5.075214438331024,5.055529894004632,5.13755840673786,5.0371369734736255,5.912786286125964,-1
205,5.099732770178572,5.119609020920368,4.994999974288372,5.19271802929459,5.074437542961169,5.067649598992158,5.12128063505919,5.0472959905726,5.912373265824354,-1
206,5.106201242867922,5.131113935087778,5.018913254215584,5.1989942177331265,5.072634958132321,5.084447374559681,5.108045462356936,5.058380924246869,5.91681685173281,-1
207,5.099519477712114,5.1320914133765205,5.024512954081102,5.205688083585404,5.083803634048423,5.095211074498089,5.098453723017102,5.07471662335443,5.930640762093877,-1
208,5.097845872252068,5.1196934680481725,5.029175383642943,5.218341422698332,5.082020595696872,5.102544028941955,5.090578867603138,5.09101047614664,5.9224775315225315,-1
209,5.094277657804902,5.104562664100634,5.032868650777752,5.234261402618829,5.084638324671524,5.121753644729978,5.075978714590339,5.114859717137883,5.912208137006579,-1
210,5.081222712272277,5.08800938751725,5.042560538324319,5.244757363167342,5.070903207409261,5.1386709611452295,5.062756596488646,5.136771623301065,5.925136663126842,-1
211,5.059706707717004,5.078345240578442,5.040452231082035,5.256082691147692,5.0625523525169545,5.13619986267933,5.056962143280867,5.15930800398921,5.927116448944732,-1
212,5.040988987192994,5.075707686441405,5.0326162777213055,5.267206076544115,5.044729811734965,5.133174912787439,5.044888917819029,5.188864346832947,5.9206817883248615,-1
213,5.021622569553705,5.078949042221126,5.024093925711326,5.276042068292317,5.019568061242154,5.138980962572345,5.043907001996003,5.215025202866627,5.919051507442907,-1
214,5.004027714258219,5.080479658306929,5.018955420001695,5.28244231222614,4.991094597106899,5.14071686690691,5.04371946626561,5.247199024683063,5.932278621279332,-1
215,4.988910946135551,5.0821974535231895,5.024006229389892,5.289416299182252,4.964939439949271,5.148020928124573,5.0370398872463396,5.266430635473869,5.9336283040724656,-1
216,4.980300656671041,5.087682825910644,5.015424457453218,5.288266489873477,4.949685603219209,5.162935375206519,5.028255425188776,5.287109872113698,5.923840647723244,-1
217,4.960676335518097,5.086241878809793,5.003934197314156,5.29922378209718,4.938930282439501,5.162197906588678,5.028769214591776,5.311233975672948,5.926047315679332,-1
218,4.950789126426041,5.0848979892034585,4.991544414201644,5.310958102220379,4.939998760880428,5.150395597922015,5.030424330883549,5.328146039830328,5.934353774783593,-1
219,4.945107903049647,5.076506725819148,4.995919120381099,5.319051003270794,4.927595669296607,5.153333905167562,5.038935106203372,5.3407991439477485,5.933620414366264,-1
220,4.9407252913751885,5.068085740315743,5.002466327169241,5.325818324493876,4.923374577817881,5.165082848008586,5.045991479915239,5.3493652435156385,5.9305765337972325,-1
221,4.941836952643935,5.058010526366756,5.016508755636264,5.331459178252378,4.920476205836911,5.165258951377057,5.0529773076760796,5.3506570344934214,5.9273755045356324,-1
222,4.943867592548871,5.043815415155788,5.023251698072966,5.3249668423037795,4.936135148014025,5.1666446651643785,5.05919881208321,5.341175270416674,5.922243519151722,-1
223,4.939103678038129,5.028243952305193,5.026777648787193,5.321208922681817,4.9410542169376415,5.167143192884923,5.073219066077122,5.345975977263176,5.934330605070421,-1
224,4.927987249399198,5.0243149838006556,5.037932002316904,5.322368837895056,4.940194786906126,5.156579221290587,5.0914337555687865,5.348878594511012,5.9404612540381025,-1
225,4.935165532766371,5.029405516178354,5.052466997905265,5.314937435071811,4.928420075588865,5.142965094991354,5.10428950483488,5.34814418704133,5.936245918376596,-1
226,4.942179350168357,5.036561519479735,5.062597719490174,5.306696872921818,4.9075296543955576,5.136548025749938,5.116761106425727,5.347098251672047,5.935504938605089,-1
227,4.952143682270861,5.041810048609227,5.060452370377683,5.301996761567053,4.892105655363626,5.124057427744375,5.119851860286566,5.343765280639479,5.936749851329557,-1
228,4.957440873826409,5.052768994076338,5.0583511440119615,5.295374146307628,4.878886138103001,5.1097071512567735,5.124974862492092,5.334129669720172,5.943166656607813,-1
229,4.954405664505059,5.058980717198144,5.045148262228282,5.293873850976572,4.873142987472484,5.107063533749476,5.128118933515735,5.337428996184683,5.931928408830892,-1
230,4.957878302037103,5.076615965515595,5.033329176313292,5.296397528132337,4.86691773132962,5.099679275042089,5.1298112347307825,5.348255488874961,5.929414831281651,-1
231,4.970410521742969,5.093069026124518,5.028428313426715,5.2903610775517524,4.865819601605545,5.091979719847772,5.123021957422008,5.348314959136054,5.93775162825806,-1
232,4.982246931167025,5.105027909654925,5.024447843508734,5.277199510180925,4.874247941306242,5.089162496981025,5.105424545327474,5.341218496475463,5.936531963212538,-1
233,4.988023570073936,5.120537144677897,5.024862978416641,5.262859988499443,4.881271527547345,5.091434902090773,5.07359037824938,5.336042314246134,5.937988091430166,-1
234,4.99067525465089,5.1311553440659985,5.024004716952265,5.243976617217425,4.891557849083876,5.080186378424593,5.042986720357023,5.329352705256226,5.932996380689643,-1
235,4.975934065692329,5.134608067419991,5.016383968683904,5.22710582560737,4.898689714175506,5.066203845141244,5.010191657642974,5.321936134149572,5.934367780541109,-1
236,4.9564666366884955,5.136829774488321,5.00137979398875,5.221855911678005,4.9110488857726065,5.048690709340082,4.980952390913011,5.31651446381461,5.949654211560024,-1
237,4.942187729459345,5.138374657890898,4.993130862320226,5.204051394039334,4.932816943427831,5.017478691575237,4.953152543637367,5.305035847067497,5.937630562590477,-1
238,4.917499611453514,5.139420109069156,4.978703842263345,5.19369226529561,4.955664748518548,4.9998182804163145,4.926600706903053,5.291845258851525,5.939137194714941,-1
239,4.884909660077966,5.140983074764482,4.9610701722497925,5.192969005334735,4.981705812471949,4.980246871895156,4.910802460075232,5.27425836953729,5.941765424411878,-1
240,4.8544439517618665,5.146658802527315,4.938664360385981,5.1988761599585,5.000524787470269,4.955097224868038,4.902894334902257,5.256996911018461,5.943515013994877,-1
241,4.827667494012805,5.141559928888487,4.9065908324567165,5.202687106024327,5.025543223651878,4.929087022511964,4.906504904512597,5.2372831342024915,5.946148506516565,-1
242,4.804439075515849,5.136190380136709,4.878591788416004,5.205695101120364,5.052861200035764,4.910884547943324,4.914703309566925,5.212708996604654,5.939413939608287,-1
243,4.790484230076536,5.141528708641517,4.854656327996787,5.206993355844217,5.0769555792795105,4.895949466351549,4.928726712100233,5.194261944096576,5.945839665739536,-1
244,4.770221470752254,5.137978213130845,4.839836014106634,5.192688667266699,5.078115146350538,4.882087534139644,4.94277962984946,5.180146543830583,5.949066879656242,-1
245,4.749786537359822,5.140318414382208,4.8246325924653295,5.182546525706942,5.0767700003026155,4.880853813813114,4.958972155862583,5.168411270816061,5.950066753208477,-1
246,4.734408978802244,5.1372937351994175,4.831082409237063,5.161656130304699,5.07048526497435,4.881051693719126,4.972178071771918,5.154403397531324,5.945734596358923,-1
247,4.733887024982826,5.132774016661843,4.845446589610705,5.128387366268965,5.059535269022809,4.8789754447903775,4.974400726434006,5.147234355996751,5.952475793010027,-1
248,4.734002999314551,5.132338006233673,4.850221165979703,5.0897829899716145,5.046868796292835,4.881782487351852,4.977545157346611,5.147296213794611,5.9497806192428175,-1
249,4.7310485968026486,5.134419947296879,4.860275006461565,5.0610554890355415,5.036990517076074,4.886204896538599,4.985802896633068,5.149377982034018,5.950584162650119,-1
250,4.732935737363167,5.13821903040632,4.863972444977039,5.0266514514065035,5.0316680980714645,4.888502135812194,4.9885993565187485,5.165576610493158,5.952783058241866,-1
251,4.749017157734124,5.156007446183071,4.8738725823039974,4.99295118838975,5.031043423272628,4.891121564246974,4.984552293717865,5.1739518528325945,5.942002065680796,-1
252,4.7777938860394205,5.1689037630491415,4.88339853981477,4.969427036270822,5.043341044532857,4.8977261331835225,4.9862061107720645,5.1863707736626194,5.9517103493596775,-1
253,4.805843777729011,5.184316794161173,4.891082825634286,4.952168246646207,5.054532090412195,4.904789676240474,4.992655194329052,5.197050032135051,5.947507664010675,-1
254,4.830170538498949,5.204326140485842,4.887127273229933,4.941755214208566,5.061006211624073,4.914688297389284,4.989132689072421,5.216202785370653,5.9453043824438785,-1
255,4.852009864756448,5.229333678070992,4.873192556463112,4.933110923821749,5.069191266484982,4.92949044852324,5.002661801955995,5.231720909885774,5.938125238697704,-1
256,4.882686758788368,5.242316978444422,4.86058087870021,4.922614010434454,5.082606055850336,4.936848604510146,5.0092347701811635,5.251981568961942,5.958895042674948,-1
257,4.920266175917655,5.264444129690115,4.84867671514528,4.906677284718727,5.089371098874201,4.950424085117293,5.016161783733764,5.276170685790636,5.955875636253621,-1
258,4.949010880329329,5.298372061197868,4.8384924501430735,4.894059806039679,5.093876969950524,4.965520469047213,5.023582720152451,5.309475667348563,5.965001768833324,-1
259,4.9662096187160785,5.305359838067124,4.828854532490909,4.883560955894259,5.106104907689637,4.979353356542512,5.036538137199969,5.3466152281137225,5.9567491376375905,-1
260,4.970121780640734,5.320743883839739,4.8100062917151245,4.86502361272181,5.117958545680318,4.988619494676778,5.0461998707364835,5.376507191039061,5.950457452811605,-1
261,4.972654590817274,5.3284418753976475,4.794759091648186,4.837702109370159,5.117889852071102,4.9948649692345715,5.042502337878869,5.405142777152105,5.9530344963683905,-1
262,4.978120421150436,5.333860423845197,4.779996124901546,4.799204805398339,5.116305090296347,4.998077923543819,5.038868500417106,5.421893202380754,5.9647111195876645,-1
263,4.984716622282225,5.332995607300758,4.771545434602469,4.7698558281013215,5.106512471710636,5.004361081294646,5.0167292392995595,5.447514826600096,5.955645286695161,-1
264,4.985096094866859,5.324109501808211,4.773557221828392,4.7422352271598935,5.090700166364896,5.0175448541515,5.001779224905679,5.467069419757227,5.957916269370417,-1
265,4.982139677154468,5.307013150770896,4.776514635989512,4.716487357995721,5.0784021255920635,5.032406438206399,4.986368870690428,5.478998251313537,5.946334768510993,-1
266,4.979072457481351,5.2773346191284505,4.787023999743849,4.694728805269747,5.0684732365755,5.057707107619982,4.961535866611641,5.487552402613348,5.96030938896644,-1
267,4.976980118776544,5.262159072761644,4.797760482227163,4.676092623787132,5.055071671251271,5.079951744699786,4.935773753508124,5.495234914352851,5.9640047363098105,-1
268,4.981582219860838,5.251852716145666,4.812426018220106,4.66172446106674,5.048285326505414,5.102062905806556,4.90928095780305,5.508271233915737,5.9595368710366525,-1
269,4.9869593301916115,5.247203027552368,4.825764415334881,4.659261731995426,5.044046297504487,5.121251000264438,4.890109703855875,5.5252740983163475,5.967769439918637,-1
270,4.985875385769356,5.237445734413342,4.835329275929186,4.671459957839466,5.0486513154288195,5.133579403482299,4.880901404154995,5.532500188157383,5.9638421104332755,-1
271,4.977397649508842,5.231094458008854,4.844916544665102,4.682075002497845,5.061516518795305,5.1414744065799916,4.883443480192406,5.533522051857748,5.96628162225394,-1
272,4.971102845249555,5.233922339384974,4.860829297403416,4.6962078152842235,5.075773760206636,5.15569925978913,4.882539515821061,5.532787081387785,5.951163557006582,-1
273,4.967326758697805,5.240383056222957,4.877786241893563,4.707124034007331,5.08777027910938,5.16486905425152,4.885487259782839,5.534873563885686,5.962854133815695,-1
274,4.9646660870119685,5.245423670108771,4.88753526129626,4.729639515398569,5.1007727673458785,5.163187476643009,4.900623393869219,5.529748499544179,5.962614536629608,-1
275,4.961936036855043,5.241645847958636,4.900258914598583,4.75491013787063,5.117629267161358,5.178568185559313,4.920831037885306,5.516003458471765,5.96314051512451,-1
276,4.956977169529129,5.225740576795142,4.9180969969390285,4.7769925752368545,5.1258979153219295,5.2014520211051405,4.935861591693544,5.496926074080065,5.967820636660121,-1
277,4.955421247866116,5.207373445742473,4.9329773287485565,4.8039989506800485,5.1358300738728415,5.226012732327847,4.941925701955195,5.481711215725305,5.963023985535266,-1
278,4.958729068091283,5.1899981728071545,4.9451851024990185,4.831640505704747,5.147888072133005,5.257959820730523,4.949570872084146,5.484661915992217,5.963500088585496,-1
279,4.971973491436648,5.177110197478745,4.958096144930576,4.8582011813280825,5.167269245650849,5.288921901738418,4.948215529963754,5.487343922837894,5.964751602517256,-1
280,4.9844219982041755,5.162499748752391,4.96700433175689,4.88473960063044,5.189864949845123,5.306479310931069,4.95595566869757,5.491610565522786,5.962524194129157,-1
281,4.995537758694926,5.14652493879223,4.972208093655549,4.913637725252041,5.211346118158469,5.32242226524696,4.956053501974541,5.497210958806266,5.95853188606133,-1
282,5.00499797396892,5.126272405195911,4.979650777564563,4.928634737173712,5.2291660183853885,5.340930075693195,4.956686989906322,5.496181794163403,5.958747254210202,-1
283,5.013836463338415,5.115443904562101,4.99657936711278,4.93207863473503,5.237631453239543,5.346150775141391,4.949460189138517,5.494779989630996,5.975338250803049,-1
284,5.016385758593026,5.104956813740985,5.016035019334292,4.937209531531224,5.247844948675207,5.3336480632017755,4.9441672566404815,5.4906502511652135,5.968480551498339,-1
285,5.021600944409725,5.093936058129702,5.026222802130658,4.941211378110108,5.2650411805482635,5.307871440192791,4.946330610555867,5.475784778691502,5.969921933959545,-1
286,5.02301786332718,5.081605599963278,5.035938430807365,4.939365209858136,5.268615889872318,5.2609245124036335,4.950351783760329,5.459623566846878,5.972918270362145,-1
287,5.02067712329452,5.06437688318365,5.046691203299803,4.9347591028528734,5.265780775004868,5.21934328799355,4.960506195834448,5.447204800339464,5.9690567733683615,-1
288,5.014128150849105,5.054281593004365,5.057081870994624,4.919627204411407,5.256811493070573,5.1836090106018275,4.972513003366646,5.435196257060305,5.968458538962028,-1
289,5.011944507663353,5.041640553023395,5.06608426793985,4.9168405656957095,5.249834819800214,5.15159354956211,4.981609516542866,5.411112362226261,5.970765792622435,-1
290,5.014654498541426,5.037407178342427,5.0843409389057515,4.9165385004979845,5.240467171081424,5.130885620200555,4.986370959881525,5.38819131897702,5.974174772404994,-1
291,5.013848566629509,5.028030671033527,5.098008642248107,4.919769303136269,5.2477881231338905,5.114108118281496,5.001756928867862,5.37305953953818,5.967358713860537,-1
292,5.015993825077649,5.029081408557666,5.111294354402423,4.933230323162888,5.2535644073716234,5.10595538764677,5.021209077145915,5.3577874914458015,5.971302823192748,-1
293,5.0197783121857515,5.032108304756087,5.131439644772883,4.941542862356408,5.258361629209345,5.112419469781477,5.034261063289582,5.342479619872372,5.971515005174814,-1
294,5.026094542254746,5.037375809234564,5.145550766410611,4.943767075898795,5.269402432744298,5.128421128609455,5.046128418335019,5.320766514935657,5.982786141583745,-1
295,5.019416045457719,5.042013985201604,5.158617635772038,4.946727356584979,5.2757723509371175,5.130929059498086,5.058491160890636,5.294461199276809,5.968620091331521,-1
296,5.013516599430416,5.043461403072171,5.161596018049368,4.964427990881465,5.277697320699784,5.129134640873305,5.063319088598554,5.266016094941007,5.974075629182318,-1
297,5.009967486119068,5.044924811478623,5.166453356395345,4.963109421191487,5.270324336417153,5.125849676934503,5.05517354696049,5.241762117501305,5.976272886265165,-1
298,5.000188828084204,5.046819292617799,5.160245386357261,4.968985759135095,5.269071555593528,5.117202339909119,5.045472613388502,5.21238617008591,5.972390528927165,-1
299,4.9784092608120964,5.044815065230065,5.151424048512602,4.971321320797829,5.253628074843324,5.1109312375578995,5.034658285405012,5.186687960405202,5.983352933099681,-1
300,4.970101210975845,5.046367133767394,5.137232048258819,4.96637788292611,5.242478315239295,5.104042940837277,5.036426005865519,5.165432808421636,5.981031890432261,-1
301,4.9534631733215395,5.045668782231526,5.126278010933399,4.9543550074251,5.2231576108347815,5.10296046142302,5.0405120593265025,5.15359355790078,5.973297897817608,-1
302,4.9365216895309505,5.045559395475863,5.127100165474833,4.946904699946266,5.198457257563978,5.106222766428612,5.040494883206753,5.1469242509632345,5.9734548012986926,-1
303,4.937221111671398,5.039540395367659,5.110945168374961,4.945221938199257,5.177574244524893,5.112461071891982,5.024272067094153,5.139900342149479,5.9778745358592,-1
304,4.940744498865267,5.032418712317334,5.098879016162762,4.931941396293798,5.160996632034071,5.1308779831334625,5.008989148043151,5.129049898565749,5.979165321444945,-1
305,4.935843733855862,5.027597971279695,5.083646591473548,4.929040515073129,5.152985664728278,5.146951352833419,5.013011631728141,5.119809071904499,5.968679526347593,-1
306,4.93508453888021,5.021396135031938,5.075883371719794,4.915104902766004,5.139619693239969,5.156810603258369,5.022288160318078,5.120498906725519,5.991382286610195,-1
307,4.947162654247032,5.024590151922154,5.066245600026917,4.904171599250851,5.1259290687743,5.158171964444208,5.019908488227832,5.113033587773004,5.971841066550835,-1
308,4.953721513311638,5.015077381255192,5.05522373540569,4.89535168264998,5.112299500394587,5.155999460504895,5.005672995107526,5.098328884143784,5.983490141178354,-1
309,4.969292312020765,5.003829506762409,5.043074693404333,4.895964931195258,5.100824446656422,5.157503378141774,4.995334016949013,5.074656567603283,5.975384420238878,-1
310,4.9868827793872,4.987793539872829,5.028483589724447,4.907605129294704,5.094178925941933,5.160953601010998,4.988210334619562,5.053613149879908,5.979817696942567,-1
311,4.9923763077388745,4.976942083130418,5.0274130730628785,4.910821128718227,5.08454828308951,5.163708037407824,4.996097505610818,5.03322744795983,5.97512547863063,-1
312,5.004676035856881,4.969633812088232,5.031537814500113,4.920267559622829,5.08456481639277,5.156933337117677,5.001819684341262,5.018696504366321,5.98190549203356,-1
313,5.018759552384274,4.958069277238528,5.036968845034431,4.925815671458281,5.083917847929841,5.154489300878469,5.002810942783095,5.002737607687382,5.982898366719303,-1
314,5.035448558328303,4.953201397045687,5.041630798757599,4.933825495031338,5.090770937173519,5.159050935865489,5.00338636776271,4.985526712493712,5.974493672218958,-1
315,5.043712597560333,4.941114956983508,5.049215106570996,4.9483779893109965,5.094870469863743,5.168176977664993,5.0111474339193744,4.9723792937557905,5.986468984461279,-1
316,5.046383409770228,4.934566966137698,5.065877055926443,4.948486794902058,5.094391410456244,5.179352902640475,5.015205907451084,4.969960669872845,5.979886351820354,-1
317,5.037953478543795,4.931435643167908,5.08633394658527,4.941456186426378,5.097934005699656,5.175743562788998,5.0250487142563465,4.973383271219831,5.984684770293665,-1
318,5.035628900886047,4.940450971967781,5.104782583299247,4.926992433740244,5.101440837710125,5.172886017350875,5.039382824620631,4.9760330705842275,5.984393852649589,-1
319,5.033051816082883,4.95201146454011,5.127111145076604,4.919592736054701,5.117898983511933,5.171491708141328,5.049512061181452,4.976411543614635,5.976115639312315,-1
320,5.02372256816933,4.947665730800422,5.1445961173486845,4.925456334076328,5.130178874142853,5.172374274798709,5.063182533325256,4.9763654316434165,5.985661751832412,-1
321,5.001588279611232,4.943268193773869,5.161099250951278,4.930902982492232,5.137431882658938,5.17143077023204,5.087508418073605,4.986470541810598,5.9759025128534775,-1
322,4.980226805996521,4.931178036294142,5.181684017235437,4.931319289902897,5.141053517582209,5.175096085363216,5.1019364233146876,4.993771928340789,5.9885625869376025,-1
323,4.9717547188887705,4.91747383257424,5.198208303459196,4.928051814978521,5.141309716233873,5.166407680296288,5.123593268680127,5.003733505562851,5.982239175497084,-1
324,4.9760261128346555,4.909722512533744,5.203818178824406,4.94344884096744,5.1405502279177515,5.172944395452502,5.148442094167911,5.008660313014515,5.983544675621417,-1
325,4.984527491881272,4.8933858943443465,5.198091281266835,4.956304649103287,5.135335891098609,5.181689993959212,5.163039965835817,5.008863814255271,5.987510818466611,-1
326,4.9874544695271865,4.878663685839721,5.190522367020104,4.969794051978237,5.133074089747219,5.186173298813831,5.1714634397816575,5.000838534258609,5.986369033969133,-1
327,4.989152482677463,4.871546978853559,5.179388952716287,4.975962401895551,5.119472122570752,5.196275457073341,5.18116632997714,5.001131389950454,5.985067929159255,-1
328,4.989648815892441,4.877374877520275,5.179073331673014,4.970139991978381,5.095730952701494,5.212565618097518,5.178672236883973,4.995211613069184,5.988066814934552,-1
329,5.018480394548855,4.878990355823663,5.182100166087647,4.957449873895241,5.081461922843297,5.230546443753867,5.167333623240626,4.982548618975511,5.989454963820662,-1
330,5.041989843247896,4.876050404432721,5.192740681137522,4.955616601393297,5.0577775835902585,5.237731686038237,5.164192227519665,4.971203720855723,5.979515122388707,-1
331,5.052501608442504,4.872480521621648,5.205288330720349,4.953464942078936,5.040241870570848,5.256507456213622,5.150050390464986,4.961214868442225,5.988246344619779,-1
332,5.060216327198617,4.863443499839344,5.2198691334044,4.941773960978728,5.031873530946251,5.261475290224529,5.142904365183953,4.955611176984833,5.989476918249092,-1
333,5.068048384058274,4.875836539974886,5.242877851558691,4.926005394100261,5.0209542958766,5.258525942984847,5.136897638751499,4.950632265845392,5.9833505467748305,-1
334,5.0704318828548445,4.8800544736969025,5.2734213820513345,4.906651690080271,5.001438767995741,5.2537051254963405,5.137055192722066,4.956519958543556,5.991458809105815,-1
335,5.07655861596923,4.873985267207147,5.306780733344032,4.892402140883976,4.983009725234849,5.245553199749045,5.148775821399607,4.964728298832604,5.9883945105609575,-1
336,5.085036621876265,4.86799161899743,5.330779300232388,4.877084447961343,4.973075390849166,5.2281462844715145,5.162656590095732,4.983966811315003,5.979426372261974,-1
337,5.076535899558348,4.875146231219037,5.352615976429557,4.8683187408498325,4.955388592029087,5.205081828597316,5.18180276138042,5.003692291337943,5.996295449599642,-1
338,5.067200031426101,4.890229368447871,5.361963781067431,4.857823865264523,4.946703823523099,5.179195523427662,5.203716687766231,5.021023645186135,5.995381982636939,-1
339,5.059916413681071,4.914643191028767,5.368249111066768,4.852559368654669,4.940834790407275,5.152187083501395,5.228346363951004,5.035431583100307,5.9919684237518105,-1
340,5.0475788462934945,4.933828848227912,5.386656071416694,4.8493604658657885,4.932876501788484,5.1269965735439795,5.243157622133264,5.0458837012396405,5.990649466873411,-1
341,5.035383136654903,4.935526045712508,5.3992817662394765,4.850100055373446,4.9261143347978145,5.114475506278827,5.2551194328273425,5.049437387167574,6.001166980385242,-1
342,5.024504745064779,4.941751974841003,5.397193793913565,4.849929341020161,4.922847548301467,5.10135771802758,5.259856895630894,5.047145357702607,5.996869758404447,-1
343,5.00782367803855,4.955965556000196,5.389304061383328,4.84876920428865,4.929664974051785,5.0952215801069025,5.25788118984053,5.036167551091792,5.998153476835653,-1
344,4.988995655159642,4.96899578685502,5.380089988439483,4.854607694016625,4.930505135928688,5.091133114797769,5.261667409422001,5.02133386661516,5.996151505163558,-1
345,4.965277937800975,4.978000280288186,5.372261881810334,4.862568317977814,4.933485340069157,5.0969416199379864,5.262339969307406,5.011481148645705,5.987996133094524,-1
346,4.9482873312224465,4.984590805028107,5.361233444518385,4.857245375276801,4.934465274005665,5.104907979016967,5.256263303083433,5.010411616992363,5.989220585615075,-1
347,4.937852330251962,4.985186950813121,5.340944293556404,4.854287938589117,4.93043510397576,5.105462714988198,5.244290895005177,5.0132220183862515,6.001523981268164,-1
348,4.926059765018989,4.985512516954767,5.306177233719185,4.856177689766258,4.92522458038668,5.099923099531536,5.236684585050456,5.029175302375537,5.98941387939676,-1
349,4.906803707025968,4.992624116113906,5.282440482551388,4.854947455648443,4.923619670800175,5.092033479190522,5.230205944830393,5.049754940116662,6.001300786440138,-1
350,4.8918808175114865,4.996222378534127,5.268917395328801,4.8626650192740595,4.927306536095906,5.084482174834869,5.226124267621763,5.075835901315344,5.99621316491641,-1
351,4.89084200730556,4.992676725786968,5.250038451629064,4.879309108502859,4.915786344697749,5.0822260505412205,5.223515793041175,5.107781607185915,5.9974818935764,-1
352,4.8908542650416384,4.989817692155453,5.229638441651066,4.895037244287572,4.911114915837969,5.083114674739775,5.225948216913543,5.139364184626713,5.996725099044569,-1
353,4.892615235974298,4.980304080038961,5.203023834653978,4.908319902729921,4.9134638625808185,5.077416974465365,5.227996308527387,5.163451759420725,6.004349969364472,-1
354,4.8932022473422645,4.967948480519822,5.1788783383341155,4.933661214117423,4.913038740960726,5.074097111014643,5.233595820029979,5.178740869998228,5.996465534577872,-1
355,4.8997599119168225,4.95704065606353,5.165643494972705,4.953798666307121,4.9096905437075495,5.08059653911972,5.238602744533116,5.195355603604897,5.997591292327006,-1
356,4.90289431440894,4.958740078963109,5.156103565587088,4.978774835536524,4.905393957832061,5.094634003702818,5.243575175517533,5.197105356248289,5.9983144464651605,-1
357,4.904578084059608,4.9645151219622505,5.138877367383266,5.012902033707529,4.909459211947534,5.1148010561096875,5.2433149465807585,5.192477261754907,6.00875760884257,-1
358,4.902718464546844,4.968799128553851,5.1211930368100465,5.037878854903669,4.910485923249761,5.135060759278666,5.24048673224315,5.184083452397547,6.003195658075714,-1
359,4.892795786010933,4.978321759546091,5.109697205563422,5.05425204595547,4.9136725998311706,5.149814511430424,5.235524549426162,5.170808477770765,5.991576322760133,-1
360,4.877266926735857,4.988324919080818,5.105326494716185,5.065689032193181,4.90625532376909,5.157107346794138,5.220924772766743,5.160984109426677,6.0042177764454285,-1
361,4.858998807197783,5.009569339355924,5.098502484197565,5.080813551711425,4.901380610926123,5.162648282599372,5.207063104490509,5.150933053215392,5.998340745249848,-1
362,4.845346956030562,5.034589494118967,5.093821980803996,5.090484603861539,4.906984546904613,5.164025132447572,5.187373689452066,5.156701839094134,6.008061926388096,-1
363,4.82781124101566,5.065057639829687,5.084635928027434,5.103367051195905,4.930608375222864,5.166585634413021,5.172813498295463,5.160541814902673,6.003802533249076,-1
364,4.811410788675224,5.0848601801361095,5.068174482849215,5.104684788201772,4.955379599151468,5.167837315637298,5.157265067184946,5.1662207253231545,5.989553870801191,-1
365,4.810381636224161,5.096328054716031,5.058080070528633,5.101607315945627,4.977418129329552,5.164191530907414,5.14328286560952,5.182013425474728,6.003190047896033,-1
366,4.807671189465972,5.105410325860829,5.058481114904082,5.097121451008331,5.002785797510693,5.1602823640892765,5.1383956269449484,5.1989793474627355,6.000197876938709,-1
367,4.810331243492467,5.114633966965867,5.0704149924217665,5.090949116521004,5.029979325193218,5.153505290374896,5.1282939407996455,5.211043633285845,5.998542161120734,-1
368,4.816374300610051,5.110921175778668,5.080546661974727,5.095404616308911,5.0733228493149305,5.155212678880854,5.1207626395992225,5.22539432394475,5.999583573221303,-1
369,4.829747606951894,5.106758074773998,5.104036542818095,5.095279125754605,5.115216361932501,5.16266780617165,5.108420924139748,5.240767512088887,5.992946418078336,-1
370,4.844423196214924,5.099755870653086,5.124515965249068,5.10994859902968,5.144828494757352,5.179647312683986,5.0969634053741615,5.236309503714733,5.99769037270436,-1
371,4.858038056510284,5.083028763283361,5.146739196474342,5.128838157037462,5.156139331151629,5.1903056745883935,5.0856194788880975,5.22603131263969,5.99816425582537,-1
372,4.876506840547664,5.056427509789842,5.1800096419843165,5.1378135404814325,5.161351191411021,5.203710708590902,5.0696384720816825,5.214358497159856,5.997407675300273,-1
373,4.888615433772183,5.036817617927879,5.206610436511976,5.141798123948798,5.158146743180492,5.207008387014552,5.055397184013703,5.211148326181558,6.008193019438128,-1
374,4.9046799298230646,5.018937734221305,5.2297576955707425,5.151565555839475,5.152015483446975,5.214567889796491,5.038414547779627,5.207536483940081,6.005078543174744,-1
375,4.916172232236963,5.007494868709468,5.247386574374178,5.162662719525051,5.158078350931949,5.221691127095663,5.027854520117516,5.208030561066399,5.99615078129167,-1
376,4.939689032744851,5.007141621373188,5.256381410854175,5.166987560402057,5.167310551096204,5.224264690930638,5.01394291468692,5.206939139104783,6.0035080970527686,-1
377,4.95872325201781,4.9962598490295065,5.261135832717477,5.1636839541225825,5.17191475558694,5.218178374193676,5.000338999062228,5.205512303567514,6.009299238524802,-1
378,4.976510458797486,4.9868669100658005,5.268428900876797,5.149828592728589,5.185532566141448,5.202481868205915,4.988198100761143,5.203535849842145,6.007253021964237,-1
379,4.99668927808839,4.986214721356797,5.270754649605074,5.122739592673223,5.196253567382482,5.190491402975212,4.981629109232603,5.199273871142464,5.997980128640369,-1
380,5.0091609747231205,5.003052130174717,5.269884236544499,5.110898757749461,5.213126047998928,5.174079314340853,4.977720735307173,5.203314489258009,6.014749842523451,-1
381,5.022140175279427,5.014737518214041,5.259261346133385,5.113325133471,5.233491085403935,5.166801890068472,4.974142578801464,5.19627894249801,6.013628186890226,-1
382,5.03691472977758,5.028358706410763,5.244332614324607,5.106776742151448,5.257396879452531,5.151617968520676,4.96983188955519,5.191683068537384,6.0101009937656595,-1
383,5.0614243560727,5.0329317966348155,5.226290637710925,5.108033015285779,5.269966044016405,5.1412050517372725,4.966197986640747,5.196354930830355,6.001028090993932,-1
384,5.07982163970787,5.041246442818873,5.2148004177309115,5.103541663021977,5.270476696542195,5.129891190228354,4.972056260534963,5.193208623076029,6.0134430068716185,-1
385,5.093594410169388,5.0628430525299555,5.1942844593095785,5.11099581326161,5.271277936652097,5.126878485880782,4.980628158219321,5.1914345697649855,6.007333358001942,-1
386,5.097646071040942,5.089376177307219,5.180242899861608,5.1143832591506735,5.26464283997598,5.12440335551365,4.983412233159588,5.203167564838336,6.007265130250144,-1
387,5.093016462620385,5.11490960407607,5.1723269058251455,5.12314117048034,5.269704639234704,5.116702216579821,4.979406368828412,5.232145145252529,5.996433796102123,-1
388,5.086490908631164,5.134199294387856,5.1541074536732285,5.130624695298098,5.267647446273937,5.116104697369401,4.979334330254096,5.257596509366834,6.00331152469064,-1
389,5.0831876230191115,5.146218620169934,5.148347355249168,5.1247840243387754,5.263539437375053,5.117057121725413,4.9806997504167425,5.290566462900227,6.0095088562578285,-1
390,5.076672908774662,5.151326400725307,5.142614258629703,5.12558349452569,5.255302381618621,5.127318345899572,4.974310342911784,5.3180781927775955,6.0038611535387245,-1
391,5.059475759683569,5.147093050133986,5.130263270561124,5.122916948419564,5.243583840311164,5.141231270377842,4.953030814995456,5.337292867131313,6.006928894718305,-1
392,5.036115777474417,5.138565232504945,5.111455403643509,5.121835922677125,5.233976649276674,5.1612994696459085,4.923942929177122,5.3559895495455825,6.005534482529153,-1
393,5.027451172041993,5.11593049527141,5.093906391565067,5.117657150712883,5.22388458949151,5.169605286629031,4.890321191948323,5.3711019827257935,6.00497931353854,-1
394,5.019339648875026,5.086118116688932,5.06970663607513,5.116479745352664,5.218270151604161,5.1912645620764275,4.8669595913342105,5.378991811676514,6.011791320554656,-1
395,5.021638385815443,5.056309587287082,5.04291055542365,5.1115438997270415,5.21096972564206,5.2085326021773195,4.862005220113166,5.3784401381620475,6.00747708026902,-1
396,5.029531410264447,5.026199248275974,5.023929628949813,5.106998586144142,5.212334230602765,5.221899838120485,4.848123207293851,5.381286220585085,6.01095763874525,-1
397,5.039148217309414,5.0044231374934345,5.013599446964905,5.110936870631731,5.210632895979023,5.230543441733416,4.840477002056312,5.382109561566906,6.00659432857666,-1
398,5.05198585328177,4.989027881084668,4.991134219262133,5.1095719055300854,5.2004801075794465,5.2365855453845676,4.8372157370128,5.381414382963653,6.003844881135453,-1
399,5.07275668575101,4.989797630995106,4.9681677289960335,5.108708801066832,5.189130189870051,5.229894997048823,4.848971619609733,5.382497146784154,6.004984222973738,-1
400,5.090816308116932,4.987927483546304,4.949209235929926,5.113791561874905,5.1856782792681635,5.21811122904919,4.85723548795858,5.386967615714635,6.005014903138492,-1
401,5.103877261622015,4.986691239060384,4.937587846793481,5.122221461068738,5.174487104556124,5.214601969760556,4.874253622206188,5.404284982437094,6.014705650964635,-1
402,5.114404436079285,4.995316113074937,4.924964541553402,5.135326302345998,5.167279832626089,5.204098510242372,4.89179781259846,5.423309929894896,6.011262088061971,-1
403,5.124367181488167,5.005460346563486,4.91576201283567,5.141332623057868,5.163367179687253,5.205057654831773,4.895210011786858,5.435612826612578,6.004939448174813,-1
404,5.134991592457281,5.023288329216584,4.916152249723011,5.144714870266266,5.157691672185224,5.201322052673428,4.912853346244493,5.433598210713827,6.012664587637346,-1
405,5.150102570055041,5.039965997314239,4.905527907638546,5.146097164815696,5.153838789393065,5.197316389624758,4.925416414607229,5.429614085748533,6.011536734153442,-1
406,5.165167520735442,5.053144454770273,4.905900000140076,5.144374907660373,5.1546357035701,5.188546944977281,4.93878231102064,5.420442343730725,6.0100848255012345,-1
407,5.184300374451312,5.062779494586422,4.907973393424635,5.140163959429726,5.1638333101002525,5.183620590494258,4.950849519766323,5.400607647226064,6.013668879720503,-1
408,5.212166441269756,5.080567654215614,4.9169906993176005,5.1239449671826325,5.1715434352760346,5.177695894558524,4.978359924640381,5.383647555892751,6.009971295941892,-1
409,5.236789664470132,5.1046268800280306,4.930974540056318,5.109156806509491,5.19354761353205,5.168798536460021,4.99419556859371,5.358911148400514,6.006450926539284,-1
410,5.259703151063113,5.117108789344917,4.9456530420256115,5.09477774898327,5.203799415995034,5.162721238788841,5.007212356224048,5.334190213548082,6.015860983046047,-1
411,5.276847651493676,5.12199254415198,4.963086369167344,5.087926266014757,5.208941514634002,5.143387900982417,5.017079591560358,5.315106989555929,6.010437824242589,-1
412,5.2963779060126,5.112525341895365,4.971383955135101,5.080106147770638,5.207561165444095,5.130437015648166,5.017177628936487,5.302461379058997,6.019979468838681,-1
413,5.3133577544851205,5.096839681526856,4.98377938816886,5.067528588055939,5.20041022478715,5.122734743926502,5.021240734985521,5.282589872272289,6.002320996942598,-1
414,5.320177273387301,5.082830771841079,4.991784251191546,5.06532388444999,5.200806804106403,5.115419417894302,5.031649281574109,5.272438644915146,6.017687477908921,-1
415,5.313009590801585,5.066540877443441,5.006857944618465,5.067757045958359,5.202409296717066,5.094160555025837,5.034991644697351,5.270045282154671,6.011643899622963,-1
416,5.2960996344534195,5.052001189133065,5.017401819189818,5.0718601916688035,5.200070060700299,5.062389475393181,5.032355602458519,5.2663185631694125,6.010053145503292,-1
417,5.279675985141478,5.039992355193381,5.023673538728334,5.062212798582465,5.190471882845603,5.042905731244853,5.034386368464264,5.25996738468591,6.010425183616156,-1
418,5.2740105746928405,5.031214802006656,5.032766476721741,5.0424421837958615,5.191771572871967,5.013551577045302,5.033095491972741,5.256712138325007,6.011231674615099,-1
419,5.264359100547102,5.026308339447384,5.038447646552489,5.034936129288133,5.194994927154447,4.9905318933588605,5.033890977650927,5.246657736369802,6.0142470370047025,-1
420,5.255003714998526,5.024587597923183,5.055123284440309,5.023412206327628,5.205378024121193,4.964232835758534,5.034681961934579,5.239800973582971,6.003118214165625,-1
421,5.238800017967477,5.022431307985614,5.0649004479359405,5.021968065010661,5.223815417696156,4.936571352425347,5.034425558770235,5.229421109896983,6.010008504942645,-1
422,5.22580156026637,5.02218554153415,5.079759944629959,5.028995640741808,5.236521424372906,4.922380814154412,5.031133443829671,5.224108777507711,6.0104746142923595,-1
423,5.225247821010876,5.03051934967506,5.084098673545555,5.026921049896532,5.2429330565467165,4.922404522234795,5.030950686192334,5.220735399408918,6.020749192700913,-1
424,5.2266976407554235,5.042681177806332,5.088819287129432,5.0260691268328275,5.25118862141799,4.9370810210203215,5.022068102167202,5.2064370633130155,6.0174503480985,-1
425,5.228427299274867,5.05535733843737,5.092613184825359,5.0276153939480865,5.251619164560552,4.941789818972838,5.007926689802854,5.194236523054728,6.019664131463086,-1
426,5.229432447443455,5.06823298195768,5.0900341151076915,5.037839429973249,5.247629262074975,4.948964981534258,5.001865612525498,5.180684754625381,6.015070508742395,-1
427,5.232261872140874,5.083395547773941,5.083831165461053,5.0375107564517565,5.2416359282052785,4.962360608368851,4.9915221826090646,5.162601894319173,6.019669217882669,-1
428,5.230797116982394,5.102501433479762,5.077150132365523,5.037906292934244,5.229908090966599,4.971221601554635,4.983586901984695,5.139116554878796,6.0200169623136475,-1
429,5.240367019728212,5.1187614729379085,5.072761816935799,5.035442862197003,5.214979925020107,4.985796839841212,4.973534671076018,5.119932383726083,6.016820083709493,-1
430,5.255361863223577,5.137371775867614,5.072321990970576,5.0207324003273195,5.199951859009197,4.989825207861805,4.955950466295313,5.091329553113164,6.010259983322265,-1
431,5.261984221083537,5.144876632296809,5.081305540219575,5.01010625440203,5.186977758410928,4.995973520518835,4.935847457217324,5.0604054452149505,6.011869894869758,-1
432,5.269728800176033,5.140908058684895,5.094875095717191,5.002282725072639,5.164380841454445,5.0010938482792975,4.924917857454555,5.042222502458824,6.020016911066957,-1
433,5.277954228108121,5.131933706361764,5.102540700415338,5.0042851397195625,5.141834182811787,5.007858548984086,4.922408142168662,5.0261183869755675,6.022259830432517,-1
434,5.27357879661295,5.128697332766749,5.113486263201943,5.010798827821862,5.1158788502428,5.017633366364293,4.9050390955166625,5.009930224754078,6.013140041607783,-1
435,5.2680743244481345,5.1294376868593705,5.1257998300687175,5.017048557806317,5.0961246642137485,5.014928692027531,4.891922667226421,5.010561282371841,6.012531939670178,-1
436,5.267677532852221,5.138084849302341,5.13437772648719,5.02785533361126,5.081606479081373,5.008358496616254,4.882606419682068,5.001630682389273,6.012723839708027,-1
437,5.267679214395106,5.158406896102462,5.139710408875433,5.0367200890638575,5.071110662988962,4.993988622486149,4.877039744232472,4.988014545356144,6.030858114611009,-1
438,5.263679353183017,5.171547444841752,5.140839172248802,5.052014445302754,5.071390010562421,4.984626042265891,4.873307115966291,4.982957324722964,6.021595861705526,-1
439,5.2530173000051645,5.190261281349542,5.137627127151815,5.065245402757491,5.064322904267651,4.966734854992402,4.870136876444333,4.9919456450696185,6.012700961495036,-1
440,5.244813439389291,5.2075936827120355,5.12935885805669,5.0782372537252805,5.064500498749717,4.9447661369251446,4.8674191672084826,5.000577260936132,6.024133100937915,-1
441,5.229670386394005,5.224275380292405,5.126240595108869,5.086267424283473,5.063762013149716,4.927086839849691,4.861559057056563,5.010045231839074,6.019166299784464,-1
442,5.230948732460687,5.2357698276423035,5.122375620197442,5.084396269367802,5.069086560359067,4.914568949355772,4.865857847592312,5.023606297565236,6.0187848527918355,-1
443,5.237144271711748,5.24546952649739,5.1162892938805955,5.0909423828134255,5.071627489765375,4.916257889232885,4.877571856924007,5.038324964743039,6.024437837693295,-1
444,5.236783733206806,5.248587411318528,5.108690912987855,5.096524575794556,5.065682534459569,4.922376069949737,4.884656626998972,5.075879620224747,6.01725013777047,-1
445,5.2241098770413785,5.249582158370808,5.109546968269885,5.101902084261514,5.062595479511845,4.930472742460642,4.894305021084667,5.123187720736223,6.023026295326906,-1
446,5.207661085562621,5.25647756924288,5.0939013019416555,5.1038686593587865,5.0535573121438695,4.934131226935278,4.90413179344049,5.15421655777231,6.0188544524181955,-1
447,5.196608093110593,5.262310500256649,5.078250432257142,5.112432302908915,5.061511399194523,4.942367924931394,4.908973847518491,5.1738974484526725,6.02556330388419,-1
448,5.182590366370703,5.274472646695353,5.0613388867943225,5.118223205565972,5.072437190414742,4.95015751006184,4.911521862065013,5.184772920502645,6.0257165671634345,-1
449,5.176949893487783,5.28613845229536,5.036960754484947,5.127223449358368,5.0906794497966255,4.950152162175869,4.913012274444959,5.203570301771574,6.015730577869132,-1
450,5.163980489504824,5.30775167437938,5.004367932527065,5.139909896279761,5.1052219554564875,4.9446723768302965,4.916624085768808,5.216454793964877,6.015233189000982,-1
451,5.163322794403381,5.3120117250653545,4.973159821181778,5.141763865308896,5.11740370331611,4.939334112710151,4.924144652259435,5.2269149962812165,6.022380785425595,-1
452,5.164470735389212,5.308632570694507,4.93304371235223,5.143934614290059,5.138302667426387,4.938491720118799,4.9335830444081346,5.231630773544123,6.014585116486687,-1
453,5.169000118628177,5.295429931952802,4.888418718856449,5.147777865582784,5.152966871008597,4.9379927939898565,4.937859123190604,5.246070343504681,6.014423337663559,-1
454,5.1761701129477995,5.27540644466799,4.858802305432231,5.152372128744915,5.16299377117913,4.940756631942457,4.957054197011503,5.271586192438722,6.013033709947298,-1
455,5.1822453619422575,5.261852880836285,4.841344650878214,5.141531232650592,5.160240382725901,4.944997981755986,4.98447510246877,5.289553146886577,6.023677176515954,-1
456,5.189744815846815,5.244879343546216,4.824680688953559,5.141427933122107,5.152219708967269,4.948894992119836,5.004838703854677,5.310970134138014,6.024851898815045,-1
457,5.197162748693493,5.229561453735185,4.824297722764326,5.140232437372284,5.147324449747319,4.963492778011374,5.034499274345778,5.318126438353159,6.025163910280186,-1
458,5.202010274921156,5.207619454352302,4.831380549256753,5.142404322316672,5.14305282810313,4.979884893257901,5.066442420486017,5.318113844311239,6.026854350287248,-1
459,5.199723062004893,5.195403238195649,4.844520257019613,5.151704133867876,5.1454202664439785,4.990637737467722,5.092107222277026,5.307746739864807,6.0269350216625766,-1
460,5.194095752620344,5.196149291886524,4.872748473861994,5.164145070705941,5.14755784165742,5.000981364987783,5.112466513882088,5.298133897518169,6.017867959149872,-1
461,5.183148221087343,5.197162145652927,4.900880011617765,5.1682335648094995,5.147232226666462,5.010066058880717,5.1422552571678795,5.284020328280252,6.019420188235685,-1
462,5.17570486224536,5.197586539598668,4.930543921679898,5.1717887321212155,5.151619109098844,5.022282223686244,5.153822327320717,5.269146694321158,6.02023392429652,-1
463,5.173215193872524,5.190699231146439,4.958949901361425,5.185697842393541,5.1589648778617345,5.036715450344263,5.167300229012548,5.25685965633924,6.02642483189188,-1
464,5.16520553908666,5.179604558871676,4.994229965372857,5.190204750771716,5.162655487101017,5.04810966865566,5.187005690863744,5.2426521832141635,6.020668455447901,-1
465,5.153988997636791,5.17343408354897,5.01621953743365,5.198468653343271,5.165948538706639,5.046865631005838,5.194208426876472,5.239554448099602,6.021948172001843,-1
466,5.141338300266528,5.158162671242841,5.038343730333168,5.2072639506845,5.167519229329785,5.039163324537698,5.190022753120829,5.249836681135864,6.018941176063018,-1
467,5.1200713278373655,5.1416574824664645,5.045383760357677,5.214294099152416,5.159835511696426,5.034231587463102,5.175253540439487,5.254306258118453,6.0244884109976375,-1
468,5.100907260380026,5.119187160033734,5.039233580095037,5.2226574961507595,5.15142037315954,5.0348618240456435,5.169370576573883,5.250570409304833,6.020153881338669,-1
469,5.083678771003486,5.099292150131856,5.0404962026548725,5.229571493574143,5.151230022374364,5.034137424361235,5.1528663389898,5.244372461640017,6.028504697613366,-1
470,5.064105411865149,5.082186440643989,5.044578184961109,5.229557784723051,5.151649866378473,5.0281129923862435,5.137770069494432,5.239254283911315,6.028041555589645,-1
471,5.043339240807158,5.064661307028238,5.036401254238988,5.221399054760373,5.1542106854970005,5.017400970439202,5.1215764173400995,5.237261819192348,6.019283992406474,-1
472,5.018312807192529,5.060259695941306,5.017334892843039,5.207205544838432,5.163946676615369,5.008985977690634,5.110402577409979,5.2437208116940885,6.022353458892989,-1
473,4.993375952825831,5.051560174231356,4.997362783169239,5.192771402139173,5.176773851571453,5.003738120498184,5.101381786746735,5.236325963374116,6.020052037048729,-1
474,4.978287292783333,5.043096995831438,4.97844048376118,5.176151450069022,5.18518659544236,4.994804059114453,5.098143916254408,5.224839142939559,6.017624427016632,-1
475,4.9687788818360525,5.038379888095284,4.977260281613575,5.155523873724396,5.197870285293628,4.994737666005016,5.103046614095934,5.212915755258198,6.023758138122309,-1
476,4.962006066037147,5.037370646163966,4.982019119673199,5.131958362123896,5.214003155738885,4.990938521249482,5.1127518157592045,5.203786544249221,6.027846744922428,-1
477,4.966429669379599,5.042705628430527,4.985435049197904,5.10894741832041,5.218865942207974,4.988656328020491,5.115671906732527,5.191472899758597,6.032518736292869,-1
478,4.981211274324319,5.049767378529122,4.989300831193293,5.094481237529393,5.222415958180143,4.98901034976132,5.132039461727231,5.182494350081502,6.020189423255254,-1
479,4.988614164902195,5.051466047393916,4.989581724286776,5.0912892392467395,5.222480524682717,4.9968842617927525,5.144979941572608,5.172541491055275,6.025493521347883,-1
480,5.007391425683558,5.048546962448536,4.986884984237793,5.099756876573657,5.215877073889814,5.010102322604228,5.157538467901908,5.1573946166336535,6.024272071422875,-1
481,5.028674862554463,5.054351376405353,4.999480758654704,5.100355245596546,5.204899788177602,5.018018038763146,5.179606752287583,5.140350968649441,6.032534169701422,-1
482,5.042619435631619,5.074360726205276,5.005476370888217,5.0911436724656305,5.205215888894328,5.048031809925571,5.2065171923738065,5.121963127203454,6.027735729122134,-1
483,5.055756596035504,5.102089436806175,5.002889317287795,5.083747739086925,5.200894895524218,5.071018492363805,5.23765443595629,5.107584344120597,6.029497719328925,-1
484,5.060649539719778,5.125590447383809,5.0033536598005135,5.065631914317227,5.18823238013832,5.0966097541494735,5.2531473434600775,5.087578290731,6.025040687441389,-1
485,5.070785938534861,5.151116492873091,4.996742652603048,5.058236513986721,5.175164293849183,5.116236892421288,5.288892842122099,5.068534700653363,6.02792850195133,-1
486,5.077805891658985,5.174627057189424,4.983583068676571,5.050670070772456,5.152116475921224,5.1293658719179245,5.315028470415259,5.046689187964125,6.018998433494025,-1
487,5.0870047491276305,5.210350988843192,4.976349386152376,5.034354837338237,5.130607088267767,5.1396510964529325,5.345072350172097,5.0299539093070305,6.0229849748019095,-1
488,5.094524257205659,5.233784947930652,4.977328829948604,5.016979581437018,5.127894860345128,5.137631869080744,5.364587835947117,5.02138671016129,6.029155627078153,-1
489,5.094648999218546,5.2387463896734685,4.976002657164112,4.999298953405389,5.131863063396053,5.133252925314315,5.372345084477328,5.016449784741006,6.0330330736563615,-1
490,5.101605708261547,5.238285456230212,4.973776115912418,4.988633395061642,5.133314444584234,5.115776721940584,5.367214786986303,5.0093798622199035,6.029917009387359,-1
491,5.103410420655833,5.240349075029826,4.974547799842826,4.978215580862121,5.1359116247424526,5.086602184471948,5.349479354831827,5.010166103509311,6.021954791829197,-1
492,5.112646048870928,5.2457868947282424,4.970881929506629,4.973470412540929,5.141552141796546,5.051298312822799,5.33803815335346,5.022369610276565,6.020985333307535,-1
493,5.099238368053694,5.260857420964238,4.970225499266222,4.961733163931257,5.155341303681365,5.007702658403216,5.321123627191091,5.027002130676243,6.027433091762772,-1
494,5.085436973293929,5.280293933125337,4.978233644706646,4.942262007917257,5.174674250698543,4.971622070978681,5.311338897440965,5.0261796339951195,6.027189807342523,-1
495,5.073767946642976,5.292637530442396,4.982738429579706,4.928079578644223,5.194224298784547,4.93050622371286,5.302094466559764,5.016180099707423,6.029292115786895,-1
496,5.067568262494478,5.295360083379021,4.991485847630334,4.901337661132958,5.199112485760485,4.899714366895511,5.297095535161881,5.002619652367299,6.031135690171751,-1
497,5.070062657310972,5.312928457175872,4.992263072955105,4.875651828814534,5.200964736518744,4.875753717270095,5.284866330483108,4.99535045498337,6.027156939229242,-1
498,5.069815301757754,5.3286418427877456,4.999366784517181,4.8515199673456255,5.204343181313338,4.8450376990577215,5.281682555393272,4.991579971219626,6.024010746955965,-1
499,5.080872448729819,5.33223314593763,5.001661799804976,4.83500528906663,5.214846075287479,4.822884846834814,5.285992879465981,4.981270490060949,6.032874852052645,-1
500,5.082857257067338,5.330430628807304,5.0087905616048145,4.825544096567917,5.231063289702127,4.804376269203435,5.289741016448385,4.967025405861653,6.031163162187014,-1
501,5.097194549154779,5.312827276252715,5.023138116164683,4.826753645993159,5.2394182776298,4.799822414643401,5.294832268517634,4.9547160153900265,6.0253494831046375,-1
502,5.1141127026672555,5.283650155587953,5.02701437565067,4.831577061615947,5.2524351403454625,4.786965559493577,5.294639471309522,4.946967756053387,6.027999856264517,-1
503,5.136461582699235,5.254095617588314,5.029946097263552,4.835710166935025,5.270167928225431,4.77809120747366,5.2899042534159975,4.939850044976409,6.029301754996567,-1
504,5.148859187077652,5.240239872530456,5.025602077306046,4.854123790785359,5.285985713724771,4.7649368738115925,5.296660640616906,4.936343682685327,6.026484906479316,-1
505,5.153312572901345,5.220724411429984,5.0217522644619095,4.883192074812804,5.2999809125729325,4.7554989067882545,5.30859340864107,4.928994599462386,6.033801465043864,-1
506,5.153857941120285,5.189332384112894,5.012676086035736,4.909949685997177,5.315208949586671,4.752809616067885,5.321961813814617,4.92189887459197,6.028217259935876,-1
507,5.142524907908346,5.155796474590697,5.004265369326374,4.9328081013231575,5.325431195793893,4.7543568124816415,5.331026040924973,4.9190336350612744,6.0336684078588565,-1
508,5.1414861504359175,5.132900308204892,5.000525625800198,4.952444910110134,5.326978501236627,4.746372959473951,5.339223359621439,4.915134477993882,6.031113761229945,-1
509,5.129999633079392,5.105290393570971,4.991347043182802,4.9678753862049785,5.324679867978567,4.736220693018265,5.342805333816948,4.92673541725032,6.02205178850385,-1
510,5.1128385190999674,5.093924166475534,4.987728020630409,4.984753961351394,5.315737526970644,4.739911718249142,5.3475740281871005,4.933927414193866,6.0292590229560385,-1
511,5.091856062019116,5.077046144752449,4.993940197055191,4.998972305060953,5.308500614448145,4.743142194838661,5.352939791011323,4.94720266895807,6.0353004969909625,-1
512,5.076939457520134,5.057548793557934,5.002013471404736,5.006220380508464,5.296449653403287,4.7580197123673384,5.348574714048238,4.945726605328359,6.030266862752043,-1
513,5.069209629925778,5.0439074297437125,5.012224716104014,5.012043860660503,5.279338663866846,4.767897162839258,5.358039483181115,4.941867294747658,6.028371020504373,-1
514,5.063857729008457,5.034143886049252,5.027830395245876,5.01462135754437,5.255162665320807,4.780053620231807,5.361936751786919,4.9384148826977015,6.033847459537455,-1
515,5.055152248143163,5.0294879391842136,5.04191715257029,5.018664075762766,5.2236983876182235,4.787168789555973,5.364222613498469,4.925036067418909,6.032921266964474,-1
516,5.042122139681344,5.007085454296389,5.054820188512758,5.033228943136603,5.194872891334305,4.804810205278481,5.369621524550663,4.9083588306140244,6.0244937339892894,-1
517,5.035764238439244,5.004064787002237,5.060510341024778,5.040202480222925,5.171082882615214,4.8304628721285265,5.377981403460486,4.882175965377119,6.0255207669593664,-1
518,5.026282234051803,4.9968731792477135,5.072944490250626,5.046211239714163,5.1528573141921825,4.848617888613473,5.379463234339643,4.854335893901281,6.028806146288826,-1
519,5.012053744758113,5.000962697563567,5.073726325050411,5.051931904904627,5.121512728918201,4.876191142927928,5.392685936462297,4.833858769190681,6.031746537805792,-1
520,5.002383609160135,5.003433892025609,5.075030099960389,5.060041724112677,5.103057093420154,4.898295650353168,5.400128519543099,4.8213499913314735,6.0341138806052115,-1
521,4.990638764827423,5.013163026925536,5.066193503755112,5.053876296522847,5.092523028140391,4.927123836501156,5.4009549582442204,4.816838088661909,6.034322381821702,-1
522,4.982548112898158,5.032812310238206,5.049884719547852,5.056433794722641,5.082479700682704,4.957182919967568,5.401715967668524,4.816959637054353,6.038167978041391,-1
523,4.9828992381668185,5.049260678023489,5.043766838418897,5.056997208576417,5.082905857634036,4.987896817767047,5.398203558019107,4.8277409919703365,6.024946387648621,-1
524,4.982370267025592,5.067946682513417,5.031136272895297,5.046055354921551,5.093012561437808,5.009225707025962,5.390389273599319,4.853165421164145,6.033260829222946,-1
525,4.973085877583008,5.074001514647084,5.026409538648508,5.032236158265434,5.099208738853517,5.019415339149357,5.37056609559963,4.873566029892934,6.0291377350359685,-1
526,4.966548810842071,5.083950055750039,5.017356707489909,5.022328678377734,5.102259334124617,5.0367568322705445,5.355793316261684,4.899464877490669,6.036673438557423,-1
527,4.963342444476709,5.096612317367612,5.01678591498301,5.013401831839465,5.109221618199434,5.040141957685548,5.3214929354379965,4.917021849073473,6.03636334851624,-1
528,4.954055930511553,5.1132796049101135,5.010898165699552,4.995599499207588,5.113141073956065,5.045634462862979,5.297661094629291,4.932128475390977,6.036986171000155,-1
529,4.951006171085163,5.125262046041929,5.011403155638824,4.98031166433732,5.110864390160718,5.04878339285197,5.275121526569853,4.947070703814223,6.0326931962910475,-1
530,4.94426308683216,5.131389784274565,5.021753683281413,4.9623226749794975,5.114182716400506,5.0483769209351355,5.262971329649969,4.963677484371164,6.024743247946015,-1
531,4.94016901953273,5.147077421512841,5.035043762271438,4.944964487245548,5.117508282813472,5.054849337269778,5.26761789926266,4.977325686870544,6.033383039830773,-1
532,4.942511319152125,5.172507053717159,5.053249054290683,4.925111657538167,5.115889593580067,5.070763017390113,5.276487751783561,4.981700775509489,6.032849868361291,-1
533,4.9494121610158395,5.191881254554372,5.07656251499901,4.914765085916136,5.123611194481925,5.095687903577692,5.290882295535528,4.984667966959987,6.028689597295328,-1
534,4.9586312030970765,5.201962621214732,5.09570003475951,4.901570097105344,5.136618952563649,5.118894378424105,5.299955174080035,4.990076773316239,6.028942737879931,-1
535,4.96381499700744,5.193600472927439,5.112230729621949,4.894104589969819,5.153796064893009,5.14840726644233,5.313600014994183,4.9904412918925765,6.035872796565693,-1
536,4.96574475571427,5.175426286663765,5.129522037990089,4.897765150477399,5.163326833448888,5.168332947150745,5.318998006454463,4.994486359313607,6.024954635079393,-1
537,4.964469354797869,5.149538882634844,5.1479360114351875,4.911518158721651,5.16776700547114,5.176981652971055,5.322996994255815,5.0015780139601205,6.02404963196952,-1
538,4.966198648272834,5.128132082413699,5.1650000056952665,4.920390883394844,5.164085250644417,5.189626617334024,5.318172068043123,5.0034649550705526,6.029730015853952,-1
539,4.967325020551602,5.101544516628354,5.173562169762726,4.9228788451618675,5.156922950458336,5.196024597431784,5.3028135072552995,5.008337273633119,6.031629725968252,-1
540,4.978557814095189,5.077753550269016,5.178598510317865,4.926893609383643,5.150117303185883,5.194734911175964,5.286880456241981,5.0199775167465415,6.0316657778050455,-1
541,4.9960456770554185,5.058411242955605,5.193211146186926,4.924628486479181,5.139414342219741,5.17829917359194,5.270549733436657,5.026822500264194,6.028790501006864,-1
542,5.01301378478177,5.037302096522004,5.201374520272804,4.919644738575356,5.127065034657042,5.1555273077312265,5.260475387546958,5.031067614444607,6.031686453760648,-1
543,5.042436625782664,5.019716197177092,5.212030333196812,4.916377912181982,5.114199497532585,5.136205498989708,5.251937117419282,5.045550216206414,6.0294241158050195,-1
544,5.067672544049923,5.017423067784404,5.2307569813154435,4.911031722301207,5.104353327883995,5.119319144948596,5.2409906934069515,5.052468840378774,6.031378716407126,-1
545,5.0854796350178475,5.01404491280149,5.243481704405653,4.906617821886722,5.095084983796808,5.110553887624872,5.231399536287534,5.05742551415275,6.028577118385806,-1
546,5.1051373715879205,5.012572801664268,5.254007511269082,4.913878063721674,5.0889505168112,5.10195808635633,5.2236976729577815,5.055828927638428,6.03655993412127,-1
547,5.125801630730244,5.009735529957142,5.256719599668106,4.921024076901521,5.084583861398374,5.091263189616818,5.217556613620398,5.050036869462992,6.036875833174982,-1
548,5.1303477877800665,5.004483388962002,5.2543481992129255,4.932415063763587,5.076115089331263,5.087474107600475,5.2031712699067505,5.035954830169784,6.034653972215442,-1
549,5.1342606487487705,5.002920739194937,5.234195476419631,4.951800041034999,5.072238705195506,5.098585466965288,5.1902553530552735,5.041345481233147,6.03044854774133,-1
550,5.144277934597935,5.014921962109032,5.214589471985654,4.977539947297796,5.071057578850531,5.114308810888251,5.164611059065598,5.040658677947173,6.019789840936322,-1
551,5.1455691989342345,5.03473844787297,5.194764321022502,5.008304977478918,5.0700514073215714,5.125440505953474,5.14554103298307,5.037947978938193,6.0283367696873,-1
552,5.160001146746573,5.050063135824459,5.175384895314875,5.039834796866693,5.067026916011573,5.139337622443222,5.128932401416856,5.043929609736807,6.02608961379713,-1
553,5.177864597317524,5.061773495158402,5.161104587769822,5.0652812022911915,5.06383836073452,5.1612683803335875,5.114627190992923,5.045986710699064,6.031707450436251,-1
554,5.192762507730109,5.071540772350701,5.16036688169125,5.081863412345726,5.0748768073289705,5.179522408425735,5.1067663782007084,5.054023845777142,6.038194454578305,-1
555,5.195796474532407,5.08157071336675,5.167726277417399,5.096823852429374,5.078845364380353,5.198310363073399,5.094617037577426,5.065360646742403,6.027544761563285,-1
556,5.204413660445806,5.094337800442483,5.173220753394482,5.120303789534525,5.082943058060339,5.2127891463067275,5.079576809081484,5.073747299637278,6.03303036288755,-1
557,5.208652028157165,5.104495441687653,5.1711973714592725,5.148671638621602,5.089063305912099,5.219735466468804,5.064919406057104,5.07101537661139,6.025940850939896,-1
558,5.202944837302744,5.101126223680855,5.174027331475965,5.180119827520131,5.082225836879431,5.224644629398986,5.06948541090644,5.07738001014343,6.040937265357246,-1
559,5.200525874003843,5.08452870355962,5.173245111356844,5.205381562015424,5.074972148162094,5.22640759120233,5.080078198777028,5.08132082555036,6.033746148982108,-1
560,5.20070354258836,5.066603651456936,5.16691947840175,5.229135079752636,5.066545382757557,5.234119121473499,5.086888377761965,5.082943859479847,6.045030885296766,-1
561,5.2088828740091095,5.059680394001488,5.1656713679195745,5.253064985776972,5.069250433619413,5.233262849217812,5.099669302247581,5.084428829075765,6.041453726912152,-1
562,5.212112866345362,5.0570012106771784,5.148689162030761,5.271476153845516,5.058468450254096,5.231504546565039,5.107178497434429,5.078350230950681,6.041153796460262,-1
563,5.221313965093228,5.050403809777715,5.129167129124329,5.296488134795793,5.054481411720487,5.234841658789209,5.115597983224522,5.071200764464578,6.03378714701631,-1
564,5.234467506501908,5.036458894731956,5.115482765312689,5.299363428987712,5.057633318335978,5.244634667414003,5.128973484235583,5.070088011796471,6.038392419647236,-1
565,5.240555351399884,5.023802961482413,5.101039491057516,5.287328244170937,5.062755975234384,5.2595129587432226,5.141951854586068,5.070723922079426,6.042435157038741,-1
566,5.245638856854643,5.015348480526701,5.088144869478552,5.273755124615071,5.072347506614607,5.2678923162124205,5.146789232676956,5.054894010408349,6.0360046728426555,-1
567,5.245656339592895,5.027113711283222,5.0790111519812235,5.25771424970888,5.076693233528139,5.274883506041687,5.136591580815895,5.0384831384564635,6.035581911983631,-1
568,5.240162864523597,5.03683521634725,5.071788615534241,5.243363682323881,5.083958751352592,5.27132615660631,5.131311522517372,5.023716468660745,6.028972492115145,-1
569,5.225120988408859,5.043177865756107,5.053514145736992,5.2331167225904185,5.08120702671774,5.2671967872891505,5.124443694542997,5.0176246082272336,6.0407526378455145,-1
570,5.217499107921062,5.0410932030326965,5.034399691238727,5.220109888228794,5.078421590889098,5.267845841386034,5.114921332651128,5.012622105284949,6.0338496962239345,-1
571,5.218761983246312,5.037835098190054,5.01894188275619,5.206371444530145,5.075420427250755,5.257559861390952,5.104681391672701,5.003575511404214,6.039570687929348,-1
572,5.208607085987464,5.039352534649305,4.99573516006861,5.206520461767706,5.070154003698351,5.24386612178142,5.109279527974244,4.995417930244465,6.033736461439258,-1
573,5.214442657066712,5.043517334466755,4.986398844413834,5.2085846191762135,5.062052945643188,5.227141853989401,5.1189052842377025,4.9817265983959285,6.037557281944401,-1
574,5.225594491111737,5.0484209882233895,4.978578605798189,5.20904376543403,5.051007283284148,5.206230824707955,5.1248220389026224,4.977740554571238,6.03952643430148,-1
575,5.229663647199083,5.052851799869553,4.977348787321788,5.211082395959465,5.048521313782075,5.194097362417628,5.133060037100977,4.9775632863517,6.03021616950212,-1
576,5.223222832806874,5.065387699275062,4.988392403069545,5.213277940992788,5.051730553145052,5.197193529634608,5.145830809338729,4.9829717966619596,6.034365214780026,-1
577,5.217838325866326,5.073886825557664,4.99530709434951,5.205985913378245,5.064272382904834,5.204219238018101,5.15618838331834,4.9848254531911325,6.04451322243956,-1
578,5.213425419805134,5.084742105103922,5.003322486428423,5.2037933100253815,5.075504281346437,5.209197275501413,5.16614476608689,4.985758172375114,6.0443346983444215,-1
579,5.205153643134107,5.10551262267508,5.0048462178327,5.194049146178364,5.08924764424349,5.225734302673274,5.178779343528641,4.990837124289482,6.029150648343938,-1
580,5.213339238676916,5.119846592325573,5.017502150094794,5.172913371998843,5.099509679712767,5.2465101272381975,5.183083060800124,4.990705949113415,6.0355528689973585,-1
581,5.216288050215508,5.124224312425442,5.016238187823765,5.161313232152775,5.105670688292259,5.269859081945584,5.1888228731107455,4.9927781198923205,6.037320423893608,-1
582,5.215586571145471,5.125438648512631,5.019415496068897,5.147739537777397,5.118073034522479,5.2971027882803705,5.200015561970619,4.9944628517741805,6.039907373496003,-1
583,5.216346951036699,5.12415792036258,5.02754504269557,5.129428924620482,5.125386860728743,5.316112402644958,5.206865928644415,4.997128696632182,6.047755484662097,-1
584,5.219337601805239,5.11679985517317,5.029182771851698,5.11222380517956,5.130488778168857,5.330958620078421,5.214487006056724,4.992570823296644,6.03768947149357,-1
585,5.220050547552312,5.116499208703389,5.0304743107541015,5.101875534623294,5.123404774731811,5.3469224306732315,5.210875204623876,4.97950065268642,6.040097957753933,-1
586,5.220462210224182,5.120548156357911,5.034266306148397,5.098678174051416,5.117208916804154,5.360260106622222,5.209382464718455,4.963327152882426,6.03937553491655,-1
587,5.213951222607127,5.1140447340715856,5.029148542926215,5.102193333662646,5.1179766834512535,5.367304103350221,5.210999091139431,4.953726346796394,6.040675838708271,-1
588,5.201647864992804,5.104304229101748,5.020660352786075,5.1173070129396585,5.116414466722597,5.371644282036546,5.209896240798539,4.950423547127014,6.041550469783681,-1
589,5.1830116806175806,5.103271572019411,5.02883602380665,5.126136963021747,5.117588123124108,5.375349085688926,5.201437601471027,4.948231140639542,6.036674633540391,-1
590,5.166493465661996,5.0982605918448325,5.035875393775398,5.129852299598748,5.124008923988269,5.382875529889136,5.192969245370698,4.948649844085706,6.048776827088009,-1
591,5.160522420189047,5.0858865971654295,5.029970771509,5.134890563335653,5.12645625023402,5.389387868173352,5.192158358689933,4.948346505558721,6.028791104040509,-1
592,5.153558929047707,5.073732035538508,5.0239626912080375,5.13659839923228,5.133223162193929,5.381838155153291,5.19012090792117,4.95010626066546,6.0303441570536975,-1
593,5.141392250708171,5.060176558512089,5.024358453754229,5.140632510416374,5.14516062842599,5.370453552104145,5.196905455342932,4.962858573359467,6.036792132081525,-1
594,5.1148157850296805,5.045489827473675,5.0359445113717065,5.135848526707874,5.157903143132489,5.366953865171759,5.2073365996928205,4.979073335638248,6.038431258367625,-1
595,5.092742273823005,5.033680080304596,5.06621884381034,5.134065815937002,5.160390132909057,5.368365978882016,5.218959819639689,4.990515213291425,6.038672585296477,-1
596,5.067690379411246,5.0297363360472795,5.095717181523594,5.1376176837843275,5.167382897196412,5.368944377933159,5.229401186484987,5.001244384204945,6.035449916938279,-1
597,5.03977341907896,5.026269927743164,5.121158404073665,5.144921605121489,5.173310688867501,5.37115731625272,5.2396580862923665,5.015024090133105,6.043350074735204,-1
598,5.014423042760301,5.026490579804963,5.134928326459703,5.150810078104113,5.1789076716104185,5.373013310718633,5.242678417747451,5.024454650995145,6.040658755669099,-1
599,4.985998497310342,5.020562745716818,5.1536195918439756,5.157695697907581,5.186315530021208,5.373277284540089,5.246145046346534,5.039363346680512,6.039566165513339,-1
600,4.9623815318383375,5.02756755509008,5.1593193616769675,5.167172417933118,5.185514194150086,5.3869283573224305,5.24134134740309,5.052748311591278,6.03386427305581,-1
601,4.947691764239625,5.023754596055417,5.176454694431797,5.179902938590987,5.189836611664359,5.3956594318383155,5.228933401908102,5.058026878242693,6.038100395482144,-1
602,4.945415044900015,5.024581935974316,5.187421631628544,5.200356020917008,5.1910771160151645,5.395697904527632,5.221132011388711,5.0784790686542145,6.035209961439096,-1
603,4.93956982682488,5.024554145676072,5.194598422813618,5.211103057055275,5.196081082082557,5.384429977675417,5.212692171305148,5.098657775144265,6.031577894800402,-1
604,4.926135684266365,5.024867375428542,5.207199557366101,5.219984466527951,5.211692637554925,5.378211563691849,5.213709007270977,5.117853219530725,6.0335721066236685,-1
605,4.921724168786395,5.02402414056553,5.214494837626628,5.231350940715604,5.235958518549243,5.37450729264253,5.209440486384264,5.1337915332703945,6.039423107805421,-1
606,4.9110178280217704,5.023285529137677,5.230746321063917,5.254691709313936,5.256554280111721,5.363073645966498,5.208334941587465,5.1631485603046245,6.035325204974399,-1
607,4.906543443362541,5.023664781885932,5.242607697110584,5.275952526380134,5.2785373236222695,5.352829128647651,5.20768954150947,5.187739109440688,6.03945498470546,-1
608,4.911837408599187,5.01249207344185,5.269404389811894,5.2984324550078385,5.3022102688924795,5.336477248983859,5.214160926015642,5.212508641399251,6.036081253160358,-1
609,4.920497043350165,5.004313170765931,5.2828490040330705,5.311826368031383,5.318474441014872,5.322902360543041,5.22686727667049,5.229545525955327,6.039403176878957,-1
610,4.925701767356486,4.999833979701151,5.286812406037396,5.307959779001215,5.333940206796407,5.31052453396294,5.225183198563351,5.235143719311895,6.041897686950261,-1
611,4.935880390600863,4.998782148719548,5.285772371709309,5.310800765121313,5.345934351328021,5.303249669372642,5.214179902992909,5.236264691037846,6.036000750337202,-1
612,4.953181638209756,4.9940422065058865,5.284143753255657,5.309533551991923,5.3532172308859005,5.297683785230298,5.198303162672597,5.242006160060474,6.037956047135609,-1
613,4.96379547155435,4.989759704863116,5.284719813161905,5.297418923987064,5.3531379638319265,5.291179535919662,5.192401489487625,5.24645871619837,6.0364049804029145,-1
614,4.977784228560136,4.98857737817546,5.290204258822907,5.273379177536192,5.356304540442494,5.293099570077234,5.186375535955313,5.244375752470526,6.038666625289767,-1
615,5.0016568185032995,4.991812857662826,5.298743259692516,5.246594387286453,5.352542121511388,5.303853542678257,5.179917008054521,5.239761354118163,6.0327084325517575,-1
616,5.017255820419687,5.001946291300798,5.302326662967391,5.216434323326576,5.3433611538648,5.319076875916865,5.180019225444866,5.232325059954762,6.04317364705208,-1
617,5.033469788794325,5.0208388688780445,5.308922219538212,5.189115431559664,5.3374727646642794,5.334573174176087,5.181612016591815,5.237746915167114,6.041285707781378,-1
618,5.060117628954397,5.023103566834435,5.318099018101593,5.1715741965492095,5.331063781020536,5.338188994478292,5.188970558650159,5.243157110036116,6.042916348273741,-1
619,5.086393538354038,5.019909656145187,5.330736703301543,5.155055953599267,5.323536395225099,5.341165722145458,5.20098609249542,5.249757376924262,6.042341163580045,-1
620,5.12414570527573,5.015454090566316,5.333127689296968,5.131082477162364,5.302614876590525,5.329763818658668,5.212446354693185,5.2384655562998095,6.043991090681176,-1
621,5.1664578036959075,5.015054252067016,5.333264143548057,5.115255494851267,5.276393494873531,5.311680395619675,5.221681613888304,5.21628826170649,6.035996898962371,-1
622,5.2159979932147715,5.016654553398255,5.322354142515027,5.107907005570755,5.251951488702996,5.296074748419602,5.232955619078096,5.189950594644294,6.034293581596741,-1
623,5.254066507333234,5.012573970561863,5.3029493031450325,5.102447380006712,5.234711024831601,5.272918620112399,5.240127752009736,5.161913294663015,6.0348169187354666,-1
624,5.288586879525718,5.004220596205975,5.282358387638924,5.097728292271879,5.220697038875053,5.245440186005767,5.2357706006348295,5.135419073526529,6.039859871312238,-1
625,5.318203776370088,4.982787992581889,5.26602317664543,5.093378908462469,5.202288763846107,5.217084759999285,5.235348383005164,5.106841799981059,6.0465965140193765,-1
626,5.3370332555942355,4.9750074240618005,5.253329362918757,5.087962951934754,5.179532950166326,5.202747451718661,5.238687710520601,5.081440297529808,6.043134971070806,-1
627,5.351426037510091,4.970672647202511,5.242750601797336,5.078374139796734,5.160704127649942,5.181401685444998,5.242838817782459,5.0604577387806335,6.037232360771101,-1
628,5.354665647647397,4.966747971820038,5.237450645644428,5.082151180439159,5.14345780631418,5.177173370404812,5.241337636526299,5.05114383151562,6.040326553805672,-1
629,5.3601670579770735,4.9595301066822435,5.224789077226922,5.083816062284554,5.132437459525662,5.170994211145303,5.235703467297232,5.0541570162123195,6.043052600602344,-1
630,5.361809389493709,4.961616577882985,5.217683632292885,5.083937545002897,5.120275798686396,5.150281758433823,5.225520519043846,5.054202509945936,6.035982105077686,-1
631,5.369165989014768,4.9693646828518485,5.217606848055528,5.088029279712382,5.106710549344057,5.136935115095031,5.218671498208138,5.051557857119805,6.038553566086382,-1
632,5.3793859037233185,4.976069355420396,5.214074775848216,5.088712530518227,5.098414774022653,5.117141790853638,5.215946769996577,5.054029687128935,6.031397229814091,-1
633,5.392987214833055,4.990235584642998,5.215960021787207,5.091050133547553,5.098112165359272,5.094459366489583,5.216982448621784,5.051533936920815,6.035618600193243,-1
634,5.4135154312041065,4.997936885942415,5.215969824445966,5.099741838217614,5.102889940396081,5.072125548109418,5.210944512415265,5.052802393208177,6.041441706005421,-1
635,5.441902614248427,4.996847220799704,5.204833867616411,5.108287108131843,5.101908646995548,5.06664774085327,5.204243007439165,5.048916589008139,6.040879635449256,-1
636,5.459407411110217,4.994682831700146,5.192748668034312,5.113586470566139,5.1117208852080065,5.056653711104042,5.201075872743313,5.044297659744906,6.029448124419442,-1
637,5.4692715494409345,5.000302010381509,5.189084786106452,5.117937015919676,5.11398181051757,5.046759178864841,5.193064060164335,5.038832636249278,6.041891730394806,-1
638,5.4835058252810835,4.996486512451689,5.176032731353139,5.114897714426704,5.117340727839398,5.043675227177491,5.1943652949126875,5.032528637882924,6.040173135791969,-1
639,5.497368797994081,5.002724024347008,5.169454098589946,5.109029093457384,5.11572462139594,5.0377215652067235,5.194900374069736,5.025189642951962,6.04233311798648,-1
640,5.509687076862229,5.003485958720899,5.168297047399665,5.1036521471850165,5.108155478209034,5.0450321873152,5.194607225608005,5.011669616249919,6.039067201393638,-1
641,5.532114596601643,4.997347550550696,5.160597900637277,5.086437029336305,5.095738297803749,5.057593749514426,5.187185836198311,5.001883093472386,6.04206736343083,-1
642,5.545313241378106,4.986541150237743,5.146375684597189,5.066513271975798,5.090195828103601,5.062304688694212,5.190135680709135,4.9815230624346105,6.039873268036989,-1
643,5.549287710350004,4.977610911984768,5.149715580451939,5.052825527749129,5.086673833827303,5.068242032775123,5.200189050657515,4.961472367925332,6.041741708055346,-1
644,5.564442066682356,4.975840923213197,5.143382062449977,5.037892210836479,5.06699665013463,5.072749169181343,5.209392641828785,4.93840775285811,6.051969544847322,-1
645,5.575295723288426,4.972837161373988,5.127351442086048,5.017227017332842,5.0555104836247375,5.087488879908264,5.225434196714506,4.912813905845892,6.040607300999968,-1
646,5.566478871005318,4.957625156743708,5.1259616622158735,5.0025018305359135,5.047797260219052,5.109735047264911,5.236058693271479,4.889184905749001,6.034191371115183,-1
647,5.551600524538156,4.9365059844948,5.1114311455010135,4.999111468828216,5.042687820504926,5.131305817937752,5.2476095563558225,4.865286854060496,6.044004035433311,-1
648,5.5322921883512,4.931683090211268,5.095248014778309,4.999668957962936,5.040350973481136,5.142501566222129,5.240185924264257,4.842345017942595,6.040489299365336,-1
649,5.500417797858817,4.9360488770723965,5.087743648355709,5.010992498041839,5.0421679469594665,5.155292037701583,5.2346189999887285,4.816480906873453,6.040965596580528,-1
650,5.474852458199683,4.945449404993204,5.07555874240255,5.025125848811879,5.036136919733101,5.169625725090519,5.224843151916225,4.798306275400977,6.0405315790221605,-1
651,5.455620386903431,4.95798700891681,5.056105568063613,5.026599462328277,5.0270076981237235,5.175642635268459,5.213574566196464,4.7884434260043545,6.03868592840502,-1
652,5.433011701831203,4.967041412223339,5.045898691390136,5.024439879908172,5.027991523695433,5.184037211215777,5.195699571101385,4.788296264679454,6.04004951518793,-1
653,5.415664468587091,4.973855558110182,5.03587003514956,5.021179302746909,5.031524454625748,5.190078908409272,5.172579687388115,4.794908461491595,6.044612121155855,-1
654,5.403878128880859,4.992774855032147,5.018001863314299,5.023292566587217,5.028525435969407,5.191820775899193,5.144499211481491,4.810321144024692,6.039086973435664,-1
655,5.389933974449582,5.013577207504164,5.006989191826818,5.013963740709185,5.032199876551365,5.18650448725103,5.117301417950208,4.829532884506753,6.047748716703536,-1
656,5.384130545693101,5.023158874396313,4.998883469046002,5.009386388406392,5.037387863900138,5.182261782793866,5.108466151824109,4.8472226350906755,6.049201027436315,-1
657,5.370018898727593,5.035415742571324,4.981412876281163,5.0009709529384505,5.037881366518057,5.172857399472401,5.097068501628469,4.874547258863869,6.040571583374726,-1
658,5.351470289807546,5.046335941528316,4.982090566286648,4.992048902842831,5.047062929101117,5.16685417621618,5.075211570473676,4.896042789205039,6.044963665496162,-1
659,5.3298562058377215,5.068389699525073,4.976958380516325,4.998958378263255,5.063824659913795,5.169623953257556,5.046015386509692,4.908044871756127,6.03919880359849,-1
660,5.312690123894423,5.089314684280782,4.972523325869019,4.997008585617438,5.082873521864661,5.163631968261581,5.030618032430075,4.917326498619158,6.041388811012991,-1
661,5.2997932995994255,5.09252368088665,4.974205640178199,4.994739860792095,5.095800684605378,5.156439873791661,5.0234065348951535,4.917271997085167,6.039309804339587,-1
662,5.293397508247347,5.08978414651226,4.9817046794477005,4.981485981496409,5.110292249722982,5.151943438430827,5.024897053535622,4.917202233773809,6.041805573176361,-1
663,5.280530212595932,5.093204985262134,4.991040174993969,4.965637140330336,5.125442575768829,5.150249468367912,5.0250215310004736,4.915910635588602,6.040107213429504,-1
664,5.259235744835053,5.093147017496164,4.996232652768873,4.951945301858406,5.1364711128348155,5.151184716820183,5.025993034521518,4.9229486171076235,6.042950948037488,-1
665,5.243554643993209,5.089391305873704,4.999844774108994,4.946410167392008,5.155675227704615,5.1508586762873625,5.021960204492627,4.92206459999534,6.036029864804134,-1
666,5.2230814144735165,5.086690898186615,5.00018056915244,4.936674434198854,5.164408019022413,5.140847912176651,5.0294284706727375,4.925068562303795,6.041358193444974,-1
667,5.206706352602423,5.077784256256109,5.006039638519563,4.914177814279099,5.17282885262591,5.124908327925254,5.042329753193402,4.937354103558994,6.038479605609076,-1
668,5.178812130020314,5.064218464356312,5.006332927760127,4.906793205948789,5.173653738973771,5.1005624178646105,5.046369891077866,4.945974244258494,6.031702209230507,-1
669,5.1518362786876475,5.074789970620872,5.009930058934526,4.903421977558881,5.171532284834087,5.076705983362474,5.044743420190869,4.974864482217614,6.038177349708686,-1
670,5.126479534199738,5.085691882808683,5.00862640417578,4.903643212352374,5.164975421651854,5.0497248830724715,5.043928811237518,5.007273884194329,6.041185132852873,-1
671,5.102029032652832,5.097733538762146,4.997942823750549,4.908920356263419,5.165611434710959,5.030099046952926,5.039473613225423,5.042264915967343,6.0442033231097785,-1
672,5.089126520710615,5.11406021291658,4.9828730540969595,4.910797902416216,5.169436622036375,5.011970016701105,5.028946137136481,5.0776883202733165,6.0465018032011475,-1
673,5.075295954058148,5.129451988732562,4.976322816658214,4.912826850594923,5.167112183657325,4.998528677118753,5.014192389866944,5.111080444823352,6.0465324509754375,-1
674,5.066370700107649,5.14385117762484,4.973407423172979,4.923368589572462,5.180267074855565,4.992146294446426,5.00054398405115,5.1447155995023435,6.038634281206498,-1
675,5.054548227184789,5.166185681274316,4.971638071269902,4.936758358594979,5.185498426110337,4.985392518162684,4.989023344680308,5.176174204415962,6.046874204087511,-1
676,5.049722528172616,5.196291986119741,4.979380730671125,4.953267123663107,5.190848883440502,4.991232042018877,4.987296906615634,5.2095437249319065,6.043695332848571,-1
677,5.045215640665824,5.208914345763273,4.984692714500733,4.970635987289038,5.198075903939625,4.99849279455783,4.984941891155896,5.224781756872078,6.048205098997672,-1
678,5.0476556079863055,5.218647420576787,4.990892226645922,5.001433991730304,5.203953594638712,5.011800737533741,4.981777672666069,5.238212174236446,6.044552057873883,-1
679,5.062244066497376,5.22510285720136,5.000261381742434,5.028629661640804,5.196116381029137,5.017893691595856,4.9738560382714905,5.250529137150484,6.047013748773468,-1
680,5.075988600595765,5.234100134149647,5.015330677336842,5.057993483444715,5.184784284181169,5.022231526449191,4.980385715313691,5.26250460084518,6.0454115598075715,-1
681,5.091464637493924,5.240672885795445,5.023051455231189,5.089116796078297,5.169909376768931,5.027495937270672,4.998780261771531,5.273287947086514,6.0347343050449584,-1
682,5.107907499166579,5.2499757587895175,5.022927605592389,5.106788911848187,5.147372764256313,5.036198046138184,5.013664604902022,5.283350385172266,6.037714137116646,-1
683,5.11807035783572,5.252491205983161,5.02051561142298,5.125816316235348,5.132666545629566,5.044630490545024,5.027472031418762,5.288725771897561,6.034728052176132,-1
684,5.128717921246448,5.2444973227693605,5.007602662767038,5.1399228353298065,5.121545511691419,5.050402282119164,5.043987310396646,5.294251152837303,6.044077100556101,-1
685,5.141208295905945,5.244838612027181,5.0001677024465,5.150720497685589,5.115125242266218,5.053980914607154,5.061711042260453,5.300250550903405,6.034435854486415,-1
686,5.149345216679723,5.248964506949115,4.992292054573003,5.152735230247805,5.108016226446734,5.055271067009774,5.0786662801524285,5.296618367182187,6.050161300290152,-1
687,5.15708347017102,5.24278188393156,4.983119554055821,5.155582266438277,5.101788835488518,5.059120980232648,5.101403789746245,5.285069608383825,6.044297179233115,-1
688,5.155297823135131,5.235290285095426,4.986090862879454,5.144879484677749,5.10030323812658,5.066279078179601,5.122164773045701,5.264577504110586,6.043711501365109,-1
689,5.154037381998392,5.229000813568279,4.985477183444127,5.134483233156587,5.10327452171735,5.076981073781991,5.139754557299102,5.2400586909778974,6.043028155827509,-1
690,5.150547687794412,5.224473678812128,4.988578873285298,5.131320412325297,5.107778390295692,5.084460502898839,5.157759497595833,5.214986660685784,6.044398720650235,-1
691,5.146425127502442,5.2160155993131045,4.99689066112117,5.133817055980428,5.119920470508716,5.08417519583014,5.173806491349399,5.1938788898268715,6.046726622518172,-1
692,5.132390593173661,5.207907325138538,5.016193682401872,5.132580230223395,5.1322737385201265,5.082466259617587,5.186465016917672,5.163230370723434,6.043742020946085,-1
693,5.112323686496076,5.194259005094821,5.036090658065273,5.143253544119293,5.141385245568342,5.083744993229516,5.194432784011763,5.144630244977489,6.043484162879028,-1
694,5.084824802316266,5.1773800929878595,5.050366259357077,5.1418571414021255,5.16414001827194,5.079084876871065,5.193688321800505,5.130880191332155,6.050458976592002,-1
695,5.055510037385623,5.162613113338597,5.068083660438582,5.139588771453567,5.185401565492291,5.0807499275267585,5.193322576423812,5.125692919567728,6.043910900059679,-1
696,5.029618077658525,5.1498520604323845,5.072424303420493,5.143867279353998,5.203984456871221,5.070266162552428,5.180780018438357,5.123812554646647,6.051258000876492,-1
697,5.000132225303181,5.133029944568293,5.0779955016398155,5.135694494686368,5.225342512392912,5.051514689832276,5.164887056210406,5.127989656004023,6.037290144474125,-1
698,4.977168459140704,5.115017315040951,5.083192746782645,5.121905344261349,5.252566087652282,5.03597756329409,5.145957335015399,5.130092791342146,6.042483375006439,-1
699,4.960280567902177,5.104334121343674,5.090618732525105,5.099370577328724,5.274666631622184,5.018152735369575,5.125963358706208,5.129961213929537,6.036267414037,-1
700,4.962445414580942,5.099948645279971,5.10245657915927,5.068423937130306,5.308052354740216,5.006369877290791,5.094310390730227,5.1463000443560585,6.041394303690626,-1
701,4.9679173185259025,5.097935094170812,5.1121073431618775,5.032087221352138,5.338858362613791,4.996052630247404,5.076065745531757,5.154437494795921,6.049803180650526,-1
702,4.9734416248484,5.108466838460803,5.128031472925815,5.016433035439608,5.360377632222722,4.989182396676881,5.063476999519773,5.171758914023787,6.036494343711794,-1
703,4.976450164212196,5.11731000001697,5.150293772307723,4.994757536526629,5.388273159841427,4.97732215685965,5.054498415261638,5.187877303445491,6.045023259752133,-1
704,4.978316690729889,5.119361324639035,5.162229820935261,4.974889485287287,5.407840762372639,4.9755999254499645,5.061462759880365,5.207456572670672,6.0423003205412815,-1
705,4.992514658875707,5.1203858759865675,5.1795048439773295,4.962186978169726,5.425162353730438,4.986333213686801,5.070522663794297,5.225333093624362,6.040656236788821,-1
706,5.000992090155095,5.113790641242635,5.1896202127323425,4.956840155089892,5.433992845466461,4.995099123890577,5.087784814920752,5.2559052478754635,6.054571574573226,-1
707,5.004122670202988,5.106095995882728,5.181260906625877,4.960511502830396,5.437113113605185,5.013164832488947,5.104148791907035,5.2894609367462895,6.045714966021711,-1
708,5.013548587661598,5.097468818407769,5.164471602435296,4.969680173848562,5.4203434723427755,5.032972270100572,5.130302050512247,5.301371295209817,6.053302566668127,-1
709,5.014230288890671,5.088692582142693,5.15127526299173,4.972145075066491,5.409196834336914,5.043347984574643,5.145151677471095,5.314808188374434,6.0388956653419354,-1
710,5.020716178225417,5.070478956261343,5.132757256707869,4.973038140358656,5.398448304848247,5.049361724304683,5.15855492622038,5.312139559196897,6.047128240309968,-1
711,5.032044971823606,5.057426276026437,5.109536131694618,4.980041008909842,5.386418003703896,5.053384893716871,5.1619887818007975,5.305207519574001,6.038142495238446,-1
712,5.04574824040933,5.047609689926544,5.096972922580599,4.99753970168984,5.386681638190649,5.054269916960734,5.155946638431108,5.290359515427278,6.036937531979193,-1
713,5.049656346053271,5.043491840463056,5.089735842518682,5.0054731385062405,5.395223789792014,5.052431372666105,5.147389285772659,5.270514291017708,6.042058839178128,-1
714,5.045696778740979,5.047548942770913,5.089398602686735,5.013110793937481,5.394348663916591,5.053265584653088,5.1309762005971615,5.239963041863164,6.042029301367185,-1
715,5.055302045082416,5.0500408600562565,5.103727227168084,5.022351045014294,5.39055274206578,5.052002385629816,5.113001271972383,5.212779425354196,6.040483930262375,-1
716,5.054656808850179,5.059693376748565,5.117565058304152,5.041850548924024,5.392191233814295,5.053847275716052,5.087052861439333,5.198417395953982,6.04441980871731,-1
717,5.069284464366281,5.077427796915523,5.121474882782201,5.072302565339627,5.391360598620313,5.054976055255131,5.062249727927998,5.18085798342869,6.046218584745199,-1
718,5.081641939762559,5.09875098205903,5.134761280013369,5.088837724628117,5.384913038386356,5.06195420002619,5.040771755585364,5.1655433649544875,6.045479989699923,-1
719,5.08597718555938,5.113506694190667,5.1484368514330745,5.113238031320204,5.384497284279177,5.064538098301223,5.036352819108649,5.156615240350037,6.039657306534874,-1
720,5.089499780904175,5.127255068514851,5.160703992581036,5.126557877874864,5.381206049800761,5.071192271860926,5.02563081086194,5.141674572554403,6.03688527321052,-1
721,5.1007988368748896,5.137194759166054,5.1675700695417985,5.141906306611639,5.367236269817486,5.068384809824812,5.021350539664847,5.135113252543235,6.036516443638596,-1
722,5.122168165165334,5.13763218706492,5.165808581091067,5.15308571328851,5.359773989658925,5.070201950074027,5.011659667115265,5.128699224082019,6.03058845313483,-1
723,5.128457539164228,5.129369985914423,5.159972760165476,5.159512960500805,5.3583766991505,5.06906667449424,5.007974495346419,5.110664126098115,6.054299813834569,-1
724,5.131631281993712,5.107902583657001,5.1480077097107735,5.1625502409349995,5.353780859175813,5.051173790037962,5.008279883444795,5.095006219821137,6.040356990514232,-1
725,5.1270845681407655,5.079802865088807,5.147172135134418,5.165807415878002,5.349249139313239,5.042841541367067,5.0128310616865726,5.089496944663357,6.041342621985341,-1
726,5.110689632493593,5.056880954301612,5.144980960538875,5.1696463646251285,5.349625706206225,5.03390214440791,5.017777419473458,5.0930032079211225,6.046988822320066,-1
727,5.097667043478445,5.04282360192183,5.1428937926160145,5.164609712915243,5.340286894011803,5.032015994326834,5.0210416811039185,5.086437717596564,6.036504028815826,-1
728,5.085231673789196,5.031160651662846,5.1422886612099425,5.155568408605052,5.3199258500913515,5.021863425653628,5.037459403147574,5.09119177082233,6.040287190992616,-1
729,5.058656906110928,5.032599905564032,5.138450911886471,5.158576796157436,5.295895751495914,5.018593475384795,5.056144361819945,5.094073041925813,6.052894459428473,-1
730,5.023092113719395,5.045312204937071,5.140794634656193,5.163923895174634,5.2706502073126655,5.014029471818468,5.079593839305707,5.090880881538542,6.042201420872266,-1
731,5.0002459108593875,5.0754258375006795,5.135113937182172,5.165157500307572,5.245872185786462,5.01712451356628,5.09698827697753,5.083739316691816,6.041933018537728,-1
732,4.975833551631178,5.110980297377899,5.134203597701661,5.168160273124015,5.224408165426874,5.037091436437656,5.108695786309919,5.0749015474244334,6.051397325834228,-1
733,4.946036161757777,5.148059799069969,5.125217440517131,5.174759525024279,5.199277500536811,5.05315050354741,5.1114043490718,5.063419031309819,6.041061789787312,-1
734,4.933329663820631,5.176443409428037,5.112411843417652,5.188498259306472,5.178916584230448,5.065909023099992,5.115249609882335,5.049547325773876,6.0429357108757165,-1
735,4.920167517878363,5.204220725911132,5.099110446945658,5.202914993403045,5.1607722228047175,5.078111457290794,5.121071361297199,5.048767302920379,6.042694102130632,-1
736,4.90495087001954,5.236176375447128,5.081741594024023,5.214021755684377,5.151364036467781,5.094297500448219,5.119932270681531,5.055480726742516,6.037350854106461,-1
737,4.905697088711564,5.264468377667889,5.059930875838882,5.227098208012869,5.1495861720292755,5.115689452106653,5.114258507721409,5.063134294557787,6.055251764725848,-1
738,4.923531939700299,5.284961027915117,5.0395689717776975,5.249730072993106,5.154337568583493,5.1291210367144995,5.1126448563587115,5.079525311424341,6.042318261987565,-1
739,4.934057695310955,5.28421729632848,5.033637209892882,5.271841495789881,5.149063472499038,5.136599394384156,5.123464895013831,5.106730994732188,6.050675334884382,-1
740,4.952561440500068,5.285842980495242,5.027267842608486,5.2909064353176865,5.145473434049562,5.141934591856766,5.141310487664394,5.131453184369547,6.047226785398077,-1
741,4.972945719890416,5.279135908046756,5.024713722978997,5.296443244920244,5.1456201644209205,5.152703420456742,5.166650912149281,5.154883012467705,6.042708427244753,-1
742,4.982030259741993,5.264396654603035,5.012782335873664,5.29384382556362,5.134075869369723,5.1698788170666345,5.186015232943456,5.184607155526282,6.036458513428688,-1
743,5.001665948847589,5.246804161092498,5.0057457573177775,5.287853168780832,5.1278162062287205,5.183641549997046,5.19325914382893,5.210306395641761,6.050906801494317,-1
744,5.02601117063514,5.228255693389725,4.997936277321772,5.286541944751988,5.1132058467774755,5.2003672668320515,5.19802750436396,5.223280909098605,6.051339970010244,-1
745,5.041144504605908,5.214396175583659,4.9911992206918,5.283776037331881,5.104067022734343,5.212248403482011,5.203215449889593,5.235563426027774,6.043413510526113,-1
746,5.041301703581558,5.203331832987879,4.982822662520115,5.2724768219685565,5.089378462020543,5.230240029966837,5.197709814817355,5.239317409289939,6.054967456225703,-1
747,5.043405067946836,5.20233330723751,4.975804890556789,5.266663793414332,5.08678993237,5.248477876281436,5.195846671987656,5.236373488303461,6.037062904887182,-1
748,5.031955082852199,5.201311508742599,4.96971310476907,5.265887122066044,5.096836752380353,5.261433901982073,5.189078652015557,5.235076738329068,6.048492085146274,-1
749,5.0299447903909815,5.207102884333853,4.969811021215975,5.266984952944254,5.115090449505352,5.258760520447602,5.176172225017716,5.229124020046008,6.051549740445995,-1
750,5.032923784298408,5.223524555875987,4.9850832093141655,5.270225003891319,5.129898850386866,5.2548932501541925,5.1648736088721705,5.213806704010302,6.047637521152854,-1
751,5.0201241072917275,5.241938278502829,4.994262010400464,5.2830693412805365,5.144443699833147,5.258732753767554,5.156993812459181,5.199833512273507,6.049900669936546,-1
752,5.002470354697575,5.251544710276776,5.009081944180672,5.296196427953539,5.165015650925982,5.255421090222251,5.155767131441492,5.1898446837742345,6.045630756716949,-1
753,4.99487560618011,5.254466645982782,5.038056564753346,5.3023088296275835,5.189322754595022,5.257738299574398,5.155640847808265,5.172417332590048,6.047083268817077,-1
754,4.997444245814243,5.260697105073352,5.0642899664561245,5.309348768927807,5.2148394991059535,5.261448861370717,5.1624202116215185,5.164962296918577,6.039623976998846,-1
755,4.9998141660220305,5.265370858984923,5.077681261181429,5.312428522495821,5.241366510918334,5.269190862592623,5.151871508920005,5.1687296753562375,6.0470674854672355,-1
756,5.016036109362858,5.27138744890361,5.094606606258993,5.304678750600986,5.258831775536827,5.268591288097239,5.148029170518845,5.167257817870441,6.047701370877177,-1
757,5.032526468610814,5.275105364242045,5.102430685733928,5.297800687127891,5.262871831499839,5.277459488869803,5.1533892465735445,5.165470540692157,6.037838653010089,-1
758,5.057278411318381,5.278031603755943,5.1009465911740755,5.298141897287725,5.277284941703571,5.285752363334754,5.162267315414242,5.168395590177097,6.048837989530632,-1
759,5.080080045833536,5.278880669541578,5.098415831209184,5.288211591972833,5.290026984147251,5.285952504468223,5.163617535960827,5.167610052219527,6.0505766425806,-1
760,5.100858677403233,5.27488633572194,5.097455171799608,5.275012522485854,5.3015835695691695,5.289905377517844,5.153179482077552,5.165764071218529,6.043139016686036,-1
761,5.115912990787663,5.271717925264681,5.087766828188408,5.261821725458276,5.297778750496246,5.285407980468856,5.140514673703836,5.16822496921932,6.045339568271091,-1
762,5.128326074051282,5.253586236252422,5.0783963265016165,5.247483586223553,5.304189419077628,5.2773412033998,5.125318978209993,5.163038561330257,6.052201419375856,-1
763,5.136764773140082,5.246950883322638,5.077747388762715,5.23168582901496,5.307201584326985,5.270054635996486,5.112848716500504,5.151929287275668,6.0448411394266826,-1
764,5.144234826404032,5.249993806413774,5.0658383120280615,5.2189394355711975,5.308052438030394,5.2803686649073205,5.096347545949231,5.1376205065976315,6.04258565782567,-1
765,5.151790812662384,5.264887320270274,5.053792995884416,5.208174876242269,5.317448812206481,5.291008790565623,5.084722957540406,5.111322257247203,6.04876296670489,-1
766,5.1481430483190085,5.27474354542235,5.048283832043605,5.19527696409936,5.326443960609877,5.297872006213943,5.071798131508875,5.074692453017823,6.047575332020468,-1
767,5.150631028786476,5.27587364419185,5.046481122773691,5.193918241654494,5.332366662644401,5.310145319256297,5.067626631596715,5.044073932260762,6.042765851013901,-1
768,5.158394673266932,5.2850967495947145,5.047288460769626,5.194633624141833,5.347963292940879,5.331055167724579,5.066928279815848,5.018797104908877,6.0481600767269015,-1
769,5.159754310553767,5.287730200472651,5.051166025427926,5.192462479772928,5.364137067286811,5.351304769142209,5.0667404366076925,4.994669173158051,6.037612458786283,-1
770,5.170538140623258,5.2949535000345005,5.053130509914677,5.188246931209392,5.3764946811791985,5.36401279051117,5.075762777240974,4.976641560815868,6.047055306000541,-1
771,5.187022854623506,5.288288991713377,5.04909039855798,5.196612899085305,5.385991738381389,5.370514577301838,5.084186264593977,4.962677220302798,6.041001175035751,-1
772,5.184133200372804,5.272624096100332,5.057401836085634,5.195180421337607,5.388784263938617,5.362909971976695,5.09801847609543,4.950664626917232,6.049983869414379,-1
773,5.172363800147593,5.245325150255904,5.072806532312408,5.19319115457529,5.384824102623856,5.357340975533442,5.10288433371348,4.9473868191452155,6.045951254078166,-1
774,5.162748006380275,5.224884661226164,5.087437369857808,5.186762265643736,5.380896999882737,5.359482210625668,5.112474351263052,4.9473177119800535,6.049843063776969,-1
775,5.14642787197735,5.208308884307691,5.0982290206983025,5.169417169162029,5.383318773571154,5.354101236650251,5.111465611329328,4.940640701155953,6.0506081373477025,-1
776,5.134327668867999,5.186239131827695,5.1070582181350686,5.1625076945963295,5.3745310942702345,5.347105365301035,5.110040966176363,4.921805179878711,6.041826771808174,-1
777,5.119719330999543,5.173244283540102,5.11676789437786,5.164436290052149,5.363147418535905,5.339579426674559,5.106019605164423,4.90867310139528,6.04597686341834,-1
778,5.101393453032631,5.159363065059761,5.122265471475434,5.175035451811521,5.342476077343063,5.343679997475226,5.092505410485609,4.897267997457574,6.049539753744501,-1
779,5.071313404389809,5.15197364693302,5.126558450960029,5.184053366327214,5.316517917907042,5.348188907111208,5.0842818659968545,4.886450760323255,6.05432025477695,-1
780,5.053058076172506,5.140479948774404,5.121459763301753,5.190984032481778,5.291750715827366,5.356008263453161,5.070069725825387,4.876848911224072,6.045167141213397,-1
781,5.043559939911336,5.133071916858414,5.105200564587162,5.193843145058226,5.273113302097816,5.360662229879386,5.046475136606823,4.871223096242193,6.049780172568504,-1
782,5.034128725190538,5.132214073659817,5.081109223614406,5.203041805650914,5.249145354995662,5.360348953667435,5.01898166956863,4.87045111628607,6.0436698624719165,-1
783,5.033220044568096,5.144882303027938,5.056260907829841,5.214162479482318,5.212732338797993,5.363231724616373,5.006477669921587,4.873352656506676,6.035505934400774,-1
784,5.0277226348282795,5.16343642985229,5.0245674136426794,5.211774041842135,5.186710078065065,5.3672400558940865,4.99632326965672,4.887333517121723,6.044153195291821,-1
785,5.021334338996713,5.172785557470016,4.984972182869212,5.201521100459448,5.1657435052194005,5.371797982696391,4.986011378493406,4.9024142570945495,6.054834793462114,-1
786,5.005823289916725,5.188222210430945,4.955243463102417,5.196095518026502,5.1438620031427815,5.377885196190839,4.980491357756043,4.9077638745721215,6.046955506303182,-1
787,5.004497033816782,5.205761114507487,4.932075683294759,5.183062755560022,5.13023930389049,5.384861173764072,4.973915793653591,4.909053091024384,6.039150203749478,-1
788,4.997289000375227,5.236872279513371,4.9215723076858655,5.178457461081557,5.120266260751178,5.397255312541661,4.965629567650802,4.91828690324947,6.042900876322578,-1
789,4.988606848348457,5.256910025294742,4.9152108069526,5.177232588015647,5.107429840481611,5.418007837737253,4.970640017430787,4.9358621565376675,6.056241824081272,-1
790,4.974554938185706,5.262518698590598,4.917992275846807,5.171702232232677,5.094786417437462,5.434098964054379,4.972914726778773,4.952315623988181,6.046906802365524,-1
791,4.962285253261982,5.252152060223861,4.924928910475307,5.183041393576775,5.089654354616003,5.443828550208099,4.967542236872873,4.97743945734532,6.054218015702272,-1
792,4.95046047765686,5.2352075564122655,4.9302321388281545,5.201504540457169,5.0819055946700775,5.44405977779529,4.971828816823155,5.002996355748354,6.044590989278004,-1
793,4.950096454976258,5.222014257575065,4.933627916216993,5.2166144120314195,5.076177770515259,5.4495084245756695,4.981709885135627,5.0133268860875075,6.045105272327963,-1
794,4.950830356713647,5.1966366563735455,4.930800493695082,5.223040020825481,5.085002772536606,5.448038786168678,4.991288430013525,5.027836335959136,6.048491218601669,-1
795,4.942820612608244,5.176584735083603,4.922706607176528,5.219709692590082,5.0923481346221156,5.449498993803901,5.001448085225083,5.054440971127207,6.053199591488316,-1
796,4.944332612999206,5.149868216241012,4.910494490554385,5.21629219821287,5.099181857909668,5.432265873116194,5.01465360971429,5.08013801954528,6.054366678251257,-1
797,4.941857870160754,5.141545402154695,4.9022127913802995,5.215296211051994,5.1037751346506095,5.400462595636519,5.033914126514138,5.103687885750363,6.042189955123463,-1
798,4.9444789906753766,5.144554346598616,4.8925793574073655,5.215104642676859,5.109230336575084,5.369431226770661,5.055840981605191,5.120701841948675,6.042502169708295,-1
799,4.939930654604312,5.157475333931447,4.89038925103694,5.212006223830763,5.122649537431993,5.348951050458258,5.085563873430884,5.129857321046049,6.044877307832733,-1
800,4.940140839177079,5.174536799913157,4.895452026565143,5.216712797350547,5.137521488293968,5.331438351676417,5.1114553727120855,5.130978977735274,6.050768053324699,-1
801,4.936306139036114,5.191349518667477,4.913894444673745,5.218009125979176,5.161918997363696,5.306251578162652,5.139944309263542,5.142818459859529,6.047251719511858,-1
802,4.933119171343942,5.218928734940035,4.927764454721855,5.219015339509523,5.17162418120869,5.283959310678706,5.157771484900381,5.164825735362703,6.042729668229287,-1
803,4.938038865638848,5.236563819885689,4.952041973879603,5.23816768178862,5.174985486543051,5.268386666717022,5.175720287280253,5.1850708976572175,6.0458835327691585,-1
804,4.942322393833027,5.25681317407581,4.965355984098272,5.260087476823187,5.184353983416015,5.260543735673605,5.193234769623011,5.200981167438976,6.050300947463388,-1
805,4.946275361348205,5.258085842357564,4.979598112809873,5.279891735809844,5.195860128291538,5.264054534674097,5.207339934825021,5.205486791907699,6.043047065869833,-1
806,4.94676363091369,5.25802516818593,4.991637501413823,5.293510115942446,5.207946186933956,5.273868315490133,5.215712390096149,5.213844943519329,6.037457998767848,-1
807,4.957461553525931,5.253883360187256,5.004692326527535,5.303856836799053,5.215692241545497,5.284787749629974,5.220588939105422,5.212112561954529,6.041015231500519,-1
808,4.9571532843819845,5.2554555664965905,5.011004053294454,5.306676785013733,5.214373889478452,5.290048275483338,5.2173404549287605,5.211869318124478,6.047971756503487,-1
809,4.965466919971896,5.24918890915308,5.007923376202584,5.318648253676837,5.199855533319371,5.297989573883139,5.212497828242813,5.209277606918084,6.043171187534334,-1
810,4.981308740591922,5.238668544064325,5.011827296943348,5.332898765906305,5.192899275385104,5.292640989003682,5.214792424218853,5.192943409329384,6.049807934975957,-1
811,4.984177502951042,5.224437063727546,5.001383758740059,5.33906636800423,5.193357519275176,5.270134362470767,5.215046808247119,5.1576091267554105,6.05143082383729,-1
812,4.989903351549831,5.2071185053304,4.993045831512486,5.34781868562847,5.1852324254829325,5.253472074332241,5.212377847825496,5.129363371079864,6.049434529774629,-1
813,5.009308997566863,5.203757381922568,4.980763990390463,5.354735087244461,5.177122992059149,5.2277376575148065,5.205494432782439,5.10019569835738,6.04269347754901,-1
814,5.029410690361499,5.193825457262605,4.972179660820904,5.3703133870010555,5.1801247252514475,5.199103756182496,5.2055800098521,5.072806270689708,6.051867879492392,-1
815,5.044436946911363,5.182838482372243,4.954116794730709,5.372334175742322,5.170947016828969,5.153015865514738,5.202044157475823,5.058352345826268,6.031502913344872,-1
816,5.0692595341003654,5.167122190495638,4.9435987489733355,5.367704795501703,5.16701628431231,5.119956079026601,5.204224844833539,5.03558232765066,6.04295400540359,-1
817,5.076285882443553,5.151750343048678,4.918946235285619,5.364209875348479,5.162303724754346,5.0889082951190465,5.191951188090267,5.0229125358957045,6.04778211577669,-1
818,5.073965685237406,5.144558617670864,4.898690187148175,5.361004146545031,5.152400412828823,5.067104854850116,5.1847926656722105,5.016128133940647,6.051047540909415,-1
819,5.071263019506503,5.148737218916963,4.891746627854459,5.358840529316465,5.141146306755875,5.053636203447482,5.172512337297006,5.021586219100932,6.048075745050106,-1
820,5.068202994243977,5.148034830498166,4.898265351055462,5.347248604717202,5.133875679317969,5.037713077535179,5.16131047431369,5.011138159440835,6.048116401333295,-1
821,5.063724191842429,5.132659318289221,4.912078812746787,5.330894111948256,5.1362447815276,5.027317349280294,5.151844226483371,5.005901971953204,6.0330563904883805,-1
822,5.065503489832188,5.127037982391767,4.921917473601722,5.318423255701532,5.137892134279139,5.012204001701784,5.1457044381664065,4.997666251937665,6.045960022332759,-1
823,5.0605393284015605,5.121544163722141,4.932992016540723,5.311489423714555,5.143263619720281,5.019739481816437,5.144388225727758,4.975825099158909,6.049614308844053,-1
824,5.049138729581467,5.1208701917208055,4.935711362227332,5.312247121621466,5.147253540677635,5.020391611013796,5.136045951901227,4.962908365821027,6.05217663043506,-1
825,5.052171914435155,5.114147403188763,4.952706009357202,5.306405876817771,5.153863972747699,5.018573974008457,5.134622614758803,4.944619777869033,6.04390157755612,-1
826,5.054590966403546,5.115214417728718,4.970269559133435,5.303169532698893,5.171352041675053,5.0192033371793485,5.133578329214406,4.926119689631742,6.047197893861623,-1
827,5.064609563411701,5.105688705158805,4.984451885878705,5.29219743669166,5.185924815516019,5.016417791903074,5.136371783321819,4.901610655725492,6.047654145447425,-1
828,5.0781217641798495,5.09698841667998,4.985958833406309,5.2811314374118785,5.20550367878352,5.0172174142036745,5.139882293183856,4.891660753778941,6.051964781504358,-1
829,5.081719803736417,5.095960262047906,4.983490025346744,5.27347468283909,5.217603390748024,5.018795189412022,5.143514446742295,4.893250645599677,6.045860949607222,-1
830,5.07886478767438,5.0873083522060325,4.983396640060797,5.255592858074043,5.221339992170389,5.022216339890054,5.143362820134224,4.8934963137375,6.0410819155005155,-1
831,5.080373220938733,5.074019505922648,4.984114624591177,5.2372070904575105,5.228998340791092,5.010078843950458,5.143604236057546,4.897113991002715,6.044766338494147,-1
832,5.086279783979009,5.055927230334238,4.995933423739905,5.211903054404746,5.241024227443929,5.00767094237399,5.14668752058232,4.898237153440755,6.040377793058004,-1
833,5.086090811009694,5.05522575244801,5.010004561777734,5.191595867421622,5.247959115455498,5.002773117321647,5.148194392338515,4.885640237164745,6.049728568087896,-1
834,5.086288115399103,5.037251719229471,5.027103211960945,5.162755428543892,5.253493555900304,4.998297728402553,5.141487832084429,4.871077444542047,6.049645757324389,-1
835,5.08551814045015,5.0250266710051585,5.045063627627521,5.143616238569327,5.254971894081003,5.002389363871451,5.136639099126677,4.858905398801113,6.044913280012539,-1
836,5.075552639848225,5.010893860104378,5.075191252819227,5.133123699252005,5.256355681582756,5.005841635163362,5.130960975440034,4.844781244127604,6.042168878736096,-1
837,5.073171089676262,4.999213095409672,5.100131268589499,5.123090068410413,5.253037168787526,5.017156377498777,5.1174500096078335,4.829949130844053,6.0499743884275015,-1
838,5.077161782748606,4.997074616742454,5.114685368856503,5.115855988639709,5.250840812788474,5.036724305569298,5.099922102220354,4.82276780037445,6.053282161763005,-1
839,5.078495664311608,5.001347468397189,5.126304696280227,5.112712799909468,5.252456099052286,5.07258787585085,5.081840974921174,4.82614263909524,6.049240889218295,-1
840,5.076252363743304,5.007881700183259,5.130866820629855,5.114927536981539,5.251144089222944,5.094470781732391,5.063045871108697,4.8394338614568895,6.0476248853906505,-1
841,5.073819942312164,5.006370521427305,5.140134881394659,5.116445355182059,5.256672356956679,5.112767998743008,5.057231683285088,4.865104904274537,6.044904035136945,-1
842,5.076698292861647,5.01324661805432,5.140206214660449,5.122612843760053,5.251067899853869,5.132813821516919,5.055443908344068,4.893174060863047,6.052067363814644,-1
843,5.07627098088734,5.01723244060715,5.136737929601204,5.123083060332674,5.252100157070896,5.157103724020744,5.043160959762796,4.914149039032161,6.044451988455351,-1
844,5.074932659131377,5.016190549665892,5.131989263589243,5.118844713255797,5.242915101363077,5.179393551204955,5.028893105792444,4.940343902748363,6.050093327786829,-1
845,5.059601455757284,5.0124558208637815,5.12368898779739,5.118464981139173,5.2370356561196,5.190319176363944,5.017749333595232,4.962068330475808,6.046823257727299,-1
846,5.042486895284478,5.006856742021568,5.118854213476989,5.1195199675775465,5.221584562090612,5.1969186211384235,5.004002664018772,4.9767223029492635,6.041562259538396,-1
847,5.028295807121385,5.007784485831014,5.122409775862404,5.12380436681177,5.211234275598414,5.202355017378027,4.975703404588249,4.982766669684985,6.045791574817331,-1
848,5.018504864496731,5.0117430939031,5.129695699178053,5.125839344386283,5.212718585209414,5.208930893763776,4.959285045654724,4.978469475399433,6.047171211988128,-1
849,5.013969884527192,5.0133223531129065,5.136763300567713,5.139508602417636,5.217534341915837,5.218776365232374,4.949202008231345,4.9685090376000645,6.047849607285102,-1
850,5.012038912112578,5.017467314136659,5.146613570309813,5.1559749466841165,5.2236127166890025,5.228002962695676,4.9387942586276266,4.959179230679498,6.050191823320221,-1
851,5.018673095525573,5.0181452278915035,5.158551085246384,5.170763534910154,5.2276327369743205,5.225461298038038,4.94509531983198,4.957984895523429,6.039715814838354,-1
852,5.029095692191389,5.024221803301808,5.157743427711788,5.1931125912107605,5.234703073844061,5.229918033822747,4.959388007403802,4.949378417828934,6.03649186981862,-1
853,5.048100979936369,5.027852486693978,5.154232135829931,5.213658847330334,5.232932419695497,5.236311514007658,4.982040627152548,4.934437524642628,6.047498776122188,-1
854,5.071256306784675,5.025332817531032,5.1628089534603845,5.235289291940926,5.244959284671689,5.2318360152859755,5.015081024726478,4.913929926850249,6.0453992144253155,-1
855,5.090480441696492,5.025997174452069,5.163670999146868,5.244111175565289,5.249590004129246,5.22403218669444,5.065926670732299,4.8983979058943845,6.046957750289284,-1
856,5.11157067018542,5.018609046073571,5.16230998939189,5.251654062667617,5.2471367068142944,5.21302090650574,5.115058598694395,4.887716527937035,6.035418568661296,-1
857,5.130447565017492,5.018066468496095,5.151221122625284,5.250693767877821,5.234153897974431,5.204905654811517,5.159779385077109,4.873084818764522,6.046652812757593,-1
858,5.146571414225875,5.019114411831809,5.138619328205013,5.24808469974975,5.224983859512923,5.1941292780995365,5.205514500731449,4.8540117704451005,6.052053642332417,-1
859,5.160778437863618,5.026222838137336,5.119610795888536,5.249767602440002,5.211857300815947,5.180867690803696,5.24053762700711,4.840013444446491,6.040829310130014,-1
860,5.167066720070305,5.038412528311588,5.116089228667822,5.2411509310464055,5.2007708662377325,5.16662078725319,5.272345529944086,4.83703273105049,6.048990902266236,-1
861,5.1720694939072835,5.052362791897915,5.121567723375927,5.233540802890099,5.1974607737258545,5.148251581386657,5.292968477976918,4.838154638319246,6.045885991264087,-1
862,5.173436195508781,5.067449811359304,5.126268824147465,5.220628164936978,5.192949298664459,5.13617142269879,5.295954045048742,4.851825794137529,6.04529026020608,-1
863,5.175816803036743,5.065100564000049,5.12518917111788,5.215436911993338,5.180841969478266,5.12850522073757,5.287132899339353,4.857544647930171,6.048881170861747,-1
864,5.1770870933643405,5.062926731580074,5.127525528369985,5.214249804184528,5.175990783742804,5.128331385571639,5.272523113332164,4.86976181505627,6.049894559960609,-1
865,5.174970670855443,5.046850688547433,5.127510332930362,5.202823433595883,5.174921787823899,5.133080657330519,5.252067331255561,4.886429579157612,6.050950674547258,-1
866,5.166406970744753,5.0261683206264465,5.138462444776319,5.1887330734170725,5.16643774412022,5.126419335954755,5.237377318376149,4.9006932261342255,6.05725724099394,-1
867,5.159147653107408,5.004707378136609,5.15071608188495,5.174778710846235,5.16964697633058,5.132385101727892,5.221882303298638,4.9089857547652,6.043824881996865,-1
868,5.161317300748362,4.974754155295121,5.159753107832522,5.16800347674675,5.1687048842937235,5.14416170970408,5.197155031775631,4.907465970602998,6.040859338180729,-1
869,5.1580648693642726,4.950480373053544,5.175825236572882,5.170462327558749,5.1594156433765335,5.160661349439657,5.180013188408939,4.903934618071644,6.040274426824916,-1
870,5.157499766458853,4.921878520441981,5.186819391973356,5.169709665258239,5.145013179501862,5.192165865465535,5.1684061709631735,4.887985079935648,6.04937404052529,-1
871,5.161248599880897,4.9013066238523075,5.205424308371773,5.162202125498805,5.143880832623114,5.219083531980833,5.167634572652863,4.874264998248492,6.046957373967396,-1
872,5.157727737260272,4.884528215027437,5.222000584559572,5.1556661460801685,5.13673170938139,5.2554297534874195,5.164383485281456,4.856671847349458,6.046885205917838,-1
873,5.152223955131712,4.887220853994369,5.240671629624836,5.16083146685722,5.131931017098616,5.279545829337112,5.158913894947165,4.840159633282833,6.05272837592301,-1
874,5.146149302922153,4.902661027622977,5.255427496931156,5.165357302316356,5.14049044988971,5.305834605419555,5.153372354934411,4.828134929746326,6.047293883595602,-1
875,5.136060502302454,4.914863289326885,5.272039352942848,5.1681010042130096,5.135555524095101,5.330502543114177,5.155886104288088,4.829995156431809,6.044689689907322,-1
876,5.12686841529135,4.934565903079222,5.280081542126669,5.1703673896952695,5.143928381985179,5.34098802234317,5.167818241303287,4.843904713564573,6.053515942222852,-1
877,5.126082531123227,4.946267491280928,5.273471240817652,5.166176179671499,5.164864729134865,5.347711824306739,5.1843449567037805,4.86167425099089,6.049239855982085,-1
878,5.1348047167640205,4.953850084256628,5.273523528440662,5.165370731367512,5.1930531429875595,5.338081392437799,5.209581602459946,4.8852779945252305,6.049882425540074,-1
879,5.142336649277099,4.957346121970448,5.267934516894405,5.164947539449848,5.213228865188267,5.318378614228648,5.225980445168395,4.908313373401702,6.047623327629736,-1
880,5.151150271443735,4.974449778957417,5.261350484280793,5.1584880424050805,5.22997474552681,5.282402622935719,5.235558624587808,4.92343180094659,6.046833009687479,-1
881,5.1740433764990925,4.995724233887917,5.261525024974452,5.151496917652683,5.239921504770873,5.259478392347959,5.234785492857371,4.936625655792514,6.048515867557274,-1
882,5.205935385327303,5.011704612213906,5.256141221856152,5.148167747760811,5.248213291693232,5.241285543821428,5.23382261841658,4.955995819330585,6.047272079409735,-1
883,5.23098732605883,5.036198028996382,5.260534048636664,5.145511790107716,5.268670262334515,5.236166259598511,5.228864896021135,4.9547792653821165,6.045689011245262,-1
884,5.252176829813957,5.0619903757767855,5.268615691201749,5.138576222073939,5.281410033214895,5.233235969692076,5.225950441570021,4.9447611768291235,6.058095314549939,-1
885,5.264916434222741,5.083677484438762,5.273996501070635,5.127367769916707,5.292232517804078,5.238209302470909,5.2107652110448175,4.929412370765032,6.047006261409007,-1
886,5.259760958360594,5.109251721931713,5.268744612942758,5.1232232891547165,5.3009238160365975,5.25136297669222,5.188046112272387,4.911380948499551,6.049213415371506,-1
887,5.2540638254632075,5.142044765540391,5.265462025714446,5.127751612704145,5.306347092958469,5.2730249892693735,5.17219454701783,4.884327244860863,6.041428732820162,-1
888,5.250643251458893,5.169451977591008,5.260047176658304,5.142995047449738,5.312696219341212,5.297739825809814,5.165049870584642,4.8672923059066235,6.048053569128012,-1
889,5.240772498388585,5.191334841756725,5.256850302239008,5.1442015355296125,5.321526835816262,5.317715961743496,5.175249418324181,4.853098778615408,6.0519376895309245,-1
890,5.228510228442971,5.207979271482262,5.25943674132971,5.143075044723407,5.321614125669223,5.3375635451082655,5.181873648905056,4.834429451466699,6.047903948713725,-1
891,5.219833052027754,5.216338422054606,5.260048919798005,5.135572004514735,5.315876812251673,5.340862057104953,5.18654093294583,4.816283089637775,6.04170716923671,-1
892,5.206027828478695,5.218216725084429,5.259250318974072,5.13481953241759,5.3054013813370124,5.3521570564917775,5.191472878509772,4.79934797248174,6.048419117876563,-1
893,5.1964924839544056,5.230329855302649,5.270231016656756,5.1210798851241215,5.290100281484419,5.356830492825554,5.194503490474731,4.784846431670775,6.0438982543220705,-1
894,5.186611013618332,5.249609053544913,5.279196453079523,5.104954163150023,5.271236449272669,5.355926555722597,5.199065819033985,4.7690409359343695,6.036554908393504,-1
895,5.173454186545182,5.267958837411562,5.290070947893324,5.086867002880652,5.26356846111608,5.351800569717544,5.196545265338962,4.774826549903475,6.052147687626708,-1
896,5.155261803346152,5.264600655524211,5.301609582161077,5.061747925589593,5.253621565100031,5.353037222589469,5.1891505425901565,4.773853733169141,6.045217221387703,-1
897,5.130870657891041,5.2571788462140345,5.310589746221623,5.050224339572223,5.245012186640214,5.354941189624255,5.170090859160789,4.771463317605107,6.049680353925457,-1
898,5.1106996722595355,5.243579810282793,5.315973496098025,5.038179079942052,5.24124441042968,5.359673893949931,5.147187122781705,4.782141208787247,6.056987599818989,-1
899,5.097728942031923,5.226784137910966,5.3179388793693905,5.027661602793497,5.230982885539813,5.356272511032356,5.12718484568394,4.793183924098972,6.047457435234472,-1
900,5.085443112677147,5.2082362392995085,5.317826708990032,5.016334173385456,5.226967599499621,5.344425488901717,5.108026317766047,4.803454877602612,6.058603962280739,-1
901,5.07225537447389,5.191057708114953,5.31196936261693,5.025279031195648,5.222518777517383,5.330430058943179,5.100639813900163,4.809858712646087,6.052439490330473,-1
902,5.066267425089532,5.1653869054789725,5.310231648217087,5.031021050938791,5.214486382481322,5.324007680404191,5.1064650176133215,4.823355999644387,6.046555811476486,-1
903,5.072074701222914,5.1415998862168,5.300029670889514,5.040660984256617,5.193880760175351,5.310508729261709,5.113437863897093,4.83019420996079,6.05100754206075,-1
904,5.083346654068483,5.130605017466667,5.292060440026331,5.05391773092461,5.16496380361294,5.293245953061466,5.132913531497884,4.837590930157038,6.052349959747683,-1
905,5.091804629944347,5.120316142440252,5.28821119262345,5.063949685940961,5.133871201980195,5.274542785118114,5.148999332274242,4.851980418214911,6.057864715447937,-1
906,5.095954673729551,5.1102357033171035,5.290211062073249,5.0756675722377835,5.1087975225664355,5.2586989509282045,5.17349765403954,4.849164372411831,6.0433942037482975,-1
907,5.092380078566242,5.1043483702468775,5.285665503215299,5.088947782426352,5.080724095754535,5.248409162554388,5.196059746173463,4.852434724424438,6.041529609648038,-1
908,5.100809509871926,5.101666258687259,5.288829851432789,5.094095823691185,5.046660338595035,5.235749969930281,5.206522008135954,4.851447384054579,6.062055553356776,-1
909,5.1120476747231285,5.096051115654028,5.297682344653952,5.098298945172937,5.015508004989505,5.230300725477878,5.218556178624642,4.842483000765541,6.050121510058257,-1
910,5.1207959455006975,5.091323280938493,5.313586077840351,5.1074065354765725,4.987470603758308,5.223475444197772,5.227884422588242,4.832812909827782,6.0490064998457935,-1
911,5.118304494312849,5.081092932488419,5.336381749297141,5.1068559478363476,4.968614656110283,5.226377515391985,5.235267952576083,4.823883323755004,6.049797136848417,-1
912,5.116560935023927,5.075628617432466,5.357286178846665,5.100449302584344,4.960808594097754,5.233246282142589,5.233086068142442,4.820712624607971,6.048715930081635,-1
913,5.103291289617105,5.067560415558716,5.376023773141839,5.0911001258973,4.959627740474895,5.246787936479963,5.240800015852889,4.815783511989594,6.055845457870234,-1
914,5.093012317223048,5.068473767851941,5.384587086111279,5.080864811100781,4.947290013290473,5.256135783527984,5.248738927922051,4.815706285672807,6.0554072126900245,-1
915,5.084550730818536,5.069477468574152,5.39427060707711,5.066398029361816,4.944382279679361,5.273633638769163,5.255682080981153,4.810661093042879,6.046661847019883,-1
916,5.069802127317169,5.0717881133159715,5.393805552149079,5.0535925409997695,4.940287684616594,5.30126660843165,5.283640607900759,4.805286974585885,6.047563254045932,-1
917,5.050169920646359,5.071288390616422,5.3906260993992845,5.0317325904345775,4.944604149993493,5.3214021880270925,5.30502509300457,4.813122464758361,6.052268484910373,-1
918,5.041857721344487,5.071146082067531,5.370667669904974,5.0109902843716965,4.94092250062929,5.338638212161016,5.3253967348838005,4.828054707995644,6.037320549979672,-1
919,5.037556809838266,5.073402198181765,5.3507038927077755,4.9903914212912355,4.937543198725423,5.350319484596788,5.353588229347343,4.842279719753653,6.040800944794493,-1
920,5.025335130438007,5.071843784232769,5.332005007557707,4.965342834248101,4.938321109703153,5.362339872750724,5.38292585605532,4.858135995463867,6.051468360416247,-1
921,5.034555711324873,5.063949624529598,5.306367721329602,4.939875200799902,4.933004965904735,5.359498310215381,5.403427929183243,4.875194075310195,6.049875480119316,-1
922,5.048838164155303,5.059280941695801,5.279164065760481,4.921005364125222,4.929275013411395,5.360331079438426,5.421941077972312,4.889764556056084,6.040828378474773,-1
923,5.069972679804203,5.055417570838793,5.256938942015225,4.91079388231087,4.933895007736486,5.349177245105369,5.447897681360135,4.911516992346515,6.056324243654238,-1
924,5.08983341793723,5.044717334292767,5.244774985832439,4.90003920781548,4.9353753408695535,5.335698738309606,5.465010778950248,4.937146829058977,6.049403091868583,-1
925,5.111708781496908,5.033098407992977,5.230000081560013,4.902843263848874,4.9327582937552545,5.320066034715376,5.485168667875886,4.960047491409801,6.045822036332043,-1
926,5.117039831028935,5.033549643847514,5.228169971467412,4.905215514758656,4.946139560370743,5.305971261521917,5.497841349743267,4.97297537697334,6.042429167162124,-1
927,5.112661295674686,5.027624572888403,5.2269107212234145,4.911966320939862,4.963782102230253,5.293202647377932,5.51087931733241,4.988026941872725,6.048010937412753,-1
928,5.115713594376373,5.0269137447944185,5.221026386169863,4.921470976645978,4.9743107653160825,5.277667978240566,5.517056649701417,5.001219818433782,6.043491355369455,-1
929,5.112374376401824,5.035334462575926,5.222207041639288,4.933903224181254,4.993147526325333,5.277498354308158,5.524051375844746,5.00543231437112,6.0567647992771505,-1
930,5.106025869301846,5.03265381872903,5.224429931697724,4.9428641180128645,5.01867695541891,5.2707744148428635,5.5211806102966765,5.003250918319061,6.049292507216388,-1
931,5.104881914355678,5.026337166306392,5.223871172334406,4.945698675565602,5.0352213070031375,5.2741907862301245,5.510849960517562,4.9962498680300715,6.045640504550188,-1
932,5.100969214340209,5.034683500863736,5.21988626923733,4.954718495531373,5.059925501624193,5.2749816785800965,5.49455745269025,4.999005229827252,6.05111190275955,-1
933,5.096732609951418,5.044203162564966,5.2237389701515795,4.959407507533549,5.081777117408066,5.278234065294054,5.478379810947179,5.001194510824861,6.049332342032471,-1
934,5.098040234927179,5.051184531922659,5.221412425776741,4.9645564780407065,5.093200161482276,5.278662314038023,5.4638432928148335,5.0065979011221575,6.0474036106190425,-1
935,5.108028626090605,5.056981384655679,5.220073147316603,4.972047175332991,5.1031756955375975,5.270762740044186,5.456981384669499,5.005609482241235,6.047605804204863,-1
936,5.123946057190559,5.0603854949320475,5.223353279957216,4.987077812035447,5.119164663271935,5.266851278860059,5.450567879229366,4.994215573320858,6.046049131067386,-1
937,5.12792267507995,5.0648676070382,5.21760272121265,5.005377642765036,5.140526172634757,5.254516104397693,5.446725093292079,4.984510068414284,6.051584265979327,-1
938,5.121038178398583,5.071811514367738,5.218480405772363,5.023844018612124,5.152792186792878,5.248553751129799,5.447816147517445,4.978619457310343,6.048399617504926,-1
939,5.110668982062707,5.086472130419774,5.218460383360885,5.047665341748429,5.155234832647158,5.24676480868285,5.440331904924945,4.9827518150850185,6.049906897292577,-1
940,5.109180449864839,5.095928215678255,5.220022630803703,5.060711753567501,5.161908335796264,5.243480914719154,5.4239154709297,4.981932201253951,6.046614010809723,-1
941,5.0996405088072505,5.102508858869991,5.219558086149588,5.07695902419255,5.172932987661276,5.239347959563328,5.4001815828921815,4.980653337666014,6.050946466812069,-1
942,5.091183881852856,5.099651854536644,5.222409060056408,5.085311885431812,5.183635928708593,5.229613949591132,5.37578109461087,4.97472757279853,6.0478713615737965,-1
943,5.087499982117398,5.100259816183364,5.224156145184361,5.089222310832559,5.185668815158105,5.229324279192971,5.341724773123265,4.969922937434772,6.046919543607513,-1
944,5.082816743547158,5.100871872290708,5.224209928492895,5.0860690468339165,5.182920324505837,5.229041788658576,5.314971729750441,4.970515941428683,6.0415197436860755,-1
945,5.0991600081476065,5.097291460938538,5.223519528170329,5.0887179356549535,5.172864744545954,5.23347998166292,5.283885999898217,4.977678855165832,6.051888216008973,-1
946,5.128012387016234,5.092847368215786,5.221263534079245,5.0860005769860015,5.173655102650763,5.235004372364719,5.251826600630455,4.983822441652094,6.055940821159404,-1
947,5.14506571214544,5.087098439500544,5.212844101034724,5.093303716945306,5.186181381612601,5.231802067318832,5.22745422205156,4.981612500783422,6.045284176548071,-1
948,5.1554679268485675,5.072771620137387,5.195378008846492,5.1027649179774,5.188503194290471,5.225775923105027,5.20520994363524,4.97254764553567,6.055479754235396,-1
949,5.172508086612895,5.067985268595357,5.180876480670891,5.1090030509770346,5.185192425145409,5.227713461484887,5.189699572341199,4.965594624587062,6.0479677586852585,-1
950,5.188570390819224,5.072169172867389,5.1718118859738,5.115320102490881,5.181138991913268,5.237170730847529,5.172429277809439,4.965689670739151,6.046005170346514,-1
951,5.210498129857229,5.073859686521667,5.160315506560565,5.126572495992329,5.176142164496846,5.245873602022561,5.153291963516994,4.979664499478088,6.043325267030829,-1
952,5.2265777028845015,5.074567719846275,5.142582312465739,5.138561124773671,5.1681654730676545,5.241392413881856,5.128944885576226,4.999762092058565,6.052081529868287,-1
953,5.236411808100512,5.078761084858338,5.13099166438092,5.14440917543129,5.165233244195484,5.223709104045471,5.100251155248495,5.017853385096616,6.048420451562863,-1
954,5.235307743199633,5.077832182891198,5.1203476432463795,5.1447917438704,5.1470489482590525,5.209985931595701,5.074343738987833,5.046891041203171,6.042690351587016,-1
955,5.233363160278398,5.07456075314769,5.111812176399673,5.132061901904358,5.125353356701897,5.188505905148318,5.04564014698083,5.0877999660751865,6.05516454144856,-1
956,5.2303975441478645,5.076842636198425,5.103859785189673,5.1292470012569975,5.111338678940488,5.175869974636848,5.023423532014776,5.122039829654983,6.045977599145051,-1
957,5.230104760243585,5.07578093329311,5.093387421597479,5.127177336192075,5.096758864109734,5.162736516437197,4.998553838785403,5.1537789679740555,6.048657010696654,-1
958,5.223080960063887,5.07715476717231,5.070292961156342,5.121463709628288,5.08614902741698,5.148247964394601,4.979400531572901,5.176108496113362,6.047732959497595,-1
959,5.205311979180832,5.085105982743536,5.052864719862468,5.122430124527754,5.0755650908175705,5.128582723574121,4.95937512425739,5.194708873842833,6.041344822645217,-1
960,5.1924623629748945,5.082374928703974,5.036485670524103,5.118664131983758,5.066332710370809,5.11868557035128,4.94530727147556,5.213091073663761,6.044645434605703,-1
961,5.176875615539371,5.072841127960567,5.02337697603082,5.109465645089477,5.046915945290986,5.124543865487861,4.944624563007038,5.227291656094548,6.050346106898891,-1
962,5.159672070211741,5.062377747526018,5.009822464810393,5.102182207392962,5.036186529417364,5.13317723389854,4.939142977725742,5.229560952712354,6.044861403072391,-1
963,5.1559745934149,5.047166130778392,5.004635450942637,5.1039781884233335,5.031920193631418,5.144529752671807,4.93834592304959,5.221447836184406,6.052523197910245,-1
964,5.162618818889348,5.029770124530527,5.011137637505076,5.108908787955597,5.025187519024979,5.145534601040027,4.945469976976241,5.215153647791309,6.039177590925145,-1
965,5.171462551468108,5.016592015846765,5.017254492939115,5.106718751377746,5.019376200801301,5.156400291414352,4.941900208934224,5.214667250384609,6.054378698597929,-1
966,5.186101096370551,4.9942467448992165,5.027771728471956,5.106290205438315,5.011417545235527,5.16279946447324,4.9292280192332605,5.221247534981524,6.046923152529404,-1
967,5.210949730272846,4.970215464153345,5.036380450035749,5.087713060935359,4.9969845668504345,5.175216994210867,4.910018162755651,5.215955546139703,6.0557833256724845,-1
968,5.228801062258162,4.959580430987436,5.0566594468072665,5.0712687586205245,4.988698028000672,5.180229748241635,4.885249543517337,5.205344166402308,6.053259864375167,-1
969,5.240805157343732,4.948236895860564,5.068928541921038,5.056019337276895,4.98770769108188,5.182666668045831,4.866433090153027,5.197804170138212,6.041791757843479,-1
970,5.259854542603102,4.94253238256037,5.077858586552043,5.049724830928257,4.99324945230676,5.18384354934763,4.857917414873063,5.202516046179931,6.050036203939004,-1
971,5.266995273985831,4.935568396917088,5.084726088882317,5.033483127564998,5.000077258870722,5.186689494996257,4.838113205906422,5.20913345096762,6.043002451828019,-1
972,5.258615992247321,4.927217845252255,5.085645959360708,5.020157868043939,5.012464970241905,5.192730452022875,4.813290959667033,5.216460212189166,6.046164191004949,-1
973,5.241107063735965,4.928151993326532,5.09017941558905,5.005880484901935,5.0225189708574725,5.187375058580956,4.800039599789802,5.215355131178429,6.049719717130218,-1
974,5.223051820974529,4.926718575239712,5.1040098361516595,4.992904840382852,5.0440087912484834,5.176716573128385,4.800604705348503,5.213142097214698,6.045610579626897,-1
975,5.1943472405048565,4.91995733118677,5.113821768668185,4.984970881603285,5.076262221071408,5.167099243480388,4.8103901264273,5.21499414933294,6.05582955372418,-1
976,5.173420075753872,4.913828126440336,5.124415473077957,4.981427547548535,5.095397398470856,5.16854474618734,4.818405941086185,5.21296312417409,6.041491155215232,-1
977,5.159768526117259,4.918011049197219,5.126700050935265,4.986789639477575,5.105936665090116,5.1610545511704755,4.815979307853651,5.20601551928157,6.041490483301263,-1
978,5.151591553167813,4.925333340997012,5.130820625238256,4.98515031300898,5.1200546076809195,5.157697347948041,4.814433993645444,5.188888322230927,6.049232005956906,-1
979,5.149520275312062,4.930860777247286,5.13329364264705,4.991729998142813,5.125074253299793,5.149906381696289,4.824051800140277,5.1638316740474695,6.052775048988186,-1
980,5.157359937665136,4.939919695747035,5.13378248614017,4.993801444485993,5.127243023343383,5.144090867458468,4.838912898715236,5.134555610979323,6.057705952834672,-1
981,5.1763806441734035,4.931248560876822,5.120949300905845,5.001051943929386,5.130684454077127,5.138764257436948,4.8524054561475065,5.11248848979428,6.046349702058173,-1
982,5.202556558008619,4.926631821467051,5.1022622805538065,5.012286303238345,5.1160985598460185,5.144143781023657,4.860191018392363,5.088083675961492,6.054594102217298,-1
983,5.2270864593540285,4.9193045205516075,5.094309736439822,5.036742363961867,5.097732038678275,5.14795069414056,4.868386615406776,5.062421956063039,6.063892631752396,-1
984,5.23831462470942,4.915019613631035,5.082793750071862,5.063447315149895,5.096225451767697,5.152653712806251,4.886829296440927,5.04354612528942,6.049037166131793,-1
985,5.258205213041889,4.910335567184081,5.09021051294337,5.090135303900773,5.098421568193929,5.170738013186486,4.903550003701538,5.034241807358382,6.047767312058806,-1
986,5.275798062976576,4.903727835861188,5.099634767119952,5.1223821926770015,5.093295398685111,5.17625835663637,4.921226107678025,5.0326368716314,6.0474336550293275,-1
987,5.295205312599202,4.905895220346949,5.099890845316901,5.154769236822841,5.100866105763735,5.180196513288299,4.948364676901942,5.033076927279497,6.050184400739987,-1
988,5.310950466683454,4.910189723727976,5.101408643769706,5.180022874288642,5.116015305548475,5.1897584914438575,4.96901031134004,5.039223904003805,6.04604451717789,-1
989,5.3204592075138954,4.933289246694356,5.096942263946348,5.196443027922955,5.128128601447856,5.192343820778919,4.994664010186688,5.048387623430128,6.04780369872634,-1
990,5.317747594891773,4.955414025670872,5.088439922648455,5.206425456521967,5.151382230926299,5.194800224986121,5.023884515973306,5.069558388914518,6.037892333006549,-1
991,5.311737422660555,4.985170579952433,5.075968806734641,5.209984687950734,5.172940570758616,5.19523367443661,5.050994917684867,5.092184507447973,6.054548022617554,-1
992,5.321632647333411,5.0102176419731315,5.06290216296328,5.207887996748543,5.193904567283486,5.186318599955383,5.072625062814893,5.111868275693192,6.041609334329427,-1
993,5.322688117743347,5.024251273729833,5.043754606401034,5.200087183660817,5.207052647337701,5.1796887238854685,5.08927310891337,5.1270735038214585,6.046197377422692,-1
994,5.309343196698588,5.0379739861970085,5.018443386264001,5.187725244325788,5.21918497899619,5.178713747392132,5.096311241713581,5.1421686394215556,6.048867446095945,-1
995,5.289650824240904,5.043050769766459,5.003508736416315,5.167386586800841,5.227349425022251,5.18527936217896,5.093840303207786,5.1605297991025605,6.037276115881681,-1
996,5.269752605985922,5.062173286320993,4.996998767302833,5.1442635848890905,5.226459845795549,5.182464828425261,5.101670587932214,5.178526466268024,6.053496491865369,-1
997,4.601610065122653,4.428340997159033,4.372598192492457,4.494327257893336,4.5743183699483225,4.535341384626179,4.464414331246098,4.539898149098622,6.041692544096601,-1
998,3.9401228727913344,3.7947402750168737,3.752127430535246,3.8500039493804383,3.9205962297835932,3.8872184143651953,3.822177312178609,3.892904219889842,6.046253917510116,-1
999,3.283867044211262,3.1613141582467383,3.1275304278694747,3.2026001332257485,3.270070890645343,3.241526266111376,3.1797519723302856,3.2449279544390928,6.0478430717032445,-1
