acc_delta,auc_delta,r2_delta
0.05400000000000005,0.0513872340425533,0.28263795197715214
