feature,importance
X,0.3588342053715474
E,0.34274575856771305
I,0.2984200360607395
