label,r2
E,-0.24694761444488167
EIX,0.035690337532270466
