slice,eps,n,k,p,ci_lo,ci_hi
|E−I| > 0.001,0.001,10000,2427,0.2427,0.23439702131930018,0.25120059150175844
|E−I| ≤ 0.001,0.001,0,0,0.0,0.0,0.0
