{
	"universe_id":{
		"GlobalMean":4.469763888888889e3,
		"GlobalStdDev":2.8717461952143562e3,
		"NumFiles":30
	},
	"E":{
		"GlobalMean":2.3207497720898463e1,
		"GlobalStdDev":1.2569879041477128e1,
		"NumFiles":25
	},
	"I":{
		"GlobalMean":0.3882421742256716,
		"GlobalStdDev":9.013099293941595e-2,
		"NumFiles":25
	},
	"lock_epoch":{
		"GlobalMean":2.2953711999999996e2,
		"GlobalStdDev":1.557025501044023e2,
		"NumFiles":20
	},
	"q_lon_deg":{
		"GlobalMean":1.8564153368564314e2,
		"GlobalStdDev":8.291780338854595e1,
		"NumFiles":5
	},
	"q_lat_deg":{
		"GlobalMean":2.7448576756832058e1,
		"GlobalStdDev":4.112699967904314e1,
		"NumFiles":5
	},
	"q_T_peak":{
		"GlobalMean":-2.050659086797052,
		"GlobalStdDev":1.0169698514695913e1,
		"NumFiles":5
	},
	"o_lon_deg":{
		"GlobalMean":2.0984762394901932e2,
		"GlobalStdDev":1.0405543107790888e2,
		"NumFiles":5
	},
	"o_lat_deg":{
		"GlobalMean":2.697490396258498,
		"GlobalStdDev":4.240717902301334e1,
		"NumFiles":5
	},
	"o_T_peak":{
		"GlobalMean":-9.840538629960172e-2,
		"GlobalStdDev":8.874010003898771,
		"NumFiles":5
	},
	"angle_deg":{
		"GlobalMean":9.356143832873104e1,
		"GlobalStdDev":4.3894638009579765e1,
		"NumFiles":10
	},
	"rank":{
		"GlobalMean":1.0,
		"GlobalStdDev":0.0,
		"NumFiles":5
	},
	"z_value":{
		"GlobalMean":-7.825336872265956e1,
		"GlobalStdDev":8.273124871809774,
		"NumFiles":5
	},
	"sigma_arcmin":{
		"GlobalMean":3.0e1,
		"GlobalStdDev":0.0,
		"NumFiles":5
	},
	"lon_deg":{
		"GlobalMean":1.6494894314664762e2,
		"GlobalStdDev":5.545313634049943e1,
		"NumFiles":5
	},
	"lat_deg":{
		"GlobalMean":4.39381475902448,
		"GlobalStdDev":4.315313489585709e1,
		"NumFiles":5
	},
	"variant":{
		"GlobalMean":null,
		"GlobalStdDev":null,
		"NumFiles":50
	},
	"q_lo":{
		"GlobalMean":0.45000000000000007,
		"GlobalStdDev":0.30276503540974914,
		"NumFiles":5
	},
	"q_hi":{
		"GlobalMean":0.55,
		"GlobalStdDev":0.30276503540974914,
		"NumFiles":5
	},
	"gap_lo":{
		"GlobalMean":1.287458790290152e1,
		"GlobalStdDev":9.93759091038567,
		"NumFiles":5
	},
	"gap_hi":{
		"GlobalMean":4.083512502489962e1,
		"GlobalStdDev":8.444140231988152e1,
		"NumFiles":5
	},
	"n":{
		"GlobalMean":4.0e3,
		"GlobalStdDev":4.829772380036444e3,
		"NumFiles":20
	},
	"k":{
		"GlobalMean":6.231600000000001e2,
		"GlobalStdDev":8.104952917246384e2,
		"NumFiles":10
	},
	"p":{
		"GlobalMean":0.15579,
		"GlobalStdDev":0.1495342990783249,
		"NumFiles":10
	},
	"ci_lo":{
		"GlobalMean":0.1431181122267873,
		"GlobalStdDev":0.14356384764947003,
		"NumFiles":10
	},
	"ci_hi":{
		"GlobalMean":0.16963653327554376,
		"GlobalStdDev":0.15502902431394217,
		"NumFiles":10
	},
	"time":{
		"GlobalMean":2.6666666666666665,
		"GlobalStdDev":1.5923281512798235,
		"NumFiles":15
	},
	"X":{
		"GlobalMean":4.9215275147277975,
		"GlobalStdDev":4.27683256051983,
		"NumFiles":20
	},
	"X_lock":{
		"GlobalMean":3.721354344357347,
		"GlobalStdDev":0.0,
		"NumFiles":5
	},
	"epoch":{
		"GlobalMean":3.995e2,
		"GlobalStdDev":2.3108440016582688e2,
		"NumFiles":5
	},
	"A":{
		"GlobalMean":1.942417541338758e2,
		"GlobalStdDev":9.978787918218687e1,
		"NumFiles":5
	},
	"I_track":{
		"GlobalMean":6.417070948476518e-2,
		"GlobalStdDev":0.4429743034628496,
		"NumFiles":5
	},
	"exp_A":{
		"GlobalMean":2.3789100208696998e-3,
		"GlobalStdDev":3.570002407954649e-2,
		"NumFiles":5
	},
	"var_A":{
		"GlobalMean":0.9982159747291053,
		"GlobalStdDev":7.238991170136104e-3,
		"NumFiles":5
	},
	"entropy":{
		"GlobalMean":0.9648790297921825,
		"GlobalStdDev":0.12358809846795651,
		"NumFiles":5
	},
	"purity":{
		"GlobalMean":0.2798833195628334,
		"GlobalStdDev":0.10158916075624846,
		"NumFiles":5
	},
	"acc_delta":{
		"GlobalMean":5.592000000000001e-2,
		"GlobalStdDev":0,
		"NumFiles":5
	},
	"auc_delta":{
		"GlobalMean":5.4331806434110154e-2,
		"GlobalStdDev":0,
		"NumFiles":5
	},
	"r2_delta":{
		"GlobalMean":0.3068722223278796,
		"GlobalStdDev":0,
		"NumFiles":5
	},
	"feature":{
		"GlobalMean":null,
		"GlobalStdDev":null,
		"NumFiles":10
	},
	"importance":{
		"GlobalMean":0.6666666666666666,
		"GlobalStdDev":1.7011047224954702e-2,
		"NumFiles":10
	},
	"label":{
		"GlobalMean":null,
		"GlobalStdDev":null,
		"NumFiles":10
	},
	"acc":{
		"GlobalMean":0.7989300000000001,
		"GlobalStdDev":9.885352800987937e-3,
		"NumFiles":20
	},
	"auc":{
		"GlobalMean":null,
		"GlobalStdDev":null,
		"NumFiles":20
	},
	"cm":{
		"GlobalMean":null,
		"GlobalStdDev":null,
		"NumFiles":5
	},
	"r2":{
		"GlobalMean":null,
		"GlobalStdDev":null,
		"NumFiles":35
	},
	"slice":{
		"GlobalMean":null,
		"GlobalStdDev":null,
		"NumFiles":5
	},
	"eps":{
		"GlobalMean":1.200007150007143e-2,
		"GlobalStdDev":1.849943237675027e-2,
		"NumFiles":10
	},
	"target":{
		"GlobalMean":null,
		"GlobalStdDev":null,
		"NumFiles":45
	},
	"featset":{
		"GlobalMean":null,
		"GlobalStdDev":null,
		"NumFiles":45
	},
	"n_train":{
		"GlobalMean":5.1736e3,
		"GlobalStdDev":0,
		"NumFiles":45
	},
	"n_test":{
		"GlobalMean":1.7246888888888889e3,
		"GlobalStdDev":0,
		"NumFiles":45
	},
	"seed":{
		"GlobalMean":2.1517961147463603e9,
		"GlobalStdDev":1.2408913372984073e9,
		"NumFiles":15
	},
	"stable":{
		"GlobalMean":0.4855599999999999,
		"GlobalStdDev":0.49857136183175266,
		"NumFiles":10
	},
	"lockin":{
		"GlobalMean":0.20772,
		"GlobalStdDev":0.40457922976129357,
		"NumFiles":10
	},
	"stable_epoch":{
		"GlobalMean":2.8501340000000005e2,
		"GlobalStdDev":3.3413942265671244e2,
		"NumFiles":10
	},
	"cold_min_z":{
		"GlobalMean":-7.880324195676174e1,
		"GlobalStdDev":8.324557038213523,
		"NumFiles":5
	},
	"cold_mean_z_topk":{
		"GlobalMean":-7.825336872265956e1,
		"GlobalStdDev":7.789107303945876,
		"NumFiles":5
	},
	"cold_count":{
		"GlobalMean":1.2,
		"GlobalStdDev":0.0,
		"NumFiles":5
	},
	"cold_sigma_best":{
		"GlobalMean":3.0e1,
		"GlobalStdDev":0.0,
		"NumFiles":5
	},
	"cold_flag":{
		"GlobalMean":2.4000000000000003e-4,
		"GlobalStdDev":1.521955114472815e-2,
		"NumFiles":5
	},
	"aoe_align_score":{
		"GlobalMean":0.4744745999853546,
		"GlobalStdDev":0.2247940263316243,
		"NumFiles":5
	},
	"aoe_flag":{
		"GlobalMean":2.3999999999999998e-4,
		"GlobalStdDev":1.4926910200990354e-2,
		"NumFiles":5
	},
	"ft_acc_delta":{
		"GlobalMean":5.5919999999999956e-2,
		"GlobalStdDev":0.0,
		"NumFiles":5
	},
	"ft_auc_delta":{
		"GlobalMean":5.433180643411012e-2,
		"GlobalStdDev":0.0,
		"NumFiles":5
	},
	"ft_r2_delta":{
		"GlobalMean":0.3068722223278796,
		"GlobalStdDev":0.0,
		"NumFiles":5
	},
	"abs_E_minus_I":{
		"GlobalMean":1.636911884982448e1,
		"GlobalStdDev":1.5766125596171003e1,
		"NumFiles":5
	},
	"logE":{
		"GlobalMean":2.4987644455040963,
		"GlobalStdDev":0.7986988515986309,
		"NumFiles":5
	},
	"logX":{
		"GlobalMean":1.302686287927172,
		"GlobalStdDev":0.8722116234444315,
		"NumFiles":5
	},
	"E_rank":{
		"GlobalMean":0.50005,
		"GlobalStdDev":0.2886895679907166,
		"NumFiles":5
	},
	"X_rank":{
		"GlobalMean":0.5000500000000001,
		"GlobalStdDev":0.28868956799071677,
		"NumFiles":5
	},
	"dist_to_goldilocks":{
		"GlobalMean":null,
		"GlobalStdDev":null,
		"NumFiles":5
	},
	"group":{
		"GlobalMean":null,
		"GlobalStdDev":null,
		"NumFiles":10
	},
	"stable_n":{
		"GlobalMean":2.4278e3,
		"GlobalStdDev":2.975092141150658e3,
		"NumFiles":10
	},
	"stable_ratio":{
		"GlobalMean":0.45543188863125195,
		"GlobalStdDev":6.213963234891209e-2,
		"NumFiles":10
	},
	"lockin_n":{
		"GlobalMean":1.0386e3,
		"GlobalStdDev":1.273126523032993e3,
		"NumFiles":10
	},
	"lockin_ratio":{
		"GlobalMean":0.18649575489883324,
		"GlobalStdDev":4.259036191981345e-2,
		"NumFiles":10
	}
}