universe_id,E,I,lock_epoch,scale_arcmin,lon,lat,z_score,temp_uK,category,cold_flag
0,0.766,0.31141924822103545,122,180,59.4140625,15.713861048008212,-3.3697174188572,-107.01973015896907,lock_in,True
0,0.766,0.31141924822103545,122,180,354.375,-0.8952829865701233,-3.1781659507597912,-100.9361938106944,lock_in,True
0,0.766,0.31141924822103545,122,180,347.34375,6.279288322550272,-3.1015275991995463,-98.50221508936447,lock_in,True
0,0.766,0.31141924822103545,122,360,352.96874999999994,-1.492246289620354,-3.001317364823133,-83.13983477424212,lock_in,True
0,0.766,0.31141924822103545,122,360,347.34375,5.079715792733481,-2.974970451822512,-82.40999550726649,lock_in,True
37,0.7600401299437843,0.3479803927670693,122,180,103.0078125,-10.199918091116302,-3.525905995650076,-123.86566841408818,lock_in,True
37,0.7600401299437843,0.3479803927670693,122,180,110.39062499999999,-12.32998415024295,-3.505547628753303,-123.15047544161419,lock_in,True
37,0.7600401299437843,0.3479803927670693,122,180,14.414062499999996,23.31795706533424,-3.430258156526784,-120.50554317810254,lock_in,True
37,0.7600401299437843,0.3479803927670693,122,180,17.578124999999996,22.346587898361136,-3.3928645662740102,-119.19189984413775,lock_in,True
37,0.7600401299437843,0.3479803927670693,122,180,9.140625,28.971532223711293,-3.386397819692185,-118.96472191117572,lock_in,True
58,0.7527943965328022,0.2936476168639787,122,180,36.2109375,24.62431835216408,-3.1543851861727124,-102.7457213068957,lock_in,True
58,0.7527943965328022,0.2936476168639787,122,360,35.5078125,23.96948231775967,-3.0829631455025837,-88.19859961671543,lock_in,True
58,0.7527943965328022,0.2936476168639787,122,180,24.960937499999996,27.95318688338113,-3.047354988847868,-99.2594921858596,lock_in,True
58,0.7527943965328022,0.2936476168639787,122,180,180.3813559322034,45.78396716177502,-3.045755057926083,-99.2073786150115,lock_in,True
58,0.7527943965328022,0.2936476168639787,122,180,181.82926829268294,-43.804487962974946,-3.0364108434374306,-98.9030152346033,lock_in,True
1,0.72,0.4414448505936561,233,180,292.05,-52.801853781730614,-4.241860519094185,-135.5704369542712,lock_in,True
1,0.72,0.4414448505936561,233,360,290.25,-52.801853781730614,-3.9046957734732355,-108.49402302084816,lock_in,True
1,0.72,0.4414448505936561,233,180,348.046875,-66.44353569089876,-3.361541729425151,-107.4353406160571,lock_in,True
1,0.72,0.4414448505936561,233,180,49.02985074626866,-65.32234324182821,-3.2668675341975404,-104.40954174100055,lock_in,True
1,0.72,0.4414448505936561,233,180,144.49218749999997,34.228866327812575,-3.101022016599573,-99.109098686009,lock_in,True
2,0.7482247687259116,0.42744957376831494,361,180,103.71093749999999,39.45089470914606,-3.219141693761262,-104.47773658313653,lock_in,True
2,0.7482247687259116,0.42744957376831494,361,180,161.8421052631579,69.0509806793522,-3.147859455354165,-102.1642618878973,lock_in,True
2,0.7482247687259116,0.42744957376831494,361,180,104.4140625,32.79716829582364,-3.0001783680471714,-97.37125221136434,lock_in,True
2,0.7482247687259116,0.42744957376831494,361,180,129.375,5.679189845582371,-2.920254431877763,-94.77731004563357,lock_in,True
2,0.7482247687259116,0.42744957376831494,361,360,104.76562499999999,36.05358859962301,-2.8455170290976404,-81.63861933192044,lock_in,True
3,0.7629282968158495,0.35954048823528506,122,180,223.2421875,-13.248014905676953,-3.4937915750740913,-113.72207000481691,lock_in,True
3,0.7629282968158495,0.35954048823528506,122,180,22.8515625,-22.02431283704216,-3.4802016267133413,-113.27972051376847,lock_in,True
3,0.7629282968158495,0.35954048823528506,122,360,22.1484375,-21.381942579838892,-3.2640290446461946,-94.13509476673141,lock_in,True
3,0.7629282968158495,0.35954048823528506,122,360,223.59375,-15.40409369872549,-3.216638994730978,-92.76835912630652,lock_in,True
3,0.7629282968158495,0.35954048823528506,122,180,251.71875,-6.880079227870652,-3.1862461982574115,-103.71154330538724,lock_in,True
4,0.766,0.4143455385592492,157,180,233.43750000000003,-11.11088180000327,-3.543862365176826,-114.17160030538479,lock_in,True
4,0.766,0.4143455385592492,157,180,14.765625,8.687297481032445,-3.0031812837433134,-96.75263741954821,lock_in,True
4,0.766,0.4143455385592492,157,180,124.10156249999997,-18.209956864283,-2.977216678451456,-95.91614339108112,lock_in,True
4,0.766,0.4143455385592492,157,180,163.35000000000002,52.80185378173063,-2.9680275864115284,-95.62010112384725,lock_in,True
4,0.766,0.4143455385592492,157,360,232.73437499999994,-10.503271450113203,-2.9483164044758774,-83.5563427167559,lock_in,True
5,0.766,0.40319631207212975,236,180,258.42857142857144,50.86815892553735,-3.398905482345035,-113.15368203340715,lock_in,True
5,0.766,0.40319631207212975,236,360,260.8252427184466,51.64299443168207,-3.2292113458588254,-95.03506404010214,lock_in,True
5,0.766,0.40319631207212975,236,180,189.4921875,-13.861949672048638,-3.0230376581504896,-100.64058300112262,lock_in,True
5,0.766,0.40319631207212975,236,180,199.68749999999997,-17.896089316234637,-3.0103558531379613,-100.2183902200035,lock_in,True
5,0.766,0.40319631207212975,236,180,269.53125,54.340912303861245,-2.957521341471805,-98.45946478333506,lock_in,True
6,0.766,0.3630057680655486,159,180,261.56249999999994,13.55478403717899,-3.648664309469866,-123.94197088058664,lock_in,True
6,0.766,0.3630057680655486,159,180,175.2127659574468,-72.75731182299072,-3.4546929207939696,-117.35292303689737,lock_in,True
6,0.766,0.3630057680655486,159,180,43.2421875,12.635625093021119,-3.238291215519033,-110.00193586685145,lock_in,True
6,0.766,0.3630057680655486,159,180,41.484375,24.296477994805656,-3.0660681527764253,-104.1516606899601,lock_in,True
6,0.766,0.3630057680655486,159,360,43.2421875,13.248014905676953,-3.028290621456737,-91.77762167078589,lock_in,True
7,0.766,0.2833259171905481,136,180,225.70312499999997,-13.55478403717899,-3.164201135181767,-102.38280100670416,lock_in,True
7,0.766,0.2833259171905481,136,180,40.22727272727273,-65.69633519657742,-2.989858023887628,-96.74165350931987,lock_in,True
7,0.766,0.2833259171905481,136,180,199.3359375,5.379378991112077,-2.971181566637077,-96.13734715447228,lock_in,True
7,0.766,0.2833259171905481,136,180,19.6875,-72.38756092964962,-2.9663292427017667,-95.98034252824424,lock_in,True
7,0.766,0.2833259171905481,136,180,144.84375,-23.64331425576559,-2.943930337009718,-95.25559045831203,lock_in,True
8,0.7645455748355592,0.3926434831409049,205,180,143.7890625,37.16889965599944,-4.269580909443913,-153.28078952419762,lock_in,True
8,0.7645455748355592,0.3926434831409049,205,360,142.734375,36.05358859962301,-3.8295673322302317,-123.87779717753675,lock_in,True
8,0.7645455748355592,0.3926434831409049,205,180,139.57031249999997,33.51005606625301,-3.7120047898328363,-133.26343758952044,lock_in,True
8,0.7645455748355592,0.3926434831409049,205,180,136.40625,31.738394244764443,-3.509654908044359,-125.99894283223851,lock_in,True
8,0.7645455748355592,0.3926434831409049,205,180,153.6864406779661,45.78396716177502,-3.423995126920057,-122.92369996385919,lock_in,True
9,0.72,0.3950297064388608,391,180,119.17968749999996,-27.27961273597809,-3.81862424876608,-119.1956302635852,lock_in,True
9,0.72,0.3950297064388608,391,360,120.9375,-30.34518296958825,-3.699061510995222,-100.26010203264298,lock_in,True
9,0.72,0.3950297064388608,391,180,121.640625,-32.44286613851179,-3.5972118258467454,-112.28438442729299,lock_in,True
9,0.72,0.3950297064388608,391,180,319.33734939759034,-59.29895234914483,-3.3878726542423787,-105.74999733623696,lock_in,True
9,0.72,0.3950297064388608,391,180,127.265625,-31.738394244764436,-3.183404382825481,-99.36765224985156,lock_in,True
10,0.741786620174979,0.4083276461828323,146,180,351.5625,0.2984168674869352,-3.5416633865335836,-117.38845339167005,lock_in,True
10,0.741786620174979,0.4083276461828323,146,360,349.8046875,-1.7907846593289491,-3.4856735553347766,-102.16902904108035,lock_in,True
10,0.741786620174979,0.4083276461828323,146,180,346.99218749999994,-2.388015463268772,-3.3432004338498182,-110.81039610184921,lock_in,True
10,0.741786620174979,0.4083276461828323,146,180,351.21093749999994,-4.780191847199163,-3.255177921428622,-107.89288871988853,lock_in,True
10,0.741786620174979,0.4083276461828323,146,180,234.49218749999991,-41.81031489577862,-3.024545436998588,-100.24857185893826,lock_in,True
11,0.766,0.3135739297489469,154,180,61.513761467889914,-49.31283855921748,-3.15758510316445,-107.43178284188198,lock_in,True
11,0.766,0.3135739297489469,154,180,182.8125,17.27000469497446,-3.0823641128520345,-104.87250888598099,lock_in,True
11,0.766,0.3135739297489469,154,180,174.0234375,18.209956864283,-3.0785908662587893,-104.7441302021166,lock_in,True
11,0.766,0.3135739297489469,154,180,56.62499999999999,-44.99388015045713,-3.0646680377922326,-104.27042821894749,lock_in,True
11,0.766,0.3135739297489469,154,360,175.078125,17.896089316234637,-2.930180449874747,-88.98245295040313,lock_in,True
12,0.766,0.4366297506785698,194,180,234.49218749999991,-19.47122063449069,-4.263178029175738,-139.9764483754487,lock_in,True
12,0.766,0.4366297506785698,194,180,29.117647058823522,83.78374275324825,-4.040748971478248,-132.67324009061275,lock_in,True
12,0.766,0.4366297506785698,194,180,237.65625,-25.61308321640182,-3.725284381383159,-122.31531459380912,lock_in,True
12,0.766,0.4366297506785698,194,180,235.1953125,-15.094787099543197,-3.4960818028689133,-114.78970536074041,lock_in,True
12,0.766,0.4366297506785698,194,180,269.55,52.80185378173063,-3.2621127362552027,-107.10759384448114,lock_in,True
13,0.766,0.39584278712705395,158,180,153.29268292682926,43.80448796297494,-3.2939839366667103,-111.99342015624346,lock_in,True
13,0.766,0.39584278712705395,158,180,302.6953125,-7.180755781458288,-2.7801746257417337,-94.52422146402671,lock_in,True
13,0.766,0.39584278712705395,158,360,152.5,42.60980697763761,-2.780115907688678,-83.97515154272342,lock_in,True
13,0.766,0.39584278712705395,158,180,305.3883495145631,51.64299443168207,-2.764175786526853,-93.98027082874835,lock_in,True
13,0.766,0.39584278712705395,158,180,151.0,73.49627530761094,-2.671337428181371,-90.82382408145838,lock_in,True
14,0.766,0.3509158148661104,147,180,192.65625,-28.291548862929403,-3.179438438482422,-111.1383533303561,lock_in,True
14,0.766,0.3509158148661104,147,180,2.8125,-11.719760305788782,-3.0349182997078294,-106.08660831176735,lock_in,True
14,0.766,0.3509158148661104,147,180,310.78124999999994,5.079715792733481,-2.9402856912295166,-102.77869695401532,lock_in,True
14,0.766,0.3509158148661104,147,180,318.51562499999994,12.32998415024295,-2.924011436444889,-102.20982547190503,lock_in,True
14,0.766,0.3509158148661104,147,180,242.9296875,-16.334822780685997,-2.8920672197736916,-101.09320574810907,lock_in,True
15,0.766,0.33282224387600445,207,180,9.140625,36.79533013738011,-3.9049890140076755,-117.90111186406999,lock_in,True
15,0.766,0.33282224387600445,207,180,17.17105263157895,61.9438370231567,-3.6232433092733536,-109.3945290176319,lock_in,True
15,0.766,0.33282224387600445,207,360,9.84375,36.05358859962301,-3.5747073544907724,-92.8023528777058,lock_in,True
15,0.766,0.33282224387600445,207,180,20.390624999999996,31.738394244764443,-3.4436770544348714,-103.97299038353435,lock_in,True
15,0.766,0.33282224387600445,207,180,181.7578125,18.839404547275464,-3.4304546822327775,-103.57377505327896,lock_in,True
16,0.72,0.36827654466490095,176,180,79.8046875,-17.582776008425398,-3.426931599856377,-115.57226547709097,lock_in,True
16,0.72,0.36827654466490095,176,180,301.9736842105263,76.07742270175356,-3.4061779720565974,-114.87235452345203,lock_in,True
16,0.72,0.36827654466490095,176,180,202.2972972972973,-48.53225372744231,-3.274404935904617,-110.42834153994805,lock_in,True
16,0.72,0.36827654466490095,176,360,301.25000000000006,76.81353334098655,-3.214516767356331,-95.62916200953347,lock_in,True
16,0.72,0.36827654466490095,176,180,273.13953488372096,74.2345483270482,-3.159635402975144,-106.55776748820493,lock_in,True
17,0.766,0.39635975400758566,166,180,295.6640625,-37.9216507842918,-3.618092374194849,-127.29435372134053,lock_in,True
17,0.766,0.39635975400758566,166,180,172.6171875,15.094787099543197,-2.8788205884597575,-101.28478639906581,lock_in,True
17,0.766,0.39635975400758566,166,360,294.9609375,-38.68218745348943,-2.830375318569138,-89.33622336354884,lock_in,True
17,0.766,0.39635975400758566,166,180,309.87804878048786,-43.804487962974946,-2.752780616554623,-96.85036160723568,lock_in,True
17,0.766,0.39635975400758566,166,180,170.85937499999997,3.2843691083657944,-2.723846172884839,-95.83237015255911,lock_in,True
18,0.7493466851230846,0.4051909604458116,125,180,69.9609375,11.4151577427305,-3.7069965352246523,-119.96137377598244,lock_in,True
18,0.7493466851230846,0.4051909604458116,125,180,67.85156249999999,4.181528273111482,-3.5884946754617912,-116.12655837224438,lock_in,True
18,0.7493466851230846,0.4051909604458116,125,180,280.9883720930233,58.160368554338,-3.561521306681927,-115.25367848415885,lock_in,True
18,0.7493466851230846,0.4051909604458116,125,360,71.015625,11.11088180000327,-3.5069781379107368,-100.34404297426927,lock_in,True
18,0.7493466851230846,0.4051909604458116,125,180,84.0234375,1.7907846593289491,-3.360930166263531,-108.76238799581388,lock_in,True
19,0.766,0.3926417065317351,134,180,219.02343749999997,-10.806922874860348,-3.670249350749473,-114.69126133248263,lock_in,True
19,0.766,0.3926417065317351,134,180,328.359375,8.687297481032445,-3.0755455669269818,-96.10742719133658,lock_in,True
19,0.766,0.3926417065317351,134,180,211.640625,5.679189845582371,-3.0381031661590647,-94.93739366431772,lock_in,True
19,0.766,0.3926417065317351,134,360,219.7265625,-11.4151577427305,-3.030511605799966,-82.81698471749606,lock_in,True
19,0.766,0.3926417065317351,134,180,81.45569620253164,-60.8122696032311,-3.0217558857962357,-94.42655927048057,lock_in,True
20,0.766,0.4401584550028496,367,180,254.17968749999997,24.62431835216408,-3.568402832909698,-122.50636381128217,lock_in,True
20,0.766,0.4401584550028496,367,360,253.125,24.296477994805656,-3.2650264935042617,-99.5987041961303,lock_in,True
20,0.766,0.4401584550028496,367,180,53.78906249999999,-34.953865257188454,-3.179744148884117,-109.16338210518131,lock_in,True
20,0.766,0.4401584550028496,367,180,251.36718750000003,8.989299345162806,-3.0632922109922323,-105.16548847564096,lock_in,True
20,0.766,0.4401584550028496,367,180,251.36718750000003,20.742379954487134,-3.028755423765712,-103.9798113273063,lock_in,True
21,0.766,0.43062768717744504,122,180,285.30927835051546,53.95678248481786,-3.8627934958624515,-126.72486893822641,lock_in,True
21,0.766,0.43062768717744504,122,180,297.421875,-34.590574976176626,-3.447503903009058,-113.10066817625595,lock_in,True
21,0.766,0.43062768717744504,122,360,298.125,-34.590574976176626,-3.146451225742097,-90.82577239280987,lock_in,True
21,0.766,0.43062768717744504,122,180,269.29687499999994,-32.44286613851179,-3.0785237772914567,-100.9957192527505,lock_in,True
21,0.766,0.43062768717744504,122,180,292.5,-23.64331425576559,-3.0653421190184607,-100.56327509383708,lock_in,True
22,0.766,0.394175344798685,257,180,221.50485436893203,-51.64299443168207,-2.980787467732085,-108.21967477299678,lock_in,True
22,0.766,0.394175344798685,257,180,306.21093749999994,11.4151577427305,-2.8462164145858604,-103.33397072393026,lock_in,True
22,0.766,0.394175344798685,257,180,40.4296875,-20.742379954487134,-2.7832333025334304,-101.04732111851325,lock_in,True
22,0.766,0.394175344798685,257,180,140.9558823529412,-64.94808409550689,-2.783103351537338,-101.04260314913614,lock_in,True
22,0.766,0.394175344798685,257,180,237.9375,-60.4344388449523,-2.7698385733483484,-100.561015326252,lock_in,True
23,0.766,0.3346218289616785,129,180,310.03937007874015,42.2103698396502,-3.5420908222602034,-115.82748659349491,lock_in,True
23,0.766,0.3346218289616785,129,180,320.625,-14.785930226053424,-3.2070501446059354,-104.871561275083,lock_in,True
23,0.766,0.3346218289616785,129,180,348.3984375,-13.248014905676953,-3.1841495723068114,-104.12270605662204,lock_in,True
23,0.766,0.3346218289616785,129,180,326.6015625,-5.379378991112077,-2.998124612246622,-98.03963702736493,lock_in,True
23,0.766,0.3346218289616785,129,180,114.60937499999999,23.64331425576559,-2.9465143399866105,-96.35196646597993,lock_in,True
24,0.735392832512712,0.4296221267904161,133,180,314.6484375,3.583321698471977,-4.098356546986966,-135.80013874256073,lock_in,True
24,0.735392832512712,0.4296221267904161,133,180,201.44531249999997,29.313198964168343,-3.7506345855797303,-124.27829338861177,lock_in,True
24,0.735392832512712,0.4296221267904161,133,360,202.49999999999997,28.971532223711293,-3.515260414755105,-102.44497988724366,lock_in,True
24,0.735392832512712,0.4296221267904161,133,180,314.6484375,7.782714385390946,-3.5133430171704334,-116.41558392975783,lock_in,True
24,0.735392832512712,0.4296221267904161,133,360,314.6484375,5.979156796301311,-3.4680101842582305,-101.06797167337022,lock_in,True
25,0.766,0.3968031944081866,123,180,84.7265625,-18.83940454727545,-3.507832091990246,-140.05233227766476,lock_in,True
25,0.766,0.3968031944081866,123,360,85.42968749999999,-19.47122063449069,-3.2459656751533257,-119.69781208303459,lock_in,True
25,0.766,0.3968031944081866,123,180,89.29687499999999,-17.27000469497446,-2.9665825929289604,-118.44262823201615,lock_in,True
25,0.766,0.3968031944081866,123,180,87.18749999999999,-24.953020787727496,-2.8361912994415373,-113.23667928004589,lock_in,True
25,0.766,0.3968031944081866,123,180,311.1328125,28.630989836924343,-2.751602169499182,-109.85940860043603,lock_in,True
26,0.7271410527542133,0.4842041980136252,134,180,279.84375,-17.896089316234637,-4.084888544999479,-132.8685341749875,lock_in,True
26,0.7271410527542133,0.4842041980136252,134,360,280.89843749999994,-18.83940454727545,-3.6167201258366135,-102.3751524170415,lock_in,True
26,0.7271410527542133,0.4842041980136252,134,180,289.6875,-18.524391073865786,-3.2275134553835785,-104.98082596044924,lock_in,True
26,0.7271410527542133,0.4842041980136252,134,180,351.92307692307696,-75.70915268671351,-3.1074872473620814,-101.07675187672406,lock_in,True
26,0.7271410527542133,0.4842041980136252,134,180,331.875,44.993880150457116,-3.1068298266378567,-101.0553680535253,lock_in,True
27,0.7601139942617878,0.37699740517453484,234,180,142.734375,2.686724185691588,-3.2787935879682046,-114.54222676105582,lock_in,True
27,0.7601139942617878,0.37699740517453484,234,180,326.24999999999994,-26.276811557199977,-3.096788562377399,-108.1840268834066,lock_in,True
27,0.7601139942617878,0.37699740517453484,234,180,136.75781249999997,1.1937484371410818,-3.0318892085892517,-105.91681990944622,lock_in,True
27,0.7601139942617878,0.37699740517453484,234,180,108.98437499999999,33.868704601656496,-3.0049885341589992,-104.97706638167466,lock_in,True
27,0.7601139942617878,0.37699740517453484,234,180,264.0234375,20.742379954487134,-2.9184205987347984,-101.95288485352293,lock_in,True
28,0.766,0.4426312818355524,178,180,21.796874999999996,5.679189845582371,-3.2694125205540843,-114.37735820632912,lock_in,True
28,0.766,0.4426312818355524,178,180,27.421875,-5.679189845582371,-3.2374479847107587,-113.2591087754281,lock_in,True
28,0.766,0.4426312818355524,178,180,124.10156249999997,24.62431835216408,-3.1096717450593854,-108.78897637703585,lock_in,True
28,0.766,0.4426312818355524,178,360,28.828124999999993,-4.480798785982216,-3.0635805947466896,-95.50401028956364,lock_in,True
28,0.766,0.4426312818355524,178,360,21.796874999999996,5.079715792733481,-2.983349518825955,-93.00288871208679,lock_in,True
29,0.7314574461767278,0.3602512580068109,225,180,111.09375,-9.291553238770263,-4.994411524676073,-168.0901364915639,lock_in,True
29,0.7314574461767278,0.3602512580068109,225,360,108.63281249999999,-8.989299345162806,-4.915537316978439,-145.85455887229264,lock_in,True
29,0.7314574461767278,0.3602512580068109,225,180,358.59374999999994,11.11088180000327,-3.645749574066915,-122.70005890424372,lock_in,True
29,0.7314574461767278,0.3602512580068109,225,180,116.71875000000001,-15.40409369872549,-3.4881111892101164,-117.39463858289628,lock_in,True
29,0.7314574461767278,0.3602512580068109,225,180,3.1640624999999996,23.96948231775967,-3.13708423217737,-105.58060259874127,lock_in,True
30,0.7653852892265443,0.3477371183063752,400,180,269.29687499999994,-25.61308321640182,-3.3776883002349387,-120.90719851997734,lock_in,True
30,0.7653852892265443,0.3477371183063752,400,180,226.40625,6.880079227870652,-3.3443560930614415,-119.71404520222059,lock_in,True
30,0.7653852892265443,0.3477371183063752,400,180,259.80468749999994,-32.089951256280315,-3.2992652251671224,-118.0999811125369,lock_in,True
30,0.7653852892265443,0.3477371183063752,400,180,74.17968749999999,25.282603043311994,-3.285492409271922,-117.60697202691962,lock_in,True
30,0.7653852892265443,0.3477371183063752,400,360,227.109375,7.481631264246957,-3.162458956039218,-101.97599633304361,lock_in,True
31,0.7232786199141464,0.4804147488113544,126,180,92.36842105263158,83.05156816397722,-3.346716886939357,-110.59941614391481,lock_in,True
31,0.7232786199141464,0.4804147488113544,126,180,71.5909090909091,81.95276407098083,-3.2618170190524145,-107.7937207455315,lock_in,True
31,0.7232786199141464,0.4804147488113544,126,180,296.015625,-22.346587898361136,-3.2498553721653787,-107.39842286741543,lock_in,True
31,0.7232786199141464,0.4804147488113544,126,360,77.88461538461539,80.48652047286616,-3.1878299237244114,-92.77498380222889,lock_in,True
31,0.7232786199141464,0.4804147488113544,126,180,298.47656249999994,-22.669609871750396,-3.18080693808902,-105.11657156922973,lock_in,True
32,0.7390939562031893,0.36980321551699596,236,180,323.0859375,9.594068226860458,-3.008671124857875,-112.63150225313895,lock_in,True
32,0.7390939562031893,0.36980321551699596,236,180,314.29687499999994,24.296477994805656,-2.991133181516361,-111.97495782884728,lock_in,True
32,0.7390939562031893,0.36980321551699596,236,180,124.45312500000001,-27.6158819838447,-2.9109486523350068,-108.97319733029121,lock_in,True
32,0.7390939562031893,0.36980321551699596,236,360,315.3515625,24.62431835216408,-2.882782896635345,-98.23090363669205,lock_in,True
32,0.7390939562031893,0.36980321551699596,236,180,309.375,12.941631985423356,-2.8361678935308476,-106.1737305238867,lock_in,True
33,0.766,0.3267827002657387,186,180,289.6875,-22.346587898361136,-3.5746358094695663,-136.5704880494075,lock_in,True
33,0.766,0.3267827002657387,186,360,288.63281249999994,-20.105509787916006,-3.404581356748492,-118.7248778135971,lock_in,True
33,0.766,0.3267827002657387,186,180,290.0390625,-17.582776008425398,-3.3530937288318134,-128.10637418034108,lock_in,True
33,0.766,0.3267827002657387,186,180,287.578125,-19.15501007356373,-3.320186122382667,-126.84912441838982,lock_in,True
33,0.766,0.3267827002657387,186,180,302.34374999999994,-20.423615363810953,-3.103676221797837,-118.57726722965688,lock_in,True
34,0.7547886856542907,0.41683522852820476,178,180,129.02343749999997,6.579592944977634,-3.347210995438044,-111.89345088450511,lock_in,True
34,0.7547886856542907,0.41683522852820476,178,180,250.31249999999997,-7.481631264246957,-3.063554856418124,-102.41115213060206,lock_in,True
34,0.7547886856542907,0.41683522852820476,178,180,129.02343749999997,21.381942579838892,-3.0366427163578322,-101.51151021542869,lock_in,True
34,0.7547886856542907,0.41683522852820476,178,360,128.671875,4.480798785982216,-2.9727501218424046,-87.94065135909199,lock_in,True
34,0.7547886856542907,0.41683522852820476,178,180,266.1328125,-16.334822780685997,-2.9532971094614795,-98.72536235644976,lock_in,True
35,0.7416127014245377,0.3246481369018625,212,180,146.6015625,-19.47122063449069,-3.5537757437664625,-106.23020341265654,lock_in,True
35,0.7416127014245377,0.3246481369018625,212,360,252.83505154639175,53.95678248481786,-3.4351544756735786,-87.77449358571468,lock_in,True
35,0.7416127014245377,0.3246481369018625,212,180,252.09677419354836,55.49084192446861,-3.3758372968699373,-100.9112332186153,lock_in,True
35,0.7416127014245377,0.3246481369018625,212,180,253.2446808510638,55.107936425098195,-3.3716625672114366,-100.78644139869648,lock_in,True
35,0.7416127014245377,0.3246481369018625,212,180,238.44827586206895,57.78012842970897,-3.078988767819205,-92.03778003463864,lock_in,True
36,0.766,0.30494810615622914,144,180,275.3571428571429,42.60980697763761,-3.986842047488875,-132.05369216373936,lock_in,True
36,0.766,0.30494810615622914,144,180,72.421875,8.687297481032445,-3.034909160406514,-100.52338564587053,lock_in,True
36,0.766,0.30494810615622914,144,180,90.3515625,8.385538647081319,-3.0131975825056077,-99.8042459717488,lock_in,True
36,0.766,0.30494810615622914,144,360,88.59375,9.291553238770263,-2.9278397598027706,-84.68739294897796,lock_in,True
36,0.766,0.30494810615622914,144,180,283.00781249999994,40.228184728061095,-2.8907379667268853,-95.74808899476068,lock_in,True
38,0.766,0.3879260257268581,179,180,331.875,-63.448283680301046,-3.6229689889150967,-130.3372092378731,lock_in,True
38,0.766,0.3879260257268581,179,180,327.6219512195122,-59.677785226578806,-3.3894152226568104,-121.93504595347957,lock_in,True
38,0.766,0.3879260257268581,179,180,252.5294117647059,58.54024913501048,-3.3145619393321466,-119.24217775896172,lock_in,True
38,0.766,0.3879260257268581,179,180,326.0526315789474,-69.0509806793522,-3.2982432587320845,-118.655108574918,lock_in,True
38,0.766,0.3879260257268581,179,180,232.012987012987,61.56696379051533,-3.247734777981526,-116.83805158923224,lock_in,True
39,0.7237934939064,0.45042092044335313,148,180,186.80232558139534,58.160368554338,-3.7771294917231524,-129.8564166106894,lock_in,True
39,0.7237934939064,0.45042092044335313,148,180,104.76562499999999,-38.3009224658677,-3.5291038322183725,-121.32937282727346,lock_in,True
39,0.7237934939064,0.45042092044335313,148,180,192.65625,54.340912303861245,-3.372437363335033,-115.94322914266947,lock_in,True
39,0.7237934939064,0.45042092044335313,148,360,188.5,56.63719837020753,-3.3359430968554142,-101.93635136937664,lock_in,True
39,0.7237934939064,0.45042092044335313,148,180,212.34375,-23.64331425576559,-2.9535333451161585,-101.5414413940419,lock_in,True
40,0.766,0.3992325058022131,125,180,206.71875,-6.880079227870652,-3.3975315797255687,-119.55285482120856,lock_in,True
40,0.766,0.3992325058022131,125,180,218.671875,2.686724185691588,-3.3655254818281874,-118.42661949359847,lock_in,True
40,0.766,0.3992325058022131,125,180,208.125,-2.0893716714986112,-3.261174601153059,-114.75470520212933,lock_in,True
40,0.766,0.3992325058022131,125,180,209.8828125,-1.7907846593289491,-3.259086286904127,-114.68122129009983,lock_in,True
40,0.766,0.3992325058022131,125,360,207.7734375,-2.9855060057465295,-3.228546432676702,-101.63615793877915,lock_in,True
41,0.766,0.34268615069491665,135,180,173.01724137931035,68.67919198537575,-4.176532175837001,-126.83404271967883,lock_in,True
41,0.766,0.34268615069491665,135,360,171.46551724137933,68.67919198537575,-3.949188493109751,-104.23385214466937,lock_in,True
41,0.766,0.34268615069491665,135,180,159.48529411764707,64.94808409550687,-3.4146301150753358,-103.69640297402039,lock_in,True
41,0.766,0.34268615069491665,135,180,206.6860465116279,58.160368554338,-3.3215216373528906,-100.86886053023836,lock_in,True
41,0.766,0.34268615069491665,135,180,213.2608695652174,64.57355318327413,-3.2961419474491223,-100.09812351285468,lock_in,True
42,0.7629709206681479,0.4035525556633092,127,180,200.7421875,-34.953865257188454,-3.820978869943526,-128.9321131470891,lock_in,True
42,0.7629709206681479,0.4035525556633092,127,360,197.57812499999997,-34.590574976176626,-3.579388447500817,-106.73377849870067,lock_in,True
42,0.7629709206681479,0.4035525556633092,127,180,13.7109375,-10.806922874860348,-3.500092449884891,-118.1043793451001,lock_in,True
42,0.7629709206681479,0.4035525556633092,127,180,191.95312499999997,-36.79533013738012,-3.418966658781184,-115.36693576495045,lock_in,True
42,0.7629709206681479,0.4035525556633092,127,180,191.25,-58.91977535280316,-3.1927648943070395,-107.73416498325548,lock_in,True
43,0.766,0.3859670376867446,178,180,195.82031249999997,12.635625093021119,-3.569724989589542,-118.49103514692108,lock_in,True
43,0.766,0.3859670376867446,178,360,196.171875,13.55478403717899,-3.2041134416368338,-94.39165052438295,lock_in,True
43,0.766,0.3859670376867446,178,180,291.3636363636364,-53.18725897079298,-3.0480714627236414,-101.17562300591203,lock_in,True
43,0.766,0.3859670376867446,178,180,200.7421875,-15.094787099543197,-2.99285475403181,-99.34279715728151,lock_in,True
43,0.766,0.3859670376867446,178,180,187.3828125,31.38816646434855,-2.9451619657850823,-97.75971520323532,lock_in,True
44,0.7429791291193308,0.3430946235809888,263,180,160.6640625,33.51005606625301,-3.931840970405319,-119.37057855442818,lock_in,True
44,0.7429791291193308,0.3430946235809888,263,180,308.32031249999994,31.38816646434855,-3.0842141097829034,-93.63665733750773,lock_in,True
44,0.7429791291193308,0.3430946235809888,263,180,281.24999999999994,6.880079227870652,-2.9864942155947882,-90.66988483985918,lock_in,True
44,0.7429791291193308,0.3430946235809888,263,180,39.375,-57.39952353962295,-2.936849860767852,-89.16268400027852,lock_in,True
44,0.7429791291193308,0.3430946235809888,263,180,212.08333333333331,49.702390326630685,-2.8757806518569087,-87.30862499872697,lock_in,True
45,0.72,0.4697693218670046,226,180,123.08823529411764,-77.54909782319496,-3.0729107357837147,-107.03028672774273,lock_in,True
45,0.72,0.4697693218670046,226,180,206.25000000000003,-58.91977535280316,-3.0629625476106206,-106.68378858344892,lock_in,True
45,0.72,0.4697693218670046,226,180,97.734375,36.05358859962301,-2.8914847421153542,-100.71116921217637,lock_in,True
45,0.72,0.4697693218670046,226,180,356.83593749999994,15.713861048008212,-2.862230098503931,-99.69222188760216,lock_in,True
45,0.72,0.4697693218670046,226,180,234.84374999999997,-13.55478403717899,-2.8572496641957126,-99.51875198378164,lock_in,True
46,0.72,0.563925282865585,154,180,167.5,-70.16502666715499,-3.7331230093234473,-124.13836200888574,lock_in,True
46,0.72,0.563925282865585,154,360,168.1578947368421,-69.0509806793522,-3.37063562317912,-99.55487921284536,lock_in,True
46,0.72,0.563925282865585,154,180,134.02173913043478,73.12688191450309,-3.1554830541286596,-104.92995582757806,lock_in,True
46,0.72,0.563925282865585,154,180,175.2906976744186,-58.16036855433802,-2.972883166720078,-98.85791601374224,lock_in,True
46,0.72,0.563925282865585,154,180,144.8181818181818,69.79389373110558,-2.90000679965857,-96.43453991770421,lock_in,True
47,0.7569565951660961,0.3034554296046208,156,180,192.3046875,-13.248014905676953,-3.072473695298736,-114.38481840608901,lock_in,True
47,0.7569565951660961,0.3034554296046208,156,180,192.3046875,-16.95776330000413,-2.995798386491999,-111.53028302638283,lock_in,True
47,0.7569565951660961,0.3034554296046208,156,180,208.828125,-36.05358859962301,-2.989992813988879,-111.31414810149617,lock_in,True
47,0.7569565951660961,0.3034554296046208,156,360,192.3046875,-15.094787099543197,-2.916664948882153,-98.37982529190667,lock_in,True
47,0.7569565951660961,0.3034554296046208,156,180,123.37500000000001,-44.99388015045713,-2.7301046216118703,-101.6388034377017,lock_in,True
48,0.766,0.39269960662439596,139,180,296.015625,-39.065494664452615,-3.2042966974304443,-115.04422184789028,lock_in,True
48,0.766,0.39269960662439596,139,180,162.421875,20.423615363810953,-2.747610513161328,-98.6477995679244,lock_in,True
48,0.766,0.39269960662439596,139,180,311.484375,-36.79533013738012,-2.6418728480792195,-94.85149596316676,lock_in,True
48,0.766,0.39269960662439596,139,180,129.375,18.524391073865786,-2.6318762101027176,-94.49258627137262,lock_in,True
48,0.766,0.39269960662439596,139,180,150.46875,8.084013907099305,-2.5954548022940434,-93.18494701484988,lock_in,True
49,0.7423540256495457,0.4247268129699433,141,180,15.468749999999998,-30.34518296958825,-3.241993592394515,-105.66566210965857,lock_in,True
49,0.7423540256495457,0.4247268129699433,141,180,11.6015625,-27.27961273597809,-3.1693424937047157,-103.29775707342522,lock_in,True
49,0.7423540256495457,0.4247268129699433,141,180,56.05932203389831,-45.783967161775024,-3.074024061501578,-100.19105944971307,lock_in,True
49,0.7423540256495457,0.4247268129699433,141,180,201.44531249999997,-24.62431835216408,-3.026976563865566,-98.6576482748848,lock_in,True
49,0.7423540256495457,0.4247268129699433,141,180,218.671875,-28.291548862929403,-3.0187231090459927,-98.38864481057331,lock_in,True
50,0.72,0.4581809951681489,171,180,288.28125,-78.28414760510762,-3.9745131921048857,-120.33862674209232,lock_in,True
50,0.72,0.4581809951681489,171,180,295.3125,30.345182969588258,-3.2405526155495066,-98.11607514268786,lock_in,True
50,0.72,0.4581809951681489,171,180,20.0390625,-10.199918091116302,-3.2263412023092424,-97.6857879118472,lock_in,True
50,0.72,0.4581809951681489,171,180,22.5,-62.696660020273754,-3.1969363335724097,-96.79547958514557,lock_in,True
50,0.72,0.4581809951681489,171,180,296.4473684210526,47.35757623319898,-3.132457722439398,-94.843223144226,lock_in,True
51,0.766,0.36165557242525326,158,180,202.49999999999997,-34.590574976176626,-3.4285228671506687,-108.86201999967318,lock_in,True
51,0.766,0.36165557242525326,158,180,206.015625,-31.03924001039789,-3.393090654295945,-107.73698010358851,lock_in,True
51,0.766,0.36165557242525326,158,360,203.90625,-34.590574976176626,-3.3762270778943972,-93.8497135281635,lock_in,True
51,0.766,0.36165557242525326,158,180,55.5,79.01871394891049,-3.16451812895543,-100.4793693184179,lock_in,True
51,0.766,0.36165557242525326,158,180,207.42187499999997,-40.620185190672686,-3.081277876829858,-97.83633358747483,lock_in,True
52,0.7456163064465571,0.4315489792102653,148,180,147.03488372093022,-58.16036855433802,-3.758274945468339,-123.13101981543105,lock_in,True
52,0.7456163064465571,0.4315489792102653,148,180,269.64843749999994,25.282603043311994,-3.445491108127971,-112.88338987340865,lock_in,True
52,0.7456163064465571,0.4315489792102653,148,180,158.9240506329114,-60.8122696032311,-3.342309810598192,-109.50289629351732,lock_in,True
52,0.7456163064465571,0.4315489792102653,148,180,175.42968749999997,-26.61009781073392,-3.308076320746746,-108.3813161677519,lock_in,True
52,0.7456163064465571,0.4315489792102653,148,360,148.0120481927711,-59.29895234914483,-3.2955321072181727,-95.10210763407925,lock_in,True
53,0.7548919921453093,0.3709329055688796,126,180,138.78151260504202,-45.38920300540005,-3.5062632861900696,-111.26027599409532,lock_in,True
53,0.7548919921453093,0.3709329055688796,126,360,62.67857142857143,-79.75282793472047,-3.0139696574314074,-83.48288084170522,lock_in,True
53,0.7548919921453093,0.3709329055688796,126,180,350.625,44.993880150457116,-3.013517124166639,-95.62451482051594,lock_in,True
53,0.7548919921453093,0.3709329055688796,126,180,344.1796875,41.81031489577859,-3.0104448332570146,-95.52702525972184,lock_in,True
53,0.7548919921453093,0.3709329055688796,126,180,46.87500000000001,-81.21982231598935,-2.9853402772787723,-94.73041054834052,lock_in,True
54,0.766,0.46851011081017024,150,180,221.34146341463415,43.80448796297494,-3.624927265242827,-124.15847368318283,lock_in,True
54,0.766,0.46851011081017024,150,360,220.28225806451613,43.406858485936986,-3.2896917093067453,-101.25894974145278,lock_in,True
54,0.766,0.46851011081017024,150,180,321.8478260869565,73.12688191450309,-3.0139877850984615,-103.23298142137979,lock_in,True
54,0.766,0.46851011081017024,150,180,237.98969072164948,53.95678248481786,-2.9827364509857217,-102.16258153497431,lock_in,True
54,0.766,0.46851011081017024,150,180,242.63513513513516,62.696660020273754,-2.98043334493636,-102.08369708016278,lock_in,True
55,0.766,0.32980866062226405,136,180,142.03125,39.065494664452594,-3.1668998863589453,-100.10659140369779,lock_in,True
55,0.766,0.32980866062226405,136,180,74.53125,-8.687297481032445,-2.997473676250134,-94.75098178699031,lock_in,True
55,0.766,0.32980866062226405,136,180,136.75781249999997,34.228866327812575,-2.876317943792312,-90.92121539220625,lock_in,True
55,0.766,0.32980866062226405,136,360,138.51562499999997,38.3009224658677,-2.874994127596114,-79.89259320085596,lock_in,True
55,0.766,0.32980866062226405,136,180,214.10156249999997,7.782714385390946,-2.840526708964523,-89.78984450623508,lock_in,True
56,0.766,0.36003195397770926,191,180,204.9609375,-25.944479772370016,-3.5546253434575803,-132.70564146048133,lock_in,True
56,0.766,0.36003195397770926,191,180,182.46093749999997,-16.334822780685997,-3.3590894958642,-125.40565378029132,lock_in,True
56,0.766,0.36003195397770926,191,180,210.5859375,-31.388166464348544,-3.279130655661735,-122.42053081903214,lock_in,True
56,0.766,0.36003195397770926,191,360,205.66406249999997,-26.61009781073392,-3.247355990470469,-109.78088894066516,lock_in,True
56,0.766,0.36003195397770926,191,180,187.1341463414634,-59.677785226578806,-3.23881321062272,-120.91534977062622,lock_in,True
57,0.766,0.3586336840453669,322,180,44.296875,36.05358859962301,-4.377032596758614,-139.25264827933321,lock_in,True
57,0.766,0.3586336840453669,322,360,43.59374999999999,36.05358859962301,-4.204272442947345,-117.34865244982548,lock_in,True
57,0.766,0.3586336840453669,322,180,247.49999999999997,-32.44286613851179,-3.6040898357398703,-114.66194830892387,lock_in,True
57,0.766,0.3586336840453669,322,180,110.7421875,-29.313198964168336,-3.379662014943286,-107.52191481026256,lock_in,True
57,0.766,0.3586336840453669,322,180,261.91406249999994,-18.83940454727545,-3.373700108906701,-107.33224042557177,lock_in,True
59,0.766,0.38040343767798707,148,180,320.625,-35.318772903011535,-2.96596597006268,-117.69457398199938,lock_in,True
59,0.766,0.38040343767798707,148,180,324.4921875,-33.510056066253014,-2.9293391974555067,-116.24116100396992,lock_in,True
59,0.766,0.38040343767798707,148,360,323.0859375,-34.22886632781257,-2.8708349445512047,-105.04483191818811,lock_in,True
59,0.766,0.38040343767798707,148,180,244.44915254237287,-45.783967161775024,-2.802773970013819,-111.21883632076887,lock_in,True
59,0.766,0.38040343767798707,148,180,337.8515625,-27.95318688338115,-2.798175935399688,-111.03637844348658,lock_in,True
60,0.766,0.35810251044732244,126,180,90.81818181818183,69.79389373110558,-3.617490837547418,-134.32939047361495,lock_in,True
60,0.766,0.35810251044732244,126,180,64.39655172413794,68.67919198537575,-3.3185575545655808,-123.22899998629333,lock_in,True
60,0.766,0.35810251044732244,126,180,19.500000000000004,-79.01871394891049,-3.300349350423778,-122.55286859660409,lock_in,True
60,0.766,0.35810251044732244,126,180,111.0,-84.51566339961471,-3.281703878552652,-121.86049999674348,lock_in,True
60,0.766,0.35810251044732244,126,180,64.7560975609756,74.97216337375242,-3.2527431677602427,-120.78509214861282,lock_in,True
61,0.72,0.546081864762227,153,180,197.45689655172413,46.57184741344958,-3.7208415468356693,-132.69536469113189,lock_in,True
61,0.72,0.546081864762227,153,360,196.82608695652175,46.96497733995481,-3.197954301365859,-102.77630104175462,lock_in,True
61,0.72,0.546081864762227,153,180,191.95312499999997,-38.3009224658677,-3.197852725492493,-114.04413996775655,lock_in,True
61,0.72,0.546081864762227,153,360,194.76562499999997,-37.54432510382695,-3.0733845112412883,-98.77285674078821,lock_in,True
61,0.72,0.546081864762227,153,180,197.2265625,-37.168899655999454,-3.009087124355341,-107.31223767238832,lock_in,True
62,0.766,0.27780506101294855,131,180,285.11718749999994,-27.95318688338115,-4.034269284972532,-139.57399011169127,lock_in,True
62,0.766,0.27780506101294855,131,360,284.4140625,-27.95318688338115,-3.582342014231571,-110.88503503867724,lock_in,True
62,0.766,0.27780506101294855,131,180,229.921875,-8.687297481032445,-3.463471142720019,-119.82604474929144,lock_in,True
62,0.766,0.27780506101294855,131,180,222.1875,9.896853442815882,-3.340752311868582,-115.58033232102696,lock_in,True
62,0.766,0.27780506101294855,131,360,228.86718749999997,-7.782714385390946,-3.2441483180645903,-100.41685499907477,lock_in,True
63,0.7526902508152713,0.3537043644319503,183,180,19.6875,11.11088180000327,-4.016617209480837,-142.98276621261974,lock_in,True
63,0.7526902508152713,0.3537043644319503,183,360,19.3359375,12.024699180565818,-3.6356591046293585,-116.70179805395007,lock_in,True
63,0.7526902508152713,0.3537043644319503,183,180,348.3984375,38.68218745348943,-3.5726062052662537,-127.17694982295254,lock_in,True
63,0.7526902508152713,0.3537043644319503,183,180,354.72656249999994,37.16889965599944,-3.412205383243059,-121.46703291191795,lock_in,True
63,0.7526902508152713,0.3537043644319503,183,360,350.85937499999994,37.54432510382694,-3.3013253629554007,-105.96995045977022,lock_in,True
64,0.7621364525619441,0.404155983522398,192,180,197.2265625,-5.379378991112077,-3.2216154989400647,-105.9223036495403,lock_in,True
64,0.7621364525619441,0.404155983522398,192,180,3.7850467289719627,-50.09145680183258,-3.0735996827379344,-101.05574864107923,lock_in,True
64,0.7621364525619441,0.404155983522398,192,180,349.3298969072165,53.95678248481786,-2.97981563745506,-97.97225913978268,lock_in,True
64,0.7621364525619441,0.404155983522398,192,180,252.42187499999997,21.702769403954846,-2.887635134971503,-94.94149190453531,lock_in,True
64,0.7621364525619441,0.404155983522398,192,180,131.83593749999997,12.635625093021119,-2.8064224232750274,-92.27133043802375,lock_in,True
65,0.72,0.5182642428550074,137,180,4.21875,20.423615363810953,-3.719109163897302,-117.17715154713409,lock_in,True
65,0.72,0.5182642428550074,137,180,263.67187499999994,-23.64331425576559,-3.455345196191044,-108.86680798787812,lock_in,True
65,0.72,0.5182642428550074,137,180,259.80468749999994,-29.313198964168336,-3.4367483522794418,-108.28088200501081,lock_in,True
65,0.72,0.5182642428550074,137,360,261.2109375,-26.61009781073392,-3.3803714602089934,-92.78978471801426,lock_in,True
65,0.72,0.5182642428550074,137,180,121.875,-63.448283680301046,-3.151206812160892,-99.28439806726968,lock_in,True
66,0.766,0.35485387882514335,266,180,157.05,-52.801853781730614,-3.441134838453589,-116.90673759271637,lock_in,True
66,0.766,0.35485387882514335,266,180,147.58064516129033,-55.49084192446861,-3.1425518514110697,-106.76287493044265,lock_in,True
66,0.766,0.35485387882514335,266,180,129.02343749999997,-16.334822780685997,-3.083921403080393,-104.7710025147205,lock_in,True
66,0.766,0.35485387882514335,266,180,159.1875,-60.4344388449523,-3.0568020422677806,-103.84966712888146,lock_in,True
66,0.766,0.35485387882514335,266,180,122.6953125,-18.83940454727545,-3.0316612725186176,-102.99555109874396,lock_in,True
67,0.763976095315809,0.3868571139427227,153,180,97.03124999999999,-12.32998415024295,-3.65120379594201,-120.14718050675454,lock_in,True
67,0.763976095315809,0.3868571139427227,153,180,100.1953125,-31.388166464348544,-3.5779515063516647,-117.73672671571387,lock_in,True
67,0.763976095315809,0.3868571139427227,153,180,300.4054054054054,76.44554826498828,-3.515906337241649,-115.695056565424,lock_in,True
67,0.763976095315809,0.3868571139427227,153,360,302.14285714285717,77.18138188096611,-3.375553984477752,-97.64123613271491,lock_in,True
67,0.763976095315809,0.3868571139427227,153,180,103.71093749999999,-27.27961273597809,-3.3278943449767007,-109.50829814393862,lock_in,True
68,0.7270035932051246,0.43126611984667973,152,180,333.98437499999994,-6.880079227870652,-3.7972900030406027,-138.21980489141316,lock_in,True
68,0.7270035932051246,0.43126611984667973,152,180,183.515625,-34.590574976176626,-3.2981551689606783,-120.05150148158987,lock_in,True
68,0.7270035932051246,0.43126611984667973,152,180,187.3828125,-32.089951256280315,-3.208096609272582,-116.77340681588475,lock_in,True
68,0.7270035932051246,0.43126611984667973,152,180,150.1171875,-41.01449966573051,-3.12837065338895,-113.87141469425279,lock_in,True
68,0.7270035932051246,0.43126611984667973,152,180,189.4921875,-13.248014905676953,-3.1084233795980722,-113.14534210286669,lock_in,True
69,0.72,0.5183063042031772,122,180,195.77922077922076,-61.56696379051533,-3.4448833266881027,-132.88036474114307,lock_in,True
69,0.72,0.5183063042031772,122,360,197.17105263157893,-61.94383702315673,-3.1954959942701313,-112.88210674440272,lock_in,True
69,0.72,0.5183063042031772,122,180,33.046875,1.492246289620354,-3.189479796905276,-123.0286117007596,lock_in,True
69,0.72,0.5183063042031772,122,180,147.1153846153846,-80.48652047286615,-3.0359410237140643,-117.10611690638665,lock_in,True
69,0.72,0.5183063042031772,122,180,149.4230769230769,-61.18977627871706,-2.992588898757528,-115.43388305272454,lock_in,True
70,0.766,0.35033932879520485,178,180,148.7109375,-1.7907846593289491,-3.4068396640156227,-123.26968529901113,lock_in,True
70,0.766,0.35033932879520485,178,180,127.265625,-16.646039912392965,-3.3051730639680685,-119.59108525404123,lock_in,True
70,0.766,0.35033932879520485,178,180,132.89062499999997,-14.169522214770055,-3.1637136325406865,-114.47266218720529,lock_in,True
70,0.766,0.35033932879520485,178,360,147.65625,-2.0893716714986112,-3.0483314992754877,-99.08585277936649,lock_in,True
70,0.766,0.35033932879520485,178,180,3.8671874999999996,35.68533471265204,-3.020924999275558,-109.30614464354194,lock_in,True
71,0.766,0.3814610369276726,150,180,336.4453125,23.31795706533424,-3.8962314926632757,-114.67320604705974,lock_in,True
71,0.766,0.3814610369276726,150,180,346.2890625,11.4151577427305,-3.523519461196019,-103.70360536191475,lock_in,True
71,0.766,0.3814610369276726,150,360,345.5859375,10.199918091116317,-3.4969631503987157,-87.85834415989056,lock_in,True
71,0.766,0.3814610369276726,150,180,344.1796875,7.782714385390946,-3.451875141008449,-101.59498122997455,lock_in,True
71,0.766,0.3814610369276726,150,180,277.65,-52.801853781730614,-3.421731426930913,-100.70779627569222,lock_in,True
72,0.7217440255324046,0.5039597378999711,122,180,0.3515625,35.68533471265204,-3.3714757316425352,-107.65839089427796,lock_in,True
72,0.7217440255324046,0.5039597378999711,122,180,215.15624999999997,-19.15501007356373,-3.242285215403696,-103.5330665047784,lock_in,True
72,0.7217440255324046,0.5039597378999711,122,360,216.5625,-21.702769403954832,-3.207164836451955,-89.3772361611454,lock_in,True
72,0.7217440255324046,0.5039597378999711,122,180,215.859375,-22.346587898361136,-3.1506032317938835,-100.60546830272436,lock_in,True
72,0.7217440255324046,0.5039597378999711,122,180,218.3203125,-23.969482317759685,-3.141833010545943,-100.32541672720043,lock_in,True
73,0.766,0.41486032194706857,205,180,68.5546875,4.780191847199163,-3.136203650301647,-101.29020096031431,lock_in,True
73,0.766,0.41486032194706857,205,360,69.25781249999999,4.181528273111482,-3.1009278301057157,-87.9367113852246,lock_in,True
73,0.766,0.41486032194706857,205,180,305.15625,-6.880079227870652,-2.927292939861357,-94.54300775423636,lock_in,True
73,0.766,0.41486032194706857,205,180,272.109375,-15.40409369872549,-2.8400239897588895,-91.72448080560861,lock_in,True
73,0.766,0.41486032194706857,205,180,274.5703125,-16.95776330000413,-2.834223409923386,-91.53713936784825,lock_in,True
74,0.72,0.4120004075945091,144,180,54.140625,24.953020787727496,-3.521142169918816,-148.8391585565507,lock_in,True
74,0.72,0.4120004075945091,144,180,51.32812499999999,24.296477994805656,-3.511205963088933,-148.41915378779646,lock_in,True
74,0.72,0.4120004075945091,144,360,52.734375,24.953020787727496,-3.4561790488312694,-135.0026105387848,lock_in,True
74,0.72,0.4120004075945091,144,180,52.734375,38.3009224658677,-3.2691798520471695,-138.18867826117335,lock_in,True
74,0.72,0.4120004075945091,144,180,63.6328125,29.313198964168343,-3.14889136401842,-133.10406806099428,lock_in,True
75,0.766,0.45486909762503547,129,180,118.47656249999999,-40.22818472806108,-4.375623089519778,-137.6370096466278,lock_in,True
75,0.766,0.45486909762503547,129,360,117.7734375,-40.22818472806108,-4.307780703178213,-117.73330323381055,lock_in,True
75,0.766,0.45486909762503547,129,180,223.9453125,40.228184728061095,-3.7549451245266345,-118.11332155381413,lock_in,True
75,0.766,0.45486909762503547,129,180,109.3359375,-35.68533471265205,-3.6804326342671883,-115.76949963505098,lock_in,True
75,0.766,0.45486909762503547,129,180,110.04545454545455,-48.92279516024732,-3.195776699150494,-100.52444206376472,lock_in,True
76,0.7252729238371083,0.39884677428952264,128,180,69.93975903614458,59.298952349144834,-3.5371759997648566,-124.72379743941583,lock_in,True
76,0.7252729238371083,0.39884677428952264,128,360,68.85542168674698,59.298952349144834,-3.146218381017162,-99.40138553039084,lock_in,True
76,0.7252729238371083,0.39884677428952264,128,180,65.52631578947368,69.0509806793522,-3.1376072754987794,-110.63467289853763,lock_in,True
76,0.7252729238371083,0.39884677428952264,128,180,41.8359375,2.9855060057465295,-2.8753104395210913,-101.38586896485674,lock_in,True
76,0.7252729238371083,0.39884677428952264,128,180,58.43283582089552,65.32234324182821,-2.8674258207943115,-101.10785077060747,lock_in,True
77,0.733229842791036,0.5116671171496772,195,180,353.671875,-37.54432510382695,-3.175984248105228,-109.94434030474653,lock_in,True
77,0.733229842791036,0.5116671171496772,195,180,133.94117647058823,58.54024913501048,-3.064955636091243,-106.10082226726908,lock_in,True
77,0.733229842791036,0.5116671171496772,195,180,32.69531249999999,-18.83940454727545,-2.974567296935923,-102.97181609832461,lock_in,True
77,0.733229842791036,0.5116671171496772,195,180,110.13157894736841,47.35757623319898,-2.796314165711072,-96.80116231213432,lock_in,True
77,0.733229842791036,0.5116671171496772,195,180,144.1216216216216,62.696660020273754,-2.7449018869888877,-95.02140467099905,lock_in,True
78,0.72,0.3314113631210525,188,180,171.56249999999997,-4.480798785982216,-2.993923655680205,-111.98917572557656,lock_in,True
78,0.72,0.3314113631210525,188,180,159.96093749999997,-29.313198964168336,-2.9050427759134108,-108.66454433590934,lock_in,True
78,0.72,0.3314113631210525,188,180,0.703125,34.59057497617661,-2.8186573201509,-105.43325546261839,lock_in,True
78,0.72,0.3314113631210525,188,360,171.9140625,-3.583321698471977,-2.6737436290101697,-90.37362630386875,lock_in,True
78,0.72,0.3314113631210525,188,180,77.19827586206897,-46.5718474134496,-2.640363165981201,-98.76407820984997,lock_in,True
79,0.766,0.4500324585103636,123,180,63.605769230769226,-51.25580694880492,-3.431444698747469,-110.86688452427657,lock_in,True
79,0.766,0.4500324585103636,123,360,65.4950495049505,-52.4160118893943,-3.2842568781198946,-93.22499600670241,lock_in,True
79,0.766,0.4500324585103636,123,180,73.28571428571429,-50.86815892553736,-3.1476773105268707,-101.69859941642186,lock_in,True
79,0.766,0.4500324585103636,123,180,72.2596153846154,-51.25580694880492,-3.141920124030751,-101.51258957383034,lock_in,True
79,0.766,0.4500324585103636,123,180,97.04819277108435,-59.29895234914483,-3.0637596290985436,-98.98728986901567,lock_in,True
80,0.7407120094235098,0.3481177104063852,126,180,346.99218749999994,-34.953865257188454,-3.7732321828573987,-132.95946835033638,lock_in,True
80,0.7407120094235098,0.3481177104063852,126,180,10.546874999999998,0.2984168674869352,-3.6256144545442255,-127.75778759976538,lock_in,True
80,0.7407120094235098,0.3481177104063852,126,360,346.99218749999994,-34.22886632781257,-3.2605451022379337,-103.1826509477911,lock_in,True
80,0.7407120094235098,0.3481177104063852,126,360,11.6015625,-0.5968418305070173,-3.242036738013842,-102.59693916055951,lock_in,True
80,0.7407120094235098,0.3481177104063852,126,180,350.15625,-24.296477994805656,-3.161484043041615,-111.40298892581583,lock_in,True
81,0.753132226484935,0.3407252656638876,188,180,358.59374999999994,32.44286613851178,-3.4478328566850336,-122.36660634062268,lock_in,True
81,0.753132226484935,0.3407252656638876,188,180,270.41284403669727,-49.31283855921748,-3.4096816343845506,-121.01258659427906,lock_in,True
81,0.753132226484935,0.3407252656638876,188,180,255.37499999999997,-44.99388015045713,-3.1466701114999522,-111.6780810652872,lock_in,True
81,0.753132226484935,0.3407252656638876,188,360,252.07031249999994,-36.423573642331164,-3.1428079875891335,-100.10921751712002,lock_in,True
81,0.753132226484935,0.3407252656638876,188,180,265.86734693877554,-53.57223328098857,-3.0926547909687763,-109.76103080597306,lock_in,True
82,0.766,0.3778711562446837,141,180,26.3671875,40.228184728061095,-3.8426738153839426,-127.74675344314474,lock_in,True
82,0.766,0.3778711562446837,141,180,0.703125,-13.55478403717899,-3.0081005436190864,-100.00198083604066,lock_in,True
82,0.766,0.3778711562446837,141,180,151.55999999999997,-43.00863399423693,-2.9878367342159393,-99.32832544463912,lock_in,True
82,0.766,0.3778711562446837,141,180,118.47656249999999,40.228184728061095,-2.9773070449164827,-98.97827369349798,lock_in,True
82,0.766,0.3778711562446837,141,180,219.7265625,-2.9855060057465295,-2.9010365988031093,-96.44271899069395,lock_in,True
83,0.7325754739945727,0.42554209112254965,133,180,346.69014084507046,63.823657621837775,-3.617300593583984,-118.0575056680533,lock_in,True
83,0.7325754739945727,0.42554209112254965,133,180,180.80357142857142,-69.4225464945822,-3.446603367478579,-112.48647273470174,lock_in,True
83,0.7325754739945727,0.42554209112254965,133,180,144.64285714285714,-74.60343607627445,-3.2650679129696414,-106.56171333049362,lock_in,True
83,0.7325754739945727,0.42554209112254965,133,180,296.3793103448276,-79.38582555083227,-3.246780050580326,-105.96485369793834,lock_in,True
83,0.7325754739945727,0.42554209112254965,133,360,346.30434782608694,64.57355318327413,-3.2443983745075893,-93.59356396801249,lock_in,True
84,0.7272595417681105,0.4281552029746835,154,180,258.3984375,-22.669609871750396,-4.252117590971844,-165.3278871203685,lock_in,True
84,0.7272595417681105,0.4281552029746835,154,180,268.2421875,-22.02431283704216,-4.084568899470675,-158.81337203363327,lock_in,True
84,0.7272595417681105,0.4281552029746835,154,360,267.53906249999994,-22.02431283704216,-3.873185868846606,-138.4190287747147,lock_in,True
84,0.7272595417681105,0.4281552029746835,154,360,260.15625,-22.993394314297802,-3.8547461919325174,-137.7600355019569,lock_in,True
84,0.7272595417681105,0.4281552029746835,154,180,261.2109375,-27.27961273597809,-3.759112608912905,-146.1592003065047,lock_in,True
85,0.766,0.46789204313433624,135,180,67.1484375,16.334822780685997,-3.719131648504353,-117.66497159774516,lock_in,True
85,0.766,0.46789204313433624,135,180,64.3359375,5.979156796301311,-3.449403307124057,-109.13136723051508,lock_in,True
85,0.766,0.46789204313433624,135,180,73.125,4.480798785982216,-3.4073483792018973,-107.80084291577836,lock_in,True
85,0.766,0.46789204313433624,135,360,67.1484375,15.713861048008212,-3.2602851142858382,-90.37932284732595,lock_in,True
85,0.766,0.46789204313433624,135,180,230.62499999999994,-32.44286613851179,-3.1092869021981926,-98.37084120055009,lock_in,True
86,0.766,0.3233881554090671,148,180,249.2578125,-4.181528273111482,-3.3557805953633144,-116.60386373918706,lock_in,True
86,0.766,0.3233881554090671,148,180,107.57812499999999,-22.346587898361136,-3.3513833867924427,-116.45107311088802,lock_in,True
86,0.766,0.3233881554090671,148,180,112.85156249999999,-22.02431283704216,-3.1916015870068333,-110.89910504148253,lock_in,True
86,0.766,0.3233881554090671,148,360,110.39062499999999,-23.64331425576559,-3.1393134418148563,-97.16697748729618,lock_in,True
86,0.766,0.3233881554090671,148,180,336.09375,16.646039912392965,-3.098026403248236,-107.64763063692853,lock_in,True
87,0.766,0.33700662807174686,123,180,261.2109375,-14.477512185929925,-3.4479577243629147,-111.94556622815396,lock_in,True
87,0.766,0.33700662807174686,123,180,42.89062499999999,30.345182969588258,-3.3690839616985038,-109.38475502577337,lock_in,True
87,0.766,0.33700662807174686,123,180,113.5546875,19.47122063449069,-3.3261659878858025,-107.99132805575978,lock_in,True
87,0.766,0.33700662807174686,123,180,255.23437500000003,-27.6158819838447,-3.2632285769607208,-105.9479257696089,lock_in,True
87,0.766,0.33700662807174686,123,180,256.9921875,-22.669609871750396,-3.1459024713824735,-102.13867418394781,lock_in,True
88,0.766,0.3707264409248985,292,180,340.3125,30.345182969588258,-3.4256460767908243,-110.1502842574279,lock_in,True
88,0.766,0.3707264409248985,292,180,204.9609375,-14.477512185929925,-3.294848580694398,-105.94454478495281,lock_in,True
88,0.766,0.3707264409248985,292,360,206.36718749999997,-15.094787099543197,-3.111237770804669,-87.53442837627897,lock_in,True
88,0.766,0.3707264409248985,292,180,6.290322580645161,55.49084192446861,-3.106252576294824,-99.88031814662615,lock_in,True
88,0.766,0.3707264409248985,292,360,342.0703125,28.630989836924343,-3.069422505142604,-86.35795973256698,lock_in,True
89,0.766,0.41383881517122134,172,180,229.58333333333331,49.702390326630685,-3.0535131441971335,-108.77774887852631,lock_in,True
89,0.766,0.41383881517122134,172,180,280.2755905511811,42.2103698396502,-3.0426811586001064,-108.39187207058136,lock_in,True
89,0.766,0.41383881517122134,172,180,161.01562499999997,28.291548862929403,-3.0354849375893957,-108.13551512032457,lock_in,True
89,0.766,0.41383881517122134,172,180,156.796875,28.971532223711293,-2.959873504919521,-105.4419463354101,lock_in,True
89,0.766,0.41383881517122134,172,180,0.0,-17.27000469497446,-2.9547902387981195,-105.2608609298498,lock_in,True
90,0.766,0.36416454506055523,213,180,48.51562499999999,-17.896089316234637,-3.4566987180585764,-122.35845446603442,lock_in,True
90,0.766,0.36416454506055523,213,180,307.96875,24.953020787727496,-3.397866311798783,-120.27593591706353,lock_in,True
90,0.766,0.36416454506055523,213,180,313.2421875,22.02431283704216,-3.335812056631782,-118.07937205637089,lock_in,True
90,0.766,0.36416454506055523,213,360,310.07812499999994,24.953020787727496,-3.099617642292182,-99.05299380657351,lock_in,True
90,0.766,0.36416454506055523,213,180,111.33620689655173,-46.5718474134496,-3.0962711830725236,-109.60023030206261,lock_in,True
91,0.72,0.45358692963761443,419,180,147.00000000000003,50.86815892553735,-3.3165113716638417,-104.2347284254653,lock_in,True
91,0.72,0.45358692963761443,419,180,153.28124999999997,-9.896853442815868,-3.010501063912484,-94.61713114118771,lock_in,True
91,0.72,0.45358692963761443,419,180,89.29687499999999,-9.896853442815868,-3.0052165235044015,-94.45104333241127,lock_in,True
91,0.72,0.45358692963761443,419,180,79.8046875,-6.579592944977634,-2.968415466594251,-93.2944229963238,lock_in,True
91,0.72,0.45358692963761443,419,360,148.41346153846155,51.25580694880489,-2.9408104918795424,-81.27226071578227,lock_in,True
92,0.766,0.4202404383815153,218,360,111.44531249999999,24.62431835216408,-4.286228750637124,-121.76200846398197,lock_in,True
92,0.766,0.4202404383815153,218,180,110.7421875,25.282603043311994,-4.22784416493747,-136.40045132185676,lock_in,True
92,0.766,0.4202404383815153,218,180,111.44531249999999,23.96948231775967,-4.218179314345474,-136.08863992838778,lock_in,True
92,0.766,0.4202404383815153,218,180,136.0546875,41.81031489577859,-4.152766474402584,-133.97826392420527,lock_in,True
92,0.766,0.4202404383815153,218,180,120.58593750000001,22.02431283704216,-4.0007740842464345,-129.0746227845769,lock_in,True
93,0.766,0.41414155386844936,128,180,227.5,-83.41768908593824,-3.213590572861897,-113.31283529403798,lock_in,True
93,0.766,0.41414155386844936,128,180,3.188976377952756,-42.21036983965021,-3.1262886198541047,-110.23452486538497,lock_in,True
93,0.766,0.41414155386844936,128,180,211.5,-79.01871394891049,-2.9395418551211208,-103.64974075014939,lock_in,True
93,0.766,0.41414155386844936,128,360,221.08695652173913,-81.58633629694106,-2.7652280509545575,-87.86072558272873,lock_in,True
93,0.766,0.41414155386844936,128,180,183.34710743801654,-44.597991493006276,-2.7518950210776136,-97.03321974187035,lock_in,True
94,0.72,0.47645521505766425,128,180,279.14062499999994,-9.896853442815868,-3.3112786671749794,-107.22530207215115,lock_in,True
94,0.72,0.47645521505766425,128,180,80.66037735849056,-70.53594955964849,-3.217112902839036,-104.17604029163732,lock_in,True
94,0.72,0.47645521505766425,128,180,163.4765625,-34.22886632781257,-3.129448708531806,-101.33731138516424,lock_in,True
94,0.72,0.47645521505766425,128,360,78.29999999999998,-71.6475002354226,-2.905530169123167,-82.52843133601401,lock_in,True
94,0.72,0.47645521505766425,128,180,307.265625,-17.27000469497446,-2.876059348363391,-93.1320947971704,lock_in,True
95,0.766,0.3546980117289864,156,180,244.3846153846154,-66.07006450641592,-3.879119746710633,-133.15826564589352,lock_in,True
95,0.766,0.3546980117289864,156,180,336.09375,17.896089316234637,-3.555537417373677,-122.05066197778221,lock_in,True
95,0.766,0.3546980117289864,156,360,248.203125,-66.44353569089876,-3.4868682727378175,-106.94813280658161,lock_in,True
95,0.766,0.3546980117289864,156,180,349.8046875,16.957763300004146,-3.3246851609542896,-114.12620153072987,lock_in,True
95,0.766,0.3546980117289864,156,180,281.51162790697674,-74.23454832704823,-3.322375824869087,-114.04692900054116,lock_in,True
96,0.72,0.4544566487315373,157,180,155.39062499999997,35.31877290301153,-3.990484168067246,-122.5671800985913,lock_in,True
96,0.72,0.4544566487315373,157,180,333.98437499999994,-27.6158819838447,-3.3635653665426433,-103.31147117172759,lock_in,True
96,0.72,0.4544566487315373,157,180,345.9375,-19.15501007356373,-3.2340064037040337,-99.33208872025278,lock_in,True
96,0.72,0.4544566487315373,157,180,229.53781512605042,45.38920300540005,-3.179904585140828,-97.67036017082404,lock_in,True
96,0.72,0.4544566487315373,157,180,338.203125,-36.05358859962301,-3.1223016444635605,-95.90109522564225,lock_in,True
97,0.7548591007624652,0.4438186437459617,152,180,145.1953125,-2.388015463268772,-3.7963816442343377,-122.2038246948811,lock_in,True
97,0.7548591007624652,0.4438186437459617,152,360,145.546875,-3.2843691083657944,-3.5399844200244734,-100.87994072159435,lock_in,True
97,0.7548591007624652,0.4438186437459617,152,180,244.45945945945945,76.44554826498828,-3.3193567674779416,-106.84859952092675,lock_in,True
97,0.7548591007624652,0.4438186437459617,152,360,243.28125,-33.152887928619876,-3.146296040598202,-89.66088578446045,lock_in,True
97,0.7548591007624652,0.4438186437459617,152,180,239.0625,-36.05358859962301,-3.1002761156211878,-99.79648776652222,lock_in,True
98,0.766,0.43974046031812,170,180,222.5390625,9.594068226860458,-3.0720853563120802,-99.45272545256701,lock_in,True
98,0.766,0.43974046031812,170,180,271.40624999999994,-36.05358859962301,-2.9744239844714806,-96.29112949024181,lock_in,True
98,0.766,0.43974046031812,170,180,331.171875,-1.492246289620354,-2.935962218551616,-95.04600502040932,lock_in,True
98,0.766,0.43974046031812,170,180,346.1811023622047,-42.21036983965021,-2.9222290303264797,-94.60141990324233,lock_in,True
98,0.766,0.43974046031812,170,180,354.68503937007875,-42.21036983965021,-2.8662464617407273,-92.789093704403,lock_in,True
99,0.72,0.4584814843385434,122,180,44.2741935483871,-67.18972162985978,-3.549473272019,-116.91677463690243,lock_in,True
99,0.72,0.4584814843385434,122,180,77.92682926829268,-74.97216337375241,-3.081006745810989,-101.4858623442072,lock_in,True
99,0.72,0.4584814843385434,122,180,153.984375,-27.6158819838447,-3.017523463705722,-99.3947738599388,lock_in,True
99,0.72,0.4584814843385434,122,180,90.3515625,38.68218745348943,-2.994770789942704,-98.64531900325274,lock_in,True
99,0.72,0.4584814843385434,122,180,194.76562499999997,3.882372003029573,-2.92271872730474,-96.27198174888396,lock_in,True
100,0.72,0.5525808354073182,155,180,249.96093749999991,-26.61009781073392,-3.857924630168299,-131.80417086862118,lock_in,True
100,0.72,0.5525808354073182,155,360,251.015625,-26.94435818047573,-3.832909557029877,-116.85209117634302,lock_in,True
100,0.72,0.5525808354073182,155,180,254.8828125,-29.313198964168336,-3.7328631347608443,-127.53150096604868,lock_in,True
100,0.72,0.5525808354073182,155,180,252.77343750000003,-21.381942579838892,-3.6774337284226415,-125.63778015768081,lock_in,True
100,0.72,0.5525808354073182,155,180,132.1875,20.423615363810953,-3.524265588753234,-120.40485935926624,lock_in,True
101,0.72,0.43962103071060643,165,180,269.64843749999994,15.094787099543197,-3.530868348290841,-127.59630998037052,lock_in,True
101,0.72,0.43962103071060643,165,180,135.70312499999997,-33.86870460165652,-3.4635843504154185,-125.16484484190248,lock_in,True
101,0.72,0.43962103071060643,165,180,274.921875,15.40409369872549,-3.3989390753909805,-122.8287361451567,lock_in,True
101,0.72,0.43962103071060643,165,360,270.3515625,15.094787099543197,-3.382923372756139,-110.82560095973425,lock_in,True
101,0.72,0.43962103071060643,165,180,266.1328125,20.105509787916006,-3.0775344774295927,-111.21402685375308,lock_in,True
102,0.7281429385298258,0.5146283588629346,236,180,49.92187499999999,11.11088180000327,-3.6500849555099544,-119.3722763817089,lock_in,True
102,0.7281429385298258,0.5146283588629346,236,180,36.5625,0.8952829865701233,-3.21885986503937,-105.26951746499414,lock_in,True
102,0.7281429385298258,0.5146283588629346,236,360,49.5703125,10.199918091116317,-3.2071553218679396,-92.48347698022577,lock_in,True
102,0.7281429385298258,0.5146283588629346,236,180,254.17968749999997,-33.510056066253014,-3.125969524833804,-102.23163747479892,lock_in,True
102,0.7281429385298258,0.5146283588629346,236,180,249.96093749999991,-30.69158768492234,-3.0752374181644244,-100.57249776909545,lock_in,True
103,0.766,0.2751474536598111,162,180,61.87499999999999,25.613083216401805,-3.3044924947213605,-117.53292071258898,lock_in,True
103,0.766,0.2751474536598111,162,180,88.9453125,-8.385538647081319,-3.196077409196091,-113.67685085572191,lock_in,True
103,0.766,0.2751474536598111,162,360,59.0625,25.613083216401805,-3.0411206575165166,-96.66996851010609,lock_in,True
103,0.766,0.2751474536598111,162,180,101.953125,-19.15501007356373,-2.9817033938466544,-106.05207082922045,lock_in,True
103,0.766,0.2751474536598111,162,180,219.375,-44.99388015045713,-2.981015616405455,-106.02760820165905,lock_in,True
104,0.7415694663624972,0.4373419093273649,211,180,110.39062499999999,-21.702769403954832,-3.4471233575955593,-117.2631862300736,lock_in,True
104,0.7415694663624972,0.4373419093273649,211,180,355.69565217391306,-46.9649773399548,-3.1709104829880017,-107.86705256307162,lock_in,True
104,0.7415694663624972,0.4373419093273649,211,180,109.3359375,-39.45089470914607,-3.148314658954516,-107.0983940302775,lock_in,True
104,0.7415694663624972,0.4373419093273649,211,180,102.65624999999999,-13.55478403717899,-2.986294121938404,-101.58682392419247,lock_in,True
104,0.7415694663624972,0.4373419093273649,211,180,249.70588235294122,71.27718213797779,-2.964295865596377,-100.83849328491893,lock_in,True
105,0.766,0.3882095514624678,135,180,258.3984375,4.181528273111482,-3.5256841959231964,-136.91790650903872,lock_in,True
105,0.766,0.3882095514624678,135,360,259.1015625,2.388015463268772,-3.2310893306401223,-114.70759370582176,lock_in,True
105,0.766,0.3882095514624678,135,180,233.43750000000003,14.785930226053424,-3.0634371365718303,-118.96682274586915,lock_in,True
105,0.766,0.3882095514624678,135,180,286.171875,-7.481631264246957,-2.981041256302989,-115.76702878607294,lock_in,True
105,0.766,0.3882095514624678,135,180,164.53125,20.423615363810953,-2.926682750817001,-113.6560492449831,lock_in,True
106,0.766,0.3550552118732395,157,180,104.73451327433628,47.749650829136584,-3.3547855225792893,-112.90666315373609,lock_in,True
106,0.766,0.3550552118732395,157,180,100.21008403361346,45.38920300540005,-3.086497753607843,-103.87733815521435,lock_in,True
106,0.766,0.3550552118732395,157,180,28.636363636363633,61.56696379051533,-3.0079068649259377,-101.2323324639296,lock_in,True
106,0.766,0.3550552118732395,157,360,102.69230769230768,46.1781796469964,-2.9503018775868544,-87.82085284338902,lock_in,True
106,0.766,0.3550552118732395,157,180,173.671875,-19.15501007356373,-2.906991104308357,-97.83597487527585,lock_in,True
107,0.766,0.2689878857849568,129,180,345.38961038961037,61.56696379051533,-3.5749794140637254,-131.94500456580695,lock_in,True
107,0.766,0.2689878857849568,129,180,201.31578947368422,69.0509806793522,-3.3683207230489915,-124.31766156821779,lock_in,True
107,0.766,0.2689878857849568,129,180,10.195312499999998,-20.105509787916006,-3.2528554443667375,-120.05607798565757,lock_in,True
107,0.766,0.2689878857849568,129,180,36.5625,-16.646039912392965,-3.1994899748174754,-118.08646935956499,lock_in,True
107,0.766,0.2689878857849568,129,180,25.664062499999996,-9.594068226860458,-3.17246875868938,-117.08917240288254,lock_in,True
108,0.72,0.45437735923810413,122,180,145.41666666666666,-49.702390326630706,-4.060477460324594,-120.28293261156784,lock_in,True
108,0.72,0.45437735923810413,122,180,36.87499999999999,-63.448283680301046,-3.4758755698465973,-102.96534307970379,lock_in,True
108,0.72,0.45437735923810413,122,360,32.77777777777778,-60.05627904951214,-3.4266253441284507,-86.84610125295475,lock_in,True
108,0.72,0.45437735923810413,122,180,147.30468749999997,32.79716829582364,-3.349571901812482,-99.22386513546516,lock_in,True
108,0.72,0.45437735923810413,122,180,32.58620689655172,-57.78012842970898,-3.2878707649646826,-97.39609998625242,lock_in,True
109,0.7616925428309436,0.3744315689203561,127,180,119.53125,-39.8384399769991,-3.652725371493934,-125.17031592477338,lock_in,True
109,0.7616925428309436,0.3744315689203561,127,180,97.80612244897958,-53.57223328098857,-3.3879241250832464,-116.09620141233285,lock_in,True
109,0.7616925428309436,0.3744315689203561,127,360,118.125,-40.620185190672686,-3.3129843117364084,-101.1832230809808,lock_in,True
109,0.7616925428309436,0.3744315689203561,127,180,97.56637168141593,-47.74965082913661,-3.2848076740442513,-112.56264370621422,lock_in,True
109,0.7616925428309436,0.3744315689203561,127,360,98.06603773584906,-50.48004426244296,-3.1508201450068225,-96.23050308044884,lock_in,True
110,0.766,0.40103938916055343,255,180,61.17187499999999,28.971532223711293,-3.5578755965622966,-116.71690734385658,lock_in,True
110,0.766,0.40103938916055343,255,180,318.1640625,-15.094787099543197,-3.4336221109391856,-112.64074568460117,lock_in,True
110,0.766,0.40103938916055343,255,180,320.625,-0.8952829865701233,-3.180890790926949,-104.34984171872259,lock_in,True
110,0.766,0.40103938916055343,255,180,258.75,76.81353334098655,-3.176543081468901,-104.20721419797655,lock_in,True
110,0.766,0.40103938916055343,255,360,318.51562499999994,-14.169522214770055,-3.157186217880201,-91.25109089784468,lock_in,True
111,0.766,0.3439290304912856,150,180,120.58593750000001,6.579592944977634,-3.6547430563446457,-120.6433104800379,lock_in,True
111,0.766,0.3439290304912856,150,180,122.6953125,9.594068226860458,-3.648936226287028,-120.45162658595372,lock_in,True
111,0.766,0.3439290304912856,150,360,121.28906249999999,8.385538647081319,-3.506316116491124,-102.69868642380786,lock_in,True
111,0.766,0.3439290304912856,150,180,287.578125,25.613083216401805,-3.3904779225482877,-111.91989866771685,lock_in,True
111,0.766,0.3439290304912856,150,180,284.0625,22.346587898361136,-3.3856606676305887,-111.76088072294174,lock_in,True
112,0.72,0.47721578056895736,232,180,34.8046875,-40.22818472806108,-3.6391495338324704,-130.16680295765042,lock_in,True
112,0.72,0.47721578056895736,232,360,35.85937499999999,-39.8384399769991,-3.355243997756823,-108.44059407083255,lock_in,True
112,0.72,0.47721578056895736,232,180,38.32031249999999,-36.423573642331164,-3.1752508234020937,-113.5738430243077,lock_in,True
112,0.72,0.47721578056895736,232,180,192.3046875,-3.583321698471977,-2.993575117203422,-107.07557595428372,lock_in,True
112,0.72,0.47721578056895736,232,180,304.1015625,39.45089470914606,-2.9351439243987523,-104.98557997182924,lock_in,True
113,0.766,0.35561377045883613,140,180,76.64062499999999,19.788049410669572,-3.5305495033078858,-110.56415373215624,lock_in,True
113,0.766,0.35561377045883613,140,360,76.9921875,18.209956864283,-3.3145305505628224,-89.77676443398538,lock_in,True
113,0.766,0.35561377045883613,140,180,345.5859375,-31.388166464348544,-3.225433528974063,-101.00902152164618,lock_in,True
113,0.766,0.35561377045883613,140,180,163.12499999999997,24.953020787727496,-3.105354729273502,-97.2485864630645,lock_in,True
113,0.766,0.35561377045883613,140,180,346.99218749999994,18.839404547275464,-3.01182526697214,-94.31958092732134,lock_in,True
114,0.72,0.4323744581532942,206,180,8.0859375,39.45089470914606,-3.7859930404641418,-120.26831028411917,lock_in,True
114,0.72,0.4323744581532942,206,360,7.031249999999999,39.065494664452594,-3.4995189331155245,-96.64647180277922,lock_in,True
114,0.72,0.4323744581532942,206,180,156.796875,-31.03924001039789,-3.221755984194723,-102.34439626453864,lock_in,True
114,0.72,0.4323744581532942,206,180,15.8203125,-20.742379954487134,-3.1899470850565512,-101.33393449696224,lock_in,True
114,0.72,0.4323744581532942,206,180,8.4375,16.646039912392965,-3.1766902931822396,-100.91281079533643,lock_in,True
115,0.7258458974010101,0.47145453850993324,435,180,280.546875,-5.079715792733481,-3.1562469291375845,-112.65636703804,lock_in,True
115,0.7258458974010101,0.47145453850993324,435,180,274.921875,11.719760305788782,-3.147769103065697,-112.35376665766276,lock_in,True
115,0.7258458974010101,0.47145453850993324,435,180,64.6875,4.480798785982216,-2.9963325110752024,-106.94851654392045,lock_in,True
115,0.7258458974010101,0.47145453850993324,435,180,286.87499999999994,0.2984168674869352,-2.88601650351712,-103.01098992262439,lock_in,True
115,0.7258458974010101,0.47145453850993324,435,180,47.109375,-15.40409369872549,-2.8407673562656597,-101.39590498765008,lock_in,True
116,0.766,0.31646976574432,160,180,238.35937499999991,2.686724185691588,-3.2820764374577593,-113.5453395834141,lock_in,True
116,0.766,0.31646976574432,160,360,237.65625,1.492246289620354,-3.15428808024531,-97.27769156199241,lock_in,True
116,0.766,0.31646976574432,160,180,155.7421875,2.388015463268772,-3.07413220464471,-106.35138232046143,lock_in,True
116,0.766,0.31646976574432,160,180,235.546875,-2.0893716714986112,-3.0256427985484957,-104.6738618119906,lock_in,True
116,0.766,0.31646976574432,160,180,315.7826086956522,-46.9649773399548,-2.97921708695344,-103.06773607049304,lock_in,True
117,0.766,0.3962891556749403,216,180,346.2244897959183,-72.01762511347283,-3.5548565895012514,-104.64642087738108,lock_in,True
117,0.766,0.3962891556749403,216,180,190.55555555555557,60.05627904951214,-3.3524303502610513,-98.687474106588,lock_in,True
117,0.766,0.3962891556749403,216,180,256.2890625,-11.4151577427305,-3.345209286337305,-98.47490316859296,lock_in,True
117,0.766,0.3962891556749403,216,360,256.9921875,-13.248014905676953,-3.1831588902487846,-80.23975283425746,lock_in,True
117,0.766,0.3962891556749403,216,180,160.64999999999998,52.80185378173063,-3.0685241059598525,-90.3299498842507,lock_in,True
118,0.766,0.424543935935637,129,180,260.2016129032258,-43.40685848593699,-3.63858714632585,-120.73690678007401,lock_in,True
118,0.766,0.424543935935637,129,180,99.68354430379746,60.8122696032311,-3.5684958281097017,-118.4111104645101,lock_in,True
118,0.766,0.424543935935637,129,180,109.8,62.32040082727501,-3.3983615141565258,-112.76565007634859,lock_in,True
118,0.766,0.424543935935637,129,360,102.27272727272727,61.56696379051533,-3.3603592113227476,-99.27617952453448,lock_in,True
118,0.766,0.424543935935637,129,360,260.35714285714283,-42.60980697763762,-3.321870084083507,-98.1390822520146,lock_in,True
119,0.766,0.2665805028168784,147,180,55.546875,-11.719760305788782,-3.1372165391141915,-119.2232956465517,lock_in,True
119,0.766,0.2665805028168784,147,180,71.3671875,-10.199918091116302,-3.1176490588073413,-118.47967549866452,lock_in,True
119,0.766,0.2665805028168784,147,180,63.6328125,-11.4151577427305,-2.879588812474273,-109.43270609799616,lock_in,True
119,0.766,0.2665805028168784,147,180,168.046875,23.64331425576559,-2.878734253044613,-109.40023039854499,lock_in,True
119,0.766,0.2665805028168784,147,180,177.890625,19.788049410669572,-2.8622621114583646,-108.77424196414772,lock_in,True
120,0.766,0.41802401112636906,126,180,349.45312499999994,8.084013907099305,-3.2040619919755446,-104.61443829698999,lock_in,True
120,0.766,0.41802401112636906,126,180,342.0703125,19.47122063449069,-3.0010603372971927,-97.98632231083876,lock_in,True
120,0.766,0.41802401112636906,126,180,196.39830508474577,45.78396716177502,-2.89102723739305,-94.39368091273789,lock_in,True
120,0.766,0.41802401112636906,126,360,349.45312499999994,8.687297481032445,-2.8712779145409963,-82.89021684961126,lock_in,True
120,0.766,0.41802401112636906,126,180,198.63281249999997,-20.105509787916006,-2.8384101428526787,-92.67570375624402,lock_in,True
121,0.766,0.3425273906807335,161,180,149.4140625,-31.388166464348544,-3.255642024421376,-113.95038925917504,lock_in,True
121,0.766,0.3425273906807335,161,180,260.5078125,14.477512185929925,-2.882273884964621,-100.882171720638,lock_in,True
121,0.766,0.3425273906807335,161,180,296.015625,-2.0893716714986112,-2.8721816106702187,-100.5289331284814,lock_in,True
121,0.766,0.3425273906807335,161,180,168.74999999999997,-34.590574976176626,-2.8290822271054976,-99.02041630371934,lock_in,True
121,0.766,0.3425273906807335,161,360,148.7109375,-30.000000000000014,-2.8269420845739344,-88.38099433730046,lock_in,True
122,0.766,0.41828670441327853,122,180,70.2,-62.32040082727502,-3.439377375917687,-124.42980943295485,lock_in,True
122,0.766,0.41828670441327853,122,180,90.5921052631579,-61.94383702315673,-3.001825017352904,-108.60003201852761,lock_in,True
122,0.766,0.41828670441327853,122,180,228.86718749999997,26.61009781073391,-2.983763527915804,-107.94660311575552,lock_in,True
122,0.766,0.41828670441327853,122,360,69.27631578947368,-61.94383702315673,-2.953737050448791,-96.56226201170311,lock_in,True
122,0.766,0.41828670441327853,122,180,265.42968749999994,27.27961273597809,-2.8945579196739644,-104.71932095181343,lock_in,True
123,0.766,0.24900627943531425,223,180,166.2890625,-12.024699180565818,-3.7811569262209392,-128.35561659813422,lock_in,True
123,0.766,0.24900627943531425,223,180,305.5078125,-12.635625093021119,-3.7557004336495616,-127.49146792669234,lock_in,True
123,0.766,0.24900627943531425,223,180,170.15625,-8.084013907099305,-3.612779364213993,-122.63985484890864,lock_in,True
123,0.766,0.24900627943531425,223,180,159.609375,-13.55478403717899,-3.5745077583684726,-121.34068304617023,lock_in,True
123,0.766,0.24900627943531425,223,360,167.34375,-10.503271450113203,-3.305859374551457,-100.18316622554089,lock_in,True
124,0.7530244271759174,0.36766108757356897,165,180,295.6640625,-23.31795706533424,-3.7950409656474804,-120.53759025174011,lock_in,True
124,0.7530244271759174,0.36766108757356897,165,360,295.6640625,-22.669609871750396,-3.454980977594665,-96.03140316317432,lock_in,True
124,0.7530244271759174,0.36766108757356897,165,180,261.4655172413793,-68.67919198537578,-3.379858067355463,-107.35059984658317,lock_in,True
124,0.7530244271759174,0.36766108757356897,165,180,278.4375,16.024100308155866,-3.324169877141666,-105.58183809591638,lock_in,True
124,0.7530244271759174,0.36766108757356897,165,180,203.6440677966102,-68.30717609030756,-3.1905403637910155,-101.33751320283902,lock_in,True
125,0.747076378952664,0.35378180245927754,128,180,151.0096153846154,51.25580694880489,-3.2600004234942674,-111.6099946092638,lock_in,True
125,0.747076378952664,0.35378180245927754,128,180,70.31249999999999,13.55478403717899,-3.1282398009728385,-107.09900879869956,lock_in,True
125,0.747076378952664,0.35378180245927754,128,180,265.90909090909093,-44.597991493006276,-2.9672690035133082,-101.58797697933294,lock_in,True
125,0.747076378952664,0.35378180245927754,128,180,127.265625,-38.3009224658677,-2.948506282056202,-100.94561229828561,lock_in,True
125,0.747076378952664,0.35378180245927754,128,360,151.82242990654203,50.091456801832585,-2.9380563565550006,-89.83813304222166,lock_in,True
126,0.72,0.3642038086021099,136,180,142.03125,19.15501007356373,-3.9662991481612813,-124.28849956932034,lock_in,True
126,0.72,0.3642038086021099,136,180,139.921875,-7.481631264246957,-3.937550164677104,-123.38761619834686,lock_in,True
126,0.72,0.3642038086021099,136,180,136.40625,22.993394314297802,-3.720861498794845,-116.5974207857267,lock_in,True
126,0.72,0.3642038086021099,136,360,138.8671875,-7.782714385390946,-3.662850749955348,-99.72956591432036,lock_in,True
126,0.72,0.3642038086021099,136,360,138.1640625,13.248014905676953,-3.3802592391224775,-92.0353498722428,lock_in,True
127,0.7495512575426186,0.3523369659065672,191,180,354.72656249999994,23.96948231775967,-2.909198196688284,-99.70743050114375,lock_in,True
127,0.7495512575426186,0.3523369659065672,191,180,6.328124999999999,13.55478403717899,-2.8724376514796686,-98.4475330541747,lock_in,True
127,0.7495512575426186,0.3523369659065672,191,180,346.99218749999994,25.944479772370002,-2.8688713536444537,-98.3253050101612,lock_in,True
127,0.7495512575426186,0.3523369659065672,191,180,170.85937499999997,-8.687297481032445,-2.865025183722651,-98.19348488514431,lock_in,True
127,0.7495512575426186,0.3523369659065672,191,180,86.8359375,31.38816646434855,-2.7709671536328857,-94.96982562480068,lock_in,True
128,0.7494699255586171,0.36614679013548235,132,180,40.4296875,-25.282603043311994,-3.366842501790588,-112.96028058573123,lock_in,True
128,0.7494699255586171,0.36614679013548235,132,180,280.3846153846154,-75.70915268671351,-3.2102990350003435,-107.70811723036724,lock_in,True
128,0.7494699255586171,0.36614679013548235,132,180,319.390243902439,-74.97216337375241,-3.132049972385437,-105.08279617619465,lock_in,True
128,0.7494699255586171,0.36614679013548235,132,180,265.9090909090909,-69.79389373110558,-3.1125437125170654,-104.42834495327557,lock_in,True
128,0.7494699255586171,0.36614679013548235,132,180,42.89062499999999,-35.318772903011535,-3.08612224800855,-103.54188287004717,lock_in,True
129,0.72,0.504528479676775,285,180,240.82031249999997,-26.61009781073392,-3.1231832791512075,-94.28832349746479,lock_in,True
129,0.72,0.504528479676775,285,180,86.8359375,18.209956864283,-3.0830942863246684,-93.07804605327141,lock_in,True
129,0.72,0.504528479676775,285,180,106.52343749999999,-22.02431283704216,-3.016067261039085,-91.05451562422012,lock_in,True
129,0.72,0.504528479676775,285,180,239.0625,-20.423615363810953,-2.9657944936003777,-89.53679237406233,lock_in,True
129,0.72,0.504528479676775,285,360,240.46874999999994,-27.6158819838447,-2.924866484258211,-76.14122108478587,lock_in,True
130,0.766,0.38910345443632305,143,180,324.4921875,-2.388015463268772,-3.358680664731752,-97.28486143231646,lock_in,True
130,0.766,0.38910345443632305,143,180,325.54687499999994,-4.480798785982216,-3.3448573997240714,-96.8844676963759,lock_in,True
130,0.766,0.38910345443632305,143,180,33.3984375,33.51005606625301,-3.3027967112371384,-95.66617113690477,lock_in,True
130,0.766,0.38910345443632305,143,180,165.9375,14.169522214770055,-3.2519423682820228,-94.19316455320059,lock_in,True
130,0.766,0.38910345443632305,143,180,63.28125,0.8952829865701233,-3.07715112938436,-89.13030009151026,lock_in,True
131,0.7440537343054421,0.42899278702197974,198,180,206.71875,8.084013907099305,-3.4601627596029765,-122.92535095445986,lock_in,True
131,0.7440537343054421,0.42899278702197974,198,180,20.390624999999996,-25.61308321640182,-3.299507688987236,-117.2179335791798,lock_in,True
131,0.7440537343054421,0.42899278702197974,198,180,333.80597014925377,-65.32234324182821,-3.250911212446981,-115.4914995891401,lock_in,True
131,0.7440537343054421,0.42899278702197974,198,180,16.875,-18.524391073865786,-3.079317543119849,-109.3954785544341,lock_in,True
131,0.7440537343054421,0.42899278702197974,198,360,31.992187499999993,27.27961273597809,-3.0278836014701955,-96.40305280501299,lock_in,True
132,0.766,0.34787054548954827,126,180,132.1875,3.2843691083657944,-3.693445351674876,-113.83151822406454,lock_in,True
132,0.766,0.34787054548954827,126,180,137.109375,5.079715792733481,-3.6845130898743976,-113.55622702177838,lock_in,True
132,0.766,0.34787054548954827,126,360,133.59375,3.2843691083657944,-3.5737930851152035,-95.49809587583545,lock_in,True
132,0.766,0.34787054548954827,126,180,128.671875,-4.480798785982216,-3.525773653816319,-108.66389726490598,lock_in,True
132,0.766,0.34787054548954827,126,360,129.375,-3.2843691083657944,-3.211110471316053,-85.80657101446492,lock_in,True
133,0.766,0.42645451298416487,122,180,286.171875,-4.480798785982216,-3.363724761829246,-112.35489597895058,lock_in,True
133,0.766,0.42645451298416487,122,180,300.234375,9.896853442815882,-3.330743592002744,-111.25326325326819,lock_in,True
133,0.766,0.42645451298416487,122,180,292.1484375,5.379378991112077,-3.1945428949345764,-106.70390536389212,lock_in,True
133,0.766,0.42645451298416487,122,180,18.103448275862068,-57.78012842970898,-3.190124800246832,-106.55633274233908,lock_in,True
133,0.766,0.42645451298416487,122,360,291.09375,6.880079227870652,-3.0329270052132316,-89.25613358357175,lock_in,True
134,0.766,0.4196767346955243,178,180,252.77343750000003,-10.806922874860348,-3.95427130101202,-129.29970850335403,lock_in,True
134,0.766,0.4196767346955243,178,360,255.93749999999994,-15.40409369872549,-3.8235952047100463,-109.35429833942653,lock_in,True
134,0.766,0.4196767346955243,178,180,256.9921875,-15.094787099543197,-3.728063030257049,-121.90298934866485,lock_in,True
134,0.766,0.4196767346955243,178,180,258.75,-17.27000469497446,-3.6233171598314913,-118.47793427191857,lock_in,True
134,0.766,0.4196767346955243,178,180,280.89843749999994,-7.782714385390946,-3.3100757025435468,-108.23534199431694,lock_in,True
135,0.7353734226496464,0.46494890274021317,251,180,291.4453125,37.16889965599944,-3.4358402894583335,-107.36695039300561,lock_in,True
135,0.7353734226496464,0.46494890274021317,251,180,31.125000000000004,44.993880150457116,-3.131826811774463,-97.86679862516785,lock_in,True
135,0.7353734226496464,0.46494890274021317,251,360,22.5,58.160368554338,-3.116640281691436,-84.17446574570442,lock_in,True
135,0.7353734226496464,0.46494890274021317,251,180,226.40625,-17.27000469497446,-3.067809198466869,-95.8663049402487,lock_in,True
135,0.7353734226496464,0.46494890274021317,251,180,19.821428571428573,58.91977535280315,-3.047562244934915,-95.23360558476178,lock_in,True
136,0.7463620541691671,0.37156646658773707,122,180,84.37499999999999,17.27000469497446,-3.094259388968942,-107.07366770564678,lock_in,True
136,0.7463620541691671,0.37156646658773707,122,180,214.10156249999997,-20.105509787916006,-2.9072429316361794,-100.60215471781125,lock_in,True
136,0.7463620541691671,0.37156646658773707,122,180,181.09756097560972,-74.97216337375241,-2.8438514322374986,-98.40855679852767,lock_in,True
136,0.7463620541691671,0.37156646658773707,122,180,51.6796875,12.635625093021119,-2.7583097890208137,-95.44847583574607,lock_in,True
136,0.7463620541691671,0.37156646658773707,122,180,99.84374999999999,-39.8384399769991,-2.718922591873075,-94.08552221374215,lock_in,True
137,0.766,0.35885796152006866,141,180,187.3828125,-2.388015463268772,-3.907491041916573,-120.55491872609426,lock_in,True
137,0.766,0.35885796152006866,141,180,186.6796875,2.9855060057465295,-3.819180173080288,-117.83032929694039,lock_in,True
137,0.766,0.35885796152006866,141,360,187.734375,-0.8952829865701233,-3.756042977636992,-100.29561875543966,lock_in,True
137,0.766,0.35885796152006866,141,180,213.41584158415841,52.416011889394284,-3.2937737434541754,-101.6203562434242,lock_in,True
137,0.766,0.35885796152006866,141,180,191.6015625,0.5968418305070173,-3.144654115903709,-97.01967949482871,lock_in,True
138,0.766,0.3896669143922046,122,180,207.32142857142858,58.91977535280315,-3.400430955240148,-113.07816905819529,lock_in,True
138,0.766,0.3896669143922046,122,180,59.765625,-7.481631264246957,-3.046432176247522,-101.30627369266922,lock_in,True
138,0.766,0.3896669143922046,122,360,209.11764705882354,58.54024913501048,-3.024823195007773,-89.60741516094437,lock_in,True
138,0.766,0.3896669143922046,122,180,69.25781249999999,-5.979156796301311,-3.00427804617786,-99.90447787343794,lock_in,True
138,0.766,0.3896669143922046,122,180,66.796875,-0.8952829865701233,-2.999558250310602,-99.74752551542667,lock_in,True
139,0.766,0.2809266265755917,122,180,51.32812499999999,12.32998415024295,-3.116678316938231,-128.42861039394498,lock_in,True
139,0.766,0.2809266265755917,122,180,253.4765625,-34.22886632781257,-3.0470809844642917,-125.56072233030146,lock_in,True
139,0.766,0.2809266265755917,122,180,234.140625,-28.291548862929403,-3.006487915226813,-123.88800910129355,lock_in,True
139,0.766,0.2809266265755917,122,180,50.2734375,16.957763300004146,-2.971631121118201,-122.45166980196193,lock_in,True
139,0.766,0.2809266265755917,122,180,243.28125,-36.05358859962301,-2.9683491285786068,-122.31642916996222,lock_in,True
140,0.766,0.40722131759280766,128,360,342.6237623762376,52.416011889394284,-3.286101480500697,-90.16291079623133,lock_in,True
140,0.766,0.40722131759280766,128,180,340.65,52.80185378173063,-3.2698366858286336,-102.65196355082777,lock_in,True
140,0.766,0.40722131759280766,128,180,321.0576923076923,70.90666664467562,-3.2366418266569594,-101.6098585773576,lock_in,True
140,0.766,0.40722131759280766,128,180,348.6363636363636,53.18725897079298,-3.2218166030701965,-101.14444195508266,lock_in,True
140,0.766,0.40722131759280766,128,360,320.5102040816327,72.0176251134728,-3.1308749765033665,-85.90386450990859,lock_in,True
141,0.7408056953593241,0.4068738927920184,124,180,267.1875,0.8952829865701233,-3.4100883217052673,-105.17094025476108,lock_in,True
141,0.7408056953593241,0.4068738927920184,124,180,30.64655172413793,46.57184741344958,-3.3624631354755024,-103.70212727109286,lock_in,True
141,0.7408056953593241,0.4068738927920184,124,180,244.68749999999997,28.971532223711293,-3.265266121706615,-100.70446475049374,lock_in,True
141,0.7408056953593241,0.4068738927920184,124,180,262.96875,-5.679189845582371,-3.1238496537917753,-96.34302575945841,lock_in,True
141,0.7408056953593241,0.4068738927920184,124,180,233.43750000000003,34.59057497617661,-3.0899993837276822,-95.29904630012474,lock_in,True
142,0.7441408119283229,0.40837253916846156,152,180,260.35714285714283,-42.60980697763762,-3.733404158550374,-111.19747489193551,lock_in,True
142,0.7441408119283229,0.40837253916846156,152,180,142.03125,11.11088180000327,-3.679500375136366,-109.59198047474364,lock_in,True
142,0.7441408119283229,0.40837253916846156,152,360,142.03125,11.719760305788782,-3.6288385310065427,-93.08044671665574,lock_in,True
142,0.7441408119283229,0.40837253916846156,152,360,260.5078125,-41.81031489577862,-3.542627650934083,-90.8691213976565,lock_in,True
142,0.7441408119283229,0.40837253916846156,152,180,265.42968749999994,25.282603043311994,-3.225566556844222,-96.0718124107476,lock_in,True
143,0.766,0.3758909889216911,128,180,256.2890625,-10.806922874860348,-2.948656757797718,-103.30564247008397,lock_in,True
143,0.766,0.3758909889216911,128,180,296.3671875,-23.31795706533424,-2.842463341091799,-99.58517352997303,lock_in,True
143,0.766,0.3758909889216911,128,180,324.84375,-27.6158819838447,-2.8419607455296227,-99.56756517687056,lock_in,True
143,0.766,0.3758909889216911,128,180,285.8203125,-23.31795706533424,-2.817907649383766,-98.72486889775955,lock_in,True
143,0.766,0.3758909889216911,128,180,95.97656249999999,-16.334822780685997,-2.755826122146273,-96.5498527714645,lock_in,True
144,0.766,0.32849695231458637,265,180,58.91752577319588,-53.95678248481789,-3.125511766215594,-111.24717743949913,lock_in,True
144,0.766,0.32849695231458637,265,180,56.77570093457943,-50.09145680183258,-3.098904301729567,-110.30013117237903,lock_in,True
144,0.766,0.32849695231458637,265,180,230.2734375,-32.79716829582364,-3.0497215898957513,-108.5495583707684,lock_in,True
144,0.766,0.32849695231458637,265,360,58.36633663366337,-52.4160118893943,-2.9960015869717997,-96.2664646832132,lock_in,True
144,0.766,0.32849695231458637,265,180,234.140625,-14.785930226053424,-2.9619687188613595,-105.4261480591306,lock_in,True
145,0.7551065689892901,0.294409203877526,191,180,31.992187499999993,-32.79716829582364,-3.4104876125853805,-127.48672639746917,lock_in,True
145,0.7551065689892901,0.294409203877526,191,180,218.96341463414632,59.67778522657881,-3.2532613238587738,-121.60948780748132,lock_in,True
145,0.7551065689892901,0.294409203877526,191,180,32.69531249999999,-27.95318688338115,-3.1115673749291908,-116.31285992571038,lock_in,True
145,0.7551065689892901,0.294409203877526,191,180,222.5390625,20.105509787916006,-3.105442287220394,-116.08389947551622,lock_in,True
145,0.7551065689892901,0.294409203877526,191,180,105.46875,-26.276811557199977,-2.955590771645201,-110.48233553070976,lock_in,True
146,0.72,0.419710283244756,138,180,304.45312499999994,-11.11088180000327,-3.1806495664003163,-109.98116573244657,lock_in,True
146,0.72,0.419710283244756,138,180,346.640625,25.613083216401805,-2.986048352924736,-103.25220125895824,lock_in,True
146,0.72,0.419710283244756,138,180,337.5,55.107936425098195,-2.915585427355002,-100.81571839028236,lock_in,True
146,0.72,0.419710283244756,138,180,333.55670103092785,53.95678248481786,-2.9108771716727904,-100.65291526767142,lock_in,True
146,0.72,0.419710283244756,138,180,86.484375,17.27000469497446,-2.8904546682114116,-99.94674135540772,lock_in,True
147,0.766,0.39032710739618226,123,180,142.734375,24.953020787727496,-3.302381341879626,-101.75286924630895,lock_in,True
147,0.766,0.39032710739618226,123,180,183.15,52.80185378173063,-3.285355810426791,-101.22827987206138,lock_in,True
147,0.766,0.39032710739618226,123,180,9.140625,-2.0893716714986112,-3.2248565834069933,-99.36418231171807,lock_in,True
147,0.766,0.39032710739618226,123,360,9.4921875,-0.5968418305070173,-3.216013636085818,-85.441589541422,lock_in,True
147,0.766,0.39032710739618226,123,180,141.6796875,-27.27961273597809,-3.191143341477431,-98.32541247732671,lock_in,True
148,0.766,0.4572526692818873,179,180,350.3271028037383,-50.09145680183258,-3.5265291983474065,-112.25474104632518,lock_in,True
148,0.766,0.4572526692818873,179,180,126.5625,3.2843691083657944,-3.354839136019848,-106.78958545590069,lock_in,True
148,0.766,0.4572526692818873,179,180,136.2,-62.32040082727502,-3.3121053551991313,-105.429304272551,lock_in,True
148,0.766,0.4572526692818873,179,360,140.472972972973,-62.696660020273754,-3.1660134628101977,-88.26239095710106,lock_in,True
148,0.766,0.4572526692818873,179,360,351.25000000000006,-49.702390326630706,-3.1080122108940906,-86.6454268879629,lock_in,True
149,0.72,0.43170258943077183,264,180,290.8333333333333,70.16502666715499,-3.5623510208571862,-119.6703205192041,lock_in,True
149,0.72,0.43170258943077183,264,180,285.0,69.0509806793522,-3.527678606030778,-118.50556679778006,lock_in,True
149,0.72,0.43170258943077183,264,180,286.875,69.4225464945822,-3.5199094873187837,-118.24457805565507,lock_in,True
149,0.72,0.43170258943077183,264,360,289.1666666666667,70.16502666715499,-3.426028580894512,-102.1319554222001,lock_in,True
149,0.72,0.43170258943077183,264,180,195.82031249999997,-24.62431835216408,-3.3525323108619607,-112.62186068406186,lock_in,True
150,0.766,0.335894186919274,154,180,217.66304347826087,55.873350435251986,-3.8577998229836683,-116.33933821579053,lock_in,True
150,0.766,0.335894186919274,154,180,343.12499999999994,17.27000469497446,-3.773463264909843,-113.79600819722053,lock_in,True
150,0.766,0.335894186919274,154,180,198.7795275590551,42.2103698396502,-3.69376635460526,-111.39259562034616,lock_in,True
150,0.766,0.335894186919274,154,180,318.1640625,10.806922874860348,-3.6161103863568007,-109.0507315500276,lock_in,True
150,0.766,0.335894186919274,154,360,341.01562499999994,17.896089316234637,-3.5478389823414993,-91.67288728409248,lock_in,True
151,0.7365380248402114,0.42436497961543385,122,180,114.3975903614458,-59.29895234914483,-3.598682054895531,-110.44376269197949,lock_in,True
151,0.7365380248402114,0.42436497961543385,122,180,319.26724137931035,46.57184741344958,-3.578208495347351,-109.81542785252115,lock_in,True
151,0.7365380248402114,0.42436497961543385,122,180,335.0390625,30.000000000000007,-3.3184766599421227,-101.8442413708781,lock_in,True
151,0.7365380248402114,0.42436497961543385,122,360,115.63953488372093,-58.16036855433802,-3.2919232057008245,-87.43748910541251,lock_in,True
151,0.7365380248402114,0.42436497961543385,122,360,318.07692307692304,46.1781796469964,-3.262367619281438,-86.65245672797415,lock_in,True
152,0.7412234641055168,0.4656530950710764,122,180,10.546874999999998,-31.738394244764436,-3.371611078043803,-128.32103847616463,lock_in,True
152,0.7412234641055168,0.4656530950710764,122,180,350.5078125,-8.989299345162806,-3.273118092716786,-124.57247190304886,lock_in,True
152,0.7412234641055168,0.4656530950710764,122,180,134.64843749999997,37.16889965599944,-2.9135843557018153,-110.8888969356849,lock_in,True
152,0.7412234641055168,0.4656530950710764,122,360,350.5078125,-8.385538647081319,-2.8642861973230933,-99.43254481517451,lock_in,True
152,0.7412234641055168,0.4656530950710764,122,180,159.25781249999997,41.01449966573051,-2.8465723209482645,-108.33847090646464,lock_in,True
153,0.766,0.33178158857318624,135,180,314.29687499999994,7.481631264246957,-3.393982796545644,-124.8012423959085,lock_in,True
153,0.766,0.33178158857318624,135,180,140.85365853658539,43.80448796297494,-3.305487701756614,-121.54716090026488,lock_in,True
153,0.766,0.33178158857318624,135,180,307.6171875,5.979156796301311,-3.1651353270016434,-116.38621874128317,lock_in,True
153,0.766,0.33178158857318624,135,360,313.2421875,7.180755781458288,-3.160741186805618,-105.64646754935899,lock_in,True
153,0.766,0.33178158857318624,135,180,304.45312499999994,-19.788049410669572,-2.914064746090185,-107.15402193543551,lock_in,True
154,0.766,0.36615333983955733,129,180,77.34375,39.838439976999084,-3.5557809247684897,-112.75190283124701,lock_in,True
154,0.766,0.36615333983955733,129,360,80.15625,39.838439976999084,-3.2871086875921707,-90.90339074932542,lock_in,True
154,0.766,0.36615333983955733,129,180,232.3828125,-33.510056066253014,-3.169254893479617,-100.4953585416168,lock_in,True
154,0.766,0.36615333983955733,129,180,82.6171875,37.921650784291785,-3.0608586196989207,-97.05816771130226,lock_in,True
154,0.766,0.36615333983955733,129,180,93.58407079646017,47.749650829136584,-2.896958336214614,-91.8609729016543,lock_in,True
155,0.766,0.2311454745072297,166,180,21.093749999999996,25.613083216401805,-3.7010501866176564,-124.39844418667647,lock_in,True
155,0.766,0.2311454745072297,166,180,4.5703125,-17.582776008425398,-3.595935787151222,-120.86537325874372,lock_in,True
155,0.766,0.2311454745072297,166,180,76.9921875,-41.01449966573051,-3.3363133407689602,-112.13902822696856,lock_in,True
155,0.766,0.2311454745072297,166,360,21.796874999999996,24.296477994805656,-3.3197231527509796,-98.81842029723468,lock_in,True
155,0.766,0.2311454745072297,166,180,216.1764705882353,71.27718213797779,-3.2362248299698195,-108.77488583049845,lock_in,True
156,0.766,0.4582890463491788,126,180,260.75342465753425,-63.07261938698224,-3.5010745153228275,-120.49857180716162,lock_in,True
156,0.766,0.4582890463491788,126,180,327.1621621621622,-48.53225372744231,-2.977408545679128,-102.4752478154997,lock_in,True
156,0.766,0.4582890463491788,126,180,35.270270270270274,-76.44554826498828,-2.952517370318657,-101.61855338801898,lock_in,True
156,0.766,0.4582890463491788,126,360,260.49295774647885,-63.82365762183778,-2.9383704779370317,-90.48722777283047,lock_in,True
156,0.766,0.4582890463491788,126,180,125.13157894736842,-47.357576233198984,-2.8896620723897937,-99.45522511229555,lock_in,True
157,0.7528950875560719,0.36950601834801144,131,180,257.69531249999994,-3.583321698471977,-3.272685772857268,-112.66301689544694,lock_in,True
157,0.7528950875560719,0.36950601834801144,131,180,255.5859375,-1.7907846593289491,-3.263454548829762,-112.3452299762996,lock_in,True
157,0.7528950875560719,0.36950601834801144,131,180,244.6428571428571,42.60980697763761,-3.0595153821298924,-105.32457927104994,lock_in,True
157,0.7528950875560719,0.36950601834801144,131,360,256.640625,-3.2843691083657944,-2.9478838227285196,-90.45476059939605,lock_in,True
157,0.7528950875560719,0.36950601834801144,131,180,20.406976744186046,58.160368554338,-2.924574372858648,-100.67920532333014,lock_in,True
158,0.766,0.5126517464853283,139,180,29.179687500000004,-9.594068226860458,-3.0980621278555383,-94.71511410086629,lock_in,True
158,0.766,0.5126517464853283,139,180,7.031249999999999,-29.656013541178424,-3.084668269033671,-94.3056327964929,lock_in,True
158,0.766,0.5126517464853283,139,180,230.97656249999997,5.979156796301311,-3.0809207524416693,-94.1910625294278,lock_in,True
158,0.766,0.5126517464853283,139,180,30.937499999999996,-14.785930226053424,-3.030812625161636,-92.65914095318746,lock_in,True
158,0.766,0.5126517464853283,139,180,36.2109375,9.594068226860458,-3.00288854820223,-91.80543720665462,lock_in,True
159,0.7459442700462046,0.41136466623124984,199,180,221.83593749999997,32.79716829582364,-4.138924348358599,-124.43825486796074,lock_in,True
159,0.7459442700462046,0.41136466623124984,199,360,221.13281249999997,32.79716829582364,-3.739674301960086,-96.82239494379782,lock_in,True
159,0.7459442700462046,0.41136466623124984,199,180,212.6953125,29.313198964168343,-3.5870045625861033,-107.8446163433684,lock_in,True
159,0.7459442700462046,0.41136466623124984,199,180,213.75,41.411188638099254,-3.2331846008134346,-97.20691010454756,lock_in,True
159,0.7459442700462046,0.41136466623124984,199,180,351.9140625,-13.248014905676953,-3.1461013795372095,-94.58872620778395,lock_in,True
160,0.72,0.49387256151477493,157,180,325.5882352941176,58.54024913501048,-3.8249053453139763,-123.03744987870984,lock_in,True
160,0.72,0.49387256151477493,157,180,188.9150943396226,-50.48004426244296,-3.8212538043619384,-122.91998902041179,lock_in,True
160,0.72,0.49387256151477493,157,360,325.4268292682927,59.67778522657881,-3.5836202770924435,-101.04169334738877,lock_in,True
160,0.72,0.49387256151477493,157,360,189.6728971962617,-50.09145680183258,-3.3160819136802515,-93.49833042719645,lock_in,True
160,0.72,0.49387256151477493,157,180,306.1363636363636,65.69633519657744,-3.129877614020658,-100.68016156373282,lock_in,True
161,0.766,0.3668103288770421,159,180,73.125,-11.11088180000327,-3.8315902964393387,-121.44528822285307,lock_in,True
161,0.766,0.3668103288770421,159,360,73.828125,-10.503271450113203,-3.6147511868666156,-100.07897222606604,lock_in,True
161,0.766,0.3668103288770421,159,180,3.118811881188119,52.416011889394284,-3.317815772098399,-105.16078187589055,lock_in,True
161,0.766,0.3668103288770421,159,360,4.00990099009901,52.416011889394284,-2.9372762327085264,-81.32220163232797,lock_in,True
161,0.766,0.3668103288770421,159,180,0.3515625,30.000000000000007,-2.884004578736967,-91.41077910815949,lock_in,True
162,0.7564898495853414,0.3936881948987882,122,180,232.03124999999997,-34.590574976176626,-3.095827056369209,-103.81356210532579,lock_in,True
162,0.7564898495853414,0.3936881948987882,122,180,260.15625,37.54432510382694,-3.0515257902351105,-102.3279891226919,lock_in,True
162,0.7564898495853414,0.3936881948987882,122,180,244.33593749999994,-32.79716829582364,-2.992524576350644,-100.34947661191961,lock_in,True
162,0.7564898495853414,0.3936881948987882,122,180,55.474137931034484,46.57184741344958,-2.95903973105835,-99.22661521686754,lock_in,True
162,0.7564898495853414,0.3936881948987882,122,180,38.32031249999999,-40.22818472806108,-2.944240278086388,-98.73033893829893,lock_in,True
163,0.766,0.39970075439953184,158,180,57.656249999999986,-14.169522214770055,-4.320754364466117,-128.02944412166917,lock_in,True
163,0.766,0.39970075439953184,158,360,57.656249999999986,-13.55478403717899,-4.031899765053787,-103.28485301212301,lock_in,True
163,0.766,0.39970075439953184,158,180,59.0625,-6.279288322550272,-3.8105190798660873,-112.91051805266781,lock_in,True
163,0.766,0.39970075439953184,158,180,51.6796875,-1.7907846593289491,-3.7732934526161843,-111.80747496009795,lock_in,True
163,0.766,0.39970075439953184,158,180,64.3359375,-10.199918091116302,-3.7288494494937665,-110.49054212989387,lock_in,True
164,0.766,0.3658640228129671,191,180,90.3515625,-23.969482317759685,-3.6943114028845225,-128.74463490849888,lock_in,True
164,0.766,0.3658640228129671,191,360,90.0,-22.346587898361136,-3.288960223608674,-103.172494134342,lock_in,True
164,0.766,0.3658640228129671,191,180,89.29687499999999,-16.646039912392965,-3.0321971193254496,-105.67035115739625,lock_in,True
164,0.766,0.3658640228129671,191,180,93.51562499999999,-19.788049410669572,-2.9605548980150096,-103.17366292075154,lock_in,True
164,0.766,0.3658640228129671,191,180,79.45312499999999,-22.993394314297802,-2.914694989765876,-101.57547275628029,lock_in,True
165,0.72,0.530652817425764,146,180,108.44262295081968,67.5624452929487,-3.49700620878464,-130.17586840875705,lock_in,True
165,0.72,0.530652817425764,146,180,327.9807692307692,70.90666664467562,-3.3268489361293976,-123.84176417752734,lock_in,True
165,0.72,0.530652817425764,146,180,324.1666666666667,70.16502666715499,-3.3262756866561656,-123.82042496670616,lock_in,True
165,0.72,0.530652817425764,146,360,324.9,71.6475002354226,-3.3059155556877533,-111.44246653472098,lock_in,True
165,0.72,0.530652817425764,146,180,352.6875,60.43443884495228,-3.2097908359852143,-119.48427656707851,lock_in,True
166,0.766,0.3720254780252067,157,180,94.05737704918033,44.20152985105137,-3.398253737716528,-117.01542454023291,lock_in,True
166,0.766,0.3720254780252067,157,180,138.51562499999997,31.039240010397883,-3.333991939753023,-114.80263132357734,lock_in,True
166,0.766,0.3720254780252067,157,180,84.84375,-54.340912303861245,-3.2775686595950635,-112.85974992978416,lock_in,True
166,0.766,0.3720254780252067,157,180,132.1875,28.971532223711293,-3.1819223571186366,-109.56626148057798,lock_in,True
166,0.766,0.3720254780252067,157,180,137.109375,22.993394314297802,-3.1207570029562306,-107.460091328573,lock_in,True
167,0.7216523400597852,0.43550637426351546,289,180,93.84146341463415,-59.677785226578806,-3.8510607066873326,-113.96419490022957,lock_in,True
167,0.7216523400597852,0.43550637426351546,289,360,92.7439024390244,-59.677785226578806,-3.592094730140939,-91.08844486151074,lock_in,True
167,0.7216523400597852,0.43550637426351546,289,180,278.9285714285715,42.60980697763761,-3.3921588149098034,-100.38392727459781,lock_in,True
167,0.7216523400597852,0.43550637426351546,289,180,272.109375,21.06181760164931,-3.2954985649701625,-97.52346388043698,lock_in,True
167,0.7216523400597852,0.43550637426351546,289,180,97.734375,-25.61308321640182,-3.221182399298738,-95.32422819016878,lock_in,True
168,0.766,0.352210399359085,133,180,313.59375,-16.646039912392965,-3.444800639737041,-123.45532237898023,lock_in,True
168,0.766,0.352210399359085,133,180,305.15625,-24.953020787727496,-3.1383399919204438,-112.47234212674688,lock_in,True
168,0.766,0.352210399359085,133,180,312.18749999999994,-23.64331425576559,-3.1285636321729773,-112.12197555665004,lock_in,True
168,0.766,0.352210399359085,133,360,313.59375,-17.896089316234637,-3.099397492324571,-99.3345109062411,lock_in,True
168,0.766,0.352210399359085,133,180,77.69531249999999,-16.334822780685997,-3.0342854577886484,-108.74322094375968,lock_in,True
169,0.7464391403903302,0.3459337315752434,129,180,195.14423076923077,-51.25580694880492,-3.2647094692303873,-120.74252760727173,lock_in,True
169,0.7464391403903302,0.3459337315752434,129,180,13.938053097345133,47.749650829136584,-3.251982567535078,-120.27183393562667,lock_in,True
169,0.7464391403903302,0.3459337315752434,129,360,13.5,48.922795160247304,-2.7964618791113067,-93.78539543058533,lock_in,True
169,0.7464391403903302,0.3459337315752434,129,180,292.5,58.160368554338,-2.7866700330381464,-103.06264425472038,lock_in,True
169,0.7464391403903302,0.3459337315752434,129,360,194.14285714285714,-50.86815892553736,-2.7714631151678777,-92.94700786407492,lock_in,True
170,0.766,0.39834085624752547,195,360,242.9296875,1.1937484371410818,-3.86419215578643,-97.119772276614,lock_in,True
170,0.766,0.39834085624752547,195,180,90.0,6.279288322550272,-3.3273681095837184,-97.91814393350084,lock_in,True
170,0.766,0.39834085624752547,195,360,90.703125,6.279288322550272,-3.1008047166408317,-77.9333540544436,lock_in,True
170,0.766,0.39834085624752547,195,180,238.71093749999997,-18.209956864283,-3.0961573408032512,-91.1140514568064,lock_in,True
170,0.766,0.39834085624752547,195,180,220.078125,-39.065494664452615,-3.0888352884016617,-90.8985774028841,lock_in,True
171,0.766,0.33085880514217725,149,180,124.8046875,41.81031489577859,-3.7687842071666786,-142.72400113991964,lock_in,True
171,0.766,0.33085880514217725,149,360,123.3984375,41.81031489577859,-3.5963801729910796,-123.86320398726218,lock_in,True
171,0.766,0.33085880514217725,149,180,120.58593750000001,27.27961273597809,-3.0779602216033703,-116.56244517434139,lock_in,True
171,0.766,0.33085880514217725,149,180,114.60937499999999,24.953020787727496,-2.965359541880878,-112.2982490174577,lock_in,True
171,0.766,0.33085880514217725,149,360,119.88281249999999,26.61009781073391,-2.9092434318293017,-100.19744905572261,lock_in,True
172,0.7514959636858477,0.33227033708033554,140,180,51.6796875,12.024699180565818,-3.2421505210991834,-109.40651751299589,lock_in,True
172,0.7514959636858477,0.33227033708033554,140,180,167.34375,23.64331425576559,-3.2318489430915527,-109.05889051841791,lock_in,True
172,0.7514959636858477,0.33227033708033554,140,180,59.0625,19.15501007356373,-3.079537383219747,-103.91913331243452,lock_in,True
172,0.7514959636858477,0.33227033708033554,140,180,55.8984375,12.024699180565818,-2.9280139447052487,-98.80597128037505,lock_in,True
172,0.7514959636858477,0.33227033708033554,140,180,126.5,-56.63719837020753,-2.9096809001270802,-98.18732225558952,lock_in,True
173,0.7289060955630643,0.4758911319351924,122,180,9.4921875,5.979156796301311,-3.205386354994017,-124.60690116378053,lock_in,True
173,0.7289060955630643,0.4758911319351924,122,180,180.703125,21.06181760164931,-3.0745239618734534,-119.5197267765088,lock_in,True
173,0.7289060955630643,0.4758911319351924,122,360,9.140625,5.079715792733481,-2.8582743684455116,-101.64105093764107,lock_in,True
173,0.7289060955630643,0.4758911319351924,122,180,8.4375,-3.882372003029573,-2.8403609302152586,-110.41681990852886,lock_in,True
173,0.7289060955630643,0.4758911319351924,122,180,12.3046875,2.388015463268772,-2.8163417827315946,-109.48309411482109,lock_in,True
174,0.766,0.3759893070073917,220,180,1.40625,36.05358859962301,-3.6983150365082564,-117.50995788706155,lock_in,True
174,0.766,0.3759893070073917,220,180,12.025862068965518,46.57184741344958,-2.9533267774107563,-93.83875276912576,lock_in,True
174,0.766,0.3759893070073917,220,180,74.53125,-35.318772903011535,-2.8474683738423257,-90.47521521839826,lock_in,True
174,0.766,0.3759893070073917,220,180,120.9375,-7.481631264246957,-2.810301229627549,-89.29426896372615,lock_in,True
174,0.766,0.3759893070073917,220,180,79.45312499999999,-38.3009224658677,-2.80743949677782,-89.20334046324115,lock_in,True
