label,r2
E,-0.1504841098366987
EIX,0.11130364552455285
