feature,importance
X,0.36057578172314775
E,0.3462021090497672
I,0.293222109227085
