label,r2
E,-0.28535656137520626
EIX,0.05398085894289517
