{
  "label":{
    "0":"E",
    "1":"EIX"
  },
  "acc":{
    "0":0.5544,
    "1":0.6084
  },
  "auc":{
    "0":0.5997530309,
    "1":0.651140265
  },
  "cm":{
    "0":{
      "tp":758,
      "fp":547,
      "tn":628,
      "fn":567
    },
    "1":{
      "tp":842,
      "fp":496,
      "tn":679,
      "fn":483
    }
  }
}