label,r2
E,-0.23964798671129683
EIX,0.08086932470026853
