time_step,region_1_entropy,region_2_entropy,region_3_entropy,region_4_entropy,region_5_entropy,region_6_entropy,region_7_entropy,region_8_entropy,global_entropy,lock_epoch
0,2.5663128366419246,2.561941812287194,2.5159610295576202,2.5320937515678423,2.567673094747335,2.559895904444825,2.569766077629394,2.534451158090709,5.605495773188788,122
1,3.2068117795402147,3.202500431864048,3.148874067354673,3.1688372602253185,3.2132861620950726,3.204513814524823,3.2078595649948407,3.163269854650922,5.594831296734442,122
2,3.8449948545025006,3.8386554843553906,3.777086220944369,3.8002273616997972,3.8550180463462755,3.853634973964907,3.8450944323344745,3.788608053242508,5.59901011990902,122
3,4.4888433958125065,4.468378642023528,4.410221584230181,4.428397338515662,4.5027854172962165,4.490994099236266,4.488815870662064,4.410335482084008,5.609871694308781,122
4,5.1316894914129945,5.100564675051071,5.054056848729444,5.055636565093724,5.145566501770645,5.1194947617856235,5.127846463637074,5.020640167309745,5.606561797392163,122
5,5.1279940540442865,5.089636978958169,5.0737002556369735,5.0356234699624824,5.1456585780585815,5.1037041134915615,5.12371192408087,5.002797147575393,5.6134985671060935,122
6,5.13040630089929,5.076848453632218,5.092102335948505,5.019700075098503,5.136421017328928,5.083651901220514,5.107844550912231,4.985117837321358,5.615572553793953,122
7,5.1347159617724785,5.071389339006481,5.103505961790461,5.011414697313469,5.134842084601942,5.058950748854237,5.0934723586722646,4.974652785464646,5.617772232444771,122
8,5.146514410362458,5.056315169914949,5.112565425275045,4.995993989181012,5.128133875055223,5.037867725963552,5.088632046395115,4.972204284092618,5.6234765008317416,122
9,5.1571247675004255,5.0382794510385684,5.122300262775069,4.977540025490399,5.117048155882994,5.010506259752795,5.089410362339723,4.978476167339526,5.624469755964963,122
10,5.176152705761954,5.02459892143479,5.133710440863167,4.9605188980538815,5.104932604286296,4.990986747948981,5.104961425024079,4.978984363312096,5.621423012524142,122
11,5.185237799501463,5.011584891391705,5.14560192586801,4.948275456937414,5.083242825804407,4.990481037097024,5.111784367232118,4.973745717302394,5.621763963801434,122
12,5.195626526019435,4.989221021256988,5.150555434179813,4.944282787612709,5.06423481014004,4.99537981566741,5.12398532145965,4.98373723178377,5.630504751575592,122
13,5.202220926788219,4.9680705627523665,5.152355048450474,4.950142879123579,5.051328971738405,5.00522620325173,5.136315568239679,4.984122139613007,5.631991854362063,122
14,5.2018611409645255,4.96008000985273,5.156178903988453,4.967280073638442,5.046560967688842,5.019070401250438,5.158720336512612,4.98810127544736,5.638177054041897,122
15,5.200758516960056,4.943007739776386,5.153514126582728,4.979102831153776,5.042890523865701,5.046027545695554,5.176910687425767,4.990470518952776,5.63915142163721,122
16,5.2011593080600065,4.93168147816169,5.149664029373776,4.997860176544355,5.045666348462104,5.061573032248784,5.19043759193974,4.986881162861751,5.644659998127534,122
17,5.194105377484329,4.932557999928024,5.147098859076796,5.01419247669882,5.048206280442109,5.070027035681648,5.201761197214478,4.976500263712094,5.639914578247858,122
18,5.180381099091493,4.943958120180762,5.149117963681521,5.037218932790126,5.056944032844646,5.06848258454415,5.198420782028133,4.972536219428609,5.644463126915789,122
19,5.176895897240784,4.953565786649551,5.14941025394596,5.055832811559727,5.071531067062527,5.052318612254539,5.1947196326853255,4.970278215867055,5.650255888084038,122
20,5.173780796659926,4.976968237220243,5.142883699422126,5.066465348741214,5.0885039146032485,5.042146753389048,5.195161309905317,4.965513654894109,5.648217800762309,122
21,5.176814876919673,4.99428940470994,5.134734765445109,5.076897524655818,5.112189840863309,5.028726793454416,5.1951673694054685,4.9613612832853535,5.646498987028024,122
22,5.181116892325122,5.004912211762837,5.121351861875251,5.0680921089181314,5.142275204491174,5.014586745393521,5.198208366798987,4.9562635188921815,5.650391031069716,122
23,5.18292502863293,5.017663399038745,5.1146186762994015,5.056998552689546,5.161978211437003,5.0004701430873535,5.204829137193569,4.953193083302109,5.65647417566495,122
24,5.181082214209709,5.028191084661297,5.101159739477111,5.04041799963634,5.187479798075678,5.002673878478368,5.209641905761602,4.948262099045286,5.649997568424316,122
25,5.184008965686806,5.03262475146119,5.088344332834096,5.029633747349144,5.210344339324319,5.006468724039031,5.208718086844083,4.936091596232827,5.659826129857394,122
26,5.185212534764188,5.030275185753565,5.0735108427178774,5.019746131294404,5.234195161377593,5.006513831469902,5.205531188256014,4.928607680968115,5.663036061622225,122
27,5.1710612478069695,5.037489077845505,5.0524662567965475,5.016854963683786,5.251111229112983,5.011677977596196,5.198154235186717,4.928982104694968,5.670562469345676,122
28,5.153448206208538,5.042646489809875,5.0328968295065835,5.00956389681374,5.2632598459842335,5.013197202311663,5.172679544587387,4.941617520015873,5.665761971552111,122
29,5.134260925075457,5.050589336684844,5.021730512282756,5.003119232162387,5.260687797481314,5.007138360442276,5.146866062353887,4.9529286557480745,5.664068923555027,122
30,5.117547531841009,5.062742406756935,5.014568548099465,5.007560363625231,5.241880443172167,4.9966927707332776,5.125713240897719,4.957920913571325,5.6678060799286865,122
31,5.107805989527869,5.081840620494998,5.0134837574688556,5.018485736466695,5.226917493919875,4.98469606949893,5.111629832457307,4.959020916488855,5.667682254752256,122
32,5.096236454898673,5.096581859080892,5.023104139733707,5.031124669961626,5.202053574686424,4.96457689663043,5.098540525097065,4.95667363563132,5.683664676522392,122
33,5.081787447846378,5.10533840011974,5.034498037027187,5.029501822300344,5.182391254258321,4.945510715784966,5.094673316314153,4.962763687857287,5.6785518524895435,122
34,5.067714878401971,5.111239771801476,5.0475462247052825,5.022916788996325,5.159485004850575,4.92601580593872,5.087822432390546,4.969875400652952,5.675445027417941,122
35,5.065798520539576,5.115468376397328,5.06966221285787,5.011810300231313,5.144666342302521,4.910012221019305,5.08021818926122,4.968145291852155,5.693859615931962,122
36,5.069513257400125,5.121636171484093,5.092510376611311,5.001444838175406,5.132277468355711,4.894926998505226,5.08180841422887,4.9549003786284,5.695619367413515,122
37,5.070845217091459,5.13633864380798,5.103571832818908,4.992843105490575,5.12305866433831,4.892267822513906,5.078179975614377,4.9486936654423594,5.690002835751857,122
38,5.068463866077721,5.142777256500474,5.119672425724443,4.987657562645094,5.116993785870152,4.889701089190381,5.078738873907048,4.946880390753785,5.689468694204152,122
39,5.067014847911666,5.143841169196753,5.146013809541346,4.9798345219486695,5.113522004775302,4.8849295080223865,5.067945548042058,4.946065351294535,5.697648387387837,122
40,5.072121931610463,5.150284164332394,5.162787260804808,4.972721297392309,5.108622671011376,4.881949658172359,5.069391987248514,4.943571486348764,5.69699911069262,122
41,5.0806427247097705,5.156622027853086,5.175531747119555,4.972663431701146,5.0983923005335345,4.899328326211348,5.061610021742058,4.9318852252403165,5.699668035795174,122
42,5.087109523699546,5.16620547638902,5.186380704079078,4.977998725696481,5.0881769556758965,4.920431202765117,5.052488390394881,4.914953014255133,5.700099537662132,122
43,5.085873014890921,5.180336840581298,5.189446947186392,4.99350479141806,5.077039917268065,4.948958918992657,5.060699043314073,4.9128708877372,5.700814019310354,122
44,5.08982152492986,5.181590499330016,5.191875317283226,5.02135034111007,5.063013947890482,4.973003551157636,5.072602985246923,4.90796706559045,5.7107496680211,122
45,5.1005579950865565,5.179165014221782,5.19709081618003,5.048693206842619,5.051381121613699,4.988257502764249,5.08464650234091,4.893352128654006,5.709167010648009,122
46,5.117793091175012,5.182445733165591,5.201996048052422,5.0603010276654,5.0314301410177915,5.014450215822932,5.081220532532118,4.874772707326689,5.7102668662401115,122
47,5.132532565936945,5.186242836533428,5.189010551326166,5.070273838048651,5.015604973010161,5.031601444144225,5.083132771881884,4.860480458672197,5.712791304701887,122
48,5.146524859666769,5.1975204298281765,5.1796514456462885,5.087438405322856,4.999232449853082,5.057410517032256,5.078359708556425,4.863739728308191,5.70557296647707,122
49,5.152086105028243,5.209850388592849,5.168286636101418,5.09801889218756,4.984823292317424,5.072930948616421,5.085917971497337,4.871524898175393,5.712388128967844,122
50,5.164945810899143,5.220557306996557,5.161932663020159,5.105476579337584,4.976234160194119,5.0864453381506225,5.107917294588125,4.880002677714178,5.707154492195217,122
51,5.193524569241421,5.223941888303278,5.153567962273344,5.104097180429694,4.962340153606474,5.0887005765395275,5.118650586439223,4.881842028258861,5.717896193766116,122
52,5.2174182278183485,5.226942126677756,5.142402831352548,5.0979028775799495,4.950848256103255,5.096547047513711,5.122317938208927,4.890800432816415,5.718840643133197,122
53,5.241192060183209,5.22635891803258,5.133035117917977,5.0878113598664445,4.936608661708358,5.110316835812586,5.1224326741598984,4.902460063656977,5.71980282398623,122
54,5.255916580574742,5.223386477548104,5.118143864777714,5.0826771836140665,4.933543650386734,5.109641512504256,5.123578410834931,4.918793228205544,5.724279724208417,122
55,5.268298009754289,5.2271857372296155,5.109955840711436,5.081624809752116,4.928261633504203,5.111480767336584,5.1203301260088026,4.9324138328730225,5.7208808018040775,122
56,5.276955427764939,5.221219103006117,5.101313255789363,5.075031265849084,4.921397955802319,5.107280463935726,5.110461368368133,4.931858620038167,5.729327841938056,122
57,5.302867759348867,5.214878360910407,5.0927770452159615,5.080781584930473,4.919693828309317,5.1002247137891485,5.0890471779525255,4.9223192393140645,5.728555772039804,122
58,5.318186822173602,5.207134903260147,5.077285311893256,5.0881373513290855,4.906171956908241,5.103273080287865,5.066163517256074,4.930794886781921,5.735243558228266,122
59,5.327891674155113,5.203091522884412,5.069832024633466,5.088802999418542,4.898366232406113,5.100498606468525,5.046505095970461,4.9452021398727775,5.727573066876389,122
60,5.337961573815907,5.206101584956365,5.069392296111094,5.082747375930259,4.900333605329893,5.10513818831945,5.029706409128667,4.9600699018221075,5.728280163418771,122
61,5.343542247002394,5.212001243571212,5.066389215325129,5.078802663196873,4.911165697525239,5.112117019636549,5.026851916056492,4.970147118343228,5.740578448418924,122
62,5.3447051319764665,5.221592439202609,5.063590208830547,5.077051484336466,4.9200410464562285,5.134533032251682,5.027882217865056,4.982807800203312,5.737308324916474,122
63,5.348281245124772,5.229071477519992,5.05159720791929,5.082593311454609,4.926869734048369,5.15722006498039,5.0324823266600704,4.993076548209696,5.745790272281004,122
64,5.346462684688683,5.247009601520794,5.04473737602109,5.092584956397299,4.934336498082799,5.171859461418153,5.047082594667271,5.018074828025643,5.74326402308232,122
65,5.33986011688313,5.270300476560533,5.043369248705556,5.104508352782622,4.929632600115732,5.182659550682457,5.063352856285435,5.058372467883053,5.750356558939842,122
66,5.337010281410008,5.286876725365767,5.047634374381572,5.115401707186844,4.939506754024324,5.178117747544402,5.0709842910905145,5.078123889650866,5.746038918009692,122
67,5.332807051656667,5.3049386498662905,5.046193565756225,5.129803504005082,4.943893303831017,5.175378293680977,5.076206170429916,5.092953160362239,5.746589921095693,122
68,5.327981312950046,5.3184619668521815,5.041473102509999,5.145019027711369,4.9443803140304095,5.163884757416871,5.084320483657437,5.102733291724023,5.752277918667452,122
69,5.323994244800151,5.324667516730605,5.042718947733146,5.161949256352693,4.939798112218935,5.150554014433781,5.086456311276375,5.116796579012306,5.752673569395074,122
70,5.32397682412438,5.328086679898015,5.038119106893373,5.17532755500706,4.937104029945132,5.134473697806268,5.095011352195614,5.129931811455665,5.750235256276466,122
71,5.328031864491509,5.33077115025149,5.044332173568187,5.179308623762499,4.935917211871739,5.124121020153737,5.1072114203531385,5.148867239193599,5.760256005951849,122
72,5.335324026705447,5.321148356438258,5.04876774371858,5.171493296125358,4.935996761938158,5.12093142265185,5.108810323830222,5.153808030464125,5.7567944007435266,122
73,5.342998627002407,5.315996390550305,5.056031416515319,5.15522684118159,4.953302523933799,5.111550271018734,5.0968047503981495,5.148660273233244,5.761962266654058,122
74,5.3520789954541,5.314534091299377,5.066299700697603,5.1310782429636665,4.967718581154565,5.099451485915872,5.09476101972912,5.147821875791989,5.7591630824230196,122
75,5.3555980121364986,5.305334687480578,5.085325700774733,5.1049413833886526,4.984614567932749,5.095949191260101,5.091013108710571,5.140758980144423,5.76647781359137,122
76,5.359114168378853,5.299657697915877,5.1046687207489425,5.084116641523385,4.997689791384822,5.09167815711759,5.092795600759698,5.12611272062604,5.760980009840211,122
77,5.364390216952788,5.294647762501077,5.114550591991972,5.061919992062129,5.013072255700775,5.086603349456299,5.084458345282255,5.116464379120847,5.776474052227253,122
78,5.37062684505126,5.288417955129235,5.125092570869583,5.043714930064158,5.0284224019824615,5.078031391710275,5.073419240309507,5.105944333348548,5.778983637023651,122
79,5.374364678020782,5.275367872602568,5.128447626890399,5.030857165006916,5.045712732770401,5.063400275849531,5.055438840178803,5.0974370993927325,5.766986948505686,122
80,5.3692283041870885,5.258476474002734,5.136914185784003,5.021855969253281,5.069659106477221,5.051780799909651,5.0401193596591645,5.083355103270577,5.773706696367721,122
81,5.36339836070651,5.228637905047212,5.139193598439247,5.008031226320761,5.08868639180499,5.046978811593921,5.035529085858344,5.074516300649465,5.7675289256553866,122
82,5.360083410121084,5.20269801788819,5.139493946087301,5.00132747560445,5.103079790020132,5.04640384432064,5.026966059955315,5.067442343721008,5.775294148458283,122
83,5.350866655428499,5.176250967608636,5.131844472364769,4.99650618221749,5.116144971455271,5.038851468473038,5.021290310404347,5.076429375758749,5.778577103695384,122
84,5.340988378184009,5.14983157409215,5.134638646863801,4.98814383511357,5.122596455234878,5.035965220191356,5.016688749726762,5.084943153037438,5.78384131065298,122
85,5.325045150190509,5.120838507289475,5.1473319411589955,4.979983427542141,5.125316347376343,5.026825305737542,5.02243814699356,5.085272890689072,5.7782049692512345,122
86,5.317588978250632,5.092995024529438,5.168754286294718,4.97666311866133,5.128590068644089,5.022903589280117,5.029552519394126,5.072044962475052,5.780084222682896,122
87,5.303061377906399,5.07240676982153,5.19351162884667,4.963590823416206,5.132370358151803,5.027166151890758,5.038450880840599,5.0542125429326115,5.77891564883837,122
88,5.301834914683324,5.059894521610423,5.2079338270067295,4.955606523947964,5.135008464629179,5.0280074380733435,5.047916693723355,5.0523230590164765,5.796884354202895,122
89,5.302224452336302,5.0501779165060015,5.219566761533534,4.955505077493163,5.140576325646142,5.0273634928109,5.062352008844228,5.04969014134828,5.784190074322177,122
90,5.295883005568476,5.040888912544213,5.219407350505696,4.95377744283715,5.157038433210042,5.038333956506804,5.07212232166138,5.0407230400800085,5.785284153543702,122
91,5.304803412622081,5.040252009820602,5.213463848762175,4.955627588727042,5.1679154045714135,5.052656735252604,5.0776538655816825,5.031859317950963,5.7841936675198244,122
92,5.30302051123794,5.044877387127153,5.199962726364738,4.96198752123449,5.176707871960158,5.070414238444305,5.079604337725719,5.0333844171327256,5.795311831999083,122
93,5.308441662875658,5.060732606600405,5.184650370156042,4.960307825071038,5.191630766859192,5.093862397755675,5.087035929176892,5.0344786264247405,5.790307769308709,122
94,5.30844714954811,5.076675850998446,5.164397222510997,4.961550183773399,5.20815883491584,5.113032593875969,5.093717787135988,5.049708716279099,5.797158050233579,122
95,5.315955121832715,5.08522510216685,5.143600105829819,4.970262214483226,5.219627610249842,5.128908661079882,5.097459054411209,5.074864887816627,5.79084103161723,122
96,5.330140668423651,5.0978810364418825,5.136742294939394,4.982600887467086,5.226579570641985,5.1513582422857755,5.091184221907926,5.0914893376569434,5.80311165378567,122
97,5.3378706905212425,5.103581654377465,5.129172261137825,4.989208743235873,5.2290369945782365,5.17889843872446,5.08298683510636,5.107716080007076,5.797479879176845,122
98,5.348229007094192,5.100823043818266,5.11840503263742,5.003887869918128,5.218935514744819,5.193080188757244,5.084355003373447,5.124667299940718,5.796517596682008,122
99,5.345210769193482,5.099845832396124,5.103492611051711,5.020729395643807,5.21225539199256,5.21227872524257,5.092219016981359,5.13890658213737,5.804170202119499,122
100,5.347867015093177,5.10057464107995,5.092765602785846,5.039581926314718,5.2222541489665035,5.2216857064963556,5.10002309478598,5.147586795495968,5.800853658672438,122
101,5.356568557020845,5.100469554583216,5.086971702503179,5.05320235670704,5.2303810006989755,5.237298228377572,5.093599882939311,5.1648437309606265,5.799325457005153,122
102,5.363870502847805,5.100041085089638,5.088163725986224,5.062612121163571,5.238921109013957,5.251221295387159,5.085578276791933,5.1787260259659575,5.8068304733356495,122
103,5.364101408608323,5.111026836345048,5.086579500505154,5.071556866432354,5.247615638362371,5.25969916392269,5.08014684574444,5.186825671241671,5.804484133048556,122
104,5.347225999181383,5.109031075474479,5.084650586465367,5.070372808234463,5.254529192011606,5.254671273065335,5.089233635825019,5.191342698618525,5.815634887155905,122
105,5.328603971423305,5.105446616727429,5.083983630702977,5.072634121175574,5.261722180539021,5.238850432356896,5.101604886989364,5.201720761212045,5.803010867043627,122
106,5.316378544840528,5.103948566815858,5.084014572377859,5.079695525507837,5.271701491969167,5.226532195236624,5.1043180526986225,5.208019003876574,5.808392076103972,122
107,5.305076086019413,5.104829492327811,5.091770984518044,5.088880970474628,5.27628190789638,5.213010982591802,5.103825164315807,5.199716670634629,5.809027072229801,122
108,5.294292856818841,5.102013884087062,5.093409320760593,5.093168856880279,5.272714666140671,5.216042454680032,5.0945954273219005,5.196601108676542,5.806617658429189,122
109,5.280031157731436,5.096241239797516,5.087264278974417,5.1087728278931,5.269976486553162,5.217461731326159,5.098976600809086,5.1958484955323225,5.807261102050124,122
110,5.267526628266855,5.092892249414021,5.071261995713039,5.125102926054316,5.258610077039463,5.205883918751334,5.105954929671852,5.188760203366446,5.814006985566293,122
111,5.253826426387502,5.090108311903298,5.0518710088948255,5.140263626875242,5.2431301234567345,5.195377636293449,5.120004144407508,5.17974908170492,5.819037458563426,122
112,5.241343214243124,5.0972845673055485,5.022635783351929,5.160994569112199,5.222540564778428,5.195910367072813,5.127166493925437,5.170549271630771,5.821379673270311,122
113,5.232537981212653,5.114449906723758,4.997990210113949,5.1779871611062,5.206036958790136,5.206338639930427,5.127288071603112,5.155270389550442,5.818944589787753,122
114,5.220596550977667,5.147433700641326,4.988877416285701,5.179487473854891,5.188322713998002,5.2251547584484666,5.132288387078834,5.147421938326713,5.821282460145991,122
115,5.21556784115829,5.166622768439005,4.974697209928546,5.174858983770363,5.176481819910935,5.236401678286152,5.138555283885444,5.144972836702768,5.831266423779758,122
116,5.212559338746555,5.192090023976471,4.961109236432497,5.165425181699142,5.166667038084156,5.229735328982357,5.147097239077706,5.133862439856197,5.82520971757055,122
117,5.205880306290819,5.219351933858567,4.9549571272082975,5.150451306625291,5.146146060528269,5.219396002494201,5.159455067302622,5.116265005925598,5.830066168878244,122
118,5.197151031631751,5.249852049704222,4.957763454744255,5.133014769558673,5.127418953420138,5.224575943365762,5.167374490404611,5.118572708883644,5.8205864570149135,122
119,4.543930921221114,4.603212557879649,4.340953817906478,4.48275719068747,4.480513138623887,4.577640625672391,4.518997750915432,4.473611712180491,5.826254454305301,122
120,3.8963850686855865,3.9556727102883684,3.725242443369145,3.8323374466280793,3.841192216082648,3.927418540050554,3.8732988764429273,3.832040617877512,5.826791908467877,122
121,3.247923196782647,3.308890766094581,3.1068124516607956,3.1862572484421667,3.1969225537644164,3.273015445915795,3.231127216993121,3.191847774571344,5.834181370505289,122
122,2.484575427586538,2.6136306637726214,2.455899579306774,2.5368449771784145,2.522859170542664,2.562264720478568,2.614407769241611,2.539021372574395,5.827710316475794,122
123,2.6209149098160633,2.7543475544479508,2.5937849812307165,2.6809968792763548,2.6589873639122397,2.7034201127821236,2.7582683845395195,2.679833072212796,5.832845681131166,122
124,2.756519949268287,2.8936037004504844,2.730919946499493,2.825923874407848,2.7940336562585326,2.845070182591123,2.901154382210321,2.819844117094889,5.839651166981348,122
125,2.8909276019467387,3.033158140334492,2.867557784673325,2.970659034053182,2.9286644304741882,2.985679893406733,3.0430986523409684,2.9601423758268224,5.834862390382453,122
126,3.025504597687572,3.1737114833273314,3.0034255286776377,3.114370299633326,3.06270926011532,3.1267372660518387,3.18419821857708,3.1025788834553056,5.844350981963932,122
127,3.1600720448880875,3.3145423167738133,3.13923442816981,3.258536850269711,3.195846500608231,3.2671653168561994,3.3260266400504186,3.2432967523294494,5.844156242067664,122
128,3.294498295360377,3.45322061841573,3.2760374781045396,3.4046688261653903,3.3295951267915296,3.408722806600064,3.4681278378489346,3.3819651713789467,5.835190137216157,122
129,3.429770855601281,3.5922020648501087,3.413480305683599,3.5496561565756313,3.4618350525319563,3.549534144284016,3.610383745181241,3.5185513382045324,5.840479014747099,122
130,3.564980828991405,3.73188051956463,3.551712569136066,3.6938913998739427,3.5943648621967483,3.690928079752263,3.7521177090971696,3.653243511655934,5.845373203368197,122
131,3.7002797152493923,3.8723801720739006,3.6908292576758908,3.838291695337732,3.727125436017015,3.832964544645165,3.891760497407572,3.788551597769538,5.842442897542002,122
132,3.8353253379039836,4.013105492410842,3.8301459995546656,3.9805912513920734,3.8603652116857443,3.9756348598291824,4.032686692058043,3.923383466348806,5.853560802862967,122
133,3.9706641260092894,4.152113369671454,3.9686344331512786,4.122475473615726,3.995847277847958,4.118264789261368,4.173281772873412,4.057917868689188,5.841261486701984,122
134,4.107337949562538,4.291815574057701,4.10825349386152,4.2643434177259465,4.1322726701173,4.2612892137575376,4.31517053466108,4.19201284036456,5.8412424555035,122
135,4.244917931883371,4.432655593739737,4.246457085603588,4.408384631944702,4.269309449495166,4.403580900623989,4.458015069247509,4.327823826549907,5.848968466135425,122
136,4.3826931726586125,4.572840477933001,4.384983315901106,4.552532235493621,4.407440058213556,4.545023769848052,4.601336674032607,4.465054081513736,5.845185537551055,122
137,4.52084054140002,4.713698565591779,4.52324413940876,4.693218596760448,4.545653182741363,4.685446361356998,4.744859560319757,4.602836376817809,5.846762668623382,122
138,4.6590846699499355,4.854504894523165,4.661179962348715,4.834845390455686,4.684365637989007,4.826074718755925,4.887657314039206,4.739745670630709,5.85387532472462,122
139,4.797707856333831,4.99508921143998,4.799938094021697,4.9749693117217255,4.8235075689734845,4.967156936797709,5.029738962602105,4.877094077431172,5.853876628263724,122
140,4.936044045752025,5.136400680705467,4.939309286809875,5.116165319490994,4.9630663206833034,5.107751167500464,5.17121077811679,5.014441738809182,5.845243493547181,122
141,4.931299459259526,5.127405648135323,4.939176085933958,5.116560768682179,4.9606415426391415,5.104293003589876,5.16944159154869,5.008508197038151,5.859534503181132,122
142,4.926261427370699,5.1203184491922915,4.93920957045946,5.119019601786611,4.958195105757918,5.100568211168298,5.167718476259239,5.003621732400728,5.855667854450035,122
143,4.924999044951726,5.112415354793804,4.941318590578632,5.121431200165578,4.954723126306682,5.097787640384632,5.162607456784809,4.99959098460306,5.862371604311391,122
144,4.924063187106798,5.1032666997632345,4.942896598296737,5.124632557919418,4.9512264191252955,5.095943961891412,5.158487241359291,4.9974396285517955,5.865202191595615,122
145,4.92041559058865,5.096456421055491,4.9437806006311735,5.126225269714032,4.949024109332596,5.095225832971588,5.1563857466179215,4.994870529883545,5.857385250462424,122
146,4.91878759217465,5.091634513158241,4.944862005499692,5.126659672938043,4.946480433949832,5.0937331081192205,5.156867264708048,4.99334941705489,5.864947716392831,122
147,4.91962057643047,5.086658228289066,4.945934801416382,5.128715489879129,4.944337281811414,5.092561972341981,5.157573744707321,4.989897059453336,5.868544064072909,122
148,4.920062344303631,5.081979868007301,4.945486377130811,5.130996134289014,4.9418203633706135,5.091720499191899,5.1553167937634345,4.986828686559065,5.865953583554268,122
149,4.9229394394570765,5.075230431188311,4.945475448430221,5.132064187740629,4.93883729735774,5.090788089371551,5.153849647930461,4.982360764776266,5.872067908521677,122
150,4.926042048202367,5.068360939564509,4.944682540012918,5.13515702476718,4.935431070484748,5.090880466036857,5.152063482329227,4.97682297221205,5.87343519249284,122
151,4.930664503839848,5.0621852621833705,4.946629294805077,5.13836928717131,4.932740072122224,5.0896240068701015,5.150691791484345,4.969871379242095,5.864941097573053,122
152,4.934828861201508,5.056886189798153,4.947485003493077,5.139090052777526,4.930024910586541,5.0879936219979705,5.148310538754196,4.966095489920248,5.861307858571744,122
153,4.940708332811409,5.052429295618129,4.949978516176441,5.1389597177310895,4.9279111586093,5.084665295275862,5.145994551653,4.961685815844706,5.868394247058106,122
154,4.944410233376729,5.048243688565738,4.953614068363773,5.137404150531639,4.9247938939034706,5.081621713423905,5.142022316378249,4.956024268920218,5.870835632397694,122
155,4.948232477482249,5.04472380590189,4.956101655575126,5.1368147015515175,4.921833254951109,5.078448438509618,5.136398718210481,4.950744138962924,5.8718900922818,122
156,4.9537708021855575,5.0411039206649715,4.956159169884129,5.135953922358587,4.9201001619673335,5.074592266201765,5.1326562516424685,4.945739402533713,5.873848628198141,122
157,4.959759465391619,5.0391823958037545,4.9576412774402865,5.134347892945504,4.919719847468581,5.071460075198818,5.12882656431235,4.94008835644374,5.870445727547355,122
158,4.963897366707442,5.036275914427597,4.956762134896273,5.130981301934485,4.920966437762408,5.06876545506424,5.12448941651897,4.9353535116846645,5.876741784274078,122
159,4.967794349640885,5.034955551981931,4.954879945424931,5.127864720559531,4.924817899406093,5.064807486778898,5.11797931786332,4.932872737058024,5.879530924318493,122
160,4.971471830595757,5.035357861019461,4.954472093364459,5.12399001593215,4.9299000373777355,5.060422313021894,5.112177746911703,4.931556297490907,5.877175415890341,122
161,4.977226259509893,5.035523076710861,4.954703762602435,5.119021548286236,4.934059507738888,5.058349896592177,5.107431199241136,4.930049656376364,5.884264544890821,122
162,4.982541567275124,5.037095771807561,4.955955487091415,5.1149173742575655,4.938850636420366,5.0558596834145595,5.10572512387588,4.925892395922899,5.881579821460408,122
163,4.988305197266209,5.037036434955171,4.957043825316346,5.110676556872326,4.943590275839501,5.053603580197008,5.1038492538358025,4.922585769120185,5.8772858009176625,122
164,4.9944196279812045,5.039485049177651,4.957299428700859,5.1039351388984375,4.947532621841182,5.051248345991699,5.101055811015195,4.92002159073718,5.875872720017974,122
165,5.001276841381359,5.0417540401161975,4.956927349382825,5.098980478727699,4.954317375938471,5.0509085892170855,5.098954275460557,4.918772786737128,5.886503036217056,122
166,5.007888069419388,5.043723647032059,4.955525587280884,5.095873075129066,4.961075486895814,5.051394279903379,5.095640061302584,4.918618346254179,5.878103824261399,122
167,5.014596006138683,5.046166950391214,4.953874835548405,5.091805172406101,4.967194227424373,5.051051661523232,5.0939951031059305,4.918156472819289,5.891005921549245,122
168,5.023390915901461,5.047868645021534,4.952317630592466,5.0891150920064465,4.97304946941054,5.049053447862919,5.091627703267569,4.9192157250597255,5.88853541387372,122
169,5.031710492522729,5.051471661247566,4.952601051727445,5.086796067929175,4.977890615789807,5.047396208195816,5.089351896819464,4.921950349275658,5.8908908211302125,122
170,5.038729819108607,5.054659291492122,4.951586884867936,5.0852083676197655,4.980920140645074,5.045421228433392,5.08616539364848,4.926819661197987,5.885773987503111,122
171,5.045251233496418,5.054663083087963,4.951973127449508,5.080866404949676,4.983335765814232,5.04472060751465,5.081772054594051,4.928197694888755,5.898032845786547,122
172,5.0516048144946595,5.0545489573927895,4.951611533181449,5.075447442412906,4.985037655049016,5.045847719524392,5.0758944532885995,4.928463129540365,5.887381052662249,122
173,5.057171782421333,5.0541991021007915,4.952791481387461,5.07418035380327,4.986945730498308,5.047513684906484,5.069954522095468,4.928004660254748,5.89100027430214,122
174,5.0621343164013055,5.054494784366156,4.9529418310848214,5.0720555235217635,4.989254385586815,5.048079173266002,5.064290961520628,4.9293774677351045,5.894122621050362,122
175,5.0673471812857755,5.056160385587404,4.951604153811132,5.071324204003902,4.990255222023759,5.0481502880207385,5.058880599779671,4.931405595841297,5.890815169260088,122
176,5.07170595298089,5.058482248136254,4.949422847063099,5.068539047034381,4.990382714100814,5.049573913382565,5.054424732440273,4.934766716811064,5.885602660261702,122
177,5.07674824591113,5.0641693685468265,4.947245842925582,5.066176807431617,4.9913421575660974,5.052445540739303,5.048812302767901,4.938370397692168,5.896812865138064,122
178,5.0840520126235855,5.068660832429476,4.94591399619582,5.062931868660803,4.9928842001413685,5.054985042391147,5.041889902519345,4.9412116042111185,5.904117765023452,122
179,5.091097222298753,5.073996289176938,4.942310995410678,5.058347156903547,4.996264964978671,5.055199587193787,5.037958429177774,4.944935819388986,5.899918041459663,122
180,5.0984902217252595,5.079833537425977,4.938479940319632,5.052126192318368,5.000162919371373,5.054102777114844,5.033468390686215,4.9495302355488695,5.9068608923806085,122
181,5.107716341548977,5.084553447213298,4.936509640464582,5.046050971048551,5.002701387607417,5.054417537938338,5.027751073272199,4.954292165858009,5.894415604721179,122
182,5.1156885185551495,5.087104876547783,4.936402057711897,5.041963245953331,5.00535925460211,5.055053705667325,5.022021981580911,4.958360143481002,5.899106367162701,122
183,5.122145153588051,5.091756181629021,4.93740287658322,5.039488311280717,5.007812578989577,5.055697784780861,5.014928050096316,4.964267376124807,5.897584639099792,122
184,5.126944872093059,5.095593913586438,4.939497081768539,5.037850973768732,5.011476939553656,5.0569837438698855,5.011129371523122,4.969452349836469,5.907435149783917,122
185,5.130912223593231,5.100824165230568,4.939108128970447,5.035678976186059,5.014909477922755,5.058480999012154,5.008016327815444,4.974169110115845,5.894804123409193,122
186,5.134428476807978,5.107674833169941,4.940064234366588,5.032880009371954,5.019810995600074,5.059091843476072,5.005044968071947,4.979479387913335,5.892323793485541,122
187,5.136150420132996,5.1140105484949885,4.939029148995192,5.028169355728278,5.02671878231757,5.06033485329745,5.002590966546178,4.987560602468253,5.90632977929983,122
188,5.138906263367653,5.120288071969156,4.939360887540296,5.0237269202503825,5.033779888145201,5.062418795711134,5.000993072113836,4.994767738537246,5.9015468081000835,122
189,5.141163702550477,5.127346598227447,4.940374120817625,5.020655726698008,5.0406592515249145,5.06673962216423,4.999078945784332,5.0038348819396425,5.9074137796133686,122
190,5.144771053092613,5.136002733174834,4.94213378187338,5.018506394449485,5.047742467391464,5.072123451556393,4.997866417752831,5.012717436629722,5.907285031234017,122
191,5.148695119204872,5.142332987094073,4.944961737729917,5.015721695563749,5.055797413945992,5.078378044470473,4.998392693527931,5.021846392424274,5.911799904259162,122
192,5.152080592389592,5.14850584664166,4.949172024618449,5.013185101878897,5.060318261562514,5.083830263184237,4.9981325993999715,5.030012916241578,5.905359152644881,122
193,5.155069715809124,5.155170591162593,4.9535214862433765,5.011888745942075,5.065192476652581,5.088690398254373,4.9967202745879415,5.036930673356343,5.907868684457755,122
194,5.159798457496131,5.163552123401729,4.958702734789035,5.010199056743453,5.068665532346671,5.094497144532008,4.997697361766109,5.045000944021139,5.913721713324853,122
195,5.164529135126679,5.169026749914572,4.965143117016195,5.00834379103751,5.072171197978486,5.098912722561759,5.000456978486632,5.051567478140674,5.912275665157356,122
196,5.169495072440522,5.173518845305594,4.970996666601537,5.005292196715982,5.076778257241832,5.10386598809542,5.002421282725836,5.058204750464144,5.9118933050590705,122
197,5.173529009769949,5.176237785584851,4.9777591206685035,5.005059055437095,5.08300693172291,5.106855235495609,5.003377968271543,5.064281831597949,5.912881561502203,122
198,5.178794778578103,5.17556605084558,4.983059459470651,5.006187764663082,5.0883588538123,5.10998101051351,5.003330902456185,5.071500670069499,5.911255526159074,122
199,5.182960744539145,5.176790843937017,4.987685985458023,5.00716424173371,5.0941147772001845,5.113020932999563,5.002911268871991,5.079326087654042,5.915122559616118,122
200,5.185682993461912,5.177960834716268,4.99345979490829,5.008004865240087,5.1007314970577795,5.114898566452885,5.002770584882088,5.0893108191781256,5.911373621725571,122
201,5.186360985999624,5.1796960059159645,4.998218958409993,5.008628244006347,5.105975138955537,5.115310513280205,5.002552929621025,5.100033499413138,5.916021194124327,122
202,5.187234363092771,5.182261458523715,5.003191246798416,5.007316217071762,5.10929459148872,5.115104917537039,5.004966305246674,5.111418536559512,5.917687752359497,122
203,5.186510572848086,5.185412327520618,5.0077891364712706,5.008009752554408,5.112609307340998,5.115435992999199,5.00810212831488,5.123051324625923,5.920826853951743,122
204,5.185453905657975,5.189644004066055,5.0118607283627945,5.010512435103708,5.115073892579288,5.117664864117517,5.010828412442937,5.132863207756115,5.921030325180967,122
205,5.184106242654396,5.193464724450816,5.015940800080771,5.014405843883758,5.115994002290151,5.119532262370589,5.01387749434205,5.141137603295979,5.918106962380824,122
206,5.182790427143678,5.1972245038188305,5.020021289149257,5.0188520326006465,5.117621956320702,5.121778600627776,5.017166294407371,5.146209062227787,5.912161262717255,122
207,5.182676921573366,5.202489476647708,5.023775805713136,5.0235098521924515,5.118980572977396,5.1244464307611395,5.021751385648955,5.152127557403005,5.9198846112882375,122
208,5.181865388908513,5.208665530153127,5.028213049885342,5.028008611001799,5.118719088551926,5.12445981067905,5.026834942310546,5.158125367769715,5.920693435005043,122
209,5.181678200343945,5.213409212045029,5.0326912143299865,5.030560207488897,5.118548587897101,5.124194052983905,5.030652110066032,5.162961931717051,5.919124794068829,122
210,5.181758017697946,5.217083312937028,5.0374909517055535,5.0328544666543085,5.11602361407927,5.125214518255215,5.034637657272259,5.166653008467901,5.926382774825712,122
211,5.180110574187236,5.218945091803713,5.0430287158509195,5.0358940195054025,5.114030932122409,5.126163352141855,5.037651872396567,5.170242697318437,5.920298176970069,122
212,5.179827153253805,5.22068643297563,5.048861483175461,5.039547243498481,5.112840978624455,5.1265450048003816,5.04144396670895,5.172872777990616,5.928220325887865,122
213,5.177995295041584,5.2206220801426895,5.053596574720371,5.0446226100530644,5.113475600924723,5.125339728084125,5.045063113033134,5.176050994625991,5.919249364378357,122
214,5.1763510394739525,5.2192812447791646,5.060006408987567,5.049108439906611,5.112805500796563,5.123541278914395,5.048726835260181,5.178928507825239,5.930904180133269,122
215,5.172696544003488,5.216158033974782,5.068388844957672,5.053002430388834,5.112076848440477,5.1219453378735915,5.050069863905584,5.182779756662201,5.925916299907382,122
216,5.169458152804753,5.211577848821735,5.076595380189511,5.057789244568366,5.110110041067397,5.120204788889126,5.051972783418531,5.184122128382187,5.919325876503112,122
217,5.165700954158082,5.207479082744296,5.0839164543510815,5.062861332166026,5.109065483233886,5.117369902390149,5.053377754302519,5.184841222455892,5.927658386081071,122
218,5.16275059224715,5.204532287152373,5.08899374054069,5.065677251423271,5.107071197127912,5.112967622155483,5.052740071516586,5.184720946402835,5.935794870101621,122
219,5.160709525633257,5.201110305092145,5.094778772258019,5.0677956190452385,5.10456592673226,5.109839420972134,5.051488664549684,5.183991436512375,5.929054423036751,122
220,5.157776141443016,5.199184393487839,5.099171913263747,5.068904730041126,5.101499148235812,5.106365214756263,5.049036194760197,5.183595015188837,5.936250347483455,122
221,5.1552684951438215,5.197204077020906,5.103343712919566,5.069458451031743,5.0984686045632035,5.103819071762366,5.045818880926275,5.182406734472703,5.932622469540894,122
222,5.153619366802062,5.193334759988527,5.107172719208119,5.069466042213051,5.093570627639091,5.1021131721431825,5.0430089540963206,5.180327119037866,5.9321626513015655,122
223,5.151882186490837,5.1900350053889355,5.1114027321626185,5.070154642470097,5.089225252294913,5.100759340773946,5.038200403884558,5.1781795555078665,5.933184407749677,122
224,5.149094090496844,5.188705244144769,5.116006976546835,5.071031031823075,5.08490655879654,5.098279616861396,5.0347056004949655,5.176400587294515,5.936779994425668,122
225,5.145204380381557,5.1854987073065235,5.11943596784022,5.071918313014728,5.079819448422436,5.095462726404796,5.03220324244502,5.174476314024922,5.921157677495112,122
226,5.143221126495154,5.182011952545057,5.122133814070102,5.072742986702192,5.07500238486467,5.093095371838803,5.030814013802052,5.171187103414325,5.939862323163085,122
227,5.139808414051665,5.180999857099727,5.124534021071568,5.0704925428799505,5.070012351466136,5.089829938147818,5.030388285226375,5.16804706283599,5.941299084090972,122
228,5.137365770446201,5.1810075599517775,5.125074143973336,5.068969008750176,5.066581626516391,5.0879843861433205,5.028923282263869,5.165006662100196,5.935068676856174,122
229,5.135524789081851,5.1809290079249175,5.124286224533568,5.066159869538685,5.062456900446708,5.086207141587427,5.029696320543237,5.163390820011799,5.945080844646589,122
230,5.132202405060822,5.1786092194045175,5.124347099380902,5.064118455884358,5.058555265237738,5.083494195721398,5.030734697478944,5.159231183635232,5.936466575438294,122
231,5.12955677958868,5.1784840940440295,5.122764547035745,5.062410077440193,5.0539051051700286,5.081629261850598,5.03288401478049,5.154734244654641,5.94293148585318,122
232,5.126886863477665,5.179302141752624,5.122625420141546,5.06311010815275,5.048197566027843,5.078978444112854,5.037431444013074,5.150219516588704,5.940202902031644,122
233,5.12355652177393,5.181137706978377,5.122531572357156,5.061639013409331,5.042205830206939,5.077002910969497,5.0423293402570115,5.146213084080904,5.93679930496815,122
234,5.118558255464142,5.183354844860876,5.123089010203003,5.059785695872129,5.036738952489806,5.074351979340367,5.04675126820146,5.143103660269138,5.94603835951552,122
235,5.114569094578474,5.185090046542578,5.124426901796049,5.057652415099917,5.031406979333536,5.072205874590491,5.050217015940651,5.140817168410965,5.945186960442477,122
236,5.111995086214428,5.186068148001429,5.1234732466104695,5.056037301016313,5.02535752711333,5.068586373694195,5.054732137967396,5.136993327053155,5.940799914490967,122
237,5.110255169736042,5.186172151661394,5.122672878139549,5.05337364146946,5.019313182463398,5.06509180690636,5.059204963099587,5.133589458733924,5.937678973339051,122
238,5.108679644184886,5.185683771784886,5.122314901825225,5.052963369232028,5.0165183065918555,5.060573938339633,5.061773973022302,5.129443597722696,5.941165950674722,122
239,5.108719217627414,5.183882869691995,5.121776986356658,5.051614183580569,5.014367721880678,5.0554387903120634,5.062941586340946,5.124977525407551,5.945040070982174,122
240,5.107154818655352,5.181418443968736,5.120248129958381,5.048369538668121,5.014620133314563,5.04924762596991,5.063508721191681,5.1222086050341264,5.9435041793986,122
241,5.107252658472738,5.179685438860156,5.116243161580067,5.044663905518321,5.016118973913763,5.042985568599526,5.064419993683639,5.120311984539513,5.944945323868559,122
242,5.108576229302485,5.178898531148409,5.112541980815937,5.040169284219296,5.017800362546562,5.036354150712281,5.063387019972428,5.119930895324755,5.944647613616939,122
243,5.1073572905066795,5.177599986640903,5.108723258143973,5.036959248238938,5.020506441487917,5.028005646815547,5.0624270795418695,5.120142064188161,5.936708309042294,122
244,5.1077878002403505,5.174463166317846,5.104538353728172,5.0340915667505985,5.0240337369271995,5.020449403894398,5.061368850212943,5.120296877359039,5.950935435016875,122
245,5.1085350370663205,5.171846582886792,5.099762156859285,5.032440019717994,5.027645974736078,5.0140139913288575,5.060129087709011,5.121510088744971,5.949124112573992,122
246,5.109677181593538,5.170393551385503,5.096190339331052,5.030893316104203,5.032719431634401,5.006920515542191,5.059781828766337,5.123040793781397,5.94159336602619,122
247,5.112380814719289,5.17054378391804,5.093328516853634,5.028426096554787,5.03876395129576,5.000846728524503,5.061398346614181,5.124055391103818,5.9596247503895095,122
248,5.1151254567729385,5.169798957788928,5.090517691837744,5.025986337072929,5.044520958800565,4.994505333904634,5.06180523861649,5.124123708427353,5.946369175027059,122
249,5.118366882078609,5.168791622545122,5.088455576788946,5.022729981045605,5.048369071384872,4.989129841419645,5.0636594081615165,5.12371032376055,5.942444066192131,122
250,5.119938613277277,5.167705131955577,5.086127799333959,5.020151478414052,5.0525264189407055,4.9838545168240005,5.0659614271276485,5.123680714280411,5.94829085817546,122
251,5.122912249801178,5.169390561260165,5.082834076179012,5.018327980690464,5.055440959126806,4.978876750733772,5.069588975842783,5.122348112489496,5.953143369091586,122
252,5.124712506160352,5.172662142885001,5.081108014744043,5.016511031273977,5.059163958734355,4.975192291429604,5.074301226478965,5.121676772189166,5.940868438252128,122
253,5.126675044518462,5.173732069165529,5.080643050915313,5.015203251145062,5.063220293323509,4.971376666931388,5.0777530947087905,5.121346483488733,5.950823103670774,122
254,5.129268646501788,5.174486056591103,5.0798322333490615,5.0131659584507275,5.0680423572470055,4.968667569517505,5.081710158896264,5.122907784648742,5.953589166554876,122
255,5.131845720715191,5.174629782944116,5.077054993520549,5.011018666311421,5.072268975470092,4.965628983079745,5.086738656508386,5.12623712004188,5.954951664337266,122
256,5.134190300486507,5.175569651617456,5.075176512480254,5.009394790786949,5.0773816590776715,4.964172661291275,5.091480973444925,5.129695886905598,5.953024548611013,122
257,5.136615475797334,5.176533892387805,5.074375282154805,5.009073516077371,5.08198839984567,4.9630794953628,5.095846434707178,5.134036609518011,5.9525957152669235,122
258,5.139091251231863,5.17689581985273,5.072660774556828,5.008814792798518,5.088918469021323,4.962410415595009,5.099083115803712,5.138514005158584,5.953271828847696,122
259,5.142909285828647,5.177199781217673,5.070012538357202,5.008620265407837,5.093355425205776,4.962209998139095,5.103374282201573,5.142903883540865,5.950847429796057,122
260,5.147590556714749,5.174460109730699,5.065664763849423,5.007807318567515,5.096957007370717,4.962284305603738,5.106161877103967,5.146446086898363,5.952480726228676,122
261,5.152820776891991,5.173258365814667,5.062262735117276,5.005550589967658,5.100715434974577,4.960544824139777,5.107705420841693,5.148601537323261,5.951402124056985,122
262,5.156386927302018,5.172332604154791,5.0589296598026365,5.003807589133867,5.10391854006798,4.959218437117348,5.108983605960995,5.151640647565836,5.956966999485122,122
263,5.160100924697606,5.170403875769308,5.055009771488824,5.0032086205547275,5.1067571609188,4.958336370065425,5.109614335359437,5.153247803349593,5.962992172437761,122
264,5.162430517041367,5.16853726645894,5.050532751055174,5.002457376977164,5.109315690570192,4.956399268663619,5.1115514880793445,5.154213467157143,5.952645289438684,122
265,5.164661460026748,5.166405358345127,5.046785185506172,5.00264066527313,5.111657235237635,4.955980598057327,5.113395904379941,5.154879265648308,5.95364270003113,122
266,5.168049401346886,5.164555416097172,5.042511241813342,5.002888177553043,5.115641790119017,4.95588274693627,5.1128964414765194,5.156255814388953,5.958774641365295,122
267,5.170826501992087,5.162328484389734,5.03774620396466,5.004122794134036,5.118276763923878,4.956166273023147,5.111032233259508,5.157788448731591,5.95514306752593,122
268,5.1740807898203744,5.16036585072759,5.0318424306191005,5.004171240854594,5.120161639125475,4.956117895452143,5.107324285474146,5.157799496185979,5.962518021742531,122
269,5.1778734462095395,5.159362995096981,5.024903387996549,5.0041397832367585,5.1219217261412755,4.956452327856093,5.104639800489794,5.1571238358736355,5.960080757025997,122
270,5.182290851180131,5.157993552084715,5.018602797197031,5.0037410732195955,5.123814301793631,4.958743971364406,5.101404684382331,5.155731054641372,5.948220496654926,122
271,5.186489530459753,5.1566804912662025,5.012410578040441,5.003548191632241,5.12690305205672,4.960738678028552,5.099911914583487,5.153448629813296,5.954920616338081,122
272,5.189431905075095,5.156956464445134,5.005694806362767,5.003783721618097,5.129774549285615,4.964671654078339,5.097386499023977,5.151834896712231,5.965859587592803,122
273,5.192471107717907,5.158526093884601,4.998848203969329,5.004459347000568,5.133539258117435,4.968782983977646,5.093362454483873,5.1504996689382025,5.968060165349298,122
274,5.19481940534911,5.1592325200251885,4.991802411260769,5.004291746775344,5.135081286046452,4.973085616757407,5.089643161320497,5.149352634871008,5.966428149696795,122
275,5.196953513714515,5.159665621094174,4.984472369107936,5.004163460783886,5.13563627015237,4.977604818167942,5.087507252024399,5.147567466931283,5.960955345002911,122
276,5.199768196544328,5.158827910842423,4.978503823237817,5.004245306153315,5.135246962903758,4.981446044116964,5.084595889294082,5.144426392729803,5.973123320433688,122
277,5.201303372713642,5.156137066593557,4.974019553935894,5.00269318109733,5.134626222464712,4.984344975598578,5.082662944576711,5.140144212781628,5.964423920907308,122
278,5.201065414543528,5.15213551836018,4.969323972982176,5.001377440005916,5.133726182935494,4.987811792841743,5.081279843512345,5.135098825705133,5.976599300137026,122
279,5.201549851934246,5.148530760561377,4.965658361149352,4.998066645458941,5.132353461944252,4.991763785556069,5.078482735660583,5.131072094326493,5.9647885014516975,122
280,5.200717098661353,5.146811849344085,4.962371005999337,4.99537197613961,5.1311663992162675,4.996996760436773,5.07594038611803,5.125903360917599,5.964566856528086,122
281,5.199801288719685,5.145821686888082,4.959578711664317,4.992900282909401,5.130104272601518,5.002546353965197,5.073528394312438,5.12122087067352,5.968693265075701,122
282,5.198890624238315,5.14401346102055,4.957974709621393,4.991025074088326,5.130369051015484,5.007844993530547,5.07144189244234,5.116000686022183,5.968749910081071,122
283,5.196201431434716,5.141552156477629,4.955637924928711,4.990712429129814,5.130748604586897,5.012959411578144,5.068671402652944,5.1099259247613595,5.97034020171486,122
284,5.192801691123522,5.138861514513863,4.953729766265963,4.99045462101366,5.131239307284098,5.017452380672055,5.066468692774496,5.104483739816047,5.966729585090094,122
285,5.187814097615718,5.135710306191475,4.9513323154346285,4.990743713220643,5.132035000251422,5.0210941792644945,5.063936916512816,5.098576649089566,5.969268619125094,122
286,5.183897416281723,5.132923267657338,4.948362838588383,4.99115168742497,5.134120739710535,5.0248589574720794,5.061318986571516,5.093187115157496,5.972490111316036,122
287,5.181158017125018,5.128369101786364,4.944651285171743,4.991800154535922,5.13742497512575,5.0279995887716495,5.059120050235672,5.087267282383412,5.97166865407128,122
288,5.180150022037214,5.123545871603319,4.941593624875251,4.991707413073426,5.1407688203635695,5.029897825566081,5.055273171648025,5.081463672097065,5.9658933483828624,122
289,5.178593617509561,5.120099860690042,4.9370514828486645,4.990992609361152,5.142256413331793,5.0321725447534735,5.052121052093476,5.0760114730728425,5.9787698951774,122
290,5.176875557914048,5.117436465525781,4.932842549407814,4.990422510935333,5.144232490443186,5.034635025555121,5.049374874817881,5.070546833814939,5.96660200576089,122
291,5.174940802160039,5.114154269761638,4.930024695753848,4.990922661886616,5.146739736567705,5.037285872285825,5.046102250040795,5.063541039033193,5.9749703272438035,122
292,5.174730440115265,5.111003786861966,4.927479656307646,4.991835840015684,5.147503904412662,5.038955112064473,5.043929928696663,5.056942436407462,5.972729753504081,122
293,5.176434861281322,5.108799196767453,4.924376098865462,4.992586290198261,5.148246401187702,5.039864197167239,5.041284471356452,5.050430331053393,5.979149313586774,122
294,5.178203031516189,5.107577638695864,4.922194977909083,4.994631847787038,5.14836242104812,5.041697793435041,5.0393813204088485,5.043285184676618,5.976075425451538,122
295,5.180251446280282,5.107052787673442,4.921801481809026,4.996293397034178,5.149119510926889,5.043704762901446,5.036740769877791,5.034964017318915,5.972970358875951,122
296,5.181943321065466,5.107109902689053,4.922574780752572,4.998799537874138,5.149527814941186,5.046176403102193,5.034341650993008,5.027437421890087,5.9708540793197535,122
297,5.182794738444278,5.106993338329816,4.923403347168737,5.002643252776443,5.149669215959794,5.048754187572723,5.032722639969872,5.020605356319927,5.969732153804611,122
298,5.184383323623048,5.106839252781615,4.925990976019378,5.005126035621696,5.149814035092934,5.049799447277999,5.030681346684636,5.014330737340785,5.969307961318162,122
299,5.186379001175948,5.106390437151215,4.930179754638555,5.008037902508912,5.149972534619058,5.049688827862987,5.0282257219284485,5.00928700081709,5.973991673995426,122
300,5.189433519459187,5.104810742046675,4.936604534447737,5.010196504082741,5.15181726017847,5.049653919632972,5.025116950944431,5.003927122017589,5.96922075723821,122
301,5.192112855491027,5.102772851755151,4.942950059468801,5.012735398925089,5.153359199617718,5.04871390764,5.020979764560206,4.999024542502967,5.979998549662355,122
302,5.193276485812736,5.10140946798356,4.949163697509057,5.015415669965863,5.15297713049334,5.047961067443314,5.019445821558499,4.99427364348746,5.973569322643018,122
303,5.1940739896443455,5.099983138349012,4.955088253214074,5.017553434956506,5.154145179022731,5.045871242265568,5.017850818098381,4.989515981149244,5.976341362040663,122
304,5.195220228110423,5.0971606920573205,4.959707101334535,5.0197903371468335,5.155832741172164,5.044080471829988,5.016493450165169,4.985532499128825,5.975581305512536,122
305,5.196779073355498,5.093718700978502,4.964097379637698,5.023460336694148,5.156194071187848,5.0419981692615305,5.014760822379113,4.982461053425068,5.976124123508482,122
306,5.1977276130231544,5.090150221537814,4.968603426465443,5.02687796465219,5.157350159531703,5.039488073509605,5.012531119405504,4.978503322097442,5.975861975218047,122
307,5.198215332684315,5.086193787299913,4.973571045977471,5.0307905560839705,5.158188114441327,5.038205385916134,5.009054146028189,4.974555351252931,5.980642750294056,122
308,5.200060260322232,5.081620992141593,4.981290787622099,5.035091611128349,5.158375168216921,5.035281370838236,5.006191887321677,4.969410268651842,5.977196661852377,122
309,5.201502471645389,5.076480681062243,4.989372656294355,5.0392294015906245,5.157450356361035,5.031388999946179,5.00375883558159,4.964105265165957,5.9777602425480145,122
310,5.202822217550745,5.071878919489846,4.997672817073486,5.04234151443967,5.156585442185065,5.029119043185052,5.002630227239022,4.959497608645577,5.9781258162258455,122
311,5.204659433750622,5.066607661348337,5.006132908884901,5.0455884031692175,5.156790786930928,5.02784892687408,5.001363432023419,4.956199827413643,5.984232762640569,122
312,5.206007130079877,5.062531945355169,5.0144859846836125,5.049123231425064,5.155428752677885,5.02782815271993,5.00049390566081,4.95368970926474,5.98209555970305,122
313,5.207585919336714,5.058732979215054,5.022623181382505,5.053071741093426,5.152706932109169,5.028862271110368,4.99690088392997,4.950555829663208,5.981967121604311,122
314,5.209615001109599,5.055620802289952,5.031271514949115,5.057252056390932,5.1515350957195585,5.029425012016276,4.994089433682668,4.948277496222906,5.971728838133798,122
315,5.211423422253878,5.053788144130755,5.038773891632449,5.061802942938553,5.150541811732248,5.030401104409378,4.992248441443384,4.945352654007687,5.976989190112343,122
316,5.213380006656939,5.051955745300356,5.046038249473449,5.067093187760875,5.15029806439791,5.030676065005101,4.991821161980044,4.943248595723108,5.98062898398657,122
317,5.214020914619158,5.04962379463713,5.0515031984130205,5.072667978116496,5.150320659428429,5.029979373201857,4.99295872882602,4.9414957670195765,5.986218259840816,122
318,5.214753406301725,5.047447821633092,5.055893546454894,5.077824590238584,5.1490458426181585,5.03028550616705,4.992869160966778,4.9401291229528415,5.975041647340995,122
319,5.216517978450966,5.045915169183408,5.060975508666552,5.081836531839686,5.147308194555092,5.030281396694367,4.992837071486717,4.939680471757901,5.986681022453565,122
320,5.217983295105322,5.044014034774033,5.0653764680917295,5.086188334258081,5.146229977886058,5.031266869266492,4.993019491643269,4.939371438608102,5.988180809956299,122
321,5.220842801220776,5.043806830855081,5.069494197948053,5.089288974386915,5.1454002205104015,5.032392914937451,4.993124412877701,4.940024158354621,5.980220126617665,122
322,5.2237859547429615,5.043195600735129,5.0724564843785815,5.092842868876314,5.144816389603292,5.034140536672512,4.992493684451061,4.940201783505955,5.990375547238493,122
323,5.225276599684344,5.043771387730651,5.076166092070278,5.095125185955071,5.143878264352323,5.036116628987315,4.990728277005433,4.940503394368591,5.986063744549506,122
324,5.226192818457253,5.043682001505869,5.078663491501462,5.099269714287123,5.1432827550321365,5.038317205164997,4.989403182426544,4.941810183622647,5.979859435586137,122
325,5.227455031634872,5.043736247386585,5.0824155306394765,5.104536021300431,5.142768979978149,5.039691257763394,4.988795742744063,4.942977110186046,5.97771370131518,122
326,5.227789233925511,5.042598703753126,5.086765867800517,5.110124262335447,5.141866480831331,5.041909907845706,4.988598479776305,4.945089678319041,5.988843298866598,122
327,5.2282034925210565,5.04151982415997,5.091011132591799,5.114759506544444,5.14236527322769,5.044535822514041,4.989129023729412,4.94752764642816,5.987512314943763,122
328,5.228470156060885,5.039519092048857,5.09495154795775,5.118318545532793,5.142191258864001,5.0463867330017935,4.989011519165544,4.949839428702723,5.985282861481657,122
329,5.2270141328070014,5.037206871526267,5.100063935867742,5.1213480949877255,5.140598021940012,5.048367994711647,4.990481868611051,4.953072789114717,5.98676222497243,122
330,5.224624800552023,5.034916897652265,5.105497361165693,5.124193043728205,5.138060309701563,5.049521235298851,4.991520230449023,4.957683232583586,5.983778867973991,122
331,5.221667742124026,5.032471109615845,5.109379217795759,5.127073088715985,5.13507542424122,5.0504471263433315,4.992996153928375,4.963132849307316,5.983600524582831,122
332,5.2183322394298575,5.0305346887940265,5.112455788795032,5.129117233888149,5.1325376241378535,5.0505356538019885,4.995134427575925,4.967872717859393,5.990614475109136,122
333,5.214590965720172,5.028652676334245,5.115035358501034,5.130472697985342,5.130386264532531,5.050779508700153,4.997545868219131,4.973459421073176,5.979854183098247,122
334,5.210303183901747,5.026583469507225,5.116047602297863,5.131881519141539,5.1285148805258505,5.050940614050352,4.9998754608545015,4.978777709889816,5.985685960820324,122
335,5.206177664474123,5.02459485537428,5.117204690340011,5.134025323561986,5.126246778236453,5.051777995780588,5.001945848027498,4.984214353219545,5.987119642093805,122
336,5.201324830151142,5.022014459617322,5.117271932943975,5.136508261345631,5.123138908141497,5.053339206622721,5.005352176773669,4.989918120910602,5.983672051183503,122
337,5.196555296294543,5.019728865795955,5.117254848860273,5.139352710292194,5.119822276271774,5.054944285347714,5.009603120836571,4.996398322033288,5.99626621190123,122
338,5.193447974027855,5.017504504117634,5.1164643239502645,5.14197416596598,5.117380481339941,5.056900379209454,5.013174022430077,5.002812941757059,5.994623645022752,122
339,5.191584752354581,5.015273607511559,5.116701156535152,5.1431848335654635,5.11530421470545,5.059400021575835,5.017408193460909,5.009369598486508,5.990112096233104,122
340,5.188887472841779,5.01415903989095,5.11830377761747,5.144733449581329,5.113047049123532,5.062090957394792,5.021501824805819,5.0152480142465965,5.989369028109356,122
341,5.186205149085874,5.013295026795781,5.118991694757579,5.145798607045529,5.111316953994078,5.064969190361452,5.023434941559681,5.020663268219717,5.999104059016929,122
342,5.183781441041485,5.013760693677256,5.119338196405131,5.1462057307786715,5.107643780558288,5.0672707880746986,5.0254608525089735,5.025934579951526,5.993267373489198,122
343,5.182141152301917,5.015298519890545,5.11922156326421,5.146107464944887,5.104318390941458,5.068990882596507,5.028233784106847,5.0320457017614,5.991054542067539,122
344,5.1800911476537275,5.017249770439957,5.1186572605159215,5.145589403016548,5.101593773459191,5.072527032388498,5.031465783428992,5.040220525835918,5.9964999969392165,122
345,5.17747484614314,5.018842152550934,5.120054023858938,5.14502628662283,5.099144419833394,5.076929492962886,5.0348618910425245,5.047117124881931,5.995908745150031,122
346,5.175676212694132,5.020789893711454,5.120935132778092,5.144264018405177,5.096378037146143,5.080821311429162,5.037891373036762,5.053548601127982,5.999468075214842,122
347,5.173169630689124,5.022507642259711,5.122168385262189,5.143432108107032,5.093387165320084,5.083060443112641,5.0411429916834125,5.059402313608626,5.9963083554494805,122
348,5.171808037170951,5.024656935157715,5.123021077073218,5.142156540303892,5.091877485803543,5.084623643890069,5.0445495965715175,5.064216269942209,5.993575833678932,122
349,5.170481806290706,5.02804344264267,5.123873448707678,5.141454839080617,5.090869242590319,5.086099548063943,5.04892259611594,5.070637192813656,5.9962836546728795,122
350,5.1694205304138805,5.030131092077143,5.124433806512972,5.139660855505033,5.089665078182876,5.087887204542902,5.053617409907309,5.077428671416183,5.987788627840328,122
351,5.167232250924929,5.032184092654379,5.125285092041494,5.139237649419301,5.088424834438293,5.090179710077317,5.056635329983658,5.083647504705101,5.989712332089699,122
352,5.165356767492472,5.033847641455713,5.1262349008967085,5.138491456110444,5.086163113539212,5.092858366864585,5.058408274347059,5.089828756705842,5.9962364018898775,122
353,5.164339055187497,5.036636171591475,5.127592904067616,5.1369747474281136,5.082785097328767,5.095117685925645,5.059677473229825,5.094447670895552,5.99156265876413,122
354,5.16255586445555,5.038432364745216,5.1292961390364304,5.1354453105578814,5.08014667690623,5.097399477929125,5.061485192297164,5.098123046651002,6.003653656767739,122
355,5.16150104066199,5.039746892079677,5.130208486734673,5.134027522775168,5.078128376891683,5.099036415291918,5.0638452129687455,5.10072209208173,6.003297347047336,122
356,5.161311039569548,5.040436122130872,5.131800133512053,5.131700020936478,5.074380634247579,5.101656426864929,5.065614285574101,5.10351467324703,5.988975690093545,122
357,5.160514893853078,5.040466720825877,5.133146453741826,5.130352837479105,5.0712409060741015,5.103961201608506,5.067044855800519,5.105488991806505,5.993028617058393,122
358,5.158775881293897,5.040346998203976,5.134450135531111,5.128319996399016,5.06688318317857,5.105172378534508,5.068592130433639,5.107462798476474,5.989900658913749,122
359,5.157837404749803,5.040232199180515,5.135301767842569,5.127233578018155,5.062992425223112,5.106306166625934,5.070503499454616,5.108585719825935,5.997852867696927,122
360,5.157943527369184,5.041319573067272,5.136372795945549,5.12468899509556,5.058858327519183,5.107352029675662,5.071629748635283,5.108680864426926,5.998491015879016,122
361,5.158088544339508,5.042018337646104,5.137604662634407,5.122330702960438,5.0551842643976705,5.108353101403574,5.072693298388842,5.108217189160467,5.996017792936513,122
362,5.158499006972097,5.0434181983290705,5.138441783323472,5.119609151972183,5.051709100071162,5.10804859367139,5.073992360141419,5.107647279852333,5.9978205436368395,122
363,5.158372186994462,5.04563492356078,5.139492418887526,5.116915816533245,5.046635054566693,5.107253260830663,5.07407534941361,5.107495027641895,5.993474245916372,122
364,5.157917253691375,5.048597312659316,5.140314594404097,5.114500058787442,5.042092698670645,5.10539331207281,5.073991635178413,5.107245964719953,6.006241121947586,122
365,5.157783405238601,5.05085935734431,5.140086995327503,5.1135099560552595,5.040495031708532,5.102934085470665,5.07276716467019,5.106383815893858,6.003231401927524,122
366,5.157606818126661,5.053406143660327,5.139636999101553,5.11223310696966,5.038992441237223,5.099772334568041,5.07199484798285,5.106231650623365,5.987434674717059,122
367,5.156813194512737,5.055196042421253,5.140127480713989,5.111483973480794,5.039017481257912,5.097171941394686,5.072330860593684,5.106515305238861,6.004796735591229,122
368,5.156499892344393,5.055878899889336,5.1419354893600335,5.11116240955041,5.039079161368238,5.094772164417069,5.072070105136413,5.107425427681147,5.99931639935079,122
369,5.156964706249523,5.0562170451390855,5.14332731850163,5.110780151689529,5.039249793901053,5.094320395617001,5.071709797841849,5.1075846602199375,6.005665661568631,122
370,5.156515454937039,5.05667072824548,5.144284478358033,5.110843792994408,5.039425281165677,5.095271359684769,5.070542234962728,5.108063538024723,5.998758214123125,122
371,5.155947335477617,5.057269133705882,5.1431894931428,5.110026635820364,5.040453424099669,5.096029466663138,5.0697000184053325,5.10792131275239,5.999784737386468,122
372,5.154359105298569,5.059272685052514,5.142317498901981,5.10910732764955,5.0409457893084095,5.095695913778977,5.0677908606148385,5.107418781466799,6.004596667678302,122
373,5.153149892693884,5.060193339709471,5.1421038084234585,5.106975578878371,5.042062020132617,5.095446359067321,5.065956912704148,5.105986645521556,6.004954323374362,122
374,5.151398602310481,5.061856866983693,5.142427338476615,5.105232789556299,5.042599384743988,5.094607684480669,5.0634813845455025,5.104947453200193,5.992202405314599,122
375,5.149066316681864,5.063670171071898,5.1427981728047865,5.104952511456961,5.043425539483075,5.094074686785797,5.060818258509793,5.1030567318706925,6.000876976645079,122
376,5.147669656577358,5.065151027319185,5.142415786751708,5.105007448535666,5.043958442007035,5.093839046864815,5.058885345752651,5.102063269523267,6.005719581095326,122
377,5.146277086451221,5.06657003919355,5.141882188252949,5.1056418974831494,5.045934037832584,5.093332147739861,5.059293664672271,5.101187709692092,6.002289906894942,122
378,5.144478799995985,5.068759290992506,5.141509922349145,5.106851655598173,5.048782035651431,5.092272012806338,5.059930731066326,5.101118716705776,6.011906683588653,122
379,5.142570758136664,5.070139186365248,5.141432726650998,5.107715930894302,5.050347502908865,5.0912974147945125,5.059797255157126,5.100250527741428,6.000287271918725,122
380,5.140672649236295,5.070183676331491,5.139976405899263,5.107895164862585,5.052356414409395,5.091056592545333,5.0600360277407415,5.098629043870374,6.002507763327292,122
381,5.139018663255579,5.0693609140803755,5.1370416279720645,5.108614758291642,5.054548972547641,5.090620255272993,5.059590048532787,5.097570423108744,5.995481310322702,122
382,5.1384966198509785,5.068051895614785,5.134759167474609,5.110388007441896,5.057132632513686,5.088795696089454,5.058536381364027,5.0968199317880805,6.0062312656011105,122
383,5.1373867023046165,5.067905347864608,5.132321363102803,5.11126717913003,5.060265808978823,5.088080446603358,5.057815507511173,5.09650419702802,6.00215645310645,122
384,5.134482687988271,5.067803121036017,5.130707752263062,5.113160563309064,5.062369038309976,5.087956926340224,5.057538016088794,5.0963086452051245,6.012126615248551,122
385,5.131554764145165,5.066996922244668,5.130149771364909,5.114279834788091,5.063741801883054,5.087785172423186,5.0585412651007315,5.0954644077625755,6.007890634381429,122
386,5.129093951075488,5.066695856779362,5.1291931514164615,5.11580004156912,5.063226542598685,5.08708512206622,5.059310177561122,5.09433690210453,6.001933129131524,122
387,5.127886942073518,5.065197147748729,5.127791899992105,5.115817399949408,5.062665873544278,5.0856650243602175,5.060772133913077,5.094137853546732,6.00155151273947,122
388,5.127803140818742,5.063914171068163,5.12618958105697,5.115716402698171,5.0625916004265346,5.084508466103085,5.062388891634653,5.093755605626875,6.005036222859233,122
389,5.127827004308388,5.061273727551644,5.1257977685427,5.116538205685577,5.062040426909668,5.083626266527288,5.063652525812696,5.094174199818612,6.008338227100329,122
390,5.128034524455468,5.060434798298903,5.1235591516692285,5.118335530326902,5.061403918722161,5.0820457119259554,5.065430610186402,5.094717452115805,6.006965463578535,122
391,5.128063500464569,5.059612513001735,5.1211241231179105,5.119863860184934,5.060075732377471,5.080786325933607,5.06658966860356,5.095631516689551,6.0103610690979705,122
392,5.127247608307156,5.058423588266848,5.1180011031322294,5.1228054770745315,5.059463017365513,5.077435515193898,5.068034042697574,5.09621605978614,6.006529270221368,122
393,5.126292029200435,5.058304417708708,5.114427273896489,5.124337020231669,5.059033084609435,5.074472620590953,5.0689719224902134,5.096470122560471,6.0055564657900735,122
394,5.126240342811357,5.058467046078829,5.111682964799348,5.125585761263551,5.0588371075372764,5.07219989402707,5.070312566865964,5.096226739708282,6.00940587200698,122
395,5.125349589415757,5.057331423112773,5.109202525102667,5.126428962265418,5.058445467707469,5.071172842884071,5.0714222101941315,5.096363530565862,6.010680107587205,122
396,5.122842480872758,5.056049977597967,5.106127506834989,5.128391028386986,5.057938738789972,5.070460637841599,5.071923120147753,5.097450426111562,6.008317440470522,122
397,5.12086026107724,5.054635197555719,5.102763144441197,5.1290404015062245,5.0571926224674595,5.069757711487021,5.072500617773618,5.0991977627746135,6.010039584054342,122
398,5.119937457637642,5.0540253069999,5.100693604721895,5.129585655323252,5.05573520445269,5.069343498693197,5.072854594342405,5.099770426135954,6.007938299792481,122
399,5.119002132909006,5.053099639253851,5.098698663594673,5.130083760556473,5.054178859116702,5.0686545781329055,5.072921189988151,5.099738854755059,6.014186671310506,122
400,5.118022035531482,5.051787677388127,5.096301280321752,5.130258642074619,5.053178083658601,5.069948843040184,5.072951417666829,5.100197972350714,6.007465177767059,122
401,5.117309368650856,5.050095796737666,5.09398233040376,5.13001960079601,5.050597466741779,5.071207639215924,5.073528775352232,5.101646466894614,6.00720701458667,122
402,5.1167034500079565,5.046813779430255,5.092500121158956,5.12927388607028,5.048307443079377,5.072317104120028,5.073142509836455,5.101434243933779,6.012944576709935,122
403,5.1157770971564265,5.043445040784237,5.090735548852358,5.127692583861503,5.045649865352837,5.073404647660041,5.071873764217021,5.099206392849203,6.007046653621559,122
404,5.114721395788446,5.041419204764008,5.087806734285799,5.127278022875595,5.042678204335193,5.074751743845843,5.0708299484362955,5.0971602565677205,6.019890606323186,122
405,5.113910460011258,5.039753037460366,5.085732941248461,5.127693792331836,5.040136124794032,5.075615349963895,5.069537649596924,5.094625662943821,6.014620793591398,122
406,5.1130714436420375,5.038081875924482,5.084586071334468,5.1280055204778705,5.038295128947413,5.0760179756926,5.068611803035255,5.091634273286609,6.010977673153426,122
407,5.111893235872922,5.036047504160264,5.084262506697965,5.128519221974421,5.036451370877799,5.076193063305182,5.066864728920244,5.089030903313292,6.005576640700906,122
408,5.1116105879074,5.034184280765895,5.084584529908783,5.128454074271282,5.034344389649001,5.077227897216998,5.064562901798335,5.086866164503826,6.007267991013432,122
409,5.11152685422115,5.033154158589774,5.084319849462233,5.128716569700824,5.032436461192661,5.0768651516333065,5.062553574650262,5.084140230643072,6.017618842982626,122
410,5.110627575303262,5.031338138753773,5.084149520164501,5.129103879696602,5.031252454016165,5.077693849919835,5.061226846105947,5.082048413203106,6.018693309921162,122
411,5.110044158983522,5.0291508945292644,5.0829222258888205,5.128462016803838,5.029426044284744,5.078428140953924,5.059446667639742,5.080739134998245,6.012358718968442,122
412,5.109335340675841,5.0267198733844,5.082052287454056,5.127490419873861,5.028401256979814,5.078250676423742,5.0573568065830115,5.0791233707030345,6.015393025487918,122
413,5.108858727132931,5.025199511760581,5.082554427167746,5.12537428257008,5.02712196940173,5.078269129237553,5.055384326472663,5.078683901635397,6.002826985617915,122
414,5.109064782465087,5.022008955253617,5.083438130657888,5.123123124535167,5.026633171294494,5.078948169987699,5.052920294818372,5.077012957426934,6.008136021119897,122
415,5.108398313301267,5.0187887121534835,5.0842389118623945,5.121749968985341,5.026662876313941,5.078512894710938,5.051389533004499,5.075629928060016,6.0118986061627835,122
416,5.107746192864105,5.0156455259362716,5.086009341678025,5.120887748882881,5.02723179564194,5.076612667601763,5.048623377865927,5.073856106698409,6.01639381094156,122
417,5.108088828470171,5.013136775439489,5.088301493055278,5.119897210448775,5.028289059462784,5.075760940539714,5.046982017626746,5.072322343639966,6.019651505759192,122
418,5.107589101494266,5.010017588450493,5.0897087817312165,5.118754992907509,5.029633236247142,5.075381420763565,5.045708082256592,5.069858689308724,6.01820482247168,122
419,5.107258547203747,5.007896564887957,5.090535792198116,5.118003839875874,5.030601184368966,5.0739058507458115,5.0437163148429365,5.06645326130438,6.015454942566632,122
420,5.107107349187384,5.005286982071476,5.090835019441178,5.116863761308966,5.031591272183173,5.073093328853359,5.042264481835066,5.063308841380433,6.006888199840903,122
421,5.106854053964365,5.0031540852877505,5.090981331715209,5.115788620665193,5.033077850379499,5.072469593102459,5.03960124189369,5.0594799818271605,6.018437762415262,122
422,5.105709122104466,5.001923943959987,5.091181251745008,5.114587500301629,5.035074968527523,5.071533655232599,5.037401086554301,5.055109445158857,6.009295472410371,122
423,5.104607082223787,5.000927871956009,5.092529515397344,5.1142415954560985,5.037373227080366,5.070648702182925,5.035891439126072,5.049886540616139,6.015472313205651,122
424,5.102549969506495,5.000122607211521,5.094396356840829,5.113597569546311,5.0399018293277695,5.069501029247361,5.033941264119484,5.044966433834311,6.021150416970772,122
425,5.100380430294141,4.999824616870764,5.095200318510013,5.1127637767681176,5.044036354378786,5.067964985110775,5.032572180086312,5.040012371608449,6.010961387246198,122
426,5.098243204628867,4.998768432236993,5.096514167022855,5.111088377461094,5.046796823546417,5.06606258833132,5.030253259864126,5.036174856606248,6.014580033157428,122
427,5.095448940710235,4.997633763869311,5.0987481918652025,5.109296055679874,5.0498331945139086,5.0641862898194425,5.027941697843824,5.0326367037921775,6.010219285522149,122
428,5.09316157476957,4.997375627151332,5.1006070852814,5.107031647230851,5.053611396056859,5.06321931875733,5.025416093776297,5.029621419042889,6.012573249080426,122
429,5.091538360062338,4.9962838744166405,5.10348225649061,5.1054034806198345,5.056149204007424,5.062656414757235,5.023377985698879,5.0273263718376775,6.022732992703406,122
430,5.090284675330581,4.995316396851985,5.106365956839922,5.104315475794701,5.058659959706705,5.0627197576663985,5.022023529513603,5.02626122192448,6.022932644961637,122
431,5.089475330169515,4.995399589701098,5.10968965186053,5.103279650409806,5.061399110514099,5.062678924391944,5.020633949914128,5.0255133776333025,6.012466439523486,122
432,5.088691212392041,4.9948977903654725,5.113162870832149,5.101703371418039,5.063669675688631,5.06255476856647,5.021065507879651,5.0247293265927615,6.009983699512029,122
433,5.0873801881985585,4.995290404895065,5.115340475300663,5.100641506987468,5.06663519580417,5.062744053597512,5.021278709261024,5.024260995914946,6.023703093371964,122
434,5.085408435671434,4.99496096958269,5.117008212437133,5.099424517313706,5.069639188210622,5.063284557928207,5.02102014250491,5.024190349242288,6.021622655521092,122
435,5.083171611356956,4.994557353564604,5.118126008347612,5.096719726654108,5.072790005096979,5.063469453241695,5.021991068351305,5.02435898827232,6.016645032119832,122
436,5.080832084865504,4.993669924429692,5.119807376300244,5.094515470226962,5.076751012256585,5.062745354371621,5.023099647438746,5.025456303521331,6.006105673304938,122
437,5.079082637834636,4.993700857647457,5.122356451741284,5.0917882092893905,5.08169011963818,5.0635967781747455,5.0239095623862715,5.025332422263292,6.020206938357789,122
438,5.077672842014158,4.99564726228023,5.123748810700679,5.089291085810943,5.0855450755152445,5.064683225826215,5.025922142729467,5.025288042428437,6.01870096106564,122
439,5.077122470654007,4.99836668920064,5.124682761479219,5.086537861777057,5.088970120024633,5.065519971590187,5.027587092198153,5.026529628289772,6.026629601727775,122
440,5.0762112618225075,5.000946846523815,5.125943857372752,5.0823503893523885,5.093630512493396,5.066695863922854,5.028657982255661,5.0274102157027105,6.009866966724849,122
441,5.075058429772948,5.00383008873615,5.126663245184759,5.077547828761773,5.098357136887403,5.0676225712263925,5.029068044213204,5.029375340502977,6.021070168015778,122
442,5.0728034377608235,5.00652393880231,5.12735848701546,5.0733040444992925,5.102055935134263,5.068780071703036,5.029405546898193,5.031252800146386,6.021238871501805,122
443,5.071807221068438,5.0095836537427205,5.127967926045596,5.069653143014833,5.106002512581834,5.070503559052132,5.029978840413628,5.032859656859184,6.01450204340502,122
444,5.071459725624075,5.01263874443843,5.1282499402352855,5.0665526879190805,5.110595819151382,5.072746848619228,5.031250827325069,5.034881929038834,6.017490115521447,122
445,5.071442184418585,5.015445295143898,5.128850791090079,5.064573916033514,5.1145797587930915,5.075862476356374,5.032722982445164,5.037602240511232,6.017215961537303,122
446,5.07233008872225,5.0180093330841835,5.129138574056402,5.062598740865871,5.118585409402591,5.0778112222929135,5.033386730397978,5.040348135839645,6.019008616799799,122
447,5.072910833301468,5.020787594325502,5.129923346433197,5.060533622559042,5.122801003159788,5.078958374735711,5.03435281459832,5.043207963072682,6.017228030725388,122
448,5.073241341762179,5.024888146450121,5.130840981546228,5.058258251967377,5.127147358738068,5.081424406005599,5.035418135464154,5.046843268487661,6.017914914806262,122
449,5.072882120390367,5.027955744122299,5.130998797621254,5.056790999173401,5.131006400295342,5.083892050919828,5.035547408029891,5.0495089167378895,6.019021283874905,122
450,5.073016229557172,5.031591708243598,5.130883558066236,5.05584732624712,5.134330375208917,5.086278045208525,5.035972415481401,5.052860761928508,6.025792992287488,122
451,5.073904143055342,5.035068959146438,5.1305279352412345,5.0546455418294025,5.13793273811242,5.0897858968070215,5.036107652478668,5.056876866434414,6.027357076661737,122
452,5.075037944890236,5.038838146430589,5.129552838962839,5.052928037475766,5.140535323330795,5.093173533170156,5.036233920740159,5.060585378682927,6.0267968758267525,122
453,5.07572813304482,5.042485152537472,5.127989864128,5.050355710970841,5.142395039141396,5.095708811019642,5.035945516209662,5.064552687050367,6.025169045767643,122
454,5.075516195789991,5.046035381338648,5.127365672522277,5.048208490123124,5.143775320991776,5.097511058736209,5.035355781117449,5.069755500699909,6.027582799135306,122
455,5.0766494803838516,5.0475611299494485,5.127637762517779,5.045669001087118,5.144752345914433,5.099417338833524,5.034774974632062,5.075292109153261,6.027414486225093,122
456,5.077681060929498,5.0488320735359045,5.127879731312609,5.043954709802209,5.146187233854565,5.100794868550455,5.033614764755697,5.080524910601106,6.017543703002365,122
457,5.078443727626043,5.0506785278086,5.127168303420861,5.043616328944598,5.147966997256656,5.102713640007341,5.032326325467628,5.085732718148473,6.017817382876388,122
458,5.078775444644558,5.052427826925889,5.126719296629609,5.0427694321785514,5.1503693475789945,5.104967271407856,5.02990954709194,5.09036326742485,6.023756960215213,122
459,5.0795871915633555,5.054261349608281,5.12518478944847,5.042145714548829,5.152070751016478,5.107384912822133,5.027552302809755,5.095841162324095,6.015329635394778,122
460,5.080184969588518,5.055714633804513,5.123079379353253,5.041263420958034,5.153582514283004,5.108758763153341,5.025004629918916,5.101210167182255,6.025418862339674,122
461,5.080742326166741,5.05762944791784,5.121154242317671,5.040345719044192,5.154412713950963,5.111347668738766,5.022784166123457,5.10685381202903,6.020134354094816,122
462,5.081614346078062,5.05908463421204,5.119926842798901,5.039261000094005,5.155479256799669,5.113796236961063,5.0205462725690655,5.111710565031857,6.024967361808953,122
463,5.082837979578136,5.059940017547806,5.117651524086405,5.038032260871402,5.155702511139004,5.115315118311814,5.018213925356273,5.116533317179677,6.039164557293282,122
464,5.08478205214483,5.061170693730475,5.115820635782097,5.037894172666594,5.155856903402455,5.116990294015047,5.016314859991846,5.120417892436201,6.01898846343672,122
465,5.0863378890453825,5.062600000443492,5.114029632172059,5.03832220164759,5.156180823020955,5.118616958571787,5.014790633085212,5.123945941507515,6.0148803035707274,122
466,5.088343890775317,5.064204875767031,5.1128205099916215,5.038477555253886,5.156304669775456,5.120376147358223,5.01323802653852,5.1273253610745275,6.019001272699738,122
467,5.0905525064445225,5.06641244624867,5.111643989012668,5.039609615477137,5.1558566766234755,5.120867912281172,5.012454186763255,5.130250163392937,6.01125202975227,122
468,5.09291866720076,5.06912535678838,5.1110443772607095,5.041792547633648,5.155787680611877,5.121865984717504,5.01149021932668,5.132004169310594,6.0248353590666595,122
469,5.096488324249261,5.071344580946651,5.11126158315711,5.044443941252366,5.154853358941503,5.122513781925086,5.01058863201289,5.132595234814346,6.0291485445098045,122
470,5.099700230136351,5.0735888055715765,5.11179594539823,5.047767500581635,5.155565029766072,5.12270469250924,5.0102495060799175,5.133117391570279,6.020032030565917,122
471,5.103403687287026,5.076340370567959,5.112063061611463,5.051889658347461,5.156304208091558,5.123141847853718,5.00872986663882,5.133240592678563,6.026581192743526,122
472,5.107024440351793,5.080696604562825,5.1125742099078355,5.05631867530993,5.155935648928731,5.123443976386339,5.006413181271195,5.131981316097012,6.024931938637105,122
473,5.109235922663805,5.084749735344506,5.1127457259013225,5.061186499211308,5.154933441482713,5.122922860358844,5.00443782466991,5.130408417698014,6.014879703438153,122
474,5.1115893868666955,5.087937320790662,5.113591054136407,5.065937674804392,5.155063051939376,5.123178157632977,5.002472390734552,5.129879800990098,6.025572883460915,122
475,5.113108778659681,5.0903559991181755,5.114379296796745,5.071499209944671,5.154967317992595,5.123364505730808,5.0007947756525954,5.128911449640343,6.025176575933802,122
476,5.115422590528547,5.092070335019222,5.114717211907129,5.076608933047341,5.154449214963826,5.123335628721682,4.999992490593448,5.128020187047074,6.020307049896455,122
477,5.117606616754827,5.093027920819375,5.115179400229717,5.081676500399896,5.153256562496361,5.123768053218196,4.999843348255816,5.126036683137991,6.023830982514441,122
478,5.121436595296472,5.094502566396499,5.115353055089555,5.0862897768783295,5.151980466294177,5.123319611032798,4.999672648127588,5.123523480658779,6.015417149303018,122
479,5.125330416466806,5.095326059029677,5.115860625384602,5.09023323205325,5.150583564963785,5.123180337348231,4.999888714561389,5.120919858488593,6.01879350996511,122
480,5.12819556337986,5.095585012897293,5.116242558673925,5.094765740981108,5.149640869911918,5.122583746946301,5.000677323680316,5.117442169939553,6.030736911734129,122
481,5.129516763954104,5.096025405750382,5.116764616758173,5.098850783864812,5.149219231117854,5.122768047167041,5.0006882277871005,5.113948583047471,6.026809742213751,122
482,5.130934440432306,5.096352290035264,5.117453948325319,5.102992125305924,5.14824707818485,5.122734135738364,5.000155341761337,5.110452456292104,6.028964722447873,122
483,5.132522184097644,5.097023733606021,5.1180321698117375,5.10699066840484,5.146369048199777,5.12258900558788,4.999811706122186,5.107132360174103,6.025203247123315,122
484,5.134326302983813,5.096720524670071,5.118434493910969,5.11103084830131,5.145122858691507,5.120988181597424,4.999706055194518,5.102929243391095,6.028543890966005,122
485,5.136918823021519,5.096990220554667,5.11934037758581,5.114244255497548,5.144362256795076,5.119045837579438,5.000305972724149,5.099105544282944,6.030525779772169,122
486,5.139284560266518,5.0961341836532945,5.12001825210092,5.11790073205105,5.143105526089115,5.1160988929499895,5.0005842452172775,5.0957024471410115,6.028831718296255,122
487,5.141163704032575,5.095507363544371,5.121097027471151,5.121052271261022,5.141596067277954,5.11274999357069,5.0009060093671875,5.091397279027711,6.031988968087857,122
488,5.142693646154635,5.09510322786724,5.122368356198785,5.124452313570561,5.1400018471013755,5.109819277714384,5.001532910298801,5.088366115705161,6.030372117902002,122
489,5.144032728732998,5.094989976580343,5.124149424033036,5.1283720810092355,5.1383412148418675,5.107364958882654,5.002312735772802,5.085534821359995,6.033537725647354,122
490,5.145819792794295,5.096140971049719,5.124891564309873,5.13095191614752,5.137501421270229,5.105638328035257,5.004024706654471,5.083358728839772,6.0251182468716555,122
491,5.146282899738047,5.0977718918624415,5.126186928266556,5.133892508959617,5.137013566941392,5.104424929502346,5.005672797547987,5.080471216614801,6.021628159390508,122
492,5.1472392614408555,5.100218881119597,5.127199221656512,5.135863257990395,5.136865563794647,5.102895309191673,5.007221230604996,5.078634722636606,6.031042462210987,122
493,5.147667849383364,5.102080193373629,5.129199303708594,5.136094581293076,5.136986057515803,5.1007279479699905,5.008530781159539,5.0776062909603645,6.024893918323159,122
494,5.149143475879309,5.102610039556433,5.131013500560739,5.137023313290118,5.1358139914847065,5.097765483830782,5.009972237331212,5.077586859081074,6.02422671610417,122
495,5.149870334367108,5.103184266852837,5.133946537946384,5.13805091292658,5.13499998524617,5.094553789876944,5.010873214572171,5.077466246417934,6.023086533974646,122
496,5.150673465994942,5.103432254927911,5.137421428362329,5.13920996140887,5.133546666989901,5.092709873659754,5.012406401131655,5.0777942058222685,6.02457143644345,122
497,5.151322521657334,5.103227829052936,5.140149711293899,5.140420511782159,5.13175020769245,5.090516555989579,5.014468147138302,5.07741831474398,6.029046716961178,122
498,5.151933799136853,5.103480408670219,5.1436898308015895,5.141873937909458,5.129806905143375,5.089635473142405,5.016179300394969,5.077168014213543,6.026250055612999,122
499,5.1524067628802515,5.1045351452046415,5.148351364279428,5.143441028423516,5.127999338820263,5.089117229891489,5.019117303013845,5.0772166732378174,6.026809446368576,122
500,5.151744921009389,5.105523900922623,5.152745833291672,5.143964693549619,5.12617758252699,5.088902405128291,5.021934890613188,5.078321249299084,6.032927828610062,122
501,5.151015382018692,5.106603751728834,5.157483989570969,5.144344281502262,5.123821680281387,5.089096664629135,5.024792072450781,5.079853164403952,6.020328028887107,122
502,5.149343153557786,5.107949891723686,5.1618433498061975,5.145302341463526,5.122014517652875,5.088672205473843,5.028099400193167,5.0809691002527595,6.028828906714356,122
503,5.147868300839134,5.108024312947598,5.165602522787709,5.145401340616509,5.120553741212,5.088706467876344,5.030801814959704,5.081675934444146,6.025012851989652,122
504,5.146520393059755,5.1069225208307945,5.169106543069077,5.1445214520994345,5.119452733600728,5.088413882308368,5.033154467363332,5.082835193135761,6.025178945106562,122
505,5.144181791712022,5.105821197305899,5.172090662193095,5.142986386305927,5.118147007922692,5.0879841414285245,5.034774280764309,5.0850304604771495,6.024671916891968,122
506,5.14177768453828,5.104951195937269,5.1746865556956765,5.140944620587516,5.115961591039773,5.087435446498044,5.0359966349995355,5.087138332373137,6.022832201671667,122
507,5.139790406163534,5.103878117018965,5.176867649187814,5.139289666846857,5.113410462510125,5.087190978580285,5.0374996900088505,5.089167446425274,6.017002798139074,122
508,5.138268611719537,5.1019998192821925,5.17942756433131,5.137156663802068,5.110871599771272,5.087281515175386,5.039541081696808,5.09152126964914,6.0195327566101495,122
509,5.137086310151664,5.099413598585072,5.181738037071969,5.134638557993659,5.108547060324051,5.087182057904953,5.04148173949501,5.093784456191246,6.029883838860807,122
510,5.134969877071663,5.096523842483982,5.183973428882792,5.131930309884007,5.106037316727619,5.086301601235657,5.043253390406731,5.095918527767651,6.027988246264522,122
511,5.133561866968789,5.094008156316005,5.186060076061356,5.129546028830207,5.103809255749032,5.085396016195669,5.0447791044981365,5.098926571680099,6.030598414300431,122
512,5.131869222362206,5.093014324749178,5.1886810758690824,5.128169806054487,5.1010047735535196,5.084577963195248,5.045440587496969,5.101007048689828,6.036557297296938,122
513,5.130535632115904,5.091398464951261,5.1912622992554045,5.12759657414124,5.098700908410932,5.082751774163404,5.045884221048007,5.1038052393253786,6.0345625657915445,122
514,5.129107568219817,5.089320781541417,5.194108004765359,5.127306355972124,5.097302333259028,5.081842445239488,5.046793208240931,5.1069143039397105,6.025445994335119,122
515,5.126824665464071,5.087700820842483,5.197248936597507,5.127651615341984,5.096006483706581,5.080828359198451,5.048242662151182,5.110095619371396,6.031765046061225,122
516,5.125105746757511,5.0860140812464865,5.199633387890243,5.1278890724404285,5.094773737120377,5.078918096190243,5.049416140997305,5.113824562498955,6.029134223036084,122
517,5.124972213010413,5.084322277507447,5.201212916323441,5.128061882504262,5.093387545950655,5.076331451180867,5.051286466853606,5.117477575013687,6.028002863157732,122
518,5.123930060495791,5.082146286878168,5.202424336746624,5.128387063390739,5.092229587773462,5.0741426660852325,5.053518794925749,5.120408574974269,6.035535307676611,122
519,5.122574883493861,5.080581278059348,5.204011526514845,5.128716124236298,5.091995570801959,5.073210701151048,5.055754133388392,5.123200162834713,6.033258309132328,122
520,5.1215722735484,5.078630035445939,5.20531388873888,5.12809412885531,5.091206155832566,5.072924725217865,5.057618125488345,5.125634510334424,6.029016323209707,122
521,5.120225602579293,5.0766979830093675,5.206605377347894,5.127515633287543,5.090153286692271,5.073029353352804,5.059544418050989,5.127316132272742,6.025700125247259,122
522,5.118594928047436,5.076248787873613,5.208210205873918,5.125734441555419,5.089940662952273,5.073244015872421,5.062077820900686,5.128759873765857,6.035572048032046,122
523,5.117050669052686,5.075855030506454,5.209619988607967,5.123538302318076,5.089967085196563,5.073148066559575,5.064375213162504,5.130779458603363,6.030125268219262,122
524,5.115866056833308,5.0756514513624875,5.2111805771075534,5.121396966378136,5.090562543701788,5.073258089788897,5.066053263695851,5.131927899290503,6.0277247078745715,122
525,5.114358497453823,5.0757596086325645,5.212709473962505,5.1186004094538085,5.091278133913827,5.073272479421027,5.067572541998539,5.132723143727139,6.026230583751191,122
526,5.112464623008831,5.075419980351464,5.2142391060010285,5.116583428425975,5.09175024295279,5.073832400504575,5.068288437921603,5.132293848324405,6.03469613974361,122
527,5.111576339572181,5.07530915088387,5.215218093186274,5.115426947942673,5.092377349490343,5.074657098051377,5.069425871835543,5.132246411549161,6.028206953726436,122
528,5.110469203534299,5.073718477064135,5.216078859161122,5.1147184115051365,5.091970157001146,5.075740746279209,5.070586166292996,5.131662381297767,6.030349937892017,122
529,5.1096396973982525,5.072291727532465,5.216577061103122,5.114596376547523,5.091105735315594,5.076747347206668,5.072262710489914,5.131309446278495,6.031037781860225,122
530,5.108811449979898,5.071926372873246,5.217349217906131,5.114213752615639,5.091427744949931,5.078467365929454,5.074882355845614,5.131206520386526,6.034344967815513,122
531,5.1087554555516,5.071781077700353,5.218147456469143,5.1135113407492,5.091173776921461,5.079924907187078,5.07778369183912,5.130747369860672,6.023540209812216,122
532,5.108869983548091,5.072584257144556,5.218163150083017,5.113279124802176,5.091469108506249,5.081146444922673,5.0808823754807015,5.129561702484611,6.021534540017982,122
533,5.109155831363571,5.073699595761133,5.218817890808709,5.112959715210396,5.091205116563563,5.082402007204488,5.082813988544885,5.129235499929697,6.030441418121953,122
534,5.10959189898939,5.074547163442657,5.218707689976741,5.113061116835377,5.091839439539545,5.082843655899513,5.085208830470185,5.129555225861662,6.033114319693548,122
535,5.110666701533827,5.075097843964076,5.2181179755092035,5.113496892282253,5.092674467523064,5.0832957257963525,5.08585860844596,5.1298740780624765,6.036921507636091,122
536,5.1119534255030405,5.075566417673743,5.2182442890194745,5.113077429091643,5.09297932740934,5.083459941563323,5.085641491523559,5.12907923263222,6.031675868183223,122
537,5.113368816428731,5.075758642977289,5.217344584646694,5.112595978777925,5.093897311574041,5.082898184156424,5.085280006568166,5.12854442600953,6.031304701289852,122
538,5.114572743284675,5.075801266986099,5.215964717618518,5.112262089684806,5.095213531428412,5.0820836730035595,5.083736369420902,5.127807931935654,6.032034459328208,122
539,5.115649004894529,5.07683326989069,5.2149313955484855,5.11227693600244,5.096703492737123,5.081258985112086,5.082486407838724,5.127448955152309,6.036360758099818,122
540,5.1172686140987445,5.077888904800611,5.21374700454969,5.111643831965074,5.098382358713304,5.08034153114998,5.081355726540356,5.126911415521068,6.029330468037635,122
541,5.1186289496370705,5.079166722150653,5.212989824313501,5.111019476211027,5.100747504539067,5.079926376505098,5.080982907703181,5.12565376972281,6.034363150685361,122
542,5.120053544067277,5.080473424130009,5.211420150073597,5.11065283941707,5.102475454128058,5.079397544033208,5.0805855405192855,5.124429211584731,6.024771788960903,122
543,5.121157939519504,5.0812933838201815,5.210974688154289,5.110559243590242,5.104607672014238,5.078339203562944,5.0809586618367355,5.123535176242994,6.030656947482925,122
544,5.121749664853372,5.081748129073828,5.209680375135992,5.11062124643437,5.106945146732272,5.076749384597929,5.080476306133537,5.12301537222543,6.031093932208988,122
545,5.122191828411949,5.082603281155462,5.208482014367558,5.110875909690765,5.10911720686752,5.07547296033114,5.079625915554072,5.122723945251119,6.018277687043091,122
546,5.1235461873983805,5.083792079342906,5.207062669739518,5.111468353426046,5.111536606011965,5.074932056684208,5.078496827914134,5.121282429875938,6.041271068151032,122
547,5.124386935691727,5.084798089867624,5.205927478904012,5.111645137582584,5.1138317874754495,5.074336776910498,5.078065921577699,5.1189282508792395,6.045062750722278,122
548,5.124818726844837,5.084656245223731,5.204720941809345,5.111992911888266,5.1168907383775455,5.074041753152553,5.0780283095369105,5.117030438986267,6.037548813751831,122
549,5.124895014056328,5.085768657212935,5.20318948614606,5.1118473438025385,5.119797587624888,5.074185557184139,5.077940577795292,5.114583451330553,6.035935986242256,122
550,5.124757349983772,5.086875551672241,5.200805880435496,5.111592138500397,5.122000146164886,5.074049500692994,5.077891560751471,5.111786706554749,6.031641405929044,122
551,5.124464111115859,5.087722102794916,5.198323664105919,5.111890930001189,5.124146406924902,5.074187913470522,5.077349350033436,5.1093964292666145,6.038336612865305,122
552,5.124610488572401,5.08886558930433,5.1968434520639875,5.112239003706458,5.125253560018674,5.075700249782402,5.076884112817388,5.107191005106916,6.028401696230661,122
553,5.124581043475148,5.0895578017718375,5.196350741725145,5.112369235270219,5.125861138415041,5.077527019919554,5.075586817305459,5.10513697864827,6.028717249433748,122
554,5.1243768285918865,5.0910315744752905,5.196323962149117,5.111894163394632,5.127011743078284,5.0794085384013625,5.074300255193936,5.103471844224856,6.035070287105171,122
555,5.124988254863411,5.091186832918163,5.19630364538356,5.1112319337447865,5.128911581775218,5.081251869805644,5.072737785846111,5.1017287178520565,6.029275784158593,122
556,5.1258914010420025,5.092003356872484,5.1962072198368165,5.110983620460384,5.130110365365677,5.083259963067506,5.071437369043545,5.101411798361795,6.032695649235254,122
557,5.12675893605908,5.092222096641502,5.196577105686875,5.11128327929627,5.130929542275819,5.08524743606746,5.0697909567295065,5.101551789882742,6.038804838248028,122
558,5.127683725210609,5.091752202906731,5.196167889062147,5.111523110052022,5.131943514558676,5.087813848075183,5.068464007036328,5.10157056398463,6.03960387746552,122
559,5.129370213612171,5.091348226404333,5.195677956030041,5.112801615102265,5.132755530450549,5.0906698766915905,5.066658238805885,5.101195271739323,6.028741864307944,122
560,5.130757334741933,5.090876064064326,5.195198267678199,5.114016219699336,5.133829117625672,5.093500899876046,5.065190431739862,5.100604423169196,6.034469261107391,122
561,5.132251520526351,5.0901814978280875,5.194813282528102,5.116527124743467,5.134594580819073,5.096398885326844,5.064203142952806,5.100309245715725,6.0348217896910645,122
562,5.134399310519711,5.089710158584757,5.194539819550812,5.119490456446091,5.135396909213435,5.09878780213961,5.062662446356667,5.100212487642609,6.030522290159791,122
563,5.135778831032642,5.089391862008349,5.193897307438737,5.121918223252351,5.13599551776235,5.099959578287848,5.060883679520392,5.100442176101982,6.03953437032516,122
564,5.136937208318249,5.090034241979608,5.193812515463819,5.123958443194512,5.136714798134111,5.100849033975373,5.059578678442852,5.100940378175,6.037204701708633,122
565,5.138464044496111,5.090934026414779,5.193542346078232,5.1261775369053915,5.137102903186052,5.1019965374169605,5.057877581598412,5.100708232226838,6.045309578813146,122
566,5.140256804198925,5.091108887284465,5.192778168858183,5.128264800019748,5.137635485445889,5.103252689130007,5.054991246577732,5.099888014424377,6.042477457558035,122
567,5.141236378309365,5.0918565813858425,5.1909375397110615,5.130822254495616,5.13813849833628,5.105118853418126,5.053327115655316,5.099668099804874,6.03377818036259,122
568,5.141722344185537,5.092550902540173,5.189302718343699,5.132781632631101,5.138710055524852,5.10683312127764,5.051328995725752,5.099478353434616,6.044157303850148,122
569,5.142586872420363,5.09297596739278,5.18715794249065,5.133880341087876,5.139789702610075,5.107990717553785,5.049442879838466,5.099191569172493,6.038196678110922,122
570,5.143720750404813,5.093402713937415,5.184771413671671,5.133483577388063,5.140129650600607,5.109361159887601,5.04796413625764,5.098569213334192,6.036392175402421,122
571,5.144585535854455,5.094146369917335,5.182035590608816,5.133265220851193,5.1405333090918015,5.111206984431655,5.047392338991994,5.097085688010804,6.03595364839338,122
572,5.1451306473667975,5.094625087136524,5.178736495686296,5.134012732777492,5.1401758461660645,5.1123743002382644,5.047186055398939,5.095397326818439,6.030140840617256,122
573,5.146232513829906,5.095520912128659,5.175776510733121,5.134367401213824,5.13982535513038,5.114367969578278,5.047739673106126,5.093497294120829,6.0441642695685305,122
574,5.147645399340249,5.095662563017465,5.173824119197581,5.134499657628644,5.138960961259479,5.116400188093072,5.0486474195522595,5.091179772424199,6.03284427432997,122
575,5.148289872645278,5.0950902288242865,5.1714614178378895,5.134471231077044,5.1381683523877335,5.118214329860699,5.049694783427862,5.089555825726298,6.039894443471422,122
576,5.148499986997829,5.095186359634616,5.1688079119263035,5.135248528173091,5.137346448111576,5.119513201449272,5.050746407640587,5.087941671255179,6.030445490004792,122
577,5.148483086059186,5.095926258173261,5.166420880529535,5.1361412077777855,5.136566280639232,5.120521088031008,5.051392442051226,5.0868475783400475,6.040470722185741,122
578,5.148613588622489,5.096635444039695,5.164524372532545,5.136592078440052,5.13594334271334,5.1212467256846494,5.0523664949091565,5.086215705168003,6.025453314714602,122
579,5.148815847464827,5.097518900131881,5.1622727858485655,5.137392439665337,5.135787618868287,5.122163142802194,5.052711767175278,5.085487076674786,6.037016653124533,122
580,5.149360502534955,5.097441142855617,5.160160933246836,5.1381754064989495,5.135762552749126,5.122905543703542,5.054111614870559,5.08423536594062,6.043228215324958,122
581,5.150796896782891,5.0971727835212475,5.157733240036061,5.1385347679979425,5.135779329277495,5.122978473860664,5.056198224267675,5.0834435250293595,6.0346990874392406,122
582,5.151593461783662,5.097253557859366,5.155097227564895,5.138550057329527,5.135897005377831,5.1226339151946405,5.057690936889391,5.083730446053476,6.032821497860326,122
583,5.152664784459496,5.097632565128119,5.153200338999188,5.13813919246222,5.136349110430268,5.122535740450294,5.058922184934436,5.084435673221966,6.039077242114126,122
584,5.153510932893687,5.098110847789238,5.150838521563919,5.137235804777637,5.136287274852796,5.122498330167012,5.060459944546291,5.0849983575655555,6.037953390837828,122
585,5.154237199133707,5.098353248124348,5.148274769617259,5.136491547519741,5.136209809306444,5.122338588772839,5.0620294296419255,5.0858648855751225,6.03949640382802,122
586,5.154301083062421,5.098568808447018,5.1464063926510715,5.135613040610563,5.136316312594966,5.122761789942668,5.064156276729126,5.08702815866233,6.037102079088086,122
587,5.15459688534963,5.0993076873485474,5.143936455140398,5.13396013039765,5.135646858926746,5.12259011323561,5.06664829226686,5.087535206399695,6.0291516705559385,122
588,5.154712381235125,5.099530422306344,5.14124799782959,5.13157657893545,5.135247551134945,5.121822181254165,5.068811908024255,5.087641811100875,6.039984911943265,122
589,5.154700852657535,5.09996751970051,5.138089578589803,5.128291273701734,5.134599653721914,5.120869422003152,5.0708067130839005,5.0872768524573235,6.036920268519129,122
590,5.155562947731358,5.100482673486395,5.1357032646695,5.126042928586012,5.13297810991382,5.119921601374459,5.0732965511160755,5.086688794203232,6.035327667245664,122
591,5.15577702044369,5.101451578632628,5.13302781720707,5.124269521465883,5.130399035484542,5.119560032227277,5.076255737354951,5.085808496190271,6.035632718231392,122
592,5.155608860622366,5.102375988898138,5.130817679426417,5.123177872406057,5.127813159393726,5.119217000872892,5.079079771498007,5.084142833841381,6.048349924937846,122
593,5.154643608215249,5.10367275550119,5.128369672250564,5.121401133991482,5.12579826858721,5.1180288962473135,5.081997501997474,5.082400106337293,6.031314985295845,122
594,5.154112224364164,5.105797853529786,5.126717369175273,5.120176625949714,5.12321319504502,5.11639471035629,5.084427404918599,5.08062994593489,6.035849837132136,122
595,5.153016635232738,5.107726087315674,5.125352515093687,5.119097682379405,5.12106399601797,5.11440253371302,5.0874543793706195,5.079220560953049,6.039090752121901,122
596,5.152540724835933,5.109159078408748,5.123889644419702,5.11853074123465,5.1184310271911055,5.111881347469517,5.090454687521476,5.078292177940908,6.041149640166371,122
597,5.151926183710963,5.109550338027798,5.121888838847688,5.117683116094334,5.116384358055548,5.108582885230446,5.093080234229664,5.077052631767137,6.035198763886042,122
598,5.151481892374713,5.1095638729506145,5.120722643241383,5.1168045629468875,5.114646210678973,5.105200234546394,5.096241824191449,5.075934499903839,6.0393493082396335,122
599,5.152250761470448,5.108884954311192,5.119730719682096,5.115661042685019,5.112365596951417,5.103003592311856,5.098791297800711,5.074852639851654,6.040115073577121,122
600,5.153253890680479,5.108017762943524,5.118798572928414,5.1141971247358615,5.1104116955110115,5.100796110289066,5.101187118073851,5.0732987035129,6.030021618704445,122
601,5.15417557313801,5.107143855962411,5.118095335179747,5.112796663877576,5.108959113756855,5.098243423225208,5.104614712796377,5.072298816679814,6.03330614168198,122
602,5.15406934598343,5.1070819080156795,5.1178672994130245,5.111172505053505,5.10666844193513,5.095195998211869,5.1085338542426175,5.072112849593906,6.039430552609555,122
603,5.15392776445168,5.105857173659865,5.118018668693157,5.109266653205962,5.104697212986938,5.092236946202895,5.111203527964484,5.0710635894740665,6.036941115106008,122
604,5.1540060360626185,5.104154825539101,5.117784933496882,5.1078340835898,5.103055203479958,5.090129628511805,5.113337912850156,5.070984636218707,6.034242544887948,122
605,5.1535130593813525,5.102369893658487,5.118337166137053,5.106476765790157,5.100945036654894,5.088829248944812,5.115488059272717,5.070995370710987,6.034646334534898,122
606,5.152807323143511,5.100695137241225,5.119425881212937,5.106098795892876,5.09954405332074,5.08744624999037,5.11693158897987,5.071097770221231,6.032764248037991,122
607,5.151490940750138,5.098508156714852,5.120859836910005,5.105169146588469,5.097867663333513,5.0861764176085345,5.117710353267174,5.071451338846849,6.033351885012671,122
608,5.15041990800735,5.097052192390613,5.1224813831982186,5.103894873046325,5.096658974947335,5.085316374429814,5.118703403269631,5.072180451681137,6.0340556335772595,122
609,5.148712565366905,5.095857268359834,5.12408373052715,5.102754198354946,5.095349765294731,5.084099257959323,5.118721041441429,5.072410080513716,6.026253968556101,122
610,5.147014680615225,5.094593511434699,5.125023208020085,5.10135030400455,5.093884897204891,5.083436745791635,5.119384579659061,5.072506761057497,6.037561016577334,122
611,5.145748272717836,5.093525913348337,5.126175811407769,5.099944175668934,5.092693411517361,5.083022668521002,5.119272815505588,5.072988390121756,6.0380005504731304,122
612,5.1440140789811455,5.0924017495530975,5.128740614341126,5.098702304853283,5.091810630790489,5.082882309673749,5.118985324625314,5.073885196881879,6.038480090067789,122
613,5.142364505095447,5.090785711449573,5.131473055052339,5.097628861559456,5.09109412072617,5.082971896997696,5.118961500688201,5.074659683730927,6.039401777100513,122
614,5.140836099671834,5.088070942252225,5.1345532031558925,5.097004302019101,5.090839236071647,5.083595437945728,5.119323320152802,5.075327290664731,6.039238134719524,122
615,5.139385561401073,5.085545055704877,5.137508631437044,5.095776686577848,5.090214128484947,5.083843365196568,5.119564127345795,5.0757612017555775,6.034157412439295,122
616,5.138032700570163,5.083979137030375,5.140939303429063,5.094774169116685,5.089830864013385,5.084272466692571,5.1200161222019105,5.075763204762477,6.0362713021393395,122
617,5.136117803232581,5.082780313583189,5.144564716301444,5.0938246834310785,5.089412792128261,5.085671797816249,5.120264577363459,5.074880477088433,6.040033727863008,122
618,5.134360980483843,5.081832993447465,5.148370677008076,5.093374527250376,5.088924984492412,5.087117454945118,5.120444260677205,5.074311122595999,6.0488990903273905,122
619,5.132710383147663,5.080550659066972,5.150893894442021,5.09276463845698,5.087402259548169,5.088379712391283,5.12047837436279,5.074031706759684,6.042760628997262,122
620,5.131865777380202,5.07921002955161,5.152972446633358,5.092630203910918,5.086212414171767,5.089543618557944,5.119987166323784,5.074422976393119,6.034116784234773,122
621,5.1310835377700315,5.078361765034282,5.15537343296775,5.0917392964399015,5.085381268841366,5.09093414998121,5.1198221377240465,5.074830723727048,6.042388867320439,122
622,5.13073118541285,5.078028851342767,5.157289566840939,5.090678357569329,5.084649631709548,5.091568620527655,5.118910956695769,5.075263590833196,6.040584854267149,122
623,5.130629941604674,5.077382588757359,5.159682124422967,5.089449125693369,5.084669197050904,5.09237903020651,5.11761168606505,5.075653394518108,6.033407438336464,122
624,5.130819669857963,5.0771331829836255,5.161462733705976,5.088782016884224,5.084606330738298,5.092932010819512,5.11663306651979,5.07614122396461,6.042083336003316,122
625,5.130953789549787,5.077048731568703,5.163082533974115,5.089101557814409,5.084920930585697,5.093048141275945,5.116187686693967,5.077225318614244,6.043516947060906,122
626,5.130984438058599,5.076420558397524,5.163679500016072,5.088216246394155,5.085608197408279,5.093438941722489,5.115561635485674,5.078204955519931,6.033038634598479,122
627,5.130812331823481,5.076114056027127,5.164374647317283,5.087503861429125,5.08636258654991,5.093335887622681,5.114585536113022,5.079413662283349,6.0372407176146865,122
628,5.130176131450227,5.075327974839401,5.164818353473361,5.087098204114636,5.087520474532468,5.0921456409262085,5.113471873163774,5.080998699165649,6.035482735898815,122
629,5.129393057460003,5.074906624167635,5.164954371442471,5.087288724371282,5.088444982250257,5.091588000219636,5.112536151198564,5.081940875449929,6.042317825927371,122
630,5.128242114674739,5.074151808723604,5.164752113999748,5.086737021878756,5.0898844014946425,5.091886867594693,5.112017466877542,5.083014972467203,6.032414583154651,122
631,5.127455415411741,5.0735056506278795,5.16409332028611,5.085597719864123,5.0906779095270585,5.092333281069867,5.111440952259477,5.0841731359197855,6.0431919697327725,122
632,5.1265930589779565,5.073167731192502,5.163494125962721,5.083959102725491,5.091479837378683,5.093094449410232,5.110404642671531,5.085368509989076,6.043791972452519,122
633,5.12630771576043,5.074021012765279,5.162874884829749,5.08205639116567,5.092184029087521,5.093671419208494,5.108979397698957,5.0861435267423065,6.039626397494712,122
634,5.125636786145372,5.075231285205652,5.16175244974204,5.079745824194065,5.092889003893873,5.0945219142237566,5.1075887197903285,5.086638127511618,6.043160225577903,122
635,5.123625529219821,5.076906090716994,5.160154797022286,5.077657197385207,5.093933770022147,5.096003182387465,5.106463051478766,5.086866303996972,6.032906459719495,122
636,5.121906828691252,5.079176160305293,5.158332776047547,5.075907556845705,5.095169872622638,5.097158965344393,5.105036823150769,5.08742126205526,6.038267324296374,122
637,5.120140116040094,5.08079361519821,5.15581496474076,5.074124325168978,5.096700096688703,5.098684832291765,5.103142012921383,5.08800126487394,6.033312388912521,122
638,5.119177516665378,5.0819096810263495,5.1531920092006835,5.073010300065443,5.098152419691807,5.1004538285328636,5.101813227844991,5.08803085003014,6.037858408110417,122
639,5.119178819231484,5.083748981081342,5.151470390654999,5.071255078228708,5.0991942820007425,5.1016899746522055,5.100227590364775,5.088443759074449,6.042228727197199,122
640,5.118892098690015,5.085223735210781,5.150342399135643,5.069885435712808,5.100161153469438,5.101371299483071,5.099544355137395,5.088121578757903,6.044586067629586,122
641,5.118895466983445,5.086588234140643,5.148933574844192,5.068758264045412,5.101740500171308,5.100755912758823,5.0993835252317155,5.087366340158415,6.038181061504828,122
642,5.118099436160342,5.0882150306660385,5.1471808488911766,5.067393717505258,5.103173142565305,5.099779044025555,5.099596722117251,5.086584848577585,6.038120631430123,122
643,5.117908401641304,5.089810959261164,5.145131676937827,5.0663396505470075,5.105105117311071,5.099042569795113,5.100532921952127,5.0854127901059325,6.032392800713724,122
644,5.1183338655853925,5.0906980679881215,5.142622351583674,5.0654435263126185,5.107724992067944,5.0980619415365815,5.101141478846419,5.084169730497466,6.036764524282066,122
645,5.118700354477993,5.091204947334734,5.140332440066965,5.0645424069208005,5.110210398370375,5.097509005153306,5.102119193717149,5.083228518043472,6.044910770494797,122
646,5.1182489506790985,5.091724198839444,5.138102157085257,5.063696977230857,5.113188921536103,5.097028551061827,5.10271848912595,5.0826751147726155,6.035096502737052,122
647,5.118075979822859,5.092241136325117,5.135411706675526,5.063622184726938,5.115840088196395,5.096249251199827,5.103949773779405,5.081747353663797,6.044726065653238,122
648,5.118348275275308,5.092833669738721,5.132362930853388,5.06332760889393,5.117976639724877,5.095047895581155,5.105299980364496,5.079848036229972,6.041664917404362,122
649,5.11887563451442,5.0935071285772064,5.12881172429179,5.062999381448535,5.119975878992763,5.0938598805641355,5.106875392905371,5.078032030651972,6.039438637842185,122
650,5.118995327958633,5.095452405799377,5.12511721067685,5.062776283855039,5.121596076493937,5.093140925609556,5.1080074394191906,5.076315050378909,6.039588844128901,122
651,5.119446014030178,5.097063023541555,5.1211602894265855,5.062924878919295,5.122905566850871,5.092789087016061,5.1100942516469265,5.074784734397437,6.0416108242055,122
652,5.119965953460894,5.0987294674824835,5.116826590962136,5.062815540804452,5.123754497879842,5.092832270472629,5.112289615371642,5.073384251578618,6.049505244853429,122
653,5.119862259764189,5.100249360647496,5.1126504266802435,5.0630357200070755,5.124383052490158,5.092039034199104,5.113950812554773,5.072498459782485,6.053188376474012,122
654,5.119851786358983,5.1012293037209915,5.108383415318758,5.063393110425301,5.1246819100947505,5.091319238531262,5.116249311725879,5.070882807758012,6.035028428694608,122
655,5.119935617171074,5.102498590510406,5.104634040634622,5.06452716331442,5.125550764055971,5.090513408305965,5.118200109654413,5.068781548446159,6.038929768146948,122
656,5.119511540961495,5.104308838764878,5.1019823905680095,5.065128723062481,5.125500923226545,5.0900745784107375,5.120495447127148,5.06658462781521,6.032201435614987,122
657,5.119448447434237,5.105253797322186,5.1000865059237785,5.066047706964829,5.125145382029745,5.08958980056065,5.123308456079847,5.0644268625350914,6.036218541531639,122
658,5.119419486581741,5.105442001455018,5.098320378078309,5.066637699134346,5.124874530388869,5.089573711535398,5.12615908764603,5.06237935570471,6.036007358760039,122
659,5.119265760505788,5.105423481630998,5.096706479594104,5.067529851776882,5.124998581447871,5.08906727619608,5.1285017164517015,5.0606810788087015,6.046435486170184,122
660,5.118484625692026,5.105586887186901,5.09554718884526,5.068204351629407,5.124903221620757,5.088464968995578,5.130709564448603,5.059398207816269,6.044082404194745,122
661,5.117267882913004,5.10560155972685,5.094889390464472,5.068960476536937,5.125392863040708,5.087872695912945,5.1330297451210685,5.057668058017309,6.043105651872019,122
662,5.115773036896786,5.1060180042469945,5.094637037478151,5.070006616999968,5.126300612609091,5.086964680334702,5.135573381805729,5.056303300052641,6.050547929535463,122
663,5.114425562850478,5.1060110709011095,5.094353982517285,5.071096881111665,5.1270216573434375,5.086910915737985,5.1386945081710715,5.055324412131013,6.033168738657783,122
664,5.113536222328113,5.1065889838369865,5.093812304350914,5.0707928424314455,5.127237926385126,5.087841480990706,5.142176696052701,5.054117482791561,6.040514838155307,122
665,5.113172198744127,5.106851097457264,5.093053551002198,5.070366436709126,5.128358600932884,5.088465354699299,5.145143954353259,5.0535465188270665,6.040985314513574,122
666,5.113160973070018,5.106864993947516,5.092189038638988,5.07015381851963,5.129169408882611,5.0886997251987935,5.1472477150036475,5.052789506905238,6.036887828737372,122
667,5.112729255885403,5.106810073953006,5.091214274510388,5.070227626815825,5.1302807016138665,5.0892139896361845,5.149195256892982,5.051485068532077,6.040727297577108,122
668,5.112140138396406,5.1067040357774385,5.090317750671058,5.070519778936939,5.131383859600763,5.089696831018358,5.152076915536487,5.050070642593543,6.048121347810473,122
669,5.111054915564942,5.106216450417404,5.089976447260736,5.070667645857809,5.13221018169156,5.090773230292038,5.155494149918143,5.049593038230446,6.038125006685909,122
670,5.110030792636831,5.104999564753196,5.089469486489042,5.070353525678064,5.132981131096684,5.09157673445935,5.158909806099834,5.049551054769495,6.04520732543368,122
671,5.109170505975348,5.103406155026609,5.089003625192239,5.069159211177484,5.133952274380139,5.091427076708667,5.162336389784887,5.049805445883559,6.044583423157884,122
672,5.107805800015132,5.10152877072916,5.088295446853026,5.067506676449881,5.13444761882095,5.091835563511287,5.166094862294497,5.05044502077188,6.046932653983798,122
673,5.106388616408875,5.099602800031157,5.087644683406465,5.066081056879531,5.134564232123807,5.091731772990398,5.169351498024646,5.051296045950266,6.049466074442521,122
674,5.104771246594938,5.09825453383143,5.0869073141843,5.064950137943958,5.135164645660448,5.092003757974693,5.1720701869870105,5.052331895452189,6.0384907117421704,122
675,5.102557149565788,5.096908428939023,5.085638234079348,5.06404265370627,5.13594130347413,5.092699117324413,5.174875453173119,5.053354496611771,6.046532712905613,122
676,5.100557938998542,5.095811550247775,5.084533993355507,5.063150672697884,5.1359839909295815,5.094119889320133,5.177168752230965,5.054432534783906,6.048979406802963,122
677,5.098739174101258,5.094433715102886,5.08323366574719,5.062536972540747,5.13600726407601,5.09576673248074,5.178736013256762,5.055280778607909,6.04283715666098,122
678,5.097660862730818,5.09336415302087,5.082275201990079,5.061741887427013,5.136217268722708,5.097879599097761,5.18000062739075,5.055378511943712,6.043132164787458,122
679,5.096301640260033,5.092423795089498,5.081202296720988,5.061043053347673,5.135351840513488,5.0996899635852255,5.180801378734454,5.05589619962436,6.045805416164557,122
680,5.095534476594025,5.092167637598601,5.0805775243798905,5.06052381334053,5.134157265626493,5.101850416262517,5.181469857407564,5.056483946850932,6.054123269515818,122
681,5.095061030480002,5.091686720772422,5.079993020120561,5.060276029186204,5.133202051388653,5.103691423887387,5.18152590086718,5.057111117909312,6.0458290867240905,122
682,5.094895460946797,5.091956019830465,5.079803431257733,5.059847176604822,5.131915765937432,5.104971271722399,5.181217483366007,5.057702597113123,6.042320768155882,122
683,5.0948759545660005,5.092470866225783,5.080657637420634,5.059280770364749,5.130671202621295,5.106838251387339,5.1805128435968655,5.058533830770074,6.038867643218871,122
684,5.094212483265839,5.093175688591784,5.080913346707337,5.058827193580955,5.128841707829426,5.109051617733284,5.179560741704979,5.0600834100663095,6.041602348891823,122
685,5.093566465363786,5.093408610920656,5.081635312104412,5.057970915990755,5.127298027135003,5.111208795158257,5.178385457965424,5.061379132322564,6.032623351317721,122
686,5.093137611832342,5.093647027980933,5.082336919830051,5.0574828477891725,5.125451791941138,5.113064122298423,5.176591252104255,5.062651280711645,6.040994485357655,122
687,5.092042610152852,5.093862179797224,5.083774219030911,5.057009782886762,5.124014434756543,5.1147487925516035,5.174407757803206,5.063480056672319,6.052084144077066,122
688,5.09064942160272,5.094302474632128,5.085115862314177,5.056243090151916,5.122920986416826,5.115546280167756,5.1717752697511585,5.064116772667923,6.034792640255393,122
689,5.089662890246876,5.094567630187547,5.086342992432425,5.0556762062389025,5.1223642743981985,5.116147287883882,5.169369386762952,5.065215665326541,6.045259773117948,122
690,5.088696251751051,5.095324545549364,5.08755083648133,5.054593551760162,5.121913233020514,5.116982222681287,5.167146422500652,5.0664186223483325,6.047327461273019,122
691,5.087732118288203,5.096291208910107,5.089126974347374,5.05280844477555,5.121097717493608,5.117739778741946,5.164733295868594,5.067814112883832,6.04690532935119,122
692,5.086564260794984,5.096380719966651,5.090511821041066,5.050862248709081,5.120993196391611,5.118556857324147,5.162237821005254,5.069023409219827,6.023215476853074,122
693,5.08546591140791,5.09646283234043,5.091125372053614,5.048599260696962,5.120958798296208,5.119316962882383,5.158781676711915,5.070329189344626,6.052701966271527,122
694,5.084267826445686,5.096844128359075,5.091734145007193,5.04740711122396,5.120653245245932,5.119614303149226,5.155133423609019,5.0713791012183265,6.046646192634808,122
695,5.083635667230599,5.097473002957885,5.091971435505281,5.046435998801212,5.119645296730454,5.12035653545162,5.152015586198617,5.0730526343757365,6.045670258621776,122
696,5.083026785275386,5.0978467897971615,5.09203793302281,5.045512451634423,5.1198057346916706,5.121380771716456,5.148565859656339,5.07438429222961,6.0371699182109,122
697,5.082514368163343,5.097933719283357,5.091263689699305,5.044435599532679,5.11940110559674,5.12216064614198,5.144040577472022,5.0752797721937615,6.048554158156359,122
698,5.081619904347745,5.097814233895934,5.091088918801647,5.043189886505864,5.118265323324332,5.122452991915999,5.139276060527986,5.075885360294928,6.038258014680916,122
699,5.080510770310002,5.097545289076218,5.0913759217154,5.041719790903322,5.117372022524933,5.12164765054659,5.133948899989965,5.07626479692645,6.039227019834189,122
700,5.079555723147916,5.097025143032852,5.09215788870986,5.040759521936434,5.117075736391183,5.121030046013609,5.128707755902129,5.076527436491611,6.043119457086153,122
701,5.07908558350835,5.096411807570577,5.093956346211433,5.04008095613032,5.1158824329355745,5.120266907178859,5.12363568079083,5.076655183396921,6.045628185327378,122
702,5.078255206017949,5.095625967233127,5.096187092313437,5.040079456066778,5.115053870745308,5.11916593757013,5.1190788168178845,5.0772534389422965,6.04445802748028,122
703,5.07742865537881,5.095078626935088,5.098947003904968,5.039933845829111,5.113976736997692,5.1182847371098585,5.114595078223958,5.078224317209063,6.0383563982696975,122
704,5.0765493730811855,5.094393374841289,5.1012539526524066,5.039518223531925,5.112823750682312,5.11764343050016,5.10986694890104,5.079261309860943,6.054372994064992,122
705,5.075540279758187,5.093971476553607,5.103209224936398,5.039569653474864,5.111901147430164,5.117099168221307,5.105357139048319,5.079406879422837,6.045365940443582,122
706,5.074751352504765,5.093951393858992,5.105120120188925,5.040742136178337,5.110582263020908,5.116690754396429,5.101240820090352,5.079520919737654,6.044336467599605,122
707,5.073898169833694,5.094644382705819,5.107264641379233,5.042551578262098,5.10933820596925,5.116843381759759,5.096737480579149,5.079003405082656,6.036307133073375,122
708,5.0737874270935475,5.095000299819175,5.1099274850630305,5.044927871848849,5.108359179745012,5.116695409352029,5.092036018648466,5.0789072249587,6.044752245484602,122
709,5.0736013476043205,5.095614074154123,5.112747090957834,5.046950423104896,5.10762545732197,5.116990302746757,5.087562678031821,5.078659645304433,6.043226514968001,122
710,5.073446185313724,5.095643621620204,5.1154384929448184,5.048272402446633,5.107220122610192,5.117193581510004,5.083321384203223,5.078719586777327,6.043511530868269,122
711,5.074023818476302,5.09580546872745,5.118177266815389,5.049630911610457,5.107378843279618,5.117556402601527,5.078900532695653,5.078702016083275,6.0474102586582354,122
712,5.074555442946732,5.096117340910329,5.120844537613862,5.050505368056461,5.107916330343579,5.117642947275385,5.07483555579547,5.0780387139354435,6.038373210062203,122
713,5.074819836284101,5.096656495784302,5.123860077524842,5.051179827566362,5.10859392894063,5.117417493955822,5.071259290584449,5.077986050673231,6.040260921019317,122
714,5.074861545937843,5.0970098056479785,5.1260449489522335,5.052666481820739,5.109110101955566,5.117492340043816,5.067514165011669,5.078263586044778,6.045674172804032,122
715,5.074999898766901,5.097145760847819,5.128474734648284,5.054597014628411,5.110613771922335,5.116922224355552,5.064426614990776,5.079075554212265,6.042007814340475,122
716,5.074712954247833,5.096969693446638,5.130633265501025,5.056588643652731,5.112314858447803,5.116450753633961,5.06156679807326,5.079725744061424,6.0341842491145155,122
717,5.07428548062974,5.096566904172746,5.132799396588203,5.058655193539354,5.113569485762113,5.115500383555153,5.058503537087164,5.0801005231105085,6.044233781278832,122
718,5.074545119254662,5.095902223705636,5.134732865710856,5.060631528365418,5.114811756036061,5.114710871238774,5.055629027014024,5.080605895564243,6.04557379546641,122
719,5.074431729332379,5.095546155504567,5.136061533326737,5.062419688214442,5.115716506801818,5.113719181186815,5.052898326418665,5.081133948419312,6.040046393281848,122
720,5.074437228104464,5.094804986783185,5.137482306689199,5.063906928961314,5.1169350793871065,5.1131951907189,5.0497133047495275,5.081799694240702,6.043221933602122,122
721,5.07477178432001,5.094212671250756,5.138578541443956,5.0659247641783764,5.117705626652165,5.112497983739493,5.0463781422868,5.083012190056266,6.0514501724382805,122
722,5.075256736815916,5.092922526381557,5.140013453937347,5.067139414836684,5.119036515257035,5.111733316493406,5.043651725272474,5.084117460122034,6.045819621699842,122
723,5.076052892365546,5.091424134330271,5.140844674155452,5.0682011468139265,5.119927324463651,5.111490725480288,5.040575992456061,5.085081917346349,6.043760918791333,122
724,5.077046393839364,5.088884357487399,5.141824014856757,5.069538664648146,5.120301185530921,5.11192751708619,5.037315618820415,5.086483799138831,6.036019253835642,122
725,5.077579092062809,5.086663441139695,5.143163727935118,5.070757920813654,5.1210090343353905,5.11275613161952,5.03421123450439,5.087456053150415,6.04948952303853,122
726,5.078023256836927,5.084333117585997,5.144817273267735,5.072051156445827,5.121805523911801,5.113533493775195,5.031131989302663,5.088373432094264,6.052154337653703,122
727,5.078042364951827,5.081506552052056,5.146296167547989,5.073361694874109,5.122854907143859,5.113755186228073,5.028805849502318,5.089238208109009,6.052800991784781,122
728,5.0784153171928486,5.079217475391738,5.1479619088278366,5.07525598513168,5.123867101738089,5.113641065662303,5.026903281053461,5.090145301559443,6.049850385350244,122
729,5.078793933153586,5.077600494382548,5.149316677761702,5.077303150017487,5.12509446766612,5.113427347636936,5.0253993318508385,5.090967521097471,6.049749165647345,122
730,5.079355473586528,5.075797780656115,5.150807012199446,5.078678239002899,5.126625419818925,5.113822785135225,5.024324540637599,5.092072711299116,6.045411415474543,122
731,5.0799635763548245,5.073901346858545,5.152134553066542,5.079875048143352,5.128165009731192,5.114371459347541,5.023851489359322,5.092205151626798,6.046632136315182,122
732,5.081081160856168,5.072240425201521,5.153999781706185,5.080781791487073,5.129182665280167,5.114929100739806,5.023336079303053,5.0921735439619695,6.051422101349745,122
733,5.0824083745279935,5.070668791332655,5.156158881302711,5.081628551689047,5.129855936176714,5.115588888260578,5.023589409448029,5.092494229013431,6.045758277973835,122
734,5.084481334441889,5.069630581266951,5.157915082510759,5.082574774454615,5.130998362184665,5.116832348598103,5.024002810183301,5.092971295142826,6.038688221436843,122
735,5.086851202597948,5.06880618067987,5.159166327358898,5.083427339333753,5.131655306388643,5.118424275057635,5.024488521095073,5.094067457523456,6.049454021054165,122
736,5.089073668517518,5.0679805310935935,5.1603850303789125,5.0841776374649825,5.132303224620887,5.1198036497004304,5.024495283523693,5.095736621392469,6.041936322164419,122
737,5.090921978830143,5.06764029473873,5.160991686417482,5.084745316741603,5.133364106316607,5.121590671527298,5.02503483847685,5.097532131688785,6.038115616205974,122
738,5.092757420137949,5.067760900572082,5.1613173475734175,5.0850861234613784,5.133906362965991,5.123770691025544,5.025571495565418,5.099021474172762,6.049228845677064,122
739,5.094393151843374,5.06765292472435,5.161143326724165,5.085417261499755,5.134609203452895,5.125626997475555,5.0260989587629235,5.10030204038538,6.036077842827698,122
740,5.095567414643851,5.067611810283927,5.16118704746901,5.086043539334309,5.135252936896859,5.1275322309196385,5.0264874478076855,5.101026182138426,6.048131080197352,122
741,5.096766915860241,5.067221104910017,5.161263496806346,5.086946339618748,5.135843245160817,5.129064625152713,5.026565190655225,5.102074685724534,6.0450876728495215,122
742,5.097695280223605,5.066960942960776,5.161186229216557,5.087515743648792,5.136586224393318,5.130275668521612,5.02657772191978,5.102938444402458,6.051909343765233,122
743,5.098762651185215,5.066046336759454,5.1606960389353596,5.0882352140864615,5.136994133141414,5.131294501484282,5.027593614937377,5.104225232035189,6.04896686770203,122
744,5.099731074693783,5.065151966923333,5.159655416418051,5.0890645258640745,5.137688684559945,5.131800069275,5.029391949925518,5.104571548456881,6.036552140589759,122
745,5.101346286040529,5.064311880526265,5.159055689029432,5.090407335200167,5.137986169927768,5.1318203279038705,5.031498906645053,5.104803593193947,6.0455440168114984,122
746,5.102620725882264,5.063407418346758,5.1591002992143435,5.091666749649676,5.138021117763016,5.132063606300016,5.033643997667533,5.10457166595987,6.045153826569124,122
747,5.103841519586341,5.062464806042825,5.159088539764516,5.092888948264557,5.13814503473161,5.132376430413524,5.0365003068505105,5.104813491608382,6.0464161731892965,122
748,5.105255565490406,5.0614731586680515,5.1588768263133575,5.093817420661796,5.138603547701479,5.13278148105098,5.039469294072649,5.1056222522378345,6.040980198880382,122
749,5.1064800237657595,5.060786605187298,5.15828421021985,5.095019060508879,5.139588527747714,5.133030117844232,5.042038483714416,5.106490992710748,6.0370422934565315,122
750,5.107825082894217,5.059989324898422,5.158139613148236,5.095784953229048,5.139626186034761,5.133075843684863,5.04484613354453,5.107823838692875,6.051858640369445,122
751,5.109058291628651,5.058985538087075,5.157651694685572,5.096253581570373,5.139870053203543,5.133520395379047,5.04753096796097,5.108190619184123,6.047724587507934,122
752,5.109888014094408,5.057778592633387,5.157413454861267,5.0962306140899845,5.139859468079052,5.133256048231038,5.050100778377095,5.108991669210048,6.052567507585101,122
753,5.1106987041700815,5.05694986871285,5.157094243814953,5.095883057404338,5.140457721406905,5.134087384860671,5.052973927621792,5.1099718485411625,6.044926642312286,122
754,5.111500242543557,5.056379398820823,5.156365520616165,5.095783285212681,5.141176860204416,5.134799111235072,5.056053480706131,5.110842137366273,6.044808384843286,122
755,5.112464388690164,5.055400744045703,5.15563186117371,5.095934308460863,5.14136014604052,5.135322499947005,5.059126471983612,5.111931933028784,6.042511484453256,122
756,5.113721390224812,5.054647026417479,5.1550339280403525,5.095923765492544,5.141860338913585,5.1355354270435,5.062476015390926,5.112897062660821,6.051318305122048,122
757,5.11489986455403,5.054646056950935,5.1544119439889595,5.095797587977051,5.142671479599407,5.135681576054989,5.065678405358165,5.1131980353813695,6.040691831476277,122
758,5.115772627096348,5.0546028539709935,5.1530004386063535,5.096662486580682,5.142980886543024,5.1355595302161685,5.068430510990101,5.112730192084962,6.040014298316601,122
759,5.116262281138759,5.055291382245916,5.151455113090296,5.0976463498823215,5.143817645484631,5.135333935450772,5.071072878085067,5.113012850037867,6.045390425366682,122
760,5.116359172325742,5.056626621130409,5.149697542206738,5.098527996726222,5.144769555143714,5.1347382207907195,5.073529853221,5.113389774365726,6.049775013605691,122
761,5.116995868282966,5.057574510077366,5.147846433228591,5.099406320003396,5.14512616199657,5.1341412068720516,5.075307304410885,5.1133183576708605,6.0486482398366315,122
762,5.117805280763843,5.058537006190129,5.145707336940037,5.100852034636862,5.1449925239116805,5.133567695471891,5.076685941369626,5.113039110133538,6.045600041916021,122
763,5.11903157983957,5.059973312300805,5.14281054062085,5.102226094549396,5.145306657208122,5.133749592153263,5.078278744221695,5.112662390480231,6.046289101039235,122
764,5.120182275442303,5.060932659019707,5.140220671387857,5.103653748389043,5.145828359901714,5.133709756238922,5.080042086666149,5.111783237397051,6.05142170669855,122
765,5.120909118599464,5.0616994260432016,5.137909353247846,5.105056424774613,5.146049676558903,5.134173277044438,5.082423233975278,5.1107260954386735,6.051473256174162,122
766,5.122076297074242,5.0627351580745525,5.135668487778304,5.106866857447793,5.146188461610466,5.134616237679788,5.084568963688342,5.109996289155577,6.036919411759551,122
767,5.122653104952878,5.063722445942766,5.13364752185462,5.108572972143278,5.146014670197754,5.1346279308823215,5.085742883434323,5.109328635851667,6.041913792988333,122
768,5.1226310370221935,5.0646228813436185,5.131132595710266,5.110505472212218,5.1455566358335965,5.134787746190431,5.086831577789756,5.108963337584853,6.047643162590953,122
769,5.122234505928143,5.06561562092834,5.128474475976509,5.11268070449627,5.145521392728163,5.1354105991205135,5.0879961389857815,5.108544148214088,6.053932792808358,122
770,5.120868027821872,5.066094255266199,5.12546356054822,5.114348146388142,5.145926462846671,5.136351268702569,5.089145984737126,5.108281779248982,6.043221287133507,122
771,5.1199549400119775,5.06651526842944,5.122464799011414,5.115793138706791,5.146882401845943,5.137432405540947,5.090175264979847,5.107321155346304,6.039809216952135,122
772,5.118603276737916,5.067384700600353,5.119450782632992,5.117585940708213,5.147753400072112,5.138302046481478,5.090900831163323,5.105923910492797,6.044049060289639,122
773,5.117440962668647,5.067832530098825,5.116517768989338,5.119162500789027,5.147880802799705,5.139056664564362,5.0917274770879875,5.104179311061458,6.047449885533427,122
774,5.1164405030763165,5.068160481149911,5.113504139728493,5.120592137894485,5.14789822703276,5.139129977684054,5.092805411905589,5.102083667542884,6.050773868345396,122
775,5.1157331421672065,5.0685029248712565,5.110441495333427,5.1217838340841295,5.147633155038422,5.138682005048976,5.09422227060673,5.100284782722063,6.047632108035757,122
776,5.115290684897214,5.068763136202811,5.107380999845837,5.123058709908658,5.147585545023278,5.13760268534616,5.095436220680371,5.098492787644785,6.053210278257994,122
777,5.114985677693338,5.069113659575633,5.104676124693409,5.12348968952946,5.147626359056675,5.136666830204085,5.096315898502317,5.096571037653682,6.039620434786734,122
778,5.114908207127018,5.06891672267872,5.102117714425413,5.123514278020343,5.147574867446424,5.135922643329923,5.0974560583465145,5.094804331060418,6.043473239111665,122
779,5.115446797618333,5.068708835157091,5.100297825966688,5.12345096620828,5.147667099212247,5.134996940984763,5.0980357525447335,5.093676264446222,6.041517995830325,122
780,5.115838991415112,5.068667715557665,5.098633936643834,5.123181363850787,5.147482238411207,5.134680705362828,5.097960244363693,5.093056532918856,6.044525417937647,122
781,5.115466896691727,5.068865911726455,5.096942543651171,5.122699860081291,5.147614950053773,5.134917470805847,5.097794792422601,5.092367532807489,6.0442209790669414,122
782,5.1150881387342775,5.069467252590471,5.0949586700822,5.121839385720525,5.1481470888567475,5.1348530765434175,5.0976387282637585,5.091443902528445,6.0424009333763635,122
783,5.113979276308159,5.069534696649975,5.093596663218769,5.121310500717643,5.147734990007947,5.134369952500623,5.097111942299103,5.0898767467375485,6.041517337131467,122
784,5.11260477611002,5.069569385091126,5.092097889534516,5.120902787605634,5.146896659718494,5.13340417072922,5.096226742384793,5.088411526991706,6.045480195144025,122
785,5.111528683814954,5.069323893748461,5.0904812281538865,5.120366951956492,5.144824626464853,5.13266983799914,5.09564209692862,5.086656421902035,6.048499709420572,122
786,5.110362670054403,5.068898951555453,5.088977490900965,5.119655435077103,5.143315656872479,5.132169516380758,5.094846937501451,5.084670691664622,6.040355811820156,122
787,5.109118226172907,5.068786964854523,5.087760756220604,5.118545689416674,5.14089918481797,5.1319773092209955,5.094308301067107,5.08385029053505,6.055340326809183,122
788,5.10815840667504,5.0689452246492435,5.086355978151165,5.117507804216209,5.138377058175321,5.132232722583344,5.093665480644907,5.082687043304885,6.048046063396729,122
789,5.107448148495354,5.0697100545052,5.084794263481328,5.1169556159931116,5.135833791481237,5.131595239968285,5.093358594592728,5.081664957621373,6.043069987778238,122
790,5.106715748260324,5.0701648960656795,5.083472381749118,5.116224453424646,5.132713575106957,5.130670906179095,5.0927409537064605,5.081060271549962,6.048632245906209,122
791,5.106365187931381,5.070318499953203,5.0821432076876665,5.114951165154249,5.13055408019264,5.129466721832674,5.092088785253878,5.080228729970685,6.048643018065366,122
792,5.106257465014833,5.069891739510529,5.0809324336816655,5.11364731566433,5.128254957869692,5.1282352425665945,5.091855092443119,5.07948083623115,6.042858052979773,122
793,5.105704993770248,5.0688125131400215,5.079815842780459,5.112616040286197,5.125907556167731,5.126538911148568,5.091613000622274,5.078773015073422,6.052810507266865,122
794,5.10506431171965,5.067894276537222,5.079457075625781,5.110895586557218,5.123954817302175,5.125156014438343,5.091971723913498,5.07883092118886,6.056927398557602,122
795,5.104373597234405,5.067084497017036,5.080166524397899,5.109396975480408,5.12211033457244,5.123656908314121,5.09218312822982,5.078692966582803,6.042459916943554,122
796,5.103231025334795,5.066773457895071,5.0813060967568235,5.107880359722444,5.120353162169631,5.1227801510438855,5.092263415860312,5.07836322799154,6.044412973950692,122
797,5.102365395725467,5.066524162930449,5.082167031021284,5.106698608900885,5.118442462142748,5.122226920404901,5.092990322350028,5.078282858480646,6.040299458459103,122
798,5.101533496152227,5.065876356715638,5.083025249474588,5.105515672894651,5.11688234282862,5.121460614912784,5.093607933873557,5.0790070280908886,6.0432458105995615,122
799,5.10072513437985,5.064410614481717,5.084760560954889,5.105013392468958,5.114938414232092,5.120549121957136,5.093733045836869,5.079688407359918,6.050792787513989,122
800,5.099388527559246,5.06352298679867,5.085907236105971,5.10401955475907,5.1128042477896205,5.120116838079445,5.093703305611183,5.080800116743564,6.041258799464139,122
801,5.0976404079977655,5.062623140754241,5.087598827596688,5.103306090672795,5.1107698002641975,5.119529860942323,5.093172919390005,5.082101258719762,6.049861282111936,122
802,5.09555989410238,5.061491058331498,5.089182269048697,5.10211780552251,5.1090230730783635,5.118706623901012,5.0928033843973495,5.082948535228297,6.042522109888435,122
803,5.0935708738320855,5.0612194833796105,5.090616926382532,5.101080351386642,5.1073042875665555,5.118152156970433,5.093122936630916,5.084171259450017,6.0555049952440045,122
804,5.09149732401635,5.061564385636233,5.091923127015479,5.100293969154388,5.105905240275385,5.117749397700132,5.093550588715447,5.08513995531117,6.043839745916607,122
805,5.0893446629196895,5.061900257327411,5.093688059364615,5.099341388073413,5.104703424865866,5.117314594659001,5.09369529490024,5.0859410009150485,6.053582421704849,122
806,5.088311772471403,5.062321621789939,5.0955767807955805,5.098787643784489,5.102721474040168,5.116757627985782,5.093679319804691,5.086410303056684,6.049442808576264,122
807,5.086571416182425,5.062466079743178,5.097322747802083,5.098890379444397,5.100396450943264,5.115548225734415,5.093765062907066,5.0873473756063055,6.043618619293374,122
808,5.085119991675997,5.0624797517281905,5.099157454092658,5.098524263826121,5.0973148121028915,5.1147044711325,5.094385785644269,5.0881599284023125,6.0436677003627866,122
809,5.083794820338854,5.062585941609214,5.100861566886997,5.098183085384081,5.09493182681495,5.113928995532051,5.094687582684861,5.089118344908708,6.051730386091695,122
810,5.082435472895883,5.062452210162389,5.103207969845071,5.0980637313217,5.092986058343129,5.113363629081917,5.094851624868513,5.090464538727206,6.048006762731107,122
811,5.081059894264384,5.062480452643009,5.105582328993403,5.0982860327478665,5.091029082259399,5.11338663427318,5.0948710168556115,5.091792233435857,6.044533146304325,122
812,5.0797178983571065,5.062552219444837,5.107650566735367,5.098026925269189,5.088901310820457,5.1138384770109955,5.0954599215802805,5.093338070026181,6.045175008124473,122
813,5.078491884489619,5.062577662520792,5.109387483108917,5.098564722709533,5.0867939261199995,5.114184100340804,5.096663537802694,5.09471155268661,6.047002071689516,122
814,5.077296538427759,5.062927341661911,5.111441825042052,5.098927284566256,5.084975979089908,5.1142469975194125,5.09779830192266,5.096106131919888,6.047236388011153,122
815,5.075622452361863,5.06405055284114,5.112903585043393,5.099550886909556,5.083531342321946,5.114180169800579,5.098709960733208,5.096992973360106,6.048853568425693,122
816,5.073605001437672,5.0650390100714295,5.114676394128759,5.100364377204576,5.082048764104709,5.113917499511189,5.09957170592699,5.0977117481154215,6.048055729837374,122
817,5.072241657921293,5.066097418523948,5.115960853257935,5.101085947432277,5.080989559381341,5.11335999149748,5.10066321283997,5.098496973706878,6.05187064602889,122
818,5.071005837167199,5.066792184228257,5.117041275960178,5.102128177494004,5.080161786905898,5.11283540920047,5.101551671452746,5.099389611487646,6.055136813184866,122
819,5.070374308542782,5.067829063171426,5.11710604990191,5.1027872179941145,5.079704636135041,5.112318411684575,5.1018177380879335,5.100514416888323,6.040292450760235,122
820,5.069973420703738,5.068924211199945,5.117555971263788,5.103041755853518,5.079312608427077,5.112681592060657,5.102047717820561,5.101695570382374,6.0488996155931085,122
821,5.069045240278882,5.070295044929776,5.118187777684771,5.103694030521375,5.079226078370199,5.11305517624019,5.102251134338969,5.103205732084289,6.04667681689518,122
822,5.06843190022869,5.071839240970672,5.119064429769186,5.10420339582722,5.079331552620204,5.112226176285478,5.103235299184268,5.104836466543665,6.038786447848197,122
823,5.068274647690757,5.073207951439967,5.1196512713460045,5.104726895213654,5.0798293266685555,5.111193292943717,5.103861263248868,5.105516909332552,6.040651860450931,122
824,5.068267560029689,5.074161643127653,5.120366190540274,5.105535676202419,5.080385468334599,5.109885897811604,5.104717659302729,5.1064318599787,6.03749521313582,122
825,5.067945648462228,5.074512839263047,5.121881655356237,5.106266339318354,5.080793404891477,5.10859067875542,5.105675805291338,5.107310124824869,6.052469063901798,122
826,5.067042293306694,5.074905778323528,5.123859365342914,5.107013345725784,5.081737828797487,5.108188838146342,5.106314605255467,5.107933896374863,6.044965993137551,122
827,5.066196705351572,5.075939569626254,5.125660581769619,5.107961073467111,5.082184505477482,5.107968278360138,5.107645343826585,5.1077190022061885,6.05006535602508,122
828,5.065291457633837,5.077160279381118,5.126952421802037,5.108752929919936,5.0828319319992925,5.107908481005984,5.108743321595408,5.106950509543989,6.042897941667927,122
829,5.064420917426219,5.078669998237775,5.127992522410856,5.109075387248408,5.083411966458597,5.108608465182799,5.110152842853267,5.106375586962599,6.040214935860088,122
830,5.063736593984666,5.080347181359642,5.1288143847272005,5.109863620591945,5.0842377848914815,5.109316109828204,5.1111134703256935,5.105762967629404,6.044745790443604,122
831,5.062931852130316,5.081304882275141,5.129182523043125,5.109877693822135,5.084961960623119,5.109952501715177,5.11242902746278,5.104838994756175,6.048645096921312,122
832,5.062707089881087,5.081749464642105,5.129514846847018,5.110324268010958,5.086011410828956,5.110044000431815,5.113872375355763,5.103594923813595,6.044611166063726,122
833,5.062341343349537,5.082641051716847,5.129996428912275,5.110321856813988,5.087321331476227,5.109687447762136,5.115511588949509,5.102495093969729,6.0366560546874215,122
834,5.061630856390693,5.083912648506256,5.130633913842573,5.110356190286936,5.088695307294382,5.109286683699163,5.116995568866075,5.101173415788313,6.055683334125815,122
835,5.0606319508894835,5.085766240308695,5.131140977948377,5.1105219659193395,5.090132732549677,5.108630702754365,5.118358331597934,5.099809045718054,6.0509487106195765,122
836,5.060318601793661,5.087401411743908,5.131692485030605,5.111016877776712,5.091636365562418,5.107524792072212,5.119673360736472,5.098493191662389,6.0577952952478515,122
837,5.060874394939724,5.088980154339633,5.131760711727031,5.11129989922479,5.092841446545735,5.106214432103842,5.1206921137421935,5.097318000931216,6.048910190706502,122
838,5.061399054822679,5.09110898696116,5.13202959432554,5.111824737317271,5.093850462742524,5.104213750445298,5.12159169867244,5.096227209331426,6.046738155864019,122
839,5.062038918289981,5.092481890520563,5.132076866082304,5.1121709638820185,5.095153059776238,5.1023335593606385,5.12214215530589,5.095684097064309,6.051104261697959,122
840,5.0630396135264375,5.09331240177129,5.132465872693878,5.112358817318784,5.0966341547302,5.10066053273843,5.12298068795909,5.095163239233828,6.043631915157386,122
841,5.064503216413155,5.094191028463877,5.131964229256231,5.11259045587691,5.097890966606544,5.098665747237803,5.124024724896062,5.0953983853407605,6.050737347175868,122
842,5.065291628171719,5.095149585521721,5.131145909966351,5.112969707321796,5.099602934957589,5.0968489072764065,5.1248226704159165,5.095703974962103,6.049801790303101,122
843,5.066892295678551,5.096041068894428,5.13043179892853,5.113187350400736,5.101342455825689,5.095528517929388,5.125811690931956,5.0958624451883505,6.052399889399328,122
844,5.068572607883411,5.096250568287035,5.129760308561102,5.1133757180501895,5.103266675196485,5.093980688818811,5.126349967767199,5.096485279094447,6.042254316969193,122
845,5.070010471162599,5.096576527010459,5.128956058866897,5.113402932187089,5.104876439144455,5.092875414261122,5.126997169867263,5.096761782407085,6.052253244030102,122
846,5.07146474141569,5.097071623138671,5.1281017476913755,5.11316304688496,5.106372272551617,5.092006993386077,5.12750201887995,5.096645227290464,6.045924310729549,122
847,5.072899537388091,5.097035455397334,5.127442552884679,5.112857662036335,5.107805532152877,5.090944838763264,5.127684360447224,5.095769183950697,6.043090847211756,122
848,5.074667549784333,5.097093560601319,5.126702472131021,5.11304925442075,5.109400775863859,5.08954116071944,5.1274199384475345,5.095083725662706,6.049318555335317,122
849,5.076773423000004,5.0970092803562554,5.125762722769574,5.1128830179337665,5.111045835129761,5.08857817037542,5.12706706729754,5.095207155274785,6.053989648895674,122
850,5.0787261628411855,5.096826378329686,5.124592972458798,5.113185502234742,5.1123341947391765,5.087545395367002,5.126259281788675,5.095362583660195,6.045003075618128,122
851,5.080892488236579,5.096204808472852,5.123575849962876,5.113377326515515,5.113638493022232,5.086608802084765,5.125549991391948,5.095158014914269,6.050263368073717,122
852,5.0833629974360175,5.09616758236414,5.1227924742841005,5.113486884275007,5.115267614248792,5.085466300740494,5.124734453933787,5.094597947048092,6.048327743933372,122
853,5.085265345733911,5.095925249044542,5.122143728729581,5.113421872944547,5.11659318186786,5.084217437567209,5.123600225267238,5.094059386482982,6.049893982183785,122
854,5.087344141237901,5.096013003911842,5.121191977644418,5.1135162080007,5.116968401545089,5.083056539342176,5.122802998654931,5.093653748442243,6.052829019013102,122
855,5.088828219376818,5.095813866721536,5.120607374247396,5.113762619812949,5.117319781097392,5.082197627399474,5.122606112130105,5.093282253753112,6.044386292195924,122
856,5.090091818814807,5.096098386383213,5.119833354260752,5.114791828802029,5.117799777302017,5.080956759217827,5.122225274400867,5.092416324709779,6.049134795559074,122
857,5.091617095362786,5.096274683092485,5.119169508848929,5.115425198501088,5.118643863811733,5.07969288600926,5.121837785716151,5.091503815122396,6.04558066476916,122
858,5.093086999803663,5.095888651366927,5.118130982558123,5.116175945607676,5.119422028007964,5.079169039583549,5.121055100804071,5.090877697711877,6.04850529148824,122
859,5.094299210732427,5.095489206653218,5.117062874152222,5.117101762960276,5.120342233632972,5.0784863723247575,5.120274337525919,5.090515004782815,6.051115008916473,122
860,5.0950002748879335,5.095293255897762,5.115899299532731,5.117865824558896,5.121170909610486,5.077837850368615,5.119546335153794,5.089893495921566,6.0390211106867335,122
861,5.096161186740111,5.095337146007337,5.114212094309193,5.118253781262766,5.122271531767016,5.077176703585476,5.118993095643853,5.089355929811094,6.055292142561483,122
862,5.097456458460691,5.095073551216192,5.112464591517056,5.118722280593167,5.123418029935122,5.076051479448603,5.118828814069229,5.088997756747542,6.046175716160744,122
863,5.098117780321196,5.094210575647127,5.111256333634152,5.1193593138016205,5.124090528514678,5.075216571402037,5.118183797076986,5.08895366940752,6.047719344852747,122
864,5.098979317470423,5.093780862370632,5.11037908492072,5.121211416886676,5.124674875784007,5.0744366268963255,5.117902130385697,5.089230793619683,6.0392621202033165,122
865,5.099877968886833,5.093108507617343,5.109935980639033,5.123177735775252,5.125045167812474,5.073541379754318,5.117274468454721,5.089364377684058,6.046876894784993,122
866,5.101021636050469,5.092914356261538,5.109163411428244,5.124639832461943,5.1252757275842535,5.072550532924868,5.116861451380151,5.089515404797255,6.044659396080599,122
867,5.102115220644475,5.0928749687588635,5.107996159179489,5.12578344650437,5.125286271747444,5.071351794352573,5.116577068392159,5.089918706360626,6.0501302654008375,122
868,5.103050204365327,5.092999811816188,5.1067947721171,5.1264546898101315,5.124856331237402,5.070334891027816,5.116625790947954,5.090719971554997,6.05103348601116,122
869,5.103866670339582,5.092776394710118,5.105518124235118,5.12719632560945,5.124464894613347,5.069674862407353,5.116129473453855,5.091321503670274,6.048102307323077,122
870,5.104592890137446,5.092492494750217,5.1044184132799675,5.127527477198397,5.124169316493793,5.069277213425332,5.115877970729308,5.091499152747711,6.0495373629621385,122
871,5.105756554087643,5.092087188797529,5.103396884280117,5.128203341618588,5.123353623399553,5.068839157001145,5.115735309917024,5.091823921913015,6.054968731105037,122
872,5.106632281959074,5.092198168137731,5.102172187911311,5.128691023098361,5.122348072022584,5.068425005476408,5.115982756513555,5.0918595522763646,6.054479402327799,122
873,5.107179879954287,5.092331151550491,5.1013875206987915,5.1292560029722845,5.121365199163229,5.067980085742376,5.115945487912805,5.091311614505196,6.050954471568649,122
874,5.10777301570931,5.091902979109772,5.100533102770055,5.129937851252327,5.12040744225447,5.068600202256357,5.116072780019998,5.091156933477047,6.060419650046111,122
875,5.108390291089313,5.091956635795071,5.100148151951981,5.130614572374244,5.1191606064449235,5.069139489894294,5.116348925747501,5.09013587688709,6.045276014554014,122
876,5.109030096712285,5.0920117965137575,5.099916550047434,5.1315677856067525,5.1170056431483575,5.069047682323442,5.11643026774788,5.089327401507213,6.040755795952257,122
877,5.109840891167016,5.092231472507866,5.100708444571595,5.132770501140027,5.1154110435730455,5.0690862573188245,5.116481991048282,5.0883145065608195,6.0549156822785095,122
878,5.110877839834079,5.092334479234997,5.1015508148808575,5.1338706466368835,5.113871794670419,5.068509970839312,5.117138101497725,5.087548773354902,6.0489609636973585,122
879,5.111387518160984,5.092607596297827,5.10186600089715,5.134665448169799,5.11255406445017,5.068026622614665,5.117556636816936,5.086828855022665,6.051991872586654,122
880,5.111905521538329,5.092928206502493,5.102133396017402,5.135817212436688,5.111535865792401,5.067511690535563,5.118335937477333,5.086054661959009,6.038174255514505,122
881,5.1125445153415034,5.093296028223399,5.103151886085008,5.1374972275926085,5.110374283933698,5.066823085370434,5.118749067521284,5.085844886605035,6.052573198053555,122
882,5.113339006784468,5.09379888784744,5.103970819296558,5.139070684875645,5.109188562993232,5.0656585488176304,5.119227522823544,5.085953427802445,6.04290473099881,122
883,5.113768911204447,5.0947218573181114,5.105007221242545,5.140182224993316,5.108496226690749,5.0648339586735664,5.11985449647008,5.086839700958675,6.047935984703071,122
884,5.113432690889608,5.095457803373106,5.1060563755729795,5.14086070669054,5.108215553724745,5.064454166334148,5.120901473388328,5.0876631348515815,6.038342507817467,122
885,5.11263299783324,5.096244515450067,5.107234798024083,5.141683817424792,5.107868682882326,5.063653914127242,5.121847885456108,5.087382550189444,6.052259265721743,122
886,5.111648967214795,5.096808047377571,5.108559330501005,5.142046541032083,5.107592918841152,5.0633614993265965,5.123245255771858,5.087526721016131,6.044476670727424,122
887,5.110601737647334,5.097532022454591,5.110206017958252,5.142266351041525,5.106404663508031,5.06238611286582,5.1243988950058394,5.087694631995162,6.046852425463884,122
888,5.109762316550595,5.097935684231917,5.111274292886899,5.142777191830878,5.104912633267258,5.061861083568637,5.125885689048621,5.088221799058745,6.047160459073511,122
889,5.109555894493347,5.098298222406514,5.112275432204829,5.143269290893559,5.103598191253223,5.061634384184334,5.127295994168328,5.088636268392236,6.047918205196089,122
890,5.108820081675449,5.098322094047173,5.1134851237408325,5.144059503062744,5.1026326699219045,5.061246170638754,5.128470298961378,5.088506859696503,6.051817512189872,122
891,5.108348505298277,5.098788420564155,5.114776458358472,5.144754381783947,5.102199367082365,5.0606928739977795,5.129413981183044,5.088234332977029,6.039074719291884,122
892,5.1076200733159745,5.098685076058162,5.115920538733723,5.145631777950777,5.101708070060008,5.060378692114393,5.131152972680731,5.088004169602296,6.046710002385434,122
893,5.106967599763593,5.098541833873014,5.1173251511080915,5.146240760325501,5.101735684969377,5.0602636542681285,5.1325108449166095,5.087622009168677,6.0438843670902616,122
894,5.1060921668493835,5.098983945498041,5.118913290514476,5.146607104083621,5.102249369181875,5.0599548274443755,5.133838993948812,5.086702345328446,6.053442061455376,122
895,5.104999527417041,5.099421435575253,5.120700605092507,5.147258441516346,5.102291268173376,5.059653373932026,5.13512052752077,5.086082744796993,6.054843796597637,122
896,5.104232331633843,5.099796547906616,5.122402442682187,5.147661003285916,5.102608173476347,5.059471987940575,5.136396840995177,5.0856371378107,6.048744447009815,122
897,5.1031689511041085,5.100041295033831,5.124159839014448,5.148261199323942,5.1022245221481946,5.059470856501733,5.137310384004396,5.085216210966202,6.05010499932144,122
898,5.102377801217324,5.100845859468494,5.1251378562448675,5.1491192059034585,5.101610894666576,5.059261550275643,5.137987326391462,5.085156229887744,6.04447582604377,122
899,5.10178012119645,5.101739211920153,5.125619839657706,5.149581497703885,5.101735652473322,5.058621447691924,5.138555670233071,5.0853643461301825,6.0541921270413255,122
900,5.101008592766749,5.102145872211395,5.125894761918015,5.149386252212242,5.102000544137034,5.058104841299147,5.13885132618322,5.085684860048973,6.045948653074022,122
901,5.100677797192072,5.102600617982618,5.12579137223047,5.149341330295131,5.102438054339405,5.057694170904053,5.139511304123001,5.08618617504694,6.043419536035387,122
902,5.100036172744133,5.102308772051155,5.125870594031797,5.149947761822274,5.102634115083411,5.0573163112219035,5.140571776276054,5.086413799851898,6.052454973151851,122
903,5.099734368083871,5.102697748397475,5.125950085695752,5.1507074646153,5.102475359208297,5.05732654999859,5.1418810531660855,5.0866909411788646,6.0490604700427735,122
904,5.099999427474351,5.102835996541505,5.1259843942751475,5.151751396381737,5.102405032882359,5.05733787547365,5.1429367352380035,5.087138944387943,6.053188351350144,122
905,5.099901183316689,5.103211109983104,5.12634402716909,5.152614476592415,5.1021467243893674,5.0573462925331105,5.143830222910398,5.087724572204451,6.044817066379082,122
906,5.100206139533773,5.103779634397389,5.126380159927393,5.15347825975341,5.101985856778564,5.056715344423925,5.1447619150384885,5.0886866612914385,6.0419536955778295,122
907,5.100728646413042,5.104973259660133,5.126311340721507,5.153558920808744,5.101977829358529,5.056512164259378,5.145760509107275,5.089486463045874,6.040427701811278,122
908,5.101616127720565,5.105888197411723,5.1264356475584565,5.153785121342441,5.101947864268002,5.056229302631316,5.146199795246423,5.090294995943829,6.047148423874399,122
909,5.102352836406545,5.106822933639599,5.126232570716785,5.154177379911296,5.102121578679061,5.056105935690267,5.146790866996962,5.091112197335183,6.052341954535528,122
910,5.102921812555136,5.108007537645124,5.125919557840122,5.154385537010928,5.102448688743154,5.055348177589289,5.147088921884654,5.091407857618946,6.044321775120911,122
911,5.103419365638096,5.10890975996622,5.125581429914837,5.154563007604018,5.102763905116813,5.05442208424903,5.147218152417974,5.09182401675972,6.049681477103959,122
912,5.103544992024477,5.109744882826354,5.1253376201972,5.15447297024747,5.103660474326906,5.053332075047965,5.147375209985125,5.092140380130324,6.048044581319318,122
913,5.103058676641545,5.110840740525724,5.124836420654093,5.154012723722591,5.104079056239865,5.052618297014073,5.147142685873227,5.092273150856675,6.049440580418052,122
914,5.103111381581481,5.111369296808721,5.124318504067942,5.1534432092842355,5.104184271281255,5.052463258955039,5.146631341363445,5.0920849598452005,6.047744671396228,122
915,5.103038722485021,5.112240691343894,5.123845451680282,5.152976919074422,5.1046847850579615,5.052355055137398,5.146453896028667,5.091676306748332,6.052954436526695,122
916,5.102500633370589,5.113183113191365,5.123326312849307,5.151988533505312,5.105460343197725,5.052340085536066,5.145847995764681,5.091240726652819,6.043649266642719,122
917,5.1013577400046355,5.113835566471654,5.122370818018769,5.150900277772099,5.10664451171727,5.0520691350170415,5.145295098310369,5.090742110645438,6.044236837174281,122
918,5.100218384125997,5.114257235946918,5.121193979765153,5.150425516872731,5.107960110322033,5.052085464962117,5.1445641961064466,5.090037005025424,6.049300848408437,122
919,5.099413655094489,5.114192838160631,5.119751859912324,5.15029603822784,5.1089283938557575,5.051424394481192,5.144148674762102,5.088968925654934,6.055491086417176,122
920,5.098988397253581,5.114310435699721,5.1187638841922976,5.150212395279919,5.109305437299003,5.0504332638744565,5.143290752183316,5.087893735663552,6.040393958053839,122
921,5.098394157856966,5.114454719155441,5.118089640737641,5.1496032697906635,5.109201749106655,5.049214438705221,5.142624050847704,5.087197065313203,6.04623968461172,122
922,5.097821637318243,5.1150454789906785,5.1173553382418,5.149135649476367,5.109319785946038,5.04777132084298,5.141542601992327,5.086181467252169,6.047804447402933,122
923,5.097463200531987,5.1149307378632844,5.11671850445122,5.148946257755398,5.109873918618874,5.046467837583004,5.140996839548778,5.085255185625604,6.05293134078227,122
924,5.097270753404961,5.114942213871245,5.116588118900957,5.148321057086774,5.110180851456407,5.045421202935617,5.140592094840644,5.083749265526945,6.049055683784495,122
925,5.0966954568955884,5.115127422218435,5.116199909956604,5.148247212627155,5.110319203207936,5.044109122134165,5.140526400778061,5.082721034776142,6.0451932655375495,122
926,5.0962860191109645,5.115553128620128,5.1162608772838984,5.147953269673556,5.110680667568769,5.042832320642881,5.140448164098997,5.082063642515697,6.0479544197405914,122
927,5.096358916826608,5.1156221409765195,5.116099965685306,5.147629617639032,5.111063303787963,5.041699279633238,5.140332767833121,5.0814995825324,6.044885061764686,122
928,5.096998902909353,5.1160664904824955,5.116197756462521,5.146812565737966,5.1113380190593825,5.040616922756913,5.139435442013289,5.081865031569137,6.057822490950057,122
929,5.097736281723361,5.1165475846537465,5.116069849662867,5.145751337918731,5.110636473210658,5.03942426705091,5.138811514984371,5.082156738353573,6.0450684452633325,122
930,5.098460121482409,5.116718253242241,5.115914309578832,5.144708729220647,5.109712856291849,5.038566150876708,5.137765771097202,5.083066401291618,6.046544263810171,122
931,5.099404746312922,5.117358212567938,5.116129064902008,5.143322596401815,5.109278041750182,5.03748114567551,5.136802685069039,5.08397152837063,6.054377918825675,122
932,5.100626918530202,5.118237147962583,5.1169181258549585,5.141999530059817,5.108367656997251,5.036364756862973,5.135555449525958,5.084856075209755,6.053487250509524,122
933,5.101590321258539,5.118717989718016,5.1177274821524055,5.140338335091998,5.107761847707522,5.035640634583605,5.1345465442333085,5.085587517528821,6.046733904956843,122
934,5.102383742354448,5.119168981988738,5.118930061607717,5.138042993021413,5.107117524891175,5.034604348998971,5.133613084697532,5.08562042798315,6.053256899344958,122
935,5.103570100539982,5.119866214364544,5.120139685857831,5.135548385119668,5.106148319615542,5.033893474522564,5.1324196838874645,5.085529224134534,6.041613767287296,122
936,5.104569423375664,5.120752317987721,5.121448959895208,5.133020811860363,5.104795163195654,5.032892374218522,5.131067384730412,5.085293918473177,6.0479310290663655,122
937,5.10515304609441,5.121227218333777,5.122723261920123,5.129842495309672,5.103003973426109,5.031630285824843,5.129503550323473,5.084945769932936,6.051473897480219,122
938,5.105777571695505,5.121848800210636,5.123814524822656,5.12628210869347,5.101671272857107,5.030360969541812,5.127414363300196,5.0846742814917825,6.042878532484354,122
939,5.106481850444641,5.121926527451281,5.125128936584529,5.1230937535735475,5.100443210968643,5.029085611129816,5.124987458663969,5.084051093448901,6.053564171767501,122
940,5.106759212859884,5.121982345694258,5.126681824463024,5.119967731298361,5.099535100520668,5.0280762419074545,5.12297535702667,5.082751966240248,6.043246607981996,122
941,5.107785990181366,5.121790506200831,5.127907144145442,5.117454508142227,5.099219714773435,5.027049682537545,5.12139103530243,5.0816926230631845,6.041985079501328,122
942,5.108481291281679,5.121539783238045,5.129315563888664,5.11532376935018,5.09881947269518,5.0263714637187515,5.11983705061289,5.080894655502574,6.0526547273170115,122
943,5.108727556460824,5.120808392814306,5.130495353895185,5.113249022175444,5.098877010646306,5.0254436572340575,5.118001579693191,5.079789153067373,6.042752268406472,122
944,5.108420011937517,5.119726397527515,5.131749131940687,5.111330955006537,5.099335624177929,5.024640208108345,5.1161719422648675,5.078794787335566,6.050529942479318,122
945,5.108157913549878,5.118565213696831,5.13313529482036,5.10959741187955,5.099572087527602,5.024084389548478,5.1145107161248795,5.077944739562938,6.055198076126909,122
946,5.108506093166737,5.117280488450669,5.134505813396206,5.107540028036586,5.099647682975748,5.0236632038215205,5.113222159854772,5.077135045177629,6.05329111647815,122
947,5.108200430546701,5.1160638651062005,5.135823059663084,5.105569773121008,5.100065943748984,5.023373737968735,5.111679904846021,5.076289464848731,6.05888787468186,122
948,5.108068750336093,5.11469465694428,5.137081838162748,5.103411909667354,5.10018521064533,5.023198108716031,5.1102221797432055,5.075519114224803,6.0539370507948576,122
949,5.1080916364886875,5.113262811596646,5.137926935625089,5.101347301064786,5.10009465203529,5.022714734856501,5.109183402078967,5.074955112454784,6.048808180070841,122
950,5.107540066709191,5.112508906854405,5.13884627428612,5.099289769885798,5.099996827250839,5.021780313591831,5.107905643164409,5.074923836626691,6.042831314574435,122
951,5.107050083346172,5.111369096018249,5.140381301160331,5.097252624577422,5.099184415537915,5.020091530599361,5.106167618613224,5.074740521397358,6.0506864998213565,122
952,5.106767237695388,5.110428867856456,5.142121296303172,5.095534803596658,5.097908786823851,5.018296364545302,5.1049862580828265,5.074321855637227,6.0505601550112225,122
953,5.107070554404508,5.109254487116203,5.143814887593226,5.093893934877248,5.096169388956977,5.016608967186906,5.104063444957463,5.07399674733991,6.053922852660875,122
954,5.107294749284056,5.108207186106041,5.145303799130925,5.091527141990266,5.094505542264269,5.014980462989529,5.1035591442945165,5.0737464856149765,6.037338517554713,122
955,5.10778777680188,5.108126978784638,5.1467790745233035,5.088870732573511,5.093166352195081,5.0137581532732405,5.102863367848124,5.073576249431971,6.045068547401686,122
956,5.108289869824717,5.107559870309126,5.148381034187901,5.086499784442873,5.091754634550051,5.012744460953776,5.102903928385975,5.073460468676988,6.040309516552962,122
957,5.109308869593315,5.107286163214303,5.149627288115974,5.084389806059237,5.090425137452385,5.011934029528191,5.102794060218498,5.073511108260842,6.046780508488221,122
958,5.110399367270364,5.107080137561338,5.150895977083737,5.082002691086844,5.0891276513407675,5.0110627421489635,5.102902209837065,5.073486020081777,6.059264098955675,122
959,5.111017993713167,5.107353106175562,5.152170149700217,5.0796339280740685,5.088215407742837,5.0107516351487655,5.102657289731068,5.0731561981958375,6.042973526319256,122
960,5.111225608683669,5.107633349299071,5.153046137209826,5.0772145282928,5.088017553318483,5.010191427546852,5.102384128403518,5.07318779449705,6.053510983230992,122
961,5.111631803914195,5.107583430712761,5.154114083957618,5.074643701542989,5.087189566463943,5.009917763365462,5.102174840451822,5.072681394766722,6.0497932112278825,122
962,5.11191776222377,5.107422691316543,5.154634394102553,5.0722186229073065,5.086342590776351,5.009938678964295,5.1020309903689816,5.072510418631515,6.039041096337328,122
963,5.111777500669616,5.107128682072515,5.1551871122250486,5.069769628445599,5.085286442720523,5.009614869830161,5.101865874603658,5.0725046179392415,6.051389244841112,122
964,5.111945338652248,5.106531077594792,5.155048365674849,5.067993769849615,5.08442909685956,5.0092842246627365,5.1017904028720125,5.072114290183828,6.051602835173403,122
965,5.112062286383518,5.106039946550134,5.1549779016721065,5.066379387730544,5.0838415836743165,5.008388559991657,5.101864603763955,5.071456512496637,6.052607219436851,122
966,5.112292902410703,5.105449317229492,5.154937927370549,5.065000558748018,5.08310587106183,5.007156867835574,5.102909590803385,5.0705273162326705,6.0425418474575645,122
967,5.112409888561102,5.1043029336472845,5.15450874692891,5.06383880760947,5.082157165104766,5.006715524532693,5.1037450627032594,5.069465707673166,6.045776130342156,122
968,5.112045925415348,5.1031142850723095,5.153713721218487,5.062377482790861,5.0817329838966625,5.0065682177936885,5.105085864805957,5.0685056020175505,6.043799480895859,122
969,5.1115195759221885,5.1020479908830225,5.152610149224578,5.061194416344632,5.081548892291628,5.006232226606949,5.106396407286835,5.067262075274452,6.048497996349166,122
970,5.111217607423647,5.100800999824418,5.151501261581134,5.060465357018924,5.0815809958320335,5.006201788148285,5.107517116724235,5.06616899365053,6.041395742927387,122
971,5.110471114999798,5.099169844175661,5.150455233538007,5.06045139112959,5.08154271287534,5.006703284268494,5.109051155240525,5.06558128804351,6.049013079260038,122
972,5.109528649029449,5.098030080483889,5.149580929955334,5.060309334144463,5.081831612239995,5.007246464996944,5.110786641021328,5.065419501577366,6.03681566390516,122
973,5.108293368752256,5.096712008015025,5.14870296338661,5.060751990534447,5.082174131291391,5.007716325298944,5.1126723414433854,5.0655873565093374,6.0560513323886385,122
974,5.107517911261701,5.095524404284883,5.148052121659257,5.061710490738125,5.082136707674037,5.00845168201244,5.114984162609373,5.066019274715968,6.039918557374199,122
975,5.106662286855002,5.094427813118358,5.147520995796471,5.062553969188642,5.082355291466134,5.009573639938827,5.11718980789519,5.066660291659807,6.050672290016572,122
976,5.105758655741498,5.093759968239112,5.147012365502938,5.06334434255505,5.082497780521621,5.010418305385361,5.118669332129088,5.067871666099533,6.041701996262572,122
977,5.104453503822096,5.093639380334416,5.146637176843123,5.063825736259517,5.0823646366551305,5.011192897024713,5.120462063032518,5.069214082395941,6.051029950984194,122
978,5.10319331264437,5.093262188040353,5.1461645372794,5.06390902138838,5.082361307255294,5.0114334592048895,5.122479449222036,5.0704881673088895,6.0428618288513976,122
979,5.1019450144094,5.092747945142727,5.145677420990417,5.064461891242322,5.082085570316618,5.011878206881111,5.125017629223318,5.072252871655555,6.045730424676171,122
980,5.101128298530947,5.092561795872621,5.1450984756551055,5.065192310231002,5.081684323053691,5.012367947628257,5.127562009550802,5.074347070572411,6.053280645570783,122
981,5.100256358027179,5.0919036819113686,5.144268341064658,5.065383286900137,5.081635116685434,5.012735120465235,5.130083321449433,5.076191220480274,6.050667626282668,122
982,5.098919687619707,5.091267791204219,5.143682492827969,5.065434019748571,5.081494087647283,5.012920941075492,5.132066899610724,5.078189215466177,6.048864341269292,122
983,4.9569916577858555,4.949706337831483,5.0004507861757235,4.9243128282291835,4.939729185476535,4.873343805189418,4.991054552398099,4.938099713065228,6.05301349776985,122
984,4.815215867080756,4.808366186121667,4.8569611746148995,4.78335428964665,4.798194904798294,4.733765507816308,4.850008096413699,4.797888237542513,6.048717719213256,122
985,4.673652765212373,4.666753740218989,4.713849326102336,4.642379191492005,4.656863630988992,4.5941962942968555,4.708889651835994,4.657318683152125,6.043250814898458,122
986,4.532199787603213,4.525030918504145,4.570917047413171,4.501573626605902,4.5155746517252515,4.454688693136937,4.567974971746137,4.516374005633825,6.052419060976586,122
987,4.390808366087903,4.383479253496171,4.427901100144451,4.360797107490852,4.374608793477626,4.315593392130984,4.4272186756543075,4.375605511625196,6.04925819468982,122
988,4.249448881451547,4.241911989476036,4.2845382857857,4.220235279021399,4.233912698802859,4.176687993508529,4.286258945377169,4.234888039302414,6.051873139358791,122
989,4.108013431599275,4.1005142269621615,4.14110959687844,4.0793935182672945,4.093397898104967,4.0377487400928995,4.145115916784473,4.09400052865312,6.051485316692877,122
990,3.966424353923979,3.9591700192671473,3.9978639062195915,3.9388021714519725,3.9526612441365634,3.8989436449013413,4.003718853259944,3.9530980494393333,6.049938078668965,122
991,3.824570350982555,3.817273125172582,3.854667339703459,3.798413202205139,3.81170330677048,3.7601880929005747,3.862056617356309,3.8121666361229405,6.039947499364584,122
992,3.682736337832344,3.6758138892241337,3.711334742808688,3.6579772905557943,3.670988512645872,3.6213546964398833,3.7198200045757717,3.6713313152123646,6.051278827475596,122
993,3.5406936087339957,3.5341934166027578,3.5680406954505033,3.5176854497137198,3.530494051152279,3.482678738314046,3.5774496460104883,3.530474589282443,6.044084176746708,122
994,3.3986839107385642,3.392309042838351,3.424738322625088,3.377651398801644,3.389902481026427,3.3440246128822335,3.4349221075627336,3.389535302468992,6.045633176946127,122
995,3.2568941015170174,3.2503197403679116,3.2810483056872206,3.2373713339963075,3.2489688938402144,3.2053607579589474,3.2925506549222785,3.2490054315103376,6.049850244762655,122
996,3.1150914761490194,3.108239244943957,3.1374936628728918,3.097362069835432,3.107653809534148,3.0665212216030837,3.1499540081320014,3.1084555248727286,6.0444473599949715,122
997,2.9732295296683198,2.966298868841136,2.994063123970052,2.957101749168338,2.9668261526637836,2.927621720697971,3.0071405928509947,2.968029552027437,6.036598222005073,122
998,2.8315946599074726,2.824401156510568,2.8508659229722975,2.8166342142231358,2.8257509669648497,2.788462652346993,2.8642552717496286,2.8274041350700134,6.0443031880455536,122
999,2.6899191945682484,2.682825753367619,2.707660102656278,2.676428965605998,2.6844608399146894,2.6493281488913287,2.721535534028371,2.6866076549058704,6.049337817740745,122
