time_step,region_1_entropy,region_2_entropy,region_3_entropy,region_4_entropy,region_5_entropy,region_6_entropy,region_7_entropy,region_8_entropy,global_entropy,lock_epoch
0,2.559316167660744,2.4936171945764025,2.5501233939753316,2.503530458969248,2.4955574387591377,2.5048868544655236,2.6269249889420365,2.5794946368233367,5.600717131523256,-1
1,3.198294281667672,3.1110261738542206,3.191087628037069,3.131686129392524,3.1199050723890003,3.1333930053978953,3.2772048569200294,3.225659095506513,5.608738756434184,-1
2,3.8416958197599635,3.7192052629334027,3.8357574400855237,3.755243812245022,3.752894949689445,3.7624610419094733,3.9305340888471734,3.8740198970952,5.598918599672742,-1
3,4.475938241878132,4.32691896868932,4.4867090989194285,4.378354367838337,4.389062529578295,4.394768908940691,4.57713633190882,4.525646408898325,5.611824841131123,-1
4,5.115810465481118,4.935829301908108,5.144066286308147,5.017032687840258,5.030502565367988,5.030587565948289,5.216322375436853,5.177580757471511,5.607608587372047,-1
5,5.117687320672779,4.919998259541876,5.1588162181925705,5.031574063625622,5.041061881393829,5.033708930904284,5.189428201186631,5.184322600708805,5.6151482656187985,-1
6,5.1361613979575695,4.909423673689141,5.168047679963434,5.053638991764627,5.048359550624241,5.041810481902254,5.16186014975721,5.177639050579846,5.612359394259927,-1
7,5.146065082324372,4.902761040465381,5.178755351584753,5.0710941446048015,5.06069325640152,5.041310269584638,5.145002265131573,5.158757278970056,5.620050576483077,-1
8,5.14432741729597,4.902476645423925,5.185743184305054,5.08365226208902,5.073300068974531,5.045951519885716,5.121341890972211,5.1424716172731255,5.628141911929179,-1
9,5.150622936033374,4.902793371714106,5.188330427069552,5.099233127432376,5.085760844200657,5.05316492231269,5.114136133833973,5.123686577476183,5.623858570107645,-1
10,5.145483292310739,4.9103550065779284,5.190707854331573,5.1270552527770015,5.093270060743233,5.057033314942331,5.102212526747717,5.103421004900866,5.627270121205915,-1
11,5.140354702816537,4.922384392369957,5.190812175741126,5.156603314713701,5.091014173534458,5.050099585712588,5.105949377895317,5.071580409752169,5.633376266886381,-1
12,5.129789251033291,4.9356036579547755,5.18527742487888,5.17411402794455,5.079346539708422,5.037799745029073,5.118610641105326,5.038331244675763,5.638639169068784,-1
13,5.1218082307999575,4.946170122961984,5.182171387568832,5.186050531744101,5.06840403250172,5.024918373205461,5.1373992835919005,5.016809093780075,5.630247519282071,-1
14,5.103338260712352,4.968386947529498,5.183253958373187,5.195985199106683,5.064629440903826,5.01239043092798,5.158972535483748,5.0013405028901285,5.63851934336891,-1
15,5.085805653883746,4.998184622793294,5.189681530646197,5.2021094886672214,5.056573530338584,5.011590955492284,5.167003629829496,4.997374550028194,5.640262358456441,-1
16,5.080519459431958,5.029539963732073,5.208952591598757,5.204350197270541,5.057705508103114,5.010208269956825,5.178616282884258,5.00042439432498,5.644492741797162,-1
17,5.070804071674874,5.0661724773242165,5.230496183829402,5.199231288053312,5.053005145833527,5.006037113259504,5.183967589591297,5.004353800881205,5.641043113616521,-1
18,5.072619481501114,5.1071173011321305,5.2446375325254175,5.182188132546774,5.0414511144155805,5.005092932663453,5.197315785255205,5.003162722911904,5.643381763216252,-1
19,5.081009051526717,5.149791053576458,5.262911262331204,5.166102089373452,5.032286632408711,5.013692579626264,5.204607495737398,5.0102433701624545,5.634687034292599,-1
20,5.096290932822479,5.19147254316417,5.283255879492875,5.157455893280022,5.030100302270283,5.017612700092179,5.210662588023394,5.014707206774407,5.652056946690509,-1
21,5.108910935520935,5.224108105438681,5.306049679269306,5.149691837596768,5.039775620333964,5.028970513480938,5.221299186791022,5.014653801243757,5.6583863833093275,-1
22,5.11673027060224,5.234403596115944,5.327707684054376,5.133451990350231,5.0476994806527635,5.034309436275808,5.235376474731397,5.004894193323584,5.658767432407524,-1
23,5.120069802733592,5.239104685708838,5.350965597795216,5.116793139472566,5.053369036578925,5.0319929275329205,5.245928269355855,4.982073846840335,5.658732049628877,-1
24,5.117422280087116,5.238560993068859,5.366034501873579,5.108987815096161,5.048942951319901,5.032069906640495,5.250664671167869,4.973857604099364,5.658161502154445,-1
25,5.122667536649151,5.235496515837997,5.373397916502098,5.105352009075329,5.050448142947149,5.0307582740162875,5.245155243525221,4.965874563089599,5.668092669688413,-1
26,5.125354526002223,5.230523662917797,5.3796709667123075,5.107018194945361,5.057897416699319,5.029492818752139,5.218435909592661,4.969870136440999,5.670245189915346,-1
27,5.1302352296920315,5.216417656567463,5.380450144120024,5.10944626891268,5.0707772446853525,5.034935188878033,5.181579052773622,4.963181632450425,5.669250267456646,-1
28,5.121217544060785,5.203672829260724,5.367195521269956,5.1058328162621525,5.090153430500032,5.043704034933862,5.1386870091275085,4.962855858691906,5.662445382923668,-1
29,5.1108249670564705,5.196258776801528,5.357252130348474,5.105886701920318,5.102589862052873,5.055523156079255,5.0993595943167875,4.964733002322776,5.671312341666413,-1
30,5.106142818775117,5.198998347053564,5.3475955899671455,5.109424253364521,5.109534581896496,5.07194738579147,5.05886830038133,4.967282783873067,5.662746203170567,-1
31,5.100867390905638,5.202361523196563,5.334747817503504,5.11549341379477,5.122640141865415,5.085617106361367,5.018222642223194,4.979878870405002,5.676996059382789,-1
32,5.088303393108795,5.2099334202530825,5.322311580727327,5.1179220630955955,5.134975038776809,5.090612720602424,4.993389101825419,4.97855566013908,5.672902189614955,-1
33,5.072518015763331,5.220422827411582,5.304929331588556,5.120393278914474,5.155455412718438,5.091259719583165,4.977497768503916,4.974099359415211,5.679166443093279,-1
34,5.050722372265306,5.2291510855534895,5.288268893264199,5.113020289033802,5.175924370784055,5.088605817599283,4.972772614138315,4.969435956516035,5.682755791496523,-1
35,5.024019916048993,5.2487166101593274,5.261414561291367,5.101037607409623,5.199687193292449,5.080064347005784,4.976411104857753,4.967770120960166,5.690379615173362,-1
36,5.000316680374412,5.265233013792326,5.246150968681208,5.079950052685385,5.213026805259853,5.078478201683989,4.986178189125153,4.95785146227084,5.691991114397401,-1
37,4.974424031119419,5.2804930569178214,5.2325787927950715,5.056472538819489,5.223665672659336,5.068975237910216,4.995348578333056,4.9584334150260805,5.683800693708869,-1
38,4.9525419024442385,5.284959656133463,5.224528432453133,5.043204207626492,5.230912510418875,5.05573121114324,5.00589456538537,4.966532312009665,5.6961123928298365,-1
39,4.936191311096279,5.284109764471336,5.210572177282659,5.0275115031988955,5.235731850508126,5.043097504190562,5.020519146649056,4.971891180502267,5.692869746115124,-1
40,4.937816878954426,5.280261263937927,5.196013004208701,5.015611060853489,5.24267118892657,5.030975176926915,5.022471513557653,4.988036633290443,5.699491195799777,-1
41,4.939496164646447,5.264922416136429,5.1917181251961235,5.010297762905487,5.2349294068462555,5.0183898182090925,5.027063392193039,5.005709784141521,5.69873220389182,-1
42,4.944139717405282,5.247954572413952,5.184222813499053,5.018151795783677,5.225458486909627,5.0074653093072765,5.033157764443225,5.023030387274118,5.686559865977801,-1
43,4.956930792075958,5.224560213112786,5.1930995369960335,5.024406851130794,5.207754441193968,4.991806343861814,5.033507504021231,5.0551247690193994,5.704754167923404,-1
44,4.9806808509454354,5.211359114752054,5.206602125092024,5.038235783540749,5.187960264850015,4.970998297253035,5.034509864808802,5.0920439909804545,5.707056556819848,-1
45,5.005663207523882,5.192721759862958,5.213337613173898,5.069839473784925,5.165483029749568,4.954908512178404,5.0282126924039,5.106104650800099,5.707114052418805,-1
46,5.0285149279429495,5.182043648910786,5.215621745330882,5.088410234198664,5.154881022048901,4.937768249296861,5.0211413994407375,5.120795606934622,5.712279218391079,-1
47,5.044352387443704,5.178348509150794,5.2183537349520845,5.108167585220144,5.144019936179667,4.9244181623833425,5.014428770691439,5.131106303740067,5.712497473683445,-1
48,5.046965830148499,5.174224339569676,5.216544637934726,5.124090040518636,5.125982634520099,4.919601829668139,5.0133816813977905,5.132796112725998,5.718731451293565,-1
49,5.043139761292199,5.177011552254682,5.220220527096458,5.136513204490731,5.118419909150327,4.919009838025557,5.007382457597621,5.125934411922719,5.721075562759135,-1
50,5.040394895795038,5.184006069157146,5.226561536307465,5.142225886396547,5.119213144435643,4.920780033370676,5.004853273465626,5.105228829599078,5.7123264841628165,-1
51,5.034047834093647,5.187017653775575,5.220860299338439,5.148243126354933,5.121289469132296,4.9262663548011805,5.0100112161068155,5.073001926952706,5.720365381312288,-1
52,5.017486232821362,5.174472817728933,5.215616354305855,5.146120297277705,5.12540010853038,4.930716609045902,5.011423458284118,5.050715749603864,5.72114280081877,-1
53,5.008258819650874,5.174820866654437,5.216515269740406,5.1388730601974295,5.127086043775799,4.944359075983084,5.016869113876403,5.0432676539797425,5.720421183896532,-1
54,4.989851438838708,5.175020245147577,5.219680130757235,5.130541379650024,5.118586388555126,4.960271984706619,5.012665310718027,5.034694332802024,5.718216104408574,-1
55,4.9886428509045695,5.178609141551878,5.224032214249548,5.127848962497394,5.106124683091657,4.961048299245067,5.006121894140031,5.028862420870923,5.735561362049142,-1
56,4.989258090191569,5.184481949908254,5.226791794976908,5.125841095680607,5.0963062283371015,4.956313535393481,5.00304874770194,5.014792305358846,5.7348637571122065,-1
57,4.996737687889043,5.187937125692275,5.225402047959217,5.114891814602039,5.072964320192425,4.961202430533755,5.001391126743272,5.010462171662383,5.734634833771152,-1
58,5.002523121050855,5.190089443884202,5.229159021620903,5.108311990947806,5.041971023767725,4.960133199619601,5.003672357538536,5.01859055020199,5.720286815258486,-1
59,5.011493784399358,5.1934039214760155,5.230232852262901,5.103845339512608,5.010494386495741,4.955704550024707,4.997719836208188,5.0401610320384,5.731568757335063,-1
60,5.020552162549074,5.202442815411825,5.224982535252159,5.107922369307564,4.982095879606247,4.9526719312356065,5.002952954546778,5.056050310831294,5.738008876036232,-1
61,5.023700184612596,5.20837131069994,5.214919051452602,5.105880888361082,4.967663881105073,4.946230335804798,5.009774787076762,5.057103919068311,5.741723871513913,-1
62,5.032190335995151,5.213886480822267,5.209575554071938,5.1008384309694845,4.965877314428999,4.949745402212623,5.023088571213628,5.060815499934813,5.744381203488447,-1
63,5.028263374845508,5.209687548475683,5.200935543488852,5.092427774957265,4.978825428138494,4.954471095006848,5.037522509342959,5.0686691272290965,5.733879312696563,-1
64,5.028163576685035,5.196492689787349,5.192726534617028,5.085982674230824,4.994073017330155,4.960787727425417,5.042912429799473,5.085529930259747,5.74006771343932,-1
65,5.028895617062204,5.172084015353524,5.178015209416319,5.081383598429796,5.02621296068344,4.950424879016567,5.059947924747066,5.092845575991952,5.743857193419789,-1
66,5.025038496351618,5.1433944667147635,5.152315521845568,5.074002901293201,5.064047138469258,4.949463361184446,5.069260803259766,5.093678439033742,5.7507758980705255,-1
67,5.015945564439978,5.120098519630137,5.134758278449473,5.057827831983219,5.101842805696261,4.956756564916843,5.07503988509718,5.083859515852618,5.74328629393897,-1
68,5.005137643578011,5.1032672082716415,5.112507108900823,5.034912496162228,5.141484396708809,4.965454369595898,5.065472418204939,5.070726318615675,5.746088569430683,-1
69,4.995471233338833,5.0884732744591314,5.096173362193032,5.0159182014519175,5.177731152084118,4.962034470705522,5.054208864902234,5.064439569538261,5.755321896148529,-1
70,4.980626484740615,5.066835673359741,5.069910815702667,5.010472893978728,5.21878057262608,4.959776256796195,5.040102312055543,5.056998598522385,5.7544508567516965,-1
71,4.960928200922101,5.041812759555341,5.0600995983248795,5.0072250651014,5.256903350927927,4.962098564540928,5.035765434635465,5.049801304170708,5.7652145468818565,-1
72,4.935309214024833,5.0285201517851785,5.0467765407644265,5.010972556279294,5.292675137214077,4.972853965060439,5.036150634823076,5.0378405727712945,5.764217299752024,-1
73,4.914741437824472,5.021692955089132,5.0438445514037,5.027716074773733,5.313740736167146,4.998601025494163,5.030649713098835,5.034407799180177,5.750292651714887,-1
74,4.903330151324719,5.027020513083968,5.040256390065164,5.051569177567625,5.3247729902367835,5.0280003413381955,5.025238633802766,5.030586693535133,5.7640731489039165,-1
75,4.896224541323675,5.0361751066918305,5.0340939856970595,5.080666053366258,5.349308208359481,5.055407615130478,5.036566885563795,5.030671727598991,5.759608142272049,-1
76,4.890379850183346,5.036348896082326,5.034610271573818,5.119587912709125,5.370949032642568,5.072195088465976,5.05623915206047,5.023513339960677,5.766180523439034,-1
77,4.883071159789389,5.030386120397386,5.035126200074654,5.152165073672417,5.3866350253164805,5.094756501078057,5.07253837486679,5.020322203469603,5.764323686198595,-1
78,4.872984666268643,5.031929656366183,5.0391456238430425,5.176570109160226,5.3940291109507035,5.109069282700528,5.0875142997633445,5.0181486260146,5.778625723806001,-1
79,4.87275629249517,5.042552408358796,5.035877987196333,5.2030329584565305,5.393380224985892,5.128228849790431,5.093843361177515,5.014892516156774,5.7704108449291365,-1
80,4.8689006776801556,5.048973018641448,5.0299677242295795,5.2180388205330575,5.391221414874842,5.130598716284147,5.095387892049089,5.01660734852267,5.767832183593921,-1
81,4.861857508738169,5.0594337898485815,5.018113299185798,5.227827658565548,5.397078279032131,5.128870815085361,5.094829990292533,5.014632250340253,5.768653627370479,-1
82,4.851739060483109,5.06444626379098,5.016874010538394,5.226460675291598,5.401832032505818,5.124751088514914,5.097588553697858,5.003747679623446,5.764537504594433,-1
83,4.845156044396234,5.0614837385392,5.018628290437559,5.233313326173794,5.398184015675651,5.119441154397802,5.094428740921966,4.986324055234688,5.785165751890687,-1
84,4.840236073960021,5.054371549615977,5.02226247032289,5.240050313106115,5.39295076500512,5.122764842664322,5.093425796129846,4.971458528011071,5.771922887905713,-1
85,4.836898528375919,5.0502730336565556,5.021471365026443,5.243147145181876,5.393357637506845,5.123819966894695,5.103433861958466,4.964826128972984,5.774486780854281,-1
86,4.831164916908849,5.046204125796577,5.022947689359351,5.253113097714917,5.384535420559823,5.12952483038934,5.115759760753964,4.958796379519597,5.785624073439889,-1
87,4.818917664813332,5.027461727472231,5.017684819232162,5.257699468777453,5.3714549192556,5.136362272128907,5.128443775729335,4.950259096903193,5.78105680679748,-1
88,4.815272489605707,5.0029391758137765,5.0164014742252,5.260859536591545,5.3601253785773935,5.14712104541267,5.149233648644373,4.9454467056424445,5.793051645332474,-1
89,4.807374525529263,4.971701149161622,5.024812144579099,5.260577986836818,5.344845365110408,5.1616204076108385,5.161969444416984,4.9411922499740495,5.781942456258102,-1
90,4.8061527454251465,4.935047559470527,5.0369035088678515,5.2675401132807,5.330804978980863,5.173571731864637,5.17294063324149,4.9455755886845445,5.7864921111198475,-1
91,4.806011189503865,4.9032651633627005,5.0507136087997235,5.274030525657358,5.30661430433752,5.179747550291852,5.186232989935846,4.958152780026792,5.793203731170445,-1
92,4.804415795352771,4.876776961132935,5.065545108648993,5.2730670377255,5.2813628548782585,5.187224318215945,5.19460555009159,4.978076098029256,5.794072063562535,-1
93,4.8061957309612975,4.856162058347984,5.0892574872993706,5.279889212099734,5.249360360886214,5.193553723570076,5.195049772431586,4.992652273769167,5.791312037990964,-1
94,4.823958344859105,4.845103173911918,5.1039777072131525,5.280329545521894,5.2264858252482185,5.195510923695597,5.192103294830053,4.998483933616667,5.789721411704352,-1
95,4.842088586039429,4.843216176761759,5.119583094681394,5.282121059309401,5.207493921325624,5.194554806491325,5.197779134633478,4.994599332084526,5.790133439482962,-1
96,4.8558846265858975,4.851579949110125,5.136270355708562,5.291709266464686,5.195694594047957,5.197420236667068,5.1984772971683455,4.992585010077274,5.793446016088009,-1
97,4.869654450280349,4.866798136894536,5.1361817336894005,5.296763525147766,5.177242686194346,5.199562125983358,5.206133016174562,4.984292909851256,5.794797220028904,-1
98,4.882048772563564,4.888931220840483,5.139465358337334,5.300486273283827,5.1639091681064775,5.202842892787059,5.2249160736946445,4.98142149076066,5.790643418483372,-1
99,4.897259595587045,4.911492781366581,5.144206333137742,5.300504921703837,5.1587382092670575,5.206931943759237,5.238703283293267,4.973734982901909,5.800346695567964,-1
100,4.913062758921443,4.933528794255517,5.149139078646167,5.295023453063153,5.1480007981657785,5.2087080998947295,5.249271432237869,4.965496481525663,5.805077804112843,-1
101,4.92484068820866,4.948756263524962,5.151377499548039,5.282682140950316,5.1469061265068605,5.2192819510395,5.257862418090057,4.95754109342449,5.8085260491988775,-1
102,4.935900149692175,4.954070567231027,5.1675465486877155,5.268714408585696,5.1465145266700345,5.233115153168814,5.2641866988650525,4.949328205502803,5.7986906113100005,-1
103,4.95849221920478,4.968018032551779,5.194715943699406,5.25560587168169,5.14089655641052,5.248350551869267,5.264982311209885,4.958769172320625,5.809643194948173,-1
104,4.986695121627093,4.974019328715886,5.216993303908487,5.242727900409054,5.12424889679991,5.260919750386625,5.2608851514892185,4.961483598547371,5.8049736490914094,-1
105,5.018952258657293,4.978690417671238,5.237149123917035,5.235274802991971,5.1205792098504865,5.2656753585204905,5.2502368079961625,4.966099737013494,5.808869862513106,-1
106,5.049749102786671,4.976663620073467,5.251496692969258,5.221256512265371,5.1151413718450724,5.260440639903195,5.232201843609888,4.980592766497734,5.80750406246313,-1
107,5.075580481743683,4.979881153310309,5.265072376697965,5.209577936829248,5.1067003429060165,5.2587752139696535,5.2111016450141685,4.989512106967035,5.81939289342791,-1
108,5.10772166286753,4.980743635647258,5.281646450376906,5.199657669787586,5.102006398420131,5.254529956773341,5.193516074993978,4.992833244540505,5.820331787422799,-1
109,5.140500242157438,4.983631940504472,5.287817590318259,5.188252354157936,5.09328926496337,5.244575458131814,5.182022281308069,4.9923211844105655,5.812290232085282,-1
110,5.1725790412861805,4.983084125288228,5.286106559896515,5.171170928342315,5.0854675996588465,5.236051956423772,5.173069158588173,4.995903090198132,5.818658857322182,-1
111,5.193564009583151,4.9807150950417185,5.267233118332159,5.154654380243555,5.099676173201397,5.226162514844978,5.170031097000457,4.993599920171678,5.816839844291559,-1
112,5.214823005637776,4.9879302902805245,5.257273260711151,5.133892503252689,5.123084354231183,5.210024180301118,5.174323856449695,4.995234657653334,5.808291535256867,-1
113,5.232842627478643,4.99785537233335,5.254578293174562,5.109633664791028,5.143874970496728,5.202988197877231,5.189313904647351,5.009717386311019,5.822860349368729,-1
114,5.24936361611653,5.012433653310044,5.260942555430337,5.08991614506213,5.157195199362103,5.195545905751826,5.195688471361678,5.01721839118783,5.824196884715059,-1
115,5.264851518766631,5.011838760071464,5.262533264109859,5.070997612778994,5.176707225658836,5.183634298967428,5.208614117961087,5.029345418735196,5.824131398652165,-1
116,5.274998874258336,5.010273043426613,5.260813445478375,5.052833687608304,5.192628894847856,5.174879126291788,5.228209427701498,5.032982835179798,5.830120714220689,-1
117,5.287532313507043,5.002644848578793,5.263100245921956,5.034352598078341,5.213323211418322,5.169975072158473,5.245576542288175,5.041125631903203,5.825546749884388,-1
118,5.297139333396306,5.00171717164969,5.263402610936248,5.023240287831389,5.221809658453002,5.159983591589254,5.266048189805214,5.049110214217391,5.832077597633515,-1
119,5.299362094434883,5.001279580186797,5.273512537369444,5.012378645088741,5.213309848741216,5.148609996143008,5.274472184677389,5.0693347431151325,5.828238181368367,-1
120,5.29902835386455,4.987713574671105,5.274285604370754,5.003852170593587,5.198639391186094,5.146158499359707,5.281659750347741,5.070878443354619,5.83502365122387,-1
121,5.293467072939234,4.977175927734702,5.274487972427515,4.9935634218128975,5.178142297834772,5.134743200502,5.28382247315469,5.067526559870251,5.8379943213987,-1
122,5.2863396858098115,4.963601707739415,5.261110265901392,4.985133012095426,5.163464862352382,5.118391730202391,5.289853727798084,5.0641649605670995,5.834055583146787,-1
123,5.271023483900836,4.953929753116072,5.250963782753742,4.97559560774576,5.145858489352975,5.100312378803031,5.292715023996092,5.05960444263046,5.836397742038039,-1
124,5.247715143325568,4.948663015327608,5.239132550447874,4.969944229556919,5.131799745635757,5.084384433060622,5.291581526172496,5.060330734792229,5.826721160546694,-1
125,5.220126162543588,4.946408230457913,5.230025676192131,4.964692252333677,5.108555481626167,5.066984628589024,5.286130500251176,5.055966673193742,5.8361272044460355,-1
126,5.203531279281708,4.948404346782108,5.211929806038128,4.963572233928069,5.0825899298744375,5.05109426550011,5.287438853727089,5.045563086605068,5.835433494425899,-1
127,5.189370945947488,4.946541699535794,5.196204093706711,4.961512474342787,5.0581208952718475,5.0431326784509825,5.2906313493880885,5.027935139129589,5.832761739200235,-1
128,5.17176093314512,4.954185004956784,5.190822600388855,4.955468268942086,5.038424727787782,5.019041280882822,5.292603584096963,5.005758061465978,5.852841063087557,-1
129,5.162277489935999,4.962651482895898,5.192538223625511,4.954345538612939,5.0259950827839495,4.999878886930362,5.283031329136893,4.9837746576811455,5.845733360121001,-1
130,5.152808063184244,4.977917064010197,5.1973165243356885,4.946964657963639,5.010972668876452,4.99746436696973,5.275639266344655,4.9505927684473905,5.846650174804683,-1
131,5.149046188257157,4.995251049094329,5.203476326645105,4.93847093136912,5.000556282230172,4.994305302536381,5.266685273191545,4.924089614163501,5.850417325292845,-1
132,5.1533806334394185,5.015075324736733,5.20881993222069,4.9228742149645335,4.98472662722582,4.992248332756959,5.263558493995026,4.911335968334103,5.849252198943321,-1
133,5.161538468127066,5.030589048011386,5.220086497037877,4.9129388249450585,4.977525897518002,4.9856107923983455,5.263373176306294,4.900788725107175,5.84896212764274,-1
134,5.15156073315974,5.037910141195768,5.243252642230138,4.9079729928466875,4.983422101160928,4.983181561582302,5.259602533390566,4.903685027723731,5.841194277207973,-1
135,5.147759585606379,5.052893104951242,5.263472727434998,4.905719019702185,4.990650206742271,4.982353730585723,5.256101674075762,4.903122433840662,5.845515726733418,-1
136,5.1483475064013575,5.069805823389246,5.284091945080629,4.9084000499106555,4.9992654496912055,4.988589208508084,5.259854816259308,4.923234608132871,5.85070240300415,-1
137,5.150202013969128,5.08622138644307,5.296785127205595,4.912873311313815,5.006458263991345,5.001702533975392,5.273164651312566,4.9403135291528715,5.8511650142140725,-1
138,5.150354690845074,5.087707614055239,5.314321482230898,4.9269133881745875,5.019786331887574,5.007544060890305,5.284379659881285,4.958746354456694,5.854795049608129,-1
139,5.154806505980151,5.075675926213101,5.33651464415804,4.940298939567689,5.034179998387732,5.008139382644231,5.299145844140171,4.972124268351052,5.863188254255666,-1
140,5.167505928418843,5.0659268829244875,5.359958409438773,4.9507882617825585,5.055229776210637,5.006711570608665,5.3096536892883295,4.9734431910745895,5.857067642594831,-1
141,5.182872732780069,5.058351123428333,5.374425290196792,4.9604729353474495,5.0670918234535565,5.0125738572435665,5.32112048187177,4.972189431904679,5.855273703473314,-1
142,5.199194454151262,5.044472697157913,5.379870234279223,4.970798367785392,5.0704186112251515,5.016415561914788,5.337652217510107,4.972554318661295,5.863884081405244,-1
143,5.213809548086019,5.0217237170086175,5.38339481251997,4.979576746185257,5.070753703103879,5.0112028090871075,5.356165856187916,4.968430909287853,5.867573671216884,-1
144,5.229912294813037,4.996481130948182,5.3810600338078265,4.980413431467734,5.056129382032762,5.014722481766092,5.362859143908262,4.957874848551736,5.865302242484782,-1
145,5.245711482087533,4.957177520392462,5.381468903820411,4.982263040049947,5.0404163336852505,5.0105293000949676,5.364439671311205,4.948573847549119,5.857755465379797,-1
146,5.256567301112273,4.9329493893990035,5.3731931610745995,4.978164499850484,5.013163239569533,5.011365607545642,5.366539552005103,4.946390458750675,5.850894426235341,-1
147,5.263276772964571,4.928588900962701,5.35473117876446,4.9764176519286565,4.985584275257189,5.025433462851126,5.360722435209288,4.950612274307383,5.862570644698765,-1
148,5.262537435586902,4.916384770976615,5.333044892587546,4.985591348860655,4.956728532016386,5.038517062307487,5.337777493856297,4.948722772357862,5.859348735790193,-1
149,5.251681710987067,4.90958062763545,5.314392674776148,4.988045502061335,4.932420655680091,5.049364421743999,5.316407476036579,4.953545819363669,5.86777176811911,-1
150,5.2512047977504395,4.910441451843622,5.314917650784082,4.98383027693782,4.9086818298826875,5.057736660990098,5.2825257104272785,4.951886063522448,5.8649705985574805,-1
151,5.258425186239161,4.9172510171149915,5.312998885129373,4.974159997901857,4.88658378377806,5.062656486441524,5.252417375889594,4.959593201015724,5.880011388730453,-1
152,5.263995532064639,4.921898219131654,5.312448364409476,4.969897737146093,4.888436207127485,5.067895238380635,5.217659685164733,4.959418498156566,5.869470673797512,-1
153,5.264017613088446,4.932086184669037,5.317075028177243,4.96872823272947,4.889588740324189,5.073280215069875,5.178789009555519,4.960479719668399,5.871366808636252,-1
154,5.274678498475792,4.939998487829797,5.323328805633238,4.972228425706394,4.893906417802075,5.079396004575759,5.144011662502016,4.957642710273139,5.877493981914508,-1
155,5.286985451464079,4.933700595353223,5.329689604654238,4.973782251665335,4.8839299050882286,5.085298847213734,5.1177651080646385,4.952447103702327,5.875167351904879,-1
156,5.30158562435094,4.927064410511186,5.3299514206707315,4.972015435884514,4.8758204991083,5.094709906149353,5.102989324833475,4.9586914099237696,5.863502215475917,-1
157,5.314535761995723,4.919904291950773,5.326883343878726,4.976918338663474,4.873300982480819,5.100494575743579,5.0866049968189,4.963137166757051,5.868543865744825,-1
158,5.312819760123231,4.920304194850158,5.307300275306952,4.993199655531778,4.878705703257123,5.110140715405293,5.080421145063515,4.967338625724435,5.88157711126945,-1
159,5.31032147741289,4.923285474701276,5.300670210950468,5.012090394532394,4.879658207901912,5.138783408901171,5.066646331442291,4.972065682869467,5.876056155867388,-1
160,5.315557625035405,4.929566819086999,5.2904687264484584,5.033754074831643,4.868080524810711,5.1536298598167445,5.067020851663192,4.987831253588173,5.876811567805954,-1
161,5.325495737853268,4.948325290135175,5.276462058398605,5.052050281945501,4.857543036731728,5.161993722889363,5.083446779835819,5.000872160973728,5.881374044538395,-1
162,5.33046631276338,4.970218302152293,5.273316598668191,5.071902070243501,4.856022150676205,5.168488643705706,5.096544610333673,5.009330852484141,5.8868613435621375,-1
163,5.325457498831501,5.002205869613385,5.271516027355863,5.088717620728335,4.864735050711903,5.1682293575479745,5.105656653916112,5.0165102619892,5.879603019114591,-1
164,5.309819393574052,5.033690816121063,5.272275427569864,5.107449284640472,4.87025002299238,5.164616855032652,5.112536608836707,5.023612626770744,5.881890444216219,-1
165,5.310522021239309,5.060196818607921,5.2715775757244945,5.130219694843365,4.869309173347171,5.160114195078492,5.114576595861688,5.023742244475752,5.889286155119292,-1
166,5.320158650970077,5.077404714557995,5.27267597842185,5.143341598752787,4.861809009890508,5.1533195393798685,5.10868784898808,5.029991676114189,5.879718015010951,-1
167,5.323173581247194,5.09127276248605,5.2621133069018065,5.1528335808985215,4.865201088381413,5.132015190153196,5.110074993684291,5.03387868443728,5.885722802152457,-1
168,5.317833281368588,5.093792957443045,5.259006976467777,5.1517704161065225,4.868753130937571,5.124202562687392,5.112444093322748,5.034852808853173,5.8844820583391835,-1
169,5.301200514470484,5.087444512840669,5.259812099819834,5.148084700283814,4.871226511418719,5.112255278660073,5.10326910695146,5.041235211472816,5.886293065622298,-1
170,5.283257951193176,5.069734637973588,5.248896057759755,5.149716099731878,4.870691854521748,5.0972702456342525,5.0866778622184805,5.059247501534566,5.890024123245815,-1
171,5.275742370973026,5.045676202507522,5.238693918110891,5.144277784034917,4.870066911206795,5.083127664169832,5.0730994337860364,5.071871257803646,5.890425543779739,-1
172,5.276789360946402,5.025239982863753,5.235520175873857,5.141147185883248,4.872864246446075,5.070288014615427,5.062946946588452,5.091803718898535,5.883551548472393,-1
173,5.261251663751241,5.005668207978214,5.232173105286591,5.1246805386925045,4.87412783509616,5.058527675855068,5.054783593014666,5.1113297927661385,5.893920458518369,-1
174,5.242018321601263,4.988598140466657,5.244598167554006,5.1028206885395315,4.879817793433681,5.0532827069863195,5.045569686684577,5.12808458816372,5.899390048721184,-1
175,5.222229286372052,4.9598350674453995,5.253685522578894,5.082398124887477,4.884629473770951,5.047835831390228,5.03417180116756,5.13723667624417,5.893678348751831,-1
176,5.203422353084333,4.93556284696327,5.250807242286168,5.07293418151807,4.883559539984108,5.0402117813114735,5.025401542129785,5.147555112407653,5.89235759627915,-1
177,5.195147279256378,4.910845798853429,5.249216935640464,5.0648432567362995,4.881404959358086,5.0485687145392575,5.015935067884802,5.149475980783579,5.893173922462507,-1
178,5.189376494546378,4.889547789161131,5.2503514504444615,5.0515912973228,4.875715460896508,5.056387736304469,5.0155582815476,5.148740614337719,5.898868979251312,-1
179,5.173742631458177,4.869199183622551,5.250281492487731,5.046109468353229,4.8636060712569,5.062251667216993,5.013657431258292,5.149562863046784,5.900408471680114,-1
180,5.16217602658552,4.851428829938543,5.238769092035895,5.039542545049012,4.850462757196588,5.063198082626582,5.013361105022926,5.1333692880804715,5.895685098124412,-1
181,5.157104197923301,4.834914934349802,5.227862165204139,5.036692788045202,4.832576591089506,5.064022043250199,5.01983654542457,5.108350239806221,5.8950263897314406,-1
182,5.154840236454121,4.827464731871075,5.201326546241528,5.043329300637806,4.813936064446312,5.062296502601431,5.0370310886334275,5.078901908241383,5.905361813811764,-1
183,5.151418692556674,4.825540836466324,5.17982834549013,5.055085000461795,4.7959600938271745,5.0755802745797824,5.051735185315268,5.040458936128989,5.893950318117403,-1
184,5.141872722794506,4.830608457635987,5.172013448879435,5.066327912118392,4.7910537918645035,5.092994421748715,5.059446489339617,5.00386020707492,5.900378885860985,-1
185,5.122943018485656,4.837944997063919,5.157738915248238,5.080543928221737,4.8020825128841444,5.106196607052819,5.072579558653372,4.971929466476266,5.892266606129281,-1
186,5.093461728338335,4.850920224817211,5.141333044895079,5.099192233394957,4.81487801931077,5.118015155423034,5.084630059382679,4.933856033855986,5.916608226797846,-1
187,5.071057330827678,4.861312879012908,5.124665430865806,5.110005510393007,4.829760855155381,5.131132918064475,5.098268587751897,4.904481401916999,5.909068908552512,-1
188,5.041117474740587,4.862604423932132,5.118676144258487,5.117871601857918,4.859791270675439,5.149648427603423,5.1135071062914585,4.882038301208215,5.91326227772225,-1
189,5.018623702094324,4.867526001451165,5.1161794364269015,5.127496784825769,4.901880978134487,5.162564669516446,5.1344314727919285,4.864392978464794,5.911190582581401,-1
190,4.997057345638985,4.870963900511606,5.1214492384958,5.132613322900446,4.948019742828222,5.167041521135852,5.149679708688731,4.852322387159283,5.899791187059134,-1
191,4.975580904363339,4.881332559289765,5.129111538325937,5.143072609659301,4.9863218922439385,5.160250389565297,5.16983492924115,4.850987985422145,5.911618540714614,-1
192,4.956959235474457,4.887343184395824,5.1291906152439966,5.147080283347762,5.025217144778672,5.151633730728683,5.1842292798858445,4.857895189246353,5.915371305305251,-1
193,4.942205827588514,4.895972698081433,5.132237328522333,5.151761139926883,5.0393604235018925,5.144349334727092,5.193766818695777,4.863077631581058,5.90844127359119,-1
194,4.937194630689315,4.893982793207336,5.140578377294062,5.148661163746415,5.056404696401936,5.132534711509228,5.2071855562001925,4.875766264435052,5.899933064002867,-1
195,4.930213384576856,4.8992724583335345,5.151438001228815,5.151936698191558,5.076474342933222,5.1251512302861775,5.215850989016161,4.892578573830411,5.910682222596107,-1
196,4.9220560949922385,4.915708047516767,5.151141879919917,5.159059769113578,5.086396471724127,5.126081967063868,5.217120176166235,4.914802911810742,5.911350315338711,-1
197,4.908654561638669,4.929738153783115,5.143245438640278,5.161093693752564,5.096904567121606,5.123148582784609,5.209189416315022,4.9487101961836135,5.912210448636005,-1
198,4.896353511830765,4.93663459054387,5.1307273237527085,5.161192943531663,5.103372245024539,5.1255668518160125,5.20240710676717,4.970561738957197,5.91001714213278,-1
199,4.89594283898768,4.950375824101851,5.118773038278753,5.151797997358461,5.116635182749739,5.128164128265958,5.19474355010823,4.998243457583195,5.911358470097146,-1
200,4.898520568678569,4.968006978889168,5.10191898210299,5.146323638374114,5.11666426959743,5.131045035424322,5.189332863387883,5.023009019341993,5.902333088742454,-1
201,4.906012871036649,4.985957306308908,5.08826973104429,5.133801276068116,5.137241099060314,5.138879408039963,5.184456868490572,5.050459293284279,5.919034040212266,-1
202,4.9041196121471495,5.010774412744766,5.0742258972925,5.125568534884282,5.145089942617349,5.15684680872697,5.163046092575339,5.075119154301522,5.916931165751612,-1
203,4.896573401323968,5.03276768955017,5.046819103500221,5.125723665584228,5.156990729526465,5.173946887854058,5.144994951081927,5.0874822518531895,5.914884937966747,-1
204,4.895037199651138,5.052755958825214,5.02630092070637,5.123477802048365,5.159433346113047,5.18003602926778,5.13873878089083,5.102956574451117,5.919107430216078,-1
205,4.896461323784317,5.080621015046491,5.007823493980101,5.1343887532445835,5.158275076833097,5.198432517289186,5.135390636049311,5.11612342832704,5.921182669443938,-1
206,4.903950211770834,5.112650607325821,4.985089519536214,5.147018267841389,5.149969578861365,5.204771098612571,5.128519501973889,5.12959459021487,5.920307979815877,-1
207,4.910760321645844,5.129447757288933,4.955120455449481,5.161105839098554,5.138061596222816,5.208519022172647,5.111617698893625,5.139379467347809,5.921726821902394,-1
208,4.9071771538723725,5.1412196929773915,4.928682604771139,5.179359278743033,5.122777539843989,5.205728455028334,5.092071333098581,5.14468614922691,5.917747775923499,-1
209,4.902573387876035,5.151144936721693,4.909880959901537,5.198733688877363,5.101176096712475,5.195386886424002,5.08064240409236,5.1464782026770575,5.91974550623399,-1
210,4.90610917596647,5.161119105960292,4.8928275338050815,5.21223287648219,5.089867754975193,5.183775355997595,5.077225838433443,5.14352703561914,5.924701562871486,-1
211,4.923386106114204,5.168172262370115,4.8841260827624575,5.2183396695617725,5.077267939367054,5.17178161051824,5.072216207587579,5.145378058507193,5.919659869593367,-1
212,4.9472974031141534,5.172633538163557,4.884111552944829,5.224327726964794,5.065250020563288,5.155220890330151,5.059223542015484,5.1432829281770385,5.921728630938612,-1
213,4.971028574477002,5.175209808898423,4.8820516046209805,5.22148971567803,5.04647445718565,5.127747858189781,5.0527968671787455,5.141180970115115,5.9274644162831125,-1
214,4.9877675171031415,5.175573113276996,4.88787424799387,5.212552965999134,5.034162427019061,5.103440496353226,5.045031072768231,5.138828996779466,5.927022850918835,-1
215,4.991662143583692,5.177167918808422,4.895290094630816,5.212836587275692,5.017554601654924,5.082804890997812,5.044055120639581,5.141976020531595,5.9167577665851905,-1
216,5.0097639210613005,5.17728403811852,4.910888053952327,5.204678902937465,5.01416615924243,5.073516549985086,5.051501396602962,5.15075204486684,5.93550547299986,-1
217,5.03359705366317,5.174232743287034,4.918850809359166,5.188825754478801,5.008652512629373,5.055147627374237,5.059437161688841,5.1568355479684636,5.9224516521178305,-1
218,5.062386029438423,5.166018967409351,4.916990564251976,5.169602304573456,4.997161559192827,5.030907826395802,5.072903594771251,5.164824400077048,5.937375363562665,-1
219,5.08178195636627,5.150235877717016,4.921161157929847,5.154849287762694,4.986460582598504,5.015252256904614,5.0883977859670155,5.183401564418543,5.926736022441718,-1
220,5.088226182757527,5.1356202678959955,4.912706936539817,5.132661672677906,4.988697310399023,5.006003048939788,5.102452024581733,5.203335242647825,5.933120408735416,-1
221,5.101350018492461,5.12048472383994,4.912241011705861,5.114954712180589,5.000506509742274,5.003957971771529,5.1086340503447625,5.216879275226817,5.926186444253133,-1
222,5.114434971095427,5.108444136020524,4.911341624529484,5.09422809627855,5.01411750357482,5.014961722411432,5.120089988251529,5.237286065646749,5.9402735278943,-1
223,5.139389230312181,5.108375685392422,4.922082538945463,5.066052277801763,5.033241731307806,5.020323242449657,5.138245983350058,5.248450507910736,5.930108739367909,-1
224,5.161294489558256,5.109190375650967,4.936154806477427,5.043753057248091,5.0543302087240525,5.013773456195864,5.1554218926911695,5.2488911721172276,5.927771371923691,-1
225,5.174199288321072,5.116844678174421,4.951200293342741,5.022717058526731,5.076577628302897,5.011192265897413,5.171446222163731,5.251480396823316,5.93696911156506,-1
226,5.1870363075014865,5.132481402902473,4.972850003025061,4.99300731859868,5.102145254946825,5.011115378019185,5.183278310727911,5.254663018249209,5.941490428248667,-1
227,5.202404387261701,5.155796942393783,4.982764355497203,4.960863120605951,5.128905798920281,5.001467177850052,5.191270121555844,5.243806772690356,5.94136790025711,-1
228,5.21897924183456,5.185403647803897,4.994584209613399,4.9433727551303415,5.159420720214098,4.9822545040513075,5.207148086199027,5.231286148014718,5.933119843097913,-1
229,5.223123807265445,5.203003093105946,5.003732901009052,4.922736949355759,5.182677502504126,4.965372253242638,5.224917270154615,5.215778889087642,5.940094757866956,-1
230,5.216872545520895,5.210986384424348,5.020861416502379,4.91073769077818,5.2015755472202745,4.942563595527748,5.241723613303302,5.201970933963089,5.941169953569068,-1
231,5.2032444635115915,5.216069239911149,5.027676553509948,4.900025828196017,5.219217704746497,4.922316877778731,5.254841524667577,5.1906191767559635,5.9400552780246905,-1
232,5.190101476512869,5.2230112644061215,5.026707227797772,4.89568684411265,5.236000350646557,4.906993226850351,5.266321732611644,5.177851467348635,5.944440314918181,-1
233,5.178573403789645,5.229115383003327,5.017561647272153,4.890021127250909,5.254448584728856,4.901576265182756,5.280557209106708,5.169105912906014,5.944370472291765,-1
234,5.1596101938524885,5.232003374622097,5.008625882273699,4.891790709363151,5.263836572009897,4.8917953500673965,5.298626783740989,5.151592736782882,5.933365246353893,-1
235,5.147534035878286,5.239783455264219,5.014532817632967,4.896569066450501,5.269289299868213,4.881882645711081,5.318178682034379,5.128195196716746,5.941949241241412,-1
236,5.143282495046638,5.249010768402972,5.026776626164933,4.890288925247164,5.2698725998758125,4.870864855706602,5.327178999156656,5.102919504674887,5.938772339987318,-1
237,5.139082798095541,5.267905878651801,5.042524813430431,4.886846222594144,5.275284910211157,4.8721203262057236,5.328966661701835,5.083808430711834,5.946022785612042,-1
238,5.145248814916857,5.293982763595416,5.049518932442793,4.882858937120635,5.28018541683581,4.87291786241683,5.322948890989807,5.069303253109106,5.949496483471532,-1
239,5.146812553389872,5.312998976099034,5.0515433591778,4.8779402566495325,5.280340961212001,4.8730801610711545,5.319832617113576,5.052743438369377,5.949239086540489,-1
240,5.1460681520578335,5.3391043143664945,5.066244845323169,4.868595731844556,5.273735575821981,4.869088561232384,5.310380115000099,5.0502943818423764,5.946780303739449,-1
241,5.155552767837351,5.359779569550376,5.084517651950341,4.865525898185508,5.267408401084522,4.866352242177799,5.299290369469088,5.0508929015391,5.9369049828563,-1
242,5.168984440605243,5.3718768393977445,5.098238504939973,4.867491114490386,5.2696658674942665,4.878979568713547,5.288674886471487,5.058995371389144,5.946498798524799,-1
243,5.172944777819148,5.375589441539612,5.108141118639957,4.864514895937293,5.272117925000729,4.9011180127192615,5.283330035132518,5.074018002607971,5.940905111079708,-1
244,5.177829735546094,5.373023036260289,5.117520115331627,4.866531642597326,5.271244384701254,4.936805119094234,5.286637547368803,5.08020396814932,5.945007343059418,-1
245,5.182436917947925,5.355969562484358,5.12515690265686,4.8728083152479105,5.273347363071707,4.9591246312825925,5.294341353056446,5.085905468580109,5.953908077521327,-1
246,5.188916620513795,5.342773372488205,5.12919429068997,4.8783215585487305,5.27663404658891,4.980934562906143,5.311258716949335,5.09027002289658,5.953608811718395,-1
247,5.20248163103617,5.321866446669285,5.141040518058072,4.887780844555577,5.289795816483965,4.994532063461428,5.324892163202062,5.100872262455388,5.943437995925075,-1
248,5.221175264152822,5.294007429646893,5.135461108563346,4.889945401845006,5.3033877666813165,5.020146628761183,5.340804780106365,5.111237726933451,5.946611145181595,-1
249,5.2218620096564745,5.2610302290918645,5.1306330513400145,4.891925893160575,5.311355707011808,5.0291827173981885,5.34965343914317,5.109888016565254,5.9394071254384055,-1
250,5.232394117791606,5.22574254407536,5.130405766583432,4.894393326828672,5.325197137668717,5.030248134440778,5.354009558676639,5.110565305160909,5.953142030827425,-1
251,5.236733807038844,5.201045582792388,5.125793373792077,4.898416950519299,5.347062095900503,5.021690810704456,5.3488102093577785,5.109286237610348,5.948157698275028,-1
252,5.2330588364850525,5.173144741353987,5.115690249203729,4.906419517310083,5.357697102226242,5.007093030316617,5.339360314822422,5.1128727539748695,5.949214617318654,-1
253,5.235088599757728,5.152439829056343,5.098779843798516,4.917350170252983,5.365663787369785,4.993061974914259,5.321492959269551,5.107727748686291,5.954068975575049,-1
254,5.239707326131916,5.1269169515148665,5.077681714804626,4.925986859646124,5.368788420857447,4.97637729816885,5.295910767749984,5.098504106975109,5.9525194028954145,-1
255,5.236821429504213,5.114058311792706,5.063780231263579,4.935462386044305,5.364191639627483,4.978422679255601,5.270584837397701,5.088938428288293,5.945077162224876,-1
256,5.2263572633739255,5.098800988121545,5.059167442309667,4.940035801773137,5.361102802796427,4.968296770631808,5.25214727929981,5.072783689267906,5.956183995470352,-1
257,5.22484029163432,5.087158143388819,5.0553815362953545,4.946540340439956,5.354115134816814,4.970803358667125,5.240919595181344,5.059243274074745,5.9489196728980325,-1
258,5.218866952345436,5.0879486805794905,5.056469974855531,4.953901227883389,5.339833573190767,4.973132836758448,5.221680855206463,5.045495337863927,5.95373734697695,-1
259,5.217832698897316,5.080510433416527,5.066630196522243,4.966132027070834,5.318617017711772,4.977500089666548,5.205466080076818,5.039677938393331,5.954713135197855,-1
260,5.21320070321095,5.072264970383159,5.084826324471502,4.976088938278432,5.303130051452322,4.9798521273479,5.185940003572532,5.0300814285432365,5.958949656270818,-1
261,5.1998117872926,5.067819957603001,5.108589355529675,4.986109695898804,5.282788437420935,4.984758851293295,5.176199027383964,5.028062341752664,5.960466445357909,-1
262,5.171030433107246,5.060773139565625,5.137996028935834,5.0073095195591195,5.263569363201073,5.000751922973025,5.166304893833533,5.032260715339499,5.9479490722509505,-1
263,5.1598391734149915,5.042794090556193,5.1551602553863844,5.027649793921239,5.244949183924758,5.011136992951556,5.150098163437175,5.036792506135386,5.955984323182103,-1
264,5.14916611995459,5.03171176924893,5.1667203771876755,5.0527229217156275,5.226712831119484,5.0253649711865425,5.139914320249222,5.041028115011341,5.955324198191395,-1
265,5.145531817022865,5.021788272866365,5.1736361368139105,5.075265495424507,5.205834839037209,5.044001679506927,5.129920558825423,5.047236714267233,5.951542030613649,-1
266,5.131406036502272,5.012351455018252,5.17588593559977,5.08886262068658,5.186120735260291,5.060562189716859,5.132847104573632,5.055080791891549,5.962999706948082,-1
267,5.119517940583483,5.010397922131248,5.169391296938002,5.102930787785725,5.161691633413293,5.081153272327987,5.141550495288989,5.064817768365355,5.957188703194704,-1
268,5.119691704869966,5.004130377240348,5.162159917877652,5.121313915278481,5.142553554261185,5.112782378530687,5.149189455589284,5.084221089132489,5.959324197285775,-1
269,5.1266810666565785,4.995176626885934,5.156958014092761,5.125095172380588,5.122617273311409,5.137696909422691,5.155188580493079,5.112164419268744,5.966519770357054,-1
270,5.1430206272244074,4.9875073155301575,5.152096223608229,5.116584878751804,5.107584986564912,5.1572007201132255,5.168311332654103,5.1265446799360905,5.958336668842728,-1
271,5.1438881726879195,4.993967131711297,5.155700308504839,5.102189455099504,5.091074648710129,5.174784902871119,5.186072714178366,5.142736259378466,5.962166465495173,-1
272,5.149547745269996,4.994949472713612,5.157276819265,5.0828413118747235,5.0743594746248055,5.191087670182242,5.195870466863974,5.159459617959605,5.963060380960532,-1
273,5.148615489647825,4.99736212114111,5.167406458914611,5.065835898635778,5.064908968645978,5.202023365272817,5.203378301891179,5.181264335762084,5.959900865123131,-1
274,5.149803803134638,4.995267994578783,5.177367013753945,5.061281926864693,5.068843170647051,5.20843049288705,5.214134815316977,5.206711439982933,5.9610181329412155,-1
275,5.154068346795727,4.994293699305816,5.17549672315893,5.058714932469031,5.083958611333177,5.211163965507736,5.219311670149172,5.225416244414497,5.971249672973624,-1
276,5.147286338478842,4.993237656950423,5.176592760768498,5.0455861114111515,5.095687938827651,5.202146402885537,5.228012970688977,5.240926415688712,5.962237458086687,-1
277,5.13641701401806,4.995260444680357,5.181421066352081,5.040065112123244,5.100843966036374,5.199576315276261,5.230010506451934,5.250165447124937,5.959812817942374,-1
278,5.124476035749048,5.006096630068962,5.189551181530578,5.0385545974425705,5.114182143138413,5.191345102011934,5.225742670271329,5.263079366779474,5.975452987164798,-1
279,5.119118705215868,5.010331208241289,5.190198619006578,5.0351432465213755,5.129478124285016,5.174572633575098,5.224963407657057,5.2654784845267155,5.964398406051339,-1
280,5.114394216254589,5.013937297228788,5.186590704099067,5.0379486453980835,5.139991602351131,5.1607022301231344,5.221859747981819,5.261363476273228,5.971061134562423,-1
281,5.103217205731801,5.021116977342075,5.185001493031528,5.0435983026562425,5.139944262350515,5.136319664314625,5.212426040131745,5.25080421368187,5.971471270743165,-1
282,5.097721524598468,5.024802367386674,5.1849095796174165,5.041498198797217,5.129529347899507,5.125848422606895,5.200079096182274,5.229458142239528,5.964760935450794,-1
283,5.095331923964063,5.027565884674322,5.210273105542128,5.02749285380705,5.112235710858116,5.108328464305793,5.19000650432678,5.210414370791464,5.967712855541942,-1
284,5.105823366478084,5.038853706462485,5.224738059912847,5.013510944336051,5.0922186497456305,5.095464396675603,5.179778295134684,5.191924895913899,5.965279442494768,-1
285,5.118616820575931,5.048241021056193,5.230350661612163,4.998724396385764,5.080741944156067,5.079546358351966,5.170893177252066,5.1765165210776996,5.962970633731013,-1
286,5.142409088661428,5.048958252695373,5.218964954222459,4.983638916107833,5.061226680478102,5.067981088129882,5.165488330118139,5.164922509955012,5.964553371959663,-1
287,5.170674952469872,5.051937635490186,5.217185351960647,4.963130000634021,5.047792006558652,5.064332840836248,5.159796587818882,5.161749012364654,5.9660983282972815,-1
288,5.194904628024153,5.063584080034263,5.2188455132174365,4.946658773444388,5.027220459825816,5.054691527972326,5.15572724057561,5.166795240854126,5.966140760971095,-1
289,5.221367433309263,5.075963534547018,5.212306777430676,4.9301522690994615,5.016863043003391,5.050437140925682,5.160365960988505,5.1718339167820435,5.972182659808612,-1
290,5.24821582466393,5.09462973721041,5.1963982662627295,4.921627271570442,5.00868908025623,5.032131499813149,5.158134853652247,5.181907234050461,5.9714679039546885,-1
291,5.269511318875781,5.109669420254065,5.1676991774530565,4.92227236843687,4.997505000509451,5.0208817846096006,5.155821812445742,5.19069294453417,5.97915993879017,-1
292,5.277023383410675,5.128640563588305,5.147556462661141,4.929243109185917,4.995474481334355,5.010292077526854,5.154799174604648,5.203108592699779,5.959654375433143,-1
293,5.284319035650493,5.1549042040305455,5.125790495290887,4.930405025196471,4.992495560585628,4.995064348275957,5.151505805107353,5.211712557911125,5.9800417581384115,-1
294,5.282094722491209,5.1730704011729625,5.117030478681353,4.93715934505602,4.992459992570019,4.977388254399615,5.149062988158345,5.224194972699579,5.968545628093651,-1
295,5.267250306144877,5.185951125236216,5.102000229811685,4.951398626128044,4.981340871622425,4.9591737676727625,5.138698888507507,5.240248048602987,5.977813811894352,-1
296,5.2573890335786935,5.195529970077566,5.099480863830269,4.971774773478635,4.979053549573091,4.95397773119873,5.127104415807319,5.247147914663734,5.978086691064209,-1
297,5.244073519788158,5.2053327924598785,5.095407347469625,4.9881914890478605,4.983708677377703,4.948599812804906,5.107257514914333,5.257145460384895,5.976525076677493,-1
298,5.225981547827515,5.200971148897228,5.09782847964849,4.997772805062743,4.989829320544217,4.946162238263194,5.093167962149457,5.2613633584686035,5.96972826738009,-1
299,5.215641464193487,5.192537300591484,5.097653013269734,5.006273258738704,4.990453300367684,4.949124391959351,5.085862023647654,5.261251989095429,5.967138101787618,-1
300,5.214068860402253,5.169853552927109,5.099121493566269,5.008842817618229,4.982784633073808,4.9579486556439445,5.082042886454481,5.253302783421102,5.973937952905691,-1
301,5.19894719910062,5.146881724235968,5.102979713132888,5.016016043276602,4.978922429858708,4.967515702524116,5.082816532561573,5.240103749995214,5.976862782610077,-1
302,5.183388025879364,5.134889125351277,5.106377080041578,5.018238379350536,4.98045399772447,4.983291175640066,5.089755116667847,5.2177516474204015,5.974739711861864,-1
303,5.16777025645521,5.128064692938829,5.111279361067901,5.017259345731898,4.98495276636726,4.9968892209130615,5.08752044094625,5.186407655842376,5.976212558393035,-1
304,5.148535526422483,5.115752591944978,5.1034604908773336,5.016357175203806,4.995257207389623,5.0025662313510635,5.08649616303766,5.15280404718006,5.972052470263376,-1
305,5.138115194648246,5.092637756474208,5.095744651472419,5.013093488299483,4.99711314968306,5.008369819052444,5.0861965189275455,5.117544964958635,5.977035938157136,-1
306,5.130630665235813,5.089306083116038,5.088871482410346,5.019407540842312,4.999411899463563,5.016469622199133,5.087544702444559,5.085423303485255,5.982073229504635,-1
307,5.117767668594703,5.082775092346741,5.080846671202783,5.014426709653375,5.011833675602078,5.017010525395516,5.088435100045087,5.06047827928656,5.987354548489001,-1
308,5.107599959283396,5.100117341919681,5.070829017389619,5.014149857584631,5.025770496012496,5.015276703602073,5.08773420860695,5.039080776792178,5.969317209811212,-1
309,5.110601950676062,5.101449525457776,5.0630222313659825,5.017409509204811,5.043258316350664,5.021682038909783,5.084680410752782,5.0175865374385396,5.976912231070215,-1
310,5.113508190514544,5.10188507110177,5.063982120274665,5.025752437133857,5.052011630871477,5.024344616481461,5.068502031737708,4.995641932403678,5.985011643921676,-1
311,5.1145582544142965,5.09940210662725,5.067519855256601,5.037864353761672,5.065784351366784,5.030554244115419,5.06833710750537,4.976064673104307,5.9803980702782535,-1
312,5.113840750726515,5.104893877390684,5.075058711879049,5.041155759815736,5.073453366348819,5.050971803178606,5.071239613225957,4.967833854406452,5.979108966501295,-1
313,5.108178202258673,5.108487672988889,5.076207062977587,5.056928393010705,5.077267163903717,5.06788693459321,5.078575635763968,4.964472954859962,5.971829891468072,-1
314,5.10550702116714,5.09837416546242,5.078266653433463,5.068056381554086,5.0861593313613565,5.083326340483993,5.085443553079341,4.960761371916281,5.974803313255134,-1
315,5.098528929013046,5.098580117893903,5.097587235034858,5.08794030288803,5.096405182306387,5.104387614580697,5.085347143112182,4.944492946654472,5.972840805532685,-1
316,5.091711277270345,5.085912448326142,5.109522651097064,5.111831065227857,5.100868519682887,5.120354487318722,5.08226024681402,4.932078910533525,5.9864372506838315,-1
317,5.0880660610964865,5.086350190938619,5.1279964616466005,5.136627373211132,5.100362914243842,5.132820397106401,5.080379539910704,4.928771206344961,5.986935189263157,-1
318,5.092551316228106,5.091886785077361,5.138138742100173,5.153235360849694,5.097074530468695,5.145412585008083,5.083675337918529,4.935275224478192,5.980789457196193,-1
319,5.0986104695181895,5.101119604544964,5.142795099951957,5.165516260470476,5.085928751991602,5.154454549465714,5.082608558370904,4.9382152584624555,5.980516984216281,-1
320,5.09738140477597,5.103157465710018,5.157089063617311,5.175929992110631,5.084993961917813,5.146217439550419,5.080202704133858,4.931375448564748,5.987217548693194,-1
321,5.104558280815697,5.10909275069485,5.1700938534841105,5.16692688663489,5.090168035185052,5.142587925255865,5.0876162826182245,4.922019684341952,5.983440091397166,-1
322,5.106300397168322,5.1240296365786815,5.18592200492942,5.1592818966047735,5.092759080711481,5.142999828566939,5.091502138070874,4.907966465643028,5.983993446504219,-1
323,5.116744553581969,5.140575914181399,5.182024725963134,5.152290897176806,5.098575630051353,5.137671379068661,5.100872302456613,4.905512804227239,5.987450593235736,-1
324,5.132435205177867,5.15954320540164,5.197723597027305,5.13846749807512,5.109286896586529,5.130383784059675,5.116101056624246,4.905919895417234,5.98426998386384,-1
325,5.143715572076714,5.184777486313639,5.205889669635834,5.115067298259694,5.122850788622014,5.128277260335967,5.136958747772829,4.901501030672226,5.988233173484299,-1
326,5.151266708652413,5.202246218668455,5.218835430982991,5.100861162257455,5.1405760163321945,5.126869333060004,5.163832778042784,4.899156038728449,5.987294340071875,-1
327,5.157831502332767,5.208921695107046,5.2364783523665634,5.08822131322729,5.168907462606332,5.128485006705385,5.19225271117802,4.900374476436567,5.977738086638233,-1
328,5.180137361972154,5.211906562953182,5.253284977052459,5.072521121162353,5.1826385581957,5.130501898775523,5.21030223525782,4.911030913430983,5.995168025049852,-1
329,5.198821271292,5.214085415686967,5.2729775242381,5.071439956823496,5.195549775566284,5.134606785734986,5.217477068931162,4.921502186371937,5.985558025308182,-1
330,5.228035808082591,5.2099678713579,5.2841674325634616,5.071008357274066,5.1972536930627,5.136509760747138,5.223593423163134,4.932999353602138,5.982878062627107,-1
331,5.253009923661815,5.206621214181103,5.31185557673003,5.07447406979774,5.194908078245575,5.128195089132934,5.217102646796152,4.9387695647348595,5.990453024775846,-1
332,5.27010545640596,5.199539878850935,5.315464570277919,5.079758322148439,5.192273978613663,5.118961381173754,5.205200793164768,4.944325714700657,5.995907715347316,-1
333,5.2901264894991105,5.179358385626739,5.316628747859143,5.090559416784263,5.181445220259752,5.100271574005158,5.192781263794703,4.956438530073421,5.9896889140522305,-1
334,5.299362313281486,5.168587017232475,5.318919888085756,5.094903142450459,5.167675374686142,5.072301477067742,5.173140307888505,4.960673710633787,5.975615646204789,-1
335,5.308634650400068,5.169789489431019,5.320045752683045,5.109584332362435,5.145627106991824,5.044092254513372,5.15114236709807,4.965317222798912,5.991613005994564,-1
336,5.3096062604640695,5.187183675467203,5.316564135597559,5.128757049335999,5.134886633228922,5.010024952923655,5.127384303845727,4.964656410050897,5.999113663964416,-1
337,5.317529761437868,5.203740208689756,5.317666860339515,5.14673961243359,5.120818907770286,4.974273546236359,5.105224983749496,4.965910267081914,5.990147176687418,-1
338,5.317175037627806,5.2150277739846596,5.325388489367338,5.1570958889784295,5.118840085498358,4.933585921541968,5.0869049140976985,4.974213454858206,5.987018306489681,-1
339,5.309404526885789,5.2264150265417,5.320718882619725,5.155029465914142,5.1098664865765935,4.897031152436494,5.071693665928339,4.989162874262661,5.990520861580817,-1
340,5.299783623267338,5.243159939054911,5.329846763506121,5.157051891787916,5.099509083283715,4.866501189879478,5.05290573160868,5.009671827588412,5.999868153098964,-1
341,5.294705730703032,5.26657409595401,5.335920914746822,5.1536499226192625,5.100327254522914,4.833501432061512,5.025547095585614,5.026329539397007,5.997089490349443,-1
342,5.293052442646463,5.280144572274294,5.34554972994928,5.146341000524063,5.10039292635696,4.804141211449299,4.993142793621678,5.048134464993276,5.982662580374449,-1
343,5.296748621121283,5.2893169447608805,5.354843478517491,5.131763572290499,5.100068456684922,4.7651996169727004,4.958348817502303,5.072596971479609,5.997756917680949,-1
344,5.296604737330518,5.289555643627607,5.3546311895978524,5.117685290715096,5.094757341586976,4.7403396028440286,4.9238906928698185,5.0913665034546725,5.990901721341481,-1
345,5.2809028774172875,5.28956537621622,5.36250423653834,5.097656130363922,5.093825195533819,4.7128221102491334,4.894073990400879,5.1100046786521505,5.993884261095714,-1
346,5.26512713991,5.297820552256537,5.368521333412498,5.081017078864584,5.089786522591787,4.694339845262255,4.8665071086865845,5.130531590954022,5.998069012888429,-1
347,5.256038431930631,5.30481017139919,5.368911465742487,5.070533282731598,5.09459263444078,4.685047347139658,4.8514841435996825,5.148489830582877,5.9890462502387765,-1
348,5.238784912003907,5.3025504620610775,5.364824999453879,5.0585445058361005,5.10573608570222,4.673463316286977,4.843297547917945,5.152343992608214,5.9929945033980765,-1
349,5.215083352252359,5.298344361739143,5.368143833075123,5.0492766373001565,5.108576890727958,4.676145185749133,4.847724813541888,5.157314018073667,5.993796724302316,-1
350,5.205304322290338,5.29404630635702,5.363800199480986,5.041055821833701,5.105247325302907,4.678572736850612,4.858557768858903,5.159421782314706,6.001674380436756,-1
351,5.192559921031771,5.281809565619056,5.355056760215375,5.029724693378937,5.108237507462953,4.687173891005613,4.877910374456766,5.1532843806558395,5.990914536641461,-1
352,5.194325438537752,5.263170520613362,5.349997677575258,5.012506428295295,5.112242591505329,4.697130924411602,4.913370520764162,5.1542775747308065,5.999583315582495,-1
353,5.201579678408519,5.25498318215844,5.340993736290175,4.994483891310689,5.114721808689813,4.706544473971133,4.94652810361739,5.156522372035342,5.991328248540424,-1
354,5.2087216307416515,5.243590773662353,5.3414798206002585,4.976696110287291,5.113936126519765,4.715530076724755,4.971367178580962,5.160057760517011,6.002368739294837,-1
355,5.222954442605725,5.2311292738786905,5.348548706777714,4.966275985120788,5.105650519616799,4.721499968501461,4.990897689755196,5.15586024245402,5.9968446198333565,-1
356,5.236843872536342,5.225223009503206,5.351172170400952,4.957248279723167,5.101640042678505,4.73257724611596,5.00137000423933,5.150043646529609,5.996569805621805,-1
357,5.25936565601216,5.209292929372403,5.348550665790702,4.9518620951318235,5.099540239163192,4.736117098078567,5.0133667235339825,5.138956395404595,6.006310454926571,-1
358,5.2853693375929,5.191147136457135,5.3462472984239895,4.954277121611554,5.104090136709582,4.741279444476097,5.018374527802613,5.14187530879971,5.997313365610872,-1
359,5.313063347493271,5.173772755720577,5.344963612912478,4.968892136995996,5.106926732795669,4.746061287095683,5.01789791926048,5.144875619895106,5.9954405079810655,-1
360,5.326388078959592,5.157863926924553,5.334267066268739,4.989241254792137,5.108332795081926,4.7524426836605675,5.015266472136227,5.148671785896032,6.000237869796786,-1
361,5.333490137978104,5.130164109863968,5.3200090588506,5.015441363973678,5.11412005596966,4.759668996268562,5.020333268583501,5.149536390334773,5.992342527020652,-1
362,5.330341839812523,5.115266107111111,5.3027451626766755,5.036593310152886,5.12726599715449,4.754675240851616,5.034001149393265,5.149160373968599,5.998018638818091,-1
363,5.319073237441721,5.094812348946368,5.289841413381682,5.056391456280726,5.14344550749359,4.754199356739321,5.050754911800905,5.152390678441764,5.99809050683752,-1
364,5.314306711714227,5.0677232222088335,5.2835279238187205,5.070889096958537,5.157037477520832,4.762136540953273,5.079309900680784,5.155556156373371,5.992828752107752,-1
365,5.308637705371926,5.047974244775602,5.281069131863023,5.084578755359205,5.171048449024681,4.772436580048615,5.101997003565732,5.162122747539668,6.005073215813757,-1
366,5.290583038502248,5.036373498677819,5.27843826745013,5.097827742928052,5.183593497321111,4.781497629713515,5.128947640306709,5.151891093214344,6.001818101462213,-1
367,5.2769826527145876,5.022612393433397,5.274403406803873,5.106043933726494,5.193125231592287,4.79396257392122,5.155308087493205,5.154807020487055,6.005305619042203,-1
368,5.264994603535145,5.017320165035377,5.283395360229888,5.11920032704062,5.2003681203621035,4.794963116703634,5.170236375960948,5.152807402667346,6.003268168800586,-1
369,5.260766856350929,5.010392992733813,5.286180357291524,5.139272690691106,5.1997874817745435,4.8024193741701255,5.179517900093375,5.155841806860882,6.01086982224085,-1
370,5.267731903812087,5.003692286534848,5.282475738769019,5.174326890177189,5.185700794771301,4.818244758910614,5.171639662888217,5.1592047399422665,5.995326335829381,-1
371,5.273217842531354,4.990980249533608,5.271589737186235,5.199941993511338,5.167037431667875,4.839617950134105,5.159988826111831,5.1653641470568505,5.996833927591341,-1
372,5.276697081641407,4.976907809196893,5.256062174126976,5.2239950906385575,5.137317160028422,4.84825122399945,5.141371168986017,5.1838291947978306,5.997276088957133,-1
373,5.269943727259531,4.9677209825205875,5.2440651612034,5.24283744954753,5.101147042886955,4.848981272878656,5.1281443136624905,5.1918052961347,6.00337803066441,-1
374,5.275126263914439,4.949467719487917,5.230545106824939,5.2548507572440695,5.067439722755685,4.857333065155743,5.110766669059509,5.201816034290223,6.0036764067498405,-1
375,5.272429064407931,4.937370113830951,5.212016688857837,5.259804187897352,5.037750693386241,4.86564791707669,5.104707128205789,5.204577581473686,6.0017125932623685,-1
376,5.267550353451262,4.915038161649807,5.192086465782833,5.263495308839575,5.007983117223041,4.87722168939571,5.103174341497973,5.213115555317313,6.003624124838962,-1
377,5.255161730031302,4.8986847139565945,5.177528796620223,5.253171120978167,4.985043046586754,4.881913087992059,5.095764793136689,5.209354033843726,6.013091359295802,-1
378,5.24794114561234,4.879336281693471,5.168301946299225,5.239277809660486,4.966957841439601,4.886490629458668,5.100074574803512,5.198461122105792,6.0046904781145445,-1
379,5.242155050587582,4.8662118468534965,5.16600845705576,5.228798996420301,4.950478486400434,4.884172300049683,5.102301415906188,5.179061765058958,6.007956556342086,-1
380,5.239943821011276,4.851574111202088,5.166295287085113,5.220731497202885,4.94351853116246,4.884895120414956,5.097252743447698,5.139803225732397,6.0020206118364126,-1
381,5.241285323926292,4.84555049056088,5.163668098682271,5.2167873231797195,4.947838447657573,4.899523145384839,5.097480245733948,5.115871093058897,6.003112573547723,-1
382,5.237469372700942,4.845284288371323,5.158093876532512,5.228316914456826,4.9501605539131255,4.908751172142614,5.104851519565554,5.1004958455799105,6.002379924675218,-1
383,5.236600846588279,4.8495491282666086,5.16316443776973,5.249738969338818,4.943695824906438,4.908951269057049,5.105460159885883,5.089478339655411,6.009527065377726,-1
384,5.245528483544367,4.8606157556811365,5.172995566885931,5.272965719933115,4.937656909248984,4.923828873080821,5.112242978686915,5.072396276588272,6.003001825522912,-1
385,5.258405112271808,4.865899202520466,5.177796260118107,5.30519599839134,4.921707954158332,4.9401067809356025,5.111799205949916,5.06433906499947,6.00226145546882,-1
386,5.263927478682339,4.863294691499419,5.179455127342447,5.32752308509894,4.908667382692888,4.954626264587132,5.119858956301562,5.048430311438706,6.012043899690285,-1
387,5.268555720898798,4.8617375387181845,5.171174243515701,5.351714428008141,4.9056780655312,4.964188419379949,5.118082665708561,5.0371679005966605,6.01332372037814,-1
388,5.272100367477753,4.868153042150365,5.169131183910161,5.368827510725903,4.908734619228057,4.978661214755966,5.117992796260633,5.043478489322509,6.010072264978764,-1
389,5.276832958215461,4.862002865385163,5.1658072677465,5.383698687354227,4.9079320757979845,4.990346075052529,5.093523880887671,5.046757607629935,6.008693075042486,-1
390,5.279942055848686,4.859159964612292,5.166561261129109,5.381911291033602,4.905088453725351,5.006756493378465,5.067982830367939,5.0425243177536485,6.004731691056809,-1
391,5.277574020542024,4.857409252652102,5.1665046191623825,5.374447871368117,4.909230957145399,5.030329784463972,5.042206660602018,5.04145894393846,6.005350734840323,-1
392,5.265505655527641,4.853000237946775,5.1591403669763976,5.3676254742616685,4.919317657975225,5.04110551654202,5.009101556753106,5.04159650498271,6.008294101741682,-1
393,5.248982444231782,4.859531770919145,5.163418035140257,5.35374086070374,4.941451083777165,5.053415872650555,4.9937458650250806,5.038476871030137,5.996058440114928,-1
394,5.23243817000854,4.86988456942427,5.168028793944645,5.346379551327269,4.965467761771448,5.069819361831305,4.960486883016154,5.049220539324615,6.010192412596581,-1
395,5.2212098022075395,4.880857706023596,5.17588410368004,5.34297883127884,4.982362657981235,5.0926778852241235,4.939363413405492,5.064299251502157,6.01117401166995,-1
396,5.21612020585096,4.88253124863625,5.18079447066962,5.347259863754566,4.9912522622434885,5.106211458040133,4.92347783256134,5.076499237998072,6.0126855314047996,-1
397,5.212877803355626,4.885533140410268,5.191584918624302,5.355863004934818,5.0031169118723575,5.119523730932035,4.918139473097571,5.086740884382218,6.013509986083779,-1
398,5.2140647463473595,4.892096789789232,5.194911107395735,5.358458287555381,5.025606105048771,5.133352296443131,4.914644327910109,5.088587922866566,6.020063355599411,-1
399,5.218425567755867,4.89256146583554,5.1953054143957855,5.361775102407177,5.047790601492512,5.147625195142388,4.901750345131879,5.084902566706996,6.004746110199388,-1
400,5.222060077697867,4.884895265350421,5.200694821162004,5.361680132687236,5.065913632401035,5.159030644578537,4.886976655222047,5.087074037500999,6.0090655617396775,-1
401,5.242092015890982,4.872533630643589,5.205781552070209,5.364251264427853,5.0800530947975755,5.174542547590851,4.861285718238591,5.094001046961227,6.004005536558719,-1
402,5.262642088445246,4.8547536077023326,5.200688704799936,5.354808870780325,5.092114990242761,5.185645180971166,4.851460702996031,5.091260453646835,6.0035639413803805,-1
403,5.275614297146904,4.840482467415748,5.193382763386537,5.332135753238993,5.104779099876564,5.193712043448682,4.839905893753646,5.094228392554719,6.005112688606082,-1
404,5.294065881884612,4.836097544771056,5.1740924429927455,5.306954794397044,5.114445614249295,5.204863828361737,4.8363441008774215,5.091475574203463,6.004396953103353,-1
405,5.306237356623607,4.832071305365085,5.150060653009795,5.276295574571412,5.127694127100717,5.208240375141213,4.829844871475158,5.095829353882439,6.016449910325143,-1
406,5.305646675372622,4.815752884097566,5.123624776239794,5.266659402470798,5.139521017997885,5.208439053335304,4.823300324489586,5.108130214265755,6.015214176760246,-1
407,5.305725242741282,4.808663957180813,5.111058857652569,5.252902755386034,5.150868979554369,5.2044355023123705,4.826363402355534,5.12122199393133,6.007493124551842,-1
408,5.315624932009106,4.817158105264274,5.090166484640779,5.240498317159891,5.159922977676011,5.191539929374379,4.8358722048822065,5.1341051048747595,6.019353877835444,-1
409,5.319645209240028,4.826912408553992,5.068071917850476,5.228449772641328,5.164460351061857,5.1689849824370055,4.847662365963949,5.145667325075976,6.005339223446627,-1
410,5.3137775979638375,4.841659030825377,5.048981201011495,5.223066919449349,5.16179579676339,5.150951874760771,4.859657147206541,5.158545412734424,6.003222759763347,-1
411,5.314386450886751,4.858140668064379,5.0407357360224205,5.220860192786306,5.162996831808634,5.141011022153739,4.87420121124665,5.167462359732128,6.014965799368552,-1
412,5.304142134081308,4.868529017088785,5.039572772668411,5.227388664904477,5.167946384473837,5.1317793324059755,4.887822946217174,5.179664640473376,6.003262455649563,-1
413,5.291980590702888,4.885133380027192,5.040697666359939,5.226664792012115,5.159726567001584,5.129105529686416,4.913439991483396,5.188173741298287,6.001003080936185,-1
414,5.27538523868399,4.910663074104741,5.047936837509614,5.210243874987701,5.151847223044031,5.1317242919563215,4.944394518637724,5.197250111580749,6.0138390990744846,-1
415,5.264914432908246,4.920456648493506,5.049545113150157,5.196529682316758,5.145584101087484,5.144302390124522,4.975264501040759,5.198708945936326,6.005590014398271,-1
416,5.2487927027426124,4.924083644723965,5.063965030535212,5.187234075685265,5.143221328524283,5.162530440298523,5.011801587638786,5.202720328873658,6.018789720472737,-1
417,5.231553380790248,4.935873409211544,5.0744771996559095,5.1744229812006175,5.14494201002418,5.185119125127984,5.048458600820713,5.205709230397988,6.008284364277864,-1
418,5.220450939575219,4.9559669060586975,5.086692985600024,5.164918057419014,5.155202318736702,5.2120239235662,5.08238031896916,5.21286796925518,6.019787544669071,-1
419,5.206569750873383,4.964213128189929,5.090034192200125,5.163456815452136,5.1617805571992905,5.236307761022583,5.109280245328781,5.2043019111498,6.007455566369076,-1
420,5.186565721544004,4.9833077921873805,5.090914410255136,5.164745138198709,5.163218409046243,5.254756961240087,5.129725349390371,5.197193674541868,6.016114924501859,-1
421,5.176963628592647,4.992688289512322,5.096383685045169,5.18158101608508,5.16964092922211,5.261326783977817,5.143198042978472,5.190025052672405,6.01533559368632,-1
422,5.181730793613505,5.000818585985182,5.100128034173632,5.199714705882558,5.168426250723916,5.263659138801305,5.140287879935804,5.191779957800315,6.010643442822125,-1
423,5.180993104753114,5.011212591275922,5.102894265098203,5.214578803869231,5.165282337473262,5.26277970329439,5.139412134775398,5.197484303007294,6.015312096695237,-1
424,5.185893113663218,5.020070872408034,5.0969888006654545,5.218370897362771,5.163171133034924,5.261872064282491,5.128525863645727,5.194641354173342,6.011318993061019,-1
425,5.183530152626756,5.020310358535723,5.095372171131224,5.225408842226442,5.1586286350662665,5.262311527467244,5.1191417926336475,5.194290939062009,6.015695172183003,-1
426,5.1883430011984375,5.015242845762382,5.098764068801107,5.235163142492093,5.149185536220085,5.253069249778652,5.098113365097592,5.196964841965686,6.016952528841913,-1
427,5.199316664250783,5.016783514405752,5.104479974490922,5.235856310152009,5.139839453354208,5.2391493093451444,5.086486017465085,5.207513291646126,6.007480597491727,-1
428,5.212387142506641,5.018688734621865,5.115645611548993,5.228079429478367,5.133864301691988,5.223677676278666,5.082931380955212,5.2235449665724145,6.014415072287743,-1
429,5.2279945528772815,5.0233762385371765,5.121328557981871,5.218700783769823,5.131448072552708,5.211280573406019,5.070270114829835,5.244109672063543,6.01864086744494,-1
430,5.247803077308023,5.026241356354695,5.138086680995531,5.205610587905796,5.133818170522528,5.192638595048039,5.065963379626497,5.252412162890859,6.010958926806414,-1
431,5.267302239708286,5.032796674215511,5.148771927249436,5.199441848900699,5.142702313746706,5.166203913825644,5.05143899597871,5.261102355181363,6.021866862439249,-1
432,5.276882612533689,5.031234162914446,5.154841866062518,5.1942725583862694,5.148252554649652,5.147513198934495,5.037052112527359,5.275266809215727,6.016995401931772,-1
433,5.287403326696173,5.02581970208783,5.160028266467814,5.193521021914826,5.161818670830536,5.130034621186397,5.011822411942065,5.289269858786941,6.012171109293422,-1
434,5.295765350667512,5.015243339503854,5.164715609872154,5.185711388404592,5.172784619841633,5.115298660641752,4.988541214474836,5.307374019989864,6.021546817287191,-1
435,5.302051761694997,5.006721033529827,5.169493829286009,5.186949161800095,5.185888439183789,5.099462687836091,4.956792299910671,5.32797542756838,6.016445665322592,-1
436,5.302225862931511,4.988642755029644,5.17659069973335,5.180981876765294,5.19019884844356,5.084364465230735,4.925141823739267,5.333864082997887,6.007833070744432,-1
437,5.299409405284093,4.9705239579977185,5.190569978004178,5.162898993449997,5.195195929859111,5.080872874429829,4.899234261343005,5.33930318456362,6.016217304609805,-1
438,5.286024283520242,4.957756425271259,5.198249805515434,5.161805127237655,5.195083863665764,5.07763327576726,4.87474320401599,5.34303371294779,6.021357827626837,-1
439,5.269057456239089,4.956421970308666,5.193790773555711,5.153510344899843,5.183473022427819,5.07791051098336,4.848332576298399,5.352932585139085,6.015195132259816,-1
440,5.2496071586305195,4.961451232025581,5.203472412763504,5.147559515295366,5.1755145288988915,5.070311767584918,4.82891176902808,5.3612250813012565,6.015661402918857,-1
441,5.236676732043932,4.968703333818323,5.209284545914928,5.138707043119612,5.163605077243587,5.054381138598192,4.815996301155428,5.35860088654799,6.016036722008216,-1
442,5.2235694980925915,4.981970326491203,5.214160039632104,5.138922765997351,5.155079932967426,5.038210685178778,4.81842748461873,5.354761905810252,6.016634540166547,-1
443,5.205659182512096,4.988774069568302,5.224705145400037,5.135562215346006,5.140112394622966,5.026525421522193,4.836510197759159,5.355139490906065,6.022006796390599,-1
444,5.187826991671409,4.992465541746225,5.230472440629682,5.141965029689171,5.128164184876037,5.0278663013376645,4.854605613609052,5.3633795176855035,6.0215035451129495,-1
445,5.161697944455989,4.995086242568677,5.230304626271215,5.159086816527783,5.11287340881638,5.024189724726405,4.87576251075082,5.359436364372923,6.011302517168901,-1
446,5.130997496018603,4.984476235750011,5.228785603483433,5.167774646535707,5.100842678027725,5.034679555244464,4.903341804579576,5.350103701257115,6.017648670457482,-1
447,5.113000857515696,4.953961575505294,5.245676130345306,5.171839003127648,5.09734017578659,5.05571739306188,4.9284864585680435,5.3322710969637015,6.016813786818711,-1
448,5.09417471011495,4.929513957551654,5.2630837065056895,5.165907054178937,5.100235732478243,5.077953030483943,4.947256756968043,5.316990020650371,6.024719264133094,-1
449,5.069873149728472,4.9064600187078655,5.280532173245541,5.1648672559813145,5.105013939181934,5.107559449270561,4.962669220959263,5.3070415189047155,6.027114313834103,-1
450,5.043421552559305,4.890459764748462,5.29518573191606,5.156749895534229,5.11400567797914,5.136776107869498,4.9722010474154,5.297033690874114,6.016548204382,-1
451,5.019125460647446,4.8839369412742935,5.30004695889952,5.148934568981944,5.119620588892416,5.162875878934472,4.9764155514039885,5.2848582878405095,6.021691254536164,-1
452,5.0064653124796585,4.880838093177002,5.30901400790814,5.137750766143909,5.132627733443357,5.18469048133031,4.976250496739636,5.270738946192952,6.018907085527058,-1
453,4.997680480668026,4.879363365207583,5.311855273382675,5.122219789921512,5.140474393198013,5.20786361738552,4.9752390499326635,5.256864276082739,6.015724023993986,-1
454,5.000302241366329,4.887101702958468,5.312005650094238,5.110268128587052,5.148093884704094,5.213936330534587,4.970088822331204,5.254492754876513,6.022382596463747,-1
455,4.992126816907284,4.914232343345649,5.306062809442205,5.104384236267728,5.157997368084928,5.205393724610183,4.97754643375155,5.250314927941085,6.026268899719495,-1
456,4.993263032403981,4.943349071151474,5.294551177401152,5.102680842778626,5.166546656509325,5.20369599214848,4.9867224492056055,5.241226382198776,6.022093609689815,-1
457,4.999581320146392,4.9708325239764495,5.2826863107916875,5.101291991561247,5.171939814636728,5.201524480472251,4.9960920836899465,5.241254303770883,6.029540216561082,-1
458,5.005055780326755,4.993761663438027,5.2768292418756175,5.096679890383314,5.179156694328006,5.198049482909621,4.998884122526621,5.237546254900757,6.022404531242206,-1
459,5.014125048737845,5.012208529610923,5.273932412340179,5.093614266852936,5.18787430592941,5.187967750708847,4.994653865682771,5.240660269923491,6.019694082795847,-1
460,5.024406713622313,5.031187041323567,5.27096236674622,5.091551552513738,5.195610665442288,5.172626116206432,4.994206275406164,5.242538503205373,6.0244571489941325,-1
461,5.037097230641239,5.03863678100716,5.277105878840863,5.095476969484867,5.204768478863144,5.159742250004614,4.993476810183311,5.251980004936563,6.021000751697055,-1
462,5.039730052127446,5.04301977094836,5.28510125037991,5.092785642529419,5.206072557054403,5.145724898004852,4.98857046808525,5.25459178375367,6.02527155211381,-1
463,5.046648744647458,5.041893673290739,5.290519285309912,5.10132620902152,5.200515884253587,5.132984047291877,4.985000712785924,5.265549919263873,6.021742064557975,-1
464,5.0583408559412755,5.044991818637831,5.294108175680624,5.117510262837952,5.198533185030746,5.117567868152238,4.975740414424136,5.279475907362033,6.026427536843054,-1
465,5.061632197480241,5.047531708640506,5.298231599098675,5.133097840868428,5.199483765411878,5.094425413746125,4.975127122548601,5.284641846173355,6.020032832815983,-1
466,5.070470225269864,5.048653043010029,5.291766012824314,5.150483325370489,5.1989811572323354,5.082624499735621,4.985599028746274,5.282385837955196,6.02447727119303,-1
467,5.071245316672506,5.045561926408624,5.287277888995272,5.166217371050118,5.208986443383525,5.075153118249706,5.000663700972217,5.266246445082413,6.020274644539255,-1
468,5.084541719114538,5.042168591088709,5.27056338347445,5.185996055360319,5.218114025323317,5.064978394856586,5.0081987265560635,5.251449040770189,6.021198937404669,-1
469,5.096083336703786,5.0449889250504345,5.253011008022868,5.200849712191544,5.225726411381137,5.050228610414656,5.019684702253824,5.23250820302514,6.03140266727767,-1
470,5.105871941493559,5.047955144551908,5.24213965350528,5.21423772614351,5.240268664554785,5.045498761463302,5.036186176836644,5.2100788930060675,6.024968222363463,-1
471,5.119851472222855,5.047649187087795,5.235528871294838,5.213562840802409,5.249866352967258,5.048715730352242,5.057836829470013,5.185685073789181,6.0304983193198884,-1
472,5.115816531904083,5.0431046020014785,5.230535356019141,5.197356505344089,5.244257709467364,5.052559382947102,5.089611010655866,5.153586473117341,6.015921598164608,-1
473,5.119664960717276,5.042145686836055,5.231702786026938,5.17798507621561,5.238381975906794,5.066928966859531,5.1247488931891425,5.125972583930826,6.017630256513641,-1
474,5.120107037034378,5.030047779095371,5.23147271976598,5.150331714603077,5.236727966906939,5.06863493039209,5.154514862835961,5.111191815927044,6.032084882986859,-1
475,5.119922121190855,5.015264496010394,5.2310431584983395,5.117983480512552,5.224999383606105,5.079066468208321,5.183143420894313,5.092740669205604,6.031569791669511,-1
476,5.1050172920855665,5.00304388887043,5.2303056305878295,5.079704730492336,5.203980085663508,5.088317194841213,5.215025151694901,5.07061853572679,6.02055410759874,-1
477,5.092053756440018,5.010383616232697,5.220242451067352,5.042498232329116,5.182625471614347,5.1042092274088615,5.246140555795659,5.052603826343021,6.026540480935963,-1
478,5.079747634110145,5.01568084561444,5.1962287373599025,5.015233128958996,5.1574132468058655,5.112433774505926,5.273948885577155,5.047654530569606,6.024939169041198,-1
479,5.053102396117162,5.022376230333179,5.177847685273278,4.995912965031737,5.148428145972304,5.117936851442364,5.297138406840545,5.041171072834463,6.031608916329906,-1
480,5.036618098238429,5.0261293152448685,5.1557949087900425,4.985669867835255,5.148596997196713,5.120431450912618,5.315344095290615,5.039373047094664,6.027847804587538,-1
481,5.011701908129748,5.030474438053714,5.130558053344579,4.968965660559901,5.140834668715703,5.117565997025352,5.322167477731668,5.035006485510701,6.026695896643295,-1
482,4.983702574316566,5.048446024400896,5.112506312099814,4.96753940676521,5.126103103593581,5.117877316777742,5.3278386366574,5.026479965033325,6.030380583167611,-1
483,4.959050590300422,5.071307974505259,5.091625901900027,4.970642057864046,5.11882440909742,5.111019968022449,5.33071706261763,5.030614636647264,6.0173563626910385,-1
484,4.9316081016638895,5.094359405881516,5.080323595816689,4.9744708957704,5.118263609034013,5.1158213526828185,5.325440096790318,5.04389244930459,6.016889443908726,-1
485,4.9027368698065965,5.097607091917129,5.068953108132336,4.986183934016701,5.130660322508499,5.108578005456824,5.323914102210889,5.060415662653577,6.030248965700952,-1
486,4.87466520465931,5.104681839670188,5.070678457928954,4.987823706734393,5.141824755783939,5.097541272448604,5.315399010969401,5.071846291757961,6.025256040901025,-1
487,4.8603135260475225,5.104346310585718,5.060942006416506,4.981575566600517,5.146066188934617,5.089116839599634,5.306276871903774,5.081205415861744,6.0224802721484085,-1
488,4.856771438349067,5.096146188566994,5.045217360593051,4.978353753169337,5.144494575969314,5.079552137816771,5.298367093526336,5.095577094839648,6.026515566609297,-1
489,4.862218889975048,5.095152902016606,5.023465185407284,4.981244374834169,5.1507719390628335,5.07336750191023,5.298090987981596,5.113360767332947,6.0299764491113885,-1
490,4.876663747486084,5.079864915565158,4.999690149380785,4.976191141172046,5.158285093478415,5.064855033938346,5.2904832367506085,5.134555762135564,6.035243117632237,-1
491,4.895289191402286,5.071078615775437,4.981938673248728,4.980679703537931,5.157067038546883,5.059355326067481,5.284289406064238,5.160860910959201,6.024121938173334,-1
492,4.916967501725751,5.064232521812698,4.967678603882511,4.984947344150296,5.153151107662267,5.044149215312218,5.28486338134433,5.182086312058124,6.029896353245087,-1
493,4.934950013953625,5.063713821041387,4.957693649333217,4.975564606122944,5.143637322884093,5.036705609438063,5.281447415993612,5.2021306570697,6.028033639464218,-1
494,4.961090465690421,5.061914572622431,4.9427149647977195,4.969377789796143,5.139940631516095,5.039988459674895,5.286975693890302,5.224501722779681,6.018383477464328,-1
495,4.988279743298073,5.061400769261364,4.929182289889445,4.976775002558138,5.138494306081247,5.0426704250555225,5.284869747138444,5.239822002055493,6.029055572637609,-1
496,5.0045102769646395,5.066236361123931,4.922746257268243,4.981519456190142,5.135859934674061,5.038519440583278,5.279696912699761,5.249211140634337,6.031591925874327,-1
497,5.019723025571594,5.062772042192255,4.931359595555732,4.979280253050165,5.125881112111526,5.035237710711201,5.276936067325941,5.255240136873067,6.022605800648906,-1
498,5.0398092062184965,5.066843993090291,4.948590475151261,4.973900176791843,5.115147833284518,5.043450104347908,5.286535777792291,5.252509122274571,6.0335602832192565,-1
499,5.053998413270625,5.0655618096694885,4.962071788840582,4.9644065967301625,5.109901827451095,5.0505930453160355,5.290600698583129,5.241590194598233,6.027164564123195,-1
500,5.069189627601846,5.0617898190912625,4.972352346708072,4.9614440323812365,5.110843013649247,5.057056776106494,5.30562475204698,5.2315104910984225,6.022338718525999,-1
501,5.091388730949676,5.0565998559714815,4.980337786708094,4.974536139978942,5.113145706128255,5.0616821522569975,5.319307545261747,5.209229811482166,6.025849465491324,-1
502,5.108771420776447,5.046723949058388,4.988973748643234,4.994542952426728,5.117986751461176,5.061922384400066,5.338325861523668,5.18992933920975,6.025536866961396,-1
503,5.122289466175163,5.043396740157698,4.99929854454011,5.007916935417326,5.117659156189605,5.055569809015445,5.3608694470372384,5.17277055911997,6.025953644573854,-1
504,5.1413010115097535,5.0352101590241585,5.019362275870047,5.017127077509183,5.118113718052018,5.056409201987821,5.388121509299846,5.162702208750692,6.027491377357003,-1
505,5.165070866515747,5.025828715001522,5.026202101773659,5.036962352638267,5.123001171507986,5.053211586725098,5.409710920745887,5.15115345046112,6.028344075248943,-1
506,5.163001770244904,5.014767839693634,5.025579862627947,5.065702107330791,5.124207783462337,5.040354233162122,5.424749495253987,5.145878722119511,6.029359585538405,-1
507,5.162279782593833,5.002064040029234,5.036859151449661,5.095373397355178,5.122820085449428,5.028268015367024,5.443595125800793,5.144707732038536,6.030910542691824,-1
508,5.165345372962339,4.99464569140713,5.053348817867838,5.112303901511213,5.1289119565011205,5.027580905455245,5.453637970964805,5.144374574568022,6.021565858485336,-1
509,5.159102055117305,4.989859145820916,5.075634504170322,5.125091481383221,5.136892028534301,5.024397701205503,5.461910827630059,5.148397647858124,6.0232878813447295,-1
510,5.153205836518695,4.989044297544484,5.102635676418304,5.131426623675301,5.145025248387629,5.020795143323854,5.4602307795424,5.150434571443633,6.0190082419635305,-1
511,5.14294319494062,4.992524692625885,5.122022209543122,5.139714067941318,5.153155788270367,5.022323137850805,5.458360185698413,5.1583930830687565,6.023578081627914,-1
512,5.131311315120556,5.004917627342085,5.132716226348925,5.166863367453578,5.16780296530745,5.027744145380295,5.4460063620552415,5.155514150250818,6.030085873090822,-1
513,5.117341417982355,5.021875183835542,5.144656046244288,5.194260772693417,5.17551864567479,5.037210894041722,5.432202548003439,5.148117666481884,6.027341045735197,-1
514,5.112267172978249,5.038949927149753,5.170976349116033,5.2186374195636684,5.191368919141958,5.058249216689317,5.413922655407251,5.136791546075615,6.028799105781324,-1
515,5.113374821705377,5.05881250305495,5.188843325160153,5.234797348483532,5.2048966921836985,5.064675316282724,5.4066543458382075,5.128018032693818,6.029585348146283,-1
516,5.1082901321886105,5.069210615239421,5.19807545084064,5.256924917393631,5.216729066354618,5.065642966425601,5.397019053470853,5.119301064755584,6.026383104133883,-1
517,5.10851080870426,5.076796089944157,5.203366738701434,5.280823815693707,5.218140819242312,5.065728573786329,5.394514276085493,5.107271502268189,6.020906542724439,-1
518,5.113015405601822,5.084758199031232,5.201120499781229,5.301923390665473,5.219890926813383,5.068514874573312,5.393254123175073,5.090718424041372,6.025142546411966,-1
519,5.122435695577259,5.080035042005153,5.207198992842014,5.3221719831553145,5.224401563689847,5.077281334765564,5.38774047510711,5.065398743652354,6.027623672768732,-1
520,5.130288159981586,5.067441356759763,5.220615479952207,5.323454128999141,5.230454087533422,5.086175448042147,5.382412439974969,5.050809116348185,6.032220715279939,-1
521,5.137957447560221,5.06150231998719,5.231593594645752,5.315352119716944,5.247105222229409,5.094535718676804,5.376075241259542,5.044270471445881,6.031092071108692,-1
522,5.152030044007283,5.059455193624641,5.237134256692549,5.307529197920575,5.258360401551054,5.088998905124308,5.384457791902543,5.041105585620503,6.027683149729095,-1
523,5.161997917237849,5.052837001251342,5.241569437498784,5.302400485193484,5.276741475170995,5.089389078806522,5.3833808886450365,5.035695885064284,6.026351780155854,-1
524,5.172047509738814,5.0460983107158075,5.244225909420912,5.295155990717582,5.287932202425345,5.076295486580952,5.375829210570044,5.030660856429261,6.039392850797358,-1
525,5.1834839985428856,5.044591233360689,5.247111487643364,5.27970299464975,5.301406617152127,5.0635798204046,5.3598269922145505,5.033204556089422,6.031066743564803,-1
526,5.187569982197093,5.043952762547999,5.25103874713696,5.263301925206126,5.315973315905345,5.05739377052362,5.344286308637663,5.040068909014946,6.0288324904379085,-1
527,5.197831876366624,5.046651968304895,5.250279734833253,5.242403589605976,5.326882039901544,5.030889864394566,5.332065206475128,5.060638488561775,6.024889460678597,-1
528,5.211986834967685,5.056188357872158,5.2429113788286665,5.230254239906236,5.336898596304719,5.008347077678479,5.325411304019307,5.074140080726308,6.037602394004084,-1
529,5.220006322695753,5.065698364581198,5.234781089014186,5.2198727669827605,5.338058351635202,4.978628904470858,5.320667501257506,5.086429860152953,6.022630124408501,-1
530,5.223766919174144,5.071165806288329,5.2139284957739775,5.203359717215642,5.336790253523567,4.951424267868736,5.310269522644729,5.097370773917003,6.027900084402135,-1
531,5.225988733554532,5.073828454544593,5.187710224617307,5.186604070013644,5.332431018926423,4.927978029159489,5.30109849104233,5.105162579004865,6.037580426924999,-1
532,5.2236500185886685,5.078138540492629,5.1657239474804175,5.176450171087968,5.334601395358435,4.9163718971781325,5.299989699678977,5.120482314708536,6.026229390160512,-1
533,5.222762800228819,5.086096608386871,5.143391020895634,5.162084863480693,5.336681785299621,4.9019457600638585,5.304030160339783,5.135204035746316,6.035183981714645,-1
534,5.228207485182745,5.090043257478115,5.124091749477921,5.159199418914464,5.331957272315461,4.881155008047748,5.3184516647401106,5.143912037722835,6.030839623108863,-1
535,5.227452653401062,5.1012638811868225,5.10195939417747,5.164947435717903,5.326616814202121,4.873583508732471,5.336349125506565,5.146556442259039,6.032334740890595,-1
536,5.228646877522778,5.106961749640106,5.075413879755111,5.164486393544842,5.311946720459215,4.863479963935344,5.358135665916324,5.152163838489908,6.037213357868632,-1
537,5.2285861566062435,5.097248700660338,5.046588376431636,5.1716214411399335,5.311593199841795,4.864090425257028,5.3851662298760585,5.151053591170279,6.0310253196480685,-1
538,5.240901512086765,5.091773745298723,5.01481406533699,5.18202926685895,5.31176902093175,4.870481749127209,5.406514332085024,5.147909708217926,6.02264195179019,-1
539,5.2574950379398535,5.094674368138513,4.988753789747399,5.195801355122642,5.307607648801773,4.873344771391852,5.417852900632066,5.1443776461583015,6.023083586980294,-1
540,5.278363348281912,5.097653452133515,4.9687594585610135,5.198467587298095,5.300301409094599,4.878850844476658,5.4257945965254395,5.129933856855555,6.0356861739269325,-1
541,5.295275419598303,5.095483714666115,4.951624610357572,5.201821091154199,5.295385130075841,4.889647133576119,5.424563707606185,5.120661396425551,6.02732092060924,-1
542,5.305434720799209,5.093772802683837,4.933674282334184,5.200900144430135,5.296519090825662,4.908022222449292,5.408778675350256,5.115018113347764,6.027933586581431,-1
543,5.319459152917198,5.08351185725208,4.923029656429186,5.194567444308748,5.297440004878011,4.927289489438194,5.386550232375436,5.113430756591979,6.031096337805358,-1
544,5.322481411435443,5.068949355892492,4.914893451778259,5.19648986951976,5.295557392593861,4.948629660243695,5.363247165119696,5.104845004724,6.037243129201114,-1
545,5.336128306520101,5.057515624512996,4.911855262224272,5.188160331236921,5.286883321456008,4.963937561821644,5.340145979896134,5.099178111065607,6.025400037007771,-1
546,5.339084418687745,5.047013862112179,4.923552772482076,5.184321097130642,5.279653467292637,4.977866124938872,5.320136503604255,5.094438164245198,6.032402131412159,-1
547,5.337632694876165,5.040247763124663,4.930028193733268,5.1734982064277295,5.273992141546659,5.001230137775505,5.30566757964607,5.093594440626416,6.039166429932259,-1
548,5.337974781627495,5.041662685134718,4.924683484435571,5.1827744956139785,5.274307794000233,5.014864186364188,5.289956734332755,5.090243232926544,6.032550289132819,-1
549,5.331346441197525,5.042237624483309,4.925041241867119,5.1993402800449875,5.270962177317238,5.031612516218307,5.281530775422851,5.078458342070475,6.031463287187806,-1
550,5.326805100901608,5.046086348997355,4.9221428040555635,5.205671543371961,5.261579592326559,5.042121825096126,5.279275558623121,5.066962425360847,6.03461263579597,-1
551,5.308995864237861,5.047220457158804,4.915092339106694,5.203460070352406,5.25339237589526,5.053447016112819,5.280813542372898,5.052081003635292,6.035889519151632,-1
552,5.296179713151672,5.053532775390398,4.8989770773981265,5.198769851561739,5.249860384961234,5.055103682720302,5.2818441140418635,5.046572569241593,6.032839493391657,-1
553,5.277214623507173,5.058777819706991,4.885641942275307,5.201140019743711,5.234155568180836,5.058951120349196,5.276526368926834,5.047346396625117,6.031136675203266,-1
554,5.260211874530908,5.063652001573659,4.862979516663441,5.193532131114232,5.215257349225217,5.054497493373133,5.278411550658413,5.0437951752846875,6.032969981674706,-1
555,5.2478944653413855,5.075937536503014,4.836614083744092,5.188738215668384,5.201192137822131,5.042432396973281,5.26715461728303,5.034182013928059,6.035463337764282,-1
556,5.227224767629109,5.078132766330542,4.820222664414008,5.1798914543880175,5.172252102077999,5.038557553605021,5.263523235656331,5.031008509515825,6.034484748671016,-1
557,5.212822300924053,5.073382252104702,4.7981641703907325,5.15339671619338,5.149386060166437,5.031433576511098,5.263269624303732,5.024811241205341,6.035518036102314,-1
558,5.196655588208273,5.063117745005564,4.784926799236599,5.132764356402742,5.124023173649785,5.0276063208085535,5.263534545845345,5.027974337525454,6.0364328431110135,-1
559,5.189869635824892,5.059725933171279,4.782302369074493,5.117882655354257,5.101891310785953,5.025093880233261,5.264002833662192,5.028093750782015,6.033429133526352,-1
560,5.179882242093398,5.060416907417429,4.785027346663086,5.090838102685336,5.087385840410773,5.029440782482256,5.260738167393914,5.019096002094795,6.033379007754767,-1
561,5.178568355866509,5.068824691962589,4.78837687281431,5.062719941533535,5.087605829005028,5.034029558982539,5.258520869805587,5.008468293680961,6.0303166905489665,-1
562,5.174171114411377,5.070166286527176,4.7993983012483055,5.050774873277169,5.091161827636662,5.036330734132284,5.245909807526639,5.007336779950103,6.035815080095393,-1
563,5.1654398145864775,5.057762519610435,4.812680409263598,5.032991815546802,5.095029569523577,5.0365365977584435,5.256655528141077,5.007224263558455,6.038947085793632,-1
564,5.166279398182067,5.044462128847341,4.826474274304899,5.011360315058327,5.1051826673083065,5.040895412538946,5.261815020274897,5.007746618702495,6.042309073710798,-1
565,5.1603968819166495,5.040984059250103,4.825333703668111,5.000946161449971,5.113886334099968,5.045558346326898,5.264084728377217,5.013995480724697,6.036064681932444,-1
566,5.153947059904226,5.039558004926258,4.816761834563228,4.987708848729012,5.1310951077919675,5.051596186435073,5.263293131434457,5.008307386730267,6.035513852422087,-1
567,5.148312188237101,5.038729337421104,4.803842740716195,4.971678404073516,5.140940095100893,5.048396275434434,5.266891039634643,5.007379526195597,6.03280198418497,-1
568,5.149623493141145,5.040140215220278,4.8019493898590575,4.95954114105361,5.146230106292695,5.0441577172797265,5.278519346419157,5.018359242809473,6.034804170317813,-1
569,5.151028768660222,5.043249384155267,4.806260464226866,4.946393916883122,5.149066153335617,5.052731085148785,5.28745061544135,5.037107005723007,6.038053701829019,-1
570,5.156764208840317,5.057879265203725,4.803937561062626,4.9276624410523,5.148745086022557,5.06867879464907,5.294729774364456,5.052350946341812,6.036856919744283,-1
571,5.161240492802388,5.070763760094015,4.804653516354302,4.916264246933842,5.140201077721538,5.089130149751295,5.294815273542239,5.064826579500307,6.033207963653739,-1
572,5.166926338571665,5.0897836012079605,4.801968302989816,4.905525536324236,5.138960535658876,5.0989769314490045,5.296038022333667,5.0718518843536575,6.031406080547454,-1
573,5.175313694452378,5.102073156596123,4.815343548835917,4.897494829514188,5.126966144129926,5.107973972617739,5.285901512463291,5.07461394935487,6.038754498268593,-1
574,5.1841386606166635,5.115814563760353,4.834134119298047,4.898376123138694,5.119758572579874,5.1036923589042775,5.288820343020642,5.071978833708518,6.040987438428845,-1
575,5.186653172870862,5.138193391357375,4.851890157537591,4.902022813051217,5.116841553613614,5.106018099138752,5.286788290483849,5.061750978187209,6.037940555602739,-1
576,5.1766730241829935,5.155420572118714,4.865058736576463,4.906109632137147,5.115387151815758,5.10947374362317,5.2826663548816635,5.047951486551894,6.034743322186754,-1
577,5.154208822633106,5.167453293171391,4.873171097803901,4.907511087663801,5.117804511713979,5.095894142776398,5.289178092762398,5.021443510401964,6.030779246343979,-1
578,5.129658232621666,5.1827851795683255,4.883702411396968,4.912510676547804,5.12716692042545,5.075289583879305,5.303784701613859,5.00585249524264,6.045611049627953,-1
579,5.098230765760155,5.193778680187963,4.901260462237312,4.918560713177202,5.1354818977599335,5.053397942247328,5.318155538114601,4.992144818507839,6.044298256950445,-1
580,5.063980041512259,5.193089629776984,4.914193047196945,4.932126092886672,5.1354465865961965,5.037723948301769,5.335523830281983,4.975173139719531,6.037913612282232,-1
581,5.043645839455806,5.199614446082592,4.9203994312901616,4.9427674139493645,5.14623973859102,5.022554735029099,5.364848240189733,4.961535793859277,6.038557950438297,-1
582,5.030050690768301,5.203457508872145,4.926550465809491,4.9528844468147195,5.1460034215957995,5.01755422613445,5.381646197190353,4.948704076453479,6.032677181026883,-1
583,5.021304233023534,5.186896571895261,4.933805906359442,4.963256757418126,5.147263585239481,5.01533746340639,5.397701633103383,4.933242607447192,6.036073673789699,-1
584,5.013771564633342,5.172519388201642,4.930165447869278,4.981795456343614,5.1460584291683,5.005346116112183,5.406938056738724,4.918314166296656,6.044971616969749,-1
585,5.011468593580278,5.162170497193677,4.923610099142689,4.996651694861076,5.143509294645323,4.994558605970811,5.40698977740482,4.911830423825231,6.046623484779999,-1
586,5.001003858261978,5.136168691744131,4.925593475188384,5.00426438414796,5.139987234110966,4.995759568962453,5.401776940128049,4.895669684071669,6.043035830345913,-1
587,4.9966318014282365,5.1288800929255265,4.922866170091456,5.016256345298826,5.146454548333202,4.996398537801434,5.402572311578419,4.88016123707456,6.032502427980768,-1
588,4.992498313037824,5.12989278558279,4.923646810050434,5.005606580982583,5.152374911666988,4.990557512292707,5.397113067317094,4.867236406199266,6.048332490904,-1
589,4.981198035302146,5.128074352630282,4.933690326080853,5.002123245443363,5.152324090214746,4.982005090363064,5.386052439114668,4.852286575916583,6.0283834187728305,-1
590,4.965274082272398,5.1335337754349775,4.936742621850573,4.99447742749661,5.154170967451024,4.978770766127951,5.381303363423437,4.844924920459728,6.029075857618898,-1
591,4.948106511689173,5.155576816675957,4.933601990380157,4.994193614027701,5.160394895713555,4.967579498267216,5.377531381890223,4.844566463573299,6.046241553243452,-1
592,4.937897717971016,5.176901258831624,4.93859480065973,4.984111529505334,5.174152651604733,4.956876719485344,5.38071091949027,4.844289423791352,6.034881124724625,-1
593,4.932546982581674,5.2011828998889795,4.942692009547873,4.9821863188244375,5.172486323386164,4.953999757387718,5.385391779849546,4.840819337687027,6.039057748778819,-1
594,4.936721470338556,5.230107551849295,4.933262102771543,4.9808258524439015,5.16849825659974,4.939426295419402,5.395134713708009,4.841413109407412,6.043622785495267,-1
595,4.942379413807227,5.255143333982087,4.927756705543426,4.968307749775249,5.153684625087489,4.933170862978453,5.39774223748465,4.843211922982218,6.0335402389391275,-1
596,4.952485865357972,5.284584607376275,4.924273636244955,4.9769411895877536,5.143993778986365,4.931614179632207,5.402943038506613,4.856598487472836,6.035152676449898,-1
597,4.960414690918064,5.30605601071022,4.918132290507462,4.973326931280106,5.135437486996157,4.9307603818884855,5.410167143633489,4.884293077477035,6.046006261722942,-1
598,4.96257361758615,5.316606076590828,4.909475027251269,4.966634515734912,5.1289990175185105,4.9241258355550075,5.4125178161370675,4.9005128865711365,6.036140014622106,-1
599,4.97424641817423,5.31834924681233,4.907304473547206,4.948980333315257,5.120007362950122,4.92491057451515,5.4086920530311025,4.922091187056086,6.0333632716834495,-1
600,4.990299415615471,5.3210151884590875,4.899097684049908,4.937568997997939,5.103419989723453,4.930391680354983,5.400088787705961,4.942176785465047,6.0431751680017936,-1
601,5.009588093485899,5.313876596778045,4.895953342100707,4.920443223863917,5.087962000387598,4.932156814613705,5.389572668323208,4.96260626282533,6.034660782913693,-1
602,5.026120392584524,5.308305742029012,4.898991283365202,4.903953321279834,5.065288961064388,4.947156272698013,5.3821761983224645,4.979352828298338,6.044666154000905,-1
603,5.037925720094943,5.293354428636659,4.898925513851264,4.901415606180497,5.062272047758476,4.950293061290688,5.377095480742863,4.994291796414743,6.039651805130829,-1
604,5.056133107898437,5.27021273397485,4.90046443517487,4.889165453491628,5.050834284641789,4.947297676322101,5.366728401850021,4.996352514081314,6.039991880886142,-1
605,5.072495454386419,5.244866282410216,4.883887245331466,4.8845570804997065,5.046318442904966,4.955155932740613,5.358892498387683,4.98994769817656,6.035063989896882,-1
606,5.094139484164219,5.225150594559482,4.87990807283333,4.886522176139796,5.030917954953994,4.9495605448008195,5.3530332580692015,4.995844021687269,6.042359799114499,-1
607,5.103968851205024,5.20371061746853,4.8775712437403485,4.888779413796971,5.009772169957257,4.936294850667854,5.348228969840891,4.99661272644659,6.033602366906672,-1
608,5.099472647265895,5.17414239010886,4.8835696995522815,4.887381974474753,4.987476289872123,4.930593184580942,5.339262147285076,5.0085251196483185,6.0343484509715,-1
609,5.087715979414673,5.143485085821166,4.886634089581571,4.88751317177968,4.971093900348747,4.930121796897311,5.330515833336344,5.02347265575761,6.043045196364221,-1
610,5.086160368749646,5.105488725629197,4.885363366525456,4.883472187341297,4.968010254558196,4.917835319449098,5.316030702896972,5.031176418928553,6.042661866535588,-1
611,5.088945159322188,5.074188458216964,4.889441593328874,4.879797029908891,4.9540885778494195,4.912921519242914,5.295078864966752,5.041980794321195,6.033709455182317,-1
612,5.078423348884796,5.05084615415886,4.894027782179311,4.87593652222235,4.936876135956884,4.919403299966762,5.279819359885586,5.0665002788533435,6.049676621381479,-1
613,5.069671047941585,5.031119807254126,4.916498845623401,4.874275191848449,4.910116637126846,4.910138821030626,5.266527145945172,5.084494251603925,6.040685581488998,-1
614,5.058430625309473,5.016618294997855,4.932097630414497,4.873839973720342,4.883953955021509,4.909657130088463,5.25541206321136,5.094866531922593,6.03487147311466,-1
615,5.055130625715542,5.00637850438403,4.949296576743244,4.881991126441617,4.869290246405415,4.907485112221524,5.252193049957135,5.099966764079287,6.036344997811667,-1
616,5.067809455734115,5.000273539329796,4.960429463591176,4.896417115216687,4.849539158454072,4.900918448806825,5.258733909783232,5.0929681515646275,6.031915623451434,-1
617,5.074757435020038,5.001272143701478,4.973238461329695,4.918428673180359,4.833545760646879,4.892713523140007,5.272845627806438,5.0874430706418945,6.035938624204778,-1
618,5.0628622821511025,5.007161296738037,4.988928098281734,4.947609542070684,4.814045163523428,4.8926124454078455,5.279754661410813,5.0930950739916465,6.036837383709846,-1
619,5.050638926701365,5.0067507331493655,4.99774046751279,4.976728557179556,4.793531074061988,4.890177721452261,5.288709646709095,5.102833821203418,6.046390383986537,-1
620,5.037514370262679,5.014496527162077,5.001800657053335,4.994500574418495,4.782544749565144,4.892661245549566,5.298387799534847,5.104221524955884,6.036764439410545,-1
621,5.013693839429343,5.0267462673305765,5.002985198271798,5.012894010199169,4.7801534383113164,4.904061351958887,5.313754285758033,5.118669882426281,6.044170499362973,-1
622,4.995573994352681,5.0352908295667,5.0019567552727935,5.026855514410447,4.788901176454614,4.917462394420666,5.331230127009082,5.136021209974363,6.03457162597699,-1
623,4.969024905227285,5.054326415824376,5.004071480327137,5.035428719997407,4.79642609641653,4.929511041858291,5.3445488192254516,5.162001014596994,6.040868592826411,-1
624,4.925767934255981,5.079861438720467,5.010222702864887,5.044487276634205,4.811621110482832,4.942090832083667,5.347356244707847,5.187947850055272,6.037601961676195,-1
625,4.884950241700082,5.097701595011215,5.010629428058556,5.045312114066084,4.8233911425624765,4.956035399809566,5.341149716179191,5.1992224851600035,6.038174831848353,-1
626,4.858415159159776,5.110036868400251,5.014341836642752,5.047087156887639,4.830065971496323,4.95970136763221,5.337991764080664,5.203416630265133,6.040248970623068,-1
627,4.831089448375207,5.120628491437797,5.018247109195145,5.045282787111875,4.838568470226849,4.959310501296646,5.3331901345814146,5.202571031239611,6.040051919318725,-1
628,4.807588173854632,5.13148316466985,5.021015994925781,5.056339180536739,4.844037693696235,4.952511427075681,5.323756220681731,5.19949054703768,6.034599588188614,-1
629,4.793219419684452,5.14278205712882,5.017634528713449,5.058987864330991,4.858613980855861,4.944631687985923,5.303364054571707,5.182085120619013,6.038833923685738,-1
630,4.77500874470516,5.156391234861301,5.007705652799027,5.067363371165078,4.873113806409608,4.931772749495255,5.2731057695073416,5.162664790503236,6.037324995329049,-1
631,4.766880477375634,5.160385496659129,4.980814390862537,5.0633946406161705,4.874843778620764,4.925289070698808,5.247834383996293,5.1427083018057935,6.036324243135889,-1
632,4.766998869254033,5.156747249663158,4.947348960344593,5.061291701850485,4.8731477954643045,4.909838723841755,5.2214533165840376,5.1281540102927465,6.034798086400963,-1
633,4.776733634283346,5.156251658383525,4.920043261199002,5.071551148379611,4.876533892444929,4.890958128703511,5.198959382378101,5.131705798092701,6.043143780290129,-1
634,4.776987906214117,5.160290200502701,4.89226854438306,5.085205155170348,4.8832357729104565,4.886160090256249,5.175432495692768,5.131679325688272,6.035029870100217,-1
635,4.782575751939264,5.165854331863537,4.864046776872581,5.091051559191599,4.891916756493758,4.889812129281531,5.1664284756416565,5.121987221319783,6.030879656254851,-1
636,4.78640637945234,5.158307145236334,4.850527467201486,5.102316607951099,4.910188889704467,4.89290827183412,5.1671215210331845,5.122983071393076,6.043036723940916,-1
637,4.80228813977508,5.149231839527381,4.839349591190132,5.123795025119724,4.921771137372309,4.901781104998924,5.164398898564031,5.126647135449632,6.041315700719202,-1
638,4.822189682593775,5.129242519104819,4.842840697690223,5.133307704383441,4.928311244080345,4.9144154289475335,5.161306210068948,5.137492622605742,6.0377958948052735,-1
639,4.838238154182959,5.105666812025477,4.852981068955523,5.158860793504797,4.950513544480821,4.924989896733206,5.152894388621087,5.144648088745616,6.041726639161633,-1
640,4.848094506521929,5.094494538416719,4.867054060272933,5.178550409418119,4.973647096395001,4.942575260157575,5.153367612761546,5.150706781375834,6.037617078281932,-1
641,4.841779890290434,5.078060430952257,4.880724996335406,5.178268049587966,4.9963219226132445,4.961942655671985,5.1493419103119376,5.144036832711134,6.03784442844906,-1
642,4.838903033643504,5.0637850752906575,4.886350525064155,5.166956367340363,5.015301883492543,4.972711752842506,5.148355349986867,5.144060327493483,6.037102183764965,-1
643,4.84211923629524,5.042728060503029,4.882416145073505,5.1521426990230905,5.02228737121715,4.981918570529405,5.1330793235355445,5.154117576677889,6.043705896967709,-1
644,4.8446410281390335,5.029515702191513,4.861120453103796,5.129514566020302,5.0271332152548,4.984994464844824,5.119035042648973,5.158971599912084,6.0435794422259,-1
645,4.832368441851776,5.0201062827637335,4.843725108833208,5.10276460698801,5.029903415140068,4.981176034437242,5.120501826832374,5.161020327994226,6.042742277904288,-1
646,4.827201256692062,5.025743681415865,4.819536667083637,5.078540138575545,5.041463130118703,4.979112403958137,5.124947833141524,5.155746834448545,6.039227236077319,-1
647,4.825762559808852,5.03837718595983,4.8070827424484435,5.050514699495046,5.041396116453447,4.983931794690282,5.12908907428398,5.149284066982537,6.041618687800134,-1
648,4.843572050517202,5.044313796456734,4.807084308902434,5.02515943570544,5.044040511586399,4.9903130888104,5.123731427969156,5.141784258193598,6.033742028053577,-1
649,4.868759085841815,5.056982661920051,4.806808574541108,5.00112244730369,5.045156491675521,4.9960763167759055,5.122717587013978,5.132962643901612,6.035781045887184,-1
650,4.891950831954263,5.0693761229958145,4.807393306479007,4.983252478663641,5.041114371517683,5.004167066404911,5.130887063884694,5.127162770145322,6.037285391320696,-1
651,4.915996017012597,5.084265570573271,4.819666529721765,4.9695565567224955,5.034566795036079,5.00076624194633,5.146093525951659,5.123644518312014,6.036112618767675,-1
652,4.94063399819966,5.089758826595409,4.837682885247711,4.9585036677050205,5.019300250244091,5.006582019788663,5.151500110129859,5.111142449517118,6.030530667644943,-1
653,4.971952856149705,5.092693999527164,4.850288728783642,4.942655564769293,5.007327277756592,5.004713246363227,5.146140478449245,5.107303855789735,6.0436538384673,-1
654,4.995559589143012,5.092544057900633,4.871007481227947,4.918720980828444,4.993847667904183,5.001952861826705,5.14268962398747,5.114482429978947,6.037200938378244,-1
655,5.007110707496179,5.0899282550184095,4.888067717502106,4.905187359832056,4.9899438477654865,5.008077780191445,5.142997818581311,5.123333451552413,6.0423013051509065,-1
656,5.006109365049282,5.078641638061722,4.89541349960279,4.897848774114834,4.9880269345173645,5.013522593013312,5.155100178618703,5.1326599951901,6.043836309268067,-1
657,5.003930469114884,5.067395733891942,4.901019001844537,4.897242098802037,4.9843248876285395,5.018763826228224,5.163388122147594,5.144562901461796,6.043098255210897,-1
658,5.009172405969229,5.049294149681022,4.913938820716268,4.897619576524654,4.989024270552286,5.024627838053046,5.161038693631242,5.14251224979139,6.043956493928097,-1
659,5.001382877698355,5.03620479791546,4.925301282401087,4.90169050556204,5.006435322993802,5.041172943431525,5.1516582536874616,5.135848225028595,6.0359348531395876,-1
660,5.001188595299836,5.025209710189947,4.942241659636791,4.901098960257423,5.032103881754533,5.046590798272175,5.151706453440264,5.141386268786032,6.041017057583335,-1
661,5.008454261638797,5.020445251017729,4.964652991320872,4.89956719213305,5.0485652815507285,5.052080253845371,5.1570742790151725,5.145209893576148,6.036536689498663,-1
662,5.004389713498074,5.018403058680118,4.980724557803244,4.897457557152636,5.068683180214302,5.056614164016763,5.167972856081749,5.141760706468418,6.043869514491529,-1
663,5.002673883758157,5.014706004502052,4.993587255569126,4.884048871597414,5.084423724797265,5.039517240995368,5.1827125908035425,5.1429889052851845,6.047060135346008,-1
664,5.001738175812677,5.023420605706028,4.996392108486878,4.874535733710969,5.1025849438049775,5.017796436767618,5.189550096838883,5.149691182833401,6.045004153688399,-1
665,5.008293477230947,5.036761268382426,5.007291214695233,4.871176376864525,5.117134406655634,5.00213805665913,5.193661153690029,5.160097491023323,6.041356300882316,-1
666,5.015153400294259,5.057465265075826,5.011694049409108,4.866007965795585,5.125316520529776,4.982819423557306,5.207981795359474,5.180791050694128,6.047178383117773,-1
667,5.025882062285573,5.080304222272643,5.015296768925201,4.857602307339443,5.133514892193721,4.9648100244017455,5.229398624786622,5.2002412626509855,6.038537879683751,-1
668,5.023393880005893,5.1046144344246605,5.002588864291558,4.848975582659747,5.1332087653202985,4.959811463175495,5.244360206587464,5.214959506660594,6.0358026182681845,-1
669,5.0084908224686515,5.117353518951873,4.99134349815713,4.848682095765941,5.131820041099237,4.965551286182069,5.2597650578815385,5.230774489923197,6.039775868606058,-1
670,5.004249995851256,5.120732331218231,4.971400052966803,4.857356961071333,5.12968916816124,4.978010484726381,5.269019801342637,5.255818850597053,6.051049171574413,-1
671,5.012959572056435,5.127366620935585,4.945380719453421,4.868684899234231,5.125989081023992,5.0025235030661,5.273458032360249,5.2685284229874565,6.040105913405619,-1
672,5.017671305524045,5.121537623995022,4.9294521578598545,4.866633500921536,5.116316834270184,5.0241797334378075,5.282556821517743,5.272347869077889,6.038634145118739,-1
673,5.009042222698243,5.112047245881105,4.90467405603462,4.856879264154168,5.117785390845198,5.039468724600794,5.288613900681841,5.273776513068567,6.03977492176443,-1
674,4.99057273044193,5.09667212581519,4.886168748062142,4.84442872014903,5.125695633060236,5.057411981532114,5.280071402865328,5.273021368864941,6.045771144022415,-1
675,4.976905918243078,5.0871716367375095,4.862057989742254,4.839535188012511,5.12450582113901,5.066904817733061,5.269148003631207,5.2739031284822655,6.041800511885526,-1
676,4.970523714050932,5.08022671344272,4.842100468395973,4.833571938066877,5.137016420687077,5.071913945469866,5.256697834605312,5.274560022824187,6.042113671761218,-1
677,4.964062703128869,5.075521397218011,4.819038217566213,4.8221160131907945,5.149601877970171,5.07164893370491,5.240071950027976,5.27202062320891,6.045870825066849,-1
678,4.962060010547605,5.079704637166542,4.806023607062286,4.820294344615232,5.156331200668479,5.063736298935352,5.231475162924253,5.249389543902118,6.040246854564739,-1
679,4.952747619822409,5.082753212114364,4.80234799743261,4.830490104250393,5.159829848086063,5.046741374250257,5.222474364840524,5.237697264579408,6.039396334225533,-1
680,4.9544239623631725,5.098059969320762,4.8056843062376515,4.846467633753974,5.163129050662279,5.034808205567641,5.214193420380029,5.229016293322804,6.04053948170929,-1
681,4.969976108780833,5.108981201606184,4.800371358708541,4.866311191504478,5.155933583766038,5.016475048583058,5.2083853462977965,5.219123806973277,6.043738323752599,-1
682,4.990972945177784,5.12919880512297,4.802756372089277,4.890243590800396,5.149184380450336,4.98954852377471,5.21247241956502,5.209747765613175,6.046984478346262,-1
683,5.00941439087099,5.141686587198396,4.80817756345215,4.913680744668216,5.155807374298496,4.973933864462871,5.219359011747578,5.2046747409109155,6.039407710875657,-1
684,5.024552574502062,5.147594875829653,4.814880344829032,4.9319404086025695,5.150271345491763,4.958421485434794,5.228870258901494,5.188350635593008,6.038019820641297,-1
685,5.03971727761092,5.16026409497795,4.824323121532826,4.958054287150069,5.1534367912004155,4.941154868612028,5.234458344153096,5.174194830424295,6.038029397280677,-1
686,5.044420923131676,5.162272372180178,4.833997453378039,4.979017951457673,5.152480186454449,4.928807763467203,5.238567056469944,5.170373292681666,6.04296396123452,-1
687,5.051475675458474,5.160816803133864,4.831971855629198,4.985743422653835,5.14925346486394,4.916055965465916,5.242418804834152,5.163737322401107,6.038066173430903,-1
688,5.054088649239284,5.157566419881559,4.829663075591035,4.98657760686999,5.147473928114808,4.904374122404858,5.239730064024666,5.157905270854304,6.043196961156865,-1
689,5.052236952433494,5.148042785984587,4.838442162462158,4.989224814680741,5.14580734079543,4.893913644498186,5.232692171078705,5.151857930812988,6.039664051165208,-1
690,5.043986118317274,5.1377574164751305,4.838481834755749,4.990939255352982,5.146680694685018,4.889816047341324,5.22041616601339,5.133680721728799,6.043837120324643,-1
691,5.0284804345024945,5.126475080773649,4.8440209305203545,4.992310772965055,5.134585745553418,4.88029527694057,5.206888876339605,5.118275907621522,6.033505059996748,-1
692,5.016091408610916,5.125640837221283,4.865033418746817,5.0043699517847955,5.131899819266354,4.870284153106162,5.194722384549762,5.111327901953371,6.0487898231519255,-1
693,5.015542575872511,5.121018988722622,4.89438328926614,5.011806880799917,5.122898854192225,4.862680401456197,5.180990415941279,5.106714626463937,6.027830250701559,-1
694,5.023010626993534,5.124174097470551,4.92519821162546,5.019249595285934,5.105855141777415,4.845748815054695,5.160399811454878,5.116300666584626,6.03958344237091,-1
695,5.027619591659102,5.135378717203173,4.954475829509344,5.0258817233782205,5.098049901328581,4.833319395340921,5.131444321818434,5.126886444166789,6.0395880303777325,-1
696,5.039086533585282,5.136996872886083,4.985838970613573,5.034520845757481,5.090559696992488,4.830455067883135,5.109597818523305,5.140867714752437,6.03749566679403,-1
697,5.047975729343105,5.14587639397907,5.023720498718123,5.039167260798966,5.089224737984993,4.83182298106486,5.097594987767805,5.150847248305531,6.038785713322555,-1
698,5.063025773898219,5.150036356189434,5.060225484335725,5.040650092809586,5.088149015778746,4.842214557596148,5.092645700342569,5.1697474033546715,6.042716766899408,-1
699,5.078400607647662,5.148857709899192,5.095651491381594,5.045798628486883,5.090511999713709,4.848369722831258,5.0844330971634335,5.182122647142095,6.0514536334201,-1
700,5.088106310717933,5.135533799983761,5.124232618405406,5.045117720845042,5.071746613251656,4.857792687665588,5.073708475029738,5.192141987535285,6.041289770822243,-1
701,5.091326966404688,5.121000925491327,5.15277117087969,5.044589161792415,5.05475687587453,4.867665618315349,5.068086060482969,5.192312103235951,6.0401481002911765,-1
702,5.088572954706401,5.10492876696672,5.1783716119305,5.047790205090204,5.0475613634539975,4.8875447335992614,5.066436888874395,5.182858960636508,6.038205370260681,-1
703,5.091038673311975,5.088090765387084,5.211277469002516,5.057197067787488,5.0305436091613425,4.906397025325293,5.083624294000381,5.169523713528365,6.0489178395168395,-1
704,5.0840972289789645,5.076199928363511,5.235597676382898,5.055845344299174,5.011621119880805,4.914408800787521,5.096735150687621,5.148751916952927,6.049567145184504,-1
705,5.074836023092158,5.063303713638586,5.240319368610815,5.0596212495896165,4.988781627480213,4.921057600202728,5.115236219337934,5.1269867561829505,6.045730690348055,-1
706,5.066375214230539,5.0542256780018855,5.243278738446982,5.067861115450108,4.967279279531966,4.920714582460217,5.128601665367614,5.114753222157611,6.037585340398508,-1
707,5.067204950220924,5.055122721883309,5.246842808132637,5.0614838997352996,4.9485703482595,4.925849774404608,5.144433791128223,5.102096677114643,6.03494314526902,-1
708,5.070983648880325,5.059748821609524,5.252730281628524,5.054588843093581,4.950072686637739,4.929071775901452,5.164301542073464,5.0935277717098275,6.046891566777603,-1
709,5.075087394811563,5.060697107116845,5.251826157855869,5.043773591236686,4.951084299608549,4.940215586719901,5.181364995556337,5.084305098750817,6.049298840935968,-1
710,5.086155509271328,5.062938444324361,5.2462001456314,5.031469622421064,4.951811859617813,4.949709171486572,5.200230492914507,5.074299081793931,6.047188699512679,-1
711,5.101031895885494,5.059361756647443,5.246815125272944,5.019880803198603,4.952471400273068,4.956444952668326,5.207538804101977,5.067259738390597,6.0406052415207885,-1
712,5.114874991909759,5.061838370827417,5.252842653776153,5.027057983594163,4.952378025873131,4.9657190810680465,5.218646665047591,5.063990245002817,6.039952921679669,-1
713,5.128848769253374,5.075574881224918,5.264645929425901,5.037315409868543,4.955751265593807,4.977214038590041,5.217072109241414,5.066676940589832,6.051092219773124,-1
714,5.1429978540283035,5.085779528205023,5.27585591557628,5.048421117385654,4.9604625639988935,4.99185735129888,5.218046933721851,5.064400994574405,6.041924300187693,-1
715,5.156299294854401,5.093598820683682,5.276104275055176,5.063181481306579,4.965618297588081,5.009408060853368,5.218274486907437,5.059055808876621,6.051725136475472,-1
716,5.163360961513572,5.0927931920402925,5.2702214366360645,5.078893352475425,4.963243652545976,5.024049037327432,5.2186387511870445,5.050813903807149,6.04076463963774,-1
717,5.163515179816386,5.09770736887477,5.261693111009033,5.102576971056454,4.965528205740174,5.021308626717696,5.219610190076764,5.0555471710896605,6.040284715247267,-1
718,5.158285817582211,5.096867524905213,5.262135719456647,5.128535191706519,4.967160357982135,5.014721949703943,5.209090502189281,5.057165506798478,6.0470738215524,-1
719,5.142213266311925,5.097840411224129,5.258938633279559,5.149046886842583,4.978574783450276,5.016409067592422,5.199348086967835,5.05736860347751,6.035912263035725,-1
720,5.123718206321016,5.097904795253451,5.248174106858519,5.170438221932368,4.9953341871942305,5.010876037547821,5.1914869802213595,5.052698236593725,6.040731172961239,-1
721,5.111378440071112,5.0857064747756375,5.239066117460187,5.19234379702175,5.009709786337932,5.002687951962296,5.194997005820824,5.05456447678899,6.044465180724827,-1
722,5.0975348363273065,5.079644648626293,5.223872205222996,5.197181391852298,5.027549430332171,4.988783225938671,5.19214326372293,5.0549393503904625,6.046388410266771,-1
723,5.082504436251944,5.070061288294547,5.224608967744347,5.200014400300845,5.047231229474154,4.968258720819444,5.183717747008627,5.059378411646799,6.042952551247913,-1
724,5.070690291083333,5.068455471998842,5.223901331137165,5.203587437338938,5.070125517378159,4.938372442386387,5.1680155542190365,5.06292943152663,6.044897757528564,-1
725,5.063576169033363,5.063281765218183,5.2202209309637135,5.193584875016035,5.089628597568545,4.917191868036295,5.157720537101717,5.069149186915617,6.047564389533,-1
726,5.057936101176383,5.0556593399596945,5.208836433371127,5.1778009411323325,5.1137484152489865,4.894253132477194,5.150728214092223,5.066673572648794,6.0388171132886,-1
727,5.045241805476006,5.045702081133041,5.181394854829693,5.159986550494767,5.13589555574533,4.867301631877754,5.142154060848327,5.055947417154494,6.032825279959034,-1
728,5.0428731419417225,5.028108507972259,5.149847363003373,5.132533385407091,5.151943664125232,4.847814175163585,5.126751131233176,5.044274306548823,6.047059779396581,-1
729,5.0345803299880485,5.021496257468026,5.121327262478964,5.092911590544704,5.167115251381347,4.828566776772899,5.114473272788589,5.029812285280741,6.043555675781441,-1
730,5.023161538898218,5.01303262792358,5.105795550401907,5.057007167220812,5.169431996644157,4.809284727613385,5.109028846538478,5.013497509691571,6.042998382947591,-1
731,5.000562728825702,5.009393498801646,5.085463689302969,5.0222083611879516,5.166968899738273,4.788166583353656,5.106412029857088,5.002075422963969,6.0375526955432814,-1
732,4.980868212793461,4.999248538800481,5.076360722747719,4.990551381049029,5.165028797823419,4.777527746936686,5.10587330839828,4.993932279572688,6.046741724865461,-1
733,4.959614734433851,4.996436320685459,5.063969571472545,4.9705387378984,5.164644260809846,4.781673357674478,5.097836920935534,4.982530443010624,6.052422668492994,-1
734,4.938748368704823,4.986594689469328,5.0514380731258575,4.948092338848849,5.155194359098833,4.792544304319579,5.095373788303869,4.978309802703793,6.044606468022144,-1
735,4.9250955793271105,4.983730183198001,5.053245368936032,4.9346968997324785,5.140333292324082,4.8065266995787645,5.094160208560336,4.988100239327965,6.0526269472121665,-1
736,4.899147926455071,4.978532541811013,5.056507616639878,4.918294043659701,5.124322715352285,4.810538612087297,5.100831439547685,5.003259378060116,6.043025433450894,-1
737,4.876316745434375,4.967723954136455,5.049173974575806,4.9082676681858945,5.111391288044323,4.818179815512859,5.093041496608764,5.0198435201782,6.041650605554534,-1
738,4.867437893855159,4.9592205147785675,5.037822613356158,4.905389290359014,5.102920836476065,4.836616871753602,5.088095559935549,5.0415210367393755,6.045076155397002,-1
739,4.865540908912808,4.952342441043075,5.028414712627615,4.9124645346326865,5.1061907780648195,4.8603939369623985,5.077908158725419,5.050618828595542,6.046901141521232,-1
740,4.87266180148257,4.953961075509111,5.015065203805414,4.91749780220114,5.10902765174751,4.885284425620434,5.071686881807488,5.060003080129675,6.046175291482837,-1
741,4.88061440599664,4.952250583009397,5.010160883452224,4.915602945592198,5.120363829298642,4.892002550081374,5.070485123375694,5.060246825597246,6.043756687960146,-1
742,4.885972346834406,4.966431127132211,5.011086375173079,4.91585569770672,5.138150935873824,4.891430667278783,5.06753261105102,5.064868691793128,6.048087891653369,-1
743,4.902473047133733,4.972886337165304,5.014697138689081,4.906120119166387,5.167163789936626,4.887799616206794,5.065166828583901,5.068481216945424,6.039146056780045,-1
744,4.930878083741814,4.981896858251116,5.030369778031868,4.905868667880455,5.198421251129527,4.895334541474535,5.06222986300161,5.066383440948671,6.044233513150733,-1
745,4.9582432726140455,4.992544666805788,5.060833421044558,4.901942359918371,5.230128543996891,4.908300236430327,5.066380743304041,5.06419812646005,6.050921997551807,-1
746,4.975831791857292,4.9951442293064465,5.0906389525861915,4.904372714350031,5.260083293766817,4.913747647352287,5.0513113322313945,5.057169768033665,6.044165307982541,-1
747,4.989542238109641,4.9953745738397055,5.116301696585348,4.896970181316726,5.2731025610567235,4.9233179556829185,5.0388751053394545,5.058117557609048,6.044854377735959,-1
748,5.002012168772748,5.009013379879869,5.1354503655612485,4.891958640386233,5.273953770822705,4.932014278403605,5.031084094907876,5.061061340234587,6.038882197916575,-1
749,5.012984413567113,5.02539121651295,5.14493697151317,4.8917045369035455,5.271091634544222,4.947951457361153,5.020862964864399,5.07264799449217,6.039929834491487,-1
750,5.0213162057856096,5.0404834337945745,5.149965137594538,4.8908585433787275,5.268671874673026,4.980147249997006,5.013779325784281,5.086163859319346,6.044799605838856,-1
751,5.020030514756119,5.052710407477381,5.149899924649944,4.900246005894957,5.256336087055122,5.020144101217291,5.0150678381120954,5.11035660228187,6.0322072519127925,-1
752,5.010715885497264,5.059882420721264,5.137484937683146,4.9094869904869745,5.239384881529039,5.059875239604678,5.009370989956357,5.149367717401415,6.048957321775873,-1
753,4.993381878414951,5.067397369303556,5.118154208874995,4.915102551371442,5.232840363123776,5.088653646942424,5.004867859906787,5.177233254348917,6.04867458937905,-1
754,4.9775128606617,5.078490763926045,5.0956868631116565,4.92206697796515,5.219380082049764,5.121031665453944,5.009939476041483,5.20454562072178,6.043873313200967,-1
755,4.962448179409368,5.081267939680092,5.082802069442879,4.937474822853882,5.211704656889592,5.13199820423221,5.023216289215975,5.233574639357096,6.042072007086124,-1
756,4.944161071279836,5.065424818762792,5.075575599726423,4.959816674376073,5.212896159902395,5.136030364048395,5.030691906816994,5.265381198590153,6.042930448124153,-1
757,4.92959013894775,5.047639691274143,5.075447807928334,4.987515714284384,5.199044822633274,5.138552438835758,5.03233830166432,5.289695408398729,6.041257646679753,-1
758,4.9142852212141115,5.029714464473185,5.074763002716488,5.018509489460351,5.187051158465636,5.122301705505228,5.024788947429728,5.318176368225429,6.0481783312371435,-1
759,4.8959088282418275,5.019961409815934,5.08486406149448,5.039872433970562,5.173084876486568,5.1003126537534875,5.013340480421129,5.332477854769483,6.037355045522054,-1
760,4.873336980217459,5.014523869009522,5.098334474105711,5.056890679101954,5.1645180060566585,5.076521498425582,5.012437325166471,5.323997281495424,6.041493469196722,-1
761,4.862791671478661,5.007386123869255,5.115970959330897,5.086263183595226,5.1434788486902665,5.0572754549634995,5.002666656788149,5.317318401369127,6.03093765089819,-1
762,4.852477942783146,4.997493047229083,5.138424708141731,5.126794876857785,5.132454866066273,5.032098608629527,5.000320104775752,5.308506648470993,6.038714037704071,-1
763,4.83977929410206,4.99634825670003,5.151691870516558,5.1658336004001315,5.12705090909387,5.019780700737591,4.995047996253717,5.291224698899706,6.041851740914749,-1
764,4.8288725337247325,4.997942419923652,5.158059553866632,5.193960332952701,5.113114710902462,5.021879078148223,4.986932022655216,5.270052268864063,6.042870239821951,-1
765,4.823521836080095,5.003706694162738,5.170061445916204,5.221917303106611,5.106216049418003,5.023460947792733,4.982215572430423,5.248608748203877,6.05231554293536,-1
766,4.825508750433114,4.998799477997065,5.182857090948176,5.247082195252096,5.1074403608606485,5.031979032683894,4.983883110417524,5.211679795445113,6.040718285367542,-1
767,4.823105140261827,4.9855155590105875,5.190391009480618,5.278002501422285,5.103621062557521,5.030874707987367,4.9861080969009395,5.172622837493747,6.046305098248992,-1
768,4.825407535256588,4.976422824002433,5.2065884049157924,5.309224236149362,5.100949135735192,5.021098115026555,4.98136096943425,5.140842174664538,6.044948480944722,-1
769,4.825885008917064,4.96433405875697,5.220577568369096,5.3329807147173325,5.100600727131008,5.002816515798901,4.992708728384407,5.12214343893843,6.0543641982355725,-1
770,4.821958934896477,4.965402595463326,5.216621123194068,5.340636080421569,5.100603878269788,4.988684068689677,5.004996722025744,5.113438744904312,6.047191356421698,-1
771,4.8237334760896395,4.966830033014975,5.214386283393838,5.339352883921619,5.105624876921754,4.98063693135883,5.013396860703272,5.117721145551938,6.047059322968272,-1
772,4.824358109416212,4.977426198780873,5.214843096524967,5.339133791727731,5.121296449594124,4.97055960522,5.019274510620619,5.122110168030435,6.043621408320734,-1
773,4.822308765841166,4.982183787560636,5.2089877514332255,5.330428741730916,5.145251534769471,4.961454991622162,5.023840531292503,5.1274947878901775,6.046624448134779,-1
774,4.8131232895449205,4.998549369833858,5.20620004970611,5.322742123969949,5.163863047663675,4.949835329423941,5.029938706831205,5.133674952665488,6.041361142483884,-1
775,4.8085181930932785,5.022122030642666,5.192943130760552,5.313374905100988,5.194186486303348,4.951933750700222,5.0314529835208,5.140282436327193,6.040926779434161,-1
776,4.813668237568015,5.035630191628904,5.171865613629268,5.306049075690181,5.227458171392355,4.960863256870097,5.040771436319613,5.153535829438241,6.04356489206686,-1
777,4.818737963492208,5.059013128882899,5.145125935655921,5.297298151059246,5.252051707963719,4.968267567591724,5.045345607711444,5.164078071858663,6.048789281843336,-1
778,4.829785318626947,5.0659211640557364,5.128101563541583,5.283333693383698,5.279362341585193,4.974116076182663,5.051042406588338,5.162292223991402,6.046587655517054,-1
779,4.840022825997078,5.069810445046435,5.10602378989982,5.269627363156608,5.292957909302406,4.97809276529419,5.053931721079719,5.154896505782178,6.049634306156731,-1
780,4.850947457612499,5.067817486469216,5.072478009392429,5.265342171857522,5.310938416474319,4.96710379083032,5.062057303027147,5.14225300902889,6.04185972932394,-1
781,4.856425214031955,5.068180416711585,5.036973121993618,5.266132054179673,5.319766554730379,4.950604173642547,5.0724924697804274,5.129669146380282,6.046622321454633,-1
782,4.864866232765425,5.069947058732321,4.999708990497995,5.265210870814841,5.3136849794724945,4.936916256121669,5.070767324633744,5.120752502995001,6.0422665876874255,-1
783,4.877411498096495,5.062390766403593,4.964171543415459,5.257971389695641,5.3060829475525395,4.923441829713396,5.070276880105742,5.113478641846778,6.044705263261346,-1
784,4.889811098630112,5.0602566074591,4.935560262117074,5.253959569476464,5.290280041667572,4.906551981480003,5.053801825832072,5.100937470708403,6.048283665759193,-1
785,4.907203442853006,5.05372646862615,4.909114021786652,5.253914465794758,5.279694044842792,4.912330800478328,5.037600572822798,5.084406690444098,6.04843995031635,-1
786,4.923733124943249,5.042244686106039,4.893706108791078,5.251552599457273,5.257130981573858,4.91381926175375,5.001733394697886,5.071218347919156,6.046264307133918,-1
787,4.936036492424692,5.030714224078286,4.877824366046311,5.254752934710464,5.234991868359229,4.913914587140783,4.970465716274367,5.063045304187141,6.049531497849653,-1
788,4.945361144457382,5.025585775216468,4.8795102442493965,5.24561701579402,5.208208429984545,4.926838914827977,4.9455787964021605,5.0556542005622855,6.0407857282545505,-1
789,4.960964604795988,5.011511725166795,4.886860260334976,5.2352489771629145,5.186331013281791,4.945288911714914,4.92368749869277,5.05351695285555,6.048311093514621,-1
790,4.976722961747474,5.000913660843816,4.887888190963608,5.219669424874338,5.177268468227923,4.963073560162097,4.912347829440899,5.059560067583677,6.049623239365254,-1
791,4.99150678628336,4.999405775520822,4.889210230085952,5.217163485456788,5.16841075450351,4.974501424130814,4.905892046939965,5.07066966478003,6.039555652713068,-1
792,4.997994791160559,5.006611898426298,4.887221216152067,5.203950662649243,5.171986123181484,4.988198410492378,4.903574722164613,5.079156742381248,6.043893499908636,-1
793,4.9941256538143906,5.001464301748316,4.881216724998912,5.189901721509217,5.183603404790557,4.988745256596461,4.8948719278693655,5.086788919448939,6.045418173856247,-1
794,4.987527838192728,5.012657049478597,4.869857368106833,5.184800984415433,5.191097522385833,4.999262745171944,4.904200976234373,5.0935004232492895,6.052305255578612,-1
795,4.982947278620472,5.027904815162797,4.860078696153303,5.177363542478045,5.1963804259863835,5.00421262009354,4.913614329139024,5.096416967734084,6.047306278990076,-1
796,4.976857601920445,5.0327658829993265,4.843039724726175,5.166750224216751,5.201151659409234,5.00487214088344,4.921018340367933,5.09470193077564,6.046764858126218,-1
797,4.9682686493348065,5.045618222544998,4.833613168563776,5.1526252145388,5.199269478804613,5.009180720227255,4.9280171393443855,5.0858410146001045,6.051273762289496,-1
798,4.960063163849334,5.050197604574455,4.838442909594913,5.146569958922354,5.200517950237357,5.01547039042463,4.930035861406779,5.062845762498262,6.046765801979934,-1
799,4.950477935847781,5.062724563712909,4.846268624263317,5.133016220034359,5.200865046842955,5.0252555874723805,4.924263176740119,5.034805977789969,6.047295902228648,-1
800,4.940326952205052,5.067867317196091,4.855066300604549,5.124400413710908,5.195422877186306,5.033688659285749,4.924443517735295,5.0224711238568425,6.042719988994927,-1
801,4.927644482770298,5.0743455094371654,4.868227264318436,5.112284455725581,5.185854098366026,5.0340665859314795,4.933869170567893,5.00364590761206,6.046167675142892,-1
802,4.9120081762410415,5.075300043437494,4.877796931707197,5.0954627266402115,5.1811829087827785,5.03207135745897,4.941563488436344,4.99402086787985,6.046583842275881,-1
803,4.894773400778406,5.079373081928134,4.90074487846446,5.0838478362799595,5.179924037385763,5.037671663491158,4.950640665894747,4.984929023245368,6.036226321697961,-1
804,4.885707205645367,5.0876394791545705,4.918753163882222,5.080756496525758,5.176191113937706,5.037474637025218,4.945222403074094,4.98736129238874,6.045732053039691,-1
805,4.88088040912238,5.091592748220664,4.926150798993039,5.0712456898789915,5.181059576081782,5.026875781420717,4.93852655150567,4.99318285589832,6.054642409508489,-1
806,4.880324550555268,5.097008694424909,4.930060712328189,5.054228411591954,5.184577205905061,5.024513804024729,4.924172689393403,5.0045953802043455,6.05032896561296,-1
807,4.888025066717091,5.090349496674805,4.9388594116748905,5.03810699569637,5.187051608938627,5.01929258391984,4.90348746334794,5.028700303664165,6.043750106431744,-1
808,4.904551726873427,5.08540756061645,4.950641668546856,5.027394125562302,5.18421035720664,5.008054865113235,4.880002425678788,5.045104011920087,6.046564893569661,-1
809,4.929749458646138,5.090683727884951,4.971299552291102,5.021509913327844,5.178483999416253,4.9985781406977,4.851778536825332,5.052484614634383,6.036090584561125,-1
810,4.956359115597581,5.087129964744435,4.994346784125122,5.010655073478814,5.180556447332657,4.985748317556265,4.828269251990593,5.04901445186405,6.0451410974915625,-1
811,4.984359471468063,5.080846472379053,4.9996069633617175,4.9992156667297944,5.188724215852739,4.964085175132233,4.805355712437136,5.043562701077702,6.041298233266842,-1
812,5.012128330229528,5.069197117532113,5.013453400701969,4.984534906378992,5.190947656532187,4.9457960634964975,4.793633637212118,5.028344288913511,6.0397907798057,-1
813,5.027211691950252,5.061920545305782,5.023652679451096,4.980264110849657,5.188430851065592,4.931665014808688,4.783246799206313,5.019811210700075,6.04899164880052,-1
814,5.046220482200292,5.053705867095129,5.020096517770561,4.986387862053615,5.17634773600565,4.90697383594167,4.791565250409978,5.026117340747044,6.04862352115452,-1
815,5.055519372654334,5.0488279212728315,5.01011885181062,4.998335569408229,5.16624562317896,4.891249500498769,4.8148426477523305,5.03095349162119,6.041791023174882,-1
816,5.048761491554069,5.044320024350365,4.987114423866236,5.006916912801465,5.167137654895288,4.886324252664165,4.835587357894022,5.028930234964071,6.044863238351374,-1
817,5.046702991991408,5.039143569259393,4.963449009891526,5.026967113100541,5.171736054848037,4.881707885489372,4.856028338628827,5.042979581834218,6.043996198784346,-1
818,5.0542350213629135,5.0423488380831065,4.946903449989446,5.0489750567176115,5.179662080246019,4.870971442818704,4.880302446476264,5.063074699242749,6.0400790877284924,-1
819,5.067927894308668,5.048395700213206,4.936718073345457,5.0745112741824,5.179183737092553,4.8655900869919755,4.906601922307957,5.078633507981872,6.05497932283161,-1
820,5.0808188681085324,5.0565224126119785,4.916876729923393,5.106368755370167,5.1765434799751535,4.859862996316916,4.932139363588248,5.0949801038700135,6.052807330666597,-1
821,5.103602953621938,5.04836013454076,4.898385715004152,5.13669051045625,5.170911348100997,4.855351651090489,4.955044853507568,5.102803320467595,6.04070974014311,-1
822,5.123727249573275,5.051399868396611,4.8887081209539005,5.153531329116674,5.165105921851567,4.854761515705927,4.973585500708917,5.1032493496507865,6.042143326492489,-1
823,5.142074855068788,5.061272895051552,4.887968554305728,5.163025172459122,5.150548947930881,4.855974626307618,4.99036697990443,5.088217535808479,6.050140793373812,-1
824,5.174676295356755,5.0787763648454325,4.897553086050139,5.174170494894249,5.119655997000903,4.852716043191635,5.017104813544638,5.073711931828901,6.0536243685690545,-1
825,5.202944916203822,5.093327026756742,4.908859411357769,5.1715228586591575,5.088280749551384,4.863121740947569,5.039961522202693,5.066762997747322,6.043022547442672,-1
826,5.2217672879302555,5.107124039866161,4.920695171134896,5.163060837082673,5.049714581185026,4.878347524164601,5.0579846549990295,5.0614351246989004,6.034695245986899,-1
827,5.238309737741822,5.1055719439166,4.935027756314429,5.147015148955944,5.011601157220616,4.890374080327762,5.083585863110533,5.066243869682262,6.0402845936792655,-1
828,5.24887740808771,5.104053865234322,4.946217890714979,5.126785067223311,4.984906925279729,4.900555083174793,5.100348499092162,5.07591995711032,6.046766232249613,-1
829,5.247698020213278,5.113459309506202,4.966876925185627,5.097988998715127,4.962866866855711,4.9016789517936035,5.11910555399362,5.092421748780731,6.034814593724576,-1
830,5.244548735621782,5.114060896054289,4.985026726575114,5.0772981619818776,4.9444685917292235,4.90350368561239,5.139115840893086,5.112258575634539,6.04709922233003,-1
831,5.2473059862706455,5.104622902892517,4.992320689420427,5.060833079147581,4.935893453956268,4.900547037883227,5.148035113362349,5.140657273109762,6.043393818147488,-1
832,5.238194810201739,5.089794740981642,4.994838183453855,5.0419843920901375,4.935196607710754,4.902566877214908,5.156326493011249,5.1740246546626665,6.0489104333825745,-1
833,5.226074616880627,5.069816730760677,4.9958507283335924,5.026791583997458,4.930653811099206,4.900699609379641,5.169703073049991,5.19792941219708,6.052188196656534,-1
834,5.217056207577961,5.04663920412103,4.997244614221785,5.022652662215013,4.933553661964163,4.896224551094049,5.184374153711815,5.222423766904255,6.0383965431489655,-1
835,5.204997914309509,5.032164098973447,4.995814535046643,5.022674437452661,4.931620090942394,4.904705108609794,5.192149366972057,5.231415368688303,6.056017908852307,-1
836,5.193803036051586,5.012393642918334,5.001841387512861,5.024556787654288,4.941428475648999,4.923536903622197,5.2044376745222,5.242683689756062,6.047954913459862,-1
837,5.189511369234711,4.996399679712194,4.999556633357228,5.028802128916752,4.953595366395629,4.9473194721869636,5.210855361932199,5.250758969697999,6.048017115421739,-1
838,5.177888203145222,4.980619287536938,4.995616143927899,5.034443933866776,4.972329232999671,4.975469717444046,5.205289064358037,5.2521598980086095,6.047628401701123,-1
839,5.144945035571215,4.969717958641948,4.998571452317528,5.041233057918947,4.982259071372049,4.998407032588247,5.208506928830184,5.242675699377722,6.041199686759969,-1
840,5.11758953124385,4.954778376342366,4.996804850333098,5.050113729813826,4.999188381784235,5.0216701293814605,5.210677062896886,5.229485649136246,6.053996668723659,-1
841,5.092671070443433,4.942927428329496,4.995016447296554,5.046473120048404,5.023662821580198,5.044684252540921,5.208287050706701,5.217816795157866,6.042220796858618,-1
842,5.060347633669748,4.937788028128922,4.992580840477743,5.044551108615998,5.043911724595521,5.065672175685461,5.196188347869718,5.196545880109575,6.03888217885251,-1
843,5.030527413204617,4.938533459305859,4.995843912754493,5.0341240440147095,5.070813415587586,5.07691501575469,5.179455145797786,5.180676652969364,6.051513228719334,-1
844,4.992540318173537,4.956999146926419,5.001716326799173,5.016931800123578,5.095187817220021,5.082665042092676,5.164925325982695,5.1571295689036685,6.055329859911418,-1
845,4.963665448441686,4.969147743178264,4.9996458482399175,5.0094121226949735,5.114872302341809,5.081263511231682,5.157753653631548,5.125166443047341,6.039930841479481,-1
846,4.947423513073536,4.981869072603924,5.006114910521996,5.002165766369473,5.117391953710012,5.074634943644243,5.156120291762242,5.088050626015055,6.056215657017854,-1
847,4.950696065609513,4.998742044521629,5.007474859861313,4.977841763836424,5.1251001228138175,5.063280031955494,5.156319688347345,5.057462966218483,6.036024148741395,-1
848,4.956103478983773,5.012534873494654,5.016177409260477,4.9588815117262275,5.125601233960624,5.048037418196904,5.156460602647389,5.029936416645257,6.052504544159542,-1
849,4.957128530648979,5.021294664626608,5.023920797846337,4.952853082050236,5.118392971899868,5.030407325558544,5.164565940377181,4.994884237037941,6.056728694370767,-1
850,4.962862244493972,5.025501370471435,5.03699481648883,4.951265029460559,5.111442942578884,5.026332202203997,5.169099297980385,4.958716773833619,6.042116165479935,-1
851,4.962849866061465,5.024911144237701,5.040039641110001,4.950057693000237,5.101877878662035,5.020807301014818,5.170700479696567,4.934694576749602,6.041413601545633,-1
852,4.966902179953876,5.011767982370042,5.0343051234289815,4.952466739625786,5.080553126679393,5.009895724294365,5.179920328919807,4.9046909417679005,6.047936343054159,-1
853,4.965530127568599,4.995923299253496,5.036924429383573,4.956857652585489,5.069437159909982,5.007516707218236,5.186939110768299,4.8855727625602725,6.043907051086069,-1
854,4.954250017151465,4.9855447494132505,5.031334630657701,4.9632463485299905,5.076354083010628,4.996312471460516,5.192032087256501,4.880331741901126,6.059859899234349,-1
855,4.957670025840308,4.965264205672347,5.02825821707847,4.98323909050288,5.083182534813714,4.992650782469452,5.1978632270419425,4.875619562588459,6.048007276829853,-1
856,4.9511583786068725,4.964496809209667,5.025362999937462,5.000301326757377,5.089740464451353,4.990721811332434,5.198522236522265,4.873082645530572,6.042594049195169,-1
857,4.948521829398257,4.9755317869121765,5.021131284544321,5.0154424084127,5.0932373196021326,4.993846237946933,5.182780401384441,4.874472735479367,6.039690538949157,-1
858,4.947936622887618,4.992623378864164,5.003868559573201,5.03266607955589,5.087454986425759,4.982273692700762,5.173003422262997,4.879393461862002,6.050510574954617,-1
859,4.951248912242933,5.008848887561478,4.9983082920286535,5.046710850743762,5.0820249390163665,4.980104671267806,5.160916295864723,4.878629833838493,6.040986951993519,-1
860,4.951501879004251,5.023989272299432,4.996810091020108,5.0690803388948025,5.088455863687734,4.982500864030477,5.132716170620899,4.888172566653173,6.054685227698739,-1
861,4.954205881447199,5.049200743021293,4.997206544264615,5.083048539197323,5.085532857684237,4.987170865339616,5.110248836089161,4.887874159939468,6.043679782230551,-1
862,4.966277324295319,5.07019996692616,4.999010068962985,5.096187498422658,5.07746902903739,5.000267599672549,5.095124753081839,4.878167365842847,6.051800707309794,-1
863,4.962876888616704,5.088712616258717,4.995388415244518,5.10057137651393,5.064923209099329,5.021033481114097,5.074974978869372,4.874446022013127,6.0455673403524814,-1
864,4.975114009183327,5.096208238768453,4.985519949845146,5.097189347288298,5.052097163880111,5.03643501689074,5.055607336575765,4.864673539315442,6.050646477623401,-1
865,4.983404804804602,5.100503613621187,4.97662571757742,5.0949982508416145,5.045747484269323,5.049555993086643,5.0481692748483225,4.8613409722963725,6.037836608203833,-1
866,4.996578567520968,5.0991039507721965,4.97114126673029,5.08324564421297,5.05107489782406,5.0645949601563895,5.032712105746754,4.86833894080534,6.050679144073616,-1
867,5.018842882793706,5.10253075987745,4.960240510579695,5.0807928344802695,5.064991019231533,5.0743174775174715,5.0212383632012525,4.874219259031577,6.046447998246917,-1
868,5.0547655330866545,5.11069233341448,4.95011551911403,5.071055480527722,5.0727640874263935,5.085949996272479,5.019932372572483,4.879991754501085,6.045374686599566,-1
869,5.081428249928694,5.112752095883668,4.948501103703599,5.074348192379475,5.076483234493389,5.108590216576557,5.010965954178559,4.899273132312205,6.042540229176472,-1
870,5.108505969498597,5.107466129345335,4.952119771441113,5.082980466869319,5.074271361315519,5.129638787604174,4.996068284584899,4.909648034371324,6.048700109488308,-1
871,5.131652577473455,5.111115204738979,4.964062648586856,5.093357570303284,5.080073186680478,5.147937780357981,4.983567343789772,4.9183923722907625,6.048564199018979,-1
872,5.149343328263961,5.106561846653772,4.97797480249344,5.1028159089432386,5.086423890605643,5.162239415530527,4.97451058272905,4.93365193636412,6.056681323450309,-1
873,5.168284459809608,5.105524243722668,4.988319968809299,5.107642077456768,5.091561839945904,5.173993543515847,4.956421080209141,4.938207391019085,6.04255849714165,-1
874,5.186671489304959,5.098997083514347,5.001304565772908,5.119779521288793,5.090608353895102,5.18493143165273,4.953201375701495,4.925252135167302,6.05323433722398,-1
875,5.197165647101495,5.0939304219227495,5.01475366446482,5.130240363711621,5.093518791140232,5.197295283955855,4.954557749882927,4.913099231044568,6.05399254562133,-1
876,5.197192733425919,5.090935808252015,5.021050485781144,5.142645088800894,5.0867744709987575,5.208767121587716,4.954331457398508,4.904231428144761,6.045783594553187,-1
877,5.197647640294183,5.084562981167232,5.01332543850708,5.145455165366707,5.08050559885762,5.207251227440043,4.953581179373101,4.890309944799224,6.0549502023689135,-1
878,5.191833034454941,5.085032385553403,5.013135130634474,5.13746716519275,5.087862263141428,5.206914534063912,4.947869369434992,4.887216640685655,6.045512753355848,-1
879,5.192868039197986,5.079449076473808,5.009336387364577,5.140395351486698,5.0953991068149795,5.194601869330125,4.946625322699901,4.887819714590338,6.0424348025913535,-1
880,5.187850443253335,5.070149886146465,5.0105181419148,5.147482658553855,5.113694012028892,5.185973667214434,4.939779547055073,4.892453110028079,6.0324259514301435,-1
881,5.189907479987295,5.062787925976297,5.011186040235809,5.161796218079034,5.128666895253633,5.181784001264129,4.9420889886982335,4.901139932285952,6.040293522600512,-1
882,5.189956478037229,5.068686160915002,5.0009747790007335,5.174828474717265,5.1476931968517174,5.1784326035520705,4.934877609223999,4.92260459686464,6.047733409582283,-1
883,5.184867778988974,5.077723104036533,4.993200870194721,5.191150579264357,5.166214204601141,5.172299941121758,4.926153000510222,4.94515259218334,6.045217651161975,-1
884,5.183341762722979,5.086121175176734,4.995173298679292,5.210309071431956,5.193298661584809,5.162502354622333,4.919997605512147,4.96455440922219,6.046091782716932,-1
885,5.179272066563181,5.091009908609854,4.995450992588197,5.228132858448109,5.2178316740430395,5.162105995246896,4.913763123254753,4.9836808075578265,6.049071770861581,-1
886,5.172757687316887,5.082799365526295,4.983382182774479,5.24574807569706,5.229126757910639,5.156553088070992,4.9291327094167645,4.998056028892399,6.050024985212915,-1
887,5.163446422510306,5.078145182940244,4.974898208352962,5.256107709339016,5.242685230468787,5.151153802938295,4.936545401546853,5.0052307471997235,6.050506375506494,-1
888,5.159623618900097,5.083051863115346,4.9624447079869904,5.264554787191131,5.251641452733271,5.147542000558105,4.950831253283676,5.010302988368208,6.046698256915975,-1
889,5.144721757858493,5.087147326755308,4.9566120248205285,5.2659279146717095,5.256938793383108,5.13547196391897,4.9646964868461545,5.022288518505678,6.042445089287801,-1
890,5.12883591733415,5.082129387779642,4.953262274930474,5.268603647918544,5.26511520734655,5.1247327110763,4.985979625055831,5.02602042592606,6.054939446289293,-1
891,5.119815322923946,5.075893992362323,4.947705667026059,5.258397196842288,5.26530762817665,5.117772393966527,5.014693242438399,5.028439355374885,6.061664205305955,-1
892,5.10952458101881,5.07082660173899,4.943453049661151,5.246569298595557,5.2626133943640685,5.120577344423232,5.048779600856369,5.034530676553278,6.045436455301537,-1
893,5.10638086467598,5.08475040727624,4.952449160553609,5.235343947033556,5.272037660206871,5.122313567323783,5.08796689859733,5.042553895687076,6.049132059155461,-1
894,5.103981500251371,5.10594733683696,4.970025791668707,5.226342909829545,5.277806495075538,5.129394620342425,5.119284326796612,5.055266971173488,6.05154078491014,-1
895,5.096761311527312,5.126175805392282,4.989328353647344,5.217262246647669,5.27780793091919,5.136812818736447,5.159726135920334,5.077794982941449,6.043525507056437,-1
896,5.088109646987224,5.148044867136893,5.003557133352722,5.219401185690982,5.275612615184317,5.144750901032967,5.1982365861186635,5.102101006712905,6.041929364558522,-1
897,5.082787979970453,5.160858905016824,5.007811972150092,5.218571825070107,5.272895504482818,5.147462906275925,5.234827035477791,5.12314931919892,6.051495933731513,-1
898,5.073114060067987,5.171264715797225,5.011334255475645,5.208695198879276,5.262572843141677,5.158231172134371,5.2745141712753,5.151541520613515,6.053671752811735,-1
899,5.0594768730276245,5.175844673223433,5.0114538335275665,5.2088787210830985,5.246428445371153,5.171524759518336,5.304887598892505,5.176165862227367,6.05087189061889,-1
900,5.046332562626768,5.1712187129317115,5.01377834354629,5.204836342160295,5.222397978588052,5.181815318167664,5.329090515789472,5.200654867997629,6.058262723033514,-1
901,5.037889346020434,5.150801916988207,5.0084944656788775,5.198406434709267,5.204869453726521,5.19196862472735,5.35171625721223,5.220653354065832,6.050275596144694,-1
902,5.029729677425155,5.125170101523233,4.99459720128518,5.190656459307485,5.185627286305177,5.202758724325067,5.372069218068058,5.242158095180313,6.048236492527583,-1
903,5.027201378241708,5.104213520354602,4.97379887014853,5.180859015093612,5.167405368673492,5.216471846090869,5.387282250231859,5.2441078477197935,6.050709713562018,-1
904,5.031584468828562,5.086844621522866,4.95621021405595,5.159251499966975,5.144131962493637,5.227880185854129,5.39315855724062,5.237900528627886,6.048346340792519,-1
905,5.040704323890579,5.068966867428363,4.947502989545667,5.141949333794463,5.125731718537811,5.237230591680626,5.402482387812003,5.228277572460573,6.046279830657771,-1
906,5.060743648936978,5.062309618108256,4.939120877531193,5.124084678549771,5.1000454092001135,5.243799089378787,5.403559441656295,5.214466510554256,6.053347687213521,-1
907,5.080724401679973,5.054971055446344,4.932820229352401,5.0960050219128314,5.077864672444737,5.242581561394343,5.4028587494293685,5.205979645901832,6.044372400507929,-1
908,5.098311286018757,5.054225319406768,4.923358309394254,5.076346793497625,5.063600648919843,5.238928723750955,5.393252710432127,5.201638297579375,6.048514415211226,-1
909,5.109436443597839,5.051010331335372,4.904041708716723,5.069568348974801,5.0342695610176165,5.228073279904022,5.3798872562159925,5.203609842086408,6.049761951632614,-1
910,5.123415912702554,5.054207137977448,4.885466667264192,5.05955248924338,5.012962497498639,5.21774117327853,5.358333535740923,5.198566758629101,6.03976441436957,-1
911,5.137914070308891,5.05879330674814,4.873542121639868,5.057200837994607,4.987819218962985,5.196038330259512,5.332930687470266,5.197798328743071,6.046032753176141,-1
912,5.144373730104221,5.051967788586784,4.858973708716182,5.056311260450093,4.96549879777118,5.1751847267169095,5.315270030422233,5.212931428156213,6.052286361697362,-1
913,5.141649231225741,5.044190195494743,4.842826180203983,5.061789594968531,4.942391487872513,5.158564083111988,5.292326996241516,5.227677122506105,6.046265744557241,-1
914,5.122573808685297,5.026894866859032,4.828945564316227,5.0675040061029275,4.929861680773466,5.1365423270720525,5.261153082767477,5.243261372429467,6.05555254018334,-1
915,5.11235163941246,5.0046191510049125,4.81771555210252,5.088606997448692,4.921690829338782,5.118877661056102,5.226677367782271,5.262511988947341,6.048031604964147,-1
916,5.110017706296256,4.989523338980881,4.807824071914044,5.101485763656044,4.919844242826024,5.099884491744935,5.20421144576172,5.2759911174996015,6.042921379822056,-1
917,5.119022734194367,4.9719997416826,4.808761240651078,5.10319332702616,4.920151576071257,5.073936055831631,5.18350358430501,5.285114843019826,6.05487968095366,-1
918,5.126478448884091,4.952615318365597,4.825494498333998,5.103282880383032,4.926484263398433,5.043379592664911,5.172693377438546,5.291194588677951,6.049505739306307,-1
919,5.126908255630066,4.931745635134488,4.8364760695909945,5.099184866615541,4.935355363745543,5.029500362705876,5.158795332058978,5.309780511670736,6.057289416904031,-1
920,5.129673772086094,4.926116257086023,4.853380189375025,5.090852561816524,4.949257258066466,5.0160924877588124,5.144746024402046,5.307148802784152,6.055726733252297,-1
921,5.137027655790925,4.930763701451554,4.870831391667632,5.077269920816703,4.959487637730725,5.003471725611874,5.13327651538596,5.312253529084473,6.039106207230433,-1
922,5.158487355969445,4.939053021419389,4.89026039337894,5.065813999601786,4.963497532173794,4.994906515046876,5.125749430171625,5.321944565292434,6.054506148732506,-1
923,5.176276777747873,4.951009247389255,4.914999620235192,5.043625788087873,4.964008930306269,4.988760279468409,5.125201851112064,5.3304244876384805,6.057015312290466,-1
924,5.186601327430384,4.957963489505202,4.937374262985956,5.019228492253623,4.96147501229403,4.9821318888094,5.123758005692485,5.341739688824494,6.044853464913862,-1
925,5.186476903855454,4.966537479710865,4.9567175762026805,4.989235473978266,4.962704257904717,4.994588630474885,5.1314487450824,5.34855866300472,6.045399310822052,-1
926,5.188380357085143,4.9860090732954285,4.957098486080662,4.95882356228048,4.961814000438459,5.001767171927044,5.135096583479674,5.357266137065823,6.047243475670966,-1
927,5.190426293475079,4.997382652125871,4.958824512269922,4.927046847722882,4.9642924565071755,5.003571236983684,5.142231026086572,5.351947800092675,6.052726355277442,-1
928,5.184934753718893,5.003882443428354,4.959554881406056,4.903943004510621,4.9567020390683565,5.005498536539216,5.150133073149837,5.354284693238398,6.047994074858719,-1
929,5.18134410167818,4.995660768497296,4.967775008205579,4.888208789666895,4.950605449288643,5.013451175144489,5.157821958201043,5.350837008903671,6.04610392046207,-1
930,5.174059013778922,4.98315499972466,4.987690839253612,4.867564780564966,4.948118823603808,5.029424466325953,5.166418551146847,5.341046609670818,6.038662513948316,-1
931,5.154605882844917,4.96718045007282,4.993153760555251,4.847444946374337,4.9509360691938795,5.035267520531528,5.1749032145659015,5.3284065913334375,6.053643333943946,-1
932,5.1418606763963135,4.949912125607076,4.9989546976431845,4.830514809601976,4.946851614223798,5.045847682640339,5.172038861851248,5.314140693377593,6.05213057982192,-1
933,5.1246206925616224,4.937921368650545,5.012297731869036,4.821086304619836,4.949420119214775,5.044199151186625,5.151409482781028,5.301849118966638,6.044779154143271,-1
934,5.107292782565315,4.914518209848394,5.034377640169942,4.822479798618079,4.948268874657256,5.054466724026333,5.125419285977037,5.297163699542902,6.051637844154536,-1
935,5.092870015361484,4.902442805643346,5.052211343661446,4.827566666959551,4.942649091315431,5.059729984652051,5.11042047460414,5.2955518918085005,6.043247032628683,-1
936,5.090123826628161,4.885121876988826,5.07237468337353,4.829572703333728,4.941933189782098,5.062814513857878,5.0891138252671055,5.2942123561281385,6.0494022654563695,-1
937,5.094727159897327,4.882829100339146,5.083690409630654,4.820059603823269,4.9442107365682535,5.072550256496703,5.058210120567279,5.304908608959905,6.040239385395075,-1
938,5.102075158956689,4.888655989462902,5.078887845553507,4.820496599824727,4.9418806653854315,5.074048986673377,5.044179457635433,5.314518980155338,6.04209025830584,-1
939,5.126444841648069,4.893435805812015,5.073534499015352,4.831380394117674,4.931167290460483,5.080945379263594,5.039296005783601,5.316543421564167,6.043607738060578,-1
940,5.141159758498412,4.897065552734014,5.075408719830463,4.850303342339662,4.935657851745771,5.087106513103161,5.048202498814109,5.314775804321364,6.055314198251776,-1
941,5.152212506070034,4.910959667736157,5.077883205888912,4.8700303686484645,4.940926329205267,5.0956324368559525,5.069520225873833,5.310970609146535,6.049072389417531,-1
942,5.156697657096108,4.925975882234949,5.078465051063375,4.891770622366727,4.94713733733433,5.096277162562042,5.096691200463584,5.307378651586179,6.051309006187545,-1
943,5.165895046093331,4.9404130663719386,5.083542260010599,4.915907639186859,4.967305183268887,5.102015443942616,5.107301432598993,5.302533607559624,6.0461793198645735,-1
944,5.1650597590249685,4.958631844672469,5.0829535206660195,4.951911946545099,4.987339780883424,5.117140149703414,5.123257401078576,5.2948202101395685,6.057755648209423,-1
945,5.149295727002512,4.972690561188722,5.072883558216449,4.9906586203709535,5.008254728877182,5.126307303847037,5.146514248069646,5.281420627798732,6.039918907195657,-1
946,5.135545518276656,4.980025966826826,5.0645809565786575,5.020333797767053,5.0422227131039286,5.142236482722424,5.1608231338285595,5.280561923655068,6.054073344128258,-1
947,5.118510994281241,4.989832758609832,5.066419322041302,5.049912982879087,5.0808900057064985,5.157961271790484,5.158332216539467,5.275779959842779,6.049371019053378,-1
948,5.107547000467841,5.0051076454236085,5.0692010077602445,5.070223815569077,5.109161784967659,5.171498439624647,5.1419843102854434,5.277729868023338,6.051397666711428,-1
949,5.104289637286947,5.012185653875914,5.075063251210857,5.089031043359217,5.120625892407178,5.179725670638369,5.122037056307286,5.278007788053708,6.053775111018734,-1
950,5.107094505131573,5.020380303465481,5.088650723152999,5.105651795601662,5.132484595445924,5.1896515222479165,5.098072835117919,5.265336784157468,6.053392468563931,-1
951,5.1085198506558545,5.026010609016912,5.10524909050588,5.11915402831911,5.131655524159631,5.20031933308182,5.0827665921598335,5.266984742107865,6.05074401392786,-1
952,5.119249805536584,5.040061161335301,5.122671637729894,5.1203164453081165,5.130552718632199,5.206722062231726,5.070607148033525,5.268231403891881,6.041414214306962,-1
953,5.130217856342943,5.051546101981762,5.140597381047702,5.119985621591951,5.133180533482304,5.212096420187953,5.059514236552298,5.270878953433641,6.040903810757433,-1
954,5.138557120591452,5.0655925496169685,5.153532694991615,5.126535432956717,5.1269743994848085,5.212710598647123,5.046980059143431,5.270103268371958,6.053032329023372,-1
955,5.141730264453545,5.083712022240926,5.164361327187164,5.121710063172315,5.123804324026028,5.20596704392436,5.035227203708549,5.276949889109642,6.046760786558273,-1
956,5.1550032021089445,5.086725571195874,5.169850798775876,5.1158616442960785,5.120579128415688,5.196696616235934,5.035843162480303,5.274026290543433,6.048738621655803,-1
957,5.172335610141488,5.0978760419547955,5.157705050530602,5.106962157717916,5.122289254609882,5.194066530291765,5.0348274096885675,5.26808203058621,6.0437578792468925,-1
958,5.181556524957957,5.112161770014067,5.130967009884171,5.0991272291883005,5.1278268138359895,5.193335187031226,5.036585676750015,5.27353249217853,6.050617558265036,-1
959,5.1922378713709545,5.11992912655053,5.101197292649966,5.090019183984798,5.136209931113323,5.193274692548097,5.0374430491519195,5.269348134806774,6.044662845895295,-1
960,5.198560314313397,5.1179239506109475,5.07429319699841,5.0826560592203585,5.140934640116352,5.196109199922227,5.029256854000047,5.269815845016641,6.046182323855832,-1
961,5.210872909538838,5.114172500042121,5.060091681148583,5.080092238264037,5.141147218991671,5.194511675175461,5.011829672038498,5.259050644401743,6.041084761668017,-1
962,5.217169832618298,5.103409905402391,5.05476267584753,5.074152470268712,5.149358575394516,5.197821976399255,4.991704275110465,5.2501095859451095,6.057833624745663,-1
963,5.224761984296778,5.095352206142052,5.042252537204879,5.065832170708159,5.154764663439597,5.217429535954605,4.977936017576573,5.240005814618403,6.048095194916537,-1
964,5.220124073394053,5.099830365240063,5.032652549787194,5.061285411309907,5.163872962563749,5.242835515314759,4.963938486195394,5.22960137847721,6.043290566619828,-1
965,5.203666513470693,5.099542375036375,5.027255453613517,5.057748964163793,5.182799927718954,5.266892285097725,4.958463477949586,5.225432305575632,6.041536490669035,-1
966,5.194483668007175,5.101380220364913,5.027650232135749,5.049721603081479,5.191674984562019,5.303110053096248,4.957498597260301,5.231015933315594,6.0420307022724575,-1
967,5.183530824231793,5.104626028120766,5.0319670681715545,5.045886912058859,5.190542695881908,5.339252831146649,4.9501232331400296,5.227848229510577,6.054455138017966,-1
968,5.177393317094355,5.101711222515669,5.0394421232189766,5.042351420165485,5.197747424878196,5.362808811466795,4.952151817821587,5.21727821829111,6.057445692199081,-1
969,5.16786096334985,5.10178850491424,5.046357005917718,5.040585631906742,5.202853254105466,5.390287415850597,4.972284234534852,5.213469515737761,6.052684656232325,-1
970,5.153201479558327,5.1040086559738675,5.057803397722362,5.043006557898655,5.204487461326872,5.411033844991568,4.992061678885337,5.202789359284572,6.053849260755475,-1
971,5.143365865501837,5.101499782988617,5.074509702101308,5.060615352760811,5.206203819220113,5.429093574548406,5.016072668513255,5.190254858820736,6.0502770349230515,-1
972,5.127865953663766,5.100700656644437,5.086541622927771,5.074652475862857,5.205537089640115,5.44241175340403,5.034096430115148,5.176091101138673,6.049888506964795,-1
973,5.113385452143651,5.096211161392169,5.096155906014458,5.094596679057414,5.193931437056056,5.4565345853324665,5.050378437589722,5.154842366950733,6.048919642266215,-1
974,5.10550433295815,5.0817096181974,5.103807573362688,5.119050614189127,5.190667165882154,5.4536539916514615,5.066329377376466,5.121143218641646,6.059583583971767,-1
975,5.089880939656239,5.07705620006365,5.109151796193534,5.141220015929435,5.1917628422166775,5.440656431965799,5.092957791304514,5.097153317408,6.048609493058506,-1
976,5.069168853278849,5.074174097617215,5.122128402003387,5.160672995750909,5.18745430521709,5.4312171142945,5.109614861858317,5.077575814916183,6.057384943134218,-1
977,5.058299639288149,5.073596238025737,5.128661608124518,5.174082491611635,5.188820881570054,5.414460472823581,5.123816027724492,5.055503756582852,6.045464995555935,-1
978,5.048680691062427,5.0801213025983785,5.125648981922733,5.184659491025157,5.189811254085972,5.387019195220304,5.130929084053125,5.040112876140728,6.052181129514309,-1
979,5.034987918625869,5.087350601741288,5.123424045312525,5.1910994817214915,5.202310154870228,5.354325189278185,5.130763394409969,5.027581292844452,6.04554365042367,-1
980,5.024116162774174,5.096946498654976,5.123120274320899,5.201154172703511,5.210687007672319,5.3175044694614,5.129757772357484,5.0290814365537475,6.048624744029435,-1
981,5.022241116114152,5.09843270691148,5.128549771081484,5.209178251121563,5.2153304384795645,5.2793184810751255,5.129547695745048,5.041675027809016,6.054848961353692,-1
982,5.010654599472506,5.099589022760644,5.130759767082412,5.2118627620685976,5.215759101203117,5.237986283096958,5.1244514542146735,5.055061696480703,6.043922609933366,-1
983,5.011441950633642,5.085952525560339,5.132418058498646,5.217223577254932,5.221635612475218,5.190115730368774,5.122662127277967,5.065658728801818,6.041024906545531,-1
984,5.013135113239146,5.069407884615333,5.123563574706781,5.222840357960529,5.234202862732337,5.141645500522528,5.1286217775731,5.094376534788697,6.038211749720302,-1
985,5.012640758627474,5.0448358831314035,5.112110007967436,5.231252528972014,5.238992766921447,5.102691376042865,5.125835683143107,5.123944638120874,6.048468371792772,-1
986,5.011485605203999,5.015114475212199,5.098817837572295,5.234162276637829,5.242695853060087,5.0845484956126725,5.1298920732759825,5.146255246546919,6.051759556771714,-1
987,5.017865310518022,4.9874667082708415,5.095258804551532,5.235159785127673,5.244601572146729,5.067834643954598,5.128371144093388,5.170654594760797,6.039325963184565,-1
988,5.033626091399122,4.949201326256821,5.075400567522243,5.240073878952854,5.252209476251836,5.055076495594413,5.130596040469929,5.185212038609799,6.04881943544419,-1
989,5.049836457337228,4.932520439152527,5.051544561968761,5.2490073565864686,5.271884077952577,5.041779789881088,5.127371750523017,5.191373814711722,6.052140836264633,-1
990,5.0741961062077605,4.913084725537802,5.033505944026536,5.261721851681429,5.292243242993913,5.037317521780257,5.127256189632744,5.200782156147116,6.050116092441409,-1
991,5.09560294037716,4.891695770042861,5.0174524301363705,5.264234655169041,5.30653938148005,5.045352871456636,5.1213601844295695,5.213318815966618,6.054569989403461,-1
992,5.1098016188187145,4.872285883886819,5.001079016662761,5.2667798084019575,5.310967581013763,5.066660591413658,5.124786773149852,5.208695966986451,6.05499002967626,-1
993,5.122103220808572,4.857294500903298,4.989013079243402,5.274168631010022,5.314568015871952,5.078487866214957,5.1350528009351954,5.20196513863345,6.055706943549099,-1
994,5.135569712392877,4.846213715874297,4.989509210278127,5.281542507262207,5.322215120663227,5.073853552943208,5.1448458470442215,5.193138504219306,6.054624630778105,-1
995,5.1459120480293725,4.83317683708183,4.976316385355116,5.285790042899632,5.318326955801679,5.058521337062854,5.1649573757066,5.19169133448815,6.040096102608904,-1
996,5.156201711011481,4.81407370515211,4.9754203286362015,5.279280100497377,5.314474794665852,5.03736801192322,5.188727927128981,5.190123312001639,6.044978254516449,-1
997,4.5147595948809,4.195011203924242,4.357177275032747,4.615567611780008,4.642743343726032,4.402405572879614,4.55387592127645,4.54441654169147,6.053166658681,-1
998,3.8668355258660543,3.584918349083774,3.737567305938404,3.9492757629942465,3.9719507849036924,3.766414297595391,3.915678839341659,3.895174504197911,6.0470486860076615,-1
999,3.216973910707165,2.983845575692012,3.1150294729553343,3.289328924322994,3.304039628801318,3.13388272853177,3.2745490670050317,3.2454490910095095,6.053384103346047,-1
