time_step,region_1_entropy,region_2_entropy,region_3_entropy,region_4_entropy,region_5_entropy,region_6_entropy,region_7_entropy,region_8_entropy,global_entropy,lock_epoch
0,2.5143664197589515,2.550618648574642,2.56967275727373,2.572729599786557,2.5169008848323298,2.54882620467108,2.536812502776153,2.5466234570278408,5.604515814747199,-1
1,3.1432713991945445,3.1820239092449114,3.2140080556988355,3.2179136144045946,3.136522845059676,3.191116109408243,3.1769214853091636,3.194297872958851,5.601964692788137,-1
2,3.7767840417440537,3.8059498071598785,3.855848841243533,3.8653107722507616,3.754111191226149,3.8334103010291987,3.8112593327810034,3.8463983493043945,5.602726599379218,-1
3,4.410298936538217,4.422554619076123,4.501337437732625,4.520356537267592,4.369332151372273,4.474507063432864,4.44689931765868,4.498363704071137,5.6099994190089335,-1
4,5.0475856997863024,5.0332474653275785,5.147472275177282,5.184733737740678,4.979681773823369,5.118038695499524,5.080852319472517,5.147102179191226,5.601842354820921,-1
5,5.05660628277702,5.0045402255003255,5.15964278694108,5.199208231456334,4.955924468276065,5.128277153019196,5.067571755768761,5.157558306024772,5.611851670250816,-1
6,5.059617691341133,4.974552884649858,5.17220225896706,5.211309742586872,4.940712844455691,5.138816383672288,5.059474705320067,5.157368668929289,5.621666678715926,-1
7,5.0595235661835565,4.943211425237743,5.184506633317726,5.236820512453388,4.920290861881289,5.151021457077037,5.062552373556741,5.15891501247877,5.620087881428004,-1
8,5.055828060597549,4.916259756874988,5.196096526175505,5.242651972400003,4.910700352158548,5.162877207536489,5.063222654552147,5.152823760484464,5.613604667876011,-1
9,5.050643120031334,4.892093681812665,5.20968864560973,5.254523103523085,4.905416855650962,5.166331009692579,5.0629450104901395,5.129289871418567,5.628238680384375,-1
10,5.0441601480745,4.882509475952495,5.230539846624301,5.2648249202519715,4.905453905612146,5.1688498695590965,5.074369878060821,5.099110055786275,5.634399248462424,-1
11,5.041112327039931,4.8806409273301785,5.249426327875996,5.270029605998246,4.907101334946376,5.167872300311703,5.089296840781586,5.077362806376437,5.639109193376444,-1
12,5.037760165159808,4.887935069921713,5.26259144026855,5.266236636807292,4.9125808792138965,5.174904470456161,5.1081494076437,5.058091156901015,5.6276726643388075,-1
13,5.034687621491216,4.88894529125632,5.272093579063104,5.269487597890774,4.923541514129705,5.173656101236922,5.121966158433502,5.045102915065511,5.637966377754152,-1
14,5.044664895304527,4.890841963111917,5.269866098411073,5.275246553811921,4.9284163131188565,5.170885503357637,5.149728159855196,5.041705296103119,5.635074397626307,-1
15,5.0586475208624995,4.894454596522328,5.273649083688795,5.27371858039927,4.935726520496168,5.166868229917663,5.186133238724777,5.041671217455851,5.649958762528033,-1
16,5.066717702247226,4.895284619054891,5.2738549380434865,5.28275494897141,4.926581914042747,5.163785947459356,5.212504396835925,5.048008152325952,5.639448418782379,-1
17,5.07642577265581,4.897058082921775,5.274454042820273,5.291114439974443,4.926423992706369,5.171611074224004,5.229854413883423,5.0637341550727575,5.650825744201896,-1
18,5.092024278752236,4.894494647705575,5.268586677224045,5.299056556206795,4.922901893321438,5.179736235232754,5.239163247027028,5.073175335822157,5.647140897777395,-1
19,5.106164610491423,4.896352176779297,5.25349603962514,5.307221089030215,4.917622567151073,5.193433719574047,5.2475418227246005,5.0719520428800875,5.645382116550205,-1
20,5.114521808946715,4.904963411582107,5.245890819049076,5.310807622640225,4.914146287752585,5.184364269219665,5.260818374396561,5.07831386387096,5.652953596503887,-1
21,5.12038434784827,4.91890080822332,5.2445422840396585,5.309403907739166,4.906864216091863,5.1882382822847175,5.275331194986989,5.080648955786674,5.6589734098567845,-1
22,5.117456078826612,4.940688257487627,5.251636659969926,5.295767367815488,4.909117456297293,5.18838485182323,5.284057747797998,5.069364547032596,5.666947558063272,-1
23,5.120869139756947,4.960434097560885,5.2624444691495516,5.284419990140208,4.9130031048359895,5.177015561854228,5.2811153396344706,5.072791569927486,5.658079732225756,-1
24,5.125010986170494,4.984164871404771,5.2777326382523535,5.269417050597564,4.92502670367934,5.1662789712923605,5.285136410430598,5.0600604799082225,5.660106018129175,-1
25,5.140899373824301,5.014314303966253,5.2918897285974635,5.259859640086667,4.936325433618561,5.1565153136411395,5.286065289098986,5.042450656384329,5.660818983889414,-1
26,5.146939824954802,5.04769603108791,5.307758471011541,5.246934796659034,4.942138731197713,5.1470850302276965,5.27768056714491,5.023033532128086,5.663302315338118,-1
27,5.151698182455167,5.0701107192944255,5.337326321496094,5.226497865083432,4.9547502341247105,5.136579948330841,5.275354788325515,5.006286091458868,5.667744172585074,-1
28,5.166140331813725,5.074136536521367,5.362769331359765,5.206783382388336,4.961663169833008,5.136924174673009,5.270559848723575,4.988609676732298,5.678617140787634,-1
29,5.173319478411257,5.080379594558918,5.388387974998066,5.192282958494002,4.9612004718827505,5.133517051057757,5.281052662727688,4.96588934777564,5.666567901746205,-1
30,5.171333246270418,5.085465741952032,5.4070624479654,5.1858139547399364,4.9579184983808915,5.131739197638208,5.294802811362519,4.94690605491091,5.675459342745525,-1
31,5.171810938753803,5.099863615244394,5.419215457738594,5.179020449239385,4.958380965206897,5.132788607242768,5.312162595774555,4.919330368696936,5.67248395897395,-1
32,5.179292263206159,5.113328702377472,5.4285597999707935,5.16994077857113,4.959313925547574,5.124869590660412,5.327577385992042,4.907723533964327,5.683971168788604,-1
33,5.171294195782915,5.116256180720292,5.4285536389182525,5.162826957087855,4.95574068891202,5.114625435562461,5.352970415185226,4.8947552145311795,5.6820565706428425,-1
34,5.166863985088462,5.109001694218872,5.420346289863947,5.151603869375548,4.951645414455801,5.1062412711439995,5.3835549203217425,4.900447191700779,5.68054267571706,-1
35,5.150121431779758,5.106712869215642,5.405586358342496,5.140781544353352,4.949758297716793,5.101208326800488,5.404319550458288,4.900484460490404,5.6788774286579855,-1
36,5.125239776461604,5.1151270052322495,5.3948027655081425,5.139377921856386,4.957689402753081,5.102610653469853,5.421511688698242,4.8953335830431755,5.690201390481873,-1
37,5.112514562235454,5.1217418820876786,5.382311304916893,5.1323465080071875,4.964612201672392,5.0970541873454565,5.428317611457754,4.886443562331865,5.699984790421388,-1
38,5.113237236488015,5.1273452281169964,5.3728160424994575,5.127633064162596,4.979282869946676,5.081791426810973,5.421821130521355,4.888939500898573,5.688477679207484,-1
39,5.120204895798982,5.127672386092162,5.36117378469596,5.127757040237204,4.986655299097853,5.073148916089355,5.402664686863133,4.881486266586531,5.692061824616902,-1
40,5.129235744273888,5.130783589024848,5.352998565012995,5.1299575583565105,4.994461488038681,5.075667071388953,5.3816710499037,4.865539995174416,5.695860311827052,-1
41,5.13643068981913,5.139419623212332,5.3603840326745615,5.127786437109103,4.998410290926712,5.07541532208568,5.3526797500005125,4.852972653599817,5.702734472528354,-1
42,5.135671788528488,5.152067332875831,5.372102590357035,5.128593184797257,5.0064607495964655,5.069706259792211,5.326187838271923,4.832841076437904,5.694602811676707,-1
43,5.153129225655551,5.16732266555851,5.379247223094842,5.136964336521393,5.00266340107727,5.060848225130282,5.3016198909079835,4.823757259715208,5.70716229069684,-1
44,5.16727156985641,5.180943032730039,5.389274890645677,5.130948994290857,4.9902642088722065,5.046050533232842,5.269891544615189,4.811773190913197,5.704674352546531,-1
45,5.173392809951292,5.195912849182194,5.389299886774687,5.138565033893468,4.976319078365719,5.043571354168579,5.232198400926837,4.808068930359679,5.7035713684481975,-1
46,5.18185883888066,5.198867654450911,5.397507487585324,5.1414285964127915,4.958285522388315,5.051540168682356,5.203968953718768,4.802127274896914,5.70744377253887,-1
47,5.1833488399073016,5.197112022696514,5.406766033401864,5.147369652759152,4.937923231918529,5.057907784226225,5.186349398256217,4.7999973202138495,5.712388859818364,-1
48,5.186270834652566,5.196439281701004,5.406650272635413,5.149805059953724,4.923702899812607,5.058477799457126,5.1659933449064335,4.8050819818965715,5.713604969189054,-1
49,5.192903800958436,5.192202172838001,5.389950987061636,5.152862928828406,4.914171740152057,5.051388094731961,5.1545983037433905,4.8083823476265115,5.71826362948441,-1
50,5.20027279105212,5.184321782669724,5.373430057315626,5.155555155623118,4.905455230455021,5.051378937642492,5.1544309810557145,4.809389945332477,5.719993353374736,-1
51,5.2060391810077,5.179025398640789,5.360208195117763,5.151465808964913,4.913070735724594,5.056242898084272,5.14433889559195,4.8069936170709004,5.725225969610085,-1
52,5.215266108296023,5.178327774008364,5.345567599071245,5.1510159891836595,4.922885937200476,5.060492417720716,5.1331269414289515,4.804902620276669,5.718872030462999,-1
53,5.226905901965274,5.177450907367405,5.337510406130455,5.131035110750197,4.940111206285186,5.061565010287272,5.121129925085122,4.804353696667376,5.730851163224182,-1
54,5.228274221002471,5.182640119525554,5.325682329800477,5.119797144304658,4.95638830341948,5.055157879793423,5.101756982758858,4.806253393331344,5.725580336705386,-1
55,5.230820337175856,5.187109578239463,5.316611207190951,5.108024995779084,4.974827898308827,5.041374363026024,5.079296553385422,4.806943306021479,5.732468204640174,-1
56,5.235171234322339,5.186674246481834,5.308867844011672,5.096249812365976,4.988175440353546,5.041409099246688,5.052969499615656,4.801728232559925,5.733541949950849,-1
57,5.239292889891759,5.1852569478695205,5.310337104837373,5.077890445974313,4.991482088301557,5.047481627890267,5.0260705867912465,4.8070889658697284,5.732039513446553,-1
58,5.248058555299523,5.198943202774173,5.308994177116767,5.05790758881129,5.002362701974094,5.054073390656921,4.999473697316218,4.819673364690965,5.734735991780234,-1
59,5.245209117855544,5.2060791746324595,5.305215748508019,5.044433395401676,5.00200920752766,5.06280936519316,4.977891488350926,4.830064118097682,5.730905287760887,-1
60,5.2401513661902825,5.206018778901477,5.294424509173583,5.031531610502322,5.011329483280248,5.080666566550936,4.958324422582106,4.8432451757663975,5.744991173411564,-1
61,5.230921166126958,5.203451656691152,5.286661950740252,5.036128824247576,5.01603930850117,5.101279687272042,4.952353270702697,4.858455638897269,5.738254560149601,-1
62,5.2297920375946,5.199304731857424,5.278927677448047,5.0307368550759755,5.021851757140284,5.125595424763648,4.944663386824007,4.8702283376387046,5.745237447000868,-1
63,5.231085775570824,5.196870807512971,5.273298333240271,5.024351625540739,5.02729170064365,5.156393411579655,4.94568796264218,4.88081208910478,5.752092587905205,-1
64,5.223959452717307,5.203606514424765,5.2726434595000065,5.018767602697919,5.035127465032982,5.178908458020674,4.953270397002352,4.890969124705451,5.739494383507002,-1
65,5.223793745241487,5.211214593389997,5.274291837331725,5.013013272480328,5.051705661953673,5.205113259936055,4.956247598671706,4.890949428272073,5.748817290009281,-1
66,5.2139712046195745,5.203189789124728,5.2852343304632,5.011606953098496,5.06364727388352,5.220257982306473,4.941230024457191,4.8856247119420955,5.749299528822363,-1
67,5.205306946941043,5.199317023081311,5.300133949106962,5.007329997588251,5.082234242943049,5.230797517768231,4.932806923613223,4.882440997292637,5.751023187551057,-1
68,5.2006464958049206,5.185924479220549,5.319596132467459,5.007669473505989,5.089382608265339,5.230198646464136,4.936281567774943,4.88682866993559,5.753357322927965,-1
69,5.197273054953816,5.17503501286171,5.335532638260941,5.003651080981452,5.108387273770312,5.222322021693012,4.943919241917482,4.89065303204657,5.754044423541255,-1
70,5.187755905949811,5.163275033509413,5.347266840988929,4.997828062561417,5.1267568054856385,5.209631380095761,4.9562014578461735,4.895255456282844,5.749704181337704,-1
71,5.1720621083174985,5.151662278798362,5.364206950071242,4.986766850882004,5.151345805351097,5.189018869175541,4.9541982347707805,4.903644535354344,5.764937412442104,-1
72,5.158053881508368,5.126751446696885,5.374435442800233,4.9762631643947755,5.170547247546762,5.16397652197207,4.951065724639193,4.913405712624667,5.752577320825798,-1
73,5.136290695091928,5.100353791607542,5.385438318156997,4.966340111202823,5.180788567288324,5.1347213416553155,4.944851256456243,4.9292997712996645,5.765143441686119,-1
74,5.12568196977058,5.0690534980852435,5.394947706812397,4.967470114571117,5.19173000490504,5.11913719282175,4.945142321529276,4.94731780347704,5.756737827734046,-1
75,5.125400463484418,5.033421506853221,5.404569524994459,4.963065167521288,5.1892309130060195,5.103594234119645,4.949065015697523,4.971485891254692,5.762167147668933,-1
76,5.1190591290919425,5.000032489753544,5.412139283351751,4.960746738698823,5.192774680495737,5.093470550905262,4.944858862137737,4.983967518561377,5.764805170995245,-1
77,5.112735033008661,4.965999079398859,5.415158085670697,4.96637431863364,5.1771742206320415,5.091945210293164,4.9204908997369365,5.00131439106096,5.766712857843538,-1
78,5.125903328601566,4.9385427736875,5.41098085751195,4.973787345609018,5.152442307919538,5.094059436201185,4.89323028067566,5.013362468862143,5.775530639324321,-1
79,5.14271818777716,4.910291581218946,5.3908526349755155,4.983627913252382,5.11639353552203,5.1014096059776985,4.883149744623698,5.033535456720073,5.76622165474878,-1
80,5.16597972114631,4.881713764528037,5.3713361354394005,5.00325889209017,5.089774720997751,5.110644132724012,4.8778208764254565,5.051756602105748,5.757578946014116,-1
81,5.19098533889412,4.853571926137529,5.352123653449519,5.025246503662791,5.073614180410649,5.122116281662283,4.867291240329536,5.070934108154702,5.766449015866125,-1
82,5.215180220737189,4.836022763403223,5.330563253979397,5.024661930679009,5.04532692311945,5.128380117896283,4.864171028907114,5.0938345632366415,5.768511136711782,-1
83,5.234942272650093,4.830504441541252,5.305769462483679,5.0249466648567305,5.0296272833260165,5.129662588535709,4.854779235717601,5.113320525973618,5.779594306261164,-1
84,5.265730723469822,4.827311530679058,5.288273670631524,5.033820512911352,5.016609734017145,5.1346006254970336,4.852463441347076,5.1409088263606755,5.782808189264941,-1
85,5.2958320966192085,4.818195069427392,5.268754926266844,5.030087387977571,5.014313687710369,5.135236460965141,4.868932646618301,5.169146477696942,5.783314039031123,-1
86,5.305273271046313,4.808567603659927,5.255009613782306,5.02855778865403,5.014448765425134,5.132012823393405,4.886279940902329,5.201671695263448,5.77813662116275,-1
87,5.315510542546004,4.795544120422824,5.243144355103685,5.0241895022290475,5.024873742487897,5.138352536343338,4.887946545059018,5.230484453727183,5.787297840730226,-1
88,5.3147019179934665,4.789798681972869,5.2335452137577745,5.0092977914647925,5.033638902293469,5.142823370875462,4.8890340749786,5.255012066950475,5.773771759931642,-1
89,5.313886739168874,4.795236019473368,5.212776852605663,4.993551302112824,5.041971653845604,5.1531417863835465,4.901363357633791,5.279354094865679,5.802176953518134,-1
90,5.309696852559513,4.797328560356377,5.195116371213134,4.986048386361893,5.066691171866364,5.164171175098209,4.907959312132706,5.294864312319236,5.780579490496031,-1
91,5.302087799712263,4.786876161162667,5.184695896402742,4.988069902434788,5.090256014184026,5.181864999755527,4.914611071331491,5.30724825442781,5.792452779571314,-1
92,5.288097084085654,4.7848034965459085,5.163216858032875,4.978309741881933,5.10157948844929,5.198988583734858,4.90952209116411,5.307403939098075,5.788918420426418,-1
93,5.276840966405084,4.787523240989263,5.151356222633028,4.979914107017872,5.107034370192664,5.217016589246226,4.886310937788707,5.301723737202607,5.790737131155506,-1
94,5.264983151502506,4.795878439088019,5.1487565177820285,4.990009462262722,5.115821351640003,5.238876796992372,4.857900566225836,5.29322297485265,5.787202658613832,-1
95,5.2539617030837915,4.807619965995196,5.154977916754325,5.0017437515168,5.121248893472698,5.2552877056677705,4.838569635948205,5.280226607635628,5.798906039438037,-1
96,5.246310758005765,4.81292206158157,5.167249017180472,5.016861002578146,5.117369333350282,5.283519896317858,4.821530011041563,5.27412528487301,5.788151738330013,-1
97,5.2382252224066415,4.800803808071876,5.186463719301233,5.042016402055511,5.11521153104222,5.302189516946855,4.8036428161801545,5.2585757318444575,5.803008896313498,-1
98,5.231779567395529,4.793647374046189,5.207619040196381,5.072425150952918,5.105799298725829,5.321083028533371,4.787257957653477,5.251702360574606,5.793771782001324,-1
99,5.228644325544747,4.78700842018081,5.218741088247281,5.094093588730795,5.090187872794266,5.336628523010829,4.762604135203759,5.248825532805845,5.812225784102981,-1
100,5.224252961385749,4.777230154677323,5.238480300390007,5.11887726219379,5.083641628310508,5.343412435002851,4.746315128952612,5.260621235642917,5.806829304971941,-1
101,5.216660075437813,4.766650923764309,5.246899815017729,5.1410076533667555,5.081629055913194,5.349114830199461,4.7375362913678245,5.268778674528178,5.802797069953406,-1
102,5.219564986472418,4.743359738908323,5.247880636655856,5.147836085419453,5.074476481954957,5.365684361068411,4.739998294729569,5.279943781350275,5.810134500361489,-1
103,5.222027256781593,4.728792455424469,5.238989170541226,5.14877442552909,5.07154946155101,5.381798766356206,4.750578833106314,5.291258132813119,5.80654957783298,-1
104,5.2199534191596815,4.71678550212111,5.227179667464189,5.14523323380724,5.070422348254169,5.384272031327227,4.749105154982365,5.302594904128215,5.811239941733892,-1
105,5.21495695353767,4.7133687170321,5.224517797620163,5.13162656160067,5.067746960675986,5.389219553679512,4.751975517651971,5.322045213493854,5.811301595981473,-1
106,5.201789755647619,4.715871860606761,5.21664053354883,5.111756667971807,5.064918066668787,5.386614599408011,4.751685551060635,5.324951580599521,5.815713274879438,-1
107,5.186536870511515,4.7264508333552335,5.21583918996431,5.095162378984293,5.067384374180376,5.385917027859875,4.757269321418407,5.326006296249624,5.81784327031354,-1
108,5.173862373452066,4.74076726384123,5.2155863539413225,5.074646312485364,5.063766091532221,5.3875314545912145,4.765888378326075,5.328374446290643,5.814675580310451,-1
109,5.158263396887026,4.750101845236154,5.216373595056444,5.04794215245563,5.062500068232462,5.3820483341012535,4.780472585425362,5.331188635238055,5.81538873337224,-1
110,5.137596805965363,4.772789823516279,5.224074701581645,5.0378469539392325,5.062743145419464,5.369749853982655,4.792100068652193,5.329247926310137,5.818263094299266,-1
111,5.102858475526831,4.799291089990614,5.233866880546462,5.029928325727928,5.061264637642064,5.354130095612882,4.794840053394155,5.334499700539763,5.815307678277707,-1
112,5.0698219681951295,4.831038697600006,5.232628550592591,5.029801902298693,5.067469487436245,5.338385520261857,4.804382793875951,5.339495268946118,5.815027518993173,-1
113,5.046389805925048,4.87170576828409,5.21923041521086,5.025551616435665,5.070456556708586,5.321523978122988,4.8107102151147165,5.338755361510314,5.824926085204453,-1
114,5.0392564622723475,4.899186506813597,5.2062801871605835,5.027349753089577,5.072164567795399,5.311494448730028,4.822882794598613,5.341306393669155,5.819241141281748,-1
115,5.03983672725115,4.922198555189925,5.181125163078651,5.039969284322237,5.064301626960244,5.294660766773051,4.844122916047893,5.335622374013117,5.818911351827377,-1
116,5.033995170422412,4.942914951326921,5.151882144041595,5.059692918390494,5.061021370691267,5.27297754593318,4.857602334176407,5.321410770605322,5.828136715515271,-1
117,5.031475405466992,4.979896623123107,5.1262433206108,5.08212054703254,5.057655750415675,5.266415372622962,4.878933116685007,5.317940972041704,5.830033398293768,-1
118,5.034005856597857,5.014958762593424,5.093365294125853,5.09688123405634,5.054707904818438,5.263370751963445,4.900908621580093,5.313728078625358,5.829510326113297,-1
119,5.042724656606792,5.033963423623521,5.068663769490328,5.112396122878279,5.056221301250285,5.264374843578077,4.928103768716353,5.305432894603925,5.82802640883048,-1
120,5.059762011504297,5.04671508762073,5.056827026401845,5.119168383047711,5.0517169247959,5.268944067771311,4.963444942627898,5.299991481760587,5.834188463429655,-1
121,5.073198016390715,5.050499163951108,5.052288537659073,5.123894651562138,5.051854469824701,5.2805266084292155,4.995998221835414,5.308153187823422,5.836731913984795,-1
122,5.0779594488473565,5.046329929925866,5.03675484887838,5.132619345635082,5.064296150879221,5.298429602191739,5.028383459516771,5.312237809315965,5.830232667311576,-1
123,5.073533592109013,5.041925469736753,5.03465289216432,5.124833090072153,5.093506673799842,5.320744072703713,5.052623381221326,5.326505154021066,5.835467381720589,-1
124,5.07076403014944,5.043522204738165,5.031638975788929,5.11769560300585,5.1209492845771,5.336668671332588,5.0737286179039724,5.335106051074825,5.834948135200438,-1
125,5.067082560949734,5.030392039308454,5.022303234205077,5.105695800641975,5.137236033506756,5.336300964815595,5.086360988196566,5.324523823237942,5.83960805819081,-1
126,5.0600386899668255,5.012464409346685,5.015317232882928,5.094141907815487,5.146593039227547,5.336490291339316,5.10101417265602,5.317279547222656,5.846913593773635,-1
127,5.062363787801779,5.0090743737394225,5.006250947922864,5.081096893163549,5.1551478796906745,5.336509335860921,5.113496977632861,5.304352986404775,5.842052680740282,-1
128,5.062976511999567,5.010659025619902,4.985691148883657,5.07495113031993,5.1664410825485065,5.343468624248128,5.118539184244751,5.291920068616751,5.840068289414942,-1
129,5.055522196750857,5.019155447984889,4.960456422384868,5.082282068415726,5.169516864978843,5.339750995711961,5.112098034993706,5.265854926095282,5.840434862283681,-1
130,5.06108191567912,5.036233775814385,4.939232159068638,5.086255318413345,5.1626322394809225,5.327470372514837,5.097468819132365,5.253938935031606,5.856454467086666,-1
131,5.072721744749649,5.060123043070195,4.916741428479089,5.092783087687088,5.136369021351181,5.314103670246611,5.08628747198319,5.236901182840601,5.837703622148948,-1
132,5.085529374071148,5.076580685556678,4.8887714367393516,5.098156153016356,5.116897201260527,5.3162356395705865,5.071554530508652,5.225233021138351,5.844208111872355,-1
133,5.110940157858674,5.099360278981921,4.875238948093212,5.110219611017801,5.105986048236164,5.318120491584195,5.05762176549249,5.22523050275221,5.849470542596835,-1
134,5.131267366309879,5.114347326510586,4.854013733386877,5.123423184038421,5.103450750099349,5.313201003405301,5.043747955774351,5.230460890448835,5.860713144505662,-1
135,5.154001767361087,5.123650975793697,4.82714725599587,5.1469890847842406,5.092310176799598,5.319732679168786,5.031555505055289,5.23498568344894,5.844628135551466,-1
136,5.17338598113758,5.125215054266489,4.820591946293766,5.169043820677998,5.079704486896188,5.314559390227698,5.027210039459284,5.231467095558054,5.85621337739801,-1
137,5.199627319073883,5.123452746697823,4.810369104352361,5.183685741522246,5.0737437367150235,5.313794081877099,5.039905111494519,5.223683593094817,5.845514734285135,-1
138,5.210221676479581,5.129209635106519,4.815361213625457,5.197588705461755,5.056477433767977,5.3116879649816715,5.06011214078009,5.22035290596514,5.850963410252067,-1
139,5.224689884723779,5.121897406952585,4.818158996582093,5.21197903354009,5.0405679388104945,5.313454871032335,5.073575376630386,5.218735808145779,5.852594895003835,-1
140,5.2384044930476055,5.11261611770029,4.827723759911297,5.216259606992504,5.011051899932414,5.309420432808627,5.094022501659287,5.208839903668509,5.854296455727804,-1
141,5.248851166944359,5.105664854417061,4.83641490786316,5.221523345791736,4.982709421691135,5.313413708925081,5.1162227522985075,5.200785714840126,5.858949546537171,-1
142,5.2634655222014715,5.104408313217907,4.861574601409513,5.211741406167559,4.951096696160067,5.314646391060887,5.13229973678362,5.191184964385996,5.859477839345551,-1
143,5.271195551827786,5.098357777724694,4.890554917634138,5.18787555603251,4.924784653215069,5.301386628654754,5.138169629691195,5.187195458617526,5.8572518202719905,-1
144,5.276616793995647,5.099204567858691,4.909081682506248,5.170244084760488,4.897140872780473,5.28815534916849,5.140471448772187,5.18915717777822,5.8570528210387955,-1
145,5.282807738045991,5.098337770724971,4.937599961275373,5.157444704305856,4.862192343211255,5.270768140764359,5.126447116205348,5.20008542607263,5.868907917738976,-1
146,5.285418780487515,5.095037755169997,4.95300558136428,5.144217638499794,4.834309365331506,5.2540052208503765,5.105460729234749,5.193466827592639,5.856382028717874,-1
147,5.281995702236397,5.097132649739075,4.966730527098552,5.137876684645968,4.815689105379478,5.237436203653657,5.086725280732774,5.184305338498403,5.863467662357725,-1
148,5.280878451584644,5.095369458742236,4.985319430931166,5.133464643198554,4.809968577387031,5.22487170961755,5.066163131120321,5.188383736301963,5.870205370166888,-1
149,5.267900583898049,5.09122576248966,5.003748818916866,5.121825672134507,4.805984437664651,5.218275139304958,5.045738797824324,5.188380699369636,5.868193037485407,-1
150,5.250306014824323,5.086582427883819,5.014661099469489,5.105977464132324,4.8026986015654,5.2203144044761665,5.022570918510938,5.181404264679208,5.856467031527665,-1
151,5.228139731196203,5.0920742721330585,5.029037616053974,5.097028276800405,4.797744801398445,5.2243987185304555,5.005638275922212,5.169159233912193,5.872989724886959,-1
152,5.206774979516025,5.098062219050881,5.056663831008695,5.077741602432692,4.798788535829513,5.238853856860874,4.991146867703288,5.154741428267055,5.875270080281497,-1
153,5.190092870503813,5.101061957945105,5.078572824807134,5.054959609263525,4.800547844200701,5.260857641662549,4.983829124224273,5.138832207532756,5.8742443927337415,-1
154,5.183031078338998,5.1045952856438825,5.103441699365116,5.033711655645047,4.814149687590512,5.2764729116901306,4.993654203643063,5.134377231972946,5.871753998045734,-1
155,5.17618452228619,5.110938784718295,5.127603362070156,4.998972352031319,4.824619088197346,5.289649111800908,5.00199149571082,5.136988251398608,5.87673589309854,-1
156,5.160000417088984,5.1192987218667145,5.14616683393202,4.970553300632222,4.828668747185321,5.303973686732076,5.0034722426685985,5.1440424671862095,5.864789304591207,-1
157,5.150677595196,5.134965500995814,5.160059789482076,4.946748120662131,4.836883405849436,5.325087798904159,5.004067456460681,5.1553851608617,5.876894217557436,-1
158,5.139601668326905,5.146969078966885,5.17611907509431,4.9365702881074895,4.842320134537134,5.344458104712762,5.007133746655105,5.1741415063244265,5.86926640299658,-1
159,5.134385229476441,5.1456131693821066,5.181192519864026,4.932978553765065,4.842363775286307,5.356865643374559,5.017303471784773,5.193861605073434,5.871952704793548,-1
160,5.141759904030947,5.142722894397537,5.165702574524627,4.932605637967507,4.838038976711756,5.361614394588976,5.022029354731365,5.213314535568551,5.8812904755557485,-1
161,5.1459970104682355,5.141957715890399,5.1575995838641715,4.9326310738364905,4.835022308079745,5.358370425696235,5.028618884244109,5.237857759585204,5.877262896118911,-1
162,5.1534994062561355,5.129888726373083,5.1561868166863425,4.931341061107814,4.823559004332237,5.358545666418827,5.018508860530099,5.264501603239179,5.872623269553803,-1
163,5.153630839183768,5.1025194647033345,5.158231100577743,4.942196320124584,4.820428408693733,5.353800935668692,5.024033743326839,5.281722914033826,5.884930320270442,-1
164,5.163391281260407,5.085031986569064,5.158267188704674,4.9481286515077425,4.818361420917524,5.355600291208344,5.037879320957435,5.2870438700248625,5.879024434019724,-1
165,5.1640741804358266,5.06272366539995,5.159364152985383,4.947145571872524,4.809317847565834,5.343466781350448,5.049600651942739,5.290710598756131,5.891733135240628,-1
166,5.1663031039743395,5.043343870557104,5.156544153366295,4.954263802640413,4.808174144069012,5.326854509000046,5.069271430274487,5.286795791076428,5.880639516305615,-1
167,5.163603731858276,5.026781169905051,5.1610677661664175,4.954569039517668,4.812785863249648,5.321031788633867,5.076701988412545,5.289370382324806,5.889540997069044,-1
168,5.1464148732541055,5.0134556233297785,5.175052005519107,4.9606133361889295,4.824370082646138,5.314756399907751,5.075412781513516,5.285405077738696,5.890580471883878,-1
169,5.137408670962441,5.001979560721046,5.187384418858602,4.95850527985491,4.8413556762239205,5.3167321380787955,5.074444666208959,5.277260672146038,5.889641713622238,-1
170,5.125594528993601,5.009218363921731,5.197729648766478,4.963361865883475,4.861882496553202,5.322139976144578,5.072626866282585,5.2659090236239665,5.893091927945887,-1
171,5.120436580573774,5.0243660249944,5.210223539121075,4.958844651580298,4.883719554578928,5.32557330731013,5.064426773354053,5.256055919488156,5.88893688808792,-1
172,5.123712218110845,5.032198850009449,5.226328475642834,4.952557457415402,4.912631040620279,5.320354933158901,5.063015838554608,5.2481948961169635,5.8926820272376785,-1
173,5.1390043438965805,5.046400274585002,5.232503256818262,4.955185255378574,4.948677598969736,5.312379654121818,5.050819660964658,5.227162917158637,5.8948583566154,-1
174,5.1584043540231495,5.067931172277953,5.233931796208966,4.952342337899548,4.989054048415773,5.308650937342748,5.035041366141338,5.2105126930466295,5.893084579737204,-1
175,5.1793850837525035,5.0937445550860145,5.231906636742453,4.944057605476575,5.03482424047577,5.304069613139061,5.0231613451050405,5.185736777684709,5.890235518775403,-1
176,5.197992160290227,5.109722052559406,5.235229039574146,4.9343177886180385,5.070017619801613,5.296338063432135,5.022661514648624,5.169876533426131,5.896726568882055,-1
177,5.211190070401217,5.120655634151153,5.235250610116697,4.932446946192275,5.102528275370866,5.284242131303139,5.032175369892422,5.143800671781353,5.8926576296058935,-1
178,5.223274050130949,5.1167146048737,5.233659569979741,4.933357196486531,5.133837366305992,5.266585513751762,5.039095699969601,5.113931124190905,5.901289846237382,-1
179,5.235541966715888,5.113061726636504,5.236928724676125,4.940714605134617,5.164072006529777,5.256947106626861,5.042500950569353,5.074712581681782,5.905378811990411,-1
180,5.245051014766389,5.115223474029641,5.23891527172815,4.9384760174330635,5.185899156307524,5.254365217380126,5.031797677193378,5.027426454200054,5.898330831649475,-1
181,5.246707563261536,5.103415255017435,5.246545765038527,4.946577042446763,5.2047892472785735,5.256491310424084,5.033953739783902,4.998242568885338,5.894617097268878,-1
182,5.245418171354255,5.086316661994206,5.260972648446625,4.9572166748912805,5.215867631602055,5.259385953412386,5.028761136419417,4.964181406342778,5.894514538466281,-1
183,5.238696160151279,5.078077620969863,5.27287585187935,4.964150358426291,5.209211214046394,5.261655386063819,5.015190776594327,4.934828831394073,5.901816006603006,-1
184,5.238420262529541,5.075155146842475,5.273370343144859,4.971639716325273,5.196301081465349,5.269832603276781,4.9964418574568565,4.899091220047987,5.895186452567238,-1
185,5.227291505118215,5.067182665594511,5.272542592742674,4.987098656530265,5.185322315777719,5.283948415153605,4.971620331490444,4.870467638063185,5.8904920895274975,-1
186,5.204797864185226,5.06221959091073,5.271548201722805,4.995002708453577,5.18022637022987,5.315384341220463,4.962382776070172,4.843776534647779,5.896730195845972,-1
187,5.189626121925073,5.066657538057361,5.2583291203643405,5.011153773972761,5.178632500808451,5.358630481062986,4.945101047113367,4.828326704763326,5.905021649863764,-1
188,5.16925258939858,5.0770209150739625,5.247760875701258,5.039047092296717,5.172159216189149,5.393431820428837,4.925541829117714,4.815257624827975,5.9044643161075,-1
189,5.14845580545519,5.086472158802044,5.233946521382404,5.063747424755937,5.159910591186479,5.424942822052326,4.906161355023021,4.802052259177209,5.912285067336977,-1
190,5.127063462577189,5.100290251529998,5.220176780441072,5.087153578575578,5.143323855220034,5.451283088470602,4.898355657066777,4.798922103029067,5.897774816469407,-1
191,5.121541289115313,5.103777863765952,5.21270969987766,5.126522945057612,5.1457092412235355,5.479180497279406,4.899767251321294,4.791165160244595,5.90051743145877,-1
192,5.11431290415681,5.11732970628038,5.213357825625053,5.161333353567867,5.151889684634195,5.505302672108911,4.901943643092908,4.791501006570468,5.903972436954023,-1
193,5.1110141453078395,5.1387527720755815,5.215538629783977,5.186408563304095,5.153215286228783,5.5306643894172645,4.898385109175683,4.791229571863747,5.902087709496933,-1
194,5.117213961412245,5.168696392234598,5.218620539916143,5.202988238693452,5.151640746638973,5.5449050377784905,4.886319906747174,4.797231331458948,5.908950617335268,-1
195,5.112260361644295,5.181889089306505,5.2258117785934015,5.214846238948232,5.14421568331622,5.547809236214955,4.877043862036938,4.801653921870523,5.907238192191802,-1
196,5.104262635498671,5.180552953406152,5.231748474617281,5.2275009378082595,5.138730917565724,5.547848518410932,4.882164989145423,4.819029984449089,5.910908068448064,-1
197,5.103886276839205,5.185624358282331,5.242217378766248,5.226833604377466,5.1414558294748165,5.548793721798275,4.8845012052748515,4.831097045011983,5.9074138858429865,-1
198,5.106103598436423,5.185377996786238,5.24446653723231,5.228538172040332,5.145294308693663,5.549738220452061,4.87030039277043,4.838102504692853,5.919583888485534,-1
199,5.097508762383793,5.187907413885632,5.23831477336193,5.219153727663646,5.143724201738949,5.546409395055905,4.850462172219124,4.849668874987752,5.914769061368045,-1
200,5.101427578971543,5.180871585271971,5.221515559103869,5.2137360634155545,5.146407366677815,5.549469510427067,4.835234273073812,4.8603532693407665,5.907332638177131,-1
201,5.104766805666658,5.177023487245226,5.206723632288027,5.208494832285724,5.153898222352759,5.552714819788374,4.824791222957618,4.8794437607728085,5.915435248147921,-1
202,5.1053532833072515,5.171156887685502,5.193419486014015,5.218186729220147,5.157473707472416,5.553259377147404,4.817535168220973,4.8949838766303975,5.912288987876883,-1
203,5.117013498004835,5.178586989451961,5.172023781395451,5.223518084530771,5.15057675649306,5.5543808778700114,4.81332999880305,4.912019857265486,5.914316736336411,-1
204,5.132211923790489,5.19306837398681,5.144065629286602,5.226139118061471,5.1470728502658,5.557624577258258,4.807286015569245,4.917717891252938,5.919252480713592,-1
205,5.143070948674679,5.215999443644973,5.119758048076383,5.243912657611103,5.134882429003348,5.563834924261066,4.804178343942272,4.916652290769777,5.914851677524953,-1
206,5.158050295203585,5.239008008357965,5.101664552757141,5.2461033851810015,5.127702521244187,5.565381178962683,4.808891297329096,4.917574860176032,5.922154633482053,-1
207,5.175253692262936,5.251958917355018,5.0891714626983875,5.25183097426627,5.12273853674668,5.566422022101847,4.806311497989812,4.914651327330159,5.925740791431037,-1
208,5.180989209170005,5.2686451892600745,5.074998116778566,5.247329029505704,5.121763921465115,5.558448493248982,4.799064284145658,4.914621811003793,5.918226498652715,-1
209,5.190273853965006,5.282410472622365,5.062206898267813,5.242323923832064,5.113246334040239,5.546061768211716,4.788793417252462,4.909784620733821,5.932040560747875,-1
210,5.206552983776621,5.290186079979885,5.043857805529253,5.217597220697471,5.096280222731541,5.539292885787013,4.774068219701056,4.906533114932965,5.917887351120455,-1
211,5.209078762493517,5.300977749987199,5.027813823739656,5.201502607217221,5.083252077865325,5.52496352106514,4.758235173026656,4.908204123425798,5.930656611378583,-1
212,5.204668833995333,5.308172381244101,5.015846539379382,5.186269816676589,5.068731769875486,5.505155569276864,4.742761754623214,4.920432460252409,5.918445386663374,-1
213,5.211963896481356,5.311455460702165,4.999805631951051,5.167108385315109,5.061187857826603,5.478436218707531,4.731029085588012,4.94778919224723,5.926231119753996,-1
214,5.211652238682223,5.310498051693634,4.9802227081728,5.156609208372298,5.050024429503902,5.457223609668878,4.722332027026175,4.970906358308954,5.919749020588023,-1
215,5.2033654106692815,5.318652452866705,4.965996619196799,5.140895864446599,5.039670328887407,5.431738982728925,4.724029434263027,4.9906778888973164,5.926251598374745,-1
216,5.204375014543428,5.312054547701768,4.9676899831443135,5.129930793119184,5.037212123772925,5.40650423283199,4.738068080065447,5.006210009907777,5.9245065426528685,-1
217,5.203317512996221,5.3076825869726125,4.970970840773448,5.12995113017541,5.030155583080704,5.3758593046506205,4.751943183759844,5.018101121004178,5.915628463262439,-1
218,5.205492745328718,5.307278982507256,4.97670179953531,5.135725296780316,5.024852243529116,5.344278969938596,4.773819213591306,5.030623274547762,5.922695176061916,-1
219,5.208238586754028,5.296027858782548,4.98548966013125,5.1381270109174135,5.0231348613540705,5.312315992461469,4.798230373334781,5.04660057355034,5.922583147366851,-1
220,5.222480990830512,5.286741541217169,4.993524350233852,5.138769426732847,5.029718095031197,5.277363300187343,4.826386471116213,5.057629964539648,5.932828919030981,-1
221,5.224461548974282,5.272185454003911,5.009378336578978,5.13397762490087,5.0260236027945915,5.252433333587143,4.841318950888797,5.064562105981976,5.932723218273428,-1
222,5.222666194801155,5.267289330317309,5.027555607344715,5.135661356163379,5.02784526556214,5.224092783938019,4.854059239991774,5.074367726854916,5.931868479894763,-1
223,5.231156951584093,5.258853319537875,5.037453635857715,5.142020917182473,5.0289051997542344,5.204590915132281,4.871292630988705,5.08874507578979,5.933794745960085,-1
224,5.228894062195286,5.255487444069539,5.036629860945537,5.145615366431289,5.00928592917151,5.189721540370773,4.875624616200074,5.1049476055586105,5.938680676080611,-1
225,5.2297939236754285,5.251323480596521,5.0366296602533955,5.135964594610157,4.996869542299699,5.173274094527205,4.874991039982991,5.118888214695011,5.944167444476253,-1
226,5.225731786118261,5.24574276442788,5.0395529346337415,5.132144909042755,4.996274539947628,5.153204113297335,4.876645031507221,5.127658199181355,5.924988861522472,-1
227,5.217363561724112,5.245974963132087,5.0453309000579445,5.122959325785848,4.996937096975815,5.1354966395061785,4.8733975241480305,5.115092063021379,5.932859099307504,-1
228,5.204544298491852,5.241574361184772,5.050788774097238,5.122892524843968,4.997624084260617,5.134766048322226,4.8604104215611645,5.102017382247122,5.938736759934206,-1
229,5.18977927235508,5.235297895390911,5.04793392451755,5.119512654247063,5.005746311042418,5.13439062383792,4.849734708907864,5.090622331202953,5.93421619030303,-1
230,5.182816667198859,5.225690120653789,5.048956835771154,5.112696889325692,5.010088109226398,5.138260473612872,4.8419579945855,5.088915117308286,5.937953179621865,-1
231,5.180243154813698,5.216725150566508,5.058247048649101,5.117268480886684,5.009754301694306,5.14299750549355,4.830906091695159,5.0813753723664075,5.935767073943474,-1
232,5.168460146137278,5.208535477259355,5.07394945026741,5.119776752881124,5.016460588293109,5.14534724915046,4.828142926612795,5.080082046455015,5.937378338123607,-1
233,5.1541867030909785,5.189446112406843,5.075134463917915,5.126224835926212,5.015164164282954,5.15459419127373,4.834558790388914,5.080646514786795,5.9480426803541135,-1
234,5.143466915311894,5.17864374977982,5.066257885332515,5.128177823000084,5.006110296202967,5.163456874410247,4.831873235114518,5.084101957840381,5.939135542843024,-1
235,5.1498134243963385,5.1747674184477646,5.069007778279389,5.126997496115949,4.992428139306795,5.178132800527961,4.8268901432025535,5.094325498689451,5.947155597599757,-1
236,5.153980449168568,5.169779722485628,5.071270355211112,5.127239328154791,4.96538029331771,5.182909915641166,4.827980466177386,5.1000359329764375,5.937790890850708,-1
237,5.159642791490225,5.160351279254745,5.0766114865097896,5.127075128013926,4.944972670631283,5.1755785182219265,4.8408479970820215,5.0995532220624336,5.94236394863959,-1
238,5.16840280720711,5.1578635958809045,5.079797680990232,5.126174056779889,4.9213231262720045,5.168887576499914,4.848005866364263,5.098106925423485,5.944314136522649,-1
239,5.173974339578267,5.152944323592752,5.079380361363159,5.11311395065416,4.900510628416202,5.1560514735906064,4.86081452996207,5.10618151556641,5.946009738952368,-1
240,5.188654508263977,5.156671218812972,5.081153285231333,5.107047793114657,4.887072524944453,5.144748049258444,4.872586759837839,5.1020317217089985,5.941648133556258,-1
241,5.206253638981141,5.1738227061109505,5.0891942807190755,5.093698945200055,4.879847298351147,5.133088704655187,4.87861054260267,5.098513540807865,5.94029100052541,-1
242,5.219557453991556,5.194691343079004,5.111198134978927,5.084267954001766,4.876414260561919,5.117711807332217,4.882432081913988,5.089016249179222,5.945353177901216,-1
243,5.220639991678744,5.204215510414586,5.1191101295000445,5.086397620422706,4.867383739559422,5.106937699343013,4.891480326764362,5.083880197968479,5.944161341449517,-1
244,5.2183170887587,5.217584189469571,5.123481283912809,5.078776357609622,4.862827921477641,5.101642567882328,4.903314489603365,5.086254471103241,5.948321470018227,-1
245,5.210113259124622,5.223948885506441,5.124820923116488,5.0752287592456495,4.8471617269451235,5.103999753614891,4.901063684930584,5.078079081666621,5.942573396340102,-1
246,5.194903496249008,5.221957802234754,5.118873715542377,5.0754634519468445,4.842067442620122,5.109379857518872,4.904814098578929,5.070884106457752,5.939042509193421,-1
247,5.1761238814623285,5.227308617836378,5.111688327684769,5.080280977249646,4.837874580066371,5.115915473028169,4.907181062700463,5.058681922873477,5.961068935663658,-1
248,5.158206612188534,5.224274191303889,5.097963221193658,5.082499913193967,4.833317073558588,5.124030814968215,4.906199137206509,5.046144571116059,5.946452642250616,-1
249,5.131137553549739,5.214046670731831,5.0834181904946805,5.093583702891247,4.835016192038497,5.139896928201491,4.912585613779779,5.031045272381742,5.950395858816093,-1
250,5.112228120666408,5.1921489002005226,5.065958969919531,5.111902630698958,4.845970979621478,5.165606131311671,4.921386548669826,5.0192461343167984,5.950417104522075,-1
251,5.094185432473519,5.179644132339549,5.051556689530778,5.124356705291476,4.862057262865115,5.172926692733507,4.927629205020657,5.009278933754292,5.951249586553544,-1
252,5.072472169868444,5.164257369734085,5.046759628358462,5.140061876213719,4.8862062650905775,5.1774586384051995,4.933621663171927,4.997182932776277,5.947266902754997,-1
253,5.06745676495329,5.159452006187543,5.049263616547846,5.1535517913175894,4.910918292001847,5.174962562599416,4.954901196591869,4.98500895628321,5.946399829264429,-1
254,5.074199742837695,5.157571538534745,5.05433994443935,5.169705463552504,4.931292307031537,5.169201878383928,4.975663455989802,4.9689932279912625,5.954105270070504,-1
255,5.080647442590468,5.1482970606673675,5.0543770610531515,5.188366757636791,4.947625666584094,5.159351965068703,4.998555537893806,4.955766448236049,5.95431844826172,-1
256,5.091529655215108,5.148106477792442,5.060338534117131,5.205114378695573,4.961592415693405,5.144748199489401,5.029192523914585,4.953746741143538,5.951465200030482,-1
257,5.111022280515715,5.151089920296228,5.065545761223421,5.221515461586293,4.967258957769688,5.123995665447662,5.058375525847171,4.954491770463167,5.954393451274048,-1
258,5.119556170641297,5.161232814854909,5.0708007917358,5.224559218936315,4.966951548519021,5.099447096963507,5.08626699682937,4.960446269597343,5.957246318352892,-1
259,5.132543278052513,5.166577973417977,5.079686626450315,5.2234592528074435,4.968588727563695,5.085817957403602,5.117757922675187,4.963870647685496,5.95241880147528,-1
260,5.155830291660452,5.172824222164744,5.084279077774789,5.227816527286178,4.970658775573035,5.073471676232573,5.145551809307205,4.967871876206506,5.944255799953963,-1
261,5.1684660427158935,5.18234045894755,5.077234376974633,5.230430944176815,4.984142105142251,5.066730387508532,5.169028227565688,4.977715596001079,5.965089582079589,-1
262,5.177336459402005,5.184335495045685,5.07907918325256,5.232917417264216,4.995828754574853,5.05934612390519,5.189252481830396,4.976402884042324,5.958924497399842,-1
263,5.181870409073299,5.189238214182196,5.087355647649714,5.228713999133383,5.011045937826804,5.058186914356516,5.209139693887845,4.980051698086969,5.954393386174027,-1
264,5.182260214554207,5.179326881337432,5.091781397744191,5.2232751687684535,5.029226173929171,5.055951963621594,5.219132558097379,4.974739294422499,5.953668334077978,-1
265,5.1761624434014255,5.174879912928036,5.09111770664595,5.218431355066179,5.058311775681201,5.047504707304343,5.224503916710816,4.972143692696267,5.95943912564719,-1
266,5.177829978145674,5.167947848427748,5.0856981091669855,5.214984858575923,5.074211619059573,5.04210780898501,5.2290749629624775,4.964477334856911,5.96115463171097,-1
267,5.178859594245997,5.168730715666607,5.078534121362542,5.223239072888848,5.0942039491153945,5.04121381050034,5.231986070255536,4.957099669232306,5.953238917694337,-1
268,5.17848056130509,5.169607003563794,5.0667265047500285,5.227569224420887,5.102442059772546,5.042162393987892,5.224996017000945,4.936565411474437,5.96245301356693,-1
269,5.181047147736848,5.171872959908718,5.065035139506547,5.234023689618336,5.109451901615832,5.044745770328459,5.210274785418581,4.924128046204643,5.956568848807368,-1
270,5.178083308223795,5.186850038489889,5.067610409292333,5.228809878549548,5.1175682451211415,5.041837835257162,5.2016221698788865,4.911845216176679,5.9672189825093085,-1
271,5.172726451360908,5.207636509262295,5.071023520800246,5.22568322470403,5.123003969249411,5.038578251632827,5.1784248936125765,4.892510292209652,5.963039352122891,-1
272,5.162893131630743,5.232626244239806,5.06981154755219,5.2308885903097275,5.129153868920326,5.048420677544268,5.1508313043458775,4.875374729532814,5.960187986768658,-1
273,5.1543685630291405,5.257751196187135,5.080785728132083,5.229502861292424,5.124663130631136,5.065221714429181,5.13078174219251,4.862712024972007,5.963920642714405,-1
274,5.132982251254607,5.27197897429365,5.0877990875784835,5.235643802201958,5.132558067438982,5.074847393049346,5.113020715399149,4.852353620243674,5.960504614101121,-1
275,5.101599109531303,5.273329066908687,5.091658439286729,5.234994289921525,5.137248474414881,5.077557232495401,5.101411306198312,4.835984967473541,5.96619444786572,-1
276,5.067300451853543,5.280121009652044,5.1007753638701985,5.2416260575519775,5.157609236982636,5.0729814017847215,5.10476635485577,4.830520638867779,5.972890344807481,-1
277,5.023358349653531,5.286709214408656,5.100418884860792,5.245281419607058,5.180457022542537,5.072291446763066,5.1178867416744644,4.826937242278183,5.965785579846971,-1
278,4.974597619502927,5.2889715968869115,5.094517303262585,5.257937402739257,5.195049454202545,5.076667351892787,5.119581023737829,4.825057961571512,5.9633589413442385,-1
279,4.944154897674777,5.2862753899209345,5.084615493340557,5.276462501546894,5.204670953797775,5.072147620946087,5.126505997118759,4.828522808381584,5.97327878815665,-1
280,4.926040550300193,5.278791898569382,5.07749661018948,5.279339831492636,5.217287956578448,5.061152360084504,5.139832826786153,4.832556620475373,5.973526502598845,-1
281,4.91012421195192,5.262671252238028,5.077139408685076,5.284463082663663,5.236366065109922,5.046786625467259,5.14665776944726,4.825787888969966,5.969750451540385,-1
282,4.908793096922448,5.2504489659045595,5.081644979144474,5.2852510874685725,5.245952661061543,5.0500406460652165,5.1558976787062525,4.817336970128959,5.963068835692356,-1
283,4.911093327322227,5.250760405095229,5.086277771447692,5.2845591627856905,5.249694668052456,5.055223796565643,5.160442190573862,4.8142688070237165,5.963977190983478,-1
284,4.919954560534126,5.249893451875927,5.089184738392611,5.276762196974669,5.242712173479036,5.066494583838221,5.15290483688864,4.813228131877991,5.973645010673245,-1
285,4.940798108097674,5.244163948192705,5.10556857412164,5.274119540164189,5.228572270737742,5.0807448129839825,5.144502546343566,4.812966811606495,5.963393060183462,-1
286,4.97171495678703,5.2291635532268606,5.132828127395132,5.269986561801619,5.2234659086615896,5.095288322832383,5.138096928624818,4.805769937971218,5.967771857666759,-1
287,4.982611550559071,5.2180917144669134,5.162093951644299,5.262200519016487,5.224412285558425,5.120202256226808,5.1401108660365,4.802999531929721,5.9687792267443145,-1
288,4.984331183663362,5.226314855302793,5.194426718497647,5.2555363929927745,5.224212901678272,5.139893767287817,5.141023377611353,4.804575384533749,5.9666401371853945,-1
289,4.993143044912514,5.234048802352039,5.216474851021148,5.2474347355907645,5.229224760809199,5.156544826993173,5.1409858007102756,4.818395800538502,5.9710584827995135,-1
290,4.996285688323484,5.241639450222207,5.238308069104269,5.241206608361606,5.234589490458783,5.160619724891536,5.138102553291604,4.829606424482057,5.970057182143774,-1
291,5.002409163842426,5.2454044037827146,5.261223206727715,5.2373241811963345,5.232818039941141,5.181243918328936,5.134076141968414,4.84696896461383,5.977074345958974,-1
292,5.004857709815986,5.246418651506888,5.289777023561475,5.230554738469959,5.230635426861054,5.199494561791202,5.135257228313114,4.868773910569832,5.968452320824728,-1
293,5.002563351650563,5.245778284841456,5.308149722093581,5.218800543501367,5.233433945724941,5.2077516439270735,5.1312390209424965,4.88605772424156,5.971586251836294,-1
294,4.996086268272055,5.253910006325823,5.309331934093761,5.20762679558958,5.231029130520127,5.215647932259862,5.124663675859641,4.917752340360224,5.960601360346408,-1
295,5.004986629129888,5.254860748149116,5.315222864711988,5.187858324277084,5.216393590636026,5.217116209764613,5.112699357114981,4.948329980715939,5.970620784287019,-1
296,5.014942162722104,5.24671197310127,5.319218090455063,5.189150109482478,5.18478835226079,5.218429138355958,5.099965621624962,4.967932292970888,5.978024636238686,-1
297,5.019304303756125,5.233529068107151,5.316913632298458,5.196872640150232,5.158055025741369,5.227458544502548,5.0969899527216755,4.9781557945787895,5.973836111642017,-1
298,5.014195281413043,5.217562318035448,5.30903378074778,5.211645007747922,5.130391393173203,5.230558483417348,5.0934014025248,4.993654127419052,5.97706196408706,-1
299,5.0132165205763,5.199323838738136,5.29652747242385,5.217876765383467,5.114030495792514,5.212810885460771,5.086831072618577,5.0122206592950915,5.971323629245592,-1
300,5.022212109050538,5.182035698345678,5.285846975023107,5.225730651296136,5.0995846654373675,5.191630114229051,5.08716180928714,5.024210362912581,5.973467517887688,-1
301,5.029284673351963,5.169710517766732,5.269128226156878,5.233638159876215,5.078077772729584,5.174571368123985,5.089063793158023,5.039739088882719,5.980739070295846,-1
302,5.03611990370613,5.1508291118166944,5.252500117171236,5.231864050970955,5.050288607184797,5.1681608744929655,5.107373120170678,5.057457233970239,5.972738406377063,-1
303,5.032370773588823,5.1337022598758475,5.22644534766104,5.231317712242537,5.036000349409234,5.165380642967195,5.118333834942229,5.061998434119085,5.97456554358039,-1
304,5.028828183795204,5.118817781764037,5.204701834602538,5.222882437652924,5.034336156859567,5.164277465127309,5.1289201532565265,5.075507024085147,5.973991372895347,-1
305,5.028776360490461,5.113450058719586,5.187968677688233,5.208222536383287,5.022632688390199,5.166064447035606,5.127287651163616,5.095143444467019,5.982791987615734,-1
306,5.026105527827052,5.112501448974503,5.175338220958069,5.182318305502325,5.022569537250426,5.170220886452532,5.129370685493667,5.109337605444863,5.981542928978343,-1
307,5.028201610600265,5.113467409221764,5.173685084472074,5.159982627936782,5.024056449817379,5.169747198049245,5.131470528307753,5.118404466909459,5.976260215800077,-1
308,5.01205358117252,5.115446254487558,5.161097003516837,5.134541721247553,5.032011202304016,5.16614942221034,5.1290955905894045,5.123930185165644,5.981626754481837,-1
309,4.998973525208012,5.11547926188359,5.152262299956337,5.110220669630859,5.036840958085891,5.159074767241564,5.125751706549572,5.125411543693409,5.9733821217062095,-1
310,4.983299136930599,5.119629607748022,5.1413216748775765,5.10305105326873,5.047009490555491,5.136235988375734,5.114081720558658,5.123721866535659,5.980184091050127,-1
311,4.974487957804468,5.116353578151901,5.1289394672217625,5.101722003027327,5.05653404648999,5.108433379748877,5.101511012806328,5.1275379143430975,5.976009097699423,-1
312,4.962667417296843,5.113908882884022,5.10683308140122,5.096843725200679,5.067418609363532,5.080916073444356,5.092246102067606,5.1351114924129595,5.9797848981420705,-1
313,4.956235003362709,5.111279075484638,5.084224203205581,5.090825858952941,5.075677679931166,5.049886391317014,5.085759519881284,5.1420153709212935,5.980025411605569,-1
314,4.954349568324402,5.109544268998297,5.060122360808624,5.082505789022911,5.070566703319236,5.020634783118589,5.074844376600795,5.155533859755142,5.974844177111185,-1
315,4.949807463112967,5.108496801168956,5.027727384667619,5.064458838967511,5.059941478890504,5.003703277541245,5.068298348982342,5.168290432702804,5.972215019255076,-1
316,4.955622940699137,5.103246848710931,5.0045685251475165,5.053034163321962,5.048157341988681,4.996594939559122,5.058741648803396,5.18720967939862,5.991137053830436,-1
317,4.963735862404375,5.100454506429951,4.990720453956597,5.039780768994416,5.04353929390732,4.991743710925997,5.049054138675906,5.19429792702943,5.978979159442919,-1
318,4.982023637273937,5.1033577452040415,4.984778754328367,5.013502827703942,5.057198118559144,4.995434583960947,5.031813310201042,5.192112237422561,5.983422606780057,-1
319,4.992544869572385,5.109053987134243,4.985074078982983,4.98772694765881,5.072179502369162,5.000069313182775,5.023479756150018,5.196864073131191,5.977656679060818,-1
320,5.001028217010369,5.114798318042611,4.992297162834709,4.963564402137159,5.077503657822993,5.014009998944306,5.009094528406351,5.194642651496911,5.983701395415806,-1
321,4.996542270460361,5.12429443023598,4.998914096141514,4.9404219695823555,5.088628731808138,5.014053408646189,5.004863747129424,5.195470275217806,5.987528387477635,-1
322,4.997002119844442,5.129076550969733,5.006312484935263,4.930230782328253,5.112393350225082,5.016242470341902,5.0164921414005175,5.192165541415225,5.993705049459517,-1
323,4.993245845504858,5.132878280097807,5.014540588722973,4.927860582136987,5.1498361477252805,5.016136941735717,5.035963283446234,5.186523884825912,5.986811414554078,-1
324,4.989414007293058,5.143671862176689,5.017898631901656,4.92279881137753,5.183698288690433,5.007653049284855,5.05675730046023,5.175084559778901,5.982488205147688,-1
325,4.987647890137154,5.150931494728464,5.028041550060326,4.92939552693572,5.213646249151407,4.997649712182488,5.07769106894411,5.162775376474733,5.988262070358875,-1
326,4.98181750929519,5.156649865026624,5.039157212009314,4.943511745458127,5.227254495273441,4.981225941280174,5.100570632053931,5.154488564163104,5.9951460762342,-1
327,4.979986549058869,5.168064400604375,5.055718845174605,4.959415039977126,5.243786585304934,4.967964749666351,5.117630336804469,5.144510842759928,5.991199838406062,-1
328,4.98935383293447,5.180574206585995,5.070160878908366,4.972109555533402,5.262992000435506,4.951426117180017,5.144232401922979,5.138341446355954,5.986110441192275,-1
329,4.997255381803287,5.189324108283033,5.088120912926486,4.982915095420803,5.282215425567152,4.941109249641747,5.161361051402262,5.119799333507704,5.9853843212675875,-1
330,5.009108123597828,5.200268035621894,5.109621027359096,4.994069862010118,5.296764260518576,4.926842157006288,5.172794819180306,5.097555714349377,5.990556862584403,-1
331,5.020270912193103,5.215132557807932,5.135188867634118,5.008048632834306,5.304782431132347,4.914277061522014,5.17523231310516,5.070271695023821,5.9863594673001685,-1
332,5.026156923954903,5.2223273718875065,5.154762765002509,5.019078140506456,5.305852104750052,4.911208166844122,5.174423190875486,5.046581567135843,5.995679788004027,-1
333,5.032270023090081,5.225221941063521,5.155014303084246,5.029389514831581,5.305896994276331,4.914107013817469,5.172347952572311,5.029756255863449,5.992525169526691,-1
334,5.037369857379963,5.222877527493366,5.1560057339767225,5.039713564278643,5.306433068886344,4.920028922259942,5.173828416558073,5.014665535883831,5.991217031395925,-1
335,5.042765557816647,5.217331196058756,5.153484453165343,5.046119780107131,5.307727284512479,4.927149035041891,5.182507329826886,5.000905771429816,5.981165079773346,-1
336,5.037657953898565,5.199662882161277,5.14868042678836,5.05973156248104,5.305773780079676,4.935529049205083,5.184437769184902,4.991187994485277,5.990297760254636,-1
337,5.041487569276969,5.1802721540840775,5.144342028858188,5.073444081652273,5.3002022994662745,4.951700051833321,5.191533626170456,4.991191094217962,5.98339856311765,-1
338,5.034451776642602,5.162942212968008,5.145372034317253,5.082486134372901,5.294348549996133,4.9772222513786915,5.1876234896296225,5.000849588388593,5.986076709631161,-1
339,5.0402691687601155,5.138395695698441,5.138327052463372,5.0957705903703365,5.28471303320344,4.99963954777197,5.17686305804592,5.018078366104646,5.986254191633382,-1
340,5.044214889213231,5.122560730731764,5.144789843649973,5.105662269367669,5.27862378140407,5.020433746255867,5.172565412795025,5.033874642007206,5.993727139121042,-1
341,5.048148658655159,5.117077699671336,5.155431804777415,5.117575499999523,5.275771490769716,5.0415414213505105,5.165065956500822,5.053396922431543,5.982515202138998,-1
342,5.050847559406728,5.113360170726562,5.156750213754297,5.128173322734763,5.275839318067477,5.071394862620704,5.151798689364856,5.074609385005226,5.994590297691206,-1
343,5.062188077072235,5.111808950246829,5.159190360924614,5.129792132988622,5.266052363071008,5.1010372467786596,5.145809654097297,5.086052739411713,5.989196500449187,-1
344,5.07871064752462,5.117099788367327,5.15047803988949,5.126634055710203,5.265407085091257,5.125427960196481,5.141238244158738,5.097193210325629,5.991891516630333,-1
345,5.0875243223711415,5.117866770308603,5.137519174477665,5.124737079919527,5.259461289107642,5.1467283376045945,5.131489377959204,5.10678472812406,5.990929400913535,-1
346,5.104396548706062,5.1112449773615305,5.12650482055819,5.11150730841643,5.243450511598008,5.16252510192668,5.122548597656575,5.1164662161602745,5.989127731574638,-1
347,5.103808944431729,5.110900583035478,5.121652101179417,5.0857325687115,5.235428134033002,5.180215991687261,5.121287715895803,5.121594168671107,5.996610810166547,-1
348,5.103420321243496,5.097777654859361,5.113444101320808,5.066714522223662,5.229017041167981,5.196809994055404,5.1146776888723515,5.125655864295997,5.979507981926235,-1
349,5.09853024670345,5.081597775198613,5.106413427547012,5.039918239135929,5.2247979594681855,5.2058765575715515,5.120560435631106,5.119069258046379,5.9978064299930045,-1
350,5.097340905285688,5.0664524192942135,5.110928613786937,5.015160182247576,5.226259288345018,5.20518592762932,5.131949775838403,5.110968721616952,6.002706493115559,-1
351,5.096909896272498,5.047518480610661,5.107988015220182,4.998934529372672,5.224993143404755,5.202351739531574,5.137475165052437,5.115469393802962,5.996882833332439,-1
352,5.0854959122224335,5.024555824179814,5.123309105876426,4.979451859181986,5.222881056694835,5.199232042602266,5.146653837917093,5.111565527550961,5.995668450755006,-1
353,5.077697417370523,5.003402769385,5.1415945433248735,4.965181984041926,5.221591221523296,5.1901033153536575,5.15093538482993,5.107361239960089,5.996708989344613,-1
354,5.065913071815503,4.9943256764610435,5.154358058521272,4.958806830600344,5.238221527007176,5.179897944723076,5.150909509738387,5.095444206839094,5.991790273263563,-1
355,5.062216944143733,4.991313663557546,5.17099342650518,4.9653386204961825,5.255688975572925,5.170453649968852,5.1550691922731104,5.088554805496208,5.994257264050793,-1
356,5.055611068342368,4.9962983199230635,5.18539390737569,4.967871324722926,5.270568296364641,5.170942369188936,5.162934487430025,5.088916131381444,5.989523289658493,-1
357,5.044680764731016,5.00798587388646,5.201406485070537,4.964003952704565,5.285134828525352,5.175414570694319,5.155186331698758,5.10347446277558,5.996322679115903,-1
358,5.032504598745272,5.016633520207799,5.209949906493886,4.9570206790880675,5.288480278240098,5.176452557389375,5.150791476417599,5.122355598899161,5.98970886513718,-1
359,5.010102734150441,5.04145033153537,5.229086952816064,4.946487315693709,5.300807958254255,5.181377554963812,5.133449697384945,5.13999410685339,5.996826629920817,-1
360,5.002979330444332,5.074834042916689,5.249759178146281,4.9355943144633585,5.306665659770307,5.185957660237692,5.117300208003378,5.155767119075995,5.987608504297882,-1
361,4.997372842002408,5.110422867458644,5.2635500555775705,4.923070608493572,5.319515282182283,5.201902930502291,5.110008873331304,5.168174461774797,6.002601552390376,-1
362,4.989528698338195,5.136900772134506,5.2718991419784285,4.921794895157646,5.321225437690042,5.229112897460491,5.113460656890758,5.192876643249177,6.0044854667158445,-1
363,4.973558311236509,5.160315187784014,5.276979972763401,4.928746046432991,5.312964395093999,5.256935567853161,5.107390668965487,5.22152926423153,5.995810674438192,-1
364,4.9678262786653615,5.179729220546746,5.27544635274121,4.94499497809233,5.314062500342671,5.268634997813052,5.10211603729235,5.240596396416608,6.002707118180416,-1
365,4.971078352869518,5.190211668692196,5.268400314853508,4.969433000685412,5.297998615428453,5.284454066289501,5.104672458981195,5.25630782223703,6.0073878091649435,-1
366,4.965454711205444,5.204538919867071,5.260142575290062,4.99536473929968,5.278219160392588,5.306282809514681,5.105337019329148,5.268866067611916,5.991087512140196,-1
367,4.969343511457261,5.206520890824431,5.249052746231978,5.025475756842329,5.25310492590682,5.317874139565941,5.125205836771562,5.288028967850268,5.999631318797151,-1
368,4.963743445629793,5.203545103981711,5.220893914337195,5.063827845383568,5.238403451273429,5.331485763203839,5.130642116088216,5.3107367568865715,5.995629147474096,-1
369,4.957783202987322,5.195488807728326,5.197534223698724,5.1017202565692195,5.225700848041415,5.34077635845359,5.137852554153111,5.336947019861599,5.997784947969135,-1
370,4.9572694202147005,5.196745943266001,5.172094898902892,5.13102631344354,5.211676818836888,5.348521390344476,5.144591548197452,5.347964395380709,6.002403570342385,-1
371,4.970141039646058,5.195188307995584,5.143739539902998,5.14940956623127,5.201054255185854,5.358930570160132,5.157092908004495,5.348413939683766,6.003734031756398,-1
372,4.984216657455323,5.195406965569299,5.112831574798357,5.167594313361428,5.183270840073335,5.375902939364577,5.172784593084663,5.356563035206958,6.008145565827111,-1
373,4.998354374428216,5.198625177487262,5.091543985982761,5.178142304773616,5.1853279124925695,5.386966118490251,5.187438043440063,5.35050337106366,5.995209277109637,-1
374,5.026733200286353,5.201935978356101,5.077332332360686,5.195553596313109,5.203343900121018,5.390222924785153,5.201888692686702,5.339369852336704,5.999976984822572,-1
375,5.045795184292119,5.2055638550028345,5.058581454124237,5.218120168059252,5.220099094403402,5.3947862147933225,5.198176728528502,5.314420633372536,6.007536277738779,-1
376,5.0690360792442615,5.215381480410546,5.0466764255924845,5.241708844909809,5.230411670122509,5.393524862724762,5.2041801527527225,5.2962963293398,6.007070274679989,-1
377,5.102239818928891,5.237624086005191,5.0327874173072855,5.264622996878032,5.240243918430202,5.3862846510218825,5.204466757453183,5.275193664693919,6.003598506350707,-1
378,5.127646191234726,5.250708253738882,5.025262215663413,5.283863105845216,5.249844032114949,5.378954873635326,5.196603919976623,5.264662220786025,6.008532044020273,-1
379,5.151280648268784,5.254524342559177,5.028318063793243,5.30297963806032,5.263165777658032,5.36044090680584,5.18889131507581,5.266442763126718,5.997154376334727,-1
380,5.1787647314903875,5.2608789039673995,5.0344662062973775,5.312073455521151,5.270628646457309,5.345745619991816,5.1810687274362905,5.267694855206655,6.012357752756521,-1
381,5.2022011794527625,5.256894514282663,5.041015956736372,5.3194444697679195,5.269574555516702,5.333857632232537,5.164656916943013,5.282415219103957,6.003879629110791,-1
382,5.214686693560979,5.246504834038729,5.046970882647847,5.319586699764055,5.257925343631853,5.331062153330561,5.153542856288343,5.3063166465904015,5.999117026478812,-1
383,5.215915024849107,5.235245854609208,5.0468330525706175,5.311650289721422,5.245416761097057,5.338674893016957,5.151729217502833,5.325926147073784,5.996249511726918,-1
384,5.224246626034852,5.223914196315309,5.05708472622096,5.28687817435382,5.223715713743767,5.352546667531545,5.146460042877386,5.334048569871523,6.0003400006535585,-1
385,5.214581404979372,5.200348181295155,5.082982895111886,5.264801389311762,5.196479203887759,5.367473291981213,5.135439214021077,5.341580731750382,6.005689606036142,-1
386,5.21352347585981,5.185865140165013,5.113082269191008,5.241259329160572,5.1733321521709374,5.370371056889075,5.1359579957432455,5.351759368137887,6.002606548855865,-1
387,5.197527755145727,5.177370598136044,5.136523378038005,5.215682972539315,5.1401165160245395,5.3770249351868955,5.130905131661896,5.354908201135197,6.006275991117517,-1
388,5.17020784612077,5.1718213137512885,5.172716789685062,5.190032613689662,5.117492205194735,5.3751118318962785,5.116028204097796,5.360478593785129,6.010508370631935,-1
389,5.1393167401435536,5.174396648622783,5.204775480703306,5.172924670726173,5.096106699196945,5.356785940808871,5.109426671210685,5.355158602750774,6.00992712433963,-1
390,5.114977981751816,5.189740694187436,5.230942031596922,5.1582910939166,5.0842855698218905,5.332385000917576,5.093228057420726,5.336362885943744,6.001457424259696,-1
391,5.102431216775434,5.202031758542912,5.261916817095122,5.147375494413485,5.077103009123183,5.29855694767825,5.077085321998128,5.318669459701487,6.005492605763154,-1
392,5.0769706463661235,5.211896949059903,5.293979507554305,5.144335031210206,5.0799607964767395,5.264998695398306,5.063617252712871,5.307486579261212,6.001145738871508,-1
393,5.059567280870549,5.22342769492155,5.3063054377040935,5.1385271779174255,5.086120974545104,5.232803844432413,5.053046091784687,5.305675030594692,6.011146037096468,-1
394,5.046824421801677,5.225196094081333,5.310011819933395,5.1361380349101635,5.1039146232853625,5.207579251209135,5.042242511883777,5.292950665679447,6.009390225411916,-1
395,5.03541934545861,5.230793870128425,5.305803597461549,5.140464917928571,5.128404544744795,5.186085713483691,5.036111319281887,5.280074227096433,6.005665196209192,-1
396,5.027015118115899,5.236836703335168,5.289816535669619,5.148613604118177,5.149849973975433,5.163032246768996,5.040716831222146,5.259220012760958,6.009764795383987,-1
397,5.0258257019837576,5.236217462260252,5.274645343418263,5.158292175651048,5.176983538848913,5.155065597593816,5.041118632680697,5.242320902175682,5.999240858153408,-1
398,5.023322793458269,5.223440925810548,5.259781039656238,5.15869976708423,5.199796451160117,5.1594875603019394,5.039215115229438,5.236127861059312,6.010259151705638,-1
399,5.013240898232654,5.209212002855521,5.24000030815642,5.155126416080357,5.214527217147754,5.166078454935356,5.043523545322303,5.233887279022915,6.013593582908827,-1
400,5.011014355587692,5.193055330262467,5.20480420009459,5.160032099253914,5.2276537303847155,5.176126035857589,5.049901301531227,5.2216890715000615,6.020217460683949,-1
401,5.003551877183837,5.180796626640108,5.1736893137829325,5.16491198955306,5.245044525191723,5.180377892730153,5.05621681037061,5.20919605456855,6.009002947142267,-1
402,4.987186907059215,5.175873960958303,5.1472223814463,5.172982534543695,5.260802471756923,5.173562795721803,5.059512128487863,5.197428035465379,6.010742429741077,-1
403,4.98409872019881,5.162088506060746,5.12627215192472,5.1765628153996115,5.27553210691347,5.161133014220146,5.062681590169438,5.182028420468411,6.003321973929133,-1
404,4.988796944574683,5.146211347521076,5.111367019905017,5.173172587728896,5.279470161924387,5.14737845367884,5.065919381547873,5.1763899138263945,6.007854205585103,-1
405,5.000113712586844,5.14409656253859,5.096136368110641,5.167386089667675,5.263714300671274,5.13221104292941,5.079703915842352,5.170873283673461,6.007668065978213,-1
406,5.014679461000997,5.146290070369583,5.07868759936259,5.164680227201429,5.242325345304955,5.121677400624719,5.097243871812995,5.159811235213291,6.018854902308032,-1
407,5.033682647424224,5.161536387042647,5.076611587405399,5.162014828418112,5.224365640571903,5.114311090942751,5.100255776751844,5.149294897253781,6.0135006078592985,-1
408,5.047484259983133,5.177476338785161,5.077370295730512,5.160256502320873,5.204338649899444,5.101268246730278,5.099881791803436,5.1506398461089,6.0013041986563636,-1
409,5.067772651429522,5.20164740787007,5.082550318228617,5.158345068068139,5.184547572381977,5.099692352678834,5.105185628928346,5.148786090455525,6.007285414423213,-1
410,5.091834672302255,5.21969479015312,5.083833082518618,5.145128231483168,5.147417656219364,5.109574882290279,5.112919830552987,5.151363370323654,6.012720651168052,-1
411,5.1027814240243305,5.243916279245675,5.091997814521942,5.120692432283038,5.10881095265351,5.116390980647623,5.115082244916271,5.149411908549345,6.006435167330373,-1
412,5.104845612541487,5.265309896639921,5.0994469868465435,5.101073104320994,5.0800659222523405,5.122935765978865,5.117725397654084,5.138465795677281,6.023270972825173,-1
413,5.100373453404156,5.284666669979898,5.109217669049975,5.079552297825423,5.072049978846566,5.132322153436429,5.106081308420759,5.1253166332744415,6.012634343855934,-1
414,5.101186739612003,5.306765255826744,5.123752982055244,5.064345004977307,5.074427131412044,5.1213840431088595,5.101010278553114,5.109671050325902,6.017531817634697,-1
415,5.107797646245122,5.316012946897803,5.1318311592701455,5.047582151659363,5.080006410859114,5.111658698926697,5.099010307252579,5.09048699717287,6.019706754725938,-1
416,5.111199455627656,5.316596425308892,5.148158768456532,5.025817529322374,5.088777491234961,5.098460667669798,5.103147248730192,5.077436910205116,6.014280102474673,-1
417,5.111114736470088,5.309595520701205,5.164863202362674,5.00855863140647,5.0875981082709885,5.08340137335001,5.104348469558607,5.058594424085225,6.01152948148584,-1
418,5.112292206390668,5.311942016844862,5.188877764679755,5.007288411019889,5.093781753022296,5.062500240239185,5.100191805506332,5.042278007795825,6.006038759466163,-1
419,5.12214781603973,5.314851177239999,5.202336425772595,5.021035159642775,5.106373571773787,5.042046609729239,5.102058475065074,5.032412451837003,6.008869073605807,-1
420,5.136481124295625,5.314023375286277,5.209016795119998,5.043762418989875,5.118892069474361,5.025127074599591,5.102585195616547,5.034336231521128,6.014498586135029,-1
421,5.145907530705136,5.304468521852342,5.215713077623994,5.0657191402186275,5.1205975060036275,5.008084903612201,5.1125781764809854,5.038392396254294,6.00830795305442,-1
422,5.1418962191791815,5.28499273912884,5.233213501630085,5.084944109579913,5.1182278675757935,4.997033561925406,5.117900294895734,5.057064310865948,6.020006992131622,-1
423,5.1339674499544365,5.268911878505212,5.2448341563013905,5.107519177824924,5.115477422902585,4.987857840592089,5.131045969392663,5.08112485134213,6.0154665896303685,-1
424,5.128295504826492,5.2544551929552945,5.2592057606317955,5.13458424174145,5.111056608074067,4.9847578144285505,5.1439110983054555,5.092134443943208,6.017254138681888,-1
425,5.118172761317661,5.242834792131726,5.27884157264214,5.157792318170203,5.108242144253739,4.981910964528551,5.160468397629181,5.1040246274960115,6.018791109661319,-1
426,5.096492946550261,5.2282283412282675,5.300856827534647,5.176822132678822,5.0974584939623835,4.973313583420863,5.1700518390465104,5.113795737068639,6.01081632131795,-1
427,5.068497939695593,5.209313584325831,5.327119493080634,5.196115490901541,5.080936020060233,4.972212365266759,5.18385508399791,5.115434369237576,6.009981597007609,-1
428,5.037062254034346,5.198855630691279,5.3551433303404785,5.209789704073438,5.0577435196777305,4.976557122117317,5.186432401443554,5.104426523813877,6.015106002549118,-1
429,5.004569658128899,5.194250749932699,5.376757834650569,5.223311261264805,5.049509296452717,4.986278661088559,5.195224810731417,5.096466196160026,6.017978115868613,-1
430,4.983320659464935,5.196664712139145,5.383323287877442,5.231920312453754,5.033258967604357,4.993721503827411,5.1995911637830785,5.071336146832918,6.027041473125718,-1
431,4.9770610056865126,5.202286245050548,5.394951127850412,5.244093007608633,5.01929194375506,5.002690530356098,5.207185497221131,5.049831914110787,6.0121358290010365,-1
432,4.971414021797272,5.212989158580825,5.394086447170718,5.253834910768711,5.011393503670053,5.009726930581054,5.212465962982846,5.041440474418291,6.009602799209586,-1
433,4.975129480746946,5.217966951865768,5.378963596342299,5.260131822581079,5.0050573019960405,5.0238429038878065,5.209697576567016,5.039216065320248,6.023100032713784,-1
434,4.984813164426342,5.21422938225816,5.356736403347382,5.261003802786086,5.003984353580238,5.045869001190096,5.204002085980338,5.0379993039577196,6.0252601722028,-1
435,5.000547685335868,5.211656090651517,5.337452217605402,5.248814393182665,4.999725610372317,5.06695864307617,5.200731126511183,5.045011486784406,6.0190961734724775,-1
436,5.020949896247219,5.210611361590204,5.317037242811233,5.227060637933603,5.006110406854044,5.084435870234292,5.201773238480092,5.044763199620638,6.0163193993573065,-1
437,5.043422032947641,5.201941300976727,5.3069885008064785,5.206726171790464,5.003910162692121,5.097926232504417,5.197854841507418,5.0539774943194375,6.023271841892398,-1
438,5.054676439030136,5.189313179581612,5.296441085161326,5.188859374358077,5.009355541158794,5.1111996290613035,5.196917066988797,5.064726788130765,6.0099320865529915,-1
439,5.056315416311721,5.169414416507331,5.285309506439237,5.167120697538787,5.010765870385638,5.115811861236688,5.189735235089037,5.063981947729506,6.030936220556865,-1
440,5.054887956202253,5.155213260711187,5.275273416998901,5.144107314888465,5.005527256021866,5.124244688142275,5.1774138672541845,5.052373833997523,6.021260230200196,-1
441,5.04207485246348,5.151534072858848,5.2730585442964335,5.129222887093796,5.010072987168575,5.135800679731958,5.168019159829178,5.040685902628537,6.019923618979975,-1
442,5.03544656230633,5.159109148197118,5.269170865855074,5.114051017884746,5.022092253130025,5.145599137060521,5.172889927129961,5.026141538753416,6.019462134355676,-1
443,5.02849082251536,5.176062393436723,5.253323573958483,5.101889134511479,5.035263599602751,5.150669039098252,5.170584230495018,5.012146740528554,6.026041947766807,-1
444,5.013644511988896,5.190327489129887,5.238317107140309,5.102244588984713,5.042646670662964,5.163006934473326,5.1666203101593515,5.004968593434193,6.026695228353346,-1
445,4.997063998885445,5.204948346983023,5.214342067066197,5.09953670261232,5.050033921362026,5.1707415076364445,5.151725880462172,4.997346294029894,6.019293504939282,-1
446,4.984515270009896,5.222978546595033,5.197691942435155,5.09696032511225,5.0636226480617195,5.182875435194145,5.139302494728928,4.99684168520713,6.016476734275862,-1
447,4.964925503901544,5.24726757759334,5.171553860362285,5.0944463327588,5.082653618220672,5.207321220043197,5.128966860508266,5.0049279650463685,6.017619789191373,-1
448,4.940411718428596,5.266831783422513,5.152206215440421,5.093228768864165,5.106108700961346,5.215761831684901,5.125905254675482,5.015605378697724,6.018047682293606,-1
449,4.9233223853265455,5.281557653675869,5.130452911426596,5.086164404269308,5.112649655374495,5.211289938047761,5.120912587989689,5.023516294991246,6.013137486352081,-1
450,4.903022343079372,5.2956789313482515,5.114538190223858,5.086488361686096,5.116878067156841,5.208118908978973,5.107819786103237,5.027270047726548,6.025404311560454,-1
451,4.883316738901058,5.297870945788774,5.105508410134505,5.084939014813924,5.130687550972188,5.20362761882344,5.094443480584825,5.027405588927795,6.014887790470181,-1
452,4.869272619586671,5.301829784563485,5.104183089103952,5.082805571679529,5.14917122186133,5.190025971519554,5.0833106780497985,5.03735982493667,6.015861714650921,-1
453,4.856867385458527,5.320941064125258,5.106909156646533,5.08418922225067,5.161457165484609,5.1719768373802175,5.082205129874818,5.035168102907981,6.021622169831879,-1
454,4.849232122317091,5.339277890672841,5.111290682846798,5.090560771343622,5.165908215597467,5.1562817347703405,5.081556537410458,5.028128553227724,6.019871752271188,-1
455,4.853531897574779,5.360303259826621,5.123171938871212,5.096396646646918,5.169697861165631,5.121238542318099,5.076910513720149,5.021600030573627,6.027495713566766,-1
456,4.881451002287112,5.381656615988304,5.124087988828181,5.092749365317933,5.169579325134095,5.09697236302375,5.06665635863994,5.017696942578082,6.019099774827029,-1
457,4.9111180064355935,5.399746342616772,5.130803007982633,5.0933990616689595,5.172563112286405,5.078043227530101,5.061136836640155,5.016928769257162,6.0239316457450345,-1
458,4.9475157185307665,5.413790179258889,5.131081323422799,5.091034517374714,5.17692990119185,5.061262182595336,5.063700868483085,5.030295122837176,6.025211421939663,-1
459,4.977445346453863,5.42787995889986,5.134598255682311,5.093879680376618,5.169421564314362,5.05608954001877,5.060109926373275,5.057382496258246,6.027057284220939,-1
460,5.0130380038502595,5.434428989945846,5.130026596939572,5.092058620713361,5.161283379901256,5.049919846224274,5.053866081000614,5.081972442754454,6.025921064995689,-1
461,5.045863319169127,5.422198454761077,5.112726716259562,5.085043483916934,5.1629150435469215,5.042011287708533,5.047804543568137,5.12045300584006,6.016275221799807,-1
462,5.061905656913363,5.415148271296048,5.0881864003818995,5.0758184481151805,5.158312019619044,5.025944388595869,5.030811279483544,5.16427637998552,6.011416121797442,-1
463,5.0634884242071125,5.409877695391906,5.062760584741881,5.062371490174189,5.157817281384989,5.0250854992996326,5.004884225575446,5.206359281280451,6.023019025057528,-1
464,5.061995237596174,5.398720109431549,5.04934830145774,5.0501752054862274,5.156903984504985,5.030831502610751,4.983055632496241,5.231881926888749,6.022950721928062,-1
465,5.065525211535906,5.382582774427766,5.033752246043298,5.038286328360989,5.151913306622419,5.0413072265956655,4.961889685377816,5.252813461272938,6.023789212791423,-1
466,5.063441647167322,5.358069076490662,5.0257536207877465,5.02106378713774,5.1327781724598465,5.047334396835684,4.938680087023664,5.266472623202249,6.0170046282324465,-1
467,5.079089386376332,5.330774813287588,5.021415885361382,5.0114122850066645,5.113747641779263,5.046045044928832,4.923057878301718,5.271139333338015,6.014383394776603,-1
468,5.087908130540813,5.310284049771955,5.027101283207499,5.000073823312263,5.0975037487721195,5.050549353227915,4.9155981371131015,5.268705736043212,6.027001183141779,-1
469,5.095522961735119,5.293177465874142,5.038851585185329,4.991911150197777,5.075223372013721,5.05563290104486,4.905248938271743,5.257668855486025,6.029451679079444,-1
470,5.113384008258823,5.2809015537829005,5.0571843932632135,4.975740474430035,5.057442244477524,5.0635863305989925,4.904246179493705,5.254091695034351,6.021658985654702,-1
471,5.134110696015794,5.264147839571539,5.077090215979957,4.957850032756677,5.032652961233769,5.06865929724763,4.918680519128946,5.251138979494481,6.02580949672189,-1
472,5.133361872289453,5.255135777713491,5.0939648029927955,4.944274264960266,5.009536915123018,5.065839548640872,4.928402181067462,5.259854595573341,6.016850313920182,-1
473,5.121578725573302,5.2541655299763415,5.108984028110881,4.93071173001524,4.992697628829346,5.063236258955973,4.937404957967975,5.26679755179121,6.02448755633971,-1
474,5.103408777590401,5.261121100760578,5.120697068870265,4.918314496765734,4.988696567915879,5.065224323194532,4.951659238976456,5.274924339867081,6.0253226124762005,-1
475,5.065252512066435,5.268243504626986,5.125289762601458,4.891660553074205,4.997920110465903,5.070846325397767,4.963837958341633,5.2864939430762155,6.024531326954,-1
476,5.032096713702072,5.263261774916065,5.126070009673761,4.870598721963233,5.001662140880678,5.0830903663578235,4.974406035766781,5.30418530982199,6.019849630438659,-1
477,5.002384389481679,5.257932018452504,5.138266761072998,4.8546461363410085,5.0028916284798335,5.094968117606847,4.984344480440312,5.317964328325643,6.023307747863652,-1
478,4.974159742907367,5.238576841336236,5.147723361941981,4.847627053818629,5.004274739913223,5.109171230428686,4.995770562334477,5.3206932248631205,6.020520187608515,-1
479,4.946063831413034,5.2130907194742395,5.164949803460314,4.850542524307826,5.004703749947618,5.119284738078627,4.999778390601853,5.33058092086796,6.019600681823133,-1
480,4.926065038305902,5.19000503980889,5.180142661041503,4.853535436287238,5.008160721428419,5.132501865385135,5.007782195081614,5.339861137749041,6.024605379600324,-1
481,4.906651007991444,5.16351582758278,5.189067930784554,4.857902241290708,5.01662533485353,5.133212273478108,5.019150606526322,5.351730548394997,6.01839097356802,-1
482,4.892575480540992,5.145413518557816,5.194690069565157,4.870215044348995,5.029375628260951,5.127943471026434,5.020999209810405,5.360469683331441,6.031300382771131,-1
483,4.8911368980353735,5.125919565221975,5.200593308779056,4.8908916656161985,5.040693991745809,5.115253626923794,5.017940992487405,5.370723632123535,6.0249825499394944,-1
484,4.8843357354273005,5.1208033771235595,5.201466242521091,4.914757861567352,5.047278312837295,5.101762316064804,5.018635549885113,5.373483820879708,6.02292562833915,-1
485,4.883718766131886,5.120808853829613,5.200070695540242,4.927861839406865,5.059341752589754,5.095558458595789,5.031332234123709,5.3759452387466204,6.033328759800316,-1
486,4.881610038838415,5.12199235195495,5.195151825858341,4.933446631364211,5.078618665105559,5.083397240726347,5.039288753547862,5.376334141976261,6.033004177279095,-1
487,4.877682822936369,5.125753364860968,5.185683334536677,4.945349491565771,5.098852691957817,5.0738578045187435,5.048469084899518,5.366582674001109,6.014837682881355,-1
488,4.868623320073257,5.123709949339168,5.182803751754126,4.956379863847236,5.116041689806229,5.062326923080483,5.0566356346323404,5.357476332186012,6.0292360034546135,-1
489,4.858926683321366,5.120598010163705,5.184482762935606,4.963814542663598,5.122680647863119,5.060248655303236,5.063124472774421,5.346405018713396,6.027719966679826,-1
490,4.847183117314232,5.11021933658922,5.195881781392076,4.964000859692913,5.122602712354995,5.064117469873048,5.065694404052239,5.332521514400644,6.024160863768944,-1
491,4.832591057223719,5.111071252194414,5.207333668154242,4.967616006810437,5.112658056974915,5.066084066888114,5.068779656378697,5.303699161170049,6.024981055754785,-1
492,4.817097031921017,5.108382730505137,5.226144621296746,4.967305170966065,5.1140998959145145,5.056417209890387,5.05894914788341,5.276924964783004,6.020668666393917,-1
493,4.798502368043354,5.109399107176792,5.23941193063835,4.979422494653584,5.114885860946805,5.052227390072839,5.040479519335482,5.253059868590073,6.032757967142005,-1
494,4.777900268387067,5.104220431580769,5.254039995010231,4.998484730999309,5.112754198984682,5.049927000213675,5.033524765640786,5.232300773980552,6.0247583360132495,-1
495,4.7668445232490155,5.1041595117815355,5.26663925278294,5.001925927542218,5.103764237238036,5.047163578340106,5.02692899842676,5.217719292206861,6.0321934920297045,-1
496,4.7710750172136684,5.1027813865315235,5.269907674238356,5.012243074787781,5.096759403412778,5.046333508003819,5.024309390202851,5.203460546026853,6.0237595885910356,-1
497,4.785210817812731,5.099634525388068,5.269357070635786,5.016568641012024,5.087511164153404,5.042237443086232,5.018145330535514,5.183195179615232,6.016282266333374,-1
498,4.811337884926512,5.089315553146898,5.268901664983364,5.015998763652974,5.087065325924061,5.034806102758851,5.022909100380177,5.1596427864758825,6.025752540495133,-1
499,4.836430156328715,5.071417701286488,5.2633074921705685,5.0080824920520834,5.091647874815703,5.029039825378951,5.037555077933964,5.147465019400238,6.030691508509696,-1
500,4.8579799027803094,5.051037717052459,5.247517518591813,4.99479821429092,5.102143333668046,5.029113550472133,5.055644006424606,5.147488238118211,6.024144463168966,-1
501,4.887051862125679,5.032063869702032,5.239045613253619,4.971483976811457,5.107961678792075,5.0248701882820415,5.075150873752101,5.151984845131816,6.0270778450157,-1
502,4.924292580108173,5.014295280608673,5.226662934516151,4.939449835280401,5.118354830810532,5.025708299809868,5.101937782540561,5.157315062402417,6.022823239906908,-1
503,4.962464005051869,4.993280487497347,5.212729686079962,4.921850093121957,5.128960290098066,5.025950115341213,5.132381759261203,5.147399013160358,6.033058340112655,-1
504,4.99407845335529,4.97254878580645,5.208037132505319,4.89987524102087,5.131847226520959,5.025050947565921,5.156725911696442,5.131286546159913,6.028507050799238,-1
505,5.012133860310301,4.958780722530638,5.210149185776899,4.881042763163439,5.138640157387232,5.020665200000725,5.1815221146247685,5.132166367211822,6.031528982345329,-1
506,5.022599019877294,4.950491458167318,5.18867384347007,4.8776826530395745,5.134008330912155,5.016484002475111,5.194282601794209,5.136834013419112,6.030780252022664,-1
507,5.035341098445382,4.9477682652279755,5.177195409466344,4.879445699437524,5.12423190507937,5.023901184681942,5.208031916773747,5.13247393939739,6.025538154375995,-1
508,5.050906301965499,4.938091448715277,5.171843129507986,4.8795936217272216,5.096063871271586,5.030458630224302,5.2269588520851435,5.117108293307544,6.016293635670015,-1
509,5.0598198816970825,4.919179389465593,5.1621957786540325,4.887642195745856,5.073560019734809,5.038248490988345,5.236438667084173,5.09529631345489,6.030378583302703,-1
510,5.060066808337882,4.908971309075633,5.1550793833716675,4.9022409823539865,5.047063392036125,5.044591180697907,5.234798284810957,5.0741274783953445,6.032458406008386,-1
511,5.057074119198409,4.906709582081786,5.142702064569442,4.9201875431580335,5.02896550875309,5.057095431936276,5.223124110579081,5.066535874398969,6.0198895918411015,-1
512,5.058686711067727,4.90848657930083,5.135745903604058,4.9371077746313805,5.018674149599564,5.066878357618753,5.2060150485385135,5.06441315633942,6.022460240132175,-1
513,5.064227720479213,4.9087218685943705,5.129131947635372,4.958255337150564,5.014350968949135,5.078059231263881,5.184039534577036,5.0550358382279486,6.02523949748118,-1
514,5.063543142517949,4.914939541797285,5.1261264074275,4.971076043768542,5.0085354374397575,5.0959100425128705,5.161524172693795,5.043899019528756,6.02650941511843,-1
515,5.066537502690528,4.925161926329364,5.113996130433387,4.987699107347886,5.004758045210795,5.108906598291994,5.132633073748542,5.034771645213316,6.028079215968815,-1
516,5.071523015992639,4.956891299321025,5.106799919853393,5.005920619105306,5.011431664838745,5.127656999852415,5.106186108061813,5.033283262839008,6.023435543638627,-1
517,5.0810707277008955,4.986724081158271,5.100059285378685,5.016914270237396,5.01483359041617,5.140603396288935,5.083187102704447,5.035721049423646,6.026423677445177,-1
518,5.1006529789242405,5.013600463203948,5.099102562448586,5.031979668317496,5.007717804015102,5.153981547367594,5.06754845946089,5.039813842740735,6.0321363657917795,-1
519,5.120391029931294,5.041007096130959,5.105542754959405,5.041776326715437,4.99701532438521,5.158703047734904,5.059938234552329,5.042151254087525,6.030619184855255,-1
520,5.13308691019587,5.061785566764214,5.105754433793106,5.055678057083459,4.988410744411802,5.167259190727392,5.058722573065059,5.049059358842563,6.027055812471294,-1
521,5.145498704841933,5.080954957074308,5.1085238042651415,5.065317465667908,4.9838513939919435,5.172398045062945,5.062676288363712,5.051415875663914,6.0248518112476575,-1
522,5.159129340623574,5.097086447834807,5.119592639187185,5.074110883497425,4.983381257281087,5.176326380594296,5.070188364682268,5.055093302318843,6.037260779245066,-1
523,5.1696322610935646,5.106114152059244,5.121790935925986,5.0849268953138935,4.987437785706555,5.175308469216941,5.07283312513448,5.064402599114429,6.037604678486775,-1
524,5.1835069209882,5.106136243874346,5.124577264569516,5.098184545203269,4.988383851479927,5.168298308210649,5.071496314004569,5.067440403019793,6.031977553934745,-1
525,5.195254290523615,5.111224412277333,5.119952668849223,5.119123356284502,4.985432842494837,5.163363386583543,5.070222500147569,5.0743967498632685,6.029718546204307,-1
526,5.199632086425717,5.121319359457775,5.111471454842008,5.140344537738668,4.986335499832749,5.158282453970691,5.057700390883681,5.086820256606237,6.021887313935973,-1
527,5.202019373184279,5.122681419068736,5.102175818819857,5.153480144660481,4.98899209489921,5.16064838509199,5.042535552171041,5.100480185473044,6.031948271505511,-1
528,5.21031287229008,5.1284746217174355,5.089221082132251,5.159736372388868,4.98512351635611,5.163579648417017,5.028400106478108,5.117857765970416,6.030353533172396,-1
529,5.222224517172211,5.127331957709452,5.07215701092173,5.169207544856464,4.984757467817547,5.165178736398964,5.003247179957464,5.144409318513223,6.0312476307595,-1
530,5.235629573667922,5.126353124868771,5.060134007184948,5.1746434104941255,4.984451316427215,5.1614649581266345,4.984245456268701,5.175319270619102,6.030457391898959,-1
531,5.2449133593721,5.1259259414285046,5.059328016323356,5.182159203111873,4.9796623095262635,5.161380435620906,4.980488291021236,5.207115649997471,6.030422013130761,-1
532,5.25439639940729,5.122164780919978,5.050634352405385,5.188540466173004,4.978233462170511,5.151249006094838,4.97388450441994,5.236962690124257,6.020106641022027,-1
533,5.264476368317797,5.120406181762911,5.051499463939584,5.18375255946215,4.980801529767094,5.146857142440967,4.967573635130664,5.267287373731654,6.030903938325776,-1
534,5.282664405762134,5.114856791814509,5.044720411951424,5.177395013300205,4.9809911524028445,5.135842580506484,4.971715519338855,5.290693046715921,6.035765775047257,-1
535,5.291370447822992,5.115814909910808,5.042221091681656,5.170882441143858,4.989644153846255,5.118504491788244,4.978719839809747,5.305993998101342,6.031909844664133,-1
536,5.2929335723973665,5.12420071473732,5.033906405469569,5.17072088359417,5.00078697087971,5.100950819272342,4.9913580161928275,5.30668633884737,6.032158242963097,-1
537,5.294018236151991,5.14029199460602,5.028709082265398,5.167114594504632,5.002322524914935,5.081321988314336,5.0111012168606,5.297498712686126,6.032661960900559,-1
538,5.296178056967032,5.152299202872471,5.0115700943188575,5.161392984705178,4.994584425637106,5.059930493769494,5.023945313612783,5.276779014968742,6.042428569427388,-1
539,5.297235198284234,5.151911965949756,4.999214704247531,5.152187209838479,4.987962001575143,5.042872951920519,5.024820915792858,5.259731129560641,6.029247419198337,-1
540,5.303158761763804,5.158312801352475,4.990969719266451,5.14495689493928,4.971189301431381,5.037877318597117,5.027384861580115,5.240816479225639,6.03311431974939,-1
541,5.304582747003976,5.155765887871341,4.975282875573476,5.147114667035563,4.962509121906422,5.031002644576885,5.036338559346591,5.21629752334462,6.03397614460268,-1
542,5.293991632259083,5.158200032365339,4.961680280479191,5.1364847252782955,4.954037875911365,5.025830067478356,5.03207204298359,5.19259656945979,6.037305747890298,-1
543,5.285035755043098,5.159016934389211,4.951161500726642,5.134118767752806,4.934185240773462,5.029485073646454,5.028651448445547,5.173334033427711,6.029274071767049,-1
544,5.281553207101629,5.153191142349369,4.953628555094579,5.128595736587677,4.914451189543541,5.038666491503321,5.017998475228952,5.170363955300412,6.025897410794173,-1
545,5.2808444922800275,5.14520024505056,4.960841328892184,5.12796853832911,4.9028536151043545,5.057773071575929,5.0183778594930155,5.160326337143951,6.030454593370938,-1
546,5.275130929762502,5.141114219322624,4.982290055428552,5.137800847423476,4.911508358788108,5.080720280762014,5.01996093756859,5.153909548550302,6.030590459549676,-1
547,5.2703699371982,5.146200260137956,5.00560648228673,5.137384520026885,4.917241634433029,5.103415778987771,5.021922240780835,5.147529688355725,6.035948831569946,-1
548,5.252782245192166,5.14385302859156,5.022356892680035,5.137835707023874,4.931126381971696,5.123985786752804,5.0316232496507896,5.145773318495666,6.026739198753578,-1
549,5.2307418722212695,5.146941480899568,5.045840533771738,5.133445764299391,4.9373466220357365,5.146273579739497,5.037033309552943,5.147142153321301,6.035722938199622,-1
550,5.2161028617483645,5.144013910074341,5.072093051966841,5.137051292908188,4.956718255016479,5.17848848145706,5.051794652155141,5.142978515718271,6.033981988033818,-1
551,5.201166251084897,5.127225976460027,5.088454164246584,5.1453969082932245,4.980932305412519,5.205557347387648,5.067474744854701,5.135175376088917,6.039195388342515,-1
552,5.185196898069055,5.114610669547905,5.099041737450762,5.148591631644349,5.00528165430425,5.231240216287361,5.08276403152599,5.117513865444008,6.037799973607486,-1
553,5.172959250767228,5.0987412966276615,5.10306358862922,5.144840190934501,5.02501738543538,5.241239632628349,5.090779460687802,5.119588875068687,6.02872847620886,-1
554,5.171564314215489,5.080167571803373,5.11188535431764,5.1425410256807265,5.035437488888863,5.252480115645808,5.0980453517963955,5.133316862761616,6.0239181833752475,-1
555,5.172765401856877,5.060999708575311,5.1065735821204115,5.144250297432043,5.051010928014813,5.263840710245515,5.112930911746659,5.142225773293565,6.036129522823776,-1
556,5.176533987955917,5.037244620689946,5.110447281588215,5.142495769219816,5.060454663147639,5.272547828516813,5.125266773833415,5.147594032147506,6.032633534161906,-1
557,5.184996874036237,5.017553244988855,5.115840463942257,5.146895878449667,5.074440751301033,5.264589398653505,5.1370940951368675,5.143435265757464,6.0364033563059705,-1
558,5.190147066040496,5.010157494006692,5.114555099697959,5.148156643030326,5.085562952467496,5.244361818708353,5.148986234638832,5.13941409911275,6.031035737958366,-1
559,5.205089592618201,5.016449783085871,5.118655333599929,5.136335031167619,5.101768809767123,5.2326967527977555,5.1590513888886305,5.134586307990693,6.03281028034605,-1
560,5.223324554187417,5.022471412839083,5.126105694347921,5.128194456785694,5.1209645374436965,5.213407755055487,5.165664566387804,5.126660255372876,6.042695576709148,-1
561,5.228692773485945,5.029141296649989,5.127780429095523,5.118358242509339,5.142378852320888,5.201969396525011,5.169454226096376,5.108773141213839,6.038890354751916,-1
562,5.234905366263968,5.03511120335019,5.112014605524816,5.09906969708735,5.150080285218891,5.187371240101078,5.173947170619884,5.075255539346742,6.040140232306916,-1
563,5.237409949525653,5.043595080848989,5.109723326801493,5.096497775954941,5.161479943509111,5.1703737660987334,5.168888942441392,5.0390565272890555,6.029865576266295,-1
564,5.242728098483368,5.0580889536120806,5.104873449628979,5.086996392710603,5.177019666070659,5.149647432567463,5.163591177927011,5.006205494825809,6.038167455462536,-1
565,5.2340548337349855,5.064394200117947,5.097323384199631,5.0670276259308435,5.1890743507525485,5.137886349359462,5.163991462184923,4.981921410671198,6.0385540115774745,-1
566,5.217788101524832,5.057023211380773,5.103922238549696,5.050595064344298,5.195980092116624,5.124335616882663,5.158167892030145,4.961410372107274,6.038877161208452,-1
567,5.200303212025326,5.04298109824688,5.110359712064061,5.035624022798323,5.197235871775138,5.1034956555733935,5.155740292349706,4.950456594449967,6.030621807054554,-1
568,5.176986655186802,5.023690138050789,5.107759341436869,5.028178669403296,5.189173161436366,5.089431563598838,5.160659079067878,4.9410948758218165,6.025863846332051,-1
569,5.160258796325504,5.0092350604741105,5.09946297009077,5.023717996376906,5.177059836726995,5.079775139793854,5.164764167051896,4.939040279111936,6.043991138007308,-1
570,5.142146805211154,5.001592069769998,5.109895065036406,5.029115295344295,5.171525037900881,5.064855712501062,5.169180247976923,4.951614304113839,6.032421823526394,-1
571,5.1311057380957,4.99283700149864,5.130272270273044,5.018924769907276,5.164655279130073,5.048596724160901,5.171062736889694,4.970045445500904,6.0380744981119925,-1
572,5.111307541242978,4.982478088198346,5.145348755641211,5.016673637196398,5.159545832111599,5.036185961754591,5.167352505732389,4.988753664829769,6.034972993085253,-1
573,5.103098749210783,4.980960460049277,5.1647991513283635,5.029569473692753,5.155415780303299,5.026881036417265,5.155233020323164,5.005406820984948,6.041142683654566,-1
574,5.107037942720731,4.980968947948005,5.185938941931244,5.047498948435169,5.155286083631252,5.028929703704534,5.133983522716245,5.019526948050316,6.032261897537221,-1
575,5.110659632827313,4.98254774947969,5.211592496872029,5.072113638785228,5.154169217126368,5.030882998506558,5.110582980401241,5.032323003113646,6.030200435498719,-1
576,5.122743031960578,4.985800163628857,5.2458819961445675,5.08741716915563,5.158233858843533,5.023908233698164,5.089239279705459,5.045523047303882,6.031253694588201,-1
577,5.138604757401787,4.988401071161509,5.294391234510479,5.100647788543098,5.164910371424391,5.01800744364759,5.061311121245298,5.055510828371841,6.03609706389848,-1
578,5.147163436304417,4.9896932821846685,5.326562344600385,5.1130641021278604,5.16882723491868,5.0202399540237765,5.039140268681021,5.0616585052096985,6.039010091105086,-1
579,5.153074943353329,4.983597273571741,5.344489748836572,5.128606499259726,5.165381104525212,5.018044497854275,5.018638345463129,5.062951015308009,6.037480017346478,-1
580,5.168055160889143,4.975569840297015,5.371190935890651,5.143563583775384,5.159812235876673,5.023951282006212,5.0024702799768805,5.065930140063558,6.029951888570906,-1
581,5.181522520831604,4.971581119188286,5.388400411946918,5.138012501451203,5.145219022717593,5.033244569191867,4.994772838400017,5.072204701263363,6.041260399235842,-1
582,5.199706973456962,4.9647865217550535,5.403071574152878,5.128846055330869,5.133537888027251,5.034935362556931,4.993978631657523,5.078292822267838,6.035758412587563,-1
583,5.211863435630418,4.968953518959085,5.407993095156326,5.110708493724025,5.1235100755705725,5.03787279709319,4.992483754764077,5.082053011494002,6.031174146944746,-1
584,5.216440073346201,4.971040672274446,5.404557148603603,5.0921618682018766,5.106739625833706,5.036287041368476,4.987199463478602,5.0937714684183835,6.03355450525201,-1
585,5.21352546793514,4.968021709857714,5.395646597074631,5.0731017086345345,5.094262381149026,5.034078722380314,4.992970779748027,5.099293161333315,6.04439044195624,-1
586,5.211795545648833,4.962806358422274,5.387581016391049,5.053336788121795,5.0840968367699375,5.029986057500613,4.989264038453196,5.105804241136671,6.030986836768444,-1
587,5.205142964241652,4.97355417284736,5.3857030261908045,5.038094924530147,5.084246931281472,5.030608033425857,4.988776480129603,5.113267784624186,6.034011919964636,-1
588,5.196669293959096,4.990578654897305,5.385860822106382,5.025465132449648,5.076018295299522,5.021036258900067,4.987610521377232,5.125101189669159,6.041212655130603,-1
589,5.181624125542966,5.004292126962113,5.3935843636115886,5.028007946158151,5.081660739658563,5.002537913512055,4.989331527645224,5.126095112940422,6.039925003312301,-1
590,5.164470974552546,5.023862768479039,5.3965787257648925,5.035191691104584,5.081700512035641,4.993168765176323,4.988104295027379,5.13130176696594,6.041245710818087,-1
591,5.1531841890865175,5.033910610810701,5.396715216962593,5.043813964770469,5.083815204206065,4.985786865641698,4.988175470363328,5.130811555688077,6.03826213655189,-1
592,5.141231678226793,5.042300418313221,5.399017390070904,5.063095700922946,5.092889236582079,4.983288201451726,4.982558477835114,5.1224392449552045,6.0474032399788324,-1
593,5.1296064982976395,5.060431361195418,5.3906229950781,5.0818972160945455,5.099698332177138,4.982567875655768,4.975425437261174,5.1121615143013015,6.0325089732075865,-1
594,5.107307665418727,5.0843961605533075,5.3823146906189,5.10111159888928,5.115877687716908,4.979708028167996,4.97422288512504,5.102721663271644,6.039701059910164,-1
595,5.094577140915457,5.109901872188324,5.362401746778652,5.118263346180087,5.12903240175773,4.98427891472637,4.976947929198104,5.093202687542912,6.045961668715069,-1
596,5.08981239952723,5.134067353283205,5.340170097507794,5.126604750803703,5.159831638900968,4.996421343036106,4.981379114265712,5.07750236632184,6.037166338440815,-1
597,5.089430220753809,5.158164200859629,5.316942173534814,5.130363268881791,5.184672617459616,5.014165141584083,4.987158477179258,5.071650060911401,6.036653989727785,-1
598,5.081101906488886,5.190455663687907,5.295512799882669,5.133117116397286,5.209249207682889,5.028881095259584,5.001214364916761,5.070077140422925,6.03514322982306,-1
599,5.073420863856634,5.219529635673592,5.278894595278907,5.1422814525172065,5.231497197809669,5.037022753080864,5.012337386171784,5.069702752484119,6.042519561023239,-1
600,5.07710674564661,5.248058669161017,5.263830075390344,5.145283747356572,5.255903259137595,5.046847929242104,5.02884758801493,5.076037124692591,6.046920201661334,-1
601,5.083727871118897,5.269736400455792,5.261044415324593,5.151915082446794,5.271697921456103,5.051140290137381,5.039108251953241,5.086613639831877,6.035380629214372,-1
602,5.095523278213657,5.277932249173519,5.262302860358252,5.14466053478246,5.288375548070129,5.053540058953165,5.053383766052417,5.100038439756363,6.0409216212580255,-1
603,5.099238345701379,5.28037647468999,5.27247522386152,5.122037590769265,5.303267736144584,5.054417464451186,5.059784619007202,5.1082109435363705,6.041665444341728,-1
604,5.0994585556373195,5.291375969375006,5.286614439233433,5.113624399786649,5.315519640335687,5.055801516443478,5.067361070885333,5.11106457368831,6.043552815348946,-1
605,5.10438267084448,5.303513301819383,5.288125343124616,5.109758561367114,5.318042826901324,5.060488534730252,5.067200549017857,5.10668349346979,6.034383128966018,-1
606,5.106749161927709,5.305108924441697,5.283469308220153,5.096930607851245,5.315770108968363,5.068045155881215,5.053434979001571,5.090944196576367,6.0313953676520216,-1
607,5.096208391172404,5.316710839409641,5.269721328019637,5.076675828844437,5.3120876118561435,5.077910149959143,5.042684584668562,5.074747284533084,6.035811438493859,-1
608,5.078269480275991,5.325276862024037,5.256565259336674,5.057929663142121,5.300819920391991,5.0879180456148845,5.035515451806088,5.061977662980376,6.032816685619745,-1
609,5.066741657597881,5.327512904423154,5.241932310550386,5.047083881446245,5.294593860091475,5.089485493279918,5.044341500836966,5.058766034198115,6.0325707185182065,-1
610,5.057429762527221,5.334218658171027,5.230156371069343,5.03825838142466,5.2901781439550355,5.094383589844127,5.050219856632238,5.051079127419876,6.043335734803689,-1
611,5.050446751133691,5.338330287218209,5.218910043657718,5.039471851672992,5.27473117750865,5.093332451275003,5.060130090896914,5.047237303151877,6.0422069027668,-1
612,5.04210515271516,5.329351819960955,5.199401104160226,5.040581614475786,5.254071105268549,5.089607575761176,5.067694611851985,5.04792766244922,6.044976784180828,-1
613,5.029480817309081,5.319970988210767,5.181274313686308,5.038639245301672,5.235711244180334,5.076457861656871,5.074756424734382,5.062312262478091,6.038209992851153,-1
614,5.019693230935117,5.3168143271480375,5.165704857533902,5.051269203884768,5.212574286755585,5.05692505716013,5.100810462173525,5.091171659118729,6.036595000072617,-1
615,5.024283509943004,5.3056739267881206,5.160767459089493,5.06633371214149,5.186549238412818,5.032974847681571,5.1128019311949,5.120484725721833,6.044078038835143,-1
616,5.032503670218459,5.30159278603172,5.151325949149924,5.073665408543436,5.170800755104682,5.009435472842773,5.12584659831799,5.138158957537275,6.040087512299103,-1
617,5.032085732068754,5.304605422838357,5.143977619478989,5.0753886816161975,5.152987515298614,5.000688536685933,5.124539514733083,5.1448169119825105,6.028166926208504,-1
618,5.029588901842435,5.30766995400535,5.131533175409497,5.090038718765718,5.12428291837534,4.987071596199964,5.113669501821923,5.146718390444146,6.035169741518964,-1
619,5.023248270316094,5.305629851112766,5.123452126290594,5.1005848521896135,5.104378701765653,4.97675646132086,5.109597082645219,5.14517309901726,6.0377655363298794,-1
620,5.015721774762556,5.308032408848067,5.116984182162496,5.105360987090975,5.081943004993297,4.954689520161016,5.102931433862858,5.144826502130065,6.0475178995807335,-1
621,5.011672279258489,5.3043244945449155,5.124754883832617,5.100386986620547,5.063499840239832,4.941041433044734,5.101775716070293,5.1433735329850325,6.035468744576579,-1
622,5.016478095920217,5.292953981471257,5.130930077455414,5.0929399524092105,5.060424702971579,4.922436228206409,5.089317396753474,5.134165331668887,6.041859901868215,-1
623,5.020925763409305,5.276043860879046,5.134115047242592,5.083887732152504,5.050318510017547,4.90660390456737,5.07883683199394,5.126440027246314,6.031863774244673,-1
624,5.023257725069905,5.261733459879007,5.14326371932321,5.07413994246254,5.037832180461171,4.895678764842435,5.0656111975763585,5.1218100813156155,6.045355219751945,-1
625,5.02382463558564,5.253043466673627,5.147046094227883,5.0665238018749665,5.023196853504605,4.882654959349688,5.056402898738716,5.113887584687411,6.042778267780762,-1
626,5.033151141063779,5.245463626654565,5.153009619774288,5.049161608115609,5.020855408319399,4.869606097859787,5.053138762284008,5.109749297534737,6.035984872829766,-1
627,5.053129789528426,5.246586804469895,5.14820156067237,5.044804790154538,5.0146507298665295,4.851869137289324,5.051363337338863,5.11078001134784,6.044766119975359,-1
628,5.063471572506726,5.252720432627492,5.142542560804504,5.048638217477692,5.0130870508390935,4.850269994593991,5.051516038292631,5.114686907661121,6.031900199011605,-1
629,5.072849207055098,5.262609733069882,5.127859897155505,5.056191288059939,5.0276325573943454,4.8507663301640465,5.053321117266445,5.113881459106405,6.044353755349,-1
630,5.074643554190444,5.273942073793302,5.112464268495479,5.060991254596704,5.040426675448371,4.863387384733457,5.059749557663001,5.113995784444412,6.043066525042757,-1
631,5.074473308027041,5.29644104894482,5.093525047894191,5.068984085692373,5.067764505959292,4.873933539993954,5.084320666563095,5.115044569342415,6.040188141806241,-1
632,5.075624845811481,5.311337077908968,5.063837101693263,5.086632069797048,5.103640964738932,4.87690139378931,5.104128401654816,5.112723299815015,6.036671260660906,-1
633,5.078746915173221,5.3172463083366335,5.039368336860637,5.109932995656515,5.137334800450892,4.879909103627291,5.118803066886755,5.117108388190903,6.0480835620403814,-1
634,5.078117120930248,5.320817963703172,5.023843255007579,5.137363041900329,5.1638496227552215,4.8794236722529245,5.14192506790025,5.112242107444495,6.036027715677101,-1
635,5.069365807332336,5.322507189326037,5.012156250391778,5.152014589461579,5.197957165749628,4.887465894405901,5.155468861872221,5.114230760802034,6.040472490214056,-1
636,5.070327409664456,5.322872432888967,5.00262681106677,5.155105091900012,5.225455865997676,4.901379899288205,5.170353634501008,5.123050556407035,6.046596608359847,-1
637,5.0677430635951355,5.326046200770612,5.001872318905359,5.160369086820754,5.23937419880616,4.915229797093154,5.183341287981467,5.1396852545820675,6.0455268975582275,-1
638,5.0692588104692,5.322346816549314,5.003448408759561,5.1561749524341245,5.2492555052064365,4.92184663206637,5.204436156746066,5.151067064707842,6.044415026588131,-1
639,5.068687048067746,5.3121452294071965,5.014353395359346,5.144885599747611,5.2426844808441775,4.92806377757774,5.215660412611315,5.1691931926220605,6.049633663160131,-1
640,5.065916554687489,5.301682951938522,5.04169680840671,5.136430341684578,5.2334879538606405,4.934514940467416,5.22667634956379,5.189564660493863,6.036445383646899,-1
641,5.061065863655036,5.291313336738489,5.070421187104652,5.1192329480702075,5.2245039099873365,4.939770632035581,5.248279955655348,5.206099614023356,6.045058152289453,-1
642,5.059459457603525,5.283479994578938,5.104491608612807,5.0976419112520475,5.2221904751912644,4.948993299775108,5.2505026206441405,5.2345121348927535,6.04161248448323,-1
643,5.058029403709642,5.272908871016103,5.140030685860894,5.081406240379908,5.211096642500773,4.9509591964528905,5.252922098150536,5.250879814057776,6.03579170070273,-1
644,5.053163900694151,5.257311219714496,5.175091986282513,5.071674519085342,5.207129252236211,4.945794545863128,5.250533670296551,5.244036966107972,6.044087957772129,-1
645,5.055136417667995,5.24396980900243,5.20582228552238,5.064312403413243,5.205874186049571,4.940662711765233,5.247408250047478,5.225716573632392,6.0425892973571305,-1
646,5.053262137103954,5.2320719382035,5.233486744469021,5.069853294489693,5.193302610325709,4.9343163235962795,5.234253343272564,5.219806438946033,6.03671485788893,-1
647,5.0454333328638,5.227951498393128,5.257535645203541,5.074268970094327,5.201768232813789,4.931405722856156,5.225682687654137,5.19930894181019,6.04612652269749,-1
648,5.034674105477175,5.234583527712385,5.275027272902993,5.074563483014282,5.20245394237976,4.934406418335467,5.221857289854561,5.174995811658113,6.046855607040116,-1
649,5.026497768421254,5.245468526761216,5.29304093016231,5.079723306994147,5.199968808105145,4.948799682065597,5.2108192805556754,5.1595004286355515,6.03883655484316,-1
650,5.014494921559104,5.265931296262694,5.295656848520307,5.083172923318288,5.186068441352409,4.974044312203399,5.229697552644478,5.148939799986378,6.0498880690798105,-1
651,4.998991373639437,5.284497825924243,5.2951154197410775,5.075367554746774,5.17288864046336,4.996388997831954,5.248469687013817,5.145447054493774,6.036399360860482,-1
652,4.983570892852345,5.312150555632286,5.288488847547728,5.0696532607217675,5.154235228512739,5.017078830513593,5.263326500105835,5.155135111434015,6.045462584611688,-1
653,4.965214346037052,5.330075076713543,5.273965090544701,5.071585871455548,5.143417873342961,5.029132038155137,5.269067777494358,5.173731498540471,6.044396860754801,-1
654,4.945269283120651,5.3502089440944145,5.267071824442515,5.072135310032222,5.142682255931435,5.043166471175734,5.275232742441718,5.182582970534618,6.04257596371757,-1
655,4.936626938675619,5.367472744469724,5.263364216865086,5.094609454497194,5.1318083172315605,5.051722415769266,5.269540735976679,5.201603383143662,6.038997971975573,-1
656,4.927333240583433,5.383591390749722,5.263979218465472,5.116297647719736,5.112856480881805,5.06141045974857,5.266591612339944,5.217555215491287,6.041292054105791,-1
657,4.9290092640480445,5.394232566674118,5.261439622709744,5.130732578070132,5.103804784427462,5.0633798744051335,5.27038210039183,5.234611003952198,6.049096966052749,-1
658,4.929883681509915,5.398599453046413,5.262533668397671,5.147318993334921,5.104106130901305,5.064142676190823,5.2547163865633,5.233486050584457,6.042658343414298,-1
659,4.936986863616202,5.404848136271287,5.2617048302535165,5.169351224459902,5.10794369276494,5.060865538811697,5.246162743549633,5.222843733270131,6.042367266455203,-1
660,4.9484343159297115,5.402874204217501,5.259698646857579,5.192044054050424,5.1137470930298665,5.05658764348643,5.2503668910328205,5.22098465573449,6.042885043636185,-1
661,4.95782620807624,5.40017890642249,5.259939523041265,5.209404955981602,5.111661157796044,5.049411205539494,5.2487558766513365,5.208621543588441,6.038835254940127,-1
662,4.964652060679537,5.405629791084742,5.249568617839562,5.215394018303393,5.109965459097366,5.0466127829763,5.24215632453943,5.193404333412779,6.041503552239922,-1
663,4.966897181248233,5.410239555035851,5.238174481510089,5.207245134787745,5.105376852896726,5.041674471387569,5.240843738701661,5.180210129919257,6.034535420718717,-1
664,4.977113668892196,5.410585762121392,5.21970950596636,5.195837844805183,5.110151401980527,5.037929088516836,5.231590038068862,5.169420432020886,6.03400844786612,-1
665,4.978641979494286,5.416106480666023,5.204770191813969,5.189304411352,5.115061068393988,5.030843520665277,5.221117976216068,5.139347269026329,6.040564098381504,-1
666,4.985505503835908,5.416765971123246,5.190571101071858,5.181951610673667,5.1137864430216124,5.0230905137895965,5.206713731535557,5.119226455168492,6.046280289328637,-1
667,4.994783994253598,5.423383035212327,5.178349765643151,5.180016963568988,5.112459084885866,5.011941938890255,5.181737365271793,5.107606909649317,6.045209898061167,-1
668,5.001713786030744,5.418017482933036,5.171901847397497,5.16988002245666,5.099508849532991,5.005738542953211,5.144618533179393,5.09178593049776,6.042115218129712,-1
669,5.013359561679333,5.416471781305745,5.167867288049158,5.162775273572525,5.083929393519344,4.999757131952442,5.117122302873562,5.0756066974742655,6.050491800811256,-1
670,5.024085304826113,5.412672607935445,5.172132829146516,5.165118485597825,5.071594979808624,4.993514340267834,5.086272416979249,5.067951050066764,6.041907237804226,-1
671,5.035462939795312,5.405649692003527,5.174267327278318,5.164602763368931,5.06663406651146,4.999104525400327,5.061246094940819,5.053175002623796,6.041379650436734,-1
672,5.049507417116628,5.398629940388264,5.180138060106051,5.163768584249715,5.061737624623298,5.001953543754799,5.040727634374207,5.04259237244685,6.028369418693857,-1
673,5.062373487135641,5.389104097886198,5.173205737272847,5.157283554031751,5.060002920972882,5.006472226614802,5.014141988850408,5.04027968993228,6.040377741771566,-1
674,5.0668036498958235,5.383659822826422,5.168826439087319,5.150137588365846,5.067542073372056,5.007212417893335,5.0007757349727795,5.039912495408185,6.037518976605192,-1
675,5.061249756491365,5.379675954713116,5.172402183722431,5.141888422945677,5.07573468514975,5.019957382915257,4.99342764446031,5.04053666956211,6.039331372911557,-1
676,5.047853086183555,5.3808793277378255,5.1779670167042,5.141025193073677,5.091298437901005,5.024060030189275,4.997757292514226,5.033333008911652,6.043910309005212,-1
677,5.033906165925189,5.374658247929691,5.179194406232072,5.133612083616166,5.10287570221655,5.027484345886235,5.006888769047572,5.036263560712086,6.046197351744457,-1
678,5.015007618148314,5.361908283393289,5.174254281040999,5.125337959141151,5.115994787407402,5.032503616539498,5.025602445527514,5.028154891408824,6.043019431704352,-1
679,4.99619273375822,5.352658458499278,5.173533541856662,5.115973439840857,5.132529412304987,5.0324528278566465,5.027530381149668,5.023479189057909,6.043936721849199,-1
680,4.973555457763828,5.346428161491068,5.1712382635364555,5.1079107009411056,5.145285922260251,5.040017961506301,5.0282536465529475,5.007987655807597,6.042124719660491,-1
681,4.955410648780116,5.343367289747109,5.181733520577193,5.1037475184760535,5.153190363802136,5.049343888496711,5.032901782458308,4.999681000191405,6.040937441660075,-1
682,4.950709332825941,5.322907000486975,5.196237500118231,5.113333593784463,5.160983585431767,5.049984598760336,5.033900653964913,4.980723763692211,6.0371954157729135,-1
683,4.949083350005666,5.289888791655088,5.194205832156892,5.117525948331819,5.175657703529247,5.046775720304917,5.023098409136879,4.959682068130206,6.035967965387254,-1
684,4.959606800230532,5.261928393409646,5.181621202344144,5.10701829725192,5.196732344402151,5.0480428266915816,5.003723832056865,4.9442423180062764,6.046958792547314,-1
685,4.972867142823617,5.245070564756638,5.165128388447672,5.1058297363388885,5.225116990759938,5.054829786320345,4.984044951963548,4.918203753621302,6.042760946619367,-1
686,4.994043737825251,5.232585783109343,5.153592739342882,5.095676177862542,5.2516935006336025,5.056285409259696,4.965405980711117,4.8973217428351274,6.052912251715127,-1
687,5.015410590217721,5.222191578266025,5.12540605643435,5.087837917747952,5.28278304984519,5.064099991878348,4.966463333224903,4.873645514215607,6.039980877899943,-1
688,5.035235509113718,5.206026037306109,5.093334769282423,5.077577022678319,5.323776743619985,5.057299919719671,4.973885517806925,4.870357847037324,6.051432444272015,-1
689,5.040949227680919,5.188269245891794,5.0682156909013845,5.071853228795092,5.356581199682922,5.049761481792303,4.97702265880934,4.86318277781172,6.039581542120479,-1
690,5.043070023493265,5.186052326375964,5.034782980822083,5.057063950207649,5.3801984635605145,5.045695458196332,4.982688376542436,4.859020341830969,6.039308489677616,-1
691,5.046117356827399,5.189349225072034,5.0137135578611245,5.049421500305117,5.394798177229245,5.039383962521245,5.0075791277431545,4.856183257918166,6.038964178370517,-1
692,5.046214185308131,5.193186278982151,5.013698280747907,5.055451412079171,5.407212537976692,5.035852636580274,5.033573583351236,4.8528715518628385,6.0407744207363265,-1
693,5.0373162814884695,5.190587768698342,5.0207809883709915,5.048134895607302,5.418525277689525,5.037189920896103,5.055453041679817,4.851108218266866,6.044609155449321,-1
694,5.029687773646966,5.186604314248572,5.039924552333745,5.038366750938048,5.431823405615386,5.0342275020490534,5.077992271483138,4.853725856244381,6.049424663014528,-1
695,5.023774846314898,5.178714588337756,5.06332820773193,5.0232072633563165,5.439538532534363,5.021248350296721,5.092934291256218,4.859631952109915,6.031682988671104,-1
696,5.011759112438439,5.180656115059117,5.086222500779225,5.008643225700711,5.441543775683015,5.02094322642799,5.101907750780003,4.861848375174777,6.038101720078141,-1
697,5.00862017790327,5.186529920764805,5.090086451882557,4.995009301589375,5.442093843691665,5.010764667269704,5.115898127768565,4.862049469924277,6.044371839765093,-1
698,5.002163001422394,5.190027237371388,5.097732702822283,4.983078021030405,5.438072725256521,5.001832241228068,5.129955727888007,4.880952429672973,6.038252853122788,-1
699,4.993493462860413,5.203525154086967,5.105122987036488,4.97858835395358,5.433896309270065,4.996737182578288,5.135891447299249,4.8949843712145205,6.044126919107855,-1
700,4.987440459824175,5.219145575757423,5.100342365840296,4.963406137271358,5.423710139646091,4.994683670154954,5.150433398588855,4.90253187439201,6.036239061823977,-1
701,4.9809776575795395,5.237371000392036,5.099033236416871,4.9573129419783735,5.411949161956987,4.997397907666505,5.160474009955278,4.917481747974321,6.053093441868284,-1
702,4.972329367943773,5.250735031809628,5.087616379409079,4.958668163312064,5.393781204297596,5.005397779261618,5.169488342978112,4.9293214360782756,6.039303579716131,-1
703,4.962409017212706,5.256622099516075,5.088813398377058,4.969647564232228,5.369654314836629,5.018562296487706,5.183349962931999,4.943915758530312,6.026052965282887,-1
704,4.959771331825949,5.257010965196606,5.09905266422466,4.983938916104156,5.342518095340799,5.024897704666203,5.197492947217905,4.9602863746007975,6.0424901119927314,-1
705,4.964928121987134,5.251652919605937,5.1217023004748246,4.985706941484315,5.323632398840637,5.040935934132387,5.205644878821698,4.982689882211028,6.04406572266513,-1
706,4.973915261199359,5.244153734957743,5.140952006007324,4.981208335925391,5.305744128387169,5.061333430323119,5.209056231066705,4.993261160102212,6.04673707604251,-1
707,4.989654793825791,5.233287494597793,5.148965210925373,4.965532946274593,5.284677904903818,5.076684413273285,5.205067944948005,4.9999567446236854,6.042109991124976,-1
708,5.00687874623853,5.213587789677817,5.146028033489153,4.959413891432666,5.26787534436842,5.083677296989307,5.191781694507983,5.012036310848543,6.0414302665305915,-1
709,5.03056086418747,5.190981909950219,5.146303668442987,4.95822610338524,5.255474749980275,5.088363725424209,5.178682302286249,5.01354930722547,6.039045351421222,-1
710,5.054810945372896,5.171458723732434,5.157215311764351,4.959026168234242,5.24679397372115,5.097387166358718,5.163186078687836,5.017807738942761,6.041663336611242,-1
711,5.076140282618863,5.170090833115848,5.159943973975791,4.958038430843596,5.242822307340345,5.110327779162596,5.153290686553822,5.017047473893968,6.040369201844463,-1
712,5.09022059276902,5.17114547331031,5.163186448305844,4.957786084686907,5.232933471941932,5.124304481111645,5.1477607108733485,5.011025664054607,6.039470990085795,-1
713,5.093643525621575,5.170665537217652,5.151236716462258,4.968851261495699,5.220014239579632,5.14114318849864,5.143855563546784,5.0034867543148005,6.0398713570405045,-1
714,5.095428753593076,5.17194593639624,5.136799594304722,4.990990356178594,5.21223839651885,5.156842388274182,5.1395173579809725,4.988279638400683,6.0502401761638485,-1
715,5.096089474828989,5.166238738244279,5.131909070129501,5.014888377929956,5.196940895694106,5.174853806344792,5.142630022742711,4.981737512494779,6.049596579833349,-1
716,5.0965307205573644,5.1616699737357585,5.129744189915224,5.02709340829131,5.176149917120406,5.189323707395381,5.148407703832171,4.971877721147964,6.043778175502813,-1
717,5.091502212696048,5.170893229902384,5.1288277136720115,5.0358553466173115,5.142998416186784,5.198398342295561,5.160731524423689,4.966497546955675,6.045300897621502,-1
718,5.092479578440747,5.176601054187613,5.112074692006882,5.036778226288488,5.099974787596544,5.1973063684905565,5.16914885308397,4.955641844708341,6.042554299244775,-1
719,5.100069771972744,5.173394416844614,5.09759158001717,5.033029720651158,5.046395534509528,5.197339750177952,5.171970188381863,4.947180352888536,6.033785939412142,-1
720,5.0971962112990905,5.159352586799437,5.071310817134491,5.036136704824451,5.008480449628107,5.200003714198717,5.171475573604571,4.936796800359811,6.03828533379196,-1
721,5.095229514029843,5.1522783660728395,5.062619636109192,5.033262055802591,4.978496320037359,5.19766776037955,5.174285564130093,4.91981358225746,6.0323452325682085,-1
722,5.090013378023926,5.147751437747846,5.052637321343071,5.018062523005547,4.951003845742243,5.196627789001123,5.180410065460224,4.90698135761684,6.04855313544294,-1
723,5.075622532979575,5.142909431009246,5.0469195252703285,5.004687227522815,4.92938513011115,5.186074074905276,5.181874668668569,4.897385277497152,6.048878261818952,-1
724,5.06322462803352,5.138729197745557,5.0443137993064955,5.003276279902505,4.908818052731343,5.179534334453051,5.179070739652857,4.9008834164228885,6.0365065036593855,-1
725,5.060252632489164,5.12246794374384,5.029669058776273,4.997082729137532,4.898633095066743,5.175492352765399,5.175287245579345,4.913556148404329,6.049600491511456,-1
726,5.052773307623406,5.115266156497852,5.022125241272146,4.9941939314570725,4.897133708306416,5.16925054954847,5.178406031925838,4.9251368043909896,6.049324156449458,-1
727,5.039514546017967,5.116290776716185,5.0181140480943025,5.000914229060792,4.914001661866023,5.1577394598533495,5.177935498983311,4.944416616579607,6.039091613233077,-1
728,5.029072444045555,5.125914293273506,5.021783518379417,4.997897305849506,4.928969550845342,5.144665070206601,5.172752351947693,4.963293564422785,6.03353644280242,-1
729,5.014450522287111,5.133864530769915,5.023720351696736,5.003838435376009,4.941484389951393,5.127672725647064,5.170944481384199,4.994313530453379,6.045843841439002,-1
730,4.999072370519956,5.149318082382841,5.028362353708405,5.016103663432824,4.952164512901539,5.1122286797725325,5.1593586600095955,5.028245557294742,6.029269325708088,-1
731,4.998426141860815,5.16372827167326,5.02959649826181,5.027236235332683,4.9627725423863875,5.100859008492057,5.1514434437079135,5.062441649498321,6.0396174232774,-1
732,4.996425422950702,5.182660949369051,5.032801340517535,5.034366586411587,4.986619043971052,5.0984105021581065,5.153912298325008,5.0891815594150565,6.040693379812683,-1
733,4.982228544902613,5.20521872737484,5.038958830109043,5.039894325953716,5.010172139674074,5.094759322177943,5.15894548073892,5.106066947749975,6.045117788180241,-1
734,4.967722195297602,5.225712519361145,5.0400509514379115,5.0436661331521595,5.0409407798275785,5.09638989407443,5.166308990194814,5.11910229766764,6.047652809128458,-1
735,4.9550511594381685,5.227612443463805,5.048332556312261,5.043050597134503,5.063152039212255,5.101263656018863,5.170222799991385,5.118907039807938,6.049216379849252,-1
736,4.952512729039211,5.225757555932564,5.055977622956998,5.056559567887438,5.079638841344413,5.107609985663178,5.176442657062321,5.10985190031927,6.053378653518535,-1
737,4.9567304122837115,5.224290645814806,5.052586902612653,5.066911351360515,5.097091939756742,5.123986639157421,5.174307998148967,5.0854799105043496,6.043217703163183,-1
738,4.96174907558485,5.218528370385553,5.0455705007390765,5.08046003963593,5.117253001104362,5.135568472429762,5.187951233492216,5.068536929977234,6.042715159587326,-1
739,4.970694573424747,5.219345298875854,5.045214105004184,5.083984239964722,5.142607123270762,5.153369969032719,5.202889430709203,5.037596820271988,6.050449819336329,-1
740,4.975230078197216,5.217439136916706,5.0358319094040205,5.0833762431217915,5.164436170701581,5.156497288175571,5.21029960021872,5.005445028564915,6.046548416971363,-1
741,4.989958317491707,5.209852291857004,5.031472357917625,5.083475484201167,5.178725821815567,5.163017279453066,5.2098869514818755,4.981498035065979,6.043570669994921,-1
742,5.016175320145939,5.205110321956701,5.037369015322377,5.086426914655406,5.186758974854952,5.174841306364172,5.21821458971649,4.962831446002581,6.049585538279025,-1
743,5.038681595251745,5.200610320324442,5.024615272598238,5.089931423013299,5.194930003243538,5.189792403457629,5.2252007008754635,4.95488831801321,6.049287186573337,-1
744,5.067683578922326,5.202647954025126,5.0075503210175665,5.074302306702265,5.202072886116823,5.197809221332096,5.231065302314437,4.9625078295784615,6.045989970559785,-1
745,5.099488087102463,5.20195744924961,5.003493955687992,5.061162664807734,5.219584260816921,5.207001576778133,5.2356141627444055,4.975988083859349,6.043913138134964,-1
746,5.137412194133995,5.199107908098082,5.006060470733305,5.052331468060176,5.237623787863187,5.219701752348671,5.236668565284358,4.98051209633026,6.04353198280948,-1
747,5.1682358838064,5.189150160514974,5.007168665890899,5.05537379486004,5.2678409099271395,5.235617190354981,5.232790853521872,4.985197500591565,6.039852257725972,-1
748,5.1981977634574,5.1756577382810764,5.018437618799478,5.0586464752309475,5.2980000734817585,5.259410189530601,5.219102084709899,4.989021432628817,6.045654858086003,-1
749,5.227314331465049,5.171590058039173,5.03075008449242,5.0622284885513205,5.31874796338601,5.266652225067143,5.207640587046094,4.9965031266994675,6.04381122414125,-1
750,5.2483487096588695,5.160307302238749,5.032744478218601,5.062403614750819,5.3371147737481435,5.266725915694257,5.1779424360681885,5.005635754978176,6.041673527631894,-1
751,5.269446126090205,5.167818868612551,5.039867892196702,5.05529952267178,5.364995738176949,5.262851136736052,5.152425361197294,5.0073077082530215,6.047201994763907,-1
752,5.28239536752366,5.162764428101882,5.054845396398618,5.056879070156814,5.393243804931301,5.270152192045968,5.123576005015273,5.004985342472251,6.046237242951746,-1
753,5.2951799321012265,5.157138758353355,5.056815208148626,5.056628452734657,5.407880360832234,5.277454930585862,5.096752704953491,5.005269423179427,6.043628690767186,-1
754,5.2948436970591946,5.1544143559549624,5.061252200494215,5.045583301869266,5.413394065498522,5.280611639243771,5.053962562081341,5.0046031521846865,6.041111575710279,-1
755,5.291169359805582,5.150704056785751,5.046074132450689,5.031063077727075,5.410845560109277,5.277933089600858,5.01720820150328,5.00445575863113,6.047781037242999,-1
756,5.274395296499259,5.154912827420608,5.024614126083664,5.0119448729328315,5.400460709914103,5.273137214496296,4.993528353567327,5.0064736781003445,6.048513819835765,-1
757,5.255473102354455,5.1508737577397055,4.998902595677511,4.993953075466928,5.405012640220499,5.286822638236639,4.97346387924623,4.9980661431722755,6.042335448834831,-1
758,5.230004918460631,5.145555125260527,4.971969652096444,4.973050378864036,5.408076000704999,5.309251054963148,4.954396813706387,4.9833879995748065,6.041109854038123,-1
759,5.213059594232801,5.137149349404581,4.948413881813676,4.965375203334016,5.398165270995396,5.330062574284284,4.941628044079828,4.9703312422136445,6.035372194502809,-1
760,5.199814269956502,5.128310974397369,4.928547412847765,4.958149043130822,5.385176521355394,5.339774752803807,4.932514074191725,4.953949032689121,6.045473909548148,-1
761,5.183156227160474,5.11384901597857,4.912881609739966,4.945984745271335,5.374039617100545,5.335466938534087,4.922966569353978,4.939136378414712,6.0493589665716705,-1
762,5.18187567648609,5.0927288786569305,4.889864254741191,4.937178561685311,5.368065183656466,5.328523107765648,4.9335446443140185,4.932908452443369,6.040556247394548,-1
763,5.174108593860244,5.077090670358391,4.87905273328147,4.931038094107011,5.34867522406878,5.32930220205558,4.940999593373347,4.939681902482308,6.039553631106759,-1
764,5.166772268078695,5.057832613029769,4.884128969948049,4.936908604605886,5.343413909195893,5.332411350746803,4.944181873775113,4.947539890964244,6.044343795866985,-1
765,5.153207570543093,5.038337176267725,4.895339523648291,4.9499979468105035,5.343033439037505,5.3321841115916575,4.946745582137137,4.962314094542348,6.040424861659171,-1
766,5.155512738113369,5.0255535514127025,4.9093012516732335,4.9852515838784495,5.346297888811468,5.331670454219708,4.959174581939968,4.985754043685343,6.046868624068744,-1
767,5.149459226135027,5.0080203589543215,4.925897654251448,5.0118096727076304,5.3512025545567345,5.33126767951097,4.976666251298253,5.0094221403303445,6.0451375650866535,-1
768,5.144078828071358,4.995822328426227,4.942107061686756,5.037788629641833,5.352476735848226,5.329278778840796,4.999634958633521,5.0372907798339455,6.0467621710133,-1
769,5.147275518334959,4.982288769527311,4.969767047961874,5.063090432156795,5.36258296748822,5.3424349616859725,5.033838110624314,5.066960638292864,6.049080410958983,-1
770,5.144366411753523,4.976469972505164,4.99457674206837,5.0917590559854915,5.36752260551077,5.360670009540822,5.055749647808148,5.095539390161468,6.048499324707418,-1
771,5.139759722662555,4.967172362981917,5.020192288263933,5.121217060904574,5.380710879508311,5.384589149986788,5.087192723667392,5.120828446582946,6.049204119026889,-1
772,5.142853117496929,4.9588559485897346,5.047316293521872,5.1479845950177126,5.365535875404184,5.399888065414306,5.1089119815518815,5.145150597875389,6.04480060024197,-1
773,5.148345566303094,4.954665642121989,5.075674977429546,5.168824265093996,5.3466808723417785,5.421209774006712,5.126904121261905,5.159771371620875,6.041107040289119,-1
774,5.147582792796289,4.9507974258472025,5.100377431126691,5.172091481356043,5.320794317245659,5.433670303999803,5.138256278623852,5.174017308145988,6.048233427825302,-1
775,5.158653451602789,4.943489659084419,5.1231106770866734,5.183758953343922,5.29419415814024,5.446102762910591,5.147834062786897,5.187146301766922,6.040557297382237,-1
776,5.162115443284855,4.938246311011845,5.1369750610324285,5.192957311885445,5.273013881857008,5.46130060748133,5.14530001315909,5.197916471851271,6.043406558812778,-1
777,5.162791391223034,4.954192418955109,5.1365958283511235,5.211130182170953,5.242751090758671,5.462351099680998,5.135860067532988,5.199502871528351,6.0417995446512744,-1
778,5.16402300234064,4.960688627964675,5.14163064810127,5.219114078874436,5.221532044185338,5.461902418741328,5.133173036416807,5.193859855227528,6.048984254002567,-1
779,5.171001538911871,4.96593431070678,5.142414961522459,5.22664259459516,5.197316088611883,5.4511583607492815,5.1238406394807585,5.185449367130592,6.051635669272174,-1
780,5.177076044659702,4.964221171619734,5.137479132465684,5.2398051397848215,5.188375150843976,5.448513151958984,5.12634217459165,5.174410704929026,6.046223619458142,-1
781,5.1901695728424695,4.956589479793762,5.129846556484882,5.253548043398367,5.1702761297096105,5.431400942412855,5.122307266345652,5.172953513608956,6.041476172120155,-1
782,5.2041197047718395,4.955867901714396,5.127791105798511,5.2732952339186765,5.153231349573954,5.416460717511648,5.119566215840342,5.164911863030056,6.041935707126651,-1
783,5.2115096353516135,4.965201590319747,5.13186593060319,5.283012715593669,5.139494385475006,5.4004022083185035,5.112738398317384,5.165043614243454,6.055412125866986,-1
784,5.219256974326407,4.982808518205306,5.145593385630119,5.294132166159796,5.1207573968896805,5.378302147629641,5.119306895083204,5.167972721978428,6.042811865515853,-1
785,5.223150912925879,4.994135638242156,5.1642031974614495,5.2920304993973915,5.0941915990722615,5.366227072471502,5.127928429298771,5.173387224069813,6.049835013869878,-1
786,5.227622625958049,5.002630683544243,5.191909864524444,5.296723995237545,5.0566710708414515,5.355837947710102,5.139014686166339,5.179086137021335,6.0402959912521315,-1
787,5.231771521063169,5.015630922887089,5.214626716642907,5.297173052914847,5.037497183553224,5.346802000354534,5.144154753332831,5.184866392944005,6.042369421257072,-1
788,5.239113079727896,5.034174203196583,5.227877864252339,5.2860486007410445,5.022496143728401,5.321330429435835,5.147786783293432,5.189024525692434,6.051945433020754,-1
789,5.240290354219179,5.059047064510252,5.236265957874401,5.281675037196699,5.01300769754904,5.299282534138163,5.15601786738904,5.187607164284822,6.046833747237575,-1
790,5.234104660815351,5.0771727751693945,5.234677568653877,5.2745284191531265,5.004757430370149,5.280703253479569,5.170357339440119,5.1885907469532855,6.044151943241657,-1
791,5.224787799551799,5.093058924369283,5.2332756382694585,5.272986926814341,4.998021450014829,5.266388795457436,5.1793993745297495,5.193708159086679,6.057797906958641,-1
792,5.216259989263606,5.099501248421513,5.225368453865284,5.269589901174822,4.9968020800067645,5.260633435285966,5.17171553575464,5.185018511142852,6.037896638859571,-1
793,5.211036077609815,5.103140173482986,5.2229164983688765,5.274853957988725,5.002962168099167,5.241530600884076,5.168201786404258,5.176575041564603,6.052215630492892,-1
794,5.20403128168857,5.122350868190863,5.206780827720038,5.273123685147916,5.016071265420927,5.214770164981489,5.15819096409809,5.166707324830551,6.041493953463184,-1
795,5.199612787963445,5.130575816736987,5.200016577517757,5.268159025836291,5.012779931365257,5.178385847466896,5.156127691721778,5.159702075690964,6.047114810696638,-1
796,5.192592746847717,5.139602154931171,5.204547250635995,5.28081815960866,5.017835286520231,5.158726793698498,5.158484873869976,5.1588540332856825,6.044510902758419,-1
797,5.18798728883632,5.158809143724145,5.2079170975403954,5.286792300862543,5.028518371484518,5.134760998337006,5.161632277919782,5.158870999994907,6.048740894842269,-1
798,5.183247544644948,5.176231218858098,5.22184973330789,5.292325487590088,5.041043382981065,5.115010936620921,5.159198513095115,5.162405427708039,6.050072820663737,-1
799,5.178120271340504,5.189658493884993,5.228727167135627,5.297083488516569,5.049683190858669,5.092070146696482,5.147297188847458,5.1582051555784405,6.046933090238685,-1
800,5.179532667865567,5.2128742081154,5.233545707616224,5.2993943471680165,5.061790860094178,5.065107466028775,5.149488610306238,5.1644125853582015,6.04160166850766,-1
801,5.178645783540164,5.227973210203081,5.232143024516839,5.294323268554935,5.073950948835804,5.046508897346792,5.140036617255629,5.170567349154301,6.0473243570933795,-1
802,5.180409963123594,5.2301105536921195,5.233358869499912,5.290052608163884,5.089449045545465,5.032048646516022,5.139573184192449,5.1731000000427665,6.046739576467194,-1
803,5.185658886407556,5.238940434596703,5.243065727104261,5.288394701399627,5.11433718056843,5.024694244816985,5.135773763128614,5.174563645043319,6.046471321670471,-1
804,5.1976620659477035,5.246335373006334,5.249017088007067,5.27212078683042,5.124987468314339,5.002000647017902,5.128682939326638,5.1783587453346485,6.042008268334581,-1
805,5.211787503905791,5.2348974076743655,5.2610380597936945,5.254014461353795,5.1268918321787575,4.986054721937688,5.123037484283632,5.179777271626986,6.046749228776911,-1
806,5.229849090788384,5.220834936310938,5.279463146305335,5.2322867883012,5.124793042157694,4.969970484842971,5.113849422896154,5.188953869616911,6.044376751206991,-1
807,5.256072023422734,5.211165965324369,5.297420247444957,5.205954536289674,5.1214683571522315,4.954016694106848,5.1162338442840145,5.193883177965864,6.042814005801385,-1
808,5.276537077437982,5.19101300207749,5.3139852117487925,5.177784062661318,5.112591598737074,4.939051668712767,5.11786898373386,5.193313702184156,6.034865183818617,-1
809,5.286409687868319,5.176801296971192,5.34003192023877,5.1468243632350035,5.094919199598806,4.934304969872191,5.1345693843867695,5.195166547528299,6.051038960593437,-1
810,5.2886887337723625,5.1645391489353525,5.35825659729154,5.125153622287327,5.082062307516389,4.927529454665208,5.148458495947216,5.21344108869859,6.041967364268426,-1
811,5.2875089978678265,5.149286667508791,5.366922417215489,5.110517535220899,5.065736445553785,4.922025301990858,5.165304670393999,5.220564293225701,6.046756552983672,-1
812,5.294334783473548,5.141595678659898,5.369948195948977,5.1060150641598625,5.058298575884295,4.934174232518136,5.18414175305057,5.214439992645851,6.052951729403025,-1
813,5.291840778256365,5.140821407473746,5.373994348842691,5.105052278130654,5.062303991233656,4.941106728675313,5.204241534910138,5.213353718004267,6.046721245197971,-1
814,5.286996638208202,5.140469248985029,5.377565033792934,5.106531363560806,5.07454237657309,4.938112608917596,5.227072002865506,5.205383340510413,6.041420454504542,-1
815,5.272103802196849,5.126308843934142,5.381994271597607,5.103895263198224,5.0971146694360385,4.93941102796551,5.239778345910281,5.203022531803266,6.042405479586063,-1
816,5.2669903176452095,5.115409817004176,5.392842399813654,5.1053732201433695,5.117334545703601,4.942659865888102,5.258254345986932,5.201201599545601,6.043829469992443,-1
817,5.267491583356098,5.101589015306535,5.395896138959396,5.1226253083973425,5.142291676692995,4.933433072330927,5.260143829689499,5.202449760223043,6.040336809514592,-1
818,5.278556265769319,5.085962103948802,5.412071270734326,5.144181694223802,5.159643346014726,4.928749094054346,5.249836322775142,5.198039918145691,6.045800494496387,-1
819,5.288620113922476,5.076498726707041,5.4273525239391445,5.164946067481186,5.171525221546226,4.926523678658196,5.230968112318938,5.194191123190064,6.042773640391615,-1
820,5.281900670325647,5.063853299947153,5.443288731859958,5.171327403964874,5.170791713307239,4.920441003706968,5.217334915946111,5.193782240772475,6.047847298213719,-1
821,5.2838005674710695,5.057605617161403,5.450930197537474,5.173946202161837,5.157218688568973,4.923676540026397,5.209533593226053,5.196214236368657,6.044039927027881,-1
822,5.2831546895779224,5.050315171032687,5.4438644287625575,5.18761864495676,5.14181879610855,4.930814427273113,5.200785741051638,5.192467611859986,6.04758762045914,-1
823,5.284030963669397,5.056238740752005,5.433031844714108,5.2103877427941105,5.117277473627441,4.9335358787036325,5.197360531453423,5.179661186931259,6.040315734912159,-1
824,5.28089262504279,5.05103456555053,5.413578464880803,5.231338527186503,5.10242657654595,4.933414222398156,5.1808108572696785,5.1764292851523335,6.0509967554399635,-1
825,5.2727072837762226,5.050250413304982,5.3948393127620395,5.241388005732208,5.092747633882071,4.9308678083767825,5.178645170778691,5.167269823873905,6.037909165368965,-1
826,5.251686659209376,5.058092410709336,5.37259012467057,5.245398562151346,5.086528488963552,4.923163579996576,5.18021232280843,5.15279242806387,6.0456552180907375,-1
827,5.230696100957518,5.066292733467833,5.346990384452785,5.24153464039564,5.082287740882681,4.922352695501,5.193597226049898,5.148672088715761,6.043280349564244,-1
828,5.213490142447466,5.07293252837987,5.325260428397657,5.238795834069158,5.086817742812333,4.920859429262901,5.2019364219434,5.159611764603494,6.047489927578337,-1
829,5.1928820734460786,5.0754136752377494,5.30328118265408,5.2364761722783495,5.101782648764595,4.917743537190822,5.200476278118199,5.160366373310746,6.044293411031978,-1
830,5.179905882165189,5.085434133771564,5.288221798234138,5.21456804426296,5.124318911922019,4.918176975598498,5.198547141318754,5.164930128894417,6.04264685876592,-1
831,5.163544438548346,5.084166812845088,5.278728445933002,5.186610608177876,5.14059720430444,4.903746571771551,5.1954839455058845,5.176355594386076,6.052845062089343,-1
832,5.145955014232671,5.089095163420943,5.26916451947893,5.166541575264658,5.153326926178323,4.890469232009582,5.203190511324182,5.17415683301802,6.040232042408937,-1
833,5.13846065611534,5.08478808824672,5.252877129401741,5.15461780237151,5.166437350474306,4.892491642717014,5.198571277840055,5.173814257072186,6.055443035066283,-1
834,5.134544629371353,5.072167701767973,5.229236693372851,5.140809791793779,5.1778064706049225,4.914816461220951,5.185877732060943,5.167181227499762,6.042488692988589,-1
835,5.131663738175898,5.061230144588145,5.215238110726944,5.1308242872648915,5.181889273975977,4.920717054745292,5.171517925511735,5.15484120589748,6.048620124329166,-1
836,5.1290936175230355,5.055448296647447,5.195314376017587,5.116408564248041,5.190976882839719,4.923043558694504,5.156624615484345,5.1300490936595855,6.045409547164784,-1
837,5.1241639514946815,5.048513838601574,5.189992024013115,5.100575576884641,5.200804424580938,4.919270834362103,5.140673611155605,5.109766351090801,6.039515034462465,-1
838,5.102183847037163,5.037985123151416,5.192111594371017,5.094918561731887,5.201080953235133,4.9136302894093085,5.130415385651627,5.093759480883243,6.048110090903245,-1
839,5.087314113666344,5.026862718542345,5.193149498658266,5.092699347054771,5.215329084099773,4.927616922538116,5.123727535370824,5.079744526851677,6.05417585367502,-1
840,5.077248685313992,5.019853191820299,5.201661245866682,5.076909479300292,5.237174715908048,4.940320889615841,5.113176571443443,5.0748621664434985,6.047786766285965,-1
841,5.070508538588582,5.023735667804465,5.21612160941038,5.059683127882994,5.250616898870215,4.945336331963125,5.1121591685655,5.073922308366945,6.0413877007024555,-1
842,5.063666030803746,5.030835930197094,5.249428767919591,5.045042327477342,5.257197636246645,4.935659850737279,5.123276850222186,5.084661462671653,6.055091055792445,-1
843,5.05343017267112,5.039283556432831,5.273653910736175,5.029598518260114,5.270471903640165,4.9302493015626245,5.134198437118282,5.0975524060931905,6.041299382186415,-1
844,5.040810787969679,5.031488711057862,5.29458935878442,5.02724028219645,5.271961484972126,4.930225108602055,5.144124593829211,5.106926242246968,6.047021708720255,-1
845,5.019896768491141,5.027796767597474,5.303908325407707,5.025731113439914,5.272529326697017,4.94143910041848,5.158043335827276,5.120195675717375,6.042728764859908,-1
846,5.009536850432308,5.032019517304208,5.306849853942269,5.032034604002694,5.266507254053226,4.95918709881838,5.167373436516159,5.128255207781268,6.045904814714497,-1
847,4.994141499851805,5.045625232762124,5.3023813913790745,5.043024975356265,5.2468006143780554,4.9667613678554074,5.1800075629551126,5.1262417539844085,6.043843065715006,-1
848,4.983345040757536,5.058404130513542,5.2973070812887,5.064880403731152,5.221580388049054,4.985054960791094,5.182310554125696,5.127472764360709,6.048801583557888,-1
849,4.963437402728703,5.062852819187816,5.294113829224701,5.091136702092999,5.208306528583109,4.998620207371697,5.173959400094604,5.120557711535477,6.0468280878902645,-1
850,4.950226147641923,5.062798940303413,5.275969812007077,5.119885218988828,5.19441269733776,5.009493465636752,5.162564062889234,5.106881688882742,6.041659249003198,-1
851,4.9452775789631485,5.052117587305076,5.259346110638151,5.148552689067057,5.180660729342337,5.0196596473032145,5.156569762920923,5.1033707034615485,6.041698387177037,-1
852,4.950085514812519,5.0527803707653485,5.248318780761273,5.170336351609675,5.167696288965275,5.039184150764775,5.156689321068708,5.096101219381855,6.0372458686357335,-1
853,4.968507576881375,5.0462220215467815,5.239669352878963,5.1841664687240785,5.137710758276697,5.044440006783248,5.155761856593402,5.077571177969951,6.04834946023362,-1
854,4.98937682825198,5.0300613612731455,5.222158296442213,5.190681758743008,5.1085914388505484,5.0441490443317,5.156023403583783,5.0684960827031,6.059535048279339,-1
855,5.011332862277006,5.010670661803739,5.210130775735967,5.1971081825217755,5.085731428721816,5.0587273768217536,5.161210130095587,5.064371327543428,6.039988854747283,-1
856,5.023489955458187,4.994669950568555,5.189592398349994,5.208097304520752,5.065061015929928,5.068059091263899,5.171248640811937,5.061924787206191,6.060819302745242,-1
857,5.045717302137295,4.982400191757283,5.169929526209577,5.220223510127293,5.036835520065046,5.083726062675356,5.1854194267999345,5.059085091892301,6.037809566424231,-1
858,5.072937435896855,4.984285528147102,5.153313224354219,5.222173262210449,5.012751615235069,5.099758411417593,5.2081287726769165,5.053764584374909,6.046693539728929,-1
859,5.0889560313226525,4.995825478486479,5.1508969197910055,5.2200511212902665,4.998870414480013,5.126057219800921,5.2221615608329595,5.042048264890836,6.044046533689426,-1
860,5.105505283898975,5.014089712672927,5.151385251793802,5.219298011628837,4.9853167919136645,5.138482653419513,5.2244517061223705,5.034689290241459,6.038661034651976,-1
861,5.120798078304797,5.050022448183793,5.147250037141002,5.230611908286748,4.989927880857578,5.159970386560211,5.234212304272644,5.033149024761043,6.03750831557451,-1
862,5.142130848117796,5.081742984036855,5.150440367824527,5.239290427143182,4.999643944832243,5.181024186791598,5.237838747492164,5.024664527945143,6.044342628530831,-1
863,5.170909121259742,5.109988790759392,5.156986269879039,5.238472911545625,5.004962291352111,5.1940712651951415,5.231150132968521,5.013452069771206,6.037199923509553,-1
864,5.198999030920603,5.142686503534252,5.168194906454812,5.235720708320628,5.0118919276219005,5.206464788470017,5.220603611609141,5.00258071316564,6.04538773518666,-1
865,5.22040388181935,5.172158677496511,5.173682511065159,5.220477199364801,5.0198874937822735,5.216697990963614,5.212297536526521,4.995578616558807,6.047242019573942,-1
866,5.233018388329636,5.186802458048349,5.176645521941064,5.222004245999973,5.028775573419097,5.22770759853147,5.19887323810067,4.994320116859298,6.050610538864304,-1
867,5.251672308424006,5.198467474220882,5.172775469036373,5.230262675959453,5.020738716287972,5.23577944281483,5.183575597039949,4.990945845794523,6.055296432291601,-1
868,5.25615432433813,5.199190229415063,5.159143938791052,5.235355536733326,5.018982594115487,5.246664730887003,5.171053698659791,4.989476916797592,6.051462106819242,-1
869,5.264086328616406,5.183451448792023,5.146620126045862,5.240184781715999,5.007107658591916,5.249693650002981,5.152130791918861,4.985858166210442,6.051196770610533,-1
870,5.258834675135219,5.179319191343691,5.139487175417999,5.246774314586687,4.991475085244473,5.240256821205607,5.133138971607597,4.982298629973663,6.044747181505634,-1
871,5.244399801283933,5.176430522059766,5.1245495224055695,5.260601435619636,4.982563931473002,5.221100826901575,5.114872440605711,4.98850468208941,6.050975291821639,-1
872,5.236814145021115,5.16086419793479,5.108101176286265,5.2611581603450395,4.960097425909602,5.201252925951501,5.1062138951461105,4.986646372611322,6.049861329588993,-1
873,5.231607147786119,5.148086260030951,5.0896460566008175,5.2631378621091285,4.937101512628436,5.179832801911744,5.100587566964208,4.98311461708666,6.048426974651782,-1
874,5.225368510498668,5.142163564599212,5.085641822226045,5.2508422924788825,4.911464032251565,5.159526765491574,5.096929703487053,4.983192885267864,6.047148190202626,-1
875,5.2211214204540575,5.132684170030735,5.077476766955616,5.235310114669218,4.899456748124899,5.131977031952876,5.094193933949545,4.984539317301556,6.0474936698343,-1
876,5.228990005985649,5.126161662479575,5.078033172597039,5.232612886554612,4.885152962001649,5.097823229259975,5.089411261387894,4.983359397254938,6.044376390961136,-1
877,5.234400295000995,5.1195944800404325,5.079237697263014,5.221631973630457,4.881994414836602,5.066954112725006,5.088955568431541,4.987991761521937,6.041650796519221,-1
878,5.243711205078716,5.100416275804061,5.0759154175937375,5.218561955584592,4.881737857447568,5.042490229519074,5.099978921184202,4.980485856493605,6.054468569213552,-1
879,5.260887540037644,5.083350567951904,5.074857379002418,5.220126055164991,4.884100745775658,5.024223132093006,5.110262934898133,4.971998627834185,6.056201758885232,-1
880,5.261843162877576,5.062991413959722,5.072870758202618,5.222882454588396,4.895274499131492,5.000787359410972,5.113163994435678,4.973525117862327,6.050678865591341,-1
881,5.261426376218195,5.044636805725524,5.080651690485737,5.228447322200066,4.909170858377415,4.979870519283897,5.119452190837659,4.9752699800872975,6.050310525707577,-1
882,5.2668536946517746,5.034405630946388,5.081364119363169,5.236766580159057,4.925905623063822,4.957513614703807,5.132101942664986,4.965785441505513,6.043520218635238,-1
883,5.263437527354335,5.029316334487426,5.087692336107977,5.2458499437685004,4.939496951107128,4.931388674030444,5.145455782402369,4.95593022602584,6.055724658752008,-1
884,5.247924064933853,5.027819920199723,5.094761154603366,5.252164059602368,4.955874821976037,4.914724719876476,5.153983297537782,4.9543130264064015,6.049404044288035,-1
885,5.237798285247847,5.026447023661802,5.098797239437814,5.266956172725866,4.964545788961407,4.903348252039212,5.157077794953495,4.955359666204188,6.044782685564783,-1
886,5.232923438576415,5.030058192936675,5.1025072721280065,5.272501391355756,4.97810195477295,4.896169795364419,5.154038965553443,4.967801974249958,6.048751099484947,-1
887,5.224907535113998,5.040160353608265,5.108106650210147,5.273201969959324,4.9829866922088994,4.891391193252883,5.151666008679078,4.979517511223364,6.043562271398764,-1
888,5.222397848736939,5.060156462802713,5.119532886029081,5.276087533759268,4.986357758885198,4.891784130011959,5.16023091137021,4.9795912609570285,6.055466653672964,-1
889,5.214332327556274,5.084427963832159,5.131777425169005,5.276341494928397,4.989924288579233,4.883266131996563,5.163204728885389,4.98274199655773,6.048226749421628,-1
890,5.19648240888008,5.101985043068452,5.138131303612897,5.267173790053162,4.993266574299266,4.876889650540958,5.165045087330055,4.988468663414393,6.045602372894987,-1
891,5.189128249269249,5.1171473216977015,5.149016830157637,5.253491151914523,4.9853440219702785,4.883307930321155,5.164389661216878,4.994661148534127,6.042774304637092,-1
892,5.184122467932526,5.124562317349235,5.166841993932686,5.234002811211839,4.983696457240201,4.880193426090896,5.171818755440972,5.000971525316578,6.050263724395953,-1
893,5.168593514525993,5.128634812526941,5.182084336196117,5.208758726495329,4.990102388218966,4.863744320042837,5.176492901895885,5.001987423767419,6.047986898102012,-1
894,5.141794714677586,5.133959289855381,5.196938289886313,5.189118275953923,4.9958306003570545,4.841474061214406,5.177915177966037,4.9986569593999075,6.042010725779673,-1
895,5.109776421572248,5.130171043018294,5.214056954784555,5.1714438387396475,5.003842330672031,4.808914430233045,5.180064398453544,4.988637469438396,6.043773678099736,-1
896,5.076426855247942,5.129920528140769,5.222535010863542,5.16055015147816,5.023157849083522,4.789525833392188,5.177879941261143,4.982133213440983,6.05259394391827,-1
897,5.052309962436125,5.116023273019592,5.213851818842065,5.147473321352683,5.044733647206346,4.770957547022592,5.175069554827074,4.97439351842731,6.044667177355045,-1
898,5.0324136506845445,5.093468798724822,5.2101753127923764,5.14643784040845,5.071684183862543,4.755030787030098,5.169879535185306,4.973313544332604,6.052740301907666,-1
899,5.003996932580243,5.079373530562647,5.203978450863105,5.151131434258922,5.107910301584395,4.7452575891660675,5.166850511077207,4.975520427201583,6.047749836205493,-1
900,4.975419254956025,5.066791750977965,5.1878278121357875,5.151595268322074,5.136130879620485,4.737989697741456,5.162313111580718,4.970108938918323,6.046715453597339,-1
901,4.954077586092624,5.060779889313512,5.181334731455161,5.156099714093983,5.162264868001757,4.73697630639379,5.1622467149872175,4.960629667926254,6.047311681303578,-1
902,4.945211343380612,5.057758977419734,5.1673385373419976,5.154780700512302,5.184462102081817,4.745043842283554,5.1695219413126425,4.962809539347458,6.052309099909835,-1
903,4.95255878281325,5.056000936575649,5.149188376348969,5.153971271732546,5.206285284065947,4.7546101413565065,5.173322305716811,4.961362348164885,6.048621296208427,-1
904,4.960906425070045,5.05081918002789,5.144505249350324,5.156671481272138,5.208541535544623,4.756973436229526,5.18724378629197,4.970253208374181,6.045947716138751,-1
905,4.966789064603635,5.051305654738815,5.1567592797516175,5.1639108571030565,5.2021323196593166,4.7680545812039545,5.194696943733009,4.9707662449846906,6.049207881961115,-1
906,4.967020420871592,5.066349899175715,5.158323870141101,5.168554230429398,5.194157064023638,4.778741266823623,5.193944945462941,4.9704179071434496,6.038775484103829,-1
907,4.971778544917045,5.074244783480132,5.1480721813606545,5.170492975495296,5.193406533117808,4.787582128163798,5.19622367522809,4.970442760455023,6.058273839915784,-1
908,4.983349565046455,5.075612121951855,5.141497976867279,5.174460551968661,5.1893896106828965,4.8031022896297015,5.203941716686729,4.977630837995259,6.0413557860657825,-1
909,4.99350517406023,5.074896045731376,5.1411178942471665,5.171009852769773,5.184106812600134,4.817345846089069,5.210944206110234,4.978200047691357,6.0502872633032485,-1
910,5.0067484061528384,5.072348487068602,5.1443438557760395,5.168296876114116,5.178487480815771,4.8231228811180324,5.22196988580464,4.974796558583279,6.046969825137711,-1
911,5.008089725781558,5.069315075311077,5.149507574671906,5.1647587253627965,5.167004318201772,4.843051399682381,5.237374310199087,4.97459361140928,6.05257521246787,-1
912,5.006972996892035,5.0609551801142505,5.158695848188981,5.150783211311728,5.165821979037599,4.860082781228219,5.230829780476083,4.957924533769589,6.059927516850026,-1
913,5.00924633010228,5.054054765776842,5.163609460929011,5.1431640454325365,5.1658804306678086,4.872767396042398,5.230303158322641,4.95981949049583,6.049010780527279,-1
914,5.022139234868047,5.038031977797678,5.174280244682547,5.143131950806303,5.159519863320731,4.89444187749619,5.2341251724723845,4.961750453700656,6.0416447099486845,-1
915,5.0416081375979465,5.018226288242445,5.187470648903351,5.140919512518784,5.145952627657507,4.9081219437241455,5.222647457670266,4.966704562599913,6.053412711371221,-1
916,5.060635128285999,5.005053546071332,5.201821233032559,5.138878662736305,5.1343410333531505,4.924206477322248,5.208904408508653,4.963732480805909,6.055132404302983,-1
917,5.084573020698731,4.991363785545085,5.208382475224617,5.144251652489377,5.117667820638986,4.951909313221757,5.202140704363972,4.966739314578867,6.0498020653209235,-1
918,5.096283433116485,4.980847844120715,5.223277817086879,5.1520591822057,5.0896372883400876,4.989530632973471,5.185219390693883,4.960105327398267,6.040237412612336,-1
919,5.107693906285353,4.9675005583014205,5.2459894621539105,5.146562624592982,5.065152911244712,5.016404005439643,5.163898356103028,4.957256181855678,6.04901314815692,-1
920,5.126407437830863,4.957844199875137,5.259883370503221,5.148039339441843,5.042975973738573,5.038943345216355,5.149808678324252,4.9593986456405466,6.0485528046979065,-1
921,5.136610429711146,4.9498900151839145,5.2740557913268615,5.1370322355251155,5.023858820747167,5.067257866840392,5.139867912594403,4.940520015184548,6.0535423783988405,-1
922,5.137627600886271,4.943026413879773,5.273057349953199,5.120260252231459,5.001768437298901,5.092573687506683,5.130128295745129,4.924646967741817,6.0490896411133885,-1
923,5.1344184605365175,4.940978590243465,5.27500973315564,5.105029148793996,4.969982741846628,5.108369877179759,5.1291441138011376,4.9138493897218485,6.04479978319629,-1
924,5.128413584630448,4.942411096875835,5.2660265717915955,5.095343725729555,4.93067806125862,5.118811850519767,5.130214092940445,4.902064752899051,6.058066617157564,-1
925,5.115949244870099,4.952817246889667,5.243105202870745,5.088882249484606,4.893495601374652,5.112056164646187,5.122836777829669,4.889154925339453,6.049859443385641,-1
926,5.10984002052981,4.958940453293062,5.213138038298359,5.0815642381962505,4.876021682953532,5.087342103436568,5.121404388803552,4.880178383968596,6.041470526548812,-1
927,5.10741111492618,4.960550450539719,5.167641145965524,5.084377967677927,4.8686734617642315,5.068196827564181,5.120426047393573,4.869665939451295,6.042357268278039,-1
928,5.09510331114778,4.964763403609352,5.128166543185777,5.086675366972094,4.8648466910578225,5.057280582174776,5.119999682007337,4.862427088471325,6.045036633807966,-1
929,5.082823210131865,4.961725098169572,5.084831667018634,5.092985974168026,4.861386605170495,5.041698568608211,5.114967722396008,4.864803977880527,6.041726301665977,-1
930,5.075977535664626,4.955062203900979,5.053661593044412,5.098863392662437,4.863954871720352,5.010626342009823,5.10867960262547,4.862374839805868,6.056718708046927,-1
931,5.067217034190831,4.953389539453039,5.021848673935603,5.103692952992201,4.882556074183551,4.993788042104989,5.105710985238222,4.8525663971210715,6.044964055488774,-1
932,5.057350911257866,4.947966792795452,5.000977922865499,5.107300881865291,4.905764673286219,4.979419158798349,5.098163725726804,4.844971945988098,6.045126395217444,-1
933,5.043243142565634,4.932483757101457,5.000265040463061,5.098187858888466,4.922230842387082,4.968564155087771,5.094573430536507,4.845726810032456,6.050792147534895,-1
934,5.02342982623915,4.928150983424932,5.00226276870743,5.091323615434445,4.932418646863549,4.976883236676036,5.085038822648199,4.844566587554094,6.04623721732076,-1
935,4.997408893394285,4.929372357371189,5.003617382813004,5.085786168183438,4.9283978280950524,4.973091294496008,5.084874688609693,4.854417143050981,6.046684789200801,-1
936,4.973123884718033,4.93717566831302,4.997162573474928,5.081283135966054,4.918213358329589,4.960982682971101,5.091885671851775,4.872966422525144,6.044592186506955,-1
937,4.951353068067041,4.948842828463347,4.996805169662984,5.079451396795646,4.914398766112374,4.9422721210449,5.1006130973683454,4.883240492480933,6.042370642307132,-1
938,4.9275461175409285,4.966565788841941,4.998414432224692,5.078526012262132,4.914169335191695,4.933615133127538,5.109111251898418,4.899597019658576,6.0467830133794225,-1
939,4.904190772387595,4.980335489603686,5.000450126166466,5.080609948110472,4.906713142221628,4.917662704345106,5.118258855927082,4.9071835243608115,6.040041477527757,-1
940,4.892041888528782,4.998858941386424,5.007128329205054,5.083012458616814,4.8890807758167485,4.898527944083732,5.1191058364112205,4.908627378731464,6.04937442449156,-1
941,4.884509966576124,5.022929819845481,5.019361838945501,5.0877555329902595,4.874121518759745,4.887518022475007,5.116282059313899,4.917379461787367,6.045889391830206,-1
942,4.882479538259143,5.040391742132835,5.036072277421055,5.0883138359228965,4.862659680169585,4.879113085828158,5.10439984955955,4.935950221198194,6.042540007937321,-1
943,4.882926569484681,5.0685084449228786,5.061042139005774,5.092869979996124,4.862506501283835,4.87667561846217,5.087521036044675,4.948325468173893,6.0445968331848805,-1
944,4.89037860145356,5.088396675902586,5.074942736215424,5.100218551175624,4.86043975973327,4.878212307882403,5.066384429423425,4.943069809828923,6.0393810148692895,-1
945,4.901203054266087,5.1094320304189145,5.075451227535583,5.103884687604033,4.861625909713377,4.890441614459033,5.037309904802059,4.956937750006589,6.0542864183504115,-1
946,4.90967558805577,5.128004789563055,5.067120095800613,5.117252417930711,4.859567144834291,4.89573630249923,5.008439005409704,4.968020418886506,6.053286977475798,-1
947,4.908849684294228,5.152161247782421,5.061937070481924,5.130184271221725,4.856201513014448,4.907574622754994,4.974153295986326,4.9869295754490155,6.047381195643224,-1
948,4.90066344615748,5.166163030919452,5.04633049698775,5.142529902668031,4.867138976827253,4.910546910048368,4.961816675932765,5.013647358816552,6.047976282871927,-1
949,4.891226486788402,5.171091992773539,5.017701916267578,5.169938946800573,4.886474034032386,4.909057962264656,4.9539825669934165,5.030553090415055,6.054313866101032,-1
950,4.879745530567524,5.156973671012241,4.980509696800128,5.19946911667899,4.898955408512437,4.896753191665829,4.951427593055564,5.037607335900425,6.048019025265425,-1
951,4.863954486295464,5.133774108222361,4.951661587467449,5.218489365482905,4.9067611453194795,4.8860967816243965,4.957443622160466,5.043195496776069,6.043855127107656,-1
952,4.848329365834281,5.113739145201836,4.929513872523622,5.231861429375797,4.904142261645148,4.881004747403644,4.965438347697802,5.057195896750936,6.048451748896846,-1
953,4.829154002075023,5.089093493530465,4.915461776488706,5.2483330313724705,4.898199183641359,4.874299594744314,4.977708378870427,5.055717341057875,6.050438944337789,-1
954,4.826074775991332,5.063010042471246,4.912492954013397,5.248994619855648,4.891756663590638,4.876929883018976,4.97974487088836,5.039790771599103,6.05413367701366,-1
955,4.8292204631660915,5.038467762608154,4.91741476658026,5.255233281295874,4.886566993466237,4.8799187839163265,4.979597753432374,5.019366925567127,6.045032181481683,-1
956,4.831071802466116,5.030450573722606,4.929045591471402,5.258479808401678,4.882446463680023,4.897874003942774,4.975336344385727,4.989402279056892,6.05100861387222,-1
957,4.828803803566899,5.022712929916139,4.945705675790785,5.242241984359542,4.875263872247572,4.908986549943011,4.967111305108957,4.959600838530244,6.045448102839192,-1
958,4.839493074723494,5.032415928197989,4.968472634234954,5.221361366806262,4.869229657911157,4.92637749440884,4.9621150995528165,4.936317289631005,6.03887534156139,-1
959,4.8495610871581185,5.043782753648793,4.977069515047012,5.211006806557291,4.86611008226293,4.949648558206874,4.952644840366173,4.906193296417662,6.039583293434453,-1
960,4.8667294467434115,5.053055728935378,4.983960874641584,5.20130933392844,4.870759605721276,4.95591820343747,4.9309059857887325,4.8839155334493265,6.053656622694815,-1
961,4.887194541196415,5.069418081179925,5.002478516240156,5.193038406712351,4.876371270153573,4.957412251330531,4.914041735750968,4.860986427784594,6.035684943362175,-1
962,4.901242954386475,5.080612753950287,5.019985200841084,5.193240807053404,4.886139314039908,4.958044852558048,4.902344672892185,4.84408932087054,6.04860421564584,-1
963,4.92473179530279,5.077440214219596,5.030319855571404,5.185894626127823,4.90246931458181,4.948758528305205,4.89923755445745,4.8343349270047,6.053362157808278,-1
964,4.951110416968527,5.06476989050491,5.030556718062241,5.184444032515036,4.9148887361713465,4.933120428214486,4.883805343801731,4.835931335916845,6.051483208511452,-1
965,4.979370483856247,5.056543153117381,5.024212352357589,5.189806925442555,4.9228047585145775,4.923296496832255,4.869128681581724,4.833803927876219,6.053582013036279,-1
966,4.996970314558992,5.043723024023803,5.014934214256591,5.197706407884225,4.93269903709194,4.9221170255664175,4.86666358255245,4.832055930928946,6.045893077748519,-1
967,5.014578778024117,5.02445917448008,5.01532941214451,5.198671967096806,4.933400757186469,4.9171249160730826,4.86550787573614,4.838534289694224,6.0444533623462355,-1
968,5.028465991446419,5.005361165908769,5.022402932741666,5.20697741686152,4.938360106071312,4.9235515917400425,4.8769133398741715,4.842578592465587,6.0448096217883425,-1
969,5.0434769656000205,4.986397327375991,5.025127367891091,5.218475451600183,4.940196442897556,4.92870886402596,4.884175121555934,4.852410321879131,6.046763883196716,-1
970,5.048867799154354,4.973913172133385,5.03042382576353,5.23271925880178,4.9428744033600145,4.928607505203129,4.893690943259921,4.875013162346749,6.047538126882829,-1
971,5.0525422206617625,4.969749310329085,5.03096496205611,5.245819450015878,4.934251891895015,4.932127178816032,4.905144412805891,4.902215957845047,6.054071587252247,-1
972,5.054839285831808,4.970091274196352,5.043222842977598,5.25845676607444,4.92856758146425,4.939772347253968,4.921901693066954,4.927564831408047,6.043370742404514,-1
973,5.059722802752716,4.974166393991857,5.055438369736031,5.271404566117357,4.924687835115987,4.948209876732774,4.933689568050524,4.954763728125323,6.052691396027867,-1
974,5.069614894725917,4.976461743077576,5.061184253847062,5.28075878901231,4.9301098129161005,4.945431912368122,4.942033987072388,4.982387306594573,6.05375029915048,-1
975,5.080096651561919,4.989234355319679,5.0676206736476095,5.2866453866478995,4.942261791026091,4.9463454353654015,4.944748966824484,5.0115289403293035,6.04849735282665,-1
976,5.099063944350335,5.005099879184684,5.070927220318945,5.282649438093308,4.95726723941318,4.944279243535678,4.9430092803276136,5.031014951786595,6.049944162953,-1
977,5.109825220046949,5.025940540758475,5.068600641012304,5.275260432279845,4.9579678695608065,4.947636229512899,4.946501635188186,5.060729986280544,6.041918259247365,-1
978,5.122186326917638,5.035568805144792,5.064440266756944,5.261435648071402,4.953880435090603,4.9567367531892925,4.953154701525871,5.077053120557518,6.049505008022345,-1
979,5.1285452808251595,5.041603237147814,5.0625985809248615,5.2550065260076595,4.9566923422575755,4.969737164157152,4.957567652508913,5.08533263582586,6.047485047810149,-1
980,5.13315950578477,5.039091916980414,5.06256625289112,5.249291633101361,4.960460716814337,4.9839537610961155,4.965264345327105,5.099581390224777,6.052622724754955,-1
981,5.147909475427163,5.040272027324897,5.066969974507828,5.246849961643804,4.963366658528319,4.991582141514739,4.984405722642338,5.115607882391775,6.046325525256655,-1
982,5.162400798239338,5.042904634405233,5.0860453004496655,5.242616188275215,4.957993832160995,4.994476448683574,4.9899304422716355,5.13249044416704,6.0531199061415135,-1
983,5.184975335756803,5.043098788787269,5.103181994541994,5.231334494852307,4.9497116874623135,4.987774975019623,4.997685441273381,5.145554977083741,6.046693845625748,-1
984,5.194558108320167,5.041834755059819,5.120764732049405,5.222948908462587,4.939056322909402,4.978974753069568,4.9994450934791095,5.170505347381123,6.04952946867422,-1
985,5.209293328934829,5.03207272231231,5.133369441490442,5.211744237761153,4.93949932344653,4.975234798618001,4.99424122470625,5.190312387722096,6.046226943251233,-1
986,5.224973839707143,5.033186206771142,5.137678713320754,5.19910873741869,4.937544508101989,4.972801029667963,4.9817391286700925,5.221956709658758,6.052565546414828,-1
987,5.240816487918322,5.03335680377208,5.148537783371085,5.184457527234183,4.930779267276341,4.9702147921775115,4.968249512205757,5.264684620466297,6.041255664448772,-1
988,5.257242090314838,5.03380723290867,5.15448485002945,5.1607674986405,4.9182482532164595,4.96148337235988,4.954429568403046,5.302579082195118,6.04688238747065,-1
989,5.264823246610651,5.023998383179755,5.166161042011171,5.144651332820274,4.91321060249496,4.96180269767199,4.934941772929196,5.3313839131822744,6.046063582701187,-1
990,5.272777940884175,5.016422427608771,5.16893830620872,5.1373640574392505,4.908423266796534,4.964711098243602,4.9292695044594,5.354803137490019,6.050321480348509,-1
991,5.273330423106371,5.017442488504766,5.171349830350434,5.139638410796614,4.902835000122503,4.973308471882768,4.932134456673108,5.376512253441038,6.054144130356683,-1
992,5.273421773569337,5.017928057671766,5.180492876838226,5.1408164112112225,4.8933198556426225,4.983704370877862,4.948593456487273,5.379887809278149,6.046708572504401,-1
993,5.263464941040831,5.01402509223433,5.190412677286124,5.143771810775065,4.886432086054693,4.9984011097231695,4.968430825861281,5.377416694682341,6.0479082984788235,-1
994,5.255277053967487,5.009903773231177,5.20653774794143,5.149160422604855,4.8764899062784774,5.0063504106784595,4.996980373894681,5.366142242700449,6.0378663730315045,-1
995,5.24581350864381,5.009996198116427,5.222514816085425,5.150495927312251,4.880250101549928,5.015213797123108,5.0263102893159495,5.343981200340558,6.051691482881971,-1
996,5.238042103302524,5.02246440959904,5.243067318348293,5.152041487444338,4.893408369769933,5.0291806489869675,5.054104973592778,5.324750626330509,6.045531407129301,-1
997,4.580452682797786,4.401675642281559,4.589736800990265,4.506976625785965,4.281268493181635,4.405327736320368,4.440885511973526,4.650487747656674,6.049427228800822,-1
998,3.9162809412935307,3.78090510785241,3.938206008493707,3.860645555877751,3.6682064029190906,3.78301109886957,3.8205389298409056,3.9775071319871147,6.0510451476696625,-1
999,3.2553819949017493,3.150774703428661,3.2863018734891996,3.2160418494707113,3.058998997274559,3.1613926676991455,3.19022562618285,3.3048746379401366,6.050899411561653,-1
