time_step,region_1_entropy,region_2_entropy,region_3_entropy,region_4_entropy,region_5_entropy,region_6_entropy,region_7_entropy,region_8_entropy,global_entropy,lock_epoch
0,2.571992070943265,2.573675019473433,2.5575013541151757,2.574417450400184,2.501224121313685,2.5661113913860145,2.603133609816343,2.590937512765149,5.604519225688701,-1
1,3.215601210415344,3.2215888126696504,3.193964824879304,3.203914330132652,3.119287020163805,3.1966978011805542,3.2504881569608854,3.2424968917098957,5.609444074800606,-1
2,3.86120164691195,3.8669270302037817,3.8339108021015056,3.8390126521653865,3.7413569368099338,3.824882231938084,3.893586764572473,3.893824982213064,5.595290682367162,-1
3,4.506040890164563,4.507003179930069,4.472906477743684,4.47293964173665,4.370704402525537,4.457744206166066,4.538827812035642,4.548306996300515,5.616992795640088,-1
4,5.159599777218703,5.139144712456374,5.112315920476763,5.1062307785686585,5.014021239387636,5.083570584080631,5.188849223776119,5.204842038613735,5.615432917150092,-1
5,5.172810283049067,5.115765659410857,5.114800915731173,5.096535441121992,5.0220014918197995,5.075597559101572,5.194902501101531,5.215476807830247,5.608641551092839,-1
6,5.188617256546248,5.092113459386666,5.118295840106175,5.080668104132761,5.043169803450683,5.0642514628969675,5.198631723012309,5.223453429900745,5.60707176470266,-1
7,5.199148784460105,5.076000931397365,5.119452624222649,5.0773917525590315,5.049207781709502,5.061334888901454,5.2056764908833655,5.232281924500949,5.622124137535632,-1
8,5.208467064598634,5.053226057531248,5.123054214768807,5.079325394067685,5.074487533991213,5.0644310867712985,5.21493884578924,5.251676453042564,5.616388621002599,-1
9,5.215642864390863,5.0268898944732,5.123121473414429,5.086696508494956,5.104984585453713,5.071122773309608,5.229660555505727,5.264710984423298,5.621281254403339,-1
10,5.221912407610858,4.9987266836527535,5.125670528148379,5.084432165393889,5.135442066437051,5.084200842038417,5.250273179956251,5.278435991919304,5.630296522910112,-1
11,5.222563163913844,4.980484020342453,5.118681780354821,5.087678167850581,5.150243902005304,5.090988519414254,5.2773802884825285,5.28725003261747,5.63330148196653,-1
12,5.216460048672645,4.971963406397432,5.111900948789401,5.094417098233067,5.147064295220729,5.10025159379299,5.293749337279674,5.302243117582121,5.626051457752417,-1
13,5.206565496680509,4.979210916504999,5.114452755434971,5.098137555373537,5.151908659306132,5.10340334176257,5.306633952614995,5.318261067765608,5.637033835447155,-1
14,5.190618073554539,4.980608060737688,5.1118233162971904,5.1088312776646,5.146158232045891,5.111535416973513,5.316005111389848,5.333827671623864,5.625963526971261,-1
15,5.184914544175275,4.979909415646153,5.117554400987888,5.119985718679495,5.139681375000508,5.119603917508433,5.329252125341781,5.3383526026082,5.643887797315872,-1
16,5.192585696241314,4.990608367890979,5.119551679336937,5.13658910943196,5.121556129429889,5.124457237517939,5.347932730341121,5.331810674249037,5.647892188751729,-1
17,5.203839642271327,4.9989285832596355,5.128846761932564,5.163605446131044,5.087459115236072,5.130790603474324,5.365007573249886,5.330547729942704,5.6340443207187185,-1
18,5.204655896780924,5.016754758454026,5.135985861370539,5.19276903305227,5.0432476217217665,5.130546779048446,5.39339395436251,5.3317196545173475,5.6488244357955235,-1
19,5.212319646963554,5.02605577308251,5.1528071257149035,5.221859511926711,5.003970093093335,5.124710416393263,5.413284045864898,5.335470568373886,5.640868030158724,-1
20,5.218269511614228,5.033642658803136,5.167665002803858,5.239958234328592,4.967593005021979,5.1285784437696815,5.437296061402778,5.340064854185737,5.652355158717813,-1
21,5.2295113760216605,5.037475824031594,5.185179087794149,5.259770272002765,4.93989521606341,5.130231117307665,5.453107632876507,5.346229948667258,5.654401564428269,-1
22,5.246627664854165,5.050237011055729,5.20600416446567,5.2718192311112055,4.91552785837345,5.128418872148921,5.464400937185742,5.35252186087128,5.6588239043722535,-1
23,5.264350842448401,5.060966359107145,5.211607769751586,5.2719022148004395,4.902508298955654,5.1300846686709765,5.47251684930251,5.3668229976767226,5.661721273683081,-1
24,5.269900120176016,5.061284827300343,5.225919677855776,5.265835525793312,4.890589895305879,5.132315624351041,5.479823471415666,5.3725546581020005,5.665710508576529,-1
25,5.273725658036828,5.064312380613575,5.234778007696451,5.253536690430428,4.886781646091774,5.131683730553583,5.479524716149255,5.3766671470841905,5.661684716629788,-1
26,5.282607175446063,5.051346548532441,5.2440990954785125,5.241552845419797,4.887649043848139,5.133238010392363,5.466097490075632,5.371050037169511,5.664189875778,-1
27,5.289229066293611,5.042138301493808,5.2598847410001985,5.223508979251783,4.900524070850709,5.134623945556125,5.443707421684731,5.368052249029894,5.6724076672038874,-1
28,5.286653355298739,5.0304963329001025,5.276251924888755,5.206249644181923,4.916587640026992,5.129045439702939,5.420288622521183,5.3534033248042245,5.668667266245832,-1
29,5.281439486039499,5.016024722199263,5.277026663985803,5.185739992190012,4.9163442218458195,5.112130113751452,5.3953347186976,5.332102662179029,5.666977736739303,-1
30,5.274608586911393,5.0029663387615715,5.283794261352309,5.1697237172021735,4.923908790847037,5.094418773620011,5.377147968966549,5.318747190136782,5.676690599245804,-1
31,5.267511968809278,4.9961049196605645,5.297464706334542,5.164288387565442,4.9259778702036545,5.061050500215313,5.352748900091524,5.309688035795692,5.672595247580729,-1
32,5.26213248022922,5.00215077722957,5.321441177515781,5.162104295867304,4.922732026147739,5.024082914843914,5.319385551784979,5.312465012727982,5.678755079954704,-1
33,5.26012624323408,5.008039272895713,5.349081345980379,5.151469765431248,4.919050142469085,4.992389311787051,5.286445447671763,5.3082837236234885,5.674479701812372,-1
34,5.252434386527405,5.020092652045079,5.368036325260354,5.1445958557045515,4.917777389862973,4.958810293905196,5.25314684679141,5.303006348345253,5.690959459133024,-1
35,5.240830046259485,5.03567592615964,5.377888390931244,5.141170610061395,4.91174224325245,4.940398056295739,5.233374969380636,5.2881583434223,5.687112544339747,-1
36,5.229648639488373,5.049539460604992,5.385865926572306,5.1390737099702415,4.909932089916266,4.924553670051923,5.217015784195166,5.27337148544418,5.685184232517792,-1
37,5.219813627908408,5.068628102688561,5.38974290215977,5.132993810533903,4.912884221471971,4.922384167644585,5.205000805291176,5.259933913079253,5.688891491280639,-1
38,5.202355247235271,5.08374298447021,5.388441172233337,5.120207111144177,4.910503055671039,4.92007927852613,5.190937426154004,5.225545210856889,5.6853889701941975,-1
39,5.180649143739411,5.096897473510863,5.388262223578363,5.1066300626610905,4.9030511773506325,4.919700889666564,5.180586416305816,5.194120973564065,5.688632179216627,-1
40,5.168712076671251,5.103209910050845,5.380889036254784,5.089352310987562,4.901721159165575,4.929922255004277,5.178230498536345,5.161679962138634,5.693745453933867,-1
41,5.1409756697382605,5.110222535249222,5.372969749576016,5.081131051365077,4.901107775067589,4.93416954600571,5.1775175918600205,5.124304173403953,5.7011231868170125,-1
42,5.125643967892598,5.130292638620371,5.367230791797721,5.072249805664173,4.894493509404972,4.948309742383734,5.174853018563941,5.095282438145662,5.692114512462884,-1
43,5.120919278090897,5.148838300582454,5.366369510797471,5.073541534203314,4.8794523242556025,4.950041175194015,5.170139724397068,5.076029905390876,5.6952381637086935,-1
44,5.131062295801673,5.171895316749323,5.375482776354296,5.077844072977871,4.862399889724795,4.96214144190778,5.1680114546677896,5.0673126316337385,5.709674776567232,-1
45,5.139405628465743,5.188639827516563,5.3976124181567045,5.088340073717868,4.844972446584599,4.982150727801452,5.168620409197549,5.061185105719941,5.701596637076388,-1
46,5.153215983846315,5.2074054652527115,5.4064203693241,5.1042592214454015,4.832838806877186,4.992952510946166,5.178233449914323,5.074856621664967,5.699046214263157,-1
47,5.169297344857231,5.229570394019776,5.414175258116731,5.115125002233465,4.829943995507422,5.0234414638215545,5.195787292752988,5.082977953183125,5.711216692198906,-1
48,5.166315151400936,5.2535031328081665,5.41963785981736,5.1288764230010955,4.8261804945734905,5.050355320101625,5.209587395120794,5.101840920018575,5.708887962966549,-1
49,5.176737530528818,5.275147985268944,5.42768759104095,5.146838891298978,4.827453625159749,5.0829906276488,5.230977872144513,5.1332842145103434,5.70766056428823,-1
50,5.185683315295709,5.285493457879981,5.427785632811784,5.159471686134822,4.828531393882653,5.099086303945255,5.25816806304539,5.158351632030685,5.7196378561398244,-1
51,5.189696863533463,5.292636611980633,5.4172867250757735,5.160042242380109,4.834563566996611,5.108799474855399,5.281504346543131,5.177323440926983,5.714771144689128,-1
52,5.193493269423028,5.293977854185405,5.394225143293163,5.162044021697249,4.841833604795159,5.10090843412839,5.297649419643949,5.19046210329386,5.722946039775411,-1
53,5.20092971614651,5.285252943307959,5.359249862707549,5.154061276458782,4.857077601107374,5.07938930164028,5.3131848512417035,5.208018570008067,5.724316217390817,-1
54,5.20382395585864,5.266041476729227,5.3363597972032,5.149048305277909,4.873237934978416,5.060825989183816,5.315619643910166,5.218151997586899,5.711349849859899,-1
55,5.203002564957842,5.245479001286584,5.304974618753561,5.132385981537575,4.895213472653966,5.031020038685465,5.310702704193696,5.231531413493906,5.723337550517042,-1
56,5.203418428421155,5.212241189943578,5.276424483731636,5.113537080632218,4.914568117721742,4.999335645635558,5.306221214954099,5.234214985034021,5.730946979850826,-1
57,5.201984547842567,5.17375277780619,5.248753333032644,5.079261641962226,4.939203708262122,4.9707973579086415,5.291791734721781,5.234395449171954,5.732941764160893,-1
58,5.194867004711426,5.138169280015659,5.233206187162159,5.0507261977179,4.970328725174252,4.948097861771295,5.273767134748285,5.239232417872261,5.728070163008992,-1
59,5.181986844226326,5.1104841770372325,5.225818815687441,5.024581562861993,5.004023978999191,4.937741029889654,5.253052424470835,5.245770903187433,5.731557548257603,-1
60,5.156739272757159,5.090976703358155,5.221179951033196,4.99756410926034,5.031854715700321,4.931411788336029,5.230624074613883,5.245845327092369,5.738771311662129,-1
61,5.1309984186483595,5.07625269238075,5.2249723390939256,4.9823606655996295,5.056531597870844,4.935705347230325,5.207399373457968,5.2387252248008,5.736401413559812,-1
62,5.11265273775581,5.071733274689224,5.229363620099393,4.9673340684667515,5.06668796725819,4.943428769775963,5.195105118859196,5.232653590092503,5.744652404876305,-1
63,5.0907649499002625,5.0596879180144345,5.248684260380725,4.9745293858620245,5.062346270331037,4.951489534804726,5.172274922962732,5.222053567816788,5.739810546998278,-1
64,5.071580311000092,5.061260815932821,5.265726799904458,4.978400873539882,5.0568748196166045,4.9559348139716946,5.154434932566357,5.218257227128078,5.74661615454976,-1
65,5.054302952053835,5.066117911538029,5.279670781807152,4.988925890147916,5.043586487231775,4.964868331961779,5.150197047137221,5.213615197376464,5.734853570906755,-1
66,5.048955093987322,5.06526625022712,5.287649293023069,5.00022859049967,5.031725770309058,4.978008663497325,5.151378132026901,5.2098914216813474,5.7456789978597484,-1
67,5.050750480127915,5.055511585157617,5.298076464388282,5.011369431025468,5.012354655207681,4.987332363886832,5.145404805269447,5.2049735070323,5.754558884571524,-1
68,5.05185970122328,5.041336733258951,5.31541541258783,5.016930047226676,4.993230381134056,4.998926410296897,5.140586627624246,5.204062614148116,5.754600821131354,-1
69,5.051300062431185,5.030732968234415,5.326011382590183,5.0164881041452825,4.967302752616807,4.999417631037493,5.1317593414586735,5.20575520101969,5.760300607742779,-1
70,5.05030606651395,5.014595184931045,5.327023518177334,5.022761910260438,4.942271516746247,5.008521991527342,5.118111398805417,5.201582707083759,5.760610293111617,-1
71,5.048817598856001,5.003770760097187,5.322412181828597,5.01604031584351,4.922572090540927,5.00848465962925,5.115391988797466,5.1966125837545185,5.758944431346082,-1
72,5.054757237164539,4.994320883639973,5.317572647925441,5.005936610541103,4.912884135656169,5.007146324660949,5.11170735216208,5.187717089258228,5.755920456116853,-1
73,5.047561161784853,4.983211454928188,5.308140028588244,4.995797705791625,4.899841591325671,4.999803091652942,5.096676343318198,5.177983830234314,5.753221046356086,-1
74,5.029840954647872,4.981066370044671,5.301124019580712,4.992826141255865,4.885773149700663,5.000185418171207,5.08059348238547,5.166659764854286,5.770150859085356,-1
75,5.008372085239774,4.978092253168463,5.294474470827609,4.989194728201709,4.8711747789975295,5.0053545964976145,5.0671265532080465,5.153277122109309,5.762943778945431,-1
76,4.9914240877269975,4.97246575153523,5.280125165246435,4.99837258268244,4.857260296403839,5.01278581659994,5.048734222443853,5.140983215926023,5.769967735604537,-1
77,4.980789487776582,4.972812577653572,5.266479367845885,5.01748715521361,4.8455953362417175,5.023387766010504,5.034706453978248,5.124951128312215,5.770427127217549,-1
78,4.9739166874828715,4.984428504031923,5.2702960955446905,5.019822749269176,4.845483414767447,5.031141313373331,5.021186122894886,5.11444416204291,5.769513434747086,-1
79,4.980662584830943,5.000645181276001,5.274232152204181,5.026858268590686,4.856908099427027,5.047503300513007,4.996673950440689,5.108751345090198,5.769140726768413,-1
80,4.98482082619577,5.016392730529158,5.285784350617442,5.043937490840566,4.865678109424882,5.066678009522687,4.963694344012959,5.100111162308476,5.769970263091469,-1
81,5.003985229798988,5.03755201041855,5.298811828616196,5.064399301263252,4.875927558383174,5.076818382901152,4.934404372624879,5.097609991062459,5.776910234600351,-1
82,5.024593260077259,5.07439394161696,5.32000175542083,5.079278439309874,4.893075186976095,5.077633587088927,4.902025804425425,5.102179264530392,5.768637965069227,-1
83,5.043230073670488,5.117191419263333,5.335288107799719,5.097501653504049,4.905781839289591,5.080846916095522,4.879125295115355,5.115758637370966,5.771536273419956,-1
84,5.060762769764325,5.160384196218232,5.353030113760037,5.101253226580294,4.916370907667913,5.085426707387346,4.861349657191333,5.13267408063496,5.776776672481244,-1
85,5.068063742071323,5.197205621323689,5.369811425158739,5.104784242051883,4.924976855650842,5.089067360620294,4.843947627536089,5.1600960775179665,5.779819508424194,-1
86,5.074194805767166,5.220459921096159,5.37643524581336,5.1117987341888025,4.931182828765029,5.088067528092643,4.827104016135173,5.197853705309332,5.788129127218424,-1
87,5.069050094342172,5.237931800195438,5.376442417023169,5.126808321459874,4.934878770790817,5.086163808853598,4.824022420931681,5.234829954478717,5.784112116787595,-1
88,5.06428286909836,5.247180128045398,5.35977001026073,5.1379469142579755,4.936156940584647,5.098514205328536,4.8273866036896935,5.271910770422801,5.777138093218583,-1
89,5.054707372607693,5.246524256495588,5.343013957838032,5.14976226697576,4.943752171669834,5.11667902631619,4.8296131579433945,5.29430058177017,5.780653584492922,-1
90,5.0526898414651145,5.225864030098928,5.318606819800121,5.15347368707537,4.94247302766565,5.135696909621622,4.8319955462387885,5.317209017656825,5.788936514761766,-1
91,5.053489791852988,5.199843597768646,5.308639359316585,5.152196902083954,4.955817276521203,5.1564230686967,4.834000286513046,5.329265880028375,5.781954387329251,-1
92,5.047827404212248,5.177401738022612,5.303269372202854,5.171633985508214,4.978097193804875,5.170356216867209,4.837806209286935,5.33199275241696,5.791907519174909,-1
93,5.044672083667727,5.152392015968107,5.302759484355751,5.189711461821458,4.998946262014976,5.187616369231428,4.844940660436187,5.327867163121481,5.788299318071294,-1
94,5.0369460649640265,5.138538255658579,5.295376721555302,5.211651627849096,5.01631396845477,5.20810502212089,4.851577544149355,5.309764326295605,5.799521351477655,-1
95,5.02511982314285,5.117949144013542,5.2861863058575,5.227600079608772,5.022464014395286,5.228174119469742,4.858028867473098,5.289126124867764,5.793302953561335,-1
96,5.0139348240937,5.098111143260662,5.276004059479396,5.252706109864541,5.039330335574905,5.241797033179813,4.868591045257137,5.270035238537568,5.792985517570912,-1
97,5.000167671281175,5.083210920931695,5.269448736118293,5.272526225623629,5.063253544758272,5.26109498773454,4.879932121108694,5.249575766618157,5.799392143722662,-1
98,4.977516630323901,5.071799401815829,5.2628211666230245,5.301307678864122,5.085148419795226,5.276864798083346,4.897005113677446,5.228740648164048,5.7997222617273785,-1
99,4.960440582865759,5.0681990876939516,5.240791394213992,5.328272299052729,5.097296025789216,5.287971444008983,4.92218514921496,5.216771165882892,5.798635895380742,-1
100,4.95622120637883,5.06025037660542,5.202615437681906,5.342257331702147,5.099185451927109,5.300285507305966,4.9458516022348,5.20449049722709,5.801832385781147,-1
101,4.950028690875337,5.05694187682234,5.1600249991202745,5.344988607042586,5.108887420128426,5.3081122796652505,4.9616909280840975,5.197261088058566,5.812299284321481,-1
102,4.945185587728009,5.04832725144242,5.128614303555968,5.341918518574877,5.119396034268974,5.306056705273965,4.9832879446628375,5.199917631901644,5.80392463716757,-1
103,4.941896058100916,5.041160761847971,5.103509193756306,5.332450506553044,5.128050550363871,5.300031640859875,4.99795172022727,5.198010439870649,5.8133309835912215,-1
104,4.930988464947599,5.033393901210546,5.090869854537922,5.32129682124508,5.129494413171435,5.285332096978401,5.01223042577286,5.203148792806749,5.8006595984298315,-1
105,4.927535882658692,5.0194401888948486,5.075265811421006,5.316432833208022,5.119437003706249,5.261320067289074,5.022806183460606,5.220724697175518,5.808510472372925,-1
106,4.930896543205097,5.0103211754957595,5.063630425707681,5.3008611567570325,5.113597384703532,5.238625357378296,5.030330886853623,5.234605506209565,5.8213769282916825,-1
107,4.930394840483541,4.99444009089672,5.05608028454632,5.282550322246577,5.103392736639279,5.217182718417807,5.033937593536562,5.243120356868079,5.80472183839038,-1
108,4.922557504602732,4.992208022103002,5.0559934167268015,5.267754268922398,5.0900459514929555,5.195997703960108,5.038744250380628,5.257956349084383,5.81886273155559,-1
109,4.911425986171901,4.997073798078573,5.063422804011665,5.265370194877929,5.068231041342202,5.173091238762289,5.050644945548876,5.265133886921571,5.811734120916386,-1
110,4.911632311690806,5.003683608056693,5.071912318571874,5.264601194414504,5.05081867930816,5.1450819142995385,5.057568674670807,5.26290009277382,5.820965707091336,-1
111,4.914026213231725,5.014021879595607,5.079815000962503,5.277824029072301,5.037154844977281,5.111879555784232,5.061244771553125,5.265215518684686,5.808175589012475,-1
112,4.923160258438866,5.027536882122425,5.081150448913882,5.288802296621709,5.0272287781161635,5.085623014419531,5.063476584547087,5.264720416591357,5.817675831163365,-1
113,4.935954194706477,5.04993176416453,5.089745260258913,5.291287506167883,5.017335881661948,5.0636121498291775,5.06769869756433,5.271392557129329,5.828048019646916,-1
114,4.935002784880993,5.063310811000239,5.105288062604129,5.297104778974515,5.010761973471205,5.045857079260123,5.074050437316075,5.281737721705168,5.8255864890849285,-1
115,4.929898823443523,5.083108859659225,5.124298015813512,5.307599697919734,5.016212947374706,5.019249642872484,5.073723564655644,5.300391923237321,5.82177113282931,-1
116,4.9336875490037375,5.08904432741358,5.145840533794967,5.318820076591406,5.0287383480813554,5.00238543913096,5.072873128575672,5.31797631853938,5.820356041698332,-1
117,4.943852787912892,5.08439749987676,5.161056826451523,5.331155750411718,5.038338263918657,4.990356691182604,5.075017406397344,5.340410591120472,5.834540485719082,-1
118,4.946801363259862,5.076627663631792,5.169120170433304,5.341051696386442,5.0460986409678865,4.992556787872559,5.074430564565475,5.361065722307634,5.816520067067398,-1
119,4.959542418909409,5.077991380379265,5.179802095619986,5.342523676982786,5.053561730594667,5.005329236154748,5.083501680365474,5.377342629121756,5.836220173137127,-1
120,4.971569061129752,5.075717225270737,5.18862500352721,5.339193821253383,5.052407003205393,5.007618820927059,5.097972618089061,5.389410158281406,5.833837761857534,-1
121,4.976890829244124,5.075900445035666,5.186683401294979,5.352134573881621,5.047613827697454,5.005182692541,5.1213396461387894,5.3866134747549985,5.8362148364790585,-1
122,4.988059308867888,5.084067172071886,5.168960105866745,5.352899193408432,5.040205899285276,5.006794226129684,5.138745988954858,5.386993973516128,5.831696461331103,-1
123,5.000498906562887,5.088880581703323,5.1475322929234295,5.3540447665407696,5.0303347034865125,5.010028611830743,5.153804970837461,5.378336608546151,5.83615585737718,-1
124,5.006067321204635,5.090458980994437,5.128405511651885,5.353299247505021,5.023456519326118,5.001303049967648,5.166686818565182,5.370920914394789,5.8330840495452385,-1
125,5.00773480483856,5.101270825245532,5.109211442905772,5.354772610855453,5.018088736416711,4.990066157889199,5.17442720379094,5.354354441823615,5.83735826448972,-1
126,5.007860038477915,5.120467850404088,5.103443214921521,5.362025919794469,5.018521073897735,4.97103343644208,5.182717788851987,5.343902265413027,5.8363466442082075,-1
127,5.001482769623328,5.13236078159175,5.109630450399091,5.365795262029138,5.028145699857698,4.942043302766619,5.187487005459797,5.3406733018511385,5.83954537366005,-1
128,4.997546427017384,5.151733017392541,5.125717571036078,5.367713666657008,5.040753947926114,4.918374570948671,5.187951397112057,5.331290529893838,5.837879138218438,-1
129,4.986968000667098,5.163381978394456,5.148406141630227,5.3565793538975,5.054964186755809,4.896251754415101,5.17585813549019,5.331123591352818,5.84533598609125,-1
130,4.977728309260161,5.162127475260105,5.180442501633542,5.3661831919531435,5.060502919536999,4.86194427939915,5.166978121196758,5.325146794100952,5.841083874011657,-1
131,4.966738675113364,5.154321119562174,5.217890761299122,5.380791319564716,5.067696059690447,4.831473611171051,5.1640621338908,5.319292053011578,5.842106037113558,-1
132,4.966355750713627,5.158159153753241,5.249858191156849,5.397532128684096,5.067773210645158,4.811329135305057,5.168654314785346,5.30581313311626,5.845909948947335,-1
133,4.967653520027424,5.152183540124842,5.277596404685752,5.40648971886679,5.073835288891118,4.79093209866773,5.174295841679516,5.3013572887945335,5.846971619754128,-1
134,4.966236698241719,5.136026589559975,5.2887109096892075,5.4101131818171355,5.0824934322120505,4.773268383575376,5.182078879388617,5.297244557642761,5.844347059119603,-1
135,4.972599348742866,5.1186156747186455,5.281679383072856,5.414080136485538,5.085570099013024,4.764302943200592,5.1828094839682946,5.2907444648355275,5.850945160698061,-1
136,4.970282757516756,5.098077609576872,5.261813243268441,5.426832486199094,5.091073366827957,4.750729824427363,5.179345901157464,5.287817530573116,5.848979154784263,-1
137,4.97530687573396,5.079163768652743,5.235840967040139,5.433372246309371,5.086955268665795,4.7520865222590025,5.175281331634331,5.2803445896138115,5.847939937440063,-1
138,4.983561919149535,5.067730812629806,5.2085729932007565,5.427614374308872,5.091353960234249,4.760083877875321,5.1585049456890735,5.2752298506682225,5.850031453252522,-1
139,4.9939783619226175,5.06426282507982,5.181767876131455,5.415887830631746,5.100143867628646,4.775384925703818,5.135126348902073,5.267770493598313,5.846389822861098,-1
140,4.9982605760140215,5.0652002417484985,5.153954855838725,5.401813153862578,5.11392087439498,4.783266347588005,5.107077953606885,5.271589589195141,5.85010396005358,-1
141,5.008218852284475,5.064365166421527,5.139219043425681,5.3888601918076375,5.124355620645387,4.783379056857023,5.08521699397097,5.2702507642408065,5.8571106480564765,-1
142,5.015056902430831,5.066292781822901,5.128326073854409,5.3738013808912894,5.124077819242925,4.7962271069152305,5.061042121873529,5.258480374830405,5.853195244737808,-1
143,5.012889544593294,5.073662090577383,5.125431679487199,5.365231700182832,5.119635570356579,4.808729529490487,5.051519263939899,5.247965957139899,5.859882982964316,-1
144,5.011013483117124,5.080988482395606,5.127147846799691,5.3501069600501,5.114861928099791,4.828489615387635,5.038968950740209,5.234650267857607,5.862733922625649,-1
145,5.01360100394651,5.096652719084933,5.130750568895116,5.3379346854362,5.133302753612815,4.838738759005498,5.029799209476737,5.232570189710339,5.86905814024055,-1
146,5.021458035892588,5.107718319522369,5.134876645131957,5.3326934498044904,5.1513619238076656,4.852341966570692,5.033748445500447,5.231566169703581,5.8625568206334675,-1
147,5.034800769975706,5.1178222134946445,5.127427296510821,5.33215763853659,5.166778731761814,4.8631343814936905,5.0535388406902815,5.228407115118836,5.86661089246455,-1
148,5.045176000848204,5.114280754998418,5.123689576674069,5.326088338734883,5.172366722658618,4.871877931877581,5.065243780986441,5.207840175922149,5.863493272532129,-1
149,5.046892497317722,5.113226175469207,5.114684385241796,5.315258959494166,5.1825898040394165,4.886390711738785,5.0632827032404695,5.193085839542192,5.8775848857478215,-1
150,5.044718562539169,5.115890548361639,5.100483447431265,5.3186231291511294,5.190443169365846,4.8910242565602084,5.063635713598804,5.182158554302357,5.861697039508371,-1
151,5.0443758621709325,5.11238732099765,5.086886416978609,5.310985268696787,5.200939816607008,4.895520967789245,5.0597715378510975,5.167875977584357,5.878454293903852,-1
152,5.0486153406495,5.102738492650651,5.068874968458099,5.2971227938378345,5.200397100068397,4.901112054106301,5.058500149450236,5.165792824409767,5.870721595026144,-1
153,5.050791096601989,5.083825580264123,5.051665794132527,5.295746429326523,5.187388319929653,4.912792456298301,5.060265647283861,5.148268576082082,5.8689466013405225,-1
154,5.046572545834897,5.07507298929823,5.032369104860223,5.291356816207735,5.174829700074468,4.9186805044907445,5.058764757251569,5.132303368422665,5.869325430915872,-1
155,5.0434357633349505,5.060813144019271,5.011611498538965,5.2778598888787736,5.151144322466433,4.924002741066836,5.048314981496594,5.130608428478746,5.8661464957880565,-1
156,5.031497867774967,5.053333882947561,4.989888483409444,5.2713716076062616,5.129303339017384,4.928839983531158,5.054063098358596,5.136859400228167,5.8726825972927985,-1
157,5.021792513478944,5.051821356142535,4.974371255655745,5.263901245036588,5.114726627037625,4.93756063697161,5.06384125025699,5.143042074795624,5.8764362962545755,-1
158,5.01276643572471,5.045014152002134,4.970877432319066,5.241128556087734,5.108079669407391,4.948801582816735,5.07503113056892,5.151647392097623,5.88370065178071,-1
159,5.003977624465148,5.038551735788252,4.9522945212525045,5.224475705806991,5.105952977116298,4.958321261008858,5.083745099857929,5.159914491308726,5.874500211415591,-1
160,4.9949128355321175,5.039864823221589,4.947884468805717,5.216599043675028,5.108422513296343,4.974401282297391,5.095758269235166,5.1714321762223285,5.879536456497193,-1
161,4.9865907393066,5.043526323451826,4.939201319352334,5.211360122171208,5.103681097020693,4.991467346576534,5.108900760486746,5.194236489392039,5.881338539441834,-1
162,4.987569684912052,5.050111414048886,4.930863656125941,5.205453303640336,5.102425681038716,5.012346804651274,5.123149548110005,5.212529400450426,5.8872965151795755,-1
163,4.980159164563974,5.054727945558958,4.9285119684588405,5.204018506172595,5.102479399141875,5.028928838588208,5.127318551929863,5.223325369775524,5.879765682990876,-1
164,4.98846225250808,5.048585742527373,4.927677627866996,5.196583957779124,5.112213991096125,5.0518425087723875,5.128991230309112,5.240129537309756,5.875067191813637,-1
165,4.9942499496308566,5.034400782562829,4.927825220962897,5.201295069015482,5.130166415194462,5.080542931482776,5.134854476508527,5.251444422581628,5.878580884320059,-1
166,5.006638514795645,5.022029686276564,4.924775478913364,5.214919171174765,5.139467863973363,5.107716584069506,5.138931840671769,5.261726764000672,5.886843897594815,-1
167,5.023079136782638,5.011703743937773,4.9264348803281734,5.2268514442821905,5.149817048461292,5.13061345605791,5.140307146930752,5.268633502990035,5.887652790626494,-1
168,5.036280793366779,5.0011560006418385,4.925302061326156,5.241401303636755,5.169366418488534,5.139374074300658,5.135796223198022,5.261290688778412,5.89134971757961,-1
169,5.041196748517208,4.994866301758775,4.93664239703167,5.240335802902203,5.1973666705146275,5.137915489497606,5.131640813277463,5.246244625149181,5.880718993540987,-1
170,5.033994220529264,4.981734289645929,4.952533261061574,5.243884444348071,5.211580043965762,5.134327267038154,5.124822065747723,5.232851321498524,5.877664101286058,-1
171,5.035668703612902,4.970521694728207,4.971677896571681,5.243481167479587,5.2364545170902685,5.141182814927935,5.125029910535764,5.217807987674377,5.890946792690953,-1
172,5.031090349429356,4.963587055647735,4.985117275889289,5.249931247839954,5.2569453252415155,5.135176816472985,5.130745675930328,5.190016462983382,5.892238610955231,-1
173,5.027132409366028,4.969559291459626,4.996749876643471,5.245461564053485,5.257834856629717,5.122012136504658,5.133727947197328,5.164231014317664,5.903600791506338,-1
174,5.020201597714301,4.976901294914288,5.0048187088976315,5.229883037485669,5.260188983540569,5.107214900632902,5.144894668452213,5.138964312044748,5.88761355752857,-1
175,5.018287742184877,4.9852055936906305,5.018775905762916,5.210987139941627,5.257336202662394,5.094516291946707,5.156594619926089,5.133666504138431,5.896812274932782,-1
176,5.016218996263869,4.991799474917711,5.019302276369634,5.197765597175912,5.243487262229013,5.085949820105487,5.1606032718005395,5.122043574223682,5.891943986466351,-1
177,5.014747734935751,5.00341085479052,5.013010675350884,5.1759742871583985,5.230891618822609,5.0775729612720335,5.168607747152401,5.1126444994280735,5.890585988000463,-1
178,5.0155796804261605,5.020393968894538,5.004260685070553,5.150371375581963,5.231378577972238,5.071316090906739,5.171341381668016,5.102868793633673,5.899961604006261,-1
179,5.0119132519216745,5.044176627260102,4.994272632089597,5.129412137879692,5.230238813972635,5.05516140976368,5.178551326919112,5.101190778150416,5.892438149021903,-1
180,5.001295945846574,5.072911854778321,4.99891449133257,5.109328130258864,5.239824638119792,5.053365430298352,5.175807327713391,5.104786104814967,5.904927856535978,-1
181,4.9901200141026285,5.098701641182908,5.00194816460779,5.101899200536758,5.2460486265125486,5.057548018044073,5.17260877674143,5.114151808119361,5.8957650910270285,-1
182,4.980195182684193,5.124499128558172,5.013140759877075,5.0996557787346894,5.256338033362133,5.0640619715542625,5.162251783267812,5.1268933175399685,5.893931240324729,-1
183,4.959499667296398,5.15172876885192,5.029389419451404,5.105609019623167,5.272277264170401,5.070937327416603,5.150424107116015,5.132717308030813,5.905508180875258,-1
184,4.949805279326941,5.182836443224296,5.045197881681568,5.097132338755157,5.295162346526918,5.0775812654110055,5.15494757609177,5.150170904488645,5.8992295707584645,-1
185,4.951532577157227,5.20942027661518,5.060531685579493,5.107938962569104,5.312872773439098,5.084255115695745,5.1453108693855185,5.169638834294425,5.888825811775168,-1
186,4.951594549760143,5.230500175603245,5.064984243861107,5.122069676149736,5.317440832535378,5.090531845508965,5.1471967669035505,5.195092981532868,5.9070103428473075,-1
187,4.948712411476634,5.249414522639247,5.0606116920931505,5.140112266195116,5.31897913018855,5.102429923274167,5.148771995119521,5.209909845112794,5.900526685190437,-1
188,4.946265320663842,5.263670367568422,5.056953587230369,5.160703622199707,5.311266642704148,5.111088701975014,5.142589520468474,5.237665602343664,5.901718275305337,-1
189,4.952661185127145,5.27150951835969,5.0481163063163175,5.169273117902806,5.307371806674842,5.122769313829751,5.131132664259637,5.260984739516499,5.899112757301684,-1
190,4.966762993663056,5.282919064358815,5.035202727561915,5.177873246458565,5.305573627422586,5.138628525190249,5.121559529670892,5.283589801562941,5.901816963748781,-1
191,4.980350156139112,5.295157721153088,5.018866062089584,5.1910821692946225,5.294332564460424,5.158133096007665,5.121656927372271,5.302919190071508,5.909942240188068,-1
192,4.984311898622925,5.309117572392808,5.014413267432179,5.202894537138172,5.2812026854170355,5.175299852273807,5.125644678939108,5.326963008275595,5.910740690358299,-1
193,4.973179707646637,5.313894018694598,5.009004449820018,5.21136470822466,5.28247451867171,5.1967353169997,5.1296611799793155,5.349835501586557,5.90545582188937,-1
194,4.959253923046163,5.32079256361447,5.023412699156443,5.219319297165686,5.2898170767549475,5.217305475442217,5.127159748595659,5.36268723935144,5.902165063814986,-1
195,4.952046289373868,5.328640520642361,5.046503200954756,5.226383738114369,5.298993327094552,5.232127898933328,5.123273174929118,5.382786454887143,5.907662601379116,-1
196,4.955555958913103,5.345785174193464,5.054767873327024,5.227754865941345,5.302349971464452,5.245372130310155,5.129459272088445,5.397583322046021,5.912121500877081,-1
197,4.947818529785453,5.351900467295477,5.0644018742957755,5.227721982096187,5.3099570314827265,5.25095539583655,5.143291188340467,5.406734973998408,5.905353005606354,-1
198,4.941082642378213,5.351361311816907,5.0825667410378745,5.2369070718599176,5.317532186685369,5.250395976082155,5.152315389037657,5.420422690697139,5.9153088221953585,-1
199,4.939721894554267,5.349011863577937,5.103263101233232,5.237609281683533,5.3250009756264705,5.245272849218639,5.156774045711362,5.430203453395643,5.91079573868937,-1
200,4.9433202665847835,5.336377687826809,5.130283385126694,5.241508129766479,5.3313475126445375,5.24867114159996,5.148462078757376,5.427568408454991,5.915897283650632,-1
201,4.960581234953891,5.3357452188952035,5.16575374857784,5.237323352412537,5.320917558221458,5.248737738399184,5.152820308052867,5.427250905668781,5.92047956428171,-1
202,4.983035127220231,5.326515147232657,5.188230921367475,5.225555162381999,5.306989925258162,5.253042534360004,5.155982978260235,5.42757372248859,5.920546233990672,-1
203,5.009239063258102,5.302888773246265,5.192916282205624,5.209986381479379,5.289915007594864,5.26949852831292,5.156128163942058,5.434493456490616,5.915591389290111,-1
204,5.025403548627981,5.267847172015871,5.202724500244086,5.19831017178635,5.272989279980527,5.282733974846127,5.14828627763987,5.435091913894668,5.9042346708468,-1
205,5.048624329189409,5.248497087991723,5.220416072532365,5.190917023765618,5.253938880159947,5.297618147167393,5.131442303136862,5.43735027683834,5.912519606799481,-1
206,5.06461115671548,5.232684963934336,5.230058944971962,5.166445747685095,5.233768034645956,5.3137820840875465,5.1150396628576695,5.430503183256671,5.906281522210263,-1
207,5.080043920299903,5.221644404273054,5.230388705978224,5.144590945302724,5.217394402400901,5.3318102114708585,5.093961534830967,5.414764096184867,5.926348972686719,-1
208,5.093828183314568,5.217054999617417,5.216526208448601,5.132507343725797,5.194901732492692,5.337245314946949,5.078866541639975,5.405180324778106,5.918021036867362,-1
209,5.102990544786885,5.201862067319228,5.187026830705456,5.125746653687025,5.1702701082737015,5.33883904149499,5.064758682306579,5.392587857829749,5.917644271782747,-1
210,5.113223317689499,5.186039014194811,5.15381488548916,5.142569106602718,5.150577164554861,5.339146964702319,5.063050860061989,5.389763041028793,5.9264495255467144,-1
211,5.117252985270682,5.193205726101711,5.129903369558071,5.158575366276675,5.128774469903928,5.324440570150097,5.0654690765807535,5.374891989753418,5.932963889122936,-1
212,5.119213229453016,5.207186958777546,5.104431704350465,5.162874731574934,5.114531758617425,5.310293336777222,5.061079777670398,5.36675161571285,5.9174571862562875,-1
213,5.1274375877597365,5.220631934530643,5.076652848441779,5.1635027511252085,5.108474285954707,5.299173470427679,5.06603987292841,5.357483267761621,5.920576551183715,-1
214,5.1374099798802835,5.225920295684217,5.048287916331673,5.176020101472978,5.098178672588,5.282187203700386,5.075262085421576,5.352370302849409,5.926763326788525,-1
215,5.137615939969126,5.232403484784478,5.022050163221635,5.185577231437431,5.083991374849893,5.267436585451942,5.087404195032256,5.356109939453168,5.925292545853679,-1
216,5.1339584430174,5.247729031343087,4.999638369742906,5.185365439598742,5.082101078148292,5.255436636103751,5.109300762518006,5.361967208647386,5.92485892280215,-1
217,5.124137629411438,5.263414670663064,4.9870286166852695,5.19579350161334,5.0883822182861485,5.251214165440209,5.125750839219919,5.37058015084393,5.924188729276321,-1
218,5.126500423839002,5.287372413343856,4.978802467540143,5.189636848718884,5.0966326818485985,5.244842968260594,5.133551417156695,5.374156129047995,5.929166542654056,-1
219,5.123427421181502,5.29822718289759,4.986499684655943,5.184153264852698,5.103782001749516,5.243972683451237,5.137853259555133,5.377466120982035,5.927048471985921,-1
220,5.130359123507224,5.3072509246128154,5.000475532691368,5.189462200729451,5.110404625746485,5.247198883029305,5.16479101199495,5.38277182942843,5.922653982610035,-1
221,5.131286031887236,5.320112624542959,5.00772726688215,5.201929654278382,5.117062471048331,5.24842443920747,5.190227521608321,5.390549385107107,5.925616402624375,-1
222,5.12522507271814,5.326447955106113,5.008699822101493,5.2102870251090305,5.127069327611583,5.259036883472652,5.209863265488244,5.395115966583923,5.93674925869741,-1
223,5.120378342163088,5.328282284935411,5.015384276004843,5.216702609060595,5.137002221191336,5.277702110314856,5.228877367302042,5.402314321698548,5.939257355469996,-1
224,5.113674890514504,5.313247902127167,5.0236845258789655,5.232783327578685,5.136143375260531,5.295964404787919,5.237391877656848,5.409025892083381,5.940954857670429,-1
225,5.115994347536399,5.301769339748623,5.037647422292133,5.2399620086629515,5.124540326340474,5.311088389306409,5.236674876837735,5.412732416500462,5.92944660991071,-1
226,5.1124066941799455,5.281741697897291,5.054465321179848,5.2450337710062716,5.108201042780562,5.322834891790868,5.238117712769262,5.409586899922375,5.937320731561432,-1
227,5.11236892404441,5.264906800860501,5.057873588294274,5.256312273303664,5.096884761872418,5.327369507805738,5.2437446426835805,5.402691030212577,5.939927783393493,-1
228,5.106642460983175,5.237726331586803,5.054924310314862,5.266373606920532,5.08721090245471,5.3335290598100045,5.239672751204962,5.387107169924142,5.931701935321898,-1
229,5.096955492546851,5.203743800984919,5.050469576636356,5.261333694244481,5.069496010608968,5.334694228314909,5.238837182973362,5.373801808906581,5.938271220215642,-1
230,5.086679199774853,5.189132559605477,5.049615202018939,5.253181557918987,5.050226758748786,5.335436110592305,5.242922222737661,5.365910941283732,5.940155427438548,-1
231,5.07623354445302,5.171006026761652,5.050826237325036,5.249993911389385,5.037903587320198,5.325558552069635,5.2485885453343535,5.363654305303714,5.933016098083121,-1
232,5.073119641756363,5.164173505468607,5.051110389722212,5.241271942103391,5.029111789578464,5.319710470385621,5.253872948020574,5.355400087971937,5.950314912803508,-1
233,5.066825502539318,5.159453916759448,5.044594545830354,5.22828240250576,5.030464994878729,5.317069359069295,5.262555925213403,5.350616617852643,5.9474956190998824,-1
234,5.0552236444507725,5.160216392472616,5.036980027633028,5.214124506893983,5.039486906919474,5.315846296559592,5.270047201175161,5.341453657716102,5.937021156877225,-1
235,5.039695465105258,5.158567049827992,5.032328452016585,5.201383837220557,5.047218325929469,5.323469777901055,5.269213266744298,5.343268829879578,5.9397106961909545,-1
236,5.028494140610898,5.173697392560122,5.0411324157564446,5.181135348704819,5.0488446546287395,5.333200845830298,5.269045974592948,5.346731183850461,5.9429467551864334,-1
237,5.019544428704686,5.19553732026884,5.047130698227545,5.1706792347340595,5.042327409713971,5.348559714733734,5.267252486914819,5.345421997437039,5.94520623987456,-1
238,5.018450476029775,5.2065799245981585,5.059622905277889,5.169780391182146,5.036223960602305,5.365809480091078,5.264969481940193,5.344012208651105,5.942062380953858,-1
239,5.0208773086429535,5.224596564630887,5.0652820713367355,5.167044066493442,5.028031519983864,5.391305254092273,5.254341447274065,5.3313394159859575,5.937521766808755,-1
240,5.020698613723198,5.242302542406456,5.074292759165148,5.155270291343504,5.021498496857104,5.4068608443660855,5.242950528883449,5.322188923553852,5.94669368960477,-1
241,5.019901457001488,5.257108883684867,5.092702444988234,5.149549069178547,5.017430413500325,5.4262011621959,5.238439698253196,5.3071845681026915,5.937675709312585,-1
242,5.023127787584861,5.2750604032362265,5.101626672860886,5.154032720543621,5.009645552770019,5.440728226865286,5.229672802710448,5.298007657068913,5.9382490194333,-1
243,5.0337707062258294,5.291790747148999,5.119364243932876,5.161213692565166,5.007407548203513,5.456289358378114,5.225717593945676,5.281003258900989,5.9503260929751045,-1
244,5.040533772959937,5.297943576254439,5.1211908524347765,5.177362426152116,5.001262581842002,5.465615511606244,5.215134449545581,5.262172713976185,5.953948675874596,-1
245,5.049711846304134,5.295888292883987,5.131362417157627,5.18923183972579,4.998857094045278,5.474610723797198,5.19870531727369,5.244319281256455,5.944024624665011,-1
246,5.064336867084851,5.297520589177999,5.130990166513985,5.192149583441313,5.000451856940114,5.476934533979842,5.175438902108887,5.229572202948023,5.935185342953562,-1
247,5.088059040380031,5.2968119795394095,5.1291003882413575,5.192379961972951,5.001378528269278,5.473486120992411,5.159969132045291,5.2238796321650485,5.944500862661145,-1
248,5.11352105279289,5.2726507792707045,5.119956604050531,5.209753932094327,5.005729853913532,5.473574597156791,5.153299268613699,5.224365113614608,5.954089926606356,-1
249,5.132780769008113,5.2574793126651915,5.101701448861025,5.220320070032058,4.9968178736831845,5.4671289694731575,5.146731792791215,5.235287824850038,5.940278195445837,-1
250,5.144735967836323,5.247545128727767,5.10073556916607,5.220940809478818,4.983739482579507,5.453265742109219,5.1412716351487004,5.230279031008549,5.942870463627361,-1
251,5.157674600364093,5.241318920066212,5.0965818750308305,5.214023363502468,4.973461392109902,5.438393377182466,5.141234589276015,5.225304216060822,5.958939740696449,-1
252,5.17436364784179,5.244399660219947,5.095631760740135,5.208263690119574,4.9751498856014065,5.428166541798858,5.147988789370142,5.222041670953082,5.954612629077055,-1
253,5.193352950924853,5.249604742967655,5.085198571165743,5.200750762080645,4.977650582650641,5.410028389591674,5.16372657492562,5.224336778591313,5.947762340816863,-1
254,5.204714159059655,5.253561800659123,5.079779511968961,5.200403268175583,4.968891064648953,5.393650507257322,5.188289069991127,5.219991595031367,5.960501971860565,-1
255,5.213353286594837,5.252866939288966,5.078692352111123,5.195069388687987,4.966464351743611,5.380787647311426,5.214815310330616,5.2029851457507394,5.947632276911156,-1
256,5.216727969275238,5.273308522071645,5.074118893130174,5.1813043120661115,4.968874561959706,5.374742610897547,5.231917300440192,5.185716973179818,5.952142548410148,-1
257,5.224715310452113,5.281606430446678,5.068731842133077,5.175772620998183,4.989048964724572,5.365148390320551,5.242919034900619,5.1602114813922615,5.946639901794201,-1
258,5.234050788119405,5.274592532856171,5.051016923676716,5.167336057214239,5.011159608703138,5.3602859778699985,5.2626153752779175,5.157586892217863,5.957036022290888,-1
259,5.241678068239593,5.255386653613746,5.034146082665404,5.154720185718417,5.029870465157351,5.354740726405537,5.2768332658963395,5.15422527122876,5.964976731552145,-1
260,5.240327340677492,5.235535795710555,5.020858174744638,5.141880517463775,5.053200067062182,5.344620388780754,5.286754843465531,5.148880331018777,5.949232264821614,-1
261,5.238406939944591,5.2090739373382275,5.012778007208681,5.129984758378562,5.085420035818734,5.343726352383186,5.282464793976773,5.137233014576824,5.963972061002488,-1
262,5.2318625948257385,5.183017595161457,5.00904980963362,5.116036558601776,5.114964582020128,5.338814342886274,5.281884529073173,5.124705204878669,5.960813284564918,-1
263,5.218790118375244,5.164167113018454,5.012938323240644,5.109359746959227,5.135403030042255,5.346512047807914,5.270582182306111,5.119579950606019,5.954660589607116,-1
264,5.220008322747216,5.141855702543413,5.02883373605092,5.1036124041842035,5.143996425721942,5.351937940889762,5.260938219568073,5.1133549407571035,5.949998272436321,-1
265,5.225237438173537,5.119098746101958,5.041659605537717,5.097789035410845,5.138552657930166,5.356723159487877,5.254773720933387,5.115991808187058,5.953411227892561,-1
266,5.229333696674803,5.100110391962485,5.0459067183447965,5.107238083576462,5.133324714799857,5.367636467802582,5.244593682975324,5.10810602038647,5.973597935171368,-1
267,5.232672917006473,5.10292441224872,5.048481967522452,5.112849911598252,5.120763501137162,5.371534104777964,5.230967503782583,5.106086061024234,5.960568842739617,-1
268,5.240907260678646,5.1033982660915385,5.0447674017013275,5.115726076846462,5.099471361775126,5.384613226677607,5.221749040712822,5.115558998833897,5.956613835946386,-1
269,5.235935276676292,5.113369432648755,5.044960495443918,5.126598848998618,5.070040395447063,5.389182484695909,5.230250769874522,5.126552413309874,5.966628848264093,-1
270,5.230761225778802,5.129218334310682,5.038627338175309,5.145843001705451,5.054514475385755,5.3904218084788535,5.229577241805541,5.145242811741138,5.962969483944178,-1
271,5.227806714892965,5.141571752929466,5.025142483570686,5.163659391562741,5.0358459494153385,5.375701792924264,5.23827430237931,5.159990705325085,5.954943048294038,-1
272,5.215801798453871,5.154381471179292,5.000216794872226,5.181890599738396,5.020074826915362,5.362047474762618,5.247710608540972,5.178673656205499,5.9627857537671485,-1
273,5.19415793468872,5.17231761013963,4.972388444182956,5.20459784064166,5.004248625074576,5.352650772922063,5.257850622016214,5.187613528264423,5.976841893801364,-1
274,5.177636740903923,5.188668850574497,4.951758444064803,5.215087862119193,4.987366299677626,5.337412569209359,5.265065474406045,5.203787881629767,5.96173226529995,-1
275,5.161712006234788,5.185330519448116,4.933095076984255,5.2311708932765955,4.967969072557565,5.326558223078921,5.269096266677416,5.216870751115537,5.963074224318244,-1
276,5.156915164976495,5.1817479681717495,4.920461053174991,5.246340102743519,4.946869296198431,5.3179115990357095,5.269985741964784,5.220298275899758,5.957121150904631,-1
277,5.1608819068076635,5.178980544489223,4.910331398416543,5.25466985693198,4.928201565574325,5.313291655823593,5.255297166107526,5.224376089275637,5.9631711935371445,-1
278,5.1693779431271745,5.167697232689103,4.916381470985247,5.262387602564852,4.908326859908185,5.3089259239009285,5.241876675996617,5.219181240749844,5.970564687947475,-1
279,5.174531069031023,5.150539480837893,4.92231273970324,5.269309051469694,4.893984807238518,5.303061890133635,5.229098684491544,5.2201766736933966,5.96555128146178,-1
280,5.178917140263864,5.129970580483651,4.933857586055573,5.2713340573260705,4.882861816776972,5.289919579292047,5.221739953971152,5.216878307394787,5.974743383538348,-1
281,5.191834872445574,5.104930161674804,4.953429686126544,5.263799319459479,4.872540434075768,5.279412029042385,5.212861089017076,5.208150647516173,5.9704538619085366,-1
282,5.205688935141538,5.084491678619101,4.968512439198123,5.254429235471047,4.862338190908529,5.279101729686461,5.202061580170845,5.2009275269715936,5.955441737667894,-1
283,5.223149873566917,5.077414359858999,4.978106233310109,5.250951323815073,4.864393902338538,5.281461534221167,5.200073031351509,5.193198978423436,5.970271206040991,-1
284,5.233814866172908,5.063019631968261,4.993584522605039,5.246174845607154,4.866139327723629,5.2718417353433225,5.198933520119124,5.189193519238832,5.967047735377554,-1
285,5.239996053018215,5.046588159934752,5.004819589675884,5.252670181151837,4.865314522346496,5.264852951710194,5.207895757266503,5.186135717577215,5.9713056896858365,-1
286,5.243784028006659,5.032803257388225,4.996633498736551,5.246833157290814,4.868891231237433,5.266406383340612,5.220110386557412,5.195980834673129,5.968014599184011,-1
287,5.247393421487905,5.016074360102076,4.986463795090528,5.2394607281975425,4.8725102244786616,5.266186033714083,5.245354263390215,5.199673154563164,5.974011819121357,-1
288,5.246818960801166,5.0001514614681986,4.97173401598852,5.2236879161706655,4.884870824450102,5.2559587320793675,5.2559633767757825,5.199462021487175,5.970459351910315,-1
289,5.238873855650812,4.992577072232029,4.943973589627557,5.213399728700434,4.904518543077641,5.247763067831626,5.252521421577889,5.202503490329852,5.967542248676343,-1
290,5.231520892092562,4.982194580479039,4.928297449172113,5.203735761566163,4.9348377508590895,5.238739053180781,5.25306849870463,5.2011131293007296,5.973426721084527,-1
291,5.219950611543373,4.975885396131008,4.915704369978878,5.189515531974516,4.962300014765003,5.217791226708581,5.251361602963636,5.195691810868624,5.9685784424183215,-1
292,5.205786404910403,4.97245517757622,4.906911153138072,5.171575044506662,4.987111578011015,5.2039745575444885,5.254732954520287,5.191927380429024,5.96695191910577,-1
293,5.194785030202334,4.976822621599003,4.899164925547365,5.141788436118063,5.011621713131516,5.190638855417318,5.260815300001356,5.180347861327857,5.968735251510823,-1
294,5.178827722132283,4.981687509743382,4.897599037528533,5.1236961135657095,5.030705175164888,5.171612335416909,5.277005947010665,5.167004181212953,5.9746699970921595,-1
295,5.167142043352505,4.993333212681475,4.905361423047319,5.110682498550247,5.043324642814285,5.158557011637601,5.274615582061847,5.159392699673788,5.980848884384505,-1
296,5.164897819698221,5.008395219567348,4.921768949688406,5.1135990708933425,5.046737575471572,5.167650402273088,5.2846258659200425,5.152224954540352,5.978849805372166,-1
297,5.157843209159936,5.011254270500992,4.948367501761122,5.114096362723778,5.0534008259353955,5.176804809418615,5.312672348199788,5.154492522277804,5.97312688120979,-1
298,5.141139332793095,5.016829275929852,4.975068718810764,5.116192946899654,5.051888888561777,5.180508733354055,5.341679223195795,5.162792882399671,5.980134597752415,-1
299,5.125175542712713,5.011961624533413,5.006155871260898,5.124257426355273,5.046587254386663,5.190219909275355,5.370880843852192,5.178728750692691,5.9712555251219195,-1
300,5.102324259864038,5.013539832979594,5.014930797660144,5.128583220549902,5.041546105622371,5.197377975761037,5.397381007263539,5.184318194233854,5.97598357854321,-1
301,5.079488399967627,5.0142567526866815,5.03183514437111,5.141782462827672,5.041113637053235,5.201977182524055,5.4203919552764255,5.195645348600362,5.971361973597042,-1
302,5.061309283656595,5.020421481452506,5.0416601441768965,5.137924543062883,5.034531084220116,5.2013746906262845,5.42809578925208,5.204432548725682,5.9722886244349995,-1
303,5.037388242871342,5.030698778845525,5.048788402119908,5.128242741766626,5.034331982175322,5.207458264621086,5.436029880713049,5.210178942745915,5.966851717064593,-1
304,5.008305786104279,5.04212697966568,5.05478148868745,5.112808555254804,5.043164623283211,5.2089511163730755,5.4313394791566605,5.216613476619673,5.976316697530018,-1
305,4.992007424265795,5.0633980937213545,5.063750684531803,5.089740254141691,5.044947448875502,5.200454665485608,5.434754726169656,5.212258585757008,5.975406039983941,-1
306,4.973261561272198,5.08964206529928,5.062088488558472,5.069612683363433,5.042532681665993,5.194045555965329,5.4281985568174935,5.205860377531007,5.972999133113142,-1
307,4.953174481787688,5.1124948957912615,5.052383963864612,5.04176733566477,5.040896514557989,5.196267542026709,5.4150217109466094,5.191535462092162,5.9709930166023835,-1
308,4.945107334498394,5.13699870383918,5.0435381210687895,5.033279875553597,5.038934893477767,5.194184653411818,5.401648351292939,5.193513076950813,5.974660317186896,-1
309,4.930837133305361,5.1485889994479725,5.020506745011008,5.020742576203836,5.033740911236777,5.192626312334312,5.379859175079021,5.200858779724275,5.964989799796029,-1
310,4.9170045565324205,5.1529731043280185,5.004423934946302,5.019214412770059,5.030480530942384,5.19589441282481,5.372786639988677,5.209786776532005,5.975672433949995,-1
311,4.910072289680354,5.149801370331449,4.979418050429974,5.028629530351714,5.03540131448358,5.185338857682795,5.372673023830618,5.221532980704576,5.97920411132441,-1
312,4.903961618145539,5.14971018933469,4.953197498542674,5.0384932847247805,5.0346162801593755,5.173564310145473,5.375118885402548,5.23619064914791,5.981155523080921,-1
313,4.897322565478204,5.150270808123345,4.933730977196059,5.0666836766053365,5.035996733833214,5.170483942631939,5.363525330193542,5.260816567159655,5.979809067398617,-1
314,4.9015318680632145,5.134155676756782,4.921751070602181,5.094357242442914,5.041638663864958,5.1756250812342,5.360133807327967,5.275935907548381,5.983574244715181,-1
315,4.908630261995517,5.125671459261515,4.911413480919352,5.115432637732336,5.039514920896685,5.174224505315308,5.365471536177163,5.294123284849121,5.986799844550414,-1
316,4.908429910401367,5.100989537432171,4.920326410694948,5.122698064377194,5.036272687223729,5.170886035769353,5.376550165710414,5.2960813000597184,5.980312898387349,-1
317,4.918969250191778,5.0894156367598,4.930592915757346,5.1280876376324915,5.041318702198408,5.16797495583535,5.386076975253829,5.2859916977625065,5.9756228885436355,-1
318,4.933455087979935,5.081073954237841,4.931420312132141,5.13943733489402,5.054869689753162,5.172617738289141,5.377961378097962,5.273697970933321,5.986265043646413,-1
319,4.949232991578968,5.071877294866122,4.93605416317032,5.138192564226269,5.064155646632483,5.176648805924244,5.370898965280745,5.255776612625985,5.986093446799639,-1
320,4.96377997424181,5.057816451102056,4.948456064536318,5.1387923380646265,5.06340129893831,5.185859950759198,5.362552875695843,5.239406765694757,5.981050694486609,-1
321,4.970942106567507,5.048593005473407,4.947360415038134,5.116608596827275,5.060086013705903,5.191080117467147,5.3537262086242166,5.214008280348624,5.98721839898974,-1
322,4.969765270065344,5.054901980728845,4.946910664983101,5.092064417625431,5.061808363181915,5.187148741321856,5.348499841708568,5.189154357755509,5.981151951046641,-1
323,4.963047393955716,5.058536487334897,4.9489637798006125,5.074475922126751,5.060302723274415,5.1871974034143795,5.336303645717062,5.166478794886908,5.98411143974038,-1
324,4.965240120608998,5.081448584675032,4.943682717792949,5.065247942601998,5.068767475443055,5.189623450287397,5.316830069492357,5.148014296623011,5.991247941600306,-1
325,4.964912383716465,5.099359583104946,4.94716703058451,5.0626147829899395,5.072415993760795,5.1849533017743,5.297551115771767,5.13943774606124,5.9878318877044325,-1
326,4.96573380916882,5.106207894515891,4.961005101078801,5.049300890842569,5.074845035268018,5.173075460117434,5.287822753257033,5.123063785075476,5.988015958518685,-1
327,4.956336216695458,5.11797703012885,4.983372738435988,5.044262303126592,5.076385024196148,5.165408354414624,5.270534180405933,5.120755649765356,5.982646977380486,-1
328,4.9481120898329225,5.129280782187987,4.998817507208498,5.036063337007515,5.088610200175224,5.1398827522076775,5.2584999545561715,5.1099579755835896,5.99124153542187,-1
329,4.948057747685181,5.131828188362345,5.014098950443477,5.0397592724771165,5.105584143655804,5.1113472141087035,5.251459434817623,5.100987854499063,5.99247497895848,-1
330,4.960758557692526,5.1260501946686094,5.021869296599511,5.053158652774727,5.106630296246295,5.078409154837639,5.238401006858312,5.099949993793999,5.98463102561075,-1
331,4.981986862587532,5.120792923366371,5.025364816605304,5.063670454642447,5.120657212730508,5.046404297745859,5.235333330821842,5.101035467895681,5.99162098010677,-1
332,4.999273025880898,5.113655879262478,5.0383442006854295,5.065512252893039,5.134810030052274,5.017543414961579,5.230354203721399,5.103459222896774,5.979701569106562,-1
333,5.012572239351824,5.101729395385913,5.048099085737456,5.0616024336271,5.147527320204504,4.997314590091311,5.2295137568831995,5.113036090589884,5.984108105491032,-1
334,5.020372484959025,5.102424868533687,5.052358524778338,5.061016049298838,5.157514194261062,4.9829795167613415,5.219684512045028,5.133107837029446,5.993105617089033,-1
335,5.029554971112743,5.103219984364925,5.051704487565743,5.061135743054145,5.16646767101446,4.977751599995767,5.209103911342515,5.142136707415296,5.9922935845519865,-1
336,5.036138637197288,5.105122383781309,5.054437449892405,5.05877232534293,5.180507307197487,4.992146089451532,5.203142894455582,5.15332916462879,5.992217478841492,-1
337,5.034786789056264,5.110231057651475,5.056231278556671,5.0576984461544665,5.191541611967605,5.008798422333722,5.197982948641533,5.159148349989117,5.990589972109498,-1
338,5.0245317244733645,5.119514338584362,5.065742966244385,5.05353194762761,5.209762069859037,5.027946878440502,5.191283486330513,5.160628111129897,5.9959037079061615,-1
339,5.013696784426433,5.1297368863142685,5.069725112111306,5.056749948595386,5.2230970653098785,5.040996517996869,5.177771932123698,5.166087749037046,5.989494380530885,-1
340,5.003985885586078,5.133169202008967,5.070303924149461,5.050733318428229,5.23002501010151,5.051597614248578,5.15898087039652,5.1819889652795394,5.996869154663392,-1
341,4.995404854510733,5.1324279463362705,5.0668479733716865,5.04781423630496,5.239538937756081,5.069675525677177,5.143184369979712,5.194579878908887,5.989270019129978,-1
342,4.983823570158084,5.135950601135193,5.073492461077103,5.043676565213572,5.245142494088572,5.089678145293014,5.133007814130245,5.197440229167387,5.991452676755149,-1
343,4.9852603666858615,5.129396383987871,5.079724521708049,5.0319305977412405,5.259534792133035,5.0962760616573926,5.121262871777198,5.20302173161906,5.990948629331654,-1
344,4.988886377516712,5.112322265035611,5.076264167749344,5.024294571291236,5.263776504273102,5.088409533920375,5.106411078608032,5.204329176728168,5.99407058967321,-1
345,5.002476460610176,5.092821467478196,5.078777650974283,5.020880968298047,5.271808245854989,5.0807888401613805,5.087966181804415,5.2147215069729045,6.0002070611303715,-1
346,5.019253830161021,5.078975498657916,5.089591922300733,5.014037502807778,5.2848864690631805,5.085041866622829,5.072416152699006,5.230672960825512,5.9944154163482155,-1
347,5.035287751386457,5.062836288880182,5.102649038995019,4.995111208372708,5.304194926225438,5.083182869471779,5.064918865084934,5.238367750965784,5.990248364666066,-1
348,5.051348767114274,5.049201621680998,5.113521377747774,4.995362964617094,5.3250825884668185,5.09119089023077,5.066479987398995,5.237987299985721,5.99539038312288,-1
349,5.073058508943564,5.043855389447075,5.120229127449849,4.992065798064617,5.339468094718233,5.097266631290736,5.076385848981221,5.228273927242553,5.995425494765221,-1
350,5.109935153030417,5.025525118304146,5.121151074492871,4.988183204331636,5.35264895131863,5.105829234922423,5.086943505145321,5.228921966258895,5.990776499462769,-1
351,5.1470394897455245,5.012026403396611,5.114195944130831,4.995538349599618,5.353766021361216,5.126291888413494,5.108442154962112,5.226573596929221,5.998303150218559,-1
352,5.189190682655483,4.999954814002065,5.1182544460446024,5.008941046042047,5.349331033016687,5.150561226680407,5.138341395829919,5.229617845151861,5.989947865053853,-1
353,5.221723464392983,4.986463189138551,5.128022631094866,5.012071213451634,5.3384898982857,5.176942836331386,5.167886981708403,5.228705735787814,5.992938026089282,-1
354,5.251571543525584,4.974873467963747,5.131583581996245,5.011771329344922,5.319431759936117,5.190275890954397,5.202270108955245,5.229532527964671,5.99105293963582,-1
355,5.27723116714492,4.963436108871739,5.142073749063874,5.02004432743514,5.30149864366845,5.211754934978181,5.221980960019226,5.22832255099762,5.989940758534191,-1
356,5.298420552257494,4.945615796256145,5.151652810718029,5.019979505174665,5.2765909663971575,5.220807629326451,5.2301941023456795,5.225263782580636,6.0073118407164285,-1
357,5.30833508981372,4.920552565725898,5.170260517388736,5.027588810940166,5.253804536770888,5.216605702712948,5.228416739570288,5.225440516149717,5.992655325127132,-1
358,5.309132873120199,4.902382790758792,5.185236479418629,5.043131859514495,5.239065188897144,5.2136149060341515,5.2154928306267125,5.216935679520718,6.005455762547219,-1
359,5.292823602592253,4.887085589356089,5.206471030368155,5.0534527514124115,5.225404133903623,5.202412536329458,5.195973089078541,5.207795651867481,6.0038126253115065,-1
360,5.2830404492408825,4.888950228248282,5.225149806304744,5.0579926531604,5.209381232278166,5.1871452755065555,5.172128168326461,5.199379413397185,6.0089731639254635,-1
361,5.2769914347825555,4.891291017331355,5.23802580307687,5.064502174735389,5.19809825487908,5.169261397920411,5.152074811957218,5.187500236452292,5.9911095626971225,-1
362,5.2773598264312085,4.88697247031017,5.235328778148085,5.06568123020988,5.19949148600384,5.1632387678525555,5.129570901338104,5.163636064551715,5.996857555122219,-1
363,5.272855343299376,4.879874720707876,5.227606624479187,5.0639921151063225,5.184860516338104,5.167380623605242,5.111787463927922,5.149679923704377,5.99366353596209,-1
364,5.275929671366585,4.882468754409099,5.206374183401415,5.065681979175874,5.175828069862226,5.178180236924782,5.10587442215733,5.1351348153031005,5.997578862805471,-1
365,5.277919555849625,4.8844131560472475,5.178051547136314,5.06005265349986,5.17075066218207,5.2000622542919785,5.099886714509987,5.12325803336718,5.997983237494097,-1
366,5.285767021925222,4.881599084649559,5.150378036107055,5.047718160316736,5.163162115683039,5.2136421288182815,5.102097969849945,5.111174920318626,6.005622100649566,-1
367,5.298382431798086,4.880272273084848,5.114849003785419,5.030417894428228,5.1613608355761444,5.226734873288278,5.0970079762391345,5.095452965139307,5.9979315848861035,-1
368,5.304327722711883,4.8748135626595674,5.076922796389137,5.017460905581234,5.167498893827456,5.241416647809553,5.087018936902723,5.076600334870481,5.994425368816999,-1
369,5.30689232390435,4.8677929549652355,5.036022677320771,5.012169290984793,5.172025003311232,5.255420484406318,5.072644174580975,5.066576753657226,5.995884069576397,-1
370,5.3038920836141905,4.862968478987246,4.996990443064035,5.028916624286113,5.173791049280005,5.262781007188631,5.0546998812949235,5.059505349103893,6.008341769542455,-1
371,5.300796504181373,4.856522738931074,4.964609639472683,5.04239637534411,5.1772969086707725,5.254472356127439,5.0414931080880585,5.047286307806601,6.0134601002098895,-1
372,5.293449829613129,4.853163633118001,4.945427565908512,5.059142216918811,5.178343043209524,5.2468696546576,5.029513423355163,5.034793360343366,6.0039347718444835,-1
373,5.293077858059916,4.86058359636305,4.927399338393336,5.07879385019585,5.168802689825727,5.2435434226877735,5.026928666531125,5.026196592926011,5.998885243003635,-1
374,5.285248489079659,4.868527039837685,4.914977974080356,5.106082688002845,5.158420407145882,5.2291221577392335,5.034339231669875,5.018985993455012,6.006987260373752,-1
375,5.274283757832841,4.8679176514212,4.910511472853491,5.132961359579658,5.145331628123022,5.212986194641385,5.053888451086953,5.017645063908153,6.004622044558434,-1
376,5.255161359011339,4.866839512217181,4.912446948422584,5.1600114482388495,5.12540468128138,5.2063151012843765,5.068093421481901,5.018017012011373,6.009617131530856,-1
377,5.240163999147244,4.863428489698635,4.918504595780531,5.1785259327157105,5.108600041644271,5.199519054735107,5.0882017868160645,5.014887685217044,5.998847307866234,-1
378,5.225933463094536,4.8645767496523,4.929631380563411,5.192710856535297,5.084566644542722,5.186387936554883,5.1070357959712815,5.014814636513739,6.002347327788262,-1
379,5.212689834203785,4.873512976616236,4.936932466713893,5.214476579937983,5.070599195820158,5.181835834256862,5.1302173550451435,5.0297623525101285,6.013169522905758,-1
380,5.198136470494758,4.873919749294404,4.946524267639852,5.227303796446465,5.06067422393977,5.169809869460829,5.155735983181395,5.054308418355445,6.007734977248805,-1
381,5.179326456845671,4.871329986848553,4.963063553290869,5.239150589153017,5.050686135736112,5.151929193739838,5.1758131547797195,5.075114837045227,6.0048321822733355,-1
382,5.164940499955389,4.8737762377941545,4.973831684169193,5.250096751608379,5.030422601492625,5.14742553007639,5.189706261516343,5.095255386572074,6.003331254102544,-1
383,5.156487589555845,4.884836683955121,4.9852928582551534,5.2551532937891725,5.011984549164426,5.149364377258713,5.201252875922694,5.112820337731031,6.0120790578261945,-1
384,5.1424070583596295,4.890426028623831,4.999994793993311,5.265322004809214,4.999499502080461,5.1579104973983725,5.210831960088,5.126781096934708,6.000378102728547,-1
385,5.121431793109332,4.897572260598664,5.005818885359738,5.277382880734331,4.991933186137393,5.157839755951265,5.219404235325652,5.137194508863325,6.00827746132336,-1
386,5.091749773403827,4.893467429403479,5.016303644420964,5.278574451351845,4.994065138143515,5.172396678492845,5.227995941753609,5.152574367742681,6.00450814007829,-1
387,5.067214598512042,4.885448018344443,5.0243135116266195,5.28344717563302,4.99448880331575,5.181840413833088,5.22518118874536,5.1530038510631755,6.001937058474247,-1
388,5.04107629177382,4.8798741824336656,5.024364422931405,5.289712057980254,4.998489915884694,5.1962371096800855,5.215844867819255,5.147750156901551,6.0108996988192605,-1
389,5.019256357231,4.880174140368245,5.016033899792932,5.301940501433911,5.007785608078601,5.211174666896616,5.198498108155233,5.13962748746197,6.008305230035108,-1
390,4.993087908858674,4.874261908952812,5.011166296942422,5.31306415126609,5.028868653388614,5.224189683920045,5.180882929264048,5.1351372598872445,6.0015407118925514,-1
391,4.970158254669625,4.870781576595341,5.004082751603851,5.3268422634995405,5.038124882853806,5.227302002118818,5.164935875171102,5.132758496349932,6.00670923486404,-1
392,4.954412585268759,4.867224823819262,4.984360578465051,5.329503242241764,5.049440947705102,5.2250993610086285,5.1531652220050175,5.131905012975453,6.0138507268025805,-1
393,4.94515742481489,4.858454241286173,4.97315251812663,5.326337223241832,5.048776141832262,5.236941495720535,5.140926804914657,5.131144325117727,6.0020555214664,-1
394,4.949657291766851,4.863082082256051,4.965684213618107,5.319300060616736,5.0400778296709525,5.239799090577292,5.136641154880872,5.126887605323622,6.002167485668584,-1
395,4.947326352574586,4.865963230747521,4.9673222010529345,5.306895978899906,5.033236530219158,5.241503115357146,5.132822965861439,5.125113444034778,6.003842707081023,-1
396,4.946941970023579,4.8822901357612025,4.97571723565269,5.302862942812722,5.017362977453702,5.243310935452445,5.129596826859675,5.128647243367049,6.01585088833887,-1
397,4.949213192008528,4.886227326113363,4.985840365858977,5.286400069000433,5.003568675347759,5.237287219547278,5.140089850939298,5.142704334055383,6.008033770173794,-1
398,4.95378223951358,4.899277393234224,4.996535106635703,5.261456490364582,4.975925132325036,5.226170315083077,5.143107491872006,5.1568960599562255,6.007163527085002,-1
399,4.952485425548042,4.902755615922468,5.011691138718761,5.242455673217807,4.9609042693001015,5.2144727111077005,5.137692621934986,5.1674227281558505,6.004653300307226,-1
400,4.9492140693423545,4.905675218482549,5.029294189199677,5.219721374334078,4.946685316341132,5.196694149799319,5.128499786195803,5.171110159623969,6.004186262370377,-1
401,4.947363685274187,4.912074587525054,5.056703299256555,5.199428925995014,4.93182327335176,5.180545676892343,5.112464374220096,5.181824142363728,6.005199137082187,-1
402,4.936064194946488,4.900002603097765,5.079245915891643,5.181378313740794,4.92393928348153,5.165451108921716,5.094168725550422,5.190056676838963,6.01088573104811,-1
403,4.935623654715566,4.894795391121532,5.092290167212355,5.161493170547632,4.915198022050031,5.150860468367363,5.082880648136239,5.19104912842619,6.013024923680703,-1
404,4.936322864856122,4.87671285579402,5.094500783573012,5.136557924507017,4.909235098601967,5.131216672793118,5.074647632008618,5.178663160686522,6.00745674052949,-1
405,4.939077313287298,4.861683933949599,5.102467667154606,5.1181667929638754,4.906266512297929,5.112857025098893,5.0577636670164425,5.155293892429938,6.014599131501352,-1
406,4.947604089485046,4.846437464849677,5.099999593716564,5.099905234889653,4.910234165934953,5.0970726463542,5.046513600688114,5.130616902033894,6.007704268498886,-1
407,4.9622502200736065,4.841916321523395,5.098750976554094,5.077838274909457,4.914781708840178,5.090386065869189,5.037870249718175,5.102387964356794,6.01796587790656,-1
408,4.9706571125604215,4.846318764409869,5.092830287450139,5.0594596082676135,4.920466990434535,5.082880905951978,5.034629427694079,5.084164285956946,6.0079721235792105,-1
409,4.9772844348080225,4.851815506467501,5.081736406550903,5.048002692892671,4.930038040440429,5.069941776561126,5.03462248612264,5.063943479210112,6.009088180895472,-1
410,4.986646289554434,4.864844672373489,5.078874270433918,5.03323519212235,4.92322122580954,5.046958657090436,5.024962125683522,5.04481536849876,6.016753584335213,-1
411,4.986446437222072,4.877359992038648,5.0856598692614625,5.024942201445723,4.907653586355926,5.031660486016085,5.010834049945141,5.030732027558836,6.030407002780379,-1
412,4.98538826171841,4.890918253430545,5.095789651004199,5.015912638847659,4.8866828425421165,5.027636575997332,4.993032838260119,5.026075353997236,6.022554811004258,-1
413,4.987322194704535,4.917477400177111,5.095000589509974,5.00335836654481,4.870192911983663,5.020333883730017,4.9782792911154,5.022285492924593,6.010912637803492,-1
414,4.983013209759546,4.9395257472336,5.100724019003823,5.00138979626938,4.8504986584514365,5.020154918075903,4.956858017402907,5.026800888931838,6.0186590944232385,-1
415,4.980950481950009,4.955916799822916,5.105068594433089,4.998033317964371,4.814230931127805,5.017097103704781,4.927978075199753,5.046811773997334,6.013400973849509,-1
416,4.991684025328169,4.9658582969574265,5.110633468542374,5.001223280409725,4.780263280029109,5.019327451363388,4.901050385458241,5.0660566459519325,6.014370935549406,-1
417,4.9912288233898465,4.981100996798034,5.115617178094969,4.995835984314213,4.756293396422408,5.022628058738404,4.881950112179491,5.089167769760266,6.019717856173582,-1
418,5.00051552515203,4.998909301672496,5.112633473935653,4.99088141948133,4.747845135086604,5.040930714780911,4.864214524035257,5.109118453782573,6.016707241191464,-1
419,5.010252302376459,5.016300917954772,5.103499479603325,4.981001337228341,4.758060163545324,5.055946126250177,4.84404851102731,5.120878622171725,6.021419419662586,-1
420,5.016327502045102,5.033053175623325,5.10382036656073,4.9705577995680175,4.780615093794215,5.065857419551966,4.831183034120769,5.128947354457536,6.013696608193484,-1
421,5.016839659231258,5.038719521660834,5.1222995023880085,4.957600077688968,4.800010451821478,5.082939590007532,4.807009894524423,5.135076931259339,6.019778725899685,-1
422,5.014113345995461,5.04360832558937,5.145551336729078,4.939579898487276,4.829088712606107,5.102850803091396,4.7968831575659605,5.137703361052649,6.0129106402662,-1
423,5.0132847848212325,5.0539096928662675,5.1593574457970846,4.933873891279668,4.8681530936422,5.1245585414880175,4.801646531799525,5.136885298918008,6.0181570922494645,-1
424,5.00636326927289,5.06042156876685,5.162975203646852,4.925637601480984,4.902767721989781,5.143081398869623,4.8055245816675605,5.137765303851415,6.025840637501085,-1
425,5.009291458986729,5.061790889703207,5.150994408040138,4.9210631515558125,4.930027986017151,5.159404518609783,4.81188635844514,5.131554340264396,6.011439322773704,-1
426,5.0024595091060355,5.065200579984246,5.140673210110398,4.919162979428721,4.946660981195078,5.1705042600933115,4.8272998913011325,5.136170838179174,6.023943146255444,-1
427,4.996847856293802,5.066869780689586,5.138874627919175,4.920698209292608,4.959576397215216,5.176538687935896,4.851929688387363,5.150868640478047,6.021124501268659,-1
428,5.003575087234828,5.067807638137129,5.129622254311515,4.918173640169335,4.967599868526357,5.186001660246512,4.872122740067901,5.159342066353897,6.017836467096566,-1
429,5.015030853035443,5.076435509376783,5.107540493588532,4.930229646958774,4.970612779729093,5.192044334911583,4.905401643881469,5.171788653668683,6.012804251229832,-1
430,5.01861454000291,5.0862460699900875,5.084526103874492,4.948909727765837,4.965792996997647,5.188669748861302,4.923435821530718,5.1854058136806565,6.000096896439029,-1
431,5.018637205328889,5.093732209972307,5.073075341256087,4.963799108243196,4.969026034300438,5.181375518156058,4.930245026804299,5.184937615196332,6.01673885614405,-1
432,5.029567049771379,5.1052868859700276,5.064881233245625,4.978765793669675,4.974838702798774,5.175311016380405,4.938309212031788,5.184483356343722,6.014183711213523,-1
433,5.040975138791116,5.124385080209193,5.0648606073563185,4.99708257291081,4.9733188547626614,5.171512938552227,4.937406791706768,5.183068095849815,6.011830151869176,-1
434,5.0571537504014525,5.135336540726692,5.07025971902033,5.022831936430423,4.97985334725207,5.1681934467758825,4.924885025291774,5.182667623566355,6.008655614210957,-1
435,5.080367248502333,5.1536117621548465,5.064017930540737,5.046647298067924,4.983256282323768,5.169213359044206,4.904397133077016,5.18986317840802,6.020276216662669,-1
436,5.089376677073713,5.175926513168019,5.059789070093933,5.0676798871085165,4.992971218244038,5.156516075263369,4.882537783260245,5.199443169791401,6.023795816442873,-1
437,5.085382202921715,5.203570041221616,5.0599142015624325,5.080760538521288,5.003848383772906,5.148340255927515,4.862096582727773,5.2155431643471335,6.011045955592204,-1
438,5.089049168605319,5.222046325772609,5.060150474058989,5.089130603545285,5.013173677091086,5.14467086606094,4.852837608000897,5.227342486754275,6.0245780644245235,-1
439,5.0844621255769535,5.241627440598716,5.057582140569701,5.094870439696286,5.010125642218409,5.139108418483341,4.854369608778574,5.249668607592269,6.016542515853104,-1
440,5.076195591805918,5.2619831602080795,5.068262567541288,5.0922484908220955,5.000112728423598,5.135116095421127,4.853906731511351,5.264772204359579,6.012929534336313,-1
441,5.066289683952401,5.285195927507205,5.085507233058934,5.088225284791097,5.000241862705791,5.128244270219714,4.854366637355761,5.27539013848172,6.016682516770195,-1
442,5.065013780622415,5.311439827201669,5.098060065535208,5.073200966287624,5.0056187016501985,5.118114319960209,4.854257786142195,5.270761651336301,6.0198666277453015,-1
443,5.0665626592515,5.335667685062312,5.121401657818478,5.058698358432525,5.0049107446873045,5.110143997239254,4.865943098419624,5.254366902966513,6.022627344350211,-1
444,5.0657263474811955,5.3470545508987914,5.135366116660252,5.063714167268188,5.00003851679556,5.102006573037354,4.867500670034268,5.235264706077198,6.024196248267745,-1
445,5.076449232991113,5.347559524070201,5.147198662332353,5.065655751254815,4.999043297526299,5.089702333665074,4.86726315471507,5.205120291672599,6.015551827015788,-1
446,5.090764214515265,5.359419958003008,5.15290882177112,5.068876196952044,5.002648057515268,5.075495347092776,4.860642472573779,5.173076180109945,6.029645292199106,-1
447,5.1125926067656975,5.361262267535281,5.157405795801263,5.063438923825702,5.014748656409852,5.063555557291646,4.853245810723367,5.150127382977025,6.0223474211019035,-1
448,5.130912158481896,5.363109852836454,5.163048467302326,5.063033694833972,5.038206414446863,5.06519476780095,4.839953963224053,5.132495592687296,6.016531857443035,-1
449,5.151272375645421,5.353182025935016,5.1701401762758525,5.060960937695279,5.063738163790008,5.062903879858039,4.829005957382699,5.1167476339420555,6.023910473540339,-1
450,5.157458755732105,5.341429200710052,5.176137502632538,5.064395868170683,5.073319618876514,5.068989544785886,4.820579875112311,5.105134511447506,6.023345527487851,-1
451,5.156237340127374,5.331002255801088,5.171350844268316,5.066303763924843,5.085924162716189,5.067882662083677,4.805226700971543,5.1013630530024265,6.021078730748964,-1
452,5.156991475867029,5.326460192560708,5.187993773736821,5.0529046372734285,5.091203812233026,5.079286814606625,4.804428633521034,5.096263009614844,6.023811115869556,-1
453,5.162295958062605,5.315494673833358,5.206886358264788,5.04349834473503,5.087834814402168,5.0932422347833715,4.799158893655761,5.097419797646093,6.027381687175282,-1
454,5.168811464219431,5.304082964881541,5.221462602245045,5.036457832327506,5.087269349198107,5.106966734627653,4.802239425656985,5.095989738093216,6.011273494396213,-1
455,5.17102267658329,5.298411902422262,5.233456498313044,5.037270906799524,5.076490836598288,5.118502734511652,4.802530270914943,5.087477711630499,6.023738583839453,-1
456,5.172063812974706,5.292839615693209,5.239107757025655,5.0398773006381115,5.0636050788922455,5.111588461024583,4.815244086975379,5.082899748320615,6.017332139818734,-1
457,5.177474143279978,5.289512237053246,5.238478111394043,5.040237401298057,5.042603946952282,5.111847312764577,4.8232270259178565,5.083124710503575,6.029671647609826,-1
458,5.191487280623556,5.288504122655543,5.2298617788293695,5.041427951027927,5.027370353806348,5.102656302641048,4.833600436903919,5.083307418801228,6.031459887032257,-1
459,5.201419226953383,5.277697113844074,5.222608552004483,5.045399834064092,5.007702382057263,5.097935857398847,4.839010259956029,5.085515754807787,6.0168799354041855,-1
460,5.219232432504455,5.275245474258785,5.201219573522821,5.0469587513439045,4.993566597421275,5.092827762499775,4.842193603855501,5.09539670042065,6.014082578049796,-1
461,5.237499711991019,5.2728653090086075,5.164581763515323,5.049299053438542,4.9768128581394375,5.086512864372558,4.858160298383077,5.100244323136336,6.023656995465452,-1
462,5.248132431821874,5.273223977664446,5.138937698497495,5.054917896901998,4.966510927523794,5.081549702509128,4.874978000502066,5.10986616098669,6.017475220522033,-1
463,5.258601194787418,5.275457908883875,5.113949973912255,5.070811910832433,4.964284684389542,5.072159195133673,4.889407973793162,5.112631511944971,6.017265502161096,-1
464,5.266004763554024,5.269280715711949,5.0890582390210595,5.082907102789035,4.95459002264759,5.066482342008789,4.892399246689798,5.111888944935037,6.024145941728277,-1
465,5.26814137605003,5.258959327456618,5.069331631829969,5.095327333788824,4.947369041962446,5.061952207643993,4.900171263474887,5.1108436364119525,6.025707817872805,-1
466,5.259105897121178,5.241423563196279,5.066353725724587,5.114551432304425,4.940573541249002,5.065298122127961,4.912117265256864,5.1108784669877805,6.024463515087476,-1
467,5.25636035260242,5.22810998982451,5.054469386898618,5.125895119598756,4.930583637457788,5.070910807545892,4.927468328057085,5.100608971829208,6.020149574544513,-1
468,5.250224816396668,5.216986015189065,5.042751593748735,5.1364897354075145,4.921575155994705,5.07588815864993,4.941854664223583,5.091535245187819,6.01793412072656,-1
469,5.234875026205612,5.211101407487458,5.042117301901692,5.1505375968010725,4.92687127725713,5.082773106621919,4.94191799220776,5.080117886166892,6.0206410168458415,-1
470,5.222043567221385,5.193692428181437,5.035564174190203,5.1521158596787275,4.914124396086906,5.085518238639994,4.949154884381015,5.06660689565733,6.029814695587247,-1
471,5.2036550142459275,5.175298319209166,5.032404116909048,5.148595695250343,4.904075582000262,5.101936591237483,4.962253627263529,5.067203828133171,6.031271151258997,-1
472,5.193611626968931,5.17577208514577,5.02434769741306,5.149579801561968,4.895297467014277,5.121109574103331,4.984788463730458,5.064871927381996,6.027836542642538,-1
473,5.190609911940049,5.1818768127217885,5.008434827812898,5.145894741631753,4.886396113490553,5.1353595723419385,4.998714189757339,5.067287183449172,6.019469457060463,-1
474,5.191257661704874,5.1872370616315475,4.99210153178251,5.130941803384927,4.889273838269697,5.149204335625143,5.021728364746065,5.07523278543719,6.023711828479928,-1
475,5.187945715685544,5.190608438057818,4.994834936155922,5.1303849671391655,4.901209624681042,5.154367733108852,5.039766816318011,5.076746815489772,6.023282752113181,-1
476,5.1840398261705385,5.190263039256878,4.999465380554666,5.1379208767345,4.911332106903562,5.153195752590095,5.055128766974156,5.083049569634518,6.024217214482599,-1
477,5.1768865284672225,5.197396961807687,5.005784821573412,5.143742120240719,4.913105397855566,5.143092064033908,5.076039980502883,5.1042442230392915,6.025659418894779,-1
478,5.160566772860364,5.210806363944528,5.0209194098783465,5.152534327066796,4.93336117857564,5.127559707446376,5.076476442551664,5.122928954595123,6.02908660290559,-1
479,5.147229577276015,5.226875386004785,5.025332637229073,5.171479130811054,4.9481773712089465,5.105977202395303,5.062839098446048,5.13621845723059,6.024324999361563,-1
480,5.13607169921497,5.235458315966589,5.0390087277113444,5.189599040769103,4.9676964628247875,5.078181921242325,5.044270794471361,5.144760818958526,6.021621102846259,-1
481,5.117177660331939,5.244507856425286,5.055477474162869,5.21256100588697,4.984409429677136,5.05500579121593,5.029983517579502,5.141472312253212,6.02857125208277,-1
482,5.098380534721925,5.272581712587117,5.066920921306433,5.236297305323128,4.982497973940516,5.032293934162343,5.004777523546579,5.12883677720734,6.027720651995624,-1
483,5.097449464147231,5.297141495571414,5.06694665282979,5.250776152881103,4.977193071660766,5.01491640049492,4.983003227703431,5.126518113617295,6.031787353848505,-1
484,5.099244805687386,5.313260168759763,5.063094128171693,5.260038326778274,4.977116225907626,5.000624887759751,4.970275218113844,5.122257710102083,6.020449255594666,-1
485,5.101457249590608,5.325100544990687,5.061559196951473,5.261147963034895,4.972744951199643,4.993356722570641,4.954535937956484,5.115734799892853,6.018388944746844,-1
486,5.115762446811007,5.3359348601508465,5.050187757768251,5.255146868252426,4.9658755145034155,4.997382480973567,4.941809372665924,5.1115961671894095,6.031186968766137,-1
487,5.131224947571037,5.340463105109701,5.047202746221496,5.233358611183656,4.9625890413418725,5.006920510778703,4.939630099669094,5.106280544510148,6.026741495305291,-1
488,5.141343061659559,5.347475264830356,5.0368898605883405,5.211154376175549,4.957012688613948,5.01736739643328,4.9393275927873,5.115466882980686,6.0210994304728604,-1
489,5.160990598646581,5.351694896998048,5.037149191637291,5.187550012822437,4.954308460706425,5.029590912460113,4.936095315956214,5.125201168170337,6.028591405537707,-1
490,5.17515251851369,5.35123313233979,5.036957545062677,5.174842351102237,4.9659192799253375,5.041766317457217,4.9366027140320705,5.138758326814044,6.030514217669668,-1
491,5.171085946745412,5.350768743552279,5.031948637573234,5.164573817894838,4.9809473334230026,5.0531036015521495,4.946136477986947,5.158700247335451,6.03004260930097,-1
492,5.164808588558644,5.350771919880114,5.02781423057841,5.155153761483563,4.989256054246469,5.070438246509709,4.948508273925509,5.165886485696603,6.020482651021606,-1
493,5.173787649236978,5.348225974634682,5.021829637068311,5.156844680734872,5.011102544881979,5.092275060305608,4.94924628287154,5.167628985948595,6.0243988321497675,-1
494,5.186046545827946,5.349408912435802,5.0249715295716175,5.166076159696624,5.030071689010919,5.111661591909651,4.957848629000246,5.169551973122899,6.016774250078022,-1
495,5.211789415683764,5.355892543515284,5.023935543343937,5.177336335580258,5.046383626309334,5.130376008750192,4.969939383391523,5.165845140699955,6.021580300241773,-1
496,5.235475521884049,5.35064383006689,5.0292435667585815,5.184802850172483,5.054483899021509,5.153758965987133,4.978009757094037,5.158011261117437,6.031905915333161,-1
497,5.250851224316628,5.35478878557045,5.026846083418448,5.198474147939875,5.063885021587085,5.165082271568595,4.987234680259811,5.158819750974859,6.025914941672672,-1
498,5.275545748252105,5.353596353474997,5.023689448677852,5.208157106262361,5.068074273661215,5.171011275020471,4.987292330320097,5.152108565464141,6.025879830122017,-1
499,5.293954013800728,5.357414513845113,5.037691370917253,5.219770705239986,5.064243529148501,5.182899952182007,4.982505663511411,5.134348821342715,6.021403112330464,-1
500,5.31521516412551,5.35740251555955,5.055911695658583,5.2424900561271,5.066063114948484,5.190342724128161,4.9726560336577625,5.132409665159082,6.031554254677573,-1
501,5.326787351325349,5.353928378587016,5.072102514102428,5.2531182519517206,5.057385401474937,5.194452755343376,4.960785019885612,5.131837430291962,6.013783536925522,-1
502,5.3339282116846345,5.35060353089688,5.079096367679349,5.2553243025401475,5.043167709138768,5.2031203363001355,4.956875051963316,5.1317861563270775,6.033905723614252,-1
503,5.334699144134825,5.347159574853897,5.091215074461493,5.260475117973271,5.038352652264473,5.2096855294455935,4.953146569159761,5.13755420403757,6.031360739016854,-1
504,5.333314012172897,5.35761766459619,5.100180678155274,5.27081958232821,5.0434320093216565,5.21634207384381,4.953420928747778,5.13856851687815,6.021720745543427,-1
505,5.337206445634573,5.362217009137995,5.105732308124409,5.27758301290417,5.042604617686866,5.227224482562466,4.956676945314072,5.137077353588918,6.023879866555457,-1
506,5.332407587212646,5.371547001426435,5.120124346313629,5.283101915798291,5.043954919973245,5.243748484497924,4.968862280654368,5.14231277206307,6.030581667972476,-1
507,5.344149806260537,5.377202545192152,5.126357196274573,5.286044643509559,5.054760631564202,5.254628292550178,4.981541940180406,5.152637221062734,6.018061711448597,-1
508,5.35666557172218,5.38296334035805,5.134700574700874,5.283555130056908,5.051525995151749,5.264952690435555,4.998065814649705,5.160346124941961,6.037601184831609,-1
509,5.359186506783477,5.387506982807607,5.148903246291033,5.28526596737099,5.042681643088463,5.270774955499556,5.018402961587823,5.164233215442176,6.026322142915573,-1
510,5.364875900895117,5.38902387582389,5.165614402176119,5.296989582873289,5.041596931452907,5.262318387291361,5.023665601481873,5.1562085931817965,6.029575611337286,-1
511,5.360222755224516,5.389009471634311,5.180941363700516,5.307254983376086,5.0349715288836965,5.251889339864414,5.02547928300092,5.148678708298848,6.0249911163607575,-1
512,5.350908974710606,5.378098867602474,5.197963100607655,5.309645855739271,5.025366685783064,5.233687429173693,5.020976484465744,5.148761493863578,6.025243497081753,-1
513,5.3327358752549525,5.3656142588812825,5.214936297867337,5.311992194328762,5.029581803555024,5.220922462816823,5.018325920846574,5.144973302596839,6.030452996436471,-1
514,5.3140008870165545,5.350420189296079,5.220081811789008,5.308244329921092,5.0307469279566845,5.203029777369118,5.01156511627915,5.13628110521523,6.037034089307904,-1
515,5.289496681913104,5.33413326179153,5.226183474789267,5.300036650314803,5.023160884197916,5.18713244367527,5.0051597117448186,5.124506546241993,6.0298458769960215,-1
516,5.259459273044684,5.322271809194496,5.228872124677965,5.286685010673411,5.0267751060261165,5.176099359267922,4.99056096629941,5.109451358980294,6.021851635564708,-1
517,5.241447691715749,5.308498654200207,5.22643263974073,5.273847807321071,5.04329897423997,5.166359432618256,4.970735456801436,5.088219182411174,6.0256201687052595,-1
518,5.215141186818367,5.292641035223449,5.22194250586699,5.265563916107246,5.057930811194693,5.165515318308619,4.958409587634613,5.078943001219172,6.021032408663368,-1
519,5.19472444984975,5.275840167138827,5.216732624772317,5.2578269381644,5.06670655830591,5.161803818167538,4.950346938320187,5.066970521080558,6.030847954495292,-1
520,5.176738795219595,5.259934702013604,5.209888038256236,5.255106747508733,5.076641377068271,5.163504539153157,4.945405667970006,5.043715460874917,6.024469637224395,-1
521,5.164067300473372,5.250953089362541,5.206071659114508,5.252058117786216,5.079726453197079,5.163805849187903,4.935952501403779,5.0189772840162625,6.032782671019719,-1
522,5.1543274819647245,5.24387048111004,5.2125184998743075,5.255392597700957,5.083155937846049,5.16625896354359,4.929665998217434,4.997432383418907,6.029679463338141,-1
523,5.141604148405461,5.232727935627531,5.215323989580709,5.264153870099814,5.0927779720798565,5.170865865878501,4.925118785870541,4.979530145780437,6.023383298415324,-1
524,5.138214407532812,5.2324008226145375,5.224944478041908,5.277534271620315,5.095275887040766,5.161779451115208,4.932292701635825,4.9641970520061225,6.029707120878133,-1
525,5.135562345378725,5.236038452476452,5.228474061182235,5.294873507747471,5.094247711012229,5.147212546577517,4.940083313109147,4.956744902225267,6.0292290149674495,-1
526,5.13717081689419,5.24305677833988,5.229971631165419,5.29895231594218,5.091398241965881,5.133515014693624,4.941807449206876,4.952007233662359,6.039423690461171,-1
527,5.141775529286425,5.245941430297501,5.232873368983419,5.300925757537699,5.093578016047958,5.118896202460314,4.940650773581706,4.94614677080135,6.027900505087421,-1
528,5.149075039636972,5.2498620155309625,5.240961023923742,5.303875585049534,5.086217115363092,5.108387122728556,4.947367650112003,4.946812847768172,6.031246877803653,-1
529,5.15825869925445,5.248174209220836,5.250405983941438,5.311300418346396,5.074516383304669,5.093020938290791,4.950053721491105,4.948079038577652,6.028408980572682,-1
530,5.1746887607486265,5.2470051119005685,5.251488749444534,5.313952010851291,5.060547632373793,5.073554663706565,4.950637991162212,4.95824822394094,6.028631772486799,-1
531,5.183766677162142,5.253566736166602,5.251945647502166,5.312498100738643,5.0514900154813205,5.059468960327968,4.949458799032564,4.95990421637849,6.03344297668056,-1
532,5.1887214921915925,5.258608522912756,5.226826859848102,5.312899758797408,5.035963854403763,5.059268740615422,4.943610055050411,4.958672931226748,6.034062341268903,-1
533,5.195068689424241,5.258143420686237,5.199885248574561,5.306394212401601,5.0165311231399405,5.064907760614203,4.938007740976209,4.955808197148545,6.036396597981081,-1
534,5.203192837550176,5.26387669611143,5.171539038860812,5.298891244121986,4.995145765782677,5.074178319004422,4.935002006132085,4.949133340991472,6.029972615761116,-1
535,5.210972491960818,5.272938588297685,5.137024274195003,5.293892702348042,4.970254205542001,5.08402735838987,4.9246317322770885,4.9349624558329275,6.042909887535113,-1
536,5.223845560612028,5.28766338803907,5.101038961618917,5.28862176575913,4.960220420914482,5.090786787310196,4.912693719501924,4.921670820260591,6.029253346514382,-1
537,5.227932378068358,5.305446161705623,5.064415875919122,5.275711360813893,4.956995557537749,5.108881950543729,4.911167697849879,4.915590459226087,6.029812981546878,-1
538,5.233076610795349,5.316938048056925,5.021365881519789,5.2725403444960275,4.9585565962644536,5.138514701649391,4.902839539035599,4.902592277121483,6.034703248522746,-1
539,5.243631294883915,5.326446777807089,4.985406193799377,5.267563372174378,4.955511682383185,5.155899470278234,4.891823411752094,4.904368611190465,6.02821905182014,-1
540,5.257603148673447,5.329718890292185,4.974376658368384,5.260517822562328,4.971161776001939,5.1703524095352895,4.885752068301126,4.904835658118247,6.029749259017906,-1
541,5.26068865635189,5.336268752367321,4.962675877922824,5.248933673441048,4.994424416155331,5.187656210652803,4.887863457399421,4.919885914437082,6.029248737922614,-1
542,5.261962001264473,5.336822988699281,4.966750747181829,5.248794958201049,5.021302661992654,5.1947657195361465,4.888984706775042,4.9323656000561105,6.042945575819395,-1
543,5.268964014564982,5.34280736817843,4.965319596827664,5.246240885384712,5.049697726553207,5.20135434235654,4.8873006519512145,4.952186636943866,6.029621956833652,-1
544,5.265991882048426,5.344871375692519,4.966429209812555,5.24074389860068,5.07840354636803,5.206287094726577,4.8755035349444045,4.971101138372545,6.029640829212475,-1
545,5.274161280618202,5.341161563249413,4.963610428241422,5.235898810096587,5.1099560968231446,5.206517962167573,4.866121778387721,4.97976190438225,6.033385605758176,-1
546,5.278769904763743,5.340871295762051,4.971033059500902,5.220956403589793,5.141360802582727,5.196059723359246,4.860516585509892,4.991440215327839,6.0294679414085515,-1
547,5.293822136149819,5.3400619207642706,4.9779876278814825,5.200087357411314,5.171360274789224,5.182954735069595,4.854038296704108,4.987763230598027,6.028939254686358,-1
548,5.293338846777051,5.339676565863561,4.975688925520727,5.173649625137987,5.194922361730213,5.173991933748689,4.853595111698519,4.9785169630795725,6.034566025989136,-1
549,5.294899243186812,5.336370592289354,4.97329163009672,5.156863097052827,5.210197670869361,5.167773130402084,4.849472066656474,4.95290548967858,6.03543656036741,-1
550,5.300987393078737,5.327328952933376,4.966441599874596,5.13634144019008,5.218724611680267,5.167569809798492,4.840183309062567,4.929144710107909,6.033550322202135,-1
551,5.301617676104575,5.315493245556263,4.962896177196539,5.121519552747607,5.222751626706504,5.173204044280258,4.840786052501463,4.91506183359511,6.033161707965965,-1
552,5.312865058230531,5.311443948165736,4.956007479231477,5.099963299852785,5.21924870165863,5.184179990567196,4.854301674577184,4.901052967512845,6.034027228705016,-1
553,5.325539077968516,5.306831219176651,4.948528639853649,5.085703140790503,5.207537106690362,5.190492398492298,4.870833634049183,4.898686799657495,6.031790051261781,-1
554,5.338834130502442,5.301412943743578,4.943684557238317,5.074522151583357,5.196462732262326,5.197101564115911,4.886910650907065,4.899482899012509,6.034541655093305,-1
555,5.344626207423671,5.293048760049863,4.931271657935407,5.071375586092883,5.187591775681189,5.2143450023615925,4.902897213550958,4.908550026686579,6.037899583842913,-1
556,5.349479723507904,5.286005099901017,4.924522987861909,5.065148979162049,5.174141453964085,5.233116339018959,4.914931504629895,4.933363247625347,6.0398190429564,-1
557,5.357021892366799,5.290468704176066,4.927237720292555,5.060725438777476,5.163199235242967,5.248599986287716,4.924137959865878,4.967986673631651,6.043324506433391,-1
558,5.357857418935083,5.302655320076657,4.929377989938386,5.053957827054249,5.1558974502062265,5.2548314880263,4.928670349033678,5.002771012262,6.041296372833569,-1
559,5.359391292786435,5.312959818008319,4.940204073573296,5.038073645106489,5.1639639414225105,5.258261298686483,4.930226081237244,5.028528725328302,6.028941137702955,-1
560,5.356804339531566,5.316900738047297,4.957176206816184,5.035570042229227,5.1680673310115095,5.256740179211656,4.925544407561907,5.053835530164945,6.029473037526454,-1
561,5.347387006305467,5.321463588464538,4.980044291141031,5.032567567517205,5.16876583562975,5.257019643211826,4.914941581283269,5.076729983024887,6.040274145745634,-1
562,5.339487576474569,5.327538806329042,4.9900034721050375,5.041079138268492,5.170662237532497,5.260473858701376,4.910852762882358,5.101819870600642,6.023448841173003,-1
563,5.331650172054661,5.34893189749718,5.010667209183628,5.053883337505616,5.1778158404775665,5.257349643672,4.903602146826576,5.12633729201816,6.036287434128237,-1
564,5.3297488359970755,5.370015190487894,5.019574543766527,5.070418232545037,5.190460155353614,5.2429344107099425,4.890423886717409,5.142891248961804,6.03000370512819,-1
565,5.329596238257208,5.375275110199453,5.025469496499261,5.0834805691246165,5.20053738847532,5.2293607938999855,4.875678554983318,5.15067554176992,6.039641980487636,-1
566,5.331137059345434,5.383552648949674,5.026378655627033,5.097148385522356,5.213596102465313,5.230177426732723,4.871145214882148,5.157136755808798,6.032440097500316,-1
567,5.335861633367442,5.395801703063741,5.026839560247046,5.120903618244062,5.212882980989216,5.2307357781183255,4.868105490086957,5.160429290491136,6.040528861668199,-1
568,5.342525000083083,5.390413046665436,5.019088378663616,5.139111922254138,5.210911109083397,5.2240784813125165,4.864164491107491,5.1619950318594,6.035173923116356,-1
569,5.35378442321104,5.3953231540297955,5.016787104694124,5.152684650991921,5.221733835525156,5.226525096431126,4.857961669159722,5.163980033104923,6.026337454201693,-1
570,5.361666169740571,5.391807450005333,5.022370083879013,5.1520831297274094,5.222969458746402,5.2311336109858875,4.841754728260319,5.159859038572176,6.040453143187733,-1
571,5.368809114350118,5.375029916526138,5.0209164322984785,5.149825555718763,5.215788364601726,5.2275343843050175,4.821278462346306,5.15935772081975,6.036891465987783,-1
572,5.375297918537742,5.346838477631688,5.027976528839909,5.145518088034406,5.20313690438417,5.222756973065989,4.813171238411018,5.159024494257277,6.0311289994539745,-1
573,5.377568955017693,5.337717354380898,5.039560762932166,5.134944996054372,5.189660044712624,5.207817559583253,4.809761958564296,5.158097397663521,6.030500882064664,-1
574,5.375473257074903,5.322407002165696,5.048844877455311,5.131620817116814,5.1675754299279575,5.1872807931851055,4.8084619267872295,5.162112646932085,6.037404760746085,-1
575,5.378421489242139,5.304403063095672,5.061761330527812,5.128103374537416,5.154967816067122,5.1658654266872714,4.8078379423382005,5.167519689666216,6.045014117555916,-1
576,5.3725813806961975,5.292696948566539,5.07128625831193,5.131983722968414,5.142126501461244,5.153789530649742,4.809247344577247,5.178933167132956,6.0318138407936726,-1
577,5.355671153332226,5.271250684096295,5.082052231706024,5.141416540740848,5.118904526584655,5.134262273030813,4.811561786066718,5.179830384707358,6.032940344598816,-1
578,5.337400388900043,5.258681467384454,5.0924936885068375,5.1447355954597915,5.094913842478413,5.110777468404354,4.822133512123112,5.18260660842008,6.031859324269072,-1
579,5.318341038930999,5.236550275661018,5.110030725825698,5.137984337334435,5.086280919650689,5.091528561361568,4.845675101525621,5.179498475294417,6.0372717756502094,-1
580,5.305381333918088,5.218298479734068,5.133352121374158,5.138253015650352,5.08321434211404,5.077395568965968,4.872244538251516,5.174163847371691,6.037086652769481,-1
581,5.297863172408447,5.178463648797453,5.154362348542077,5.144627727955485,5.094580371782649,5.079562274294186,4.899327668794048,5.1714974821923185,6.033336300266324,-1
582,5.292009484792526,5.1303722964009975,5.183528405726449,5.140153546958313,5.109418133690324,5.08198745746388,4.931590579478006,5.169905097775737,6.02775466013389,-1
583,5.2754572313871435,5.083690491039745,5.211039921847281,5.128291362050261,5.116367414537168,5.080719681442321,4.969866148766702,5.162427495952392,6.033350112984206,-1
584,5.272052885393986,5.042553012482899,5.242562406203749,5.1097382234078275,5.1322714054189245,5.079438548060304,5.005883848935724,5.145142556871915,6.041020345565393,-1
585,5.280981076312638,5.007104802519934,5.262255896395756,5.091445199793255,5.1531466479047525,5.074695510167965,5.03909679441853,5.125685983535905,6.039758352739705,-1
586,5.287054835667782,4.973146604984082,5.271222786675231,5.069276816371708,5.176293956342039,5.073285085030946,5.070663844396356,5.112158596422315,6.030905122147742,-1
587,5.289659028701243,4.951741515801564,5.265529142761838,5.062178097844822,5.18776185771412,5.081678302253744,5.097189292693637,5.106001607359686,6.042856947494351,-1
588,5.293467540454595,4.931573888142539,5.253845083103283,5.043084070825586,5.194863676929597,5.082375513340407,5.1062259848511395,5.096168994880422,6.041897391045809,-1
589,5.298908478325424,4.915941927292323,5.2407799732734555,5.021043863744117,5.186335549615304,5.080638334418574,5.117621227976519,5.084877055110432,6.036757940895823,-1
590,5.312504893281368,4.904585593178885,5.222089574133748,5.005533032503116,5.178422433666692,5.083855974736404,5.123815023672832,5.073605769231004,6.03673438983746,-1
591,5.320614229324378,4.89188632624965,5.2000059391341455,4.991395652957709,5.167502431249801,5.09676027959532,5.124251249458275,5.075997142042022,6.039584493933354,-1
592,5.324595730841005,4.885876832494786,5.177364204448262,4.973679936265704,5.153917810188255,5.111762535066583,5.125923071041864,5.087696248341938,6.039710579860893,-1
593,5.32283538955871,4.874691306779536,5.1531393868370365,4.953973470496129,5.133163104197405,5.137612304448467,5.132137404419806,5.112754725480417,6.031717140187601,-1
594,5.3208722315618155,4.864224291868075,5.134460159053255,4.946016640563567,5.118685940321379,5.156072967734766,5.138504809509475,5.129745737648906,6.0402370536969645,-1
595,5.325216378730438,4.862089249041797,5.124091610405147,4.933838537146313,5.100273921971691,5.170266126669975,5.143921536007446,5.138236452952655,6.040960868520152,-1
596,5.323300668867114,4.8689329529272865,5.103292879322799,4.941854265113899,5.078742865061132,5.183124944494647,5.147829935183183,5.152862519770184,6.036072285392135,-1
597,5.316848215364683,4.885702872478198,5.083050988144979,4.962025109698973,5.0643070225999,5.199117317814486,5.144742530347259,5.165592372086593,6.0366514301499175,-1
598,5.309331846680499,4.909473722012777,5.0696687579865625,4.9731655971850035,5.057178947584126,5.208306126062222,5.13921133158651,5.164887132569295,6.028829383803225,-1
599,5.306290038140828,4.931229239962702,5.05214090902801,4.988499118761551,5.054394956444053,5.219686394536773,5.124519433510651,5.151517382203005,6.043335200349165,-1
600,5.296847352121991,4.944756263559783,5.035045681939023,5.0138318362945125,5.050510891796298,5.214937451967428,5.10581812638232,5.1311861831750285,6.040566046811278,-1
601,5.286076785923423,4.957340936806183,5.0158969426676485,5.03837967249726,5.052204123678357,5.195193117043317,5.086436041591489,5.105825622686645,6.04247757691686,-1
602,5.281320960546572,4.960739870829998,4.998219544300944,5.0640342883606735,5.043829189821527,5.187027817866485,5.073624579087674,5.0705298919467,6.033629512645539,-1
603,5.278575720506477,4.958365018941056,4.984738969487085,5.07638061035052,5.031186810451666,5.174168409104459,5.068030272953955,5.041505600264899,6.044907958404716,-1
604,5.28035274280331,4.955578403392703,4.981800945178984,5.083767745340382,5.026647233082844,5.17093903718371,5.0625943520348935,5.013071753855602,6.030978938933955,-1
605,5.2783842343116705,4.9503743874396084,4.9839531938860295,5.077315986060166,5.019550631987539,5.159911609118793,5.063969445578996,4.986770769163386,6.039036789777594,-1
606,5.282000523693338,4.940989473538405,4.98519497918836,5.077933304188101,5.000247361753443,5.151433965755052,5.065614899997983,4.971432524623722,6.047308865394073,-1
607,5.284237775575933,4.932364501752779,4.986176437618187,5.074139715210837,4.986711509609623,5.138407280661204,5.088976685711667,4.964775301998419,6.026318547380236,-1
608,5.289022587377103,4.935973482470652,4.985308566797889,5.0720947373207235,4.967570266137808,5.138566123437377,5.118129776428422,4.961531601438088,6.046385582899921,-1
609,5.289864202610806,4.944435867053077,4.99555781171326,5.066682256790116,4.957135433524152,5.14886949208362,5.1498182945946915,4.964215983003105,6.041141464543472,-1
610,5.283056318560916,4.95189954033298,5.005170209353848,5.05389253519971,4.954325595316393,5.149358999301866,5.177824770193875,4.976708602247944,6.038056407460735,-1
611,5.278907367249699,4.960354450054849,5.005106627276383,5.053209992652858,4.9545577569197,5.160933652589006,5.195125277260346,4.98371731717355,6.032475747362968,-1
612,5.262127367840994,4.962681230386741,5.0137761387369295,5.050045181467215,4.945774051385214,5.166578001701427,5.226964412100935,4.991589081868129,6.042709156143594,-1
613,5.245724011367615,4.962224771681572,5.019802463558737,5.051395884694263,4.944702124189003,5.168608072872717,5.260461835229345,4.997282799694952,6.039915759315115,-1
614,5.219921927573914,4.964477744611408,5.021812173968981,5.050474632995387,4.939107756830792,5.17578374506052,5.286082432637749,5.008612272585273,6.037995104409364,-1
615,5.19187183915562,4.966486712277351,5.034208437556035,5.04856770041919,4.927793229722485,5.188835309137263,5.295911563890983,5.020693616870066,6.038126688330726,-1
616,5.173777661065729,4.960374055385101,5.055500539644684,5.037639544303895,4.928777538365014,5.200328732034143,5.313970260910172,5.041362109703651,6.036685955614631,-1
617,5.15929039456178,4.957321019511145,5.071408943212233,5.02379038193036,4.916483188014202,5.214704304718912,5.328630265808725,5.060179268673046,6.028194042400091,-1
618,5.146965005865789,4.953765450992747,5.087444478946086,5.009294426783242,4.906746858808731,5.227862680165206,5.341002887160683,5.0763432377333,6.0393523072497866,-1
619,5.124847586664184,4.947885475174033,5.111505826902931,4.99423682097342,4.885138728695449,5.235608956490541,5.35832513056896,5.087978168872897,6.03498336857179,-1
620,5.124895706863279,4.94017910847879,5.129524085227672,4.97765854381858,4.873563772176596,5.248438980070978,5.367802893593139,5.095124791281031,6.0495341474717215,-1
621,5.12360480496755,4.934148905874781,5.153367129830082,4.965763665526431,4.8622057080584336,5.2641371570319455,5.374653354793744,5.099251267048347,6.0397287729804185,-1
622,5.1246087139351975,4.920073129413323,5.175631016610356,4.959392636187373,4.8698755672270435,5.27487392234551,5.3816723243929925,5.101065879542316,6.042452678937304,-1
623,5.140253113713864,4.904161205424231,5.191840924191093,4.93807212457401,4.887933109962291,5.270541737054145,5.38891823351767,5.0943193276380265,6.0289834812548095,-1
624,5.147078907791238,4.891697841150814,5.193199605984707,4.927290625036613,4.895027714323994,5.265289081498295,5.385687087837289,5.06959905247492,6.040153362981278,-1
625,5.154161228433103,4.8843808301483005,5.186445364053219,4.920986302821374,4.9001804261859965,5.254306626835781,5.379415443856051,5.038493526412509,6.046763077720874,-1
626,5.172761893677702,4.875722066987603,5.187355379602762,4.924005743421771,4.902053262856296,5.251096811697463,5.367616552510046,5.00769551479601,6.045049084574055,-1
627,5.202971025252144,4.866480240580481,5.192268126111868,4.912040857698785,4.918360577396253,5.238916127030049,5.347332314066345,4.987512634730622,6.039960245344738,-1
628,5.220325594298579,4.860749826654671,5.1907043522794485,4.903702779267012,4.937041534997231,5.2318470279988105,5.315356081823877,4.972438227089468,6.043674784942935,-1
629,5.246387939880469,4.854264926632,5.177873748770095,4.898196935442278,4.942657852058782,5.226446233099009,5.281992054595912,4.963609173329594,6.038150284824789,-1
630,5.2747943512399385,4.855388691294396,5.166756261066503,4.886715157473997,4.943859112136294,5.222268725128439,5.256319178496968,4.949283304498237,6.036137373507776,-1
631,5.2924328181359295,4.860740194830116,5.157532528425965,4.898210805034098,4.935790258378255,5.221801384659679,5.229317663075908,4.939411897318507,6.0401692638491715,-1
632,5.308705856353204,4.87027580825653,5.1608128888974445,4.903936800027216,4.938668691673782,5.220369233625512,5.215212406400022,4.9313037558550485,6.037474122370974,-1
633,5.331367700802557,4.879389995359709,5.163546298820324,4.911545774482941,4.952178364277244,5.21404363021857,5.192701266521537,4.931638279334562,6.032824726941216,-1
634,5.34642029270448,4.895067794356657,5.164327733506347,4.917704253776757,4.977327431635027,5.20538939658241,5.168415071773548,4.936113773088352,6.046453241520038,-1
635,5.342345635377723,4.916151230052253,5.165365055918981,4.936361697232185,5.010208171866281,5.1990311026459235,5.155750426195045,4.936012513882813,6.035702377540644,-1
636,5.340646366823252,4.9344018078936065,5.173716084110544,4.951462360269139,5.032773943512497,5.1818215408883095,5.148960060690117,4.930144417463181,6.037397583358631,-1
637,5.335266775601929,4.959024160710199,5.181132872370928,4.963211018775256,5.062965748811506,5.165797777316413,5.14320291838926,4.924809456062311,6.037043260380959,-1
638,5.320983158711632,4.977245448972639,5.199309125411175,4.974173027392061,5.095016439924775,5.153052721895253,5.141997318775725,4.922397459146454,6.032839954136098,-1
639,5.301270648302005,4.997902396277798,5.2205818807990525,4.9738757846977135,5.119036918274258,5.142243078809254,5.14600798438715,4.915156813489176,6.0363067217377155,-1
640,5.286016764089309,5.009233279178988,5.240797410816449,4.967446862579303,5.139377807181277,5.1350498907547895,5.1342465533976265,4.9199911617403655,6.044448055577205,-1
641,5.279977916028996,5.008536698565354,5.267567960110235,4.958668298167963,5.151117102070964,5.131513547895242,5.128864295451955,4.91927876929403,6.034196305313144,-1
642,5.270886037679633,5.011657996087081,5.2880890651708565,4.9438329505906795,5.149383910945494,5.127542803706555,5.130508702715807,4.913188089998167,6.034025633529943,-1
643,5.281703548210499,5.009158032822432,5.293263163273172,4.928335194591817,5.146773155929272,5.130741345024176,5.130802697885384,4.90615812192106,6.042398247704632,-1
644,5.289892653716949,5.008185151371883,5.293468284552595,4.913254199206276,5.14191569260571,5.14089846512664,5.138694809544499,4.900860807981472,6.027389966948025,-1
645,5.300447633256502,5.000738311133723,5.301516309599571,4.894062375236995,5.1321242932651705,5.144726791397554,5.154036314188417,4.884231891737517,6.038675758189738,-1
646,5.317966170244157,5.006135489102289,5.295851751206917,4.890896313234919,5.126201235515466,5.136947157238365,5.15520599694613,4.863731266597781,6.037074907160281,-1
647,5.3423704341955,5.012296551428063,5.277576650359356,4.894558772732827,5.125486643648965,5.134538839376555,5.160831854388882,4.847135303702658,6.04213495554589,-1
648,5.364957497891979,5.026125892718775,5.247847501064802,4.905026327590393,5.125435740345964,5.133952343961117,5.167767438849131,4.829160237488339,6.041780683127884,-1
649,5.373733730346846,5.041810120289784,5.221548904561298,4.923679362414545,5.129937639742806,5.1386172046725,5.169159638465269,4.817333153492884,6.0406360388393825,-1
650,5.39036743561625,5.059205475730528,5.2073467351943465,4.955160474211869,5.13850746682991,5.142443909856237,5.175645623828537,4.811627871871651,6.042246174791492,-1
651,5.3950437651442575,5.074409366922684,5.207103334900671,4.989983425951513,5.138117166661282,5.144962676720109,5.178609911871306,4.819171982732541,6.041127829361638,-1
652,5.395571841101885,5.0816353294779475,5.207125836742971,5.024675155728196,5.146382802215546,5.149316997725338,5.173576481241964,4.827659333161477,6.040817021276525,-1
653,5.39527310279156,5.0922565262661506,5.200962924065486,5.054684968954265,5.158128056554777,5.159572912917833,5.15288010217648,4.849000336860158,6.033733683791555,-1
654,5.388191078354035,5.102724930897931,5.196844210709415,5.074195563427842,5.160138878471473,5.1689357933017375,5.139073062074707,4.867865054312498,6.040694024708605,-1
655,5.384851588359424,5.105126359350982,5.200534604870663,5.093132689228706,5.169426549883232,5.172633283388283,5.117769571013611,4.88418972612046,6.045110005698182,-1
656,5.370982385819209,5.105735648605476,5.218917282729015,5.107162127115258,5.176085383721481,5.190750284237501,5.088994858089918,4.897003525543411,6.03910701060597,-1
657,5.3564415309622095,5.106954739756595,5.223549263175082,5.11423447589484,5.182848124090788,5.204890412677968,5.06819805066064,4.91015411938185,6.043040146274597,-1
658,5.334619435200377,5.103338165453488,5.209206201153516,5.1109907510543025,5.19372657364282,5.212892412565776,5.0444261467893865,4.92744447644597,6.049456962464061,-1
659,5.322106927851769,5.106509718288388,5.180823864653691,5.1027346504969655,5.212040456359894,5.224961738581016,5.022086783013941,4.9399605581958035,6.044961743719565,-1
660,5.311833529246895,5.115983082986586,5.149637010431829,5.093678920630589,5.22782672694617,5.237898845025983,5.005832887487161,4.950425321438766,6.036587417403801,-1
661,5.30556520264081,5.128511222341488,5.117449070498042,5.096250341639849,5.247466647614937,5.243476691316613,4.994727741798312,4.951577180344795,6.045722581446618,-1
662,5.2968152436819125,5.136498404252275,5.08893040358997,5.10314329948035,5.270669802703853,5.251246353105863,4.97975072331149,4.953146281084006,6.04610058413838,-1
663,5.280949452376848,5.154057353487269,5.057891104115913,5.106714223802136,5.288193572904387,5.260264554812962,4.966381256342827,4.957168949365717,6.047286580880453,-1
664,5.272771259658482,5.164010613298594,5.025153653885869,5.109885152312101,5.303358841593805,5.2467768508060875,4.968306008391563,4.954833989699999,6.038621371462447,-1
665,5.271485793864935,5.181347825586385,5.009141733476501,5.111225416056049,5.3234332102427375,5.230590835498483,4.971381439735932,4.948904506083716,6.041158038995844,-1
666,5.277612168610227,5.1882922287857145,5.004359412265012,5.117200007179292,5.3429880062644965,5.227458063616198,4.975564700240778,4.943330022512289,6.039351061735466,-1
667,5.277871687566122,5.182473903370759,5.007096317907786,5.125671082861603,5.3498097519887295,5.230325869038182,4.979033601348587,4.933922533002267,6.046386880259934,-1
668,5.285861100395081,5.183495782600725,5.0120252831468965,5.131963611552913,5.352343034545327,5.225959335300507,4.980334601493337,4.9260200358225985,6.040271012725005,-1
669,5.287742935269495,5.17537445218117,5.022751328720993,5.136400788666751,5.346810816075913,5.228035767502828,4.981064634497498,4.92319911008785,6.043643330404439,-1
670,5.298992979264899,5.173341672181474,5.028339770483916,5.135733105110682,5.334773354016232,5.235007409228823,4.983603357014705,4.922601284960236,6.03758416221699,-1
671,5.315575022330844,5.165596980648243,5.032560560292466,5.138194791065539,5.327837274676223,5.244294406965056,4.986452399357344,4.925657296410775,6.038864403449067,-1
672,5.333312926422116,5.167777728364164,5.033716430924209,5.1466548470382705,5.317535205431062,5.263161601974427,4.98286840831262,4.934675505362192,6.050805310298487,-1
673,5.340440048470635,5.163523630431498,5.04209914419564,5.16442636648014,5.291673785493991,5.291456026613643,4.984078219485785,4.938539605489256,6.0399119702869095,-1
674,5.335726259944678,5.177191217866406,5.054311542254729,5.18777562723466,5.250333857225758,5.3109051945949926,4.985298043946809,4.9269278456288905,6.046110887968903,-1
675,5.328255912075434,5.196340106613505,5.073463499575424,5.206193682099596,5.210158197589667,5.321868717422024,4.98641262441219,4.9163653924036925,6.03997301698969,-1
676,5.315525883774961,5.215044306578324,5.0941434738219975,5.221973985945009,5.177221813712799,5.33075928186897,4.985446327553139,4.9144330607141855,6.043803320161356,-1
677,5.298223552595677,5.239471061074845,5.112813993767701,5.239848988287521,5.1350866819012655,5.333045160963939,4.9863109547826605,4.908740050280446,6.048565768492415,-1
678,5.276542207199061,5.253857443493578,5.128902792652496,5.256378993184674,5.102896865699268,5.3292092847169075,4.991577811278953,4.904165769421435,6.039386756191084,-1
679,5.251510700899447,5.259070997058269,5.150829626832946,5.270326650999874,5.053417001602752,5.32805388673343,4.992499823124271,4.892236419233288,6.033279512697932,-1
680,5.229262991694237,5.260491782790385,5.169423277555473,5.280884306056974,5.009534953175259,5.314239105270593,4.991541045047124,4.884174722162812,6.049665070380188,-1
681,5.207713131242228,5.256128589449723,5.183694828490353,5.2831119736126375,4.978352165716179,5.292652509464432,4.973870749016023,4.8817568030702505,6.04577317538348,-1
682,5.195633959516346,5.2374678689265535,5.1901933288129785,5.279679448114441,4.960588686026647,5.272309141183102,4.953906765523783,4.888433445459669,6.036047110720606,-1
683,5.189824277818177,5.220275850567686,5.193414588829746,5.278014770462256,4.951243090640622,5.2484980233648,4.931028904298579,4.888524711738238,6.041910826259114,-1
684,5.191683840471665,5.20363642436489,5.188423876014254,5.280971677149354,4.9434149045388835,5.221605399845412,4.922374584002349,4.882081964646138,6.056717245828008,-1
685,5.206858761655178,5.184145534310638,5.1874158818767695,5.292980398561146,4.958499191965262,5.199252276439521,4.91563685194131,4.876756147713405,6.045057656402386,-1
686,5.227091321933975,5.166732787155838,5.179448990497011,5.303982104306012,4.969959226438353,5.18352209623975,4.908662646335614,4.873727494610043,6.048828047268541,-1
687,5.254523984897306,5.156551641328528,5.166577054652257,5.307190501350857,4.990756821187464,5.171937275920001,4.907471069866363,4.867581400585464,6.0358118295770815,-1
688,5.281148711858101,5.142191608175915,5.150861915857312,5.311768268338399,5.018401474439632,5.169653577477096,4.906559737007326,4.853556959937123,6.04586053359101,-1
689,5.31635435574461,5.1278030784084345,5.125907968820482,5.316003224569339,5.042395436014755,5.173428040665568,4.917289286018603,4.842237762461169,6.036110708990559,-1
690,5.346932131858137,5.12795233670071,5.101180984001468,5.318519348268414,5.067671425450376,5.181188086216824,4.924365108387926,4.832558441777008,6.042918601696664,-1
691,5.365626554390141,5.131557260811383,5.075143300755623,5.323165957306031,5.086734089736375,5.193193121857911,4.938953223048532,4.831861223363637,6.0415642579883855,-1
692,5.378397974889861,5.141124592566347,5.049728595406334,5.332253092998599,5.104215242150351,5.210638923163666,4.9432369440251795,4.830296862924785,6.055504653074917,-1
693,5.384025186584576,5.15517149793667,5.013098402312821,5.322657264077621,5.112688344847469,5.227983804549297,4.946901251796007,4.837494514145462,6.0444802016536485,-1
694,5.386231893695642,5.179932248780842,4.986748918351962,5.3157014980844055,5.107335606609969,5.237793706257002,4.953005493583033,4.845175266901506,6.043048086287671,-1
695,5.381192366056726,5.200337466185638,4.964164890724477,5.310408781041951,5.09905878611099,5.240487977082401,4.954022738408165,4.864060589266161,6.039960249321192,-1
696,5.368734326822153,5.227503329894838,4.944749800874789,5.301268954692936,5.082179229584706,5.23570162437851,4.9551231966631715,4.889139157335598,6.044236685533273,-1
697,5.354002896634295,5.252509129917385,4.932525074980035,5.298841443483845,5.06461689373873,5.231512788870088,4.956651019739162,4.910159211621391,6.040061846966394,-1
698,5.344262350781645,5.275754763046434,4.918619938475011,5.2934004066040945,5.038952360839876,5.230722645944255,4.962229480265807,4.933426389380406,6.037231198567706,-1
699,5.343375130061428,5.29848039758995,4.9065852872267826,5.289133099468444,5.013865472256523,5.226951906385745,4.959503134006827,4.949404413690315,6.0501996387017,-1
700,5.339104061897637,5.315062399640657,4.907085687003735,5.2739812330854265,4.995418907629799,5.221903434755654,4.954357073895836,4.972030708892698,6.044383227821704,-1
701,5.335616457363145,5.328131782067334,4.909444603238807,5.246550089839873,4.983923051486079,5.22025912214019,4.949375162885819,4.985003892539265,6.043481317665365,-1
702,5.333737581768393,5.323233088024819,4.916328962373307,5.209963032844414,4.982282400175716,5.220093122554691,4.9480183223781316,4.993573661232412,6.047573091080498,-1
703,5.336991033325477,5.326005024065295,4.921923271906826,5.178752271794141,4.969066620219971,5.2168575773737,4.94650822896475,4.992369000728016,6.039053932592312,-1
704,5.353081304305917,5.32166537264203,4.927044430517177,5.154255269355687,4.953173995830947,5.212475841811774,4.95124883434603,4.9969966288251895,6.048227407797133,-1
705,5.3669907200915015,5.32457089182364,4.937268951736182,5.125781640008416,4.938097172991984,5.190583583122822,4.956486736918614,4.99916467955668,6.046963080281048,-1
706,5.380348363215562,5.320477418905879,4.955842509523647,5.096178243330003,4.933843594739324,5.166852331882991,4.961120136005185,4.998928010255036,6.0350403441351705,-1
707,5.388810442122756,5.322795608307392,4.974422507661268,5.067146526187152,4.936156437647771,5.138503406175049,4.9710383008706565,4.9983602815150245,6.042713900473594,-1
708,5.398740135128084,5.325014774853516,4.976802969400018,5.042807810359012,4.933676351254547,5.122826768882783,4.987784156577065,4.990896787731028,6.041201186058577,-1
709,5.408453130632139,5.324807405778448,4.991730390418678,5.0366781612486795,4.928813362306274,5.103464140579757,5.011058469905279,4.985636758189261,6.041448071415714,-1
710,5.420287431352161,5.338136411786122,5.002333608475301,5.040600390995687,4.930093731669848,5.08623626324232,5.028378530882264,4.98532237410063,6.048600077032505,-1
711,5.422212020066834,5.345587656755913,5.014875675922349,5.046605341661186,4.949036881596233,5.061236762081916,5.04420948748687,4.998672336862473,6.034400785955045,-1
712,5.418303795011022,5.352982123953226,5.03568413753311,5.048123059680877,4.975861484861199,5.043636466647355,5.0562280132526665,5.0120498005351575,6.046992881924033,-1
713,5.4065255647131245,5.366661791975641,5.040358388322252,5.0375475310100875,5.002545101713726,5.034384910586756,5.061197657789723,5.026735814131828,6.046475130679638,-1
714,5.38493779186718,5.385463061666488,5.034775033737022,5.033933276669424,5.023619909435659,5.016091947562796,5.063593200493679,5.0422128599978695,6.04920328467262,-1
715,5.367812238923752,5.38735518642219,5.0323885609524535,5.033497697116358,5.04284550391456,4.998919599485546,5.066748383182375,5.060910035219261,6.04626365613854,-1
716,5.349249859539094,5.382108289575276,5.040030658907766,5.030206377599913,5.064915424418211,4.969309307671147,5.060461778962,5.072873928457368,6.0476407318860685,-1
717,5.324299398696317,5.384574154646314,5.042511351416364,5.017800808035271,5.082265827836461,4.933885435696439,5.04272158071436,5.080861702663261,6.046936942689351,-1
718,5.295561152272247,5.371486759964969,5.04000015639549,4.994318577606495,5.099593207671681,4.902996530324276,5.022428007820039,5.094904630978603,6.04334198104475,-1
719,5.271622494716862,5.37568655779161,5.035446079721588,4.961902923302231,5.1137974822956895,4.88043864984027,5.017314609758783,5.1007233320879415,6.039652453689931,-1
720,5.243047795385994,5.377681377769137,5.023144529210784,4.93241339362032,5.12969180459925,4.859539291557955,5.010243559248859,5.100578777040696,6.049516120796277,-1
721,5.212120017550093,5.37251477976364,5.025677783017729,4.919144987181222,5.14299347797363,4.845759834054027,5.015975249449294,5.105749265579781,6.044522830478575,-1
722,5.187757274939596,5.355602176888546,5.036856365899222,4.906122440366545,5.1511535586719015,4.8348875930106106,5.029213036358852,5.103326260264774,6.048151467285607,-1
723,5.1613124082458945,5.340442711567881,5.042708201923856,4.889502502994603,5.16453412754108,4.821951872758484,5.0351102663464715,5.103722269675614,6.045109852192605,-1
724,5.139534324102323,5.334869678139992,5.053240022243538,4.879835013646092,5.1702790077741625,4.819638642834114,5.043790538708842,5.113783534795115,6.040723620918837,-1
725,5.125232952527637,5.33051858304602,5.057641811141968,4.877252148789073,5.177365330413644,4.822061469338839,5.063903059379476,5.125773110525022,6.045329506926586,-1
726,5.118976886438524,5.33669523978698,5.057437527640967,4.878350603221362,5.179081974410689,4.826490521521896,5.085469448295151,5.127261919689018,6.043458505081426,-1
727,5.1137659017791455,5.335027531044917,5.056924491590166,4.893904462997716,5.181927854197217,4.83865644011509,5.096881594000917,5.129281881556575,6.046065290679078,-1
728,5.107605028629199,5.327470267494185,5.054648094934468,4.9057907017234745,5.192474738774178,4.856253121548964,5.114142766672127,5.127807270582166,6.038771686412345,-1
729,5.110811893391585,5.3168964747904806,5.051202017659275,4.917154901587887,5.204198061645087,4.878631518320706,5.121430662484712,5.118895044999005,6.042310501491249,-1
730,5.119823321107714,5.31692742912923,5.0429100454436036,4.933713855413654,5.2293808614402915,4.896751908102628,5.120980323542108,5.113709006167646,6.040284322710192,-1
731,5.1254720540770355,5.324385302714405,5.029311710611041,4.952450217368508,5.251781101649417,4.927264695722745,5.126873906916857,5.10578693533232,6.038347976446625,-1
732,5.132588914142372,5.323444011921898,5.020721590315926,4.9688607922290835,5.27738218359528,4.950146999412535,5.133545433205148,5.091608071954643,6.0448605337907875,-1
733,5.1282330086444015,5.317406523695548,5.024360785626201,4.981613403591134,5.2929170657984175,4.974130403385555,5.132976396739809,5.081991362303105,6.046820060212637,-1
734,5.113152188888863,5.309096630628235,5.036130416434884,4.994968370016616,5.2978318681491805,4.989584196951088,5.13751312094067,5.082517984083864,6.0419803834404355,-1
735,5.101435903300664,5.297720861916966,5.046403088578677,4.995599614704587,5.303537325327118,5.003383025068174,5.137082745047772,5.08974406349712,6.033867406644702,-1
736,5.089341289911607,5.2963672509865685,5.055424733093556,5.006634541826216,5.290313339157931,5.0179839614020265,5.130275472475926,5.096536290729738,6.0446876986438,-1
737,5.074824539893974,5.295585509482412,5.052914614705628,5.017490924192948,5.274976581767894,5.026741137784592,5.120061055497698,5.107355911874514,6.0479278130424845,-1
738,5.058521621486772,5.286586195930241,5.058553013964193,5.014071984549403,5.248960620232584,5.040324527887681,5.103876741165626,5.122800027311117,6.036822241470698,-1
739,5.043536296970833,5.27000016856876,5.073729637295751,5.017976553973456,5.218175319551955,5.04627630185133,5.08840755609649,5.140960580206606,6.044043286627288,-1
740,5.03187834263169,5.24858816773224,5.081764234440593,5.017267162875327,5.1945152426707315,5.059295165961416,5.071395374258294,5.165451306513951,6.042619606808112,-1
741,5.035277408811352,5.218336638172324,5.08242607136988,5.02958612717409,5.185643584583206,5.080889259344774,5.044524036806746,5.192237563398761,6.042460356459598,-1
742,5.037446501883786,5.1820488649002385,5.09096050057601,5.054830706849617,5.200445177529432,5.100673773744859,5.014777943778449,5.206606953522354,6.042475174450145,-1
743,5.04266750559589,5.138081801036967,5.102462170993695,5.085543848834903,5.206284427356149,5.122181295896926,4.988385400629464,5.211451745500569,6.045978111402503,-1
744,5.064040895501924,5.089160662521591,5.1181782720779925,5.107951000128767,5.213802452447548,5.135640128410968,4.972346488602164,5.214836196217494,6.053654174703124,-1
745,5.079201879402062,5.035800748922161,5.140103407534854,5.121071790919551,5.226485170009942,5.148382549921447,4.96031036150061,5.217223182326217,6.0422941223133915,-1
746,5.085673155807262,4.992286033723336,5.162521494086215,5.142271931044865,5.238778063462547,5.157494783002562,4.949564043436908,5.219127209067204,6.045169073278524,-1
747,5.090703163955172,4.955420425567334,5.1749794909929845,5.150812284477269,5.245773196769931,5.170148755490062,4.935152104438122,5.222175984430839,6.039235903283982,-1
748,5.087271732892338,4.930919028619082,5.192194286654163,5.160709199961481,5.237520201878191,5.179488775780062,4.923039278030602,5.232891673577008,6.040625055249513,-1
749,5.07397061579722,4.914443002804601,5.213999181494346,5.155546184219196,5.2181311001048,5.185017859158937,4.918541212598016,5.238440165303805,6.0486759669589505,-1
750,5.062545612171179,4.910044311017254,5.221237768165328,5.143759861438213,5.186076620379815,5.194621011186486,4.92113585753447,5.253117222618751,6.049491757894523,-1
751,5.05490800486032,4.914221166418638,5.229786331920177,5.133888356073596,5.164880099465156,5.1922395317865355,4.9257750731969505,5.278207833007761,6.032849417560917,-1
752,5.032294942221372,4.924765025332899,5.237139351500669,5.123073639776877,5.155729276342663,5.191870806658255,4.920459735578055,5.307012967842572,6.044166778511992,-1
753,5.01396808801906,4.941931480025391,5.243969925541513,5.1177846427921905,5.146274987434387,5.1854637793770575,4.919671967591722,5.332434210566387,6.047805577754072,-1
754,4.993327360158948,4.954139001124255,5.2496523105829995,5.115320256612771,5.142660278147272,5.189348283317944,4.923262001824082,5.350631712017604,6.041040371746128,-1
755,4.990517847320897,4.970599491954939,5.254944254074847,5.118181495907258,5.141932704453364,5.1897802878801516,4.932139377128767,5.363589766199877,6.03922328116953,-1
756,4.985681172125112,4.974740003087938,5.2575380136188885,5.127602615146498,5.149233648811372,5.184488446806915,4.942847842780127,5.36234882600308,6.050283325218224,-1
757,4.984683043035473,4.982821409159433,5.259951783383364,5.140291571886219,5.158724843340767,5.175046252914572,4.952670035976871,5.362327000329435,6.0447309603590735,-1
758,4.990595000348035,4.984034192529877,5.2653737233195175,5.157304330345298,5.162101443633473,5.170505494430771,4.968072422099903,5.3568246718043815,6.047833747010581,-1
759,4.993580185164426,4.988199906877053,5.27032946108692,5.179084770340068,5.166685287285938,5.16299473591682,4.9783440063306825,5.3428366118630555,6.046034299397635,-1
760,5.005152332160724,4.998609481963504,5.280090543141191,5.198257337102077,5.156146613765486,5.1515524539564055,4.986498365107337,5.325027883382354,6.03759938529253,-1
761,5.023469666988043,5.0126138576572945,5.285659044098306,5.210766194099728,5.14511459534374,5.144691678894345,4.9982816572460855,5.307446390402784,6.050237392089288,-1
762,5.051768285130962,5.0361089986307785,5.284936583224107,5.215121931573211,5.125554883956839,5.127017299822421,5.006470192822219,5.296354808324044,6.047408063652349,-1
763,5.063302088345682,5.061612798382475,5.287720290934755,5.220268014433386,5.115021383392855,5.116138313979906,5.013311531614465,5.28317586569308,6.051638967953023,-1
764,5.086688389570982,5.081051419204762,5.288879134952805,5.215553920443493,5.105810975331139,5.101832766295079,5.024617414128424,5.268816278922971,6.055135476550281,-1
765,5.109890656105959,5.087884270826259,5.284054222731665,5.21319732152648,5.101012899857584,5.095568913298825,5.048012012008915,5.249143492042765,6.046771557688654,-1
766,5.120363435003621,5.107050038965392,5.282507975037209,5.20663489291423,5.092719935203046,5.089649528101245,5.0552714525071885,5.232888216309757,6.046333601166637,-1
767,5.1201177546488905,5.121479917161009,5.278134513892279,5.19754129644123,5.075857446001731,5.096848608434361,5.066615652939719,5.217749870641777,6.044878810172861,-1
768,5.119508671818445,5.129019163724419,5.263637280204758,5.196733454995417,5.071788313490249,5.100329906186304,5.082945325781738,5.200950082865844,6.053798331760846,-1
769,5.113623059558831,5.141789163384543,5.245105584574004,5.200572201186481,5.071672053236381,5.103166496161124,5.091560825830698,5.189288577538149,6.044322082084273,-1
770,5.106449236630628,5.154299573519699,5.226033912257253,5.211840304190705,5.077387212808598,5.103698849912869,5.101936201658334,5.181093112545824,6.052281063406799,-1
771,5.102684579878498,5.17427237752474,5.209780591149457,5.217019304929474,5.079180851100158,5.101129295831532,5.114876187079993,5.176436843012352,6.044044657120146,-1
772,5.092471716525926,5.215235461854288,5.195037581831887,5.2272866704428695,5.081647933493866,5.109560279272982,5.124069068970927,5.1713754632193965,6.040989403887712,-1
773,5.076232838803641,5.266523327394907,5.18181688801822,5.249943337928287,5.088726065933915,5.116200432095555,5.122558624647449,5.1791886748786355,6.0422072721839255,-1
774,5.061362028338073,5.309280330755661,5.172730221235739,5.275723817758735,5.09289084789625,5.136240867872621,5.121456286953833,5.171953909832169,6.047027229187491,-1
775,5.048521144136297,5.351948191240387,5.16654166730402,5.2968503050988325,5.109566610546799,5.1528564679897935,5.119481475391518,5.1615543379960345,6.039721071313601,-1
776,5.0283178333259135,5.397858506205177,5.166935691728974,5.309935274158876,5.112529095313988,5.183931064234698,5.115504935059233,5.153143071937395,6.05041196695904,-1
777,5.012325435836199,5.426122571647088,5.177891382524455,5.326231917801666,5.107653968061513,5.220136072900653,5.112289568647118,5.148779160164505,6.0401958698885725,-1
778,4.9993856003098305,5.444227235840256,5.195756028424177,5.347842253315426,5.097852851398573,5.266913246898972,5.115815816141799,5.127685816453501,6.039913670003161,-1
779,4.984871869074322,5.448615472300543,5.215250308501027,5.37509739678798,5.08889367215936,5.307147239848667,5.106845343988568,5.103480095495669,6.050871068361093,-1
780,4.972830179335002,5.4434976896209175,5.221883920729213,5.395288121265909,5.077625351953783,5.336886156608763,5.100062391502085,5.083174730880338,6.040065733639985,-1
781,4.967590757654637,5.4291752759095875,5.228643142673454,5.3964714353687695,5.065186927762278,5.357764224530412,5.112446718104593,5.051831817684797,6.049502603250078,-1
782,4.9719378844606315,5.409671200031281,5.229561559455507,5.381822171539656,5.064792299516723,5.368379055299105,5.126533657941417,5.039431896965707,6.04148580913501,-1
783,4.985089132381344,5.40065921166911,5.230738211316728,5.36434045782813,5.0552224917767115,5.377422671806501,5.142922118178173,5.025777244594605,6.038127629033849,-1
784,4.999594133168244,5.384884066172043,5.2311700174699896,5.343278080931152,5.0549184397640134,5.373807771111656,5.159002840591279,5.0162055526651725,6.046772415440538,-1
785,5.011711450756488,5.375358945338028,5.229966908891643,5.318760486057553,5.060565795085438,5.359052622405702,5.186661450975347,5.002539949677096,6.047656544442481,-1
786,5.018975201456982,5.367048921451675,5.217155323033936,5.277015168149161,5.068946812882794,5.346307272420969,5.2140610278594774,5.004393890074836,6.040003200966962,-1
787,5.025311764853922,5.353276866044046,5.20696863609923,5.227431764489831,5.074339848983612,5.335223643308,5.2505217882802215,5.002213691980951,6.048690533356055,-1
788,5.043585174890312,5.343092239532569,5.201004638698423,5.183253760567222,5.08117469315322,5.332865442809554,5.277572066864633,5.005827907294579,6.043349933538841,-1
789,5.058306385533237,5.337337019277602,5.194874641503598,5.14337487558692,5.084583920136172,5.337242697220489,5.2855772565476205,5.005061658512284,6.041258110921546,-1
790,5.073431754484178,5.3312352195949995,5.201407078105837,5.119500769515002,5.080204176334428,5.339386432092372,5.295541876882512,4.995682573314628,6.045301700010193,-1
791,5.07993367370357,5.312526352877284,5.208809695481094,5.095603780121374,5.080904317878247,5.342999146322261,5.304041069043605,4.999748086808765,6.050829394113691,-1
792,5.084335664358534,5.2961889816655106,5.219203324829325,5.075532994500823,5.081401978139227,5.351748022103204,5.311584076862381,4.994579298375177,6.050715151359033,-1
793,5.09195708459811,5.275455853963356,5.234200313089737,5.057025343179388,5.077047416444547,5.361703233522229,5.309144250031041,4.987660189345499,6.039890895774647,-1
794,5.092615736108656,5.2584966218043,5.249586717863355,5.050542984973265,5.077450781806942,5.357385422121244,5.301138032033687,4.977187968772846,6.04025873638393,-1
795,5.096066181772573,5.248813172946335,5.2603981951352585,5.05331862792844,5.080910892888575,5.355035806951933,5.2975575559997505,4.977465710176858,6.0515415578154945,-1
796,5.088559551451385,5.241838991143089,5.279918306347736,5.058872460248988,5.084841060337153,5.348028698131646,5.2986306533306164,4.966928038443766,6.04204010625958,-1
797,5.0916655888398745,5.23001399600905,5.298458777421491,5.054254855961763,5.088243360622619,5.338005587976882,5.300750406221923,4.969129606548622,6.0408931136046276,-1
798,5.098051317313151,5.219541472320836,5.306623009619995,5.045749708218924,5.093321972939026,5.333087615231453,5.300186694052567,4.975143472722025,6.047181753751193,-1
799,5.09955617414884,5.208552481025301,5.304618106292433,5.040758434566827,5.093964017636301,5.327687091137727,5.29785493839675,4.967551760055637,6.048231543544629,-1
800,5.096262825774453,5.194293578584486,5.304337165782652,5.04144792618731,5.083072038460898,5.315297723878106,5.299535629722688,4.967216581258452,6.047969294226032,-1
801,5.094567017023234,5.185745503484786,5.295521570313806,5.038559142506368,5.077914702682381,5.307582867877757,5.294572071112883,4.966864499341449,6.041362211285172,-1
802,5.099004959747579,5.17834430258492,5.2961683852459815,5.021445807254315,5.079915090081413,5.298199962431793,5.291881909308258,4.9675544876343904,6.049478021535673,-1
803,5.105370806782068,5.172853135015512,5.303624876612688,4.993651524956423,5.087516270311424,5.288367411467321,5.28300735477147,4.960188792412437,6.045673072121432,-1
804,5.1095386013000486,5.158860295246472,5.313079060690237,4.969124512064058,5.092545929495114,5.276900003682242,5.272999161052716,4.959156978297824,6.044103357290289,-1
805,5.108632042904054,5.154185837867334,5.322299910245946,4.954661130376125,5.094408411217467,5.267110224166713,5.259716671381099,4.964205228940922,6.047907729955636,-1
806,5.1037103899627425,5.156430009059969,5.33131336765867,4.951003243388308,5.096338039766303,5.255811168932342,5.248973434474284,4.961629822753366,6.042138270358502,-1
807,5.109887930693054,5.1690381034878605,5.344236015438767,4.942293210532816,5.102017748164496,5.2435018806231675,5.238333786643263,4.965981720840325,6.049051452103298,-1
808,5.126787681498384,5.17939314082149,5.35196810155983,4.928683869372082,5.12004106963312,5.237131136039913,5.227624963766582,4.966405545547519,6.0533231122471,-1
809,5.140124332233831,5.192608864541171,5.360396353822844,4.91902899190224,5.133815536444801,5.231164314966187,5.225113339922465,4.969748426997869,6.045266940473246,-1
810,5.155889512628718,5.192635753154638,5.367229178923154,4.92741701781839,5.137823974249356,5.231015988948238,5.219306292366232,4.966007056863612,6.039317662807885,-1
811,5.17041458800043,5.1867447384249905,5.369485076805707,4.942740742591791,5.135868702364715,5.231581532200567,5.214834867648961,4.96393227278981,6.045689373228901,-1
812,5.18763378124118,5.193805001833576,5.371604382536475,4.955587372135016,5.131943393813621,5.237435672004408,5.1978191224872266,4.962149862131025,6.053151519589608,-1
813,5.204374197120975,5.192455238660323,5.380718761332542,4.96352876412856,5.130480462223779,5.249409429500392,5.1850107028208345,4.959360196018042,6.0462374755968895,-1
814,5.227399261762414,5.193104071914942,5.3856335808876885,4.962107577697476,5.1287062510818675,5.252540572232246,5.170741698022461,4.963203329257523,6.043239428827016,-1
815,5.243532771360135,5.188733643673329,5.392037409900304,4.9714625162211075,5.122660185447591,5.2643129317500295,5.151228399987469,4.9653653180883275,6.046526048993368,-1
816,5.251030741704453,5.18309551906442,5.399656080771989,4.973773290484684,5.113548877351683,5.275917746860001,5.13091110524801,4.962707139619551,6.038354058608517,-1
817,5.246489090965674,5.1800117458513055,5.393227314276956,4.979785479172416,5.106160583460967,5.2848416213396465,5.108698376886808,4.964645057080335,6.044099045609686,-1
818,5.231417334622872,5.190086782168067,5.3859264119952,4.980458979581337,5.099577275257572,5.298105754950947,5.082745038132767,4.970591565666828,6.038486714704764,-1
819,5.217596409937149,5.204243822580831,5.377275742592651,4.978454364004715,5.08745697428162,5.310557438746707,5.056663493846557,4.973794371345618,6.0475515938961,-1
820,5.199805504444654,5.20789251963463,5.365522070741206,4.975826433008503,5.072385324804294,5.313628245698461,5.045312853071275,4.974277598123891,6.040955751818145,-1
821,5.170031506304182,5.2224128175113655,5.3486729700918225,4.966373427007106,5.060205111431902,5.311033301684104,5.0316149282526785,4.974826658206264,6.037153914060363,-1
822,5.13161817822573,5.226739139172247,5.3387127315791005,4.958497259840212,5.055887556599388,5.322400638245764,5.028028122809418,4.9795662216887,6.054664666167375,-1
823,5.093651582009189,5.2268903093747685,5.333056807978878,4.944440575720527,5.052238702743675,5.327602866156088,5.0397363116756555,4.981954464630651,6.047306903146641,-1
824,5.061623421954297,5.237607944384283,5.319871768296877,4.93247811303641,5.047726741882542,5.328374574782467,5.052929555277528,4.994373023300764,6.0480580668752815,-1
825,5.0404086376391,5.23218216230405,5.312246525543999,4.916938049235939,5.0447090964548185,5.322480283535387,5.0630292625588496,5.000102893060601,6.043968008721163,-1
826,5.024760780304012,5.222485294859135,5.316013392823092,4.901092951807904,5.041342035862807,5.30838707834115,5.078899578535158,5.000870534674712,6.043803501598332,-1
827,5.015619007071747,5.207375053809445,5.319183907352189,4.884022684608433,5.039394258635511,5.295984013773581,5.097967613859942,5.007146973128371,6.047937390241728,-1
828,5.006523815570027,5.193727902983125,5.313728402881159,4.868005576677012,5.04100639402002,5.291606677817638,5.1149603202332905,5.026070557503996,6.045970453911115,-1
829,5.007349175085461,5.179521981598287,5.298934030138188,4.869410597103618,5.040837021503601,5.289386096716115,5.142787986787859,5.039423711406661,6.047689159401103,-1
830,5.006468346187456,5.164240312430945,5.283839094283879,4.866365428966769,5.040697766339645,5.28095743135025,5.161638455876739,5.050088736741648,6.046673459742322,-1
831,5.005754884615564,5.15085220632525,5.265161741382307,4.861284064410545,5.042198882012754,5.261478639899314,5.163278872899095,5.064848421743714,6.042530974257357,-1
832,5.010272657149102,5.131491528050088,5.258266053883212,4.8620742719213865,5.042802363185194,5.23322163526866,5.165606474799886,5.075500403606359,6.041399614100669,-1
833,5.021916716958194,5.130286412732799,5.26240113237985,4.861305717801292,5.025726459533609,5.20519312516951,5.174622905293711,5.0953999256858005,6.0431601439445375,-1
834,5.03560835535135,5.123181967484803,5.255852829181239,4.856910664751511,5.011497531457149,5.186582961400316,5.1919548538349325,5.118685731020211,6.044105590929424,-1
835,5.044394307285578,5.127202092014241,5.23973862500294,4.862629692924421,4.998960682650555,5.172787890699963,5.205744452026398,5.142394895849052,6.045158092103867,-1
836,5.053167314450507,5.132394191215021,5.221568995347196,4.8705352130521975,4.986576047651164,5.150003231740294,5.219921646771385,5.147310084244919,6.052802005483355,-1
837,5.067521684057009,5.135117830991106,5.206677927822814,4.877732114091442,4.97311205328701,5.128237520013158,5.217258271365811,5.152366304087259,6.051909872958636,-1
838,5.08936787678869,5.1447247515952075,5.189471684981072,4.886585035439035,4.952961488028896,5.100259815914541,5.214591671784908,5.149097142318417,6.051249757864552,-1
839,5.1124459284135355,5.159161803905212,5.173971179452548,4.8989256957107905,4.933578810124951,5.077152238939336,5.220657551761169,5.146447075783584,6.043550308765018,-1
840,5.131486216261199,5.172090578948448,5.162320358043655,4.921825082898018,4.924129844448586,5.064666708801551,5.227532221941094,5.1554091758015534,6.0427204143818924,-1
841,5.139133826219269,5.1866467317475085,5.13947987359056,4.949278928560978,4.9353031855634635,5.059150930110426,5.236764522292212,5.150603445827585,6.0453616474441985,-1
842,5.14290459965458,5.202655321484523,5.1183215165238956,4.972251024733239,4.946386037503037,5.04930894182638,5.230997037517299,5.1441595983044675,6.046733932337424,-1
843,5.1357380417352285,5.212286911049543,5.103219438313354,4.999107701875408,4.957639795467703,5.0361579070064755,5.233365106831112,5.13791060026732,6.046811015370442,-1
844,5.125735390045864,5.221360848059932,5.092054678130136,5.0260121761813,4.968708810084949,5.023672329903778,5.235431150838877,5.144262305524393,6.045982913538849,-1
845,5.108006426682122,5.22814588638591,5.088032562320349,5.057911033502313,4.968646291974931,5.006142342562703,5.24425452407494,5.148889443361708,6.047107697910692,-1
846,5.093281032559692,5.232197934056065,5.076435042001078,5.0862083678921675,4.966715345228106,4.99547363999899,5.24532281878024,5.162186216718023,6.04105777164801,-1
847,5.080358545888859,5.226643237161321,5.072279573212372,5.118758224909823,4.968569214175525,4.988920671979842,5.240900704674046,5.169491461769889,6.046596683558911,-1
848,5.06322822161855,5.215775482842585,5.050388463204714,5.140340275669685,4.956615224582729,4.979093837650167,5.228551910477206,5.171048116124622,6.045854176908542,-1
849,5.050497252964795,5.1986797739634625,5.047033589798316,5.162981139273597,4.936151680756526,4.97650826940832,5.211732822621741,5.182297058617491,6.0493868246798135,-1
850,5.048727957064357,5.187088737804734,5.0443702996098505,5.18226905076242,4.91096200299408,4.979848264257404,5.204410882481367,5.2032546942460645,6.046721207486689,-1
851,5.043319668890479,5.174571728517491,5.038781155101715,5.186205909566564,4.886204784295369,4.984621846886654,5.196883967760717,5.2159029518979825,6.044623368139941,-1
852,5.042342654582589,5.160660584310543,5.033531767759962,5.185652909455342,4.859348943027953,5.004870979632959,5.196014548673579,5.2245698122871875,6.047203947594347,-1
853,5.05261628971934,5.146858746625062,5.024059006364278,5.17549573813754,4.843084671131789,5.0191400800205885,5.184955636258074,5.232445159274872,6.05700125442619,-1
854,5.0481973401079365,5.129501923676818,5.019389726699195,5.171862173233661,4.838067671224368,5.024635217346471,5.175351323370995,5.241076105621967,6.052431296077818,-1
855,5.032032903345065,5.113679738571088,5.002249691097202,5.16510554091326,4.831770153054517,5.028088384865514,5.179053837671799,5.250539054046129,6.048254687852557,-1
856,5.011069779218459,5.109257132769113,4.984856553107853,5.153417512883767,4.83524255696407,5.034913460851264,5.184578280797203,5.259605372582396,6.052227679093969,-1
857,4.990808461427372,5.0992544030007245,4.95371312708815,5.1376206896192524,4.8392316718264805,5.038893641619233,5.196615929334904,5.259034548206142,6.055026457793448,-1
858,4.965423326749795,5.084714299028514,4.913762933048936,5.12665770505171,4.841887734216208,5.046221084857548,5.2127368036088555,5.254400026528047,6.046023735273001,-1
859,4.947820084190618,5.0721389645015575,4.885094959797904,5.118129180859652,4.839417610340016,5.0554918325215805,5.210782999717042,5.2512017230701575,6.053509975680245,-1
860,4.929688913227943,5.06047468102619,4.8649227322102355,5.101598191659189,4.837435917235539,5.058883721803484,5.202991274634166,5.247325637924078,6.050095068004524,-1
861,4.907422108071843,5.047944205971492,4.854103428506961,5.084120025785012,4.837476827508948,5.075788666295222,5.202736976309426,5.241641932562029,6.050398453914925,-1
862,4.899367979609993,5.038995423417836,4.852453429408867,5.064704938193084,4.843202741039056,5.09725026200466,5.209150098927265,5.242867755601128,6.052569946281663,-1
863,4.9008408860077015,5.034602450633159,4.864093816747879,5.039296653962335,4.853156478617576,5.119077834982059,5.2102580793928235,5.250471983700269,6.049548841604437,-1
864,4.9129409482352475,5.028533293094038,4.872521260537252,5.020072326711496,4.866790407677138,5.134520061110422,5.2136804609881615,5.257797554963104,6.049301683140346,-1
865,4.922681523552819,5.028931394591433,4.884399955376088,5.004594334873923,4.886982037198512,5.1571603438185285,5.203872041399466,5.265683387455382,6.044142429981111,-1
866,4.931989779868119,5.033127061329623,4.908822747638573,4.991896041193921,4.903100929723929,5.173432190139364,5.1929023125163285,5.267717740738199,6.051418849889757,-1
867,4.942301480340145,5.036358698269353,4.937003958363707,4.99133893590941,4.92325073580283,5.186431034692514,5.19790328941512,5.281393323018478,6.054572386861766,-1
868,4.9490512641883315,5.04504561717142,4.963855668204983,4.9955190635916935,4.942629320982845,5.188441799806354,5.203549864786812,5.292989270255153,6.049121020095077,-1
869,4.950936007101134,5.053368933067887,4.984124436752261,4.999805996463801,4.959565096953061,5.1821847964294365,5.218264333573902,5.301891846960401,6.049809227386095,-1
870,4.955661717256511,5.056836094064986,5.001023657128706,5.007115147427883,4.966695140112691,5.165635702289379,5.227032936313974,5.309876722526692,6.0433831319252995,-1
871,4.958453155772212,5.046248709046244,5.017754107329592,5.0130208614059395,4.967155114641336,5.16384765425487,5.230635306764987,5.304380286240771,6.047416717896729,-1
872,4.953534843977195,5.035447122502251,5.045983418712108,5.018957561058057,4.96320489227517,5.167929631175694,5.232898491758562,5.293608621386178,6.043468146175107,-1
873,4.950741347563845,5.015370480354454,5.0712985759604425,5.028028978386891,4.961135611893219,5.168559588559921,5.237993154333012,5.277953978685557,6.044265898321576,-1
874,4.9489664555719015,4.994394696678417,5.08931839240409,5.042766988962983,4.977141694456115,5.166824144076712,5.23603773507998,5.272536063354488,6.04899354471023,-1
875,4.945140482996319,4.97043150556526,5.099291912658031,5.043314527665791,4.992877186615887,5.164325493471267,5.235963254803637,5.2607827327307595,6.051953593468304,-1
876,4.934043709177736,4.949887178958561,5.109542969362719,5.052986679086351,5.01553532762866,5.171699015126881,5.23470112508026,5.246668689104942,6.044775484412106,-1
877,4.928154337423634,4.941297112533565,5.123663159589374,5.06058975643807,5.043148615229394,5.177404604063332,5.227331191717806,5.233795471673505,6.051666200705993,-1
878,4.914697445933804,4.9329043047164784,5.136703426896942,5.0570891639565865,5.069258377504996,5.1866435052519195,5.224078268078181,5.211238066661599,6.04973035529594,-1
879,4.904424564054333,4.937183893867175,5.141328230359649,5.058670154119868,5.094458101910671,5.168447808383506,5.223220386378024,5.200189410996471,6.050434873490761,-1
880,4.901919729753521,4.942379706184453,5.153258707136722,5.056371027716165,5.124948096626794,5.151711140846335,5.226620627124387,5.190735681012103,6.061381317624167,-1
881,4.893560908009388,4.949709703984667,5.170206811655531,5.041617238118457,5.152125261931063,5.131900634682181,5.227507220344598,5.196219096558175,6.057123171502978,-1
882,4.883491927043455,4.955219576585476,5.187954301230191,5.0229268642990945,5.17416791242784,5.115862226899049,5.230813793431733,5.192801054398419,6.044046504957395,-1
883,4.877513132155498,4.961354208520888,5.205087221661571,5.016221186524133,5.1859908974865645,5.097230944619045,5.221711568385386,5.188711997889455,6.049724641343137,-1
884,4.890057349443037,4.962265831815443,5.218437857824794,5.00314343343949,5.202927864419067,5.082425773410912,5.2173814642872856,5.1867423899200915,6.044071253458549,-1
885,4.893416146840761,4.95612860284378,5.229572602671164,4.986512075383862,5.205559607288882,5.075166741246021,5.2135805203145855,5.182632101847305,6.049204802481554,-1
886,4.890722606190318,4.958444765031343,5.24136449518188,4.975958869418083,5.210992382567613,5.063849206653517,5.204807611113824,5.179889670998098,6.042403002101026,-1
887,4.892169299148223,4.954873546301527,5.249681683200873,4.958279611196773,5.225928857846663,5.062399439472678,5.195184956798321,5.181615208652491,6.045625313386717,-1
888,4.8877330683405384,4.944563233806329,5.246262184107222,4.946368648117361,5.235887405044025,5.063112584521806,5.178924117447429,5.183908901297209,6.058676197876128,-1
889,4.886147671560913,4.937671328041468,5.239656125316159,4.941510673709153,5.237102428930318,5.056460079575957,5.1674078498637845,5.174503785821832,6.048386161848261,-1
890,4.889843461760615,4.9258980877556215,5.230113770839659,4.9369053971836045,5.231668718036358,5.042279857823002,5.1627224454443645,5.1632549021286325,6.046560031787314,-1
891,4.900400868812475,4.910382879049272,5.2243560408935155,4.92709617332199,5.234423181778611,5.029830751945743,5.156081709329711,5.152875630607377,6.050204696334436,-1
892,4.9060321340633335,4.890398991793072,5.217331864145475,4.903085045833348,5.227374115851144,5.0057702220244265,5.144316361031876,5.15428426706142,6.04586592643672,-1
893,4.914862649043051,4.8708750695398315,5.2033470319025685,4.87660545955704,5.229679538197505,4.9716675456955945,5.13006331993879,5.159701454520234,6.049538088996267,-1
894,4.933339742642788,4.844194325545957,5.192994216632016,4.8523864848397515,5.235186267930839,4.9536926487347746,5.132033535196274,5.1589180889130315,6.053229332746872,-1
895,4.947143420668213,4.816365929726779,5.18780086347763,4.835791908036364,5.2373860293999455,4.935805577196736,5.138330129840964,5.144307641576185,6.052130863431011,-1
896,4.960635794119817,4.793779569911353,5.190887436019941,4.8162195988794,5.244091309644214,4.911881998858124,5.151014819415292,5.138548259662878,6.0454836974297415,-1
897,4.982415284258642,4.776442031747509,5.198069501842628,4.791964788414761,5.259067968136578,4.887729520648072,5.15199097215069,5.139989352763839,6.051091107697443,-1
898,5.006229348585586,4.76930226164469,5.205566086141577,4.769129105158098,5.277106746221558,4.871016882387104,5.157065700932745,5.143460474434519,6.040463695914188,-1
899,5.026006908913298,4.771540681024451,5.213847694609266,4.7443164587743585,5.294422004667254,4.853254206559352,5.167574036233762,5.14303786075528,6.04905040199277,-1
900,5.044483376336538,4.7792396738072584,5.219941432499281,4.733023438092677,5.309507831893242,4.84181548944394,5.176100295715752,5.1427994460611215,6.0490197458082795,-1
901,5.059080880672167,4.785366361565526,5.237389550736943,4.734794014190061,5.314915281556868,4.837752556808308,5.178822095141465,5.135358040004734,6.051215783364453,-1
902,5.0683367206066885,4.793201818712908,5.24966823131731,4.738628379131095,5.308948274428641,4.827294279512935,5.165802150759633,5.139732327652785,6.055183506476634,-1
903,5.074329877412847,4.814372220591971,5.260307191934792,4.750825908283714,5.297506830696297,4.826398979644965,5.158739365027505,5.1562411943884925,6.05019455363258,-1
904,5.083217125448344,4.834605314333341,5.264397710766063,4.768271786076133,5.2805810782336735,4.82495967716739,5.152256749539791,5.159378893351037,6.055201324026675,-1
905,5.098559958694679,4.850806973292235,5.2702394286103305,4.782811560106589,5.2658807125754175,4.833279083273837,5.154363164116001,5.158035513419832,6.056060291629831,-1
906,5.109599367962178,4.859388641759714,5.261996535384789,4.797291191646273,5.249056438896104,4.845691612754436,5.144789995827817,5.163792130301333,6.045422724986123,-1
907,5.115900113961433,4.865357913823672,5.241950505330648,4.820388339451419,5.232643873061216,4.8639930637742985,5.134118229406756,5.170283037100474,6.050380028634443,-1
908,5.116031611236048,4.869746940423427,5.229805763944934,4.848025913454732,5.218682573654444,4.880497305917814,5.125830469169511,5.15823874148616,6.047168479844069,-1
909,5.118040203085547,4.879824731440069,5.218094474776627,4.875567098028011,5.214644606517442,4.892785818842148,5.1282832843430235,5.154698359035266,6.046992201782904,-1
910,5.1197324571830185,4.898061720360796,5.19733316807411,4.896763026157871,5.222005045919018,4.910692897442975,5.139065056626722,5.145308586934032,6.053548418442608,-1
911,5.13313445511032,4.904537227814297,5.174422788598916,4.909262118470836,5.234528246955693,4.9279507694928135,5.134950798656944,5.134445229319434,6.048642555824403,-1
912,5.142996729026436,4.90533275912491,5.155988682194161,4.915759130618358,5.242861277798331,4.949255039866126,5.127866803576182,5.129901831738572,6.056575853344454,-1
913,5.135281240021845,4.911664547486695,5.135348419888041,4.937784235162684,5.246066841593533,4.9674970774500204,5.12363895477575,5.127175589976614,6.048198932139885,-1
914,5.135007329333015,4.92068435586644,5.134619661092566,4.956315139783799,5.236479639311446,4.977212590731504,5.114855279527804,5.123707834833917,6.052278916467848,-1
915,5.137983249494649,4.9267046834045125,5.137774033240131,4.975100716479238,5.226311572373175,4.9832030064535076,5.104304533558819,5.115557899751569,6.04560812953212,-1
916,5.140460819788805,4.934724848630989,5.134834333004802,4.989926164726979,5.218498581936176,4.9914859110164596,5.095574660983718,5.112835525018531,6.042246764264186,-1
917,5.141015022148623,4.938794203126058,5.124003898132804,5.002934326011287,5.210938531716013,4.996687476072454,5.088185413585151,5.11160073682003,6.045727665656854,-1
918,5.134797688439985,4.933535209398075,5.128135080988417,5.021404547353189,5.194887019857517,4.994736620978513,5.068868195121965,5.116624447976056,6.0462530056911215,-1
919,5.123249077264074,4.936640433666218,5.129138232578265,5.033357905207581,5.1770450659550065,4.999874445972002,5.054490740324297,5.118308440755373,6.047637327277161,-1
920,5.120312437156104,4.950442813699255,5.130544499593774,5.044711280664887,5.1581319171888245,4.998219852840689,5.03572153438196,5.116438756964606,6.052559764523659,-1
921,5.118548462258518,4.967013611236671,5.126716647468552,5.0533888689454365,5.133786406887618,4.998891790808644,5.020644470358606,5.128328163785717,6.054218119090155,-1
922,5.114930313581015,4.9854060907764834,5.113770405804093,5.071957051385821,5.122013285161367,5.001595814600095,5.012550744613656,5.1370536759335605,6.042339694394108,-1
923,5.107080192217339,5.001866911766644,5.097393252283074,5.080882322992166,5.116689436250481,5.0018756239844295,5.013134357094484,5.152521943832535,6.045921165369313,-1
924,5.098573849329112,5.018487379903417,5.093370747186798,5.0931927635510865,5.116378010813318,5.00106211466899,5.012462959995427,5.170685379965134,6.04021469499893,-1
925,5.100447300691227,5.040471161909309,5.096316874751982,5.101849344280875,5.117434199774317,5.007241863891839,5.002362784532777,5.191326904586157,6.049375802683307,-1
926,5.0983202932114144,5.063718486474367,5.097328038533708,5.106302835777674,5.1295093308611355,5.009897747034167,5.003568014483415,5.2058495119672985,6.054176505066665,-1
927,5.092553846999554,5.079146117113037,5.103031524418135,5.1162398217856335,5.143418569253155,4.999460929832188,5.000738197000864,5.2257732393361795,6.0446560694411735,-1
928,5.085954217857051,5.08457060285311,5.1087406555545405,5.131655119756161,5.160558565948459,5.00642298795332,5.0021815636494065,5.246613455046755,6.044051949998952,-1
929,5.087686574224136,5.081442545069127,5.127915293413109,5.137831889403053,5.185097498155064,5.001479329915133,4.996355359674325,5.254266264619075,6.053604053709521,-1
930,5.085175707154917,5.079048729700676,5.145862049756078,5.12669556516944,5.212353823261217,5.000627775565531,4.987680118890286,5.262278134364921,6.051535927039282,-1
931,5.0899570986413085,5.067518468733937,5.175901566031554,5.122849264657812,5.2363861607340265,4.998888840260667,4.975570429909548,5.2709700114863125,6.047515123814259,-1
932,5.10308995371901,5.045068523226108,5.192270581219556,5.113922231399498,5.255310608805671,4.994811970431382,4.968963014291261,5.284340861568831,6.05015453502351,-1
933,5.114670523315837,5.018832435468662,5.207793142197945,5.099067897153831,5.266167272443703,4.984544265018862,4.967261518203358,5.28833083971821,6.054867697701039,-1
934,5.130998656315808,4.994553567852498,5.226113721171364,5.091041969028851,5.2765465186460085,4.97926181592433,4.95472658271944,5.287487611815966,6.053521985047599,-1
935,5.146798584167853,4.972291254201035,5.24178166623882,5.0841601262864815,5.285027563811946,4.977743173357348,4.949423210524663,5.279827240049663,6.050522344366814,-1
936,5.154949808162677,4.9537268249083555,5.256972635974484,5.06745463041832,5.297249093259187,4.965663532756633,4.948923315655143,5.276303490235823,6.050385806863033,-1
937,5.164764666371987,4.934536560646787,5.256711088002086,5.055770358403018,5.307378372599156,4.972560996445335,4.940371298725877,5.278623110254256,6.053323199328724,-1
938,5.168313273015205,4.918009526882967,5.266531734934622,5.055352027402127,5.314319085882884,4.9719770245347314,4.935259268410607,5.279926975563517,6.0519624878713465,-1
939,5.169185538811153,4.915359817522022,5.261978729172482,5.0437398365460115,5.313919041872438,4.972236687417486,4.9287242605777575,5.278853589764446,6.049481392202892,-1
940,5.1627118065527355,4.920972236552641,5.2552355508401964,5.034313745067854,5.309936494147999,4.977739836049708,4.920156903683441,5.2731789312409285,6.049076743867026,-1
941,5.1562387854805065,4.9262215059743415,5.241520843256221,5.032569823219773,5.316573050085957,4.98428503920165,4.915406694267064,5.267200118774774,6.05415354884097,-1
942,5.148378496061374,4.937033815896061,5.220156940367207,5.028387895039016,5.316231217373332,4.985593653077823,4.923490017264781,5.272765539000723,6.049018395722865,-1
943,5.1434135018358385,4.95833369962751,5.204190300828181,5.027419100497841,5.315552128465036,4.982829314815146,4.931930676544581,5.277940791369344,6.049065493277248,-1
944,5.128490848806679,4.97112455391863,5.184868203069783,5.041748549037088,5.315009398978749,4.9803148876691665,4.933176626327191,5.275613391045716,6.046965556322363,-1
945,5.114333377529092,4.987221900827597,5.171203847045804,5.060951338184612,5.315398069230522,4.959392093943572,4.94472591384879,5.270485498246688,6.0509788331445815,-1
946,5.10820702460215,5.004176440109225,5.159568710180211,5.080038209495132,5.307913476808069,4.942515044917017,4.953936005940978,5.256239066952531,6.0478807740211735,-1
947,5.114196295075786,5.019369030636217,5.152282992321586,5.112672524365645,5.303310250284598,4.9295404164274785,4.966367606795562,5.240510423818329,6.0541541437738084,-1
948,5.124710230884228,5.033024362764316,5.150627125731464,5.143337535215348,5.296788862424658,4.918103064575028,4.9807798386741675,5.2297608047832265,6.048951206955583,-1
949,5.130431868089069,5.047759938923274,5.155465654261136,5.178215907205785,5.282993256513249,4.908951390368595,4.9982330342789485,5.230258251425848,6.049185868972613,-1
950,5.143420009372015,5.053785976781141,5.163559931842505,5.208772551031169,5.274103253221398,4.907264728687719,5.009806019574945,5.216460659641127,6.047231830946391,-1
951,5.157431039078167,5.053213091408078,5.170591238240689,5.23347331104661,5.262647313048641,4.903571050454259,5.02331664523094,5.205822052276405,6.046351998053958,-1
952,5.185490499993974,5.06755490191465,5.183793464781285,5.242627203124612,5.245806569142776,4.907831365234354,5.042278876433015,5.192179929105583,6.049673077402175,-1
953,5.207304100486022,5.081357956959684,5.195958585321688,5.247129103826386,5.236056215542567,4.929346919476071,5.064423321935936,5.183692282395313,6.0497039519527345,-1
954,5.2182292732069815,5.0923964688126215,5.198108878338956,5.249778546618762,5.229182652370024,4.955217861719545,5.080672782142139,5.17658181963181,6.0454490313388245,-1
955,5.210750354566726,5.112177473116996,5.206646574903075,5.2419163173084,5.216965419043713,4.975848608955493,5.093548231422474,5.1709229474723,6.047866064684729,-1
956,5.198227883921225,5.1395572122049975,5.210876217319169,5.236704301051961,5.2065540995253645,4.979918549517927,5.102461236329935,5.159415536910356,6.050976507901258,-1
957,5.191153700608442,5.160166010602493,5.210418275531698,5.224066146539164,5.194545034015899,4.983139534426899,5.110468479872967,5.143410363328535,6.047401145695729,-1
958,5.171915973254801,5.181103178631077,5.20746077151117,5.214095554907072,5.179120400144406,4.9834311518292305,5.126289711435941,5.1266310391064005,6.052262656774867,-1
959,5.151767504847343,5.194860854719593,5.204577185609431,5.212756609698021,5.167072084764204,4.983963235881539,5.135212077169622,5.111098885028201,6.049557340816527,-1
960,5.134881580471838,5.2061807927830905,5.1974652778503065,5.218439765149167,5.165691628731326,4.976755117335667,5.1456280763753695,5.102316133316683,6.044111910604987,-1
961,5.117171458485478,5.223934491118587,5.190580025679911,5.218949310662918,5.149728136416746,4.9624059580237585,5.159952218079617,5.0840768872588775,6.052284585749649,-1
962,5.106988343954454,5.243583105707335,5.18563815851412,5.214899410233271,5.1324329569462535,4.953209299890019,5.180205117228288,5.067532901570847,6.054402927650989,-1
963,5.102605863744724,5.25567730861967,5.177463222621766,5.213644111652345,5.133984277644409,4.945279853767564,5.20414529029259,5.058784987146017,6.041905327268963,-1
964,5.103054477642489,5.254975942274399,5.166582917450968,5.201017925103096,5.136612860825176,4.957365726187493,5.221685504514343,5.0579748558524065,6.0497065114517365,-1
965,5.1067441699497085,5.2529967046811405,5.165921095745076,5.203712596265717,5.144795620749554,4.975583731797977,5.225252168207659,5.044733378562461,6.05621397671866,-1
966,5.115196406617035,5.259163734908022,5.16709546504046,5.2032182623850485,5.14753599857342,4.996582391255422,5.224095818712124,5.039027954341483,6.044114810280058,-1
967,5.119668036903107,5.266525712276567,5.173392898127434,5.199149645628011,5.136558265900563,5.026740973089772,5.215619821846396,5.036875222096671,6.053389372869877,-1
968,5.109582946531011,5.268111469467785,5.18176777329841,5.196142273131961,5.115775051532476,5.066967301476629,5.2001196939419305,5.033898683356652,6.044418613926001,-1
969,5.103458136285534,5.260138588818124,5.194788607786705,5.190393354652182,5.106132396720278,5.1031661658898715,5.1823231755911205,5.02796886849695,6.0475787296285874,-1
970,5.0858699301770365,5.242248953361746,5.202367597038251,5.192661054469899,5.104586224712437,5.132947351186971,5.1618526823955015,5.040692545862782,6.041848800630575,-1
971,5.067420889777422,5.226713078461293,5.207466732152533,5.198136110450511,5.097150425747216,5.163051766543446,5.143527423827859,5.054245802383608,6.046134359448113,-1
972,5.0535535358617345,5.212554240258867,5.219526755840651,5.213119531229557,5.091556069798409,5.1866134358216245,5.125579394586696,5.0634817291463,6.043996521246998,-1
973,5.035195203299594,5.201437121847438,5.215139694857403,5.224054500806468,5.087916084547675,5.195332218442312,5.112665573652312,5.074620079862498,6.047297638068659,-1
974,5.020272496540485,5.1881548365337204,5.217786760398303,5.233786002053666,5.0867621560939025,5.2038479538623506,5.110404765285246,5.087416193466755,6.043059709321733,-1
975,5.009173061575971,5.186153324256722,5.208761103252106,5.245641061724532,5.090938845056163,5.209850988856589,5.1223072505781335,5.093290081415592,6.0488371948213855,-1
976,5.010609919297383,5.194552163373724,5.19946514985076,5.256167431609291,5.088081365935762,5.194393845055962,5.133518291765123,5.100350178223015,6.051836947780593,-1
977,5.0104320397652575,5.199714286153842,5.195506336193147,5.270779382378951,5.067684446814989,5.182387615513712,5.14312110013645,5.105284301521247,6.038305762209134,-1
978,5.0159546002596755,5.208908128510921,5.197722298756602,5.284030813212034,5.045059963147108,5.166679562826233,5.1509531948526925,5.099294384203271,6.052924383433446,-1
979,5.022768470274902,5.2153568563046635,5.2075000189418486,5.289042381976406,5.0240408056026045,5.145507151418732,5.152521320499676,5.089807928739886,6.050622334464408,-1
980,5.018111381296831,5.227324033417618,5.218326586345897,5.297470861961489,5.002324119294419,5.126687694990232,5.1521133663301955,5.085933232642057,6.049653456254717,-1
981,5.013101299404941,5.236881722841145,5.231651850302119,5.288335228712778,4.976016315849926,5.113962210494332,5.162705468168651,5.099384734996929,6.050259911509155,-1
982,5.006001460396748,5.244815307469186,5.239227606288307,5.280729626642192,4.9550834224496505,5.099770923215664,5.156266500999933,5.109005091889674,6.05252667383942,-1
983,4.992707824435938,5.2493676021028985,5.253518473737622,5.281200250178564,4.938353777832551,5.09443565953482,5.144624199432121,5.108356289193238,6.047754575937859,-1
984,4.972582576030224,5.248337066032826,5.261847768055437,5.2811214547030225,4.936416578371031,5.096109610362791,5.135994895273109,5.112785041140826,6.041441863044498,-1
985,4.954913020188783,5.254915945492208,5.256928505697923,5.272047115917437,4.948898387333003,5.090928744787016,5.1271259203737545,5.118673395869568,6.052198877265681,-1
986,4.937935190988131,5.254523327717575,5.254673299241632,5.252090260895541,4.963956294147699,5.090512906638584,5.124452879137835,5.126938074405774,6.053105889300152,-1
987,4.9239710983014,5.253402265802573,5.255929411284175,5.237381101804353,4.979871389291834,5.102372197062578,5.125098949881498,5.120591155472892,6.0464608546655345,-1
988,4.926761044670351,5.244755826828842,5.245229178487888,5.212044574613801,4.996152362851111,5.109215080550542,5.124604469785846,5.1095787164634805,6.0404053861863725,-1
989,4.924535443808876,5.243113441559302,5.240371852982001,5.207124465720523,5.017110546425659,5.125680139665205,5.122043075430179,5.0953794194248045,6.041229202294448,-1
990,4.929016385965064,5.244418360846006,5.240711507274126,5.201756421408932,5.0414912779388885,5.143481595054255,5.127613683764908,5.075695996595414,6.047221890106059,-1
991,4.935458692754189,5.246682118096025,5.237935954288437,5.1834471472286365,5.061711306559432,5.150077453261989,5.134868374436912,5.0580709990642845,6.041156520844802,-1
992,4.948484048604432,5.245039158879034,5.235783171570667,5.170897897743162,5.070443785435864,5.159198920216536,5.152207729637774,5.043256305016136,6.054591810149933,-1
993,4.9629622384233745,5.240851963734198,5.236412346985361,5.1673489364244976,5.073480678615742,5.170830358983452,5.163632427789187,5.031919410015512,6.0562752533937,-1
994,4.983816317489496,5.243735213018857,5.23436764248547,5.171433106326519,5.074260469063341,5.177486119577036,5.16839180470039,5.014060587667239,6.052489098353928,-1
995,4.99221129783677,5.251199244373018,5.224122427602283,5.175427157124805,5.074968795566166,5.184527493126354,5.166020694134599,5.009253649655783,6.055965966098725,-1
996,4.983832759000297,5.261681453559295,5.227389224055793,5.18392696282912,5.075193429960212,5.19131216279901,5.168987679385866,5.011416288471991,6.056176464251698,-1
997,4.3614429209035865,4.609442168134295,4.575765414831224,4.536106824104513,4.4393672362885965,4.542502880187738,4.527203494241519,4.375397263449283,6.048298275495966,-1
998,3.7377504076928147,3.9531071461952525,3.916646892995379,3.890207061494549,3.795985582220553,3.89122655246339,3.8824316932759575,3.746701983693575,6.046188781640388,-1
999,3.1162679053956848,3.291912753816418,3.2590124341132123,3.2455902219664723,3.157204102718972,3.2402586849175945,3.235973586847494,3.1270139431248563,6.044456810237957,-1
