{
  "label":{
    "0":"E",
    "1":"EIX"
  },
  "acc":{
    "0":0.5652,
    "1":0.5652
  },
  "auc":{
    "0":0.629847641,
    "1":0.629847641
  },
  "cm":{
    "0":{
      "tp":726,
      "fp":543,
      "tn":687,
      "fn":544
    },
    "1":{
      "tp":726,
      "fp":543,
      "tn":687,
      "fn":544
    }
  }
}