{
  "label":{
    "0":"E",
    "1":"EIX"
  },
  "acc":{
    "0":0.5616,
    "1":0.6072
  },
  "auc":{
    "0":0.6027509474,
    "1":0.6558566068
  },
  "cm":{
    "0":{
      "tp":725,
      "fp":548,
      "tn":679,
      "fn":548
    },
    "1":{
      "tp":783,
      "fp":492,
      "tn":735,
      "fn":490
    }
  }
}