time_step,region_1_entropy,region_2_entropy,region_3_entropy,region_4_entropy,region_5_entropy,region_6_entropy,region_7_entropy,region_8_entropy,global_entropy,lock_epoch
0,2.6094560033705787,2.5305925614986338,2.527480135746954,2.516071222980612,2.603931867008824,2.537822040278783,2.604521351450264,2.5273584220093968,5.600915319088103,-1
1,3.2624461986666247,3.153200079882067,3.1628541747871988,3.1470454717268908,3.2545661731318756,3.173006028074938,3.2455619724671463,3.1540593184165355,5.603402092820405,-1
2,3.913403229035894,3.7806958646941786,3.799632469295938,3.773511473042579,3.9077807818453794,3.8118904796778326,3.8987534833206237,3.787167388141059,5.614533544358835,-1
3,4.572549939255001,4.409614854678353,4.437321953543261,4.387241864199943,4.564818334031477,4.455015363684059,4.546813570058518,4.417852887725555,5.617572018568764,-1
4,5.236744745239742,5.04339864543697,5.077921645627791,5.009264826415117,5.227531639918098,5.099247879015828,5.1913612491999945,5.04732451546396,5.615754018454404,-1
5,5.260155237330072,5.035064828629253,5.076170012469044,4.990872206921731,5.237448715323804,5.109232921933059,5.178696187415218,5.0413865167055105,5.616267301203814,-1
6,5.275569452263582,5.027635076306702,5.087117324605179,4.969189076545986,5.249241775359508,5.1181286402924675,5.168908558992822,5.032702032370322,5.615224751777008,-1
7,5.2743847058111974,5.024335989614628,5.095585822493311,4.940848104576766,5.256970921231221,5.123868500952159,5.1608712207933225,5.026350048687179,5.61587091404956,-1
8,5.282378171009228,5.034375274835268,5.098396376963714,4.901462921058995,5.277751992369977,5.138776952070115,5.1615608320636674,5.030036490887429,5.618661904025153,-1
9,5.283198773444973,5.045567145995435,5.094307512744275,4.860671894705155,5.290689153309,5.150124419576816,5.170711300592403,5.03314403863652,5.629450382404339,-1
10,5.2853325565180285,5.059696410745952,5.092421865465034,4.824093454287418,5.296805471202228,5.15095151162601,5.17416684346861,5.030154746126479,5.627058634115135,-1
11,5.2754389460940825,5.070798026845241,5.098047765632729,4.793999335806285,5.298565079230203,5.142847583910843,5.191547498204341,5.035406183504111,5.632138569605153,-1
12,5.250764514680864,5.073431493037674,5.1005190113595935,4.754027274886589,5.301540139593873,5.129897267540683,5.214500487559094,5.038412682401113,5.632127362075625,-1
13,5.2285111203618175,5.088630411552721,5.114300727564676,4.7283905968754105,5.310693779203395,5.134383385574681,5.24515418374858,5.044465994791332,5.634449829009896,-1
14,5.217810230536388,5.101908813915446,5.129547030613573,4.712808477305866,5.315255924509766,5.136304880531753,5.269536918788128,5.047855033386383,5.634107861401689,-1
15,5.2135789997724595,5.111713090028543,5.136590834508025,4.7023748468627335,5.319643907223776,5.135301711252504,5.2895157032410385,5.055887618178216,5.6358575171270395,-1
16,5.206893222219614,5.122060139238384,5.130235305813965,4.696545575297634,5.328840614915145,5.122003680940493,5.297632532155371,5.053622313902387,5.645780155860006,-1
17,5.205063572687613,5.13360480023079,5.134019825439643,4.692953008899395,5.338928256528025,5.11447645254126,5.3064885662919705,5.060828726304816,5.642218450407505,-1
18,5.1983569017707945,5.139466454364936,5.142959183893895,4.688893526742283,5.351389698883062,5.112302241261277,5.313787701013647,5.082806494484589,5.641915291328298,-1
19,5.196097583067967,5.140366838111751,5.144688853184639,4.696324328366075,5.373449236931466,5.111179800546757,5.318979579701986,5.0978576180545785,5.646606463093094,-1
20,5.205082052253012,5.141656520375334,5.146507652129555,4.702349427786492,5.38226749232259,5.121146382762154,5.324283627878943,5.114356319834477,5.645114310895418,-1
21,5.2015276650919455,5.135285121382676,5.148392265359551,4.716649940614644,5.380368644666032,5.112130268848623,5.3285663799579455,5.135769434721373,5.655363737465515,-1
22,5.192561767264413,5.136858640476174,5.1490064693963955,4.734531334462636,5.381457254980741,5.105981316317268,5.3432951297744165,5.156444531266346,5.661666651915505,-1
23,5.182417842086849,5.135206689041265,5.156159898287059,4.75510690858634,5.383630164105162,5.103329557812355,5.35255866869569,5.173930246170396,5.658876593855503,-1
24,5.180333396112539,5.130344019271116,5.17316641411632,4.768924431045059,5.378854163280999,5.101077255482416,5.367339459896777,5.190848202915116,5.664999402882864,-1
25,5.185619655133245,5.119548915950196,5.190209212203342,4.780054363646924,5.382554230805724,5.102556433715671,5.37892474931275,5.193058657507398,5.669744738179239,-1
26,5.195813458705452,5.108554361981751,5.196834092943557,4.79472547184554,5.388455331927249,5.102914955441465,5.387137100362881,5.184468557864199,5.671712224416498,-1
27,5.210644615674468,5.101757540410146,5.20337302100774,4.804327675179069,5.378660341444997,5.106468121208764,5.391523360504487,5.178117121864258,5.668791627646274,-1
28,5.227022594292538,5.10148537804616,5.215680124933634,4.81770868446965,5.371947348769303,5.098662393606237,5.392450654769651,5.1741310466040655,5.671137642549027,-1
29,5.246750590075319,5.095317602595513,5.224783087783751,4.824582415398145,5.373679295839031,5.08981317826299,5.3939848544000535,5.168335580540383,5.6700129847035825,-1
30,5.269004436175974,5.088634282371708,5.218964732904748,4.837009719612045,5.371987809564699,5.084866223255551,5.383336723288832,5.161448365739746,5.680538042242352,-1
31,5.295542635470346,5.088574501300471,5.218355133174709,4.8512617886841065,5.368541122510056,5.077286111918531,5.375978076421242,5.151833608811839,5.670274458595116,-1
32,5.314772094700927,5.079232277418542,5.209980147889977,4.879681027842156,5.360101282290506,5.070723870841519,5.369271106355891,5.135178629465495,5.68909573257064,-1
33,5.327582526251483,5.0811612298242474,5.205662018466448,4.905525632922611,5.340753747747348,5.048575312979291,5.355356335596358,5.125605672263427,5.68608341894532,-1
34,5.337604349639799,5.0785790220900076,5.204921972097568,4.924452288678389,5.325544563919427,5.030137519008268,5.348160609740525,5.118559565250946,5.685874817183806,-1
35,5.340560415814981,5.078497840793816,5.209368698897006,4.945054142693973,5.327576598193104,4.999446701808077,5.335818064394336,5.116793810068245,5.6822014071687565,-1
36,5.336797909159538,5.076815620667158,5.2165575137462445,4.9673820090974,5.334378579603141,4.979809449148426,5.325819485597135,5.1161524270871785,5.697179609856996,-1
37,5.340646039884082,5.080071361004158,5.219012084477502,4.9700051094466815,5.337008644486562,4.9541199098765505,5.318646578529839,5.114256334624566,5.696298766102973,-1
38,5.337071976140266,5.072465211319349,5.2272288847078165,4.970734489441129,5.34225057148853,4.92026721396799,5.317351814856144,5.117295943676262,5.694045523241423,-1
39,5.332558590623791,5.070720379154271,5.225553257678079,4.968925202977675,5.349975842146284,4.893172576101768,5.329200344564793,5.1247069929217295,5.685459358213991,-1
40,5.332057888389296,5.07348892716918,5.227169705813713,4.95464275913,5.366588109716323,4.862912165852252,5.344644086293721,5.142146438726392,5.693419829019735,-1
41,5.330049628886559,5.072119539274063,5.222789131313344,4.939910034531401,5.372273208432165,4.842145894910323,5.371049154158374,5.152564123782878,5.702716197520154,-1
42,5.333562174816854,5.069425189463723,5.212657434734764,4.938209511842489,5.368685587750894,4.820574057352834,5.3884633556222195,5.163140758223082,5.707179180829121,-1
43,5.334593018566931,5.062369311274281,5.188287943646347,4.924494924109974,5.352813262828171,4.820082061996612,5.4028176612045264,5.162014719779693,5.700347186054343,-1
44,5.340252316481719,5.052052914463972,5.161265085745238,4.902396933861934,5.344256760928967,4.811690063112384,5.422650881901372,5.1576998593741665,5.702898314259275,-1
45,5.335549008921817,5.036202880205796,5.135897441580653,4.893953522280272,5.339717454101627,4.809912523794647,5.44073371900309,5.150108960105275,5.712116898006328,-1
46,5.331004780976686,5.023219817079628,5.114064233603433,4.883269963637204,5.337019567863351,4.819974460784627,5.462609467865095,5.1451608310921975,5.702199839720014,-1
47,5.33166822820532,5.006220325906794,5.095957720869216,4.875383457402876,5.324357171264517,4.826594955807554,5.473562332252777,5.132285932232567,5.707194878721981,-1
48,5.331266451724218,4.997537316104557,5.075419875077584,4.866844682540762,5.306455585892567,4.8412528585687955,5.481965595052792,5.116170046195491,5.711181633259561,-1
49,5.326770598874278,4.985558051503267,5.049917686653363,4.852524168513274,5.3110548328030465,4.860352107554478,5.49305006277,5.112457472078184,5.714691359224062,-1
50,5.317486505902105,4.983972241860975,5.027752005187792,4.83293484618876,5.324748826443047,4.880405370570454,5.506509172763238,5.1049544915648895,5.711178323803411,-1
51,5.308531139736474,4.982436713042632,5.01293331911041,4.825555810909824,5.343503345870112,4.893532857383154,5.516539432077755,5.101776521641162,5.721418300805091,-1
52,5.307648937711512,4.9820211596910315,4.992823941416754,4.820133161995605,5.353509525135191,4.913750373803449,5.519676586952064,5.107775715847242,5.722131923014897,-1
53,5.30950306218666,4.988757831410998,4.974409709100398,4.822573239140866,5.368413725276977,4.935888410765791,5.522456019866912,5.117245287135313,5.725087116377272,-1
54,5.318438688360849,5.009118965854169,4.956751037724972,4.821568096485355,5.371510191182902,4.95938858789479,5.51290132904301,5.125314251801532,5.728554183023684,-1
55,5.323725644579129,5.02394095780431,4.948611937389109,4.823855777072458,5.372981242916907,4.995293680350858,5.508053575625029,5.135763380309106,5.713455766123353,-1
56,5.32464538755786,5.032501004922722,4.946097544823397,4.835710285775217,5.3685873661065475,5.035161286253919,5.501488624989845,5.144684535855569,5.729071919385879,-1
57,5.336507221674095,5.040747505056153,4.95203018558945,4.865815194029622,5.360293157676201,5.07039385989612,5.4990030787386335,5.154312236409076,5.725746814419807,-1
58,5.355839777552311,5.050200037664582,4.959469821844349,4.900558556855323,5.347216017290218,5.0981666585209595,5.490419458849452,5.1613431789986155,5.726110455754897,-1
59,5.389268681900903,5.063907886473841,4.970591617982396,4.932828517555788,5.329727074465074,5.122091879183405,5.493698841821622,5.170571728647354,5.729075118866191,-1
60,5.405286121149271,5.086310753795165,4.973648526052368,4.9674078708433465,5.307285871397961,5.143799927791161,5.49371009992706,5.160645499121141,5.739685045016173,-1
61,5.417156148411307,5.113480924705383,4.967828864796043,4.993136771115031,5.277843226831811,5.156723632390513,5.488004916635419,5.138307037396301,5.733891832852217,-1
62,5.417579292149255,5.1273371080270564,4.9674377947589345,5.010601637368508,5.251739226010093,5.168982561064686,5.489499385068181,5.113416890806052,5.736631862141805,-1
63,5.4051753665859,5.137610347235343,4.96567852417808,5.0187414835448365,5.2340981815474645,5.17460405393014,5.487060647349872,5.094005114916028,5.7442256271608,-1
64,5.4015533486865275,5.152686541487286,4.962644193659702,5.021365873275562,5.21842286423642,5.1683940953706236,5.476582923411832,5.080533713494221,5.738867943843868,-1
65,5.392241026932118,5.166119354362955,4.9538937713390006,5.018158427181453,5.1994763626493965,5.155348559708797,5.456282508017758,5.060982783273479,5.747709237116839,-1
66,5.3772205395256005,5.168370267259394,4.946645339442603,5.0097238798303785,5.182252258172679,5.135012834399521,5.443874281047349,5.036648507257884,5.74474197560121,-1
67,5.359053047327605,5.173220807865857,4.938755451834997,5.001564655802523,5.157268861768851,5.118842636645355,5.429401081581556,5.01920692675373,5.747080313653986,-1
68,5.353348677427231,5.165671486891907,4.929801083557363,4.991780333418127,5.135649989260073,5.093511871401437,5.4216486352247175,5.012473593341694,5.748716728946647,-1
69,5.35011879610725,5.14923081365976,4.925694827554654,4.9905458046149285,5.117067591464075,5.079447776419719,5.416092874807928,5.01033410924732,5.757101418050952,-1
70,5.356302602768594,5.125336023766102,4.9141994438527,4.9939106927722685,5.10977379508758,5.05218902660556,5.410246962626858,5.011173049240593,5.760676428786557,-1
71,5.37227702437831,5.105096852127308,4.905297135289029,5.006212538490425,5.1021688829861915,5.0159896720852135,5.400686456269273,5.013314773021441,5.75313762313019,-1
72,5.383492788347137,5.077693368375831,4.890487053046128,5.011389668123611,5.091975377513272,4.988217717827622,5.401996955980227,5.01429072348344,5.759460292430395,-1
73,5.392206859860265,5.051985203482159,4.8884070858619815,5.017452712897539,5.0811514091808885,4.968246865500591,5.400019456495724,5.02192578498442,5.763653973104187,-1
74,5.41200582135299,5.025851954949992,4.885744927031119,5.017898938637324,5.064937546893964,4.962278967048359,5.392779715582169,5.034782497360682,5.768345911331435,-1
75,5.424980872223434,4.995070664298362,4.884630505029393,5.012319991956242,5.059861167022017,4.955383472392377,5.386170610518627,5.043616683017137,5.753247313513827,-1
76,5.429111323287212,4.9758057532714455,4.890806760254766,5.013633287047583,5.063050120877515,4.95006797481307,5.370493544180789,5.049831536297785,5.761555642598267,-1
77,5.423052945926732,4.954646115710061,4.903190255504059,5.011789692057304,5.061444059458866,4.933747640169429,5.354915975635773,5.0688450577260635,5.76500529928953,-1
78,5.414055540702947,4.945438781443208,4.911418219187571,5.015859848990071,5.05201810555073,4.923240099562234,5.345576969596447,5.088765020711762,5.771482821238623,-1
79,5.395260278918043,4.939939112229236,4.918712421424432,5.00948276959161,5.0390075456696035,4.917238962237104,5.349035029603512,5.113928869897779,5.775610978620014,-1
80,5.375993991439041,4.9398000478707385,4.931158109015224,5.014778087880838,5.026340115008358,4.907593519949338,5.351714032919722,5.135097135179563,5.776006768729917,-1
81,5.352073360515598,4.937735519832879,4.925224636521669,5.018825344320892,5.022814490019837,4.899230594939845,5.355029166615868,5.150594204400081,5.765875632452407,-1
82,5.316929711340163,4.940759586190618,4.923430716604841,5.032226239893377,5.025672182992423,4.892875834859252,5.353404421742449,5.164711722624618,5.775702201759959,-1
83,5.2775654262311695,4.949219023084443,4.91971513164521,5.058347818604316,5.019366134291891,4.887152920905968,5.349316295482513,5.173830544694247,5.7746127831663685,-1
84,5.246014435809019,4.952701890195742,4.917560510512031,5.070866145649291,5.007540278908246,4.883609506230274,5.348919537900784,5.189003973735578,5.778512857288878,-1
85,5.221034215318521,4.949381640168725,4.910263719788125,5.079746044410142,5.009607952232903,4.887131021889653,5.358691811935727,5.197040772356542,5.777885017523386,-1
86,5.198731492037872,4.95236397087028,4.909303346587422,5.080038376587773,5.013077358453429,4.892023103869805,5.357472122673387,5.204781726112955,5.775404379535505,-1
87,5.188715801168481,4.952016913033346,4.903795107198796,5.075885952560774,5.0073304395313265,4.899506083909305,5.338536398575304,5.20205785281839,5.780892154035044,-1
88,5.17573501611464,4.95120968179154,4.89638883372749,5.075057505900649,5.008731591207253,4.907320431684271,5.3297489382759355,5.20414317332069,5.788925609220722,-1
89,5.1647525434549335,4.950803482554855,4.906233876803534,5.075173202540548,5.01083131604308,4.9165247881687755,5.330720187764916,5.203883238042037,5.789799595750975,-1
90,5.151572059411861,4.94948344912659,4.904111582444397,5.064324584792344,5.0088789359935095,4.921195334580284,5.337483621870505,5.199549733867649,5.780776685085983,-1
91,5.143025465048871,4.947664128989795,4.898806527290361,5.048991067378983,5.010898852177372,4.9246151083535485,5.346356134608283,5.195808787393652,5.791376726185969,-1
92,5.123736146756714,4.940159401845574,4.889902458902832,5.044249598361203,5.011665076771239,4.9307201061973185,5.35585252265515,5.177512251444478,5.796547659310212,-1
93,5.109373715754726,4.948739175287161,4.884032669038943,5.039751277494213,5.003567585419249,4.933388388366718,5.353278223254828,5.160277583148966,5.786596075506359,-1
94,5.098207419191889,4.952762397614536,4.878886492193508,5.04068200701083,4.997838134384185,4.939499787345083,5.3493395709210585,5.142476467021715,5.794396962796061,-1
95,5.091481191195578,4.965201314530791,4.873172061407193,5.04182937087958,4.999675927766632,4.938734854544064,5.349847261671044,5.131480740003006,5.799380377784562,-1
96,5.083219930563066,4.97320410247666,4.866824806613135,5.040917373247934,5.00445135801064,4.946568290872826,5.344972035275422,5.124657905686935,5.80048270915958,-1
97,5.078766388239021,4.984006322578866,4.851124533777347,5.048723956541582,5.005517042810309,4.947666431289782,5.328050214748118,5.120429131571065,5.811684652624216,-1
98,5.080922250661644,4.992499154384086,4.849734725294009,5.057356873670703,5.008114154116079,4.958764900599089,5.313719233473117,5.124129778657425,5.801845623144255,-1
99,5.089281455397144,5.0058926069022185,4.853517368746839,5.073741654070014,5.0153892681620045,4.961507246539185,5.2963871242828295,5.131697996705503,5.7982358264460325,-1
100,5.106754291805298,5.031560176478197,4.863113547962264,5.0851196579054045,5.019651393112889,4.967296284419053,5.2797034008060075,5.146496067188586,5.803502085989928,-1
101,5.122247702489461,5.052093910257274,4.875501757189729,5.099063022245868,5.034323200892227,4.98061682616625,5.267214120105121,5.159158358892465,5.795665151019361,-1
102,5.130435934512624,5.076949729147558,4.885771105139279,5.114558533311164,5.045591851529694,4.992226072312614,5.261827100670178,5.175856408125635,5.805935626767371,-1
103,5.13230447153649,5.094329812158592,4.903790503996318,5.137857871513901,5.0570518843008285,5.013335453165877,5.258821032775054,5.186997008396234,5.805457998561665,-1
104,5.1321119082437345,5.113652300047892,4.929003645037286,5.148721457989763,5.07351068597365,5.0255652352699025,5.247959009184529,5.201041546569632,5.814671700419354,-1
105,5.119069198780359,5.131249156872185,4.955980322485768,5.146791706114238,5.087299185850446,5.039869132408081,5.243672656115408,5.215989123449102,5.811670859121192,-1
106,5.099257010192627,5.154408931260199,4.969926169796633,5.151265956547719,5.102853435276423,5.052559490925614,5.22940800944213,5.229171693089736,5.814904290090981,-1
107,5.0715881515319206,5.16887546039001,4.984928336345149,5.1523533869846805,5.120373802665335,5.076906951675124,5.2073593839906005,5.238719643828381,5.812005745067697,-1
108,5.04280609414517,5.178690099165911,4.99665222018072,5.148070692748165,5.137803388612815,5.098287196932702,5.193433499737775,5.257233630268657,5.811777833120726,-1
109,5.019127773812192,5.176835553108409,5.012223693503049,5.136481323607255,5.134759937124954,5.112636081877305,5.18204154570835,5.272909467666439,5.81879091685401,-1
110,5.003152799530215,5.16701523435916,5.036612048829543,5.12397477834529,5.12237740097787,5.1254732873767015,5.1652320021405655,5.278153699531565,5.8239644810223155,-1
111,4.9908860952302305,5.157381068271552,5.050153905490025,5.110967459359594,5.1108745165480665,5.129036774552012,5.15512873204477,5.288806512374453,5.821021871292532,-1
112,4.988147773943832,5.144845244245689,5.059904582194381,5.112756994876006,5.086812215726266,5.140967621075982,5.151355751240834,5.287026165109332,5.823678506631049,-1
113,4.9889957533847875,5.138350752229471,5.0725532946928515,5.119548196434042,5.063579233919868,5.158108608095386,5.147311611166885,5.29084347628801,5.817914235743306,-1
114,4.989897924848332,5.129345835023125,5.087849533963594,5.127672241082475,5.0389254685248535,5.16744253346178,5.1464946404565275,5.289597695943534,5.827168808961033,-1
115,4.981529940559949,5.12611802988055,5.0982552866598345,5.131845896567841,5.008865175862333,5.178424812155578,5.156698912457949,5.289013276282912,5.82904385888202,-1
116,4.971001930645418,5.113716125088544,5.114216361580732,5.151832713699875,4.982791138376569,5.182901583526861,5.157376007527871,5.287283343126038,5.823750676739247,-1
117,4.964448548061869,5.114362526096708,5.124633463066739,5.177660850317767,4.960934283836376,5.193529729454927,5.158669720578156,5.281424219979203,5.816963809972958,-1
118,4.9565371780407315,5.11348110073346,5.128052784563099,5.191455522539115,4.953074957115939,5.208360653020027,5.159388390965741,5.28237368541272,5.821359304504062,-1
119,4.948936538324525,5.116359538576534,5.134455694480895,5.211723459843586,4.950087066043125,5.223446075310735,5.151829769027597,5.28298099458049,5.827746842930712,-1
120,4.940513692183894,5.119350843561575,5.136802434412465,5.224014761786397,4.952865666977699,5.221765269921249,5.147089240350055,5.279999673827008,5.829632841003247,-1
121,4.9352539170829735,5.119486100720749,5.138713355529254,5.23184850288403,4.953838733843827,5.206913072541641,5.141720745842711,5.273140824451421,5.83617320993137,-1
122,4.927037323704393,5.120003021093211,5.146348808252592,5.231107474004372,4.968632680621673,5.195977442121826,5.14437961936014,5.260925419580283,5.839314148595462,-1
123,4.930575230798409,5.104854783010942,5.158049394392438,5.234830402570689,4.986456988619227,5.185371511588031,5.14381108510478,5.248554718306064,5.831958924968605,-1
124,4.9364771609818225,5.091868860627887,5.170469177989,5.232384195473333,5.002624592843319,5.176698728850924,5.139646833206888,5.2276875425273985,5.838037457070054,-1
125,4.932138993600024,5.081622556288984,5.177184729763157,5.236883922404015,5.021922071973345,5.173640810389605,5.139702609448993,5.210244402702055,5.830717502001948,-1
126,4.928502155304306,5.07765222342224,5.175792095840304,5.247128161767557,5.040647372871561,5.157778750496333,5.146755609677767,5.1913704653344,5.846969600335605,-1
127,4.915179882979602,5.070075864145807,5.175924050825383,5.259749257753959,5.052391801967442,5.145728836134906,5.160777606330741,5.170189489331272,5.837324448801982,-1
128,4.893496163349602,5.062585221877627,5.175783615237218,5.28007699209841,5.067739701227031,5.133796376797861,5.169347077855201,5.154208601307947,5.8410245602460344,-1
129,4.875960785972465,5.059946825692754,5.17641496767303,5.298329159619004,5.076779622947522,5.13271391141795,5.178187727394268,5.133049955172237,5.836755856001255,-1
130,4.859229938450437,5.055094704004566,5.1784348774815845,5.327183376326941,5.0652768996982385,5.128107111963972,5.189389700442616,5.120422196081934,5.83883736515187,-1
131,4.842933701893391,5.064448614371806,5.176614900396488,5.3467053676840415,5.057083678474796,5.11669235533164,5.203819452094442,5.108781727217321,5.844821624636328,-1
132,4.8353720067450965,5.073986539110964,5.15582742570032,5.366259722672921,5.057062099894196,5.104508312086985,5.23217453539483,5.1030337561890615,5.844867577776064,-1
133,4.838132160476856,5.081629755770811,5.143662840188467,5.380616835575381,5.064194219207537,5.0819605105328565,5.2693428678859116,5.1052644839902666,5.84328787385365,-1
134,4.835802435362448,5.081801379120489,5.13589389529249,5.395035118069952,5.059279954768357,5.075931363455938,5.299057222890301,5.114958692253929,5.84492396568372,-1
135,4.838461335848394,5.084093141501503,5.113699570864563,5.3993372818828025,5.059005418350245,5.0586686621093495,5.321018507486755,5.117715284619511,5.848999679099588,-1
136,4.844429114674172,5.087697029389881,5.099329409930125,5.389932701904868,5.055965690714291,5.059600647862904,5.35292108439873,5.128868423181028,5.842955989376325,-1
137,4.852068887727767,5.087827115302536,5.085838021377062,5.383396361875665,5.062025121348017,5.064451772185264,5.383523724155177,5.142368930835223,5.852953629680214,-1
138,4.862200333971389,5.092561110101143,5.070791153318249,5.3535120393365485,5.080306257355519,5.07740649633153,5.411773710395386,5.166832058426819,5.854232857843468,-1
139,4.87915331074006,5.087231531593966,5.057441856616707,5.3275688126326255,5.0897878234045315,5.0974090524977616,5.437576980074173,5.1867922727567795,5.848178711758028,-1
140,4.882735401222229,5.074286755956773,5.057086284766894,5.303277070229256,5.089756184655693,5.123407826326959,5.446803756405756,5.203399338111742,5.8583000946759,-1
141,4.871395405430564,5.061090701613038,5.053287087337435,5.27418488828657,5.093297060144493,5.15674434902556,5.444705552462024,5.204540279483728,5.851642076837008,-1
142,4.865371928039715,5.050938975909709,5.052149924208553,5.251649376246299,5.1052414094825345,5.190408893290117,5.442377661336825,5.205110203758977,5.864741535566154,-1
143,4.863138089110125,5.039782012224335,5.07069522166199,5.224576009385416,5.111442540686986,5.231852207460849,5.44222645166318,5.201631600938092,5.856842511039664,-1
144,4.863586827586448,5.029363006684168,5.081380101822713,5.210481606167054,5.117059099384737,5.252397921038481,5.434867564867665,5.195786602856321,5.857360130763749,-1
145,4.86180273750686,5.0218688281090875,5.098783340516123,5.201184572598021,5.124018286036126,5.269430587648472,5.428984960108284,5.186994356531054,5.8701358557448655,-1
146,4.859184736656048,5.01376317860162,5.113741379893076,5.204393677648402,5.1324461476327485,5.277824944744238,5.422301924851526,5.165902144641169,5.86265659559915,-1
147,4.850158784716616,5.015703888070442,5.131455081642409,5.207988935220644,5.146763986265659,5.276866192706663,5.417628621267615,5.142156951250559,5.858926666804577,-1
148,4.847083026809373,5.037961721867342,5.154502485736647,5.2113334338474235,5.169938673159642,5.28056093129159,5.414550646093817,5.127019522064825,5.86969748091023,-1
149,4.858615037453286,5.057924867742403,5.174938992224493,5.214803618973315,5.17881361686092,5.28889663148633,5.414735752891655,5.124779562572084,5.869958927462469,-1
150,4.866712734669616,5.07984943625552,5.19037699773952,5.211121491553692,5.189770294701491,5.294111920763617,5.4160281384443945,5.125914202051435,5.877533601274673,-1
151,4.862871224652601,5.103600673233658,5.202385373507086,5.209693653423821,5.209653204753046,5.305253727268158,5.417901243077073,5.141640915624138,5.863274256043936,-1
152,4.862303439739793,5.132607678111911,5.226816790370331,5.197784775483351,5.228092282253838,5.319727476422562,5.41222858348647,5.159871328928429,5.865191671280924,-1
153,4.8664636272043165,5.158671349210569,5.240747958130378,5.183449649447469,5.2435251823441416,5.325931617859718,5.403589742882274,5.18718656510058,5.870355532853945,-1
154,4.866980812390823,5.1824627897453,5.24811877453958,5.179178324356213,5.258731969256538,5.33558336078607,5.387709375067991,5.219810483899334,5.88142732029408,-1
155,4.8671608709781,5.198752162786763,5.24593697526765,5.170552994210935,5.2790917093549465,5.353849471787346,5.370713643685309,5.262794018199088,5.86881587742837,-1
156,4.863815178273896,5.203488199318512,5.233903608862418,5.154088276799648,5.287501445683906,5.36775365794187,5.364607445458798,5.285288259483908,5.874507476712338,-1
157,4.858779946280132,5.210761578052393,5.219305816047356,5.135816781309165,5.304602711859141,5.366361488826406,5.3509367568559325,5.299668281278278,5.867890883642624,-1
158,4.857900025692762,5.215361498196076,5.205781202088372,5.134043281119475,5.315624139230291,5.353522032952785,5.344897846605553,5.312421462757766,5.880966910966497,-1
159,4.8613929661374735,5.218715629394974,5.191186082306368,5.139478010777085,5.320932870551152,5.337685542612684,5.3349818404592,5.321133888523969,5.866039365452036,-1
160,4.860605485858327,5.227125488829939,5.170321908808339,5.149707264602526,5.3258186312813836,5.3268894729429075,5.336660606115945,5.326232970363385,5.8737720911316345,-1
161,4.863202452641041,5.22928863387394,5.147342546370027,5.166642966771708,5.328241892292279,5.320517905918115,5.330969449203639,5.324947982800411,5.884090924588045,-1
162,4.867939929103039,5.23033550986474,5.128409918919591,5.183076173074136,5.321154552419266,5.310419217273642,5.334142804670157,5.321434159695917,5.880339564541077,-1
163,4.875539574293464,5.232159003661713,5.117542646970531,5.202635183420346,5.305101171700195,5.295945945552499,5.337556174484093,5.315531402244175,5.886180608277501,-1
164,4.882652179291557,5.22975440386349,5.110158485992351,5.232367307068142,5.293989321551242,5.2706869047496765,5.334088085740797,5.321719598417934,5.881741592178807,-1
165,4.878701389740378,5.222286374997781,5.116588411802839,5.263428793264703,5.286188344513839,5.251730442798148,5.332926590201335,5.338572463362489,5.876808775026149,-1
166,4.873765194366687,5.213200005773476,5.13844210587158,5.276657113570933,5.290148615326861,5.229984490371738,5.329018507259434,5.349206138462838,5.879385520401928,-1
167,4.86875395545371,5.203021863331023,5.149475170636191,5.289791635838533,5.2915614559581865,5.211190659994227,5.334784235787337,5.354091381580694,5.8868296526762585,-1
168,4.868443816618155,5.189835947307423,5.165259843786008,5.306292771234863,5.291061726443161,5.2051659673009105,5.332414371210484,5.36227373829629,5.87721836088251,-1
169,4.859508062735487,5.189403769267334,5.188413725909411,5.315062052349095,5.293257337773893,5.205120049585808,5.336373405326603,5.366743103668319,5.884180499420919,-1
170,4.860674882692924,5.188618809443968,5.211120025864409,5.310633129174814,5.2932487475758805,5.203720187575798,5.334602651555281,5.366852814004917,5.895465117265563,-1
171,4.8576375336274955,5.190568066242481,5.231787538607134,5.3158292764930595,5.28814000381136,5.203609845570609,5.333767301097601,5.362457677890633,5.8893765078014075,-1
172,4.856880511259148,5.197935484363348,5.254791905946716,5.31814956933768,5.282706884139275,5.213670251361906,5.3389964219869235,5.353687786395149,5.895667807048326,-1
173,4.863176005444162,5.201092952175088,5.271894441739398,5.321113338880909,5.2712060278119885,5.217850756098612,5.342097351865698,5.33896552268533,5.889643628321468,-1
174,4.8665898102391765,5.2082408458604945,5.275116176690956,5.328750429339653,5.242528661927789,5.230331938587071,5.341511289206652,5.315483825352032,5.8948984469138725,-1
175,4.871219732431056,5.215269148543892,5.283454147570069,5.338445275505397,5.212952023134227,5.240847765793062,5.335298806502711,5.289516150436642,5.897935619981692,-1
176,4.874897412037,5.220638062141026,5.286871449789955,5.348607660085812,5.189895514009631,5.246351768756316,5.327776980045401,5.268612452752031,5.897098642071386,-1
177,4.880637090668584,5.222942307261699,5.27939247617418,5.361522142342198,5.157721857712968,5.2377632258527065,5.326067912957464,5.246200314208007,5.891117520913251,-1
178,4.873674946732175,5.220034797867323,5.267487942896999,5.377610833664766,5.138696417511016,5.231754186387356,5.321563599048755,5.2366831477922995,5.893046801171928,-1
179,4.868676892274343,5.218433233418402,5.254132455412362,5.385648526348085,5.1300011242601276,5.220512650177333,5.3100396793472395,5.232460932787886,5.887725697075499,-1
180,4.867429311008919,5.211520929239741,5.247173707219172,5.385900403980832,5.1257625867614225,5.21209937934007,5.297963913302143,5.233541847687256,5.889954930430728,-1
181,4.856071876411166,5.20664249248958,5.240011478474549,5.388346655952933,5.1168227538930955,5.203243037977671,5.283571511883425,5.23619235184294,5.897924910385694,-1
182,4.848847545973331,5.193041438135345,5.23660087974522,5.3854673782764015,5.123234846599366,5.2028452002883,5.271746561743216,5.247885695862763,5.8930046795422815,-1
183,4.851605916714545,5.184241590936338,5.23812677102674,5.378090484954704,5.133955305418235,5.202162505929198,5.26159359579952,5.264844739285005,5.9007980160988405,-1
184,4.853060985549013,5.171074358730044,5.246372297952109,5.36149179307329,5.134626125906066,5.200790108998191,5.258882065685169,5.266762335913925,5.900642454363913,-1
185,4.8553402946979105,5.154121850741227,5.262421723506619,5.341462593628169,5.143559364720508,5.2052460607799125,5.254173536208059,5.269787020682307,5.898787394659317,-1
186,4.870239803302026,5.1393789529620495,5.290868791521976,5.328439262321664,5.1447691902213695,5.203262271066346,5.253285047928852,5.257427663323732,5.895146887794697,-1
187,4.886090932220857,5.125406509390559,5.322909337083577,5.3054460511478245,5.138618359786717,5.20290443466022,5.2487556492739404,5.231560008597318,5.907405690697933,-1
188,4.895919782283078,5.1138316644346595,5.34620086614298,5.2905929356428745,5.136736096199499,5.196160052476333,5.241304331827783,5.200765678168335,5.896630478768329,-1
189,4.913336415675659,5.107484704270751,5.370080197354587,5.2769920057717865,5.128667076456439,5.200008264218254,5.243842600159431,5.174306757091565,5.908812146046677,-1
190,4.927359340700332,5.112587964153277,5.391600574135354,5.267975561373748,5.111049999406468,5.2006274859604025,5.244926872227149,5.149214848752913,5.903654689741671,-1
191,4.933817964126258,5.117931020048781,5.407734712512048,5.263318577451969,5.085148440898184,5.198568641206173,5.246076242303922,5.124406254327449,5.906747531395503,-1
192,4.941542707442406,5.133273746856286,5.4154014077405055,5.27562631058816,5.065955220659191,5.188118945215153,5.231589595570636,5.101727406107369,5.900595426591013,-1
193,4.94421511562212,5.139203801961577,5.419147002428793,5.287397272486285,5.042150881446263,5.188094985182731,5.2071350847129185,5.094158114671303,5.9143916963190035,-1
194,4.939290325378414,5.149296194536997,5.415037502900621,5.301601537663706,5.017223581131159,5.191991388706172,5.184876356599192,5.0979861283442265,5.9042349924839845,-1
195,4.929430462145013,5.158946152423996,5.401965545004673,5.325261299966406,4.998584360210117,5.196787573245507,5.1722965467296245,5.109558180221109,5.902805010583407,-1
196,4.914851148196156,5.166617156508602,5.395263745633468,5.346211719819826,4.9775015106479,5.197964771966973,5.165180902325369,5.1121420652036855,5.908388686387985,-1
197,4.90540900183601,5.178688332500752,5.384916422000689,5.358479349446479,4.97258920565649,5.192473993496693,5.149470689641749,5.1096191443561985,5.911802654864567,-1
198,4.900609175265341,5.186380429985717,5.377106255054584,5.372114350246266,4.974167871174044,5.17776805051261,5.145309233470399,5.100046194623938,5.918323241395488,-1
199,4.896292724181286,5.188679597767076,5.3769416099361225,5.3813835999163535,4.983085844415047,5.159560804854605,5.148600344324508,5.087099898299327,5.918798269700178,-1
200,4.891510178452706,5.1784664914152865,5.386727685645921,5.387619636591292,4.989462114966232,5.1462295577848405,5.162513323327554,5.079341525434685,5.915233721524616,-1
201,4.896025391761424,5.183398976799567,5.398461481005284,5.398546696323108,4.998168483547206,5.120209569537181,5.184015345197702,5.061818645675483,5.926465585688295,-1
202,4.906644256448677,5.188957750959916,5.404784642312275,5.410994213341025,5.013498125298817,5.095765778955155,5.196133093784943,5.050666326587686,5.915038024478328,-1
203,4.917366109848336,5.188095952722589,5.413393531050302,5.418665434800302,5.027644028523359,5.082106283521663,5.200664295888371,5.046224674988228,5.918981518499305,-1
204,4.940025284238001,5.191636856724534,5.413737051934033,5.429266779090212,5.029657397693612,5.0768609061478385,5.204343235887409,5.05685096369636,5.913398994264253,-1
205,4.954573564609167,5.191413391410263,5.413943029994956,5.440710885545943,5.023705089838602,5.069483381077724,5.198216966511107,5.070163929955211,5.9285725899298525,-1
206,4.959841880715301,5.192105457962872,5.414951587215048,5.443533325799953,5.007253145311938,5.0652189717679565,5.180563144803013,5.085664673907624,5.9184445481806,-1
207,4.964136456280848,5.195277394670472,5.412799107541332,5.440991868885368,4.988734746100692,5.071075785809075,5.156863518258708,5.100141633110856,5.922133897513448,-1
208,4.970358078177296,5.199778715621869,5.396846986715119,5.428291149308786,4.97078994247401,5.074684408365322,5.1292695510329445,5.114247023492107,5.929470190724078,-1
209,4.9711149730713835,5.189006777955443,5.368434721405203,5.409924257541078,4.953602714745324,5.07946601240717,5.097590903703933,5.123804163201297,5.925486158763054,-1
210,4.972698817154682,5.17194456721865,5.350469942897481,5.3886844410715025,4.937915413161375,5.087384617192001,5.069002025375222,5.1189318486513935,5.918870184659893,-1
211,4.975454908157296,5.162161580667897,5.334187506037484,5.372566617748015,4.924970115362446,5.078323299480876,5.039866019331677,5.112288694973634,5.927542505132753,-1
212,4.976383574015918,5.154557202124321,5.321728089797635,5.339761174583888,4.911482823225668,5.0643581529678485,5.011684504642861,5.107870744302342,5.925270752182196,-1
213,4.973589373096695,5.153234352534081,5.298209212518095,5.312893973923224,4.90461301570124,5.050430743337405,4.9952249101825945,5.0922048808458245,5.92514755291247,-1
214,4.9764439262740225,5.149641485333521,5.281320900208903,5.291521193078655,4.9057237904180315,5.035890797365759,4.9877358769140745,5.083163251001391,5.931564745257177,-1
215,4.97365104945402,5.1530431078272025,5.2625286982805335,5.270729058852469,4.9112289207562245,5.015958639702568,4.979523720832762,5.079625286668803,5.93502672515444,-1
216,4.975465514896226,5.162339397732285,5.2544602115023045,5.2424701839799015,4.921792405116237,4.995019548180023,4.975478311613327,5.076875017558844,5.929201944604698,-1
217,4.983946593546721,5.178143389409714,5.250379356779186,5.208653726974572,4.922677901344872,4.981722443232487,4.985405074724758,5.081525765128116,5.9309810910908025,-1
218,4.99225877807141,5.206558958736753,5.237696164144695,5.175322879753261,4.909376124227017,4.964686595714803,5.00639140708234,5.0891032716909255,5.926576241577219,-1
219,5.000450682055352,5.228400359825865,5.225202399377277,5.137008995046051,4.891501582547684,4.956840959506295,5.039017447010719,5.099794508415009,5.933842427675129,-1
220,5.006913978638339,5.254755699116623,5.216387593530917,5.108545150633489,4.87554775251603,4.955445986311313,5.067350081544948,5.105570428160393,5.928792483980225,-1
221,5.020033092602891,5.269635383946467,5.217837436504484,5.08505949817272,4.859762533574387,4.95495391862682,5.0959427461036455,5.112264299301813,5.932920633406601,-1
222,5.028757129692278,5.294894940786485,5.208274433498156,5.067125775679032,4.847224714974396,4.953891359852775,5.120709077405469,5.123210807836512,5.929111278371852,-1
223,5.040806827991443,5.310192559110292,5.19676511755247,5.05107756374919,4.833973540336032,4.944799061603314,5.139846677218268,5.131505967202363,5.933939535809319,-1
224,5.044127436913941,5.3201713505897965,5.181637642533373,5.0401754674904735,4.82143167763241,4.947980230937629,5.1514499710588115,5.134624214662149,5.9365586547536635,-1
225,5.040379629552154,5.328239734019345,5.1808092231967455,5.041990968991724,4.823264059820388,4.950539300665674,5.155865849043064,5.1456057390787295,5.928258728019613,-1
226,5.032890343182326,5.3262426084358605,5.198296425741386,5.043820800803901,4.829688641400153,4.947571409414828,5.159901567219163,5.160891909412038,5.934249810518588,-1
227,5.01086628650215,5.3275962651652495,5.218020135265969,5.0459982048080985,4.842493074506819,4.938363345112116,5.160636476545302,5.173196374116669,5.928134025378399,-1
228,4.98492531375222,5.327055949152396,5.238199504397652,5.057079357431924,4.858801694350116,4.922357256555009,5.161715593811407,5.187914152741305,5.937680069256676,-1
229,4.954425129936437,5.33726108288834,5.256095361312294,5.063334811493319,4.8746977120384205,4.909160530519462,5.163578083399945,5.209987990638916,5.929041874737442,-1
230,4.919735119756061,5.33052933562884,5.282924070689138,5.073022850196008,4.889473601568218,4.897646825790153,5.158117881398223,5.225858876881558,5.932487620832304,-1
231,4.884777865660082,5.329115192080809,5.322012885256264,5.082590917699488,4.908298178127198,4.902359632094525,5.1552194090033785,5.246475931601603,5.935452806640934,-1
232,4.844223055427254,5.328492128705424,5.3558121955952345,5.090207048631298,4.921279563957895,4.9003741286872575,5.1565687293040465,5.277365638813795,5.938071415287348,-1
233,4.809287879672538,5.32485644687892,5.383011679930127,5.092310894568975,4.924744346697733,4.891975047849012,5.157185866635529,5.303054355212246,5.9441932071576336,-1
234,4.776626752050435,5.326218776623019,5.389592310092931,5.092622143621127,4.93019557408306,4.8803840874116675,5.145028267859183,5.3257805693894635,5.9358086585348895,-1
235,4.7608453984927275,5.331382549812944,5.398416605622181,5.096517434222221,4.933642079324066,4.867306525267218,5.1265568425723105,5.3427242529194015,5.947346886766022,-1
236,4.750302850665955,5.327983627829913,5.397895312403243,5.101119983104871,4.935706293185494,4.855700308866437,5.108520687709512,5.365242003157196,5.9539365365941626,-1
237,4.743155706346257,5.320518921318369,5.39990531792326,5.105728317990971,4.933621256022631,4.844372152264649,5.085841520084236,5.39232650297491,5.938016067454838,-1
238,4.73915329496476,5.3177652503734105,5.3924699150298405,5.103242527884472,4.927630897765484,4.844406241058985,5.066959972324478,5.41802891387605,5.951236913203737,-1
239,4.732949312306206,5.305235341580472,5.37915359070455,5.105459964738521,4.914662674558495,4.83375164475552,5.046722628370158,5.44030997545209,5.9426438109454365,-1
240,4.739134821026182,5.29659320592221,5.365419398535719,5.107620962992522,4.902990374317029,4.83025801609892,5.025999292469431,5.443923670594682,5.946320767042269,-1
241,4.747410525575755,5.290935706623396,5.347506895759852,5.109213734847615,4.899893919534433,4.835575997228305,5.00005969226421,5.433466709743875,5.954077873890175,-1
242,4.752189061361252,5.28925388826902,5.332346101260022,5.107507554309194,4.895816107772132,4.846205582987308,4.97716681888623,5.423904008982555,5.943348403122004,-1
243,4.764988304776446,5.287486034852008,5.3156564698701505,5.099353629762831,4.888434505865065,4.862846225034607,4.964779980232537,5.414602210964015,5.945306116136309,-1
244,4.779842643085545,5.290220513506058,5.30540989872128,5.0774197888107615,4.88597169014089,4.881033580691533,4.946162170019862,5.397459430802726,5.942571536775582,-1
245,4.80103839696695,5.291051551966154,5.289141139850528,5.058011781408092,4.8828141766088775,4.901798117248774,4.928783959673051,5.369878236038684,5.949375881501282,-1
246,4.827220326770425,5.300420458871811,5.278364804107043,5.047160901617977,4.879282688856399,4.913948167518564,4.914870832766718,5.34984835574918,5.943693448404115,-1
247,4.860540137431766,5.300768049759377,5.259753087853819,5.028443689412876,4.874644009227149,4.931239788800822,4.905043903746881,5.335747386297383,5.941630837150944,-1
248,4.8896048221800745,5.291347567426046,5.25297849368248,5.014147300094782,4.873539003160769,4.941944758176831,4.902578148495067,5.327491203049317,5.959031779845589,-1
249,4.9113651844246995,5.2896516392410176,5.257883813936044,5.010808910756328,4.876307963252415,4.94044013436095,4.901148755035635,5.333978098388912,5.949233677876986,-1
250,4.932563529264261,5.277812287268747,5.271350902653108,5.010615986950306,4.873976863062868,4.938180224564782,4.899921307398027,5.3296185273687735,5.9464622654356285,-1
251,4.947924594201679,5.260160781898817,5.279886360056838,5.014626729686974,4.871692071902557,4.9312743294098205,4.898515386020769,5.332091733182035,5.952665748446382,-1
252,4.954098996590339,5.2408295037884045,5.2751153386287,5.033540396428483,4.870423088197786,4.930415986498526,4.9114083426738695,5.338729242422745,5.941448716606953,-1
253,4.961993648217617,5.216499454803245,5.2727665722950485,5.057651411718493,4.868847981634268,4.926145786020313,4.930799689108948,5.355456398550138,5.945938408485558,-1
254,4.96752735059221,5.191139258834766,5.265515105214771,5.072661802163721,4.864651216346354,4.931035159705104,4.946890106322731,5.367630578124029,5.954842899810597,-1
255,4.971265232698149,5.176073788895066,5.270374559517346,5.089612007487493,4.8726749940139,4.939868608887204,4.960260195467553,5.3621208032827905,5.951163640962264,-1
256,4.969203881409008,5.157499719148519,5.262561860652555,5.1106882203774155,4.884599799861361,4.948290429953157,4.974858130078763,5.3577649233787215,5.9600651492551675,-1
257,4.966264459139292,5.125527146971133,5.246057850534713,5.130506253236157,4.889686186085542,4.957591909362271,4.997309262611819,5.351796510777787,5.9467721003292935,-1
258,4.96856272179788,5.095853675678949,5.2265598019835995,5.144194498634576,4.902609292950142,4.972501831604417,5.021886641444221,5.355927384335256,5.962537242034838,-1
259,4.962686527396484,5.073015114342173,5.211868626811129,5.160243007332861,4.912915484657006,4.984908280960184,5.049259977148058,5.359624889709804,5.950787194138279,-1
260,4.963827007535196,5.0575577750908,5.213344347578831,5.1712743163340775,4.913652669211909,4.990897067562257,5.071828553813284,5.358869021364927,5.95891221149779,-1
261,4.960985553242638,5.052001541464908,5.222463965994418,5.175487141748227,4.911125366525411,4.998311829735987,5.088893291275691,5.348302635628413,5.958530287275245,-1
262,4.963301755404539,5.046583289442248,5.239746629689889,5.189288539621378,4.9147306958140256,4.999864214276386,5.106397917580604,5.336997279335588,5.954305575679774,-1
263,4.975030448718872,5.044415564864459,5.251672346474622,5.201638449182482,4.913170801354175,4.985389060076932,5.12734955004067,5.333711512077407,5.960882771524023,-1
264,4.982054015096599,5.05205464552133,5.274188487777759,5.21484218967083,4.9033768812142835,4.972177937041218,5.145885970192881,5.326939436994542,5.955537807428494,-1
265,4.991782518781601,5.071420261478291,5.297836922420139,5.210976795071939,4.899746566923814,4.964407490255853,5.15536598605317,5.315962133673973,5.964725343581249,-1
266,5.0048552554519095,5.100648353771144,5.317443505482102,5.210780569605895,4.899532538272053,4.958081458706886,5.169699542583129,5.298761574654355,5.949142754684286,-1
267,5.02678101291508,5.132516604551618,5.333123856585462,5.210613755502704,4.906554768254226,4.952611490925402,5.180002537040992,5.2749480759641605,5.9616984137381035,-1
268,5.047158632645969,5.159788290075764,5.3390269745249626,5.215486672897437,4.925698080067549,4.951018378427177,5.186053611280992,5.261266783146075,5.950230804315371,-1
269,5.056643364734872,5.181106888722319,5.333873510708862,5.215727643144734,4.941602934309919,4.952892778967421,5.1840098910444805,5.258088618427364,5.951043699364785,-1
270,5.0609792374717975,5.189255738664451,5.327938991797212,5.211352916406598,4.955730126625857,4.9528209076084195,5.179191349508949,5.253136547452367,5.9536257558538965,-1
271,5.059273576514966,5.1909383194279055,5.314946053927692,5.214931361206679,4.9614714818383225,4.963008189489931,5.170767371766366,5.243318330283858,5.967235370865014,-1
272,5.0749473599683865,5.195046261607814,5.298241680296095,5.212982657860142,4.962837328263673,4.962641800015934,5.154365490079771,5.244927677260906,5.9575044196434455,-1
273,5.082940800436437,5.203847592217062,5.274705176543485,5.216091657757193,4.962563358601834,4.960954401457437,5.135156653615127,5.231799326543931,5.960378100229091,-1
274,5.0893564681159695,5.197232832789966,5.2554828870610635,5.21071520752401,4.9607356951543355,4.957097332918036,5.108111187873492,5.219857374674124,5.955780784568431,-1
275,5.087192425633337,5.180213527288994,5.2502601959431985,5.206829723972946,4.959413677412532,4.957856115128553,5.076783219559354,5.210577783532225,5.965027078738686,-1
276,5.0842618397218375,5.160757845400012,5.250788570179601,5.199763555560696,4.953434567555169,4.955788483843061,5.045254803510312,5.1966352494452765,5.963181903874703,-1
277,5.088911705094478,5.1465011974237775,5.264516986504103,5.192045692223177,4.953827009490865,4.94219777014958,5.024352939242315,5.176749403425372,5.969711633519992,-1
278,5.0988587153220575,5.1435745928382675,5.274976933283657,5.17579646990448,4.944452421507521,4.921946878406021,5.004973793872569,5.154240655375775,5.968965181575643,-1
279,5.106320234829436,5.146059192506158,5.287837533326281,5.165986834074449,4.951218085150439,4.8995362892001735,4.98047799069541,5.14973415258001,5.966530980131705,-1
280,5.097028603500199,5.149466135083217,5.302581630937823,5.153939417519645,4.9543229748126665,4.895349009082636,4.960889572743358,5.141579891940795,5.967700294114627,-1
281,5.093878971834909,5.141845683488569,5.318726266573819,5.1439172764424,4.961838363083883,4.89628108618597,4.951812601898306,5.146306999388253,5.966388154143493,-1
282,5.080761685577961,5.145783678652597,5.3371590792991075,5.136699762795707,4.96478385645459,4.901133282081701,4.95263757707989,5.151900551702243,5.962544062788536,-1
283,5.074718118656897,5.156986489971234,5.3509921648899414,5.128643154934491,4.960108172449495,4.907155412178813,4.948440410679035,5.156486863051478,5.963692461062115,-1
284,5.061936617474127,5.1633829011561385,5.353209074150646,5.1220977486043395,4.955447184799298,4.9245121454532415,4.942109791956918,5.158718290839773,5.960570879928077,-1
285,5.0527414198468605,5.173339586638689,5.345779692798823,5.114677269194659,4.952208395948153,4.959190109356861,4.9359047710605015,5.1668879312668805,5.969482394404068,-1
286,5.039194637277279,5.183865060197912,5.328201386451227,5.1071733966677915,4.967372021035997,5.000552805629885,4.932457032719311,5.17936700475992,5.968646988682757,-1
287,5.029313188008708,5.198158588119948,5.310938319770987,5.091348061204392,4.974919673726272,5.04680169621672,4.942760429085722,5.179227869039231,5.974398999454043,-1
288,5.0265828317010826,5.216377714944552,5.280081437725982,5.07738015594514,4.989548107637648,5.07731254401258,4.960393349945413,5.183245607558794,5.972205786541616,-1
289,5.030410881419068,5.228236484585511,5.251162296937887,5.074404387941758,4.999090285583739,5.097708195561247,4.9798430169255825,5.179349432450528,5.973778138987546,-1
290,5.036766115632082,5.237041269222423,5.222220504113479,5.073245591365174,5.013294322477882,5.115284620533697,4.990019432152501,5.18077176771666,5.977580828651106,-1
291,5.041411857202709,5.246465653243123,5.193055027321767,5.06477710760507,5.026104542067538,5.1374931627197915,5.005322224302492,5.188413332275914,5.982720778968136,-1
292,5.05467793422283,5.2534542160668405,5.176109621987058,5.057027242189635,5.036778023668667,5.148139547939091,5.022932050882078,5.182364588048684,5.972783258818305,-1
293,5.064524974827821,5.252333890540915,5.160825012342714,5.053759604699472,5.042896609648691,5.142482310642568,5.039667600438353,5.167442829099606,5.9722410752323265,-1
294,5.07246004457987,5.2423158919097315,5.15983812149945,5.051664419786923,5.041440460865201,5.1268836755560985,5.053469093836468,5.155121585116809,5.976919934426843,-1
295,5.070623549699443,5.232828974602672,5.1572209155216555,5.048495611252484,5.038539741988507,5.11379226876569,5.060106744137281,5.152263860543186,5.977035533260128,-1
296,5.070399114502994,5.2109755778890685,5.16313022216512,5.046902873789937,5.043565940415431,5.108947423622363,5.055502665679716,5.144758594908949,5.9691391585268745,-1
297,5.0648103976327175,5.197681201179185,5.17000232644003,5.035669749525775,5.044370239107934,5.112599541680471,5.049361362682832,5.139964245157096,5.975636091655943,-1
298,5.066148638837071,5.181437960214315,5.170918030857547,5.023019913558346,5.039064875315752,5.110857119903321,5.0502310127238,5.130153819662498,5.973359794363279,-1
299,5.0757527635945845,5.161833921831182,5.164730954880467,5.02416781219158,5.035787391421849,5.106950173878483,5.057310145048516,5.120975884183083,5.9865324267211495,-1
300,5.077162284747449,5.1588224839528305,5.156831953666344,5.0153878853995595,5.050096235494961,5.102582830601515,5.064590282803232,5.123483866112924,5.9710535370577045,-1
301,5.077138201024877,5.15476985868784,5.15318131693608,5.007313094870147,5.062595866473282,5.10080277269625,5.0704692318555615,5.12710223712633,5.979933978440328,-1
302,5.075192385805229,5.153811869446797,5.144898769189449,5.004943207696056,5.074170173596148,5.103570415714094,5.074635606375435,5.1189628752752085,5.977232583985505,-1
303,5.086853534225008,5.14998782208004,5.136274125155567,5.00034244604876,5.079833243125964,5.1035009495278185,5.083104660397562,5.1052938365589675,5.982533128266117,-1
304,5.095634283861482,5.156964758911486,5.124663363067603,4.998147420735156,5.070060369068058,5.100502407796255,5.104584031161618,5.1036449863038,5.974478630279278,-1
305,5.10196950026864,5.161915546086481,5.112799591866611,4.992077626345984,5.055385205036739,5.105278389579544,5.128577117015073,5.104569269808483,5.976111947447417,-1
306,5.106448545481366,5.172587163551076,5.106762142616137,4.989077515382029,5.04821391267395,5.1146942476713555,5.152926339060669,5.106243850913089,5.984437352911599,-1
307,5.102136829121788,5.193303492109541,5.095678060082505,4.97248084765341,5.042617670355912,5.123960657496422,5.174731753611565,5.107297491227271,5.972779819726995,-1
308,5.11128113797267,5.203266717441194,5.079068838783389,4.962190767102379,5.027242202178161,5.137481182082635,5.194985602379033,5.1147336683271085,5.97417632067295,-1
309,5.125742749370405,5.201776191694296,5.055066303184125,4.957407798704824,5.01833415643431,5.151048019840877,5.2115237622570145,5.13985817141217,5.980429153693471,-1
310,5.145010992836062,5.20695692908327,5.027560480646804,4.9492908725063565,5.012913969669173,5.164209718567097,5.230030114695179,5.172143100817642,5.977134976642199,-1
311,5.151249680972631,5.220824150161413,5.0019052898202325,4.949210861793642,5.010450254750147,5.176628019925137,5.252870425832287,5.199721321894179,5.980736625780505,-1
312,5.15004400072781,5.2272953108280475,4.984993829848289,4.948639509202473,5.016266230607982,5.182728217732569,5.264734008768472,5.2111477719982755,5.971354288186134,-1
313,5.1483190851253005,5.232492652787608,4.978480623495077,4.957494893579908,5.026843978765498,5.182108083831474,5.275551286592763,5.230197158803991,5.978212379483664,-1
314,5.149552142944862,5.230922515022342,4.96887242031295,4.967320331698193,5.034770736803839,5.182006143274606,5.282802290074835,5.243882297759385,5.977823264410128,-1
315,5.1455620114899485,5.2183556511833675,4.962811615920291,4.988845458724955,5.040097459242117,5.180277013179376,5.281670628330406,5.249883280492206,5.972875680391494,-1
316,5.1323694946454985,5.2079358367835775,4.9660786050145225,5.008171282232924,5.041479506894311,5.183147867729152,5.279882895619268,5.250354183470585,5.975833636328121,-1
317,5.130179516671583,5.205359499127937,4.976955209070242,5.029127226111166,5.0476028758097415,5.189188930053897,5.279735923670941,5.236998087119469,5.977937451130509,-1
318,5.13467401828466,5.208412520985477,4.988714002958142,5.04552869307185,5.044745362860654,5.202746434641492,5.283811135604148,5.228656159488297,5.98422710446049,-1
319,5.138884257708415,5.194073226444228,5.0013271506071195,5.05105353091505,5.0481692763790935,5.21125104342698,5.274868979767692,5.2200127549856665,5.981377188862734,-1
320,5.150922738160647,5.1788313104367125,5.018460247696016,5.058341010896106,5.060410932499259,5.221898940366723,5.26959427213902,5.2215203670490595,5.985589681122276,-1
321,5.1660246191284775,5.16306493850654,5.033556096000011,5.062213816137528,5.072684895872717,5.228020474067675,5.258358916829288,5.217992405758055,5.983323899410222,-1
322,5.178959624979936,5.149362022333614,5.0471583174753265,5.070216086929563,5.082748035065132,5.239367289254742,5.244467633624751,5.219441256976902,5.987196664221931,-1
323,5.193254455406937,5.135323047830904,5.064814262035956,5.0718873536640405,5.096061494871085,5.243399549551822,5.237898880062903,5.219058018769275,5.981711223609293,-1
324,5.208406420789279,5.122929573747434,5.079771117638232,5.085083424701699,5.103012105018694,5.239980170756806,5.226152462161573,5.222047076976157,5.992560847200736,-1
325,5.208135654678871,5.118348285558801,5.101914124382077,5.0894686103042375,5.100515300706937,5.233070234793787,5.213313660120321,5.221677069976601,5.9932388969909995,-1
326,5.202215638943706,5.096372428376036,5.134455327358283,5.096192853056875,5.104174470278916,5.224848380537286,5.19485086046763,5.214208009904861,5.98124929875463,-1
327,5.197919807477462,5.0884799131939,5.169008359592749,5.108344002310238,5.105895471471886,5.222405946329492,5.184536913146998,5.203956770776231,5.979286280389131,-1
328,5.194336151732247,5.086416576620755,5.192522356815056,5.120744264179377,5.106266482914282,5.219814284191778,5.181354166698532,5.181440322935621,5.986486355876339,-1
329,5.189932971007368,5.08532703288418,5.214382497426422,5.14414769491,5.110347278619443,5.221083278571862,5.176230437192084,5.15452641905185,5.97491404864276,-1
330,5.183216634242649,5.0877939564751475,5.234605260923511,5.173245534051751,5.1124502664665865,5.215567972100999,5.171077189355218,5.124332743974007,5.990254552626931,-1
331,5.179523515610958,5.088276820294755,5.2483362396421045,5.196014847593728,5.106452506900519,5.219546222744525,5.166321173338105,5.102011736735848,5.988913882240659,-1
332,5.177552062358339,5.081232286433244,5.259591184441806,5.215845730996546,5.112262283762314,5.220533650666423,5.168197793008688,5.07851443066755,5.98634563685736,-1
333,5.17699795686094,5.0712805879899685,5.258830693639826,5.243024566956998,5.126159374980615,5.225069284412774,5.1714758137634504,5.055250285079261,5.985467242715046,-1
334,5.177012214969389,5.065491347734137,5.256095559169105,5.27132642300263,5.138795664878957,5.232151044881457,5.173957534659853,5.041872779332242,5.99050653542318,-1
335,5.172086300028566,5.058184069646983,5.252310590582184,5.297009714201577,5.143356985106256,5.232860463917819,5.174338690639484,5.037098244031664,5.996299722814341,-1
336,5.168287459084817,5.055110313383468,5.2604544802240545,5.313710364765577,5.138556102742642,5.235515002326608,5.169421080190456,5.037668287304597,5.993136507668974,-1
337,5.156336119999325,5.057097642058811,5.264334653756039,5.320907562516092,5.134154217075796,5.2307889203407845,5.174772628043911,5.040423395302899,5.989855381263238,-1
338,5.147347952681324,5.061524542991163,5.266401072342451,5.31269677223056,5.129096690997126,5.227171271588453,5.181104201017911,5.043453253474125,5.984821398821381,-1
339,5.140437293258913,5.063300431962124,5.27208185208075,5.313636675826022,5.132073019869387,5.220070908937901,5.181533825913534,5.043148723556673,5.997573664505977,-1
340,5.137688968469377,5.084134672323787,5.275987054563094,5.30269861517495,5.120236602797203,5.210383910798956,5.18085748341723,5.044736596972236,5.990414625289959,-1
341,5.131082271216324,5.09986654050404,5.282342102402168,5.28198188069647,5.104374468724406,5.199892295024306,5.172549260352353,5.050671611437239,5.984897413625033,-1
342,5.119250768421263,5.117742439321085,5.2799323250904004,5.248572235564893,5.087440532443658,5.177176085084518,5.160881103543568,5.039689803980453,5.9904059561854535,-1
343,5.1204229126558625,5.143295027289827,5.280275025586281,5.21712183849754,5.0769584169450575,5.157958427446577,5.153423635216302,5.030182100742913,5.991994874753705,-1
344,5.115392888346171,5.160799121820211,5.279803173121956,5.192144307545598,5.0639995231524715,5.132920457528699,5.143483881527961,5.022257667091714,5.9960195726834336,-1
345,5.1221131106565405,5.171669033655026,5.283523900110532,5.169260050005352,5.041460341034044,5.11704368307706,5.132314990593224,5.017045154947334,5.997992437091114,-1
346,5.1322246969254595,5.183329044172957,5.289962197335401,5.151529334200557,5.021658167393042,5.102533974970408,5.125098248287018,5.021241174192147,5.9920535698385295,-1
347,5.134712351492106,5.212163214484922,5.302061729448497,5.136906906289886,4.999345432111005,5.08677048371772,5.124146779713021,5.029744111191464,5.987424873474667,-1
348,5.129923445770005,5.230379673730227,5.318474722399201,5.124904796176474,4.983393010383306,5.080242448409735,5.122731069715146,5.035102474325779,5.990912649396666,-1
349,5.132327254909461,5.2561789673113415,5.3306466977993585,5.112098887338357,4.9740372345689705,5.074072302639727,5.130011607077793,5.029273649919105,5.989104598101635,-1
350,5.1412019280336345,5.2789968606070605,5.345881184733506,5.116146293604153,4.968108000364691,5.077531165809459,5.151519889174678,5.031425500368101,5.994133430908858,-1
351,5.150748945151044,5.292732703521684,5.357765894883913,5.114613446066233,4.963917060234336,5.084401587776883,5.169792307789787,5.030805991947026,5.995662016102114,-1
352,5.179459699868489,5.301266864143085,5.364245982751893,5.10864564657408,4.965910439716742,5.095382253277131,5.191843499374898,5.026536019223794,6.00444217704404,-1
353,5.2033658933030225,5.31692542908102,5.362488277124917,5.102208702185889,4.971532581974358,5.09959539808038,5.209911753781487,5.029832511306504,5.992532006152275,-1
354,5.220478963588301,5.327537052138652,5.364982917734786,5.101679681784675,4.972045397976625,5.10528911109747,5.22377262066053,5.021914894062109,5.997565555425826,-1
355,5.24367751124506,5.327138688341449,5.357097659962559,5.097140703162819,4.971961352832501,5.112268631300095,5.240920089790313,5.00919743451656,6.002567396233709,-1
356,5.2689462890501835,5.3274147724427685,5.3428975525002675,5.0895911349261205,4.971463829340163,5.115660656573788,5.263993995663337,4.9949484461645515,5.994463046214228,-1
357,5.2828047960731634,5.324118442867999,5.34037585240436,5.08840386667105,4.968195246253838,5.116617348602741,5.282618051195697,4.9883452559880705,5.996297692456404,-1
358,5.303240535623596,5.317682511969683,5.330781239440794,5.086225328799595,4.964207425303669,5.121861464852845,5.291085878898571,4.9872718622232615,5.9937206007780555,-1
359,5.320211583101137,5.324937621253676,5.323271696528292,5.0809854396899174,4.964667757451006,5.120948880305721,5.30316349286251,4.989493624423354,6.002752415135539,-1
360,5.319150558515937,5.331298232605436,5.307430061321039,5.075406878353803,4.966014865400426,5.128146664689847,5.302155900113017,4.9932698051751,5.998092038385036,-1
361,5.322752687157357,5.340249877732526,5.288359786560195,5.070742972983246,4.978892157798923,5.138443770585058,5.304418898955549,4.995238118456872,6.004653273189004,-1
362,5.3218550966097835,5.346971746167243,5.256821918046401,5.067287015740783,4.990207166112107,5.1514578242118585,5.304240741315628,5.002607565920294,5.994194186603917,-1
363,5.316073259438624,5.355322727399517,5.224725049484654,5.059276042394357,4.996317619851707,5.167323885877524,5.299771494995917,5.010177204161511,5.999444767882713,-1
364,5.2992937453866915,5.3633331201559376,5.201282247169083,5.058838274474519,5.002197347692777,5.189733560461343,5.285419394264336,5.025823246442464,5.9987548421812065,-1
365,5.284688451601348,5.3637899246623935,5.170868981964882,5.0646368369374715,5.0020998612727094,5.218237023204169,5.270326322856176,5.0412496307596335,5.994532871310607,-1
366,5.259402405992093,5.367903869341963,5.152820317207391,5.058270554862498,4.995359748446489,5.240413531123671,5.266032381458503,5.0567124394722125,5.996804874704141,-1
367,5.229114362294609,5.3499143302337515,5.143076718973966,5.069904821181316,4.987340196999648,5.258087974900387,5.255694471496508,5.065506024870657,5.998659000698376,-1
368,5.2097459914118405,5.334959956187095,5.137972699902406,5.081663749410324,4.977901621070183,5.271068031724143,5.248654921703628,5.07296714044577,6.00026775693241,-1
369,5.196914416321275,5.310648932172796,5.128474559526595,5.084151114867541,4.962107940870017,5.282888302585694,5.235862730247543,5.067165716912808,6.0055377561861,-1
370,5.187957796599565,5.28474582466158,5.127596428203172,5.0776463463674535,4.95060000038733,5.289520613501859,5.223748537599023,5.05734695722099,6.004099522942633,-1
371,5.186408405185491,5.251207802983928,5.134752439443557,5.077591182886492,4.944825751608718,5.292442150659225,5.209058571553293,5.056711819311445,5.9942148366255905,-1
372,5.197341864221208,5.215834887614296,5.1345862143549965,5.078841098173573,4.946906367949846,5.282761186008296,5.198565530985253,5.055600626741119,5.996649717927474,-1
373,5.213475405596928,5.186285057528372,5.128365126168925,5.068684425781567,4.951562451951273,5.26899833232768,5.193288903569744,5.050985410573394,6.004521373858492,-1
374,5.226288943984421,5.156406894122118,5.119263305387461,5.07216958064738,4.9624732298944085,5.252705386578508,5.177330565365739,5.041360469361793,6.00400969760585,-1
375,5.24554491016278,5.135830907056603,5.100306785413088,5.068470071458955,4.9683014377963985,5.248452483531777,5.161220843073871,5.031953282858211,6.004656760082975,-1
376,5.247163626858686,5.122117085435757,5.07457523620929,5.073462994231697,4.977347018289054,5.244885810334402,5.156958549887626,5.022789026024349,5.992511585882872,-1
377,5.243894872167495,5.114601954951003,5.065244433053159,5.085231547885589,4.975385648979296,5.240984287817703,5.157064986005574,5.023754231696479,6.005702033815192,-1
378,5.244837841407456,5.110953743815223,5.066028848328171,5.101351695507235,4.974876949512641,5.23174682498078,5.163007069655004,5.0253244999306315,6.007456979130441,-1
379,5.242956087932834,5.1079146082189855,5.060373618857454,5.111286859429579,4.9814386447295655,5.2235332475978105,5.173560827234781,5.014349352375365,6.010211782463055,-1
380,5.243606299313432,5.099036914298176,5.052799732113337,5.120698647364557,4.984478125675554,5.231576855680136,5.186864301190726,4.9932950658534185,6.012734928438151,-1
381,5.244636398869135,5.091773227781045,5.0424393425366825,5.132645827209028,4.98799942897433,5.2391539080350995,5.197725152497156,4.982284916468571,6.000053836611265,-1
382,5.254441080199276,5.097200284126735,5.029432020958993,5.147907108962168,5.002787769343901,5.247790240575977,5.214298973993149,4.974663919878521,6.001625499637897,-1
383,5.262931389826298,5.104346098950793,5.015451845372686,5.165252808970704,5.025984993074318,5.256697742894567,5.230386019623963,4.977634777705895,6.002484817927684,-1
384,5.278404181182937,5.107509647326629,5.00753339267226,5.172967706821415,5.040226242195403,5.26214524122582,5.243238005601256,4.977886325321705,6.008653641813588,-1
385,5.280102263079663,5.110917516330075,4.9944436908284775,5.173369325307334,5.061476776658476,5.271649412215874,5.249629019575585,4.979136934695191,6.010551085358732,-1
386,5.274232376973953,5.110017151473586,4.980517884599693,5.173301217057939,5.081139691444752,5.276623359567514,5.255705116641323,4.99606031535247,6.014627385519666,-1
387,5.2697790728669744,5.107826106319304,4.970339277568114,5.18175978687987,5.098154532177063,5.284706855227082,5.260730702251502,5.013808726336017,6.0135434467531415,-1
388,5.262139569609372,5.116292398827294,4.97646789140819,5.177984358233068,5.114824093422562,5.286260366889551,5.260959407957949,5.038194966482536,5.999097206490869,-1
389,5.262176451340121,5.120307555525574,4.994399205033282,5.168895556545562,5.129864002377512,5.291100002822271,5.2632104052870705,5.057996690857302,6.013363209888458,-1
390,5.2561711073846435,5.114423917702588,5.004746022571751,5.151111838973345,5.128796793441947,5.305014970233098,5.263998578474908,5.074054059595071,6.005564213550105,-1
391,5.244843887424419,5.10526256362034,5.016566251019394,5.129996254587819,5.12188423548623,5.317161613337024,5.259545953599461,5.081784734536686,6.014309707345926,-1
392,5.2374900472108905,5.100447390583917,5.032235604662986,5.11640956709906,5.128426985952584,5.332462667702469,5.245954494026693,5.0954717791137485,6.01056939436967,-1
393,5.232808107475021,5.0781266001343255,5.038561221084395,5.105694031598839,5.141229890027885,5.340215590130476,5.239572880248753,5.098031548601356,6.0038953112566835,-1
394,5.231127230451895,5.060248508454186,5.040087281144447,5.099746047806731,5.163628019734878,5.360466843698287,5.228783880911121,5.099255590474655,6.004340098167255,-1
395,5.221072275783219,5.047433301658435,5.039632955152715,5.08287239110713,5.178405915256179,5.371476379536373,5.214903748849147,5.103996221318166,6.001533017645653,-1
396,5.216121231787247,5.033086667271839,5.030156297771027,5.0758195434681905,5.198579178296674,5.385642553784296,5.194803061949946,5.108600727231166,6.011418216622848,-1
397,5.201672678386592,5.022603645455019,5.013743457709976,5.078549829174999,5.213898994712977,5.398898244810807,5.17779598651968,5.114568078209297,6.010284045697868,-1
398,5.18756531859912,5.0184970506105415,5.004969427423683,5.08496626557052,5.233271007720671,5.4027648122585195,5.163891235037612,5.120370196728304,6.0112787882809995,-1
399,5.175848562654721,5.018373491903609,5.000797748969783,5.092281917660353,5.251341545553071,5.394081065266842,5.1584568161685365,5.119069019728742,6.008507295749585,-1
400,5.156238760781433,5.0050808265747095,4.99639848933613,5.0891558244513115,5.263804900862932,5.389941924754026,5.151570680334351,5.121605436816007,6.020363713216181,-1
401,5.151071887326709,4.997340965573717,5.002005538026253,5.084775714245633,5.276660089341064,5.385374348432978,5.141039509835082,5.130855689464992,6.001886201058339,-1
402,5.141297275727367,4.985401942309007,5.00724923448905,5.0744563000673395,5.270685240983682,5.371078871200758,5.1346548631626865,5.136322612239338,6.005276681851368,-1
403,5.1363957123292066,4.97346349322775,5.018077570288491,5.072039354070926,5.270133771221044,5.3639209355462345,5.1296027200173535,5.14645653776031,6.00313985591611,-1
404,5.114473964242475,4.960477259719568,5.027366652570064,5.058860512455755,5.253710177053844,5.342664112720797,5.140572314129038,5.155010940979655,6.020579574602718,-1
405,5.096680599594213,4.94595554084285,5.040475152236998,5.04916805021387,5.24368791751462,5.326246653622229,5.142828564541507,5.1584931786644,6.005835700359261,-1
406,5.082923672311255,4.925694400760359,5.061868464255375,5.03393536519652,5.232282715689977,5.317702201899704,5.141022822413743,5.162667754622565,6.013759565151902,-1
407,5.068547975937933,4.906595861113837,5.078437875928912,5.0263221253650565,5.218874830002123,5.317136230931353,5.1332787003698,5.172830126556613,6.023298252067648,-1
408,5.0612242714021765,4.9007834004246815,5.092829723204743,5.026641583894928,5.20083477336674,5.313245048723145,5.128612076199619,5.171826124957199,6.003119212896571,-1
409,5.046597402467724,4.92146606076608,5.101981138403031,5.040291871909424,5.177171444812898,5.313745506453965,5.126361057268264,5.1731046403987415,6.007746659061271,-1
410,5.031611984200723,4.944594094963445,5.107395911454941,5.052745318796311,5.157318555517826,5.324666153286556,5.119915388412301,5.167448200021583,6.012224578772503,-1
411,5.012329585558971,4.97749498174232,5.103678890235383,5.058244558984522,5.146753785950036,5.3331785767156115,5.117281706217491,5.157783419098827,6.015458080342677,-1
412,5.003164134822535,5.008966593195132,5.106139934452937,5.068224588694962,5.144013184662574,5.338490392505412,5.09986587122166,5.145569369822976,6.004100692984115,-1
413,4.99030477195569,5.042833206158744,5.105452663413339,5.062599270542618,5.143720809222893,5.334590310096923,5.085144876262689,5.1405076405274155,6.005839487438516,-1
414,4.971751705448349,5.072757993601182,5.102632230444333,5.066439411231597,5.150267208020722,5.320230361142162,5.071389038631955,5.132970683882851,6.003013496322299,-1
415,4.946315884524357,5.099332869806115,5.09641663625289,5.061278649599137,5.153805345776399,5.302430743583578,5.0603341219468465,5.130137382162168,6.01359262412779,-1
416,4.919922599830415,5.11903664328938,5.09894804464661,5.050440322907997,5.162033474618726,5.2749168061438585,5.052507949161255,5.127925888778175,6.019461098640634,-1
417,4.8994197341021595,5.119149791827548,5.1038196154420605,5.029922456485628,5.1720527729386365,5.2366606282573205,5.042240246110674,5.126120872418216,6.015242954524485,-1
418,4.878460461804882,5.122090900712312,5.106655611438165,5.011006087766834,5.192438707820619,5.20050684978941,5.036960751220256,5.123483725794616,6.011304376035425,-1
419,4.859728073322282,5.11700360715053,5.1116758489455005,5.0011326694984835,5.207090445941732,5.172301594117756,5.017206654912556,5.1194742518541965,6.013468787703763,-1
420,4.836998877801679,5.107622620745361,5.119435596969734,4.989968424189672,5.220301268372313,5.157813600355217,5.012486690795517,5.132190108724747,6.02245489509999,-1
421,4.819182525676124,5.096496049782164,5.132067267020985,4.988488253131445,5.235653168076985,5.14099465427202,5.0099927820791414,5.14392683278594,6.0135600773690046,-1
422,4.805475003931883,5.0868534905054865,5.131923925999037,4.978568118039066,5.24203617164982,5.1333320292627675,5.006522146718734,5.155498349024698,6.016076767698019,-1
423,4.810709725247252,5.071148676302693,5.128234975681531,4.967867630271004,5.241740880661653,5.127530067256851,5.008207131191681,5.161874837957487,6.0239591850955305,-1
424,4.8253554320972984,5.056623428481409,5.111406294220771,4.979412724969351,5.238004481279846,5.129911329481817,5.016211969892332,5.170061741202156,6.003325718968651,-1
425,4.8277189727250605,5.041433400730128,5.100018197989615,4.987377606037642,5.2234245589286505,5.144123845892938,5.019563546847416,5.1752313164857275,6.015879535656667,-1
426,4.829706645115958,5.016684026949151,5.093092514621361,4.990809799696933,5.211265389143453,5.147548850108902,5.017715501474089,5.178731961060785,6.01694188418443,-1
427,4.8376567758762645,4.991915695990445,5.097588758177163,4.989541091137996,5.204886801235304,5.1418240778622115,5.026467893196866,5.177869896847055,6.012092182625686,-1
428,4.862828289377051,4.982879479438506,5.092804930477702,4.9938115916813945,5.1934133181941515,5.132277297853423,5.027673365473935,5.170319760199907,6.0107782077451875,-1
429,4.881719315606169,4.988559028810653,5.091324207407308,5.0020443625176485,5.173423654457492,5.1322551312662,5.032094420279669,5.156492513481456,6.017637436245595,-1
430,4.904187723469327,5.003843041332545,5.09883921117774,5.014711779593301,5.15819560622058,5.130387269826396,5.038396445383022,5.142941792623387,6.020187950411968,-1
431,4.91248788604251,5.022863807334961,5.120873990276049,5.023759998920684,5.142001348609471,5.127590007476287,5.044389397292864,5.133583187632843,6.014181487132569,-1
432,4.910090038742137,5.042712003940306,5.142186482770789,5.0153443401571245,5.135931123474652,5.12044763020919,5.035411802958878,5.136945039705849,6.010074373854352,-1
433,4.912229810743746,5.066065753924742,5.159661172783046,5.0152317215722455,5.145863700640543,5.119049053616095,5.026266106160595,5.146531883774987,6.017207036082471,-1
434,4.922208662317328,5.094701038835136,5.165828644901881,5.027103851093574,5.154889116544166,5.125011992496878,5.020078553377498,5.157586089781029,6.015799186387971,-1
435,4.933039227104175,5.127828694695573,5.16673930384661,5.043303932425866,5.153323436319413,5.1273085904641,5.009910137290519,5.176663915497886,6.019081200872201,-1
436,4.935463581077031,5.136213161697423,5.165955649149349,5.059915974696761,5.161832433673193,5.1300625091915,5.001597188945419,5.190618994417519,6.006773388308416,-1
437,4.942661410724908,5.13486914213728,5.156847867393237,5.073584059841883,5.169434384465786,5.139655399208271,4.990323354720626,5.205343200326377,6.017285418022334,-1
438,4.937467687174834,5.128104278548269,5.1456178781082755,5.073966019537281,5.17309107770814,5.14691633288086,4.970669102496894,5.220781712473393,6.015486489642902,-1
439,4.945137408402298,5.1158845169089835,5.131491666868688,5.080651819315906,5.185217682718668,5.1501261250641175,4.95300124920105,5.223849363142292,6.015040913313784,-1
440,4.956927659568273,5.099900582367703,5.121507584687163,5.090638438961369,5.184611266884728,5.16459352573121,4.945880265112283,5.220069576288708,6.021660503203621,-1
441,4.9751877994299205,5.09041198883105,5.106661436318718,5.098196520690508,5.169958227139946,5.16787561698169,4.950168952133537,5.209384571973056,6.030947625803186,-1
442,5.004204685705928,5.074771717356997,5.108336462017618,5.100606778750347,5.149516403772041,5.176898160206322,4.958663443278426,5.204013636921339,6.01767982621381,-1
443,5.0228731074470785,5.064643969936679,5.110119528790766,5.095729996436171,5.130169350122836,5.1911044092714915,4.966440646526284,5.19942718364876,6.021592678854705,-1
444,5.035619394275271,5.057865304315348,5.10843907583016,5.104071570989635,5.10477097661402,5.202663484745773,4.968048576160412,5.192618479339772,6.033890705594289,-1
445,5.0402387988982404,5.0494204649401055,5.114522250554568,5.113303165698569,5.079760721247213,5.199098952723751,4.967149940170194,5.187345452539203,6.029722290679825,-1
446,5.054467574778483,5.045735556107784,5.126580177830794,5.1356042182378765,5.065989579592488,5.188526154260663,4.977137038009185,5.191692583956728,6.013449270864361,-1
447,5.069334494372907,5.055162376648754,5.138954188184692,5.159612833054966,5.054041832114368,5.184148048084533,4.976670656126401,5.2094984884316515,6.022958926692968,-1
448,5.082616461370495,5.063988637548525,5.145373946878258,5.190951260698959,5.047817379119813,5.169664241995896,4.976682865286223,5.227459296334947,6.025751770192718,-1
449,5.092864922666807,5.069266185908505,5.165275722961907,5.21415013092701,5.046029599394461,5.165824456773607,4.967227427678584,5.244220624330717,6.025008783775251,-1
450,5.096327082246198,5.077877987971835,5.1768995622360245,5.229531223291215,5.047628030794316,5.164862871982999,4.961345682062136,5.250355980640175,6.025333727420882,-1
451,5.110605316639048,5.074060425501797,5.183691715757732,5.248641696794102,5.049758391913697,5.175556404890257,4.951123287072261,5.242324422721946,6.0226007876533885,-1
452,5.125160796540969,5.088219745972884,5.204762776405502,5.252394986020166,5.054938355375374,5.184541837826419,4.94361736683313,5.225966755664135,6.0148684055739645,-1
453,5.140571803517078,5.101965906400842,5.219458155511538,5.258450088567631,5.067580504626852,5.199822773266981,4.934189670976776,5.206721564640326,6.011565065534187,-1
454,5.161668819851974,5.103735595563833,5.228125607245049,5.256564822609352,5.0740043957924525,5.219045764855915,4.919490048817511,5.185413870223176,6.0256698544396246,-1
455,5.168592344409051,5.102761283055795,5.233542646188822,5.242992648566239,5.07674150216359,5.238984664259071,4.908097285786075,5.169786675930169,6.025701149454914,-1
456,5.165280958870253,5.110254160062358,5.246981737688019,5.215996986996633,5.078162599333897,5.255980354317417,4.890291948608488,5.149693444794414,6.024164009955798,-1
457,5.151917629578674,5.11329009685678,5.2565187240495606,5.1855270553891994,5.077298108782236,5.269185460004637,4.885465257033012,5.124524306094688,6.033313996122706,-1
458,5.127155147049503,5.126319228071639,5.264052926485369,5.165235957965384,5.073243762823882,5.273595109318039,4.871211425290206,5.109388912674802,6.023370274009135,-1
459,5.1005800939314385,5.145784255522771,5.272720915403303,5.13914078936147,5.0745070810265664,5.265009659512774,4.870177902001164,5.114600553691439,6.020504650965754,-1
460,5.0729858200749245,5.1498426644681015,5.2740597744330415,5.114721633191763,5.078105605221865,5.24463644979903,4.871078854812255,5.125817501876895,6.021166655668208,-1
461,5.0499458014083,5.147465031237997,5.2759691724758575,5.082371123874856,5.072432297409598,5.225095921146844,4.878546808315728,5.135877168801757,6.016932252615452,-1
462,5.01283540968171,5.152443756137457,5.27970382956677,5.0468108281467305,5.058094107614359,5.2123748081889385,4.881961586934479,5.136496651273727,6.0203140699643996,-1
463,4.979427909458105,5.154799294661297,5.28265823478448,5.027286993252761,5.0497649037738075,5.201688502056708,4.8842725588010625,5.126716447209576,6.020571788100184,-1
464,4.956565688521559,5.152036514168719,5.286097542564218,5.016502564092527,5.046158819513558,5.194371658342893,4.897839212898099,5.122574530715784,6.010308903528672,-1
465,4.937341597843245,5.1523646534220475,5.287606562100272,5.019756060094865,5.042969811687966,5.195737909739013,4.908980242601245,5.122299778762718,6.0180103398742215,-1
466,4.929953908374312,5.1368432984522565,5.293103833122702,5.016487634945866,5.046510851927669,5.197645280836745,4.921195925883048,5.124410977987414,6.02702831267489,-1
467,4.919295824271952,5.121203223128738,5.298529631164399,5.017613689802104,5.052672504183787,5.206079211012881,4.921115528587231,5.114881884816495,6.022338421280491,-1
468,4.909178276214993,5.114724121700856,5.309252269379453,5.032462608741101,5.060145565298733,5.220084136567067,4.921495264577705,5.10525812734607,6.02164009785552,-1
469,4.901731203759057,5.107131509190037,5.327342735630254,5.049132702011803,5.067884621367605,5.233089084202296,4.925980335609503,5.111761869829292,6.025131354660216,-1
470,4.911753667877434,5.099304819274486,5.332675385438339,5.073808027385387,5.071302101856814,5.232071373117446,4.939133152562376,5.1204161103126005,6.030407080738764,-1
471,4.9288543622732615,5.091999761257867,5.348875613159361,5.096958397010192,5.079301339269588,5.231171151797909,4.9494216037933265,5.133273797833437,6.023623922004226,-1
472,4.948768172747558,5.075910016448929,5.350081107061781,5.118033856224969,5.085524180964754,5.235972055328859,4.957403064946243,5.137729766861603,6.030007973869935,-1
473,4.977421527728961,5.053492650953292,5.3525736181791075,5.134475558026073,5.095469264429746,5.226066262992196,4.956024744344619,5.154688444305012,6.022030897374964,-1
474,5.002495929659314,5.042853947453162,5.347953658196876,5.154523818024104,5.090640316776857,5.214224293057308,4.95574337669483,5.167541176468135,6.030487428125091,-1
475,5.037525658210444,5.033259760381137,5.340826039983596,5.177730459344593,5.075359698951458,5.191309078282196,4.958784513884831,5.181539624587193,6.019507728947828,-1
476,5.074744995028593,5.026203292471586,5.325233778226388,5.189024235627767,5.054802895016769,5.178508880997129,4.969614150680449,5.192776157698982,6.016966956423301,-1
477,5.116760377847709,5.031706542886537,5.293933334007134,5.198090550922013,5.03619683920073,5.169104818863794,4.976085942250576,5.190616960261302,6.0230673510054595,-1
478,5.14720049977977,5.036239495045806,5.277149535046952,5.206369691519053,5.0353656563986835,5.171014355579801,4.979998031461009,5.18781029748696,6.0219031338995626,-1
479,5.15976588598861,5.036382666317128,5.246809573765223,5.204364245092779,5.032171282793439,5.163963472708515,4.990799195771941,5.183476367817438,6.02958571312949,-1
480,5.162938572760895,5.050888995688476,5.231936554438274,5.205463523588886,5.029709796006797,5.147179579722835,4.995201993954449,5.18288147648828,6.016535809902767,-1
481,5.1659026594288875,5.077507869702544,5.208159099118191,5.201968406742277,5.033525181848109,5.13839313704015,5.005381932501417,5.169805282713986,6.024345020650888,-1
482,5.1647615855065805,5.099163576397121,5.192787798903608,5.1930860584027965,5.053823509638217,5.128859354849343,5.001255158747202,5.152461787897021,6.030086880070535,-1
483,5.160599747371073,5.125757390430302,5.184177122624657,5.179684113670258,5.074616732696674,5.124219986892646,5.004519433208497,5.133385948517425,6.0191494049299,-1
484,5.161448616826459,5.146186108492428,5.180038687396202,5.1684353642560215,5.092531105274242,5.118307429608941,5.000101989699243,5.117659410066985,6.028093185709058,-1
485,5.161042245846479,5.165190274772863,5.182678842985722,5.166363031134852,5.1128356907722425,5.110350435268891,4.997022274335195,5.096915394670503,6.030117420404496,-1
486,5.153000131138336,5.186967873625543,5.179796165413657,5.172123100836349,5.121910593841168,5.1043970876574205,4.986544772011643,5.068354779669413,6.029685575143734,-1
487,5.152713366650172,5.206033618916276,5.177483901062631,5.181528576307267,5.13156910548175,5.107018904622398,4.96760838465752,5.0426109005163955,6.031645127061887,-1
488,5.1588718143602375,5.221640510238864,5.168440620961627,5.181678878815695,5.137348573353685,5.108126411730823,4.950817199941432,5.015238153502783,6.029435481436601,-1
489,5.165384266757224,5.228313815643487,5.162284052894352,5.183963156916128,5.139454242890134,5.101105563346096,4.9367223471212,4.9908993222952995,6.0300644121388,-1
490,5.171365330269044,5.242892488837944,5.157028922859296,5.192071459450138,5.1403994121900665,5.0935495010968825,4.943110964934129,4.962593575696988,6.023432327692723,-1
491,5.162214814939742,5.249438758135915,5.144352615887032,5.2050689133288905,5.147509283914479,5.0876382938758855,4.942937124264788,4.932552256264049,6.022370220717537,-1
492,5.152472603069695,5.258785861137596,5.126845029987696,5.210728620954653,5.154730067444922,5.082630420751052,4.938659074996269,4.900441755258882,6.032782720577006,-1
493,5.136793029001161,5.2605443896321,5.1199928604364064,5.205801958194812,5.165915377512464,5.073664125498567,4.924376703721127,4.879050928059376,6.0285880937264285,-1
494,5.134866932731032,5.24988498980853,5.11839263528173,5.191426470473888,5.185062848025666,5.062223810760074,4.912982046523075,4.865024934007892,6.027418353249977,-1
495,5.137184643276136,5.243702917301157,5.124648523252117,5.176432065230437,5.195647466246824,5.052915501549362,4.90948977192543,4.847108892623763,6.026918370638742,-1
496,5.1336417134364165,5.237628410412683,5.138944193533339,5.165744797214355,5.201355624591789,5.047139449268077,4.907203658988695,4.830284445944953,6.031054464740324,-1
497,5.131779865711315,5.22874101647963,5.1522794584074045,5.156900569843262,5.208162926451458,5.0462532190677525,4.892878733793672,4.818524510618301,6.034400002650134,-1
498,5.1253241775986655,5.219648271817302,5.164197698346339,5.139391202676934,5.203941927190928,5.05263930185728,4.868416662738568,4.813065196905837,6.024944264585397,-1
499,5.128222634599909,5.205456127035231,5.176219630053702,5.112832858499728,5.194424679887481,5.062896815070881,4.846003987281595,4.814936092661695,6.030381902545636,-1
500,5.1302423255420155,5.187208376313106,5.184336245013832,5.090265122484605,5.179839476122124,5.073235210826737,4.8267877648540685,4.818195313741539,6.033706382370664,-1
501,5.130423908000529,5.174088466225847,5.186889134371816,5.074202618957203,5.170185078238813,5.083494315403417,4.811534405499427,4.816282206876182,6.02325786212375,-1
502,5.125392403518296,5.174090342101206,5.186070457940392,5.069403170103591,5.153970679658181,5.085759483227976,4.807892286182131,4.831242324884529,6.029574344562196,-1
503,5.120165965363487,5.164560652971689,5.18246474929469,5.064271879962886,5.139410687236923,5.090272358648007,4.814896778244307,4.848780234839961,6.017686303303515,-1
504,5.119069966694572,5.149671198240224,5.163975353637443,5.057202130429352,5.1349455790769465,5.097742924069941,4.82061431997009,4.873941449405417,6.034975272855885,-1
505,5.11547341777164,5.140847013746016,5.151509433099765,5.048810113611487,5.134317687476031,5.099564742646445,4.830055286738543,4.895453519466977,6.022407127880461,-1
506,5.1150260713219975,5.129757025530379,5.1355816955582005,5.050292399696613,5.134273752929627,5.0910123609908124,4.8440004480182335,4.914418047771772,6.020287543781804,-1
507,5.113077777119569,5.122374148506033,5.1167230041157445,5.0494825154806815,5.138683611646439,5.078217990765314,4.844547089129818,4.933876126854651,6.0330576361111135,-1
508,5.100151966488056,5.118360214050781,5.107348010181005,5.044761918117112,5.15051959184068,5.062995748349391,4.844337015101267,4.951433622653298,6.024608914442649,-1
509,5.097184550640182,5.106120416605157,5.098853381620691,5.035223855773671,5.151321271054502,5.050567084390112,4.845899722615363,4.96639330409768,6.030213732669798,-1
510,5.094382504211695,5.094781282599831,5.093532730397776,5.016288140389768,5.152232502277981,5.045780305831145,4.850773501324551,4.9583770682590105,6.033242166196553,-1
511,5.093205829100066,5.087691006054277,5.07960519466404,4.9962104438621635,5.157006807087962,5.040060294852774,4.844385571492271,4.940562288038743,6.036788559365986,-1
512,5.087962882244388,5.084295869064404,5.074193904685203,4.9811065427250885,5.149588956732453,5.0415500623731875,4.847044085311232,4.924885908783938,6.023557191137392,-1
513,5.080536817390636,5.0799484843852865,5.062175485438021,4.966646522960004,5.1461028393162,5.052422214355641,4.850557559137512,4.915496214388444,6.027693821775216,-1
514,5.06806940561324,5.067954971627752,5.050597172307239,4.937000336741654,5.141531029778997,5.056857140990579,4.851840595150847,4.915088039471,6.020548189885046,-1
515,5.052802509664723,5.057071276949936,5.049312790838324,4.922569211335292,5.1265404317485155,5.065117670973428,4.876223218007122,4.909825969908415,6.024190160397443,-1
516,5.054902149425021,5.039157053510534,5.0514934407701375,4.915208719827018,5.117549776947644,5.074515282274232,4.905663513570548,4.913175456386763,6.031018406052901,-1
517,5.054113290810481,5.02716038345354,5.052012348904725,4.907428508210244,5.116126572902124,5.085304724653553,4.944374741887427,4.924738032701408,6.030104770789757,-1
518,5.05585557922282,5.011256272744081,5.041559154834588,4.897368129947925,5.117964695184294,5.0943520888394,4.9708760599512685,4.949608214477822,6.02486874024162,-1
519,5.053144601960713,4.9975903120544505,5.037617727079642,4.881045598443147,5.113333900165796,5.099049939228334,4.995339504748177,4.986443666356321,6.028188993981307,-1
520,5.052381955927104,4.986445862979499,5.0372242706562815,4.857672996793205,5.117751810701113,5.10126133517248,5.01473115982614,5.01086482916451,6.035185508134437,-1
521,5.050820654545445,4.975647154048784,5.038335477086623,4.838797120200138,5.111464158199123,5.097844134748617,5.042563843512007,5.0280798323687685,6.023944543698343,-1
522,5.0555306052300875,4.96987809957299,5.040461693869423,4.823485330066601,5.117857445218469,5.104095035925384,5.061971692482282,5.037661884475791,6.036266399525331,-1
523,5.051011523981058,4.97088246444919,5.034380376266771,4.803074533097744,5.137080488105457,5.11017439408319,5.065638665396083,5.051107019631962,6.023857942511648,-1
524,5.035460601480001,4.97234904661075,5.020047889477007,4.781362547631646,5.152626686788875,5.119846800230247,5.063916289818147,5.071679333430255,6.032408812791018,-1
525,5.017739005089869,4.9780064510741004,5.003386724081661,4.7663248045819575,5.163330698430318,5.130159416609172,5.0500559475044815,5.086245066038343,6.038773261934033,-1
526,4.998345459019399,4.979194600415497,4.998781399018731,4.757300133929013,5.173223561523189,5.137095251099991,5.037785030053656,5.095756862568468,6.032336799623871,-1
527,4.985526753451101,4.979966591571478,4.9846891478453585,4.759377757329942,5.178572771536451,5.150722471576295,5.020722366551574,5.096399836318934,6.029684701045795,-1
528,4.979682992650987,4.983040806691041,4.97893097120665,4.776412663352693,5.17979917653203,5.164411551131017,4.99269986136877,5.094083338799759,6.028173836046894,-1
529,4.970442834690433,4.99124056909004,4.980942038292118,4.80236294768025,5.181724739628241,5.171378269553871,4.952877057601306,5.09500597092341,6.0317054187725425,-1
530,4.963084014275145,5.000960277016842,4.985484534092764,4.840141281550073,5.173855625562405,5.1799627734941085,4.922606650522297,5.095062163059931,6.026152026755196,-1
531,4.9660500316716965,4.995545061386852,4.99892929439009,4.875281980254906,5.156192223551499,5.191660957602127,4.896695353835439,5.092348580789114,6.032743484667995,-1
532,4.97545948640265,4.999118815896849,5.016402954893063,4.906143100396401,5.148077634123337,5.20262897150759,4.873598471647384,5.079766093344773,6.025612429088936,-1
533,4.984230529392295,4.992951055834908,5.037323526774328,4.937703491059818,5.146095836815727,5.21006546968596,4.857344491843001,5.070785052777765,6.026308936298811,-1
534,4.997429914592282,4.997061853777227,5.049486003457646,4.958202862795435,5.133461685128716,5.2191018675125544,4.840930317536457,5.063512242850232,6.030994979844628,-1
535,5.005389638819467,5.006002739920747,5.068064068277902,4.984020350347536,5.121855167518308,5.217195659958826,4.830600195472832,5.063121743011668,6.040323916565103,-1
536,5.0114171490580555,5.013676823559901,5.082507111122631,5.004723051317623,5.117891179197237,5.214296783546778,4.825413584285836,5.070310180213969,6.035050797986748,-1
537,5.0218324799744,5.013597459147705,5.094192656993171,5.018237060653931,5.120678453099642,5.215896807497433,4.818286859600639,5.075043841966046,6.037863882485808,-1
538,5.033462369613294,5.005079918376772,5.118202591727133,5.025459357791659,5.123861748533466,5.215954184935981,4.813576212954899,5.086625082174143,6.03836717930218,-1
539,5.043699428476591,5.001826212618481,5.143379772673872,5.028160867053864,5.125386906951681,5.21068909691296,4.810537698767,5.103985973626905,6.028375949912135,-1
540,5.049827850851732,4.991763322054955,5.174953532425208,5.040729668101223,5.118114179010728,5.2056395991590225,4.801471374025863,5.118706641969263,6.031438169905177,-1
541,5.053468903204251,4.989887623007378,5.200280499069331,5.056080558821278,5.110397982676889,5.20432262646622,4.793287878931505,5.130557687268934,6.035323480663839,-1
542,5.049850719629222,4.976926857456798,5.226026359671164,5.080786804171225,5.116396721192026,5.210648004212593,4.781524476649087,5.134988646913515,6.029433416654607,-1
543,5.051077761864413,4.956315533063744,5.252999783051148,5.088385594290847,5.128145864760974,5.2180230040776445,4.765848288803765,5.138157268415802,6.030467688660629,-1
544,5.05150669274979,4.933295635746974,5.278787422807781,5.089175977365763,5.140964382530095,5.225717664053767,4.752123898628671,5.145862813255707,6.038112717165095,-1
545,5.047457770683746,4.912142441692437,5.303468073416529,5.079015521087193,5.14517817257587,5.237681762399264,4.749002964204541,5.147388149391752,6.041219840367907,-1
546,5.043636528608733,4.900746187978144,5.312377310210596,5.072366122808672,5.152587833202309,5.251117547121199,4.741960608974764,5.147032584303084,6.0333098288170675,-1
547,5.048401560595375,4.886402936690696,5.310380667853528,5.071269927645735,5.1678065950699565,5.271124885768476,4.740428890958742,5.142091716285856,6.01942311885805,-1
548,5.0445757804099305,4.877125265896112,5.298780792456317,5.068906570244767,5.179270617097675,5.280017319135,4.7390629309864245,5.141135275377454,6.029400832483969,-1
549,5.0422866620619695,4.868787475038211,5.291819189357547,5.058361940675704,5.18800305690358,5.295482117014279,4.735274206751873,5.146122267875093,6.031537151492257,-1
550,5.035584599734186,4.864721952199016,5.287697661384504,5.0522243883694795,5.188269247021867,5.312100964289524,4.736008570326,5.163035894813014,6.034085259440987,-1
551,5.023276176468902,4.866989786126791,5.284335609907536,5.046567957780143,5.185396147485059,5.323921873606544,4.741965979941537,5.1888319620652545,6.0297651189503325,-1
552,5.009973215275158,4.870126582009638,5.2778044076992385,5.039187137857525,5.183028438383921,5.324536279540599,4.746056076432393,5.211354761868579,6.0256768855769725,-1
553,4.996658209260777,4.88144263041478,5.263323593897761,5.02570521139481,5.184245088878421,5.323241834594216,4.747126736211921,5.232036189975622,6.04154830072108,-1
554,4.987319005018793,4.883705558534762,5.2577027077357466,5.015752886110076,5.187783427901415,5.321603709735863,4.750831221353411,5.2509201668422065,6.035254275037266,-1
555,4.970961255200047,4.8958116389989845,5.2592972629258465,4.998213722489602,5.186091192335976,5.312836947577008,4.747934607634614,5.263323845672278,6.031732360481285,-1
556,4.950940919662828,4.9084561877094,5.258748294864612,4.977862260901079,5.18217951610693,5.308052631103823,4.751709588776334,5.27436088211393,6.03004184989003,-1
557,4.930428959967258,4.920937854059741,5.262083173031302,4.959076911144185,5.175661071614668,5.2937386483394775,4.749540480446504,5.281394174253659,6.032213890083888,-1
558,4.914442979825518,4.930230411063626,5.2638731713871,4.930385805931046,5.170917985558835,5.266898669431195,4.74581286173099,5.284068732240127,6.023366777347818,-1
559,4.898465576827731,4.94242283993372,5.265853860780245,4.917763324960675,5.168882752475044,5.245327800886467,4.740967564640404,5.273001561813627,6.039405566121516,-1
560,4.882093767618619,4.96141063978301,5.265573841730763,4.9111353100435275,5.1607113187151485,5.226529712609859,4.744302741505082,5.259336333366601,6.030325499235981,-1
561,4.866924658931923,4.970751519585697,5.273338142713259,4.920411590578171,5.152842796557698,5.20411017684294,4.752203420068766,5.255763773771275,6.027472394105191,-1
562,4.846671415340076,4.992882418060823,5.275745727455446,4.923571457553756,5.140338481038885,5.172887667928378,4.755344535046475,5.251195493213188,6.0289947362680785,-1
563,4.8280097742157935,5.015640731714653,5.273688737854195,4.935525135878034,5.1257106323308514,5.13375831386767,4.775840717849345,5.261836343040743,6.035812346401515,-1
564,4.8219714195090475,5.032670888277879,5.274066469232929,4.953096841178443,5.122778319088285,5.106204849229419,4.791139390577524,5.270890001017726,6.0339592414999315,-1
565,4.818265478472542,5.05345330173895,5.265015738477528,4.966512101210236,5.120727991945019,5.07734923195533,4.813741330911774,5.278797966780063,6.032834336955082,-1
566,4.82862092581028,5.086219110916319,5.262113423713749,4.983565975602369,5.122138552180952,5.057560956576589,4.834819820092912,5.284390370812368,6.026376090238646,-1
567,4.841503002071035,5.114910712125836,5.262718899050973,4.9938870220264695,5.126527860404263,5.036377434215222,4.848843785612269,5.294453049115519,6.03703282913631,-1
568,4.861400538310515,5.136900945617113,5.265105089985247,4.997151650956955,5.128686386900862,5.015678153932389,4.854032825991068,5.2997109465037315,6.033909390527549,-1
569,4.883332855676744,5.162238552649288,5.264462386167619,5.003699634291914,5.128949112720541,5.000201156762893,4.856024688774535,5.300459382255535,6.026832352038552,-1
570,4.905466989291562,5.181904135120683,5.256782930057844,5.009678069697468,5.13209508914238,5.000557174658308,4.858309373872742,5.296475913250267,6.04162358380514,-1
571,4.929195081684244,5.19774810353195,5.248082297396063,5.022455014240198,5.145670149252224,5.013922797042909,4.8400951483301355,5.2878325522284,6.0317003073311435,-1
572,4.9583461846926875,5.21326397172106,5.237987121708307,5.015404777904551,5.152390911103655,5.017173247857792,4.819351563225318,5.271499395605403,6.032592122096899,-1
573,4.9857425369765345,5.221998530047866,5.231630541605507,5.018003117393079,5.161634423114049,5.019786683512082,4.801327493099337,5.25644464743258,6.03653337867143,-1
574,5.005726509690766,5.23186581496299,5.222208030170496,5.0225735793181885,5.1807597745752085,5.0207058371109765,4.788645830953865,5.244335589903861,6.03083785410377,-1
575,5.0269908298168495,5.238558433242845,5.208451614568678,5.030839980827083,5.204427134577363,5.022861415416937,4.785829724666549,5.231135131006888,6.036947367923957,-1
576,5.042168720775242,5.2544533980062775,5.191628464883855,5.042427629821407,5.226650058410392,5.03403812462653,4.776400051921987,5.230474007032495,6.030033535899553,-1
577,5.061587948732107,5.272160822259647,5.170774597604787,5.044955731876058,5.244549726221085,5.037824251283413,4.775086712146602,5.22939816949572,6.03871210285417,-1
578,5.084049153013482,5.2918157844100655,5.158374372810206,5.060201400431741,5.2652606855400474,5.037488994770831,4.782573559073363,5.232690502014275,6.04525990658062,-1
579,5.105107033546285,5.309402564226732,5.149798520648332,5.066087991614094,5.276938724446271,5.037236374536905,4.796786902259683,5.2246437724852655,6.037490021997567,-1
580,5.107153042151193,5.332423279554348,5.140381705334212,5.081703175447407,5.289152876268311,5.041276031742725,4.817974627254467,5.212226637017557,6.03742129705961,-1
581,5.103803175065397,5.350833372611083,5.131079407732586,5.097323654982323,5.291739243105576,5.048856317714196,4.825612833659867,5.201498361945254,6.041981850987461,-1
582,5.097209193945513,5.356196850663369,5.120566986977478,5.103473082858381,5.279978139794047,5.054042550006299,4.831080203449126,5.189111934540794,6.031289478874376,-1
583,5.08612765036211,5.3703898835769355,5.1086237619852355,5.105268582424908,5.247559330834227,5.060210789508951,4.832374135465713,5.1598805926818905,6.024624071871515,-1
584,5.0698677922128565,5.373560655232732,5.098369737594727,5.109981613153096,5.209863532460297,5.062874616398876,4.848036475559313,5.127779914787359,6.035537456249855,-1
585,5.049917660137425,5.370668332141505,5.100282023983236,5.118285965733524,5.175648912725826,5.07658061045924,4.852160173650608,5.096458428645885,6.032933219096808,-1
586,5.030191198550286,5.373135161311755,5.101357742687336,5.112865721429053,5.124896349741937,5.085365796997972,4.854586409216184,5.065494946834881,6.03830316227017,-1
587,5.01526599671899,5.378112848482539,5.10799800215921,5.110253482144757,5.070509038482551,5.085565114578047,4.858064082198624,5.034081776741943,6.040837093372885,-1
588,5.012933176511006,5.368580527099066,5.118454391427993,5.113356574958803,5.016998295002669,5.084994139648952,4.858999892480419,5.011486115994879,6.039180795831437,-1
589,5.0172209451117435,5.366502500281954,5.124013337059985,5.111172631281117,4.97078478173428,5.073000414815367,4.872769426018352,4.993436840998494,6.03048801154405,-1
590,5.013478089130212,5.371830445938702,5.1340908133277,5.119188605423322,4.941857944208276,5.056737545873797,4.888611779436084,4.977027744615927,6.044799645285422,-1
591,5.008379436371004,5.369933602052643,5.14556478012513,5.1305201043842015,4.930971349421752,5.0472852246158,4.901041680873659,4.970389549908537,6.041370009845557,-1
592,4.9971935276126755,5.3755118761247065,5.163125472803912,5.1364861783440645,4.927435978086653,5.040734721241198,4.912253353096711,4.968083373474514,6.041065094486943,-1
593,4.983462751093264,5.372388790456747,5.179333892760101,5.143633916362094,4.927602084749206,5.0284356582934,4.9336611035833045,4.968082097601286,6.04362471946206,-1
594,4.971930502942248,5.363540257411937,5.192119136070837,5.151826529634191,4.936676469354124,5.0176655189111266,4.952688416361756,4.97426934840937,6.043193297974516,-1
595,4.9570713757354135,5.34176888927208,5.201483145602485,5.160038100739,4.947468912259623,5.0174159852792855,4.96758475973793,4.983265152455427,6.042197760617081,-1
596,4.945991124629474,5.329412538478074,5.2122417261068765,5.159484399964571,4.9532135222114215,5.01797814572039,4.991103800846924,4.988961727596492,6.03734679776678,-1
597,4.934948319740503,5.313876117925921,5.2336454664506675,5.158787479817165,4.959417354577994,5.030390133605159,5.014652649634872,4.986505034770008,6.030348869948815,-1
598,4.929030952535921,5.303557403484038,5.2510386776206595,5.154993069158776,4.955374421875589,5.044070521528529,5.027173894473519,4.983150232393525,6.03684775269667,-1
599,4.932618201824682,5.295490734731366,5.272457896338075,5.145257040578339,4.949328956511495,5.054790403659593,5.047339763068564,4.985450476092318,6.044080762030199,-1
600,4.949392154264979,5.2840482511477145,5.292323124389808,5.143677977492582,4.9485447559223035,5.059564194642959,5.072374742777305,4.968732595757258,6.037769176964888,-1
601,4.962861075611557,5.286903997214889,5.301863311081912,5.134236020883279,4.938754779218272,5.055003133691929,5.084426004268742,4.953248027275024,6.037623023799986,-1
602,4.963591638845077,5.287055868164975,5.310974072081246,5.1314112457806775,4.9393795109152805,5.054878326216983,5.100610951934135,4.9300124755649986,6.041586411746174,-1
603,4.968627462131586,5.299319443017379,5.321579129223356,5.131240983541032,4.939602203208155,5.05036427829927,5.114441583049391,4.916322658118085,6.044708368675207,-1
604,4.974328438182733,5.315946973967109,5.339394493963596,5.131831559009796,4.936579518223274,5.043308799006809,5.12577119314476,4.9064526681914735,6.0310847000927055,-1
605,4.965261799972744,5.327635722025382,5.351564512733464,5.1319635601222755,4.916362609775945,5.034582021912109,5.121144727605354,4.8997554888918335,6.041588875779617,-1
606,4.953118538383727,5.328598137135526,5.366432928529267,5.1366178741769835,4.9021211358807495,5.026267603647598,5.117092749387286,4.8933006087258075,6.041311030152284,-1
607,4.937227496465253,5.327108411279162,5.369808679053568,5.145541290543486,4.884298717075598,5.016231126362369,5.107259930657959,4.89530588355894,6.047460527137949,-1
608,4.920388545082547,5.326206457176482,5.368645998000307,5.148076304641887,4.870985965996625,5.008419167590598,5.0836805125197015,4.908505666139408,6.034316546653372,-1
609,4.90705290892588,5.327713979966068,5.365629669686794,5.159666796340723,4.856638266238861,5.010962687635015,5.054161992923273,4.913949031753937,6.028603959147531,-1
610,4.8975530924791855,5.331495665431405,5.360575786438001,5.171404792557829,4.831401639335788,5.006712932973585,5.025324322636463,4.92022999596893,6.0312396532963275,-1
611,4.878194511988412,5.326493564005249,5.355209748114532,5.182817331779443,4.815014286416211,5.005264744375273,4.998573513193494,4.921356914568409,6.043119554546245,-1
612,4.859798867788928,5.3182122235220755,5.339385447585144,5.194595034549614,4.804135583146002,4.996777469543699,4.961114397046934,4.918346283893452,6.045021882476078,-1
613,4.848980296326952,5.317264851844593,5.328582225164307,5.21129969854411,4.813577973112192,4.979487848416824,4.92195069652223,4.9134976583620125,6.036816581397664,-1
614,4.842173369077345,5.312536973882279,5.316487458105583,5.229085816476905,4.812749840131928,4.96716093293501,4.893241532896332,4.904349025730362,6.037711003387673,-1
615,4.837452108618576,5.299450115903864,5.297191394732074,5.240065015545635,4.821700123067681,4.955345543052456,4.861511512519215,4.891287783016566,6.045109598678901,-1
616,4.838394864779085,5.273553762766323,5.280889305103717,5.251832663805946,4.8268490535468285,4.9543330928894935,4.8308610108217325,4.87308599056057,6.034969435374541,-1
617,4.836251522011747,5.243055813823383,5.259540853516684,5.259845018285954,4.836045203275194,4.955000599915091,4.811744178309568,4.859077970348922,6.038238580865174,-1
618,4.837369181074754,5.208310497992544,5.24440359713498,5.260576096172971,4.85293805958994,4.956216003129846,4.7904351885794725,4.839054910677069,6.041461666149857,-1
619,4.83793132465262,5.172127958157451,5.218041559802164,5.2591984761732515,4.862416010701612,4.955001600534447,4.778977680185341,4.8277484220052695,6.037700412551896,-1
620,4.834729968439176,5.129504342190592,5.192242617676568,5.2599775849026535,4.868448632835661,4.953795317770201,4.776172852683455,4.811580147633243,6.041973672178928,-1
621,4.837205066735712,5.0829885814314,5.165309170630486,5.254151931245194,4.86597089746828,4.9569987031197655,4.794274322761957,4.794271247412769,6.038381110395886,-1
622,4.852536077854039,5.03924678603862,5.145493610628905,5.246086497658324,4.866207132620396,4.96472268127604,4.8103071442538745,4.791907649150534,6.031702071272192,-1
623,4.862569446055009,5.007979020704611,5.136041593090182,5.241744939269549,4.859038992682175,4.97219142016702,4.834195715598735,4.787942371398191,6.044287043518829,-1
624,4.868110560290275,4.992130501573332,5.122659327963879,5.241317681063566,4.847112584094745,4.965803681022528,4.868787527387468,4.789777897212825,6.040308864917097,-1
625,4.880420351827216,4.97956594347715,5.119563482862157,5.236130757326637,4.841050452039428,4.959729031046287,4.9068984681126535,4.800478784040413,6.035457274327983,-1
626,4.901164260790647,4.970379362546721,5.1056903003646354,5.232057557962026,4.824025859511492,4.95221094857212,4.9397036704080435,4.816366664844789,6.040762057937838,-1
627,4.927047183942691,4.977200715413146,5.100074836020828,5.22244052882485,4.826105700664929,4.944579783805953,4.973920416810314,4.825145492294124,6.049312199135843,-1
628,4.952528910480056,4.993545823302009,5.0831443070158695,5.206239749178546,4.833373894264046,4.9431369365408635,5.001027716916732,4.848913948489426,6.03856016632843,-1
629,4.980801673984261,5.014809799545252,5.063739417755475,5.181944301910717,4.855228532052246,4.945335739996516,5.021597381332821,4.877594876922779,6.039179243342795,-1
630,4.995005930812589,5.039926394595786,5.034276477232672,5.156564309608019,4.886922081594281,4.939136238697666,5.038072964066629,4.896695274222024,6.046731604456813,-1
631,5.008550041675808,5.068764383673903,5.003639126164115,5.1355845017201585,4.925343759959432,4.929068005762612,5.051109546878731,4.91471884202135,6.036652614332506,-1
632,5.021115401739831,5.083389059617304,4.968105228708652,5.115444391374079,4.957092972934431,4.923166445157097,5.063295972075031,4.935309831016289,6.043276096001792,-1
633,5.03241601808981,5.099280978040809,4.934611580858709,5.093840483509487,4.988177565820645,4.914846716392903,5.067262206510074,4.9413424307829,6.042317968328425,-1
634,5.039211997724898,5.102604741679593,4.900471728196932,5.069199166235187,5.024849028776519,4.902891648308887,5.073627513137122,4.953053991012338,6.045710613605637,-1
635,5.051267764783141,5.0991422354617235,4.864760392085488,5.042484327565365,5.045955417641138,4.888067645478708,5.073337500259417,4.96411808069058,6.0390685524539665,-1
636,5.0616831919899665,5.088033872678445,4.84712616773915,5.011874389005689,5.067665151779562,4.885679980274343,5.088138997052992,4.967336276443193,6.035504820513007,-1
637,5.069754099469427,5.0792287015449045,4.83670377783219,4.989189147542684,5.075480569753997,4.882955105425074,5.0986484503309235,4.976908783943696,6.0403298920700665,-1
638,5.076835699460858,5.070179187329781,4.827009631583467,4.972575569234419,5.082648806634156,4.8811876719849545,5.113446690448441,4.9957582775128095,6.046401898774283,-1
639,5.085916257442708,5.053885154615218,4.831643765982336,4.9484201503805,5.081865200947703,4.885280618912731,5.1371246185564825,5.021447397965185,6.032774968371566,-1
640,5.098129270334388,5.031175345047756,4.841290367338933,4.92101595773409,5.083610188833556,4.896399590128097,5.152683643915338,5.043339071454223,6.037695020443479,-1
641,5.09943556094093,5.00102738513878,4.851914314277326,4.906169038300552,5.076185039658877,4.905714970045543,5.175958433675511,5.07373735189006,6.03840631989361,-1
642,5.1001667332006875,4.98667542252613,4.8677692647761965,4.8963140363862525,5.073504153574012,4.919248042980088,5.191384473205169,5.096067389767744,6.046732873280711,-1
643,5.09159394637843,4.9720222843258295,4.88720018031198,4.894315784069785,5.075038578756451,4.928916061390384,5.198136413771408,5.116911836255022,6.042268651486175,-1
644,5.078935634484267,4.963310630233465,4.900629841084391,4.905045225459194,5.081372534213965,4.929369866700223,5.190980681484091,5.152745071033083,6.0491924362568845,-1
645,5.06789851316357,4.951805723840838,4.903142309937411,4.911540146600533,5.099755522953969,4.9344818430337964,5.181803603114072,5.171590969390985,6.049904005240664,-1
646,5.062032910636324,4.944379746393073,4.897759483311391,4.9106623524445645,5.110801622649527,4.938045146516133,5.175517894409886,5.1820325879542555,6.043644201037106,-1
647,5.056352990461113,4.939899896214059,4.885738265208208,4.910279559218802,5.125670485758367,4.938263502584805,5.1639161700861544,5.180445488123588,6.0308956748366676,-1
648,5.048276663885452,4.955818411381808,4.8825817911548155,4.908464143166523,5.150680631968481,4.926036724509355,5.164408317639603,5.187402590154543,6.051304316969412,-1
649,5.04047650532794,4.969971956241018,4.877328422067233,4.902927485494521,5.1821880628853005,4.916474186014134,5.146726785571891,5.197400558653997,6.042934206189414,-1
650,5.016524316850079,4.981769180880774,4.877974508142087,4.9004810508512255,5.216201110714709,4.917053814150841,5.13287422481605,5.217319136934762,6.0336418708211195,-1
651,5.000608895169746,4.997986570114618,4.883654833644407,4.901540879515189,5.2447788337583585,4.921729805457174,5.122775748621216,5.235488818303524,6.042501380312217,-1
652,4.980329557026156,5.010154290398403,4.893173813679338,4.9000736675462075,5.270445595890978,4.916331708168301,5.116709943207748,5.2399223978597975,6.041172685545442,-1
653,4.958418213221302,5.022420077679056,4.906696797571651,4.913113606416551,5.285776393474246,4.904043609399426,5.109305593404903,5.250564638145881,6.040655433770195,-1
654,4.935985832395461,5.042829814459322,4.9312443903864995,4.925090911693443,5.2966003529746155,4.881681012776622,5.102816742444057,5.251121505143324,6.049233517309439,-1
655,4.916077941946728,5.071004147705342,4.954058582613533,4.93632133929174,5.307801300373504,4.8693190759822,5.093546419676208,5.269195185907477,6.036286844502304,-1
656,4.895038694800397,5.0934579892334115,4.965125234066773,4.9464038605937075,5.306205984451847,4.869561849766145,5.066857178393943,5.285094510775778,6.045656063289454,-1
657,4.881295419205905,5.113993445286669,4.977279032226343,4.9554452570859,5.311364018191611,4.8690142017749425,5.055209192350154,5.293713524432359,6.043814186177672,-1
658,4.884921438621571,5.1301930694180555,4.986336626944765,4.956378108940194,5.302625657230138,4.863655077133597,5.057239151771796,5.298622536631361,6.035760057033843,-1
659,4.886314853986445,5.140734929113073,4.993032367967846,4.946786982196587,5.2949807012580115,4.855058988471968,5.0661709468571665,5.304013604654832,6.049331694734711,-1
660,4.903810733452276,5.156215053073718,4.990547984232449,4.940418662916345,5.279866075983049,4.8572806402961435,5.07134045764867,5.309534883487981,6.048179439636025,-1
661,4.909200585079684,5.173583169947387,4.983564205080753,4.931535648932476,5.266154453493009,4.8699706078140075,5.080729953689961,5.312348944673741,6.037276847781389,-1
662,4.9141012919658005,5.173910381706527,4.974843998016045,4.926720911182704,5.250971904392532,4.89558115653209,5.080746235761659,5.319696238674176,6.04317025004328,-1
663,4.920223753164578,5.166562156976106,4.967474196740028,4.922320639847382,5.2412641487518306,4.910002733368106,5.081945153308388,5.313846848413799,6.047160437323952,-1
664,4.9263199382910985,5.1605160591037205,4.962915583140789,4.91986120468385,5.242350840551275,4.917126272892723,5.092662109305384,5.3066418663840835,6.039847541390827,-1
665,4.939284717967062,5.161334679304342,4.948219235654618,4.913673444695448,5.231065939659718,4.929814602723529,5.093912688764813,5.309943191818727,6.0446662125404576,-1
666,4.949348760847378,5.169288876441535,4.936461573272668,4.918606273020377,5.231488722001629,4.935465477706248,5.081902193583381,5.312254233641115,6.039443111126287,-1
667,4.960654156673299,5.177398023593977,4.928641318779827,4.937600913144291,5.225303561957941,4.952381807930395,5.065100264328604,5.319952477720104,6.042403535655048,-1
668,4.967617419339468,5.183072919798302,4.925971633672492,4.9573769748118,5.216067230226959,4.973009668971436,5.050080533813598,5.3217975258775105,6.04955332106762,-1
669,4.987122716112862,5.186920135584867,4.921745484770281,4.973699656978179,5.222953845919176,4.987786501407288,5.033539637984282,5.327621389450223,6.038296672480958,-1
670,4.997575403334276,5.195990709443815,4.916522984732833,4.991699468479027,5.233731042884757,5.004591631991831,5.019537576443907,5.330910419244886,6.037316165349372,-1
671,5.002254493740115,5.2011292096920245,4.907449807992462,5.021440875304252,5.2397996990907965,5.027353474650798,5.004357057492784,5.347489054115001,6.0454396591877035,-1
672,5.009033067497294,5.203346376454668,4.897054352999719,5.041789315266577,5.239656569567728,5.049804149984679,4.98867961253132,5.352962907740266,6.037028731585263,-1
673,5.010675020144962,5.197152560240251,4.8943275068748955,5.062799467345647,5.251964877976129,5.078781830218101,4.975155475321428,5.3433976239389835,6.0367144618942215,-1
674,5.00726942600636,5.179960273278411,4.893431880107336,5.075360391477747,5.261507486733905,5.12266410392405,4.965752934402464,5.336377640792124,6.036262546101362,-1
675,5.003430170464335,5.154573075033391,4.884341935943918,5.079557658789805,5.274980166859893,5.154754365709368,4.961792423577893,5.315091075395749,6.046578708222977,-1
676,4.9971827868965875,5.126034849218241,4.874847917382258,5.082383584200767,5.29074801737694,5.171824666762097,4.9640301762334405,5.292532363112509,6.045339513023963,-1
677,4.971633072448553,5.095761266197684,4.868170905191213,5.078869845837425,5.2907119000791125,5.192268024795495,4.962260906414235,5.273514636730435,6.037757663082168,-1
678,4.951448192445241,5.060745410022625,4.870235741237052,5.078537876133993,5.290151226955494,5.2108100336234,4.949809139881222,5.260684663581253,6.04154774795558,-1
679,4.925988810209774,5.0343444000180515,4.882270586079551,5.06735880355256,5.292935897233596,5.221953066518419,4.937464422461263,5.236212635726521,6.044095482508279,-1
680,4.900373813268405,5.0095197753326755,4.88583788131226,5.059622543564541,5.300626052934015,5.236398900431221,4.924107188573473,5.222197496828802,6.034235701486436,-1
681,4.8841281146260656,4.989968173877101,4.8913557943752455,5.057797887479966,5.298156485060432,5.235083964252957,4.912032358989143,5.2142601529200405,6.042631624040113,-1
682,4.875953826524587,4.972849280455343,4.895142810880508,5.064461592944413,5.29919457205056,5.226657078425123,4.896796034275662,5.193873180004988,6.048937356657948,-1
683,4.867528954352213,4.966781854991732,4.898521017254005,5.067367038360315,5.299679649772126,5.222056290491026,4.878121537134183,5.181190747755681,6.042013259034244,-1
684,4.864601860082996,4.953774431480844,4.901793938639793,5.070002659669182,5.311429015121648,5.228933781087597,4.855177920175408,5.171930610293195,6.047715962361926,-1
685,4.8718643137064275,4.938723653175017,4.903684220075439,5.078778433184192,5.3220348363533,5.237632370912037,4.846619795979555,5.151898728969508,6.041101484509462,-1
686,4.881411466231903,4.929047738808451,4.898496218061528,5.077544925278158,5.336927954833527,5.241762342869343,4.840568536972001,5.1307773504438225,6.047487284164242,-1
687,4.8952793791735845,4.920249152750872,4.891230339338592,5.071592020181749,5.352722940771997,5.244865014780287,4.842932735074874,5.1145944483473444,6.0375149936721835,-1
688,4.907793727298005,4.905616608425379,4.891274063050543,5.0647207519920165,5.357882839035332,5.247915142877024,4.853056786406711,5.100077692724625,6.044918174978196,-1
689,4.916861682199359,4.891596980128783,4.895067062984062,5.058717089739373,5.368905393975503,5.250626013975873,4.87213525493368,5.08289093784201,6.0397347979154805,-1
690,4.926336522345492,4.883737229297589,4.903405842625976,5.051897936960193,5.371420706763616,5.247525498575673,4.898073172501531,5.076420474059146,6.04438047994803,-1
691,4.94278097788857,4.869806219766113,4.9108078954832655,5.045392134724424,5.3707754377055625,5.254622000868345,4.924854651328922,5.07323166697835,6.044551688395437,-1
692,4.947991928717389,4.87361519612855,4.919629395138484,5.034141700696721,5.35976979617829,5.252798308820179,4.949908290501463,5.072443171741895,6.040336296771405,-1
693,4.961983049751169,4.889503970927389,4.930589857790174,5.0196636401192976,5.353803514668447,5.249744026259773,4.970208762763303,5.080914970705922,6.046687240512797,-1
694,4.974679994900315,4.903784354303705,4.94699069378665,5.013626914624719,5.336628531456034,5.257113877080041,4.996523015080849,5.092350149137825,6.046653691490755,-1
695,4.98074409943999,4.90842932171081,4.956852380894757,5.018334153200653,5.312682737127626,5.271665308747882,5.019891858497799,5.101844364247535,6.039670475921632,-1
696,4.9862705838040515,4.912813810195704,4.974428937238323,5.033247734933887,5.294832358357719,5.2776516960200075,5.032153106791733,5.099030882295597,6.045914381831113,-1
697,4.987264924049141,4.921190918472866,4.987307748722629,5.037834875384657,5.278794452828976,5.283508854758624,5.040082570397277,5.099794461428673,6.044091226735077,-1
698,4.978001256488422,4.925169684932013,4.998580522273889,5.0366782611142575,5.25550967736296,5.284931973894218,5.044373686857558,5.102104120997287,6.048472090371242,-1
699,4.9537398418731895,4.931732340543907,5.003999317075593,5.038335410260696,5.236704139160799,5.275722555788976,5.046657147242022,5.11177822604818,6.051102644127904,-1
700,4.93379780335963,4.928870784139675,5.007838282692758,5.044106489454501,5.2165012843535665,5.266491477924557,5.0489765247533995,5.12582803762565,6.046143884748286,-1
701,4.901147179273321,4.922734944586847,5.010430975903572,5.05113799365081,5.194714049747332,5.250345067669812,5.0539429221594,5.1314553394849245,6.04505131531173,-1
702,4.879512067906742,4.9180797680945565,5.006175346911563,5.051996535901312,5.1796050935732,5.227583681001689,5.063252153206939,5.136397408815741,6.0430891483758025,-1
703,4.865909045976167,4.919647288620395,5.002754821696342,5.053158774340792,5.169488485931655,5.199715155353845,5.0658127126922565,5.141929190806047,6.043230450984538,-1
704,4.851336970255971,4.937128268149483,5.002300005297533,5.042829617137774,5.162678611296884,5.1822998052837494,5.066027574138998,5.157866260609183,6.043904665905297,-1
705,4.833511215883495,4.95533923342637,4.9995401949985325,5.025694176870747,5.14057720671391,5.156742575009323,5.065735149070194,5.175130424332149,6.0432367791429185,-1
706,4.816424618740993,4.971262102287818,4.999849508104366,5.00965612332451,5.128287778718114,5.140005245318771,5.06505919274549,5.188284017914474,6.048515492348829,-1
707,4.806096527681693,4.985064166464055,5.013261211567422,5.000255743974535,5.117945122879283,5.1281967408052775,5.058935529794815,5.195848158057595,6.043042673631608,-1
708,4.804822450219841,5.005630356706001,5.021951184548956,4.992708759169445,5.116781624339447,5.125940275711104,5.0530405830522955,5.205293344958444,6.045811660582663,-1
709,4.812575470284366,5.016197175968495,5.042293621604715,4.984076323586128,5.108527092431986,5.1257324401613955,5.036699193864623,5.222040591772297,6.034154002475401,-1
710,4.813334288652013,5.030162385275291,5.063864759161554,4.977563344767807,5.1024440798397075,5.131307923240427,5.021717388678297,5.232822313953987,6.0411456672047175,-1
711,4.813484620152408,5.038374309995605,5.083178046051824,4.961949700858888,5.090966186751369,5.136995738692622,4.999655584236885,5.237096375520977,6.05049744790486,-1
712,4.8155395957825755,5.0287510228976045,5.091109191071214,4.952602305141954,5.0660571868631825,5.135884548438832,4.977563368230206,5.241507964498551,6.047890172851062,-1
713,4.823144228941889,5.017055054548037,5.098263224724818,4.956600548030701,5.049489488789525,5.14771316356009,4.95084551162174,5.240948781155211,6.0438799098662725,-1
714,4.836669049504319,5.007197673639096,5.098054714222093,4.96543687540594,5.034897459634164,5.163573023718466,4.924007992215015,5.239661863003008,6.037492885635981,-1
715,4.849491897232209,5.000567428400803,5.0907535015880345,4.968510757546801,5.0228928935085175,5.172537217462334,4.903112442765466,5.23182682948826,6.0412635359854665,-1
716,4.854472651111577,4.992591897533684,5.087102180389258,4.971446182097789,5.004643926326554,5.177591467290543,4.880919019451732,5.229063724214828,6.038172127866286,-1
717,4.872829068502639,4.982061836281305,5.074231357689309,4.979461560499376,5.001855742874749,5.177365754643956,4.8685442756416935,5.227521777030441,6.050178822873173,-1
718,4.885503829132279,4.9693828001369775,5.062971982103088,4.983158674489251,4.994910729435218,5.178407878197271,4.852538396472525,5.243883657582429,6.043823676476024,-1
719,4.903026360163373,4.95823316993999,5.04763991503548,4.9896032476426075,4.985260721170047,5.1836578607320964,4.844668149103966,5.262626110808056,6.050286566913045,-1
720,4.928457813490672,4.9506058149039625,5.0436122641038095,5.014454100576803,4.986029569489835,5.187179764128224,4.843101527451047,5.273083826797437,6.044168313570682,-1
721,4.951672545417434,4.9475156473784985,5.0550459569099395,5.0441670095699305,4.987562047193897,5.190610860388979,4.850277162849701,5.284138714479466,6.0510510331605305,-1
722,4.968986555461621,4.9419599640644725,5.057032713311019,5.060890859633386,4.9874739917908,5.197107635516331,4.86405013571938,5.290869555441622,6.037431049609336,-1
723,4.988133213095723,4.936516783248092,5.063580908816099,5.0803502413612165,4.976980733166037,5.206551736746893,4.870325641187179,5.295587729896191,6.0532190640318335,-1
724,5.002336679718015,4.930414190430733,5.072468954396429,5.10157346354098,4.972658697422784,5.210595100663883,4.876566244250029,5.285248467951046,6.050048956256728,-1
725,5.003928520879417,4.929428655960489,5.08449003438497,5.119834157569828,4.952141547256246,5.20740053554595,4.87514773988494,5.272846532561795,6.043034520325031,-1
726,5.003758191816537,4.924584982712479,5.090672401852513,5.134444926863859,4.933375850217143,5.19667518421288,4.872224624591256,5.245471713741873,6.041687981853339,-1
727,4.996545524506785,4.929647924454931,5.112194245226309,5.155932388854836,4.921008602244661,5.174436106837075,4.882117793092529,5.211846807550397,6.047173267910921,-1
728,4.973381381233761,4.936731007376494,5.135285814469818,5.1640665958686025,4.921986159235007,5.154324518599596,4.895959006776419,5.176356131544706,6.049789801991122,-1
729,4.949161873699193,4.9298731671696405,5.146206530519477,5.170100500509209,4.920608679093579,5.13716471546426,4.8967966127286315,5.142267889104776,6.04531645824696,-1
730,4.915610202110238,4.92512141917968,5.171635530008947,5.185003841382252,4.919763773591071,5.110006071863598,4.89984661344973,5.111239334077093,6.048779376046167,-1
731,4.887901873192602,4.929759006688884,5.192697912664793,5.193256059478375,4.926839838683713,5.086047045968515,4.908967185389127,5.082185333778926,6.041871019439809,-1
732,4.872373714253157,4.933824510427482,5.220749112924823,5.199544562450163,4.928147363690814,5.072581503597402,4.917959588666206,5.0529877361640905,6.0478563130004845,-1
733,4.851923565887194,4.9438639274537035,5.241152133285675,5.19495280169016,4.939519305021621,5.059113386491275,4.932562393388139,5.026856893873105,6.049323369060631,-1
734,4.837379117465219,4.958398512232356,5.258142506150264,5.192116667562748,4.952037864614488,5.040741826371033,4.960896597169128,5.004304195604123,6.037648596423903,-1
735,4.83360679211761,4.959630834950753,5.26924146278972,5.189692254798086,4.961051634199211,5.035882581223698,4.981767913462513,4.98980506465246,6.044373058564569,-1
736,4.847592800217894,4.964761244813497,5.276926501710831,5.194115659900777,4.958652115945061,5.031680878821948,4.997216704379338,4.987085276065983,6.05269127876134,-1
737,4.863549826632182,4.9747691150743725,5.2792785326752965,5.199249743531008,4.961632216154073,5.035148617121327,5.024181859337854,4.988705149090392,6.035149422144484,-1
738,4.888146566122531,4.991092744616454,5.273685018157412,5.200049849299528,4.961988674932927,5.043234226983548,5.039225536335998,4.992703154569392,6.044023460319849,-1
739,4.9115258599880836,4.996274874098206,5.281309715489609,5.2068636072016306,4.971268337897946,5.03884994604425,5.060529390695599,5.000557572586765,6.049606521759234,-1
740,4.928275047158519,4.99968689470622,5.274766884222849,5.2111930283873,4.978772712245942,5.024630215513939,5.083380265413068,5.024933261913851,6.036697104853848,-1
741,4.95304984457131,5.0007102315407765,5.269186583036029,5.215257585037769,4.982147674102246,5.016182888311167,5.10229930658394,5.0464089171743565,6.045354039418959,-1
742,4.97544223689249,4.998752758375731,5.271158634491057,5.223327019654989,4.986840065086774,5.015396141235741,5.105833687640122,5.058139538186566,6.047732523547928,-1
743,4.995078866482811,5.00522355266421,5.265683372599801,5.228101019480723,4.992326953544204,5.010271591605695,5.101719774876179,5.0767553150544575,6.0431099153657115,-1
744,4.9991491162934585,4.99539627242222,5.259644418887395,5.21870636450433,4.993120885521217,5.012702036957124,5.101975240842847,5.084677449620871,6.057048851575665,-1
745,5.002778353740945,4.984416318433514,5.254489600529337,5.2078295063890625,4.990404002243068,4.994847910248674,5.101469157482997,5.081769347531703,6.033221340679886,-1
746,5.0132934623253265,4.974085171934158,5.242496915640576,5.197041189253839,4.9874240340501945,4.971389723374652,5.107235541247883,5.080468217428672,6.0423556572710435,-1
747,5.008198450617424,4.969126760007128,5.229107607721483,5.178397853718367,4.978951019525367,4.959333055512149,5.1089321566643315,5.074485279274462,6.048888556207752,-1
748,5.006689221307428,4.963064856005828,5.231365102066358,5.160480020592576,4.987230823882274,4.953191090665198,5.108347009757481,5.064897635576365,6.046149955494473,-1
749,5.002839767840431,4.951100872259572,5.24102739653785,5.155086020742442,4.995742859660778,4.954138966800696,5.100656821840646,5.055712632226442,6.037892985648042,-1
750,4.997443836532406,4.942687753970672,5.253613421572021,5.150362846635767,5.010966368921368,4.947132905322638,5.110596306017026,5.057299454882159,6.046753661420307,-1
751,4.99554617804255,4.928594950089775,5.268076246824053,5.1461118531991215,5.025826667081001,4.937967355358396,5.129012694451489,5.050849382492498,6.036336574931997,-1
752,4.991533458652198,4.922949971924529,5.269259065643214,5.142966036211106,5.049938335121255,4.918782198542898,5.1438632123949235,5.0496896750477465,6.041087404421419,-1
753,4.98326632926802,4.929870754391359,5.284597975273295,5.1396411980246475,5.081413727854171,4.912793470889339,5.160126518731662,5.055464405257595,6.039833701157048,-1
754,4.970442141883344,4.93053293194946,5.303101348278867,5.142784725616261,5.111169193220285,4.916035137784687,5.175848539232554,5.059412611599683,6.046952072320568,-1
755,4.966802306164247,4.927807874670824,5.316234878953465,5.15136414750006,5.14635966015978,4.922529975553736,5.178884064866019,5.062019834018766,6.039255462593258,-1
756,4.962429410449188,4.935534447514532,5.323790449731686,5.160463103325672,5.172058517235429,4.924857428549627,5.17966368949165,5.056404509997497,6.046924856371925,-1
757,4.958162576582424,4.950224503547098,5.324837335393814,5.174345804341294,5.188268997034864,4.933207077919114,5.189303735473773,5.045777763763066,6.046609768902131,-1
758,4.950412192823656,4.96583183269704,5.321461960736687,5.1904542891271435,5.200290228091859,4.945622507025359,5.189369453160835,5.034391390757057,6.051524345909902,-1
759,4.932781409762828,4.982194116129931,5.315884985312298,5.207674943026479,5.205485025153963,4.966698563034969,5.184412681700855,5.022889980746754,6.049313836098812,-1
760,4.914344731173746,5.008508950703615,5.3161164383792805,5.225418774094161,5.198884527070898,4.989650895296593,5.168681285088156,5.014635695090737,6.048589228075965,-1
761,4.904416776447286,5.023486580360747,5.305162587970186,5.233116053391306,5.186643383956092,5.00585470388431,5.144086435234687,5.014015655120615,6.051269714201377,-1
762,4.899958373817739,5.054562097332733,5.301845821669278,5.234195851873491,5.18036959173691,5.018837019214902,5.111618378897994,5.007074390181457,6.045583558230801,-1
763,4.895348496190789,5.093507962926489,5.293746780054167,5.234582417277442,5.164103997163588,5.020281849223011,5.09297424233875,5.0019736882442665,6.0520752733431635,-1
764,4.892992771147096,5.127704925828157,5.28238187586156,5.231443437906057,5.144996395736374,5.034148953706358,5.082614473368738,5.002017976011315,6.0393471267846115,-1
765,4.887360966567437,5.15884069127446,5.2690770206972175,5.21897038972479,5.1291242345005665,5.03766130965203,5.071492488064186,4.995958408116557,6.042959306021059,-1
766,4.887160144518975,5.192167924129359,5.251534341129876,5.204302454972088,5.117759374055382,5.0489425381650115,5.064236423194261,4.977879677873566,6.041998131644456,-1
767,4.890480976811116,5.224606304814989,5.2386659434998855,5.189027391714646,5.113120502503306,5.048483736225403,5.063500902694824,4.956278492032702,6.041373742187488,-1
768,4.90874043200192,5.2521519213830725,5.221813021389177,5.178773169583636,5.114108372583028,5.052210004271298,5.07293644542718,4.933518995635639,6.044879596052762,-1
769,4.916817238754344,5.273372901477093,5.211142030809206,5.174864521674975,5.122097316518421,5.04280355494102,5.087319638109465,4.90763595885074,6.047092176445656,-1
770,4.9252922365182705,5.280091646379901,5.1934600211431965,5.171666459617772,5.1265707457042105,5.033112650536506,5.1113382804726015,4.896725041714178,6.052236722968958,-1
771,4.931156370257146,5.278172687412956,5.172837519203806,5.169904690829245,5.123771692767433,5.0304377963931035,5.132745472821792,4.888553808617748,6.043322567571333,-1
772,4.934868320228511,5.274342483489972,5.154900728622699,5.168208362571968,5.122253501811455,5.018649092627999,5.143814231821952,4.871309519239564,6.043605336591487,-1
773,4.945656771804008,5.271163428577765,5.1405714280758525,5.1667147867533005,5.119979809190507,5.004140254985538,5.15513864750077,4.86120844162554,6.048305013315467,-1
774,4.953930569060945,5.260265863258597,5.131614102762521,5.17048581602724,5.110866653255119,4.988285527603784,5.158998806449429,4.8551070700951895,6.036423427122358,-1
775,4.951358085563706,5.251127390437274,5.12386047090121,5.170790122156353,5.100399343149335,4.981583751010053,5.1490699594152645,4.850922931999583,6.044832154527339,-1
776,4.9466983450419555,5.248239291118498,5.118905828617857,5.164193199853758,5.086905119830995,4.9839250058208915,5.149289710420347,4.853666154214474,6.03544529777643,-1
777,4.954684409085274,5.258667911421937,5.11332543983305,5.1621039460902205,5.068722496859347,5.016142331851318,5.158994304159584,4.854257036911589,6.054275759206285,-1
778,4.9545452881101415,5.272374431761632,5.109686086662232,5.165198150317032,5.051520762891528,5.044355384738616,5.163611462883882,4.848557553875721,6.046111941378954,-1
779,4.945286956796223,5.286391513179379,5.109230783453042,5.165765538389198,5.045974644639388,5.070097444833559,5.160287728343437,4.853161691930784,6.0393607775525515,-1
780,4.936994000006015,5.294927957701544,5.114294435962051,5.168355576340508,5.042825334111552,5.087419612781808,5.168408809237134,4.868941984276915,6.044840563646412,-1
781,4.92834630232484,5.305398751804902,5.1276001036712,5.169680827883756,5.042661487003077,5.097072450711693,5.174604734214361,4.892868300185554,6.042271536220436,-1
782,4.916190104927023,5.315466827713425,5.143890637618643,5.171814911937081,5.04176939843884,5.10511057448104,5.179713848672124,4.927791894508327,6.039789911510838,-1
783,4.916196009204909,5.319508261342234,5.1650296332009376,5.180392489185353,5.042063067732574,5.110272297515338,5.193062966462688,4.970165226048979,6.052907480540841,-1
784,4.911036240381188,5.321842806239289,5.178910212539577,5.1976825795989186,5.05100437365171,5.101219782960504,5.194764936991259,5.008288463879913,6.04743288025508,-1
785,4.903616982322575,5.317600762461404,5.195642755940793,5.209723119641267,5.054682397646756,5.086704026689989,5.189563529036259,5.040841689258864,6.0413960945002705,-1
786,4.909124236139474,5.307945603942185,5.220565177607225,5.202786497458415,5.05377103087639,5.074492521184171,5.184910712897388,5.079832820732016,6.052481776298877,-1
787,4.927394588715092,5.295705873084531,5.238743451755652,5.206181636740475,5.043452303937788,5.057401414141599,5.193925605079924,5.1129842651644015,6.038031374321859,-1
788,4.944856225868563,5.285839828048555,5.245226683126617,5.219261438745077,5.033241319412042,5.053648091692221,5.191936414241708,5.147569703777605,6.040268902121064,-1
789,4.960249039867058,5.27467351134542,5.244220616373756,5.227728404797873,5.025643962669845,5.063653610379268,5.191393332918243,5.176006548981668,6.050613491838615,-1
790,4.986583416770305,5.266340276604154,5.232098826997607,5.232432849093518,5.026473003273581,5.074531998000739,5.194384350464951,5.203741604553905,6.046146943995712,-1
791,5.011125439179865,5.26722006527213,5.2200023495737975,5.238681285757337,5.0256743827925945,5.088028516301153,5.1902288826370615,5.2279163993282,6.046346813964549,-1
792,5.029233062159995,5.263590749463959,5.22026210315532,5.244286062064973,5.014858061879038,5.1124393849883125,5.18525783701543,5.250421537617858,6.044768037406087,-1
793,5.041288521591406,5.265854604056716,5.209320803343993,5.246041987805018,5.003634629345869,5.121096328180285,5.169458561030677,5.279895893360307,6.046894680061653,-1
794,5.046517735629721,5.270868559672395,5.194613676883451,5.267349818532898,5.004740120418733,5.121240073484624,5.1476089058345105,5.292550879157188,6.049039631022942,-1
795,5.055835088114684,5.27536079403359,5.184704739685922,5.286816589826369,5.0065200872943745,5.121220239659712,5.123603465612145,5.308214981690724,6.049793497851178,-1
796,5.064761052522448,5.279979807059314,5.178091875513352,5.292783137681967,5.003279616753576,5.112316479414848,5.108325340196513,5.32076254265314,6.045371061608183,-1
797,5.067064545938453,5.273258491516484,5.182487256861159,5.302587319025404,4.998152579722089,5.095444211627998,5.0941011589007,5.334210210835474,6.049632995136841,-1
798,5.068594617770001,5.267064344810308,5.19515029795613,5.3112263025286275,4.992932417960765,5.082670389748973,5.072937451664542,5.337305520856347,6.051590691760761,-1
799,5.068235555378918,5.250982502218401,5.195313730975928,5.306710183834057,4.980984182390587,5.066037749787203,5.059211644115238,5.340419484780058,6.047530057467166,-1
800,5.070390874174699,5.234527611284555,5.196537529628334,5.299952674435976,4.973992833245889,5.041682411803564,5.05367992713038,5.338315108400509,6.047480258626935,-1
801,5.074132732112129,5.208718779221572,5.2038538192114245,5.296411553677559,4.980452738347091,5.019728418354614,5.0585589308837555,5.328934208985532,6.042278864961338,-1
802,5.077075282184778,5.184646359707616,5.21504907324606,5.289099078458114,4.980295449239124,5.006131024192468,5.06727573068697,5.3273117878669725,6.050493123692195,-1
803,5.085737976952216,5.158286938160775,5.226638723445642,5.264448116439655,4.980492074693359,5.00380691399774,5.071737599198725,5.311724678775181,6.044242648499015,-1
804,5.091370309846285,5.13514068386272,5.240219100736856,5.2507828868108435,4.9828340452043465,5.012447481598907,5.077602283089727,5.293533480261493,6.0432518755158275,-1
805,5.103544608062125,5.118487219360219,5.237076269347924,5.2498197721022395,4.985894870495128,5.025369751483609,5.077312408467696,5.283972291800829,6.050478648250674,-1
806,5.115060418107767,5.092060064944592,5.230587077213928,5.245456350670795,4.984945097668482,5.027732146135911,5.075654487863359,5.278661605107893,6.050018807200889,-1
807,5.1367568889954285,5.078046056166216,5.241207627441323,5.242256194500542,4.990876278890088,5.038367887562131,5.069969502302453,5.269365907649754,6.043639634699491,-1
808,5.160729689481358,5.079780703744789,5.25217376192005,5.237118306822209,4.995446445978957,5.052053713248788,5.05503221974557,5.253033662310431,6.046510247303399,-1
809,5.187348338642444,5.085459096628733,5.265622582773455,5.2331829456357974,4.99123064908343,5.077440875388982,5.031771321239809,5.24184165971554,6.052336274754189,-1
810,5.219034517041283,5.084862849356316,5.279140051494032,5.232716393436393,4.982314795538867,5.108266102877718,5.014245536066396,5.231611626217792,6.046581597596618,-1
811,5.236543697487061,5.0947843399969495,5.297233333490086,5.244504652254782,4.977590469720412,5.140624836063685,5.004236621070085,5.220284196633512,6.042303489371214,-1
812,5.256070877254085,5.10733241641591,5.321129840886919,5.249404092152483,4.975849855551264,5.171045387937115,4.991168385751751,5.210272784410428,6.049556375059968,-1
813,5.272692882565036,5.115735051269115,5.347970878211813,5.242084535212117,4.969457006571431,5.202756314653431,4.984681142603563,5.187124919547735,6.048643290263042,-1
814,5.286630920125951,5.129129929818702,5.375589892929257,5.232740248374428,4.96688991480956,5.237531268798011,4.987826730094944,5.153329127796346,6.051098313080412,-1
815,5.279693212787905,5.122861568716601,5.3964306817928565,5.230445294458924,4.97028508146091,5.262099620229688,5.005350861827589,5.121336891110608,6.0377694676411995,-1
816,5.273654426356059,5.094781988324249,5.414626123932142,5.2253689852706575,4.982995730426225,5.27718519534702,5.023040639263855,5.093482961013091,6.047853390880421,-1
817,5.261901535830403,5.059670925247843,5.42382982576535,5.210717081459573,4.99513677381876,5.283257257797827,5.044219296305094,5.072617552213973,6.057851093995169,-1
818,5.248845076042683,5.036298057737074,5.428624731972362,5.192940278237626,5.013044085071582,5.2857002062341705,5.057633534557023,5.054345311752607,6.050556587640075,-1
819,5.239921178749482,5.010620487701285,5.424019115349675,5.173756612981535,5.032126096470862,5.285349078840925,5.057954155911981,5.051071297083071,6.044702905252144,-1
820,5.227962889603868,4.976986173383638,5.414274543537018,5.1513290695739204,5.050348784515901,5.279595050743816,5.057946157647494,5.046979941690436,6.035196443957808,-1
821,5.217369354666035,4.947933030538563,5.40321569206759,5.128982786418454,5.081792560743232,5.27792704227145,5.05662110376843,5.038202645935612,6.054407674256289,-1
822,5.214200419482806,4.916291613396468,5.391061661510169,5.1134147906069805,5.107574106172188,5.274970960945437,5.051412273660825,5.048266477628724,6.043849627434595,-1
823,5.22951612911066,4.891996852978356,5.376830495778183,5.105219995655085,5.128975395279576,5.271350122244517,5.028205089188497,5.052541160307644,6.044921442832469,-1
824,5.243896625522159,4.874701105830285,5.36030150117481,5.093715387871191,5.144672160475498,5.270095045716396,5.004991606973201,5.06100732684472,6.046317415698009,-1
825,5.264924595465557,4.865182389313761,5.347455926357737,5.097861078416694,5.155484090752855,5.261110392582781,4.986292067187286,5.063023041317518,6.046227138347744,-1
826,5.27277802511874,4.8522935143846375,5.327987541668774,5.1072887057081156,5.164513617216011,5.248817494830495,4.962762402287042,5.055397377520482,6.052208497574287,-1
827,5.273700978786816,4.834875712727373,5.315946941674599,5.117258068760656,5.178710865083058,5.237131244159133,4.9485569192271655,5.050195717301323,6.046672258388608,-1
828,5.2696816618503215,4.813044650584565,5.301475480389624,5.123793122231405,5.18729466413145,5.221735994731881,4.931315129531546,5.043310351076595,6.041674892312556,-1
829,5.253873926741868,4.787272164410744,5.285485336446302,5.128660971094781,5.177700912742731,5.199461350475012,4.906879681682437,5.042822235300157,6.052277450831423,-1
830,5.229025937297242,4.7622942068901395,5.271988450276427,5.123379643299681,5.17231648160436,5.172195795815662,4.883143420029976,5.028222832669263,6.053909284916202,-1
831,5.193188689918293,4.747668091558587,5.258451638424108,5.1113737517285,5.161264271346986,5.147354278832063,4.873559050504495,5.017520157208041,6.037774001182282,-1
832,5.160909543593423,4.7335311520846,5.242404343087719,5.110725570884437,5.136245494751741,5.127291906439149,4.869741939931792,5.013815631703261,6.049746104064764,-1
833,5.125997370987698,4.726370736191162,5.233667738880453,5.100896178792155,5.112434302841392,5.114092559490691,4.861408577926964,5.014048284585495,6.050140500819017,-1
834,5.102500769337434,4.716682212937235,5.230859447849942,5.083077070511351,5.087935949077111,5.102794963840692,4.865515757356402,5.0210979413336,6.039460482935444,-1
835,5.0853127133361875,4.708522995434358,5.223332351427131,5.0623101700231,5.059273884985668,5.093259248382268,4.861932760626405,5.013754336224632,6.041636450950093,-1
836,5.07710843305489,4.719521023924437,5.218037191182024,5.053465777012869,5.034559814005695,5.091088955369909,4.856584426608137,5.009206426802735,6.055870152857768,-1
837,5.0796987772321245,4.728471277579876,5.214938470515996,5.055341824190821,5.023328168688076,5.097873341615646,4.862748075333926,5.012496957663136,6.0501370666689,-1
838,5.094605281049057,4.74147799360382,5.210731431217917,5.064114704590914,5.000202451377673,5.116711185672333,4.8708695522301495,5.0141930178795695,6.046008717857664,-1
839,5.114532695696042,4.753920588836567,5.212535763242166,5.0652637151080935,4.986725276927948,5.134096407850973,4.866412428042015,5.014761724646366,6.044344552554776,-1
840,5.134570228238733,4.7709561366374516,5.218501698244474,5.061579956279489,4.98702372436329,5.154248534203315,4.868751727003092,5.005713555667571,6.046895729486798,-1
841,5.1509243698094185,4.78387236915639,5.219868762744852,5.0593587419942825,4.993554511997234,5.171543265160781,4.8735688580314145,4.996534854718198,6.045889971801889,-1
842,5.162820008917109,4.804203625734365,5.223323474880281,5.0636391069210145,5.00835912785853,5.186774332443664,4.881794760246337,4.981016459220538,6.049627346081318,-1
843,5.175126717175361,4.826803371987602,5.220275496782252,5.073386428787657,5.016872090976302,5.196215584477422,4.8875910053389156,4.972545269104817,6.042947171877945,-1
844,5.178636078003436,4.836066715855957,5.211241527757426,5.070692243158293,5.0211188656413865,5.203293614439196,4.900655423357302,4.970876530585816,6.0460129438623005,-1
845,5.175113480376461,4.855768203828355,5.214249995348007,5.058982389488921,5.019565092458931,5.206869700904778,4.919712085513905,4.961604012327217,6.050245553992069,-1
846,5.161626664016234,4.878541405304566,5.218785656255706,5.045576461702723,5.0225973086184625,5.201378844061368,4.924598530140082,4.95742150770472,6.037262398293301,-1
847,5.1401228101168055,4.894790248510827,5.213677385701013,5.038951872387022,5.016132858207231,5.198821426998194,4.9395781553107145,4.950013635495712,6.040430298073047,-1
848,5.1045024644009365,4.908727639641712,5.211888991401346,5.028660427364207,5.009686040724195,5.188859060396238,4.94725140337759,4.949935680790313,6.044570873142007,-1
849,5.070510114833797,4.914288661052437,5.212914446026614,5.023792833733307,5.002948506240718,5.185839648429984,4.956202564784752,4.949204602457879,6.044715085969051,-1
850,5.037474498114663,4.9096876899969,5.2051606324566695,5.014043450436502,4.991044927198036,5.1901996147242295,4.956759020147326,4.956009540842215,6.0491816312810585,-1
851,5.014416540963456,4.897167954785053,5.202535556418558,5.001810494877961,4.980887258694437,5.198372121402323,4.9654195016148615,4.960263419707007,6.0557737143255865,-1
852,4.997208165313874,4.884823657029541,5.203336148152921,4.998214097927401,4.98473191722804,5.197229292177202,4.977208846628957,4.955144664301932,6.046541194573876,-1
853,4.9846005015411,4.871707439729514,5.193229448896961,4.997924566931748,4.9999376575871555,5.187045271740609,4.980986801139605,4.951786921782542,6.04791220610448,-1
854,4.979512052589522,4.851894007202207,5.177029719115722,5.009249274426851,5.005674303009163,5.178751735514968,4.999082559423927,4.9403689780388715,6.035933674692054,-1
855,4.977279612563874,4.847205083644186,5.1678740285956,5.001948482233036,5.013229150005579,5.162736289111887,5.0131673772657095,4.9235731517857015,6.04930908743291,-1
856,4.994023150453595,4.8494185631334075,5.157353150128962,5.000225374641312,5.020289438548507,5.152745127155635,5.031520275991564,4.899758193023312,6.04518448504562,-1
857,5.0068268738287625,4.866050002669282,5.148480782419363,4.993175531194328,5.020683254084026,5.1485444363220765,5.047749544749647,4.877474636979535,6.047087946348925,-1
858,5.0151953403176845,4.879650461706781,5.1465791117369335,4.993446840847664,5.01757881056219,5.143066903005401,5.06628890779581,4.858465417893667,6.037460072609412,-1
859,5.017025557042678,4.898698844815586,5.146425971356871,4.992667309838684,5.011218415626338,5.131346659310799,5.082532676570217,4.837077993827898,6.043233907866829,-1
860,5.020721013571534,4.926457420900871,5.146904530375851,4.99183531129551,4.996315716552539,5.124550538266314,5.094419831327253,4.815587271140307,6.051362754662611,-1
861,5.027954724577171,4.950371750342444,5.1475267148563635,4.986358340394719,4.975369466988201,5.12704781282156,5.103667057558789,4.795458918088667,6.047973978569363,-1
862,5.028772118240436,4.9857687361138545,5.154396468453569,4.980675979834929,4.962875068636417,5.1316959212591575,5.109646180315557,4.791412739007336,6.047112366381272,-1
863,5.027635258191274,5.007154878759757,5.166103741664292,5.0000163620729525,4.950187183824335,5.14301481474175,5.119801165986624,4.7948316923286,6.050640317016884,-1
864,5.0234625349350415,5.022597779355998,5.1818980869115645,5.005824499759238,4.937586164625737,5.149019204359545,5.127177917761929,4.800893400315708,6.035391202923038,-1
865,5.028903149812994,5.040081267332682,5.190114412405632,5.005514516617422,4.93816027339649,5.151576820521655,5.12860314337352,4.799825748776176,6.042152942312302,-1
866,5.041808199555158,5.060324848427597,5.194626528147378,4.994758687957347,4.931913834338069,5.144165926074501,5.1182538620801825,4.793407050339671,6.040676222644349,-1
867,5.05155810439584,5.0872194244981745,5.204484516361495,4.981025194559707,4.93309505227146,5.131455922160117,5.119636791924823,4.798053135148408,6.049911362807526,-1
868,5.061678910801027,5.099677812178706,5.216930156125108,4.965485321661966,4.931446580639924,5.125303127277881,5.124421490958758,4.809193521461253,6.049258144038067,-1
869,5.066174600555777,5.116932092903475,5.2284758785642875,4.9586524024498155,4.934408685588735,5.121794972683761,5.136993423755981,4.828906683945888,6.044768037288912,-1
870,5.068202584112121,5.128867815201984,5.236284485709693,4.942411485394403,4.932630888418387,5.120599340511305,5.139548481312286,4.848607312133491,6.041839120820366,-1
871,5.077305945536084,5.141332831257754,5.231792023653168,4.9162034452826875,4.940142154185534,5.123374776950719,5.1385302475394825,4.8679968099705455,6.046858804885724,-1
872,5.086722129766615,5.154942570982435,5.22254872694178,4.903265027591458,4.955660636625738,5.131048043360899,5.132147106600598,4.87874895635525,6.040265558836772,-1
873,5.0858391591383825,5.163125617048999,5.213086885355632,4.894492617003079,4.961215634817267,5.145276058530904,5.130163793461212,4.894168887630958,6.05525866645333,-1
874,5.078131855954184,5.179546023942008,5.208687184023324,4.893906069539899,4.981194327704952,5.169295409009651,5.128555099297937,4.90274035481852,6.054836352976398,-1
875,5.07172283190615,5.193823556525041,5.202647019527429,4.896849129342796,4.998486460440299,5.199866292338525,5.111029208033014,4.91522106560876,6.047984932747255,-1
876,5.068571691678549,5.2140728421560585,5.192063156866314,4.903809274218924,5.013433413126395,5.232749881283683,5.082068409217666,4.922413467870448,6.050944101480872,-1
877,5.070090217139657,5.227091453945886,5.179837353424839,4.91255666072879,5.021979925281283,5.257811739543163,5.0410219965615894,4.91012625370087,6.0473375711319886,-1
878,5.062649637330479,5.23798015129066,5.168163661124899,4.921835300000742,5.034897278057735,5.280174131675232,5.013837101200688,4.902164731999738,6.054062144908623,-1
879,5.048348487792759,5.247366437491383,5.155005319028221,4.939328416433365,5.047425426871531,5.29916036439969,4.988230192985095,4.906052992342375,6.055085417608874,-1
880,5.035322970809278,5.248335747358781,5.143904148594692,4.956406394023846,5.056417685579002,5.309176324623956,4.9683695712792355,4.920347534844981,6.0452172928984345,-1
881,5.026979684776852,5.252184490579362,5.133564457873739,4.972656115532049,5.076726700151855,5.309777081373595,4.950969276682404,4.92874559803372,6.047483071538291,-1
882,5.020099992331704,5.254156031863451,5.118630808941716,4.985717789313946,5.099362959167744,5.297897592862688,4.951223130522944,4.937578420611419,6.048970766757307,-1
883,5.009776317836774,5.247254505542643,5.103967191906547,4.9956288771025505,5.119890613700811,5.2853149807055075,4.957749969507301,4.933915623901936,6.04760182404134,-1
884,4.9923954652591105,5.235371534860479,5.096980802292497,5.0104750737111265,5.145010083535914,5.2675616072226275,4.97394390100239,4.942041869755832,6.0588798406622875,-1
885,4.978165228009017,5.239879254594333,5.101956728061983,5.022183204650018,5.182473089468895,5.2480971636060225,4.985032507574605,4.962592090110558,6.0539293490784605,-1
886,4.982980625349774,5.241409608733638,5.109282727550655,5.047233478100757,5.229726523115928,5.239035711185218,4.995336237742363,4.985623044786223,6.039326965232874,-1
887,4.990006942337831,5.236434277288991,5.116454181941518,5.064343097471398,5.269331707802668,5.229241806884776,4.994793073843297,5.00491245623971,6.050560566969955,-1
888,4.992443099554759,5.233268729229831,5.118401700255457,5.081108456182295,5.302288076192396,5.226776591053067,4.991333260920261,5.019527174052646,6.047291715730566,-1
889,4.99407744391653,5.224958477694133,5.121938556900577,5.11180780835162,5.321315042179949,5.220638375308892,4.985007314817529,5.030232950256546,6.042965784714053,-1
890,4.99662364061971,5.2097135218523,5.13132503331748,5.142653108373444,5.324717850295003,5.219954821639292,4.977128470809281,5.046720114724252,6.045760458442755,-1
891,4.99635435137679,5.194243644386558,5.14565202787016,5.176266443120346,5.321722226122777,5.227335530857841,4.97060501723464,5.0750714013464675,6.048053893583949,-1
892,5.001415646013253,5.191757515981929,5.143979860198668,5.208769782217217,5.310153506213533,5.227199427651891,4.965491211125559,5.0971660452493,6.051032362811179,-1
893,5.001870826850793,5.177957778752612,5.1334403718437285,5.232151575282112,5.289290237133572,5.231606448336036,4.968049948256823,5.116119224801169,6.051787178547901,-1
894,4.993902540798389,5.1697068350155355,5.123465563689712,5.246436549448482,5.261061809905282,5.225627570244455,4.976279516088789,5.11550253665996,6.046662543041588,-1
895,4.990779026286344,5.175842260362195,5.115932422774788,5.268339444616356,5.2367057034730164,5.223321312497573,4.988228154388326,5.115392570118526,6.051541996580848,-1
896,4.984229235383243,5.180456652012135,5.11661423337138,5.2818974473163625,5.211083225201234,5.223274508968461,4.994914774105889,5.114449622513071,6.04712289177409,-1
897,4.980388511738025,5.183132269031964,5.110765764681721,5.28292930524497,5.178631283645845,5.21506954270209,4.996113337109922,5.113990412008679,6.04300053500721,-1
898,4.971479705945663,5.192510018794855,5.109512110907341,5.292294069097171,5.14492692926634,5.203395668949341,4.98986799791075,5.1097808090484165,6.053622126039119,-1
899,4.963081585176531,5.204749935460241,5.101397321982069,5.299188445616577,5.1177562135960795,5.19249240787893,4.985531857542167,5.095349425078103,6.059100536956089,-1
900,4.944424303944651,5.223997676276061,5.098880159778049,5.2916820526949735,5.09135195409482,5.190222536101659,4.972999267906417,5.06885051419115,6.0470327743653245,-1
901,4.931107222299927,5.235456943680139,5.108528466245119,5.28525921204768,5.068117407623437,5.187386045743827,4.962873861428093,5.039746253163544,6.043111976750881,-1
902,4.912063032751473,5.247716678747072,5.121466255816425,5.274432000538304,5.04601040987606,5.18279735307531,4.946748116810959,5.018561077689003,6.048811647277404,-1
903,4.89560209963273,5.252300119297117,5.138530741652625,5.255270766252288,5.030547375566097,5.176626803834051,4.933601867912619,4.990346001803617,6.038962290779897,-1
904,4.873250986411887,5.271007431071018,5.154374661052729,5.246027935552624,5.028544330735066,5.167283847471782,4.928319002549705,4.970566110866868,6.047247174703445,-1
905,4.852947949735053,5.28404578268049,5.172011809868011,5.232420483404217,5.038728572218222,5.164693679765378,4.924168799082216,4.957262740297004,6.051848570116528,-1
906,4.833938670040096,5.286837724931361,5.1776596800350525,5.214146521726437,5.052296671828927,5.163825631588834,4.917805214380576,4.95234021417532,6.047986862204066,-1
907,4.820467728569104,5.288592238825723,5.186451922812721,5.199631873580736,5.059932706774422,5.170082649440062,4.904108315000422,4.942031567114286,6.043275894849402,-1
908,4.8187658361161985,5.279902855649766,5.198127293427396,5.194743744037639,5.0676065017059155,5.1771856775098515,4.8856070789007315,4.939185336067938,6.042064216505456,-1
909,4.816090633376628,5.267411942963136,5.19538034282041,5.192597912340297,5.069675959741603,5.188473937170665,4.864311538542918,4.938154949851764,6.042832054010003,-1
910,4.818210017389665,5.252313108330036,5.190931887675459,5.194182142620557,5.074959124522244,5.203646184460151,4.838822661591827,4.943379835724485,6.031616734720448,-1
911,4.819305079967778,5.238608420470468,5.188881591730287,5.200255988757925,5.07056568421005,5.212038237402949,4.813297029297986,4.9504376793936125,6.047324114052322,-1
912,4.827445668188553,5.2093028390050895,5.1885684608315215,5.204712428296576,5.053184903915481,5.221736961887695,4.7952640577077315,4.956038021034251,6.051400500065772,-1
913,4.833533229230902,5.186086720474187,5.195595370051893,5.217067807980835,5.040668198574918,5.236623935076017,4.787613967646545,4.96548957796802,6.046928994778563,-1
914,4.844596690033982,5.169191820610466,5.206323521749379,5.226083094810653,5.0408259623762275,5.239218079583839,4.788887126319049,4.9713255748108685,6.052297000881275,-1
915,4.852229123709916,5.161692623058764,5.216611274598632,5.23263304732391,5.045463166895818,5.223719681257967,4.788392144373534,4.982041456736696,6.048334696288203,-1
916,4.852996651214909,5.154480930753922,5.225886422434598,5.24503930529385,5.050253058140879,5.212090186228753,4.7945924339754535,4.992771834567066,6.0439706252439604,-1
917,4.845295339576361,5.160378876681117,5.246903608058902,5.256170170173656,5.051212590855549,5.2024744739616535,4.80263724940435,4.998293515431555,6.0468084129897735,-1
918,4.844427512036882,5.156418507110384,5.266224168758477,5.263249191487906,5.044287426974228,5.194582308105381,4.817846027412412,4.995093444560642,6.044777274083876,-1
919,4.838821099752103,5.159536637544187,5.279703302790008,5.263414497587313,5.036463388701492,5.197453188591383,4.83238420503803,4.990354146436434,6.048066097101748,-1
920,4.835013992975988,5.158438484026364,5.291757382317992,5.263434899877766,5.034575404061937,5.19557097181589,4.840146001445041,4.987227366031608,6.050419806936962,-1
921,4.835847293457534,5.165128299004154,5.303423852206444,5.267779740422418,5.024653466653081,5.1866943111096,4.8549902776836955,4.978875848493664,6.051809926798527,-1
922,4.839066356927281,5.176727917966609,5.309967427981831,5.274051168121005,5.0123691348050645,5.189131446143289,4.86592324742517,4.979603423964788,6.046973605507065,-1
923,4.855370101254509,5.175959154172707,5.31835751147787,5.272232859017439,4.999881104232371,5.1954703161552995,4.883298752963483,4.981793925878566,6.055882377736432,-1
924,4.871019965233774,5.169767152293493,5.328971140281973,5.256390927319276,4.993303468008084,5.200118983607725,4.912854124939785,4.985194847178186,6.050233943868316,-1
925,4.891452196653294,5.155083363841365,5.334220144976139,5.24999449977701,4.9871481854593185,5.207062472751799,4.936323162316766,4.993542236450164,6.041082603142667,-1
926,4.908049786212302,5.1524791243514665,5.336694703222669,5.244058783662731,4.979763609864312,5.205529995783186,4.9447130478539,4.9980670079602625,6.048425349046778,-1
927,4.931083230647066,5.141566459168373,5.344450179022175,5.2423981656705205,4.979130206430019,5.202413988950382,4.956890650720769,5.002916814837688,6.047755216632699,-1
928,4.955014975208816,5.149628153681586,5.342451373715105,5.234775031804059,4.973252621136266,5.20427764032726,4.9667080147916565,5.003642934669544,6.0468451605934845,-1
929,4.977447552595928,5.1552087765872745,5.330919958744673,5.215194085511005,4.977804291178205,5.2144121945678465,4.965875703616666,5.006905336871158,6.053615814052642,-1
930,5.002081152021187,5.157978051543376,5.315067180534016,5.189435509701845,4.981019164098207,5.238521985964899,4.955835610061884,5.002313894287772,6.044033013540039,-1
931,5.0217803985620435,5.164029541879293,5.296410088018415,5.175737018965751,4.986726651116631,5.270164342831745,4.942728803801129,4.994292513272108,6.037342837771464,-1
932,5.044170651956827,5.174091790221334,5.276486183547921,5.168206109672522,4.9949496103015765,5.29796078163041,4.929778561147777,4.988248484113142,6.051727365913361,-1
933,5.0731601650657625,5.182580473322872,5.254462992842802,5.14698569296361,5.001832278937632,5.320029316479231,4.92437798019324,4.993140347732175,6.048694731562992,-1
934,5.103004604516875,5.190314891384595,5.236266557430861,5.126271517637014,5.0080851836460525,5.342881042556355,4.929315236960675,5.000483031608789,6.056284721576544,-1
935,5.119621271513427,5.201953709329372,5.209448878768157,5.116567889073333,5.010465750950277,5.361164899306022,4.925673228579445,5.0012473067565,6.050975256553931,-1
936,5.132024092116894,5.207135842468095,5.196540025897602,5.112506067060967,5.0184645216596335,5.371779638899529,4.912390915042877,5.007497146371697,6.047063906381898,-1
937,5.135668116277586,5.208787227955784,5.184632141920989,5.115981416585548,5.020578830143995,5.376609492107438,4.909829067562534,5.019620557089564,6.0442787716290365,-1
938,5.144469919878053,5.210459950509026,5.1875226125473235,5.126410713792277,5.020751582108052,5.373495610959254,4.916279830926967,5.028380913503272,6.048953461343697,-1
939,5.147055398596237,5.205980734490703,5.183684412718235,5.137455367104968,5.0317491392806515,5.361751563515368,4.928818083557236,5.043873435023605,6.055984849071255,-1
940,5.148315002534888,5.202993857720006,5.1879057384731375,5.144789462588335,5.042943997985033,5.352097777667321,4.930747186746336,5.0607385086678525,6.053146601829944,-1
941,5.147410801576036,5.206970703770772,5.185687194444356,5.158441132209672,5.0526412111812,5.344948328635926,4.930944302465712,5.069019659848962,6.046467525641795,-1
942,5.136323404248403,5.213099005841911,5.186181913873075,5.173021703292904,5.065619500059126,5.338646847372659,4.928319270759183,5.08315204756485,6.050453897783185,-1
943,5.13683459696782,5.2149488089656035,5.192462761841984,5.166093592985192,5.074852751578815,5.332340847913282,4.935106905466057,5.11042369199528,6.052639714377923,-1
944,5.134596753128551,5.213104752124133,5.193449441313198,5.151587027170701,5.0857208018750315,5.330159471266368,4.943801851204978,5.127152614071064,6.042398752453579,-1
945,5.144674151112602,5.2102672523334475,5.202447649037945,5.137797541467998,5.105648707227309,5.331068985403111,4.940124717895597,5.137144743953151,6.052024393622983,-1
946,5.140519293861663,5.201303187888721,5.204465181554002,5.121697768362053,5.118854449258595,5.335580007770805,4.935005302997944,5.154009854987694,6.049443017811432,-1
947,5.136700470097692,5.201473988841263,5.212158828238023,5.105516448120423,5.123453421725545,5.333097538398804,4.9284327591166734,5.165573032558042,6.047298095137094,-1
948,5.133827865396189,5.196455200457961,5.211588898926234,5.093215951783502,5.121616717492563,5.32989711402452,4.920802919760896,5.172721452943115,6.048957732168665,-1
949,5.123995721048236,5.2022671697204075,5.217684503230683,5.088732596477418,5.13094179543471,5.3262552880853,4.905890143357708,5.187472470310031,6.050408010649684,-1
950,5.110900376539223,5.196026946755051,5.218958922706223,5.079607240008226,5.14305690110665,5.325908220571254,4.889379985312633,5.2011056244000935,6.046850878359,-1
951,5.101011129953836,5.192888346132236,5.218174220979049,5.084423717032335,5.154795020134358,5.327468635073974,4.877284165626028,5.20945882137854,6.047828211272125,-1
952,5.096388474607829,5.193513767714771,5.217104380271142,5.091525110503088,5.156972379564234,5.332601856283492,4.876541661962712,5.218486572004516,6.043678075636972,-1
953,5.079580839496008,5.187566872595429,5.209985782685956,5.096856395713463,5.142903041258926,5.335461831966041,4.880235376155675,5.227930421012195,6.054812775962951,-1
954,5.072408198477162,5.181247347889963,5.207727346116346,5.102534012492814,5.130390365093489,5.336171282671631,4.88086852359592,5.231143046130035,6.046954139244692,-1
955,5.064352054585813,5.172439912644661,5.203377269115777,5.099398394059698,5.122372032914543,5.336748001668576,4.87646891367827,5.232719642699932,6.046372039056731,-1
956,5.061326879091816,5.1718590644661075,5.203792059034682,5.090286061420344,5.117299890665922,5.351728033199224,4.879804651354899,5.2375908700859535,6.05468339222735,-1
957,5.056194710678393,5.162227980151497,5.195243325031219,5.072178564966456,5.1055514980169,5.358058761446297,4.891369054631448,5.239416510039859,6.042152590198289,-1
958,5.062004259076064,5.163740319962904,5.190700670385649,5.050162426981201,5.088430837977814,5.366150377748925,4.901717986434701,5.244594806933999,6.052315921135108,-1
959,5.061885762592338,5.162195018825898,5.1823449160234745,5.036348042466158,5.081717800048486,5.3684800248000135,4.893485514825082,5.2484743640734015,6.0558178510408665,-1
960,5.060504150723903,5.1455675659599684,5.162486699246598,5.031171813283545,5.084130097907221,5.362919082356536,4.875401974100409,5.254725852659535,6.0504527485638935,-1
961,5.059371040113765,5.133426880913159,5.145341079962191,5.029737537558521,5.089004406391424,5.359946042347998,4.866277055471344,5.258987960178827,6.05340020043026,-1
962,5.060615781983802,5.121001957555293,5.1226631466866825,5.0300190697616465,5.107225268036383,5.358762145921293,4.862896699315096,5.270648524590002,6.044522726979308,-1
963,5.061346108401967,5.111796391124616,5.103565277224751,5.029146851460742,5.1221373650280295,5.365370485785767,4.873035672240214,5.283156868463206,6.051646032290277,-1
964,5.062210640175206,5.09702457558484,5.084308752508894,5.02715777801467,5.129338412523868,5.353102071709441,4.87332971767109,5.291887096826434,6.043536744174757,-1
965,5.0768707837755125,5.074233391983694,5.072093072553256,5.023411197974687,5.141015181124785,5.352263212954873,4.875103561402541,5.285984907392976,6.044934327534004,-1
966,5.089421506145207,5.04698715858503,5.057505371241812,5.036454103874137,5.162575442955357,5.341617387954969,4.881479439105201,5.274136290545162,6.03831985025384,-1
967,5.102219571676435,5.028354379889789,5.054874131786583,5.0459979299191104,5.1755225798148174,5.328884644194478,4.89786513262143,5.261626656117396,6.050190804802148,-1
968,5.109037923364282,5.025923075064629,5.065670370072915,5.0522216758396175,5.1780274342687385,5.3159842789477585,4.9271120214499495,5.2530826750569055,6.059516497761473,-1
969,5.109227512101794,5.025458274055455,5.080434041492515,5.054655158949596,5.172526394654357,5.301650779679688,4.948236903638552,5.245957083514078,6.053692248297269,-1
970,5.103031354937206,5.033003587431197,5.10337575040035,5.049310073285559,5.157702918851732,5.284594835478519,4.9682036927723825,5.227974874510255,6.047305986126023,-1
971,5.094199456436844,5.033905649250283,5.122034752389391,5.043452284458554,5.136703457505548,5.2588692945016815,4.981187539169097,5.214222918293778,6.037492597971599,-1
972,5.073494034540889,5.037473906197536,5.141794292846837,5.048990053597796,5.113535576419906,5.242773709667697,4.993868829857819,5.200892467975901,6.048839928803856,-1
973,5.04301024507488,5.052786019573123,5.1640141232222065,5.05990785646663,5.085866528971425,5.2209735603806,5.009329914900104,5.188313014186672,6.045361492714429,-1
974,5.012306978421696,5.073859967772291,5.185005146623991,5.061156763996799,5.053396496430415,5.204068222798664,5.031822166248999,5.1799370934746225,6.051843883013473,-1
975,4.978190298450545,5.093910916220864,5.196887128037648,5.04310487378084,5.0145812180361435,5.198232972005378,5.066491409292548,5.163713691262287,6.052840143734736,-1
976,4.949892356788835,5.110089812925049,5.204260288805333,5.014627963434725,4.98358209639507,5.196019062816213,5.087526260188441,5.154388557217722,6.046944475887613,-1
977,4.93427399205171,5.122788932341389,5.199157312014862,4.991519263612973,4.964070415875236,5.200981912527606,5.1029029248451145,5.146782237010641,6.05056573613217,-1
978,4.920962699416292,5.134289349414261,5.18727116799764,4.9772310864881,4.942957680123728,5.200041730969729,5.1119356859251734,5.151597635004359,6.043845469982471,-1
979,4.911489520444661,5.143612831771621,5.182336430426319,4.968545072551945,4.936147805162044,5.207228356274203,5.11513607793774,5.145571863499379,6.038297963446266,-1
980,4.904793171935944,5.136256394640091,5.170454283855563,4.958235891699407,4.938561405774931,5.2116446014996365,5.11071040749461,5.139163079868721,6.038737947978047,-1
981,4.910351863143,5.130139535310984,5.150965907263742,4.9531553206829635,4.95169114283861,5.208669512097806,5.111683147251826,5.139875033290671,6.047936883252617,-1
982,4.914414743352372,5.118031124047492,5.137531809817508,4.947010439093345,4.9652296874584385,5.216298497204834,5.1028376672472975,5.132121024706616,6.0479282874257265,-1
983,4.919348470800855,5.100037493285397,5.128590075787848,4.956696003853443,4.993828593575594,5.215088862190502,5.085641225721565,5.139424811312726,6.041581298560337,-1
984,4.923425191314533,5.0893682085424015,5.119214625386606,4.96937829204146,5.031043436448851,5.215555132452782,5.080466195486448,5.1369093911306125,6.044609442399361,-1
985,4.924642070195316,5.068437660459177,5.119843790745917,4.9756233544088175,5.063997487662107,5.2101251583669965,5.075461103742854,5.133803992132185,6.043935915076924,-1
986,4.919197557462225,5.044724823311181,5.122420164587601,4.981382103853682,5.099636480220873,5.217942870976754,5.075790980941372,5.129098106511724,6.050172273227063,-1
987,4.915393119199223,5.033307307962588,5.117818440411333,4.986059483184398,5.126426578636081,5.229427335126982,5.069107119139373,5.131958069095695,6.049903391306365,-1
988,4.91711643429795,5.036000985549602,5.116752181725955,4.9901219633702745,5.154542954942374,5.235179373552141,5.076247842133952,5.135033531919854,6.04231702168277,-1
989,4.905878825752843,5.041077844662917,5.123378560866847,4.990307506927137,5.176300904607592,5.241202157279982,5.06981207334285,5.135885862690073,6.047031596383708,-1
990,4.898410647794841,5.048863780541519,5.12885994859622,4.990064873890784,5.19496823912391,5.234723929293435,5.070921883754722,5.145293082960721,6.044375423958702,-1
991,4.905232842934975,5.055497590545329,5.132475345100208,4.989560062609971,5.2035741540828875,5.228504021166312,5.070975694603081,5.143727187415272,6.0475904641600176,-1
992,4.909793639881753,5.058432803956773,5.131390861809581,5.00020502055095,5.197625794881534,5.220196987210141,5.065587290507865,5.144440331932979,6.047681564616812,-1
993,4.9090490416242325,5.070454014029583,5.131265905636351,5.011463373480587,5.193927239006596,5.213730758374214,5.065994247816365,5.147821640511922,6.053036064318676,-1
994,4.915882273324473,5.085882215740481,5.1332143350026085,5.013086246404393,5.186742346686074,5.2045203593855565,5.069069019091933,5.1413299731254964,6.04712767464976,-1
995,4.920510876652037,5.09671010938919,5.136830233015021,5.012562161969047,5.179929959087921,5.190524957808007,5.0798931726802,5.131413476905099,6.05038430350251,-1
996,4.91948200005227,5.104376987217693,5.151064554539248,5.015347008915508,5.171510414186935,5.1757201816705924,5.092227568384021,5.124821868439825,6.050097859590654,-1
997,4.309377162619544,4.467206055837194,4.510066659791657,4.389554441981298,4.518914544469426,4.521797916882474,4.465096885611663,4.482899458377597,6.04573660232273,-1
998,3.697861582366151,3.8282211556034884,3.8654816557806067,3.7655353439689514,3.8680580601969243,3.8725726464650863,3.832888294693054,3.8381138959281103,6.052265333505578,-1
999,3.074999086665181,3.1920700036575105,3.2202616817710608,3.13784031983847,3.219426599334583,3.227218037971893,3.1991420201136,3.1989883293734445,6.050975395207624,-1
