feature,importance
E,0.503286048326604
X,0.496713951673396
I,0.0
