label,r2
E,-0.26273544495780143
EIX,-0.26273544495780143
