slice,eps,n,k,p,ci_lo,ci_hi
E > 0.001,0.001,10000,1587,0.1587,0.15166947574150105,0.16599265117582238
E ≤ 0.001,0.001,0,0,0.0,0.0,0.0
