feature,importance
E,0.505338473227685
X,0.49466152677231506
I,0.0
