label,r2
E,-0.1514264315355165
EIX,-0.1514264315355165
