time_step,region_1_entropy,region_2_entropy,region_3_entropy,region_4_entropy,region_5_entropy,region_6_entropy,region_7_entropy,region_8_entropy,global_entropy,lock_epoch
0,2.5571841957882757,2.565889913083894,2.5925332815608693,2.579571655923855,2.500819135748489,2.566259311787743,2.5615443538705316,2.49803332040525,5.597655337664951,-1
1,3.2003780602887293,3.2106377836908075,3.241291418926581,3.2232293237908425,3.1199994729238067,3.206043290893961,3.202178906984089,3.1259258847661586,5.606447621248598,-1
2,3.8483350330362387,3.8612343100196775,3.884548975974041,3.8696788554201036,3.7470178139355275,3.8415601482225603,3.840776438086572,3.7556137969712644,5.60695666569293,-1
3,4.497882197760577,4.507991798550558,4.528490525267945,4.52700659991799,4.366213226686513,4.469816442537624,4.477011123426292,4.38385901944584,5.607841853787174,-1
4,5.139523281659377,5.151289540142681,5.168900066605621,5.181589729626048,4.990410714647148,5.0935276804377665,5.115779730708122,5.00906546370955,5.604717125247481,-1
5,5.14129893878139,5.148876151459867,5.16549503547052,5.193157448394013,4.977823843933046,5.076440896589105,5.110289914078596,5.016973878033952,5.615399572978314,-1
6,5.142297093651352,5.145449435157026,5.159359665768329,5.208955471458082,4.972612183552763,5.054462299783911,5.099575833501874,5.022242848547128,5.620681014299521,-1
7,5.139265123131135,5.1344099969483175,5.162909325096505,5.219826634551749,4.981453509514022,5.040925702223806,5.097997950203463,5.036674343097153,5.612208598043792,-1
8,5.1357631419269385,5.1361872084916245,5.138426639520098,5.226062059689686,4.987248805894214,5.017685320527795,5.0910970015021695,5.049124001801748,5.622739053084535,-1
9,5.128908663926342,5.1342993896404,5.116386938965385,5.238092030114701,4.992052441956953,4.994219298739081,5.086932831859193,5.052906290840856,5.6322116424052195,-1
10,5.124672480516732,5.124973931907497,5.09614846501672,5.243495005778669,4.995916293128303,4.978673299476837,5.086818269540122,5.047467916169743,5.624420190006754,-1
11,5.117765810684288,5.1282844960933485,5.074741040180911,5.233091428285614,5.007025036978797,4.964418886095886,5.08975864532988,5.04724892737427,5.627688621331697,-1
12,5.116266742743671,5.134969891300778,5.062779130742915,5.211698303671328,5.011094851617789,4.95656066265751,5.088387714179035,5.050188428793456,5.628129432524423,-1
13,5.113170419171459,5.1542666944594115,5.043456516076686,5.1814353355010745,5.023030754770968,4.94643612787643,5.089344870144539,5.045475253337175,5.621637269817416,-1
14,5.106707348979787,5.181724533870585,5.022711548539668,5.130881441898378,5.022024051645675,4.940720513112214,5.091462421850874,5.0334510990127,5.638694943061868,-1
15,5.104685356135361,5.208348208712769,5.004981025740162,5.094451687545923,5.016659475358511,4.938251847216472,5.086941133760866,5.016137700500471,5.637917320651287,-1
16,5.109621944212681,5.22398885879886,5.003598521856508,5.06633030344657,5.008629145413957,4.944719400848628,5.086892528184565,5.0037181769210815,5.644043774057222,-1
17,5.108359109456321,5.233777847991622,5.007064006853327,5.028157234393893,5.003826497493268,4.94694561537354,5.087649481997646,4.995354171355997,5.634693737360405,-1
18,5.105666209499943,5.240859815777007,5.008527473847324,4.996795121065282,4.996488285511941,4.940657859106839,5.082076426648911,4.99109359215351,5.64342756829729,-1
19,5.10080499267244,5.2381047378802945,5.018662788721073,4.973730430857292,4.991726432116659,4.933824363210682,5.0793422290753165,4.98089251022648,5.649975104372799,-1
20,5.099933080437741,5.234860938866911,5.021737721412691,4.972896563769826,4.996964257743888,4.92521055521393,5.080013355565038,4.97949831510544,5.6435516941069475,-1
21,5.097583980443898,5.225497579708705,5.036326761482227,4.975058772690288,4.996533938735833,4.915145848641631,5.082142069658975,4.988755246424245,5.6480288977789375,-1
22,5.096349573148043,5.217173932928301,5.055590655374294,4.993700917066275,4.995691960501265,4.9011870519341345,5.0876327589171915,4.999137006694733,5.646082261422126,-1
23,5.096560817355223,5.214788402950634,5.06987849467186,5.014629206852397,4.987304474137221,4.881390909460331,5.09344758311866,5.0014833250516135,5.659263425825261,-1
24,5.093108274846213,5.212938814099942,5.07822152397042,5.035311818044817,4.980591003852875,4.861903992292729,5.083717959898915,5.000657603156856,5.65999327161696,-1
25,5.088341215307457,5.219581590810722,5.086308499992471,5.059340363733972,4.972507856436188,4.853377923164197,5.078647895729281,4.996985424328221,5.662232768473983,-1
26,5.083698620093553,5.232483708348641,5.099282015269536,5.083002478102389,4.956319599440907,4.858973315447436,5.0860594199234175,4.997405147858249,5.6552576039720295,-1
27,5.089832769238534,5.23891434533894,5.103177571722572,5.093774192369927,4.941335154818557,4.8685323201054,5.091458760325585,5.0028506178131105,5.659474247279544,-1
28,5.09425818682336,5.2466699346026635,5.114828209088417,5.090233217851262,4.917331038788056,4.879655041302608,5.092810973514374,4.994040361370717,5.66190942518313,-1
29,5.093965441710168,5.252574679182707,5.12352083476035,5.08559508302789,4.902463496305456,4.886362666845502,5.097334222785949,4.980801948245395,5.6667513404165355,-1
30,5.096468693696989,5.250257790154857,5.1321588177715425,5.080821236056279,4.886645439115695,4.899150481099769,5.098343305880068,4.971329198803991,5.677072869826097,-1
31,5.106677831965319,5.249376005093506,5.1338900863118715,5.077627964199081,4.873797791190757,4.91672034488741,5.0980647335683145,4.96413041639175,5.677310905249917,-1
32,5.11681827163548,5.245182099882571,5.135071570676093,5.0750061777138455,4.870395644802617,4.941747011536007,5.10756895436022,4.959411492346637,5.671515587726851,-1
33,5.13268927104915,5.237445389692763,5.140610899929418,5.074996156581257,4.865062799375212,4.960719607276274,5.110390220628301,4.959202160511455,5.681274075291774,-1
34,5.139026525076547,5.225296423545938,5.143970751429888,5.075640982389132,4.864094106708658,4.965300535651488,5.11104364244837,4.956038642510766,5.6682379718367155,-1
35,5.137063933396632,5.220779886303427,5.149290836238532,5.085271940127743,4.858513102592972,4.978562844260148,5.104344780323057,4.948791328355651,5.695710091101048,-1
36,5.146302024297073,5.212765208725121,5.145005599329688,5.097628583547432,4.851939710059732,4.992106099378671,5.100723458627632,4.949586945498197,5.683485740434533,-1
37,5.1569338628158725,5.207036214925548,5.137292496572321,5.115070238589706,4.842193998120237,5.009294728628956,5.094867330625812,4.945383191099389,5.690690882786411,-1
38,5.178310005235376,5.1983743705677865,5.12313085212978,5.139988236192336,4.83428632119613,5.022870896661173,5.094276843673691,4.934838105073051,5.695886346561125,-1
39,5.183900736010767,5.187466565960709,5.11936597441982,5.152206586381107,4.839060141945392,5.034313618470257,5.099322888222695,4.929493700909167,5.696209168753085,-1
40,5.179187224347412,5.167828628291806,5.120189035306165,5.1633426401495,4.846601183465831,5.042988444755682,5.107045503626076,4.9335578808459095,5.6844074705258505,-1
41,5.172473413629622,5.146169224468736,5.125635263553496,5.171240879897889,4.855229240461245,5.04564937110558,5.118849703997556,4.942374842204794,5.694518637322191,-1
42,5.1762377538201125,5.119280577451095,5.1325128229012345,5.177105445157317,4.871907137482476,5.053679013063544,5.125277159863722,4.957055531312949,5.704907166886916,-1
43,5.177991427474334,5.095843500946962,5.130612338704354,5.1892312539806404,4.888568102840797,5.054969064726721,5.126721385404191,4.974885180213157,5.711977974337249,-1
44,5.165678261788636,5.072817816725921,5.136005926554527,5.204104285059448,4.902539101736314,5.051775003115749,5.1228332102817395,4.98980889383497,5.715588134854755,-1
45,5.163238641523727,5.0454916932537435,5.142052769555804,5.212775242554432,4.9146287203951315,5.054997758285492,5.120974926004646,5.00568743075051,5.702836504123932,-1
46,5.155111908881633,5.028032030147367,5.1372445113063065,5.208921080348469,4.931746648245628,5.052386746432152,5.1198913620296045,5.027217667627365,5.693601325720209,-1
47,5.146307340817968,5.004163574407103,5.131655956264289,5.215582839219133,4.936310246080476,5.044299362721603,5.114043270114532,5.052343367713161,5.711751484171073,-1
48,5.143402260974708,4.9921053509429285,5.131728241603749,5.223172110325339,4.93628562317739,5.042570308295947,5.104977898685681,5.062919491922961,5.717035230463356,-1
49,5.142303921347018,4.980089401316724,5.124254833633723,5.226684494680585,4.929037986235366,5.04750129841903,5.100761463528854,5.0658561936769235,5.713187342203428,-1
50,5.134902012450181,4.967741667731935,5.116708632725106,5.226134718377928,4.907460312145898,5.051567745975344,5.094723635324188,5.065644213640782,5.71076465931264,-1
51,5.115021392894105,4.949199323757634,5.116764525968319,5.216851433329464,4.891590879284691,5.05174452935591,5.1003115787106355,5.0644890750009965,5.730662186234832,-1
52,5.108040436915879,4.931376408253901,5.106988096124182,5.206909714231157,4.882703745139974,5.0508197805849555,5.110873924236675,5.0648789832978895,5.71740845569525,-1
53,5.097905534164707,4.907120458869409,5.1039622726454335,5.19435992194478,4.87882865973432,5.044238113502287,5.129588029730977,5.068663130483572,5.726872443324451,-1
54,5.077544797899714,4.871690114625733,5.116174522487043,5.182317516896067,4.868922804616157,5.039005411509902,5.148747525234923,5.069870153490207,5.724847321838796,-1
55,5.064852543360638,4.853665751098871,5.126476578203031,5.162934419131258,4.8635071056562165,5.046442360110047,5.16327928960467,5.06967038608931,5.727634179160522,-1
56,5.048230440165116,4.830133192042167,5.131993827244583,5.140264580887934,4.85300785887965,5.045236717989457,5.176709296443028,5.082871534710244,5.73274378506575,-1
57,5.030731177877938,4.806872862357434,5.1322415184239185,5.1264777068115945,4.850327632719249,5.038117810653409,5.1887136700012615,5.0939679397687,5.738290193138947,-1
58,5.030897755825092,4.788977125253922,5.134456439917611,5.120930676546917,4.85546467025894,5.03720607107022,5.19741561414664,5.100837534796185,5.738163624996737,-1
59,5.043636877245333,4.776695853074109,5.135916008324297,5.124654513536249,4.8585643061660475,5.037794601424175,5.205612254642386,5.107758469804808,5.733788383178243,-1
60,5.05540913324229,4.768122183144584,5.140842214022861,5.127669389588042,4.861000796560063,5.049141001673834,5.216762765649518,5.111186800447883,5.738057602270443,-1
61,5.066297550168067,4.77313486003633,5.135826915645323,5.133870341097232,4.86188900421492,5.062207183992008,5.214051339936906,5.1122518658786635,5.740460496119284,-1
62,5.080209101781017,4.77404960173498,5.1240262983756555,5.149149898122044,4.864463223031288,5.075143890638214,5.203664055346816,5.1212091391133505,5.742872043926933,-1
63,5.097279390107973,4.769551087792488,5.121092806137528,5.172135427120404,4.870427816897594,5.071795369433779,5.200093109444929,5.131822118717036,5.733487084242795,-1
64,5.120317557338431,4.769821128837279,5.111445172159854,5.190338293709774,4.876060984405935,5.0742387040859676,5.202142105471089,5.130470636895123,5.745328617035239,-1
65,5.137557403126763,4.77695512500066,5.1044023988416365,5.194073544697038,4.876232896749601,5.086525121763501,5.19563066101324,5.122867154234675,5.746689757524143,-1
66,5.14355355669419,4.776823124149095,5.103922795934614,5.192766140165272,4.875600533046857,5.089588959186469,5.188563614924857,5.107645468024841,5.7520424874081,-1
67,5.150268161006526,4.765872211533611,5.1177168963016895,5.183566289704795,4.8804399388456865,5.087659746030792,5.181011566592926,5.090933374876285,5.745277433912263,-1
68,5.157078600624719,4.742954294459402,5.1368408144322535,5.175915083374079,4.894867427199354,5.079046873736266,5.172527385913272,5.072309206812377,5.745735585412916,-1
69,5.16227482307176,4.715449111603519,5.162476924744317,5.172049332184983,4.905663637735198,5.061659377602054,5.169702303572169,5.053771019608018,5.754064992390195,-1
70,5.178259716049898,4.698865841803362,5.180532079339023,5.157379889968752,4.9204306229189285,5.041219791210703,5.167917757925117,5.031150377992906,5.751840221838951,-1
71,5.19046271491952,4.683575801726734,5.188256812198443,5.130343144025306,4.9411431201277765,5.029155551389972,5.161395098646074,5.000271857945807,5.75984830554095,-1
72,5.193916307039705,4.667828732133571,5.198446330009093,5.107358852632099,4.961137997888189,5.016737858250324,5.147282042522287,4.9756982218697,5.757746445706918,-1
73,5.204957713666805,4.647950742637598,5.212007550851105,5.091184675909423,4.993692918606752,5.005379121165565,5.1308435923433,4.952690559462871,5.760229104293587,-1
74,5.207419352725822,4.636246240258415,5.216134918511846,5.077740893046689,5.024975634592387,4.994030639211089,5.120357556843048,4.943442501070615,5.76127651666343,-1
75,5.215646662710189,4.634110782767748,5.205251706874716,5.066826885565632,5.045308167777863,4.989385009867563,5.108299026017946,4.940031181639055,5.758894085261002,-1
76,5.211819952937448,4.638825288709786,5.185128905420776,5.059124664212808,5.048754282622774,4.985432692520551,5.095127605973902,4.938127898643782,5.765106405635301,-1
77,5.2130017097564405,4.645224981713945,5.1602422220809,5.044845929391359,5.04270612088032,4.9876945143367415,5.082774691694506,4.9339655691719715,5.77677001950052,-1
78,5.211577862778672,4.648264149759328,5.143723384668256,5.036611113548837,5.039725063743137,5.001404760004543,5.082305798342618,4.931677169747388,5.765900769898814,-1
79,5.218755294178768,4.648384406062159,5.130503552142825,5.03401261717262,5.027351661629013,5.021069304584988,5.094131904119717,4.929845935208923,5.774268710434327,-1
80,5.231901222617555,4.659176908701734,5.1237508780058,5.028118093928244,5.0201595037260764,5.031410162181753,5.098186509674795,4.921261117988855,5.76884914307241,-1
81,5.24541396579118,4.676082530883419,5.111880371754918,5.021547391851449,5.012125899622631,5.031422312355205,5.101867407561727,4.9252294197278665,5.770440541494405,-1
82,5.256408388168779,4.690655806884034,5.100927240626416,5.011081350026552,5.001967373763456,5.03490944139417,5.107940347701202,4.920678919986924,5.775787632288252,-1
83,5.257546508012432,4.702094028443564,5.097469851668723,4.994422394473097,4.994459371002056,5.036324725498943,5.113843971878388,4.916051463826392,5.777492848284604,-1
84,5.260598689806165,4.720266092883024,5.101262576731714,4.967667104612949,4.993229750370701,5.038324410461163,5.124060684409987,4.918776477508143,5.778962549167792,-1
85,5.2567425903139835,4.738802991860905,5.105242639853857,4.943334302469687,4.999524956200917,5.042533949718106,5.133945826661978,4.914843872979274,5.779722853276992,-1
86,5.233858518741997,4.756849927898656,5.116519701237305,4.909052982261329,5.009465315923479,5.042455541080826,5.1351234942887105,4.914671212733997,5.776059353503238,-1
87,5.2091692629119395,4.76427924852322,5.126752950196023,4.8736313436193,5.025919454482688,5.034770812186105,5.120056589048753,4.917706907669713,5.778164112476471,-1
88,5.189935395009408,4.766597230633233,5.1325650681136725,4.842224987841118,5.036838958261899,5.028913840596437,5.11362659609622,4.9231903025294965,5.787330488301201,-1
89,5.169551504887855,4.768750120619976,5.1374224609428545,4.819032150446027,5.038958924010506,5.029362461822661,5.116352067524471,4.925216824601446,5.784680319566311,-1
90,5.148575936906918,4.7683439222537745,5.141029997436423,4.792731990037667,5.0384218875163045,5.025580435908377,5.117692184271849,4.925493404803887,5.783111570086983,-1
91,5.1317028741507045,4.770814151832251,5.129919837764647,4.768251075602722,5.046569482604005,5.036209274054107,5.123167213834452,4.909502444284817,5.797805344134756,-1
92,5.112263541156057,4.772607217593023,5.11685053363815,4.754561033298339,5.051211275561976,5.04240805438383,5.13007572111965,4.901653876249598,5.792056943796292,-1
93,5.101505802404824,4.776773152296868,5.1085646164694305,4.75336330702543,5.057674919444653,5.047003193326487,5.122875654526282,4.906279464843387,5.787748946722359,-1
94,5.101893765741001,4.780335325681384,5.099116398855235,4.761103923388887,5.060820167820337,5.0552898759839495,5.122533624320096,4.915945170228395,5.789589015405538,-1
95,5.091793045539972,4.793108718352951,5.079851699333389,4.7661819654540825,5.067298157283912,5.059084617297119,5.1261283318541,4.934760078822045,5.783834168133673,-1
96,5.082377766728399,4.802048313728564,5.06198914960177,4.7711366737752385,5.074896544811655,5.06939139385838,5.131519736158625,4.957774151223015,5.799189738265777,-1
97,5.073964090419218,4.810451743361206,5.045354936232043,4.764680940416302,5.082957708749222,5.088091396580985,5.13178652347462,4.983322064275064,5.800282948239134,-1
98,5.06961158519385,4.820686843009528,5.028524874436944,4.7703531436024065,5.089105121397415,5.1124017718141195,5.134551525833282,5.016659078500589,5.793009185834663,-1
99,5.07633919728179,4.829685989484366,5.02123369091832,4.785174749289003,5.08814385246016,5.132356644442126,5.136342471774055,5.059446032329778,5.798653531442209,-1
100,5.095388704446131,4.840329302519547,5.018745279468505,4.797333061916353,5.093493624786135,5.1585442043564536,5.1286095158762635,5.094498317869772,5.8060751301043885,-1
101,5.111278853149604,4.843081485508341,5.024177004114634,4.798703910893708,5.093005299513724,5.190008380865555,5.134902645508875,5.118063334356396,5.812676816624592,-1
102,5.127407227666617,4.854096880610756,5.028556646847194,4.793935900985972,5.0892788882488835,5.219394781467037,5.137518038130833,5.129664370906232,5.809340332074366,-1
103,5.1544427074009675,4.870165605029226,5.04338060352388,4.802094305623816,5.0761618405383295,5.251050163524569,5.148283916336545,5.132943261680481,5.815490942329459,-1
104,5.173247921611626,4.893903224599649,5.06405073279342,4.807947594991402,5.060900936149542,5.279256386541417,5.162990767594907,5.123505576229374,5.806416378199166,-1
105,5.194372853491037,4.905213425250558,5.086988469873463,4.817400995674331,5.043586372414419,5.293801373747713,5.179276238427566,5.1061886276876365,5.824615455326451,-1
106,5.211464889081185,4.921464146437912,5.108148674889812,4.822604726269284,5.037576152424063,5.309125564916037,5.197355597283773,5.080587825672524,5.816427617264768,-1
107,5.217295232020458,4.940813208724536,5.127600183607612,4.822486278132741,5.019537465952537,5.316265348877021,5.211591999243188,5.060504051527399,5.809661297914453,-1
108,5.211888734074945,4.972715845490955,5.143159319895082,4.825582044597025,5.001410291840222,5.314443025878839,5.226388558592037,5.0368176176978885,5.805361746916304,-1
109,5.206249261425377,4.999287342209648,5.153870719613916,4.825145472565763,4.982216644155493,5.303715832239938,5.237843359925712,5.020107573088508,5.813635036671055,-1
110,5.199218438831246,5.01409027390417,5.160223627911803,4.828708002602548,4.960281666112428,5.293612400267776,5.248014470729209,5.000940473218642,5.821988750771382,-1
111,5.1850976080541376,5.026132011627174,5.170138454441747,4.832885932714576,4.949199015431773,5.285850509487613,5.257815971593617,4.982834598063344,5.816935669482433,-1
112,5.174723867912214,5.031340780987958,5.1736271358674815,4.838779328009554,4.946195461220832,5.275489450120974,5.263300151904744,4.975834928953439,5.81402564764186,-1
113,5.154337120051619,5.046024617060711,5.180359596258853,4.839335197787035,4.9479574045586086,5.258894759107713,5.266417388361476,4.969065054307477,5.823229377513453,-1
114,5.135027715617567,5.066484370914726,5.1929493577022665,4.843328738685711,4.930687934982968,5.238116185181887,5.261239092130688,4.979247592222806,5.816717432054933,-1
115,5.12364344709925,5.094220093869705,5.202563637583132,4.854567257456625,4.934804679493875,5.2215889591704645,5.255105486789409,4.9803265824751115,5.824316584270162,-1
116,5.1169440556815555,5.102245968013189,5.208903257186693,4.863420138028615,4.941994319677421,5.210400642821874,5.244737684477195,4.976998672279723,5.828746541620616,-1
117,5.108082703041235,5.116770066304509,5.211120746549607,4.884727402586812,4.963958947559353,5.211079928653533,5.243807684324539,4.975621625350056,5.8207228510663676,-1
118,5.101736856141683,5.13805441702032,5.214581944949889,4.908963915891344,4.9963782572801305,5.207691823431433,5.24386753438141,4.98219110085155,5.834097295514666,-1
119,5.103503268041408,5.145568472792766,5.219294285931568,4.922165667550353,5.018660018146939,5.194221595436753,5.242231044142202,4.98842241494981,5.830419857830209,-1
120,5.09956014419833,5.155830915940721,5.22806023500278,4.92889317162234,5.03811043341558,5.182321997201637,5.236207135889881,4.987613252580373,5.837225426397839,-1
121,5.104341334004171,5.163938165905653,5.230211356809497,4.945520096993281,5.059086585795468,5.175808732272543,5.232898209635246,4.993010502038531,5.830220651672384,-1
122,5.113000164505513,5.1635960037066715,5.234697068858497,4.955937643948756,5.092180595006322,5.164705200215472,5.235061715693819,4.991670383231666,5.831803841286241,-1
123,5.107032041029618,5.147603599441574,5.2462782329598,4.953685476399328,5.1104709306670015,5.152617768431646,5.2422378227396695,4.993417375403082,5.829241468546401,-1
124,5.096308879420148,5.1319710882187906,5.2657339330565,4.9491556012412765,5.110153345903562,5.142756227257937,5.253320523213099,5.001097562715287,5.835925951140548,-1
125,5.0923006039836,5.122035136431759,5.2928358454558895,4.943458407413656,5.108535363356095,5.134055054637499,5.264403414390841,5.002087133422068,5.831976055443377,-1
126,5.085502685491669,5.118528568034802,5.324972986958568,4.944027238639398,5.1044009536446975,5.125861106482164,5.2694913003019686,4.996589749208015,5.838928366169056,-1
127,5.071381202772784,5.117571819131237,5.348128886051094,4.952307708384984,5.102624710141699,5.128225398053987,5.27310580226219,4.983841029174756,5.844499336613369,-1
128,5.072146533360005,5.116265678112494,5.3699693728286935,4.960448515962771,5.107503438753372,5.132758488478378,5.277562041727553,4.982291663106954,5.845249154776188,-1
129,5.065348777346372,5.104177430433285,5.388670416410502,4.970321338382903,5.10580097851865,5.142549689964472,5.2770803839271965,4.969738076611503,5.841347876172004,-1
130,5.063416926824064,5.093486782072693,5.4002407723934915,4.975818857165702,5.1036926812758425,5.155042364197265,5.269743551903865,4.959452291324192,5.847290433527478,-1
131,5.07979996822826,5.085788833303262,5.409830527148319,4.981914537093898,5.100950683060018,5.158576020636452,5.254656388257431,4.958943906907749,5.8561664799733135,-1
132,5.106579073385442,5.0789802203897825,5.4148213730135195,4.990043774492601,5.108282125566321,5.161103805669725,5.245654167380118,4.941726737111193,5.8445585805346765,-1
133,5.130897357484579,5.072689403942658,5.4046942960884765,4.991606821113981,5.117363045744392,5.1625507672105915,5.220606408310397,4.934879309875897,5.851480366059078,-1
134,5.155454008087743,5.065303822727833,5.389985167023045,4.984443385152197,5.125866160641764,5.159875468552184,5.200585448177984,4.934263777464937,5.852948464946825,-1
135,5.173699066475224,5.061059466038489,5.379783363305117,4.974218488978348,5.1356066101241336,5.153304721895523,5.18220367757662,4.937660774603424,5.845755417414296,-1
136,5.1770818594037245,5.0579310701802,5.372565011621459,4.976958265741344,5.144117743889156,5.146537076924387,5.169191948037573,4.9340562977500575,5.85934010103767,-1
137,5.188361001295407,5.057865086627913,5.37377885377398,4.986156748068327,5.162910890547344,5.143352575396859,5.156859207257695,4.939105953308905,5.8517826731322895,-1
138,5.1976094602371425,5.051521605169479,5.38488130064094,4.998772650914672,5.184710546900288,5.141276950249701,5.143335574224685,4.94266688227399,5.851532843977521,-1
139,5.197871106015323,5.053055085352732,5.389928094188755,5.021505149813484,5.207319077507955,5.150887344793192,5.135547843760939,4.933213043946514,5.852540331511972,-1
140,5.184462374316397,5.051772373827183,5.394515201111414,5.037407706734847,5.223942613733178,5.160771484206605,5.131751159683272,4.937989452828015,5.85785343991042,-1
141,5.163830258569183,5.049602009268248,5.406359153709307,5.050380169519622,5.234566372143563,5.1609467192292975,5.137354503592922,4.937207631494546,5.860836603689684,-1
142,5.150789990108758,5.043032402435367,5.411196617587034,5.069744098499249,5.236964385575162,5.154344808576404,5.129529259247206,4.930272360638132,5.8556155067269025,-1
143,5.148311704791545,5.0429395134357495,5.413852829618655,5.0893078800756655,5.240589037823156,5.151302520138603,5.128757286864084,4.922176045955783,5.863092771638821,-1
144,5.155465777624043,5.047647678467274,5.406244800143244,5.106389227848846,5.2309283346649424,5.152678601552784,5.124463491821096,4.918148107986605,5.867337907762592,-1
145,5.16160737180145,5.058761383559491,5.384087074348266,5.113186428329905,5.214243050783577,5.141332357839422,5.126917100065844,4.90971485309589,5.8655502818687655,-1
146,5.163598866651972,5.075002968331806,5.350291447736185,5.123780280643549,5.205060730862933,5.126461170887204,5.137421143275641,4.888622320711915,5.857578292752084,-1
147,5.165520709040859,5.078193826408955,5.324314613881294,5.133249250956225,5.199203320476883,5.110220511278645,5.1459095201187655,4.869565574327312,5.864558150462548,-1
148,5.174345376236226,5.091153126834936,5.3028639843437855,5.1428705077318515,5.2049640728856525,5.096109540353964,5.151813339988785,4.850191782554279,5.856961785191982,-1
149,5.18627270700216,5.101607358665592,5.281769659200265,5.151325174435659,5.207315841706123,5.08388661122386,5.150346546462944,4.8280537162150345,5.867092320055146,-1
150,5.194118838647387,5.113623071409994,5.268275685759262,5.155970234056701,5.207058349188399,5.081880309380234,5.166838985164756,4.8124692971047764,5.874698624920417,-1
151,5.193747343211689,5.125592269264686,5.257788468215299,5.161630476716087,5.202631411124618,5.07702143327848,5.173305265333556,4.7986991382846815,5.871169256775562,-1
152,5.188857455141542,5.130732506342093,5.251622600737612,5.160802473463211,5.198287049307769,5.064318761074172,5.1874853364287015,4.788218628669351,5.857962689228883,-1
153,5.182387251392592,5.139380991419817,5.250757395456228,5.164668683123416,5.194034235568046,5.059131536633104,5.2041356299606765,4.780590563183427,5.866928396562145,-1
154,5.178288845933428,5.145869302370374,5.253624297476471,5.167362903898207,5.177636895510016,5.058878963794784,5.218713911198535,4.7877976474995005,5.8616549138935,-1
155,5.169809385209652,5.155448474293704,5.247658788413174,5.168702013454546,5.1598286656381624,5.049431310516837,5.229642684740709,4.81083654978684,5.86008323527922,-1
156,5.165166047495002,5.153285098112795,5.229129460314602,5.1776530388760404,5.142314741676415,5.032814153888827,5.239452389738087,4.830746664730988,5.873369946587132,-1
157,5.166051582457919,5.151691255328372,5.198773503568049,5.194053654301877,5.128496755168264,5.018308765340641,5.254756281323617,4.856148258809765,5.87246150946732,-1
158,5.160606786001695,5.145161242210263,5.166381068435334,5.208777859553301,5.123003733847133,5.002486181769482,5.2623054498094435,4.87813854006602,5.864611249861726,-1
159,5.165988069445909,5.134537270758347,5.137170529081618,5.215156246690256,5.123163875524332,4.987993760598727,5.268112669022095,4.9017007269364,5.874328724039351,-1
160,5.165101048331167,5.119984221004249,5.100999265227071,5.226425103070508,5.1307829796396165,4.969205834954345,5.273205974721199,4.926742774980708,5.878636263902082,-1
161,5.170969235879052,5.09742653133059,5.070568092145043,5.231127514774347,5.132455503186788,4.953595507425437,5.278575793818025,4.9494049682088725,5.877578003971606,-1
162,5.175348878483058,5.072166206409237,5.041628894492233,5.2333867923333806,5.144525752221569,4.939513295700367,5.287439106871743,4.963594284062591,5.879284224279219,-1
163,5.174279684619828,5.052888602003346,5.0230308666123,5.238027230869883,5.15959675244253,4.938757180806863,5.302567062265552,4.963675218437258,5.882490201603471,-1
164,5.167397628567566,5.048934226842507,5.018003718183668,5.236776742830515,5.1694244809960415,4.939963289331274,5.309308187193277,4.9696393960111065,5.888320813407504,-1
165,5.151523386782049,5.04612334694917,5.026361285853696,5.232490976536371,5.17389633477228,4.938394886786235,5.315984020761392,4.977344814456155,5.878368025131647,-1
166,5.140696844477976,5.047215037292087,5.032934386362465,5.230723459518449,5.17744566901625,4.933541229719987,5.324361616613426,4.985319565250974,5.88504938094805,-1
167,5.119308897386537,5.053111468838299,5.035489636970169,5.230248809339298,5.176968651097296,4.930193567336192,5.328416482104538,4.990947282114208,5.887289577538647,-1
168,5.107021845665697,5.057586934644768,5.042984320251552,5.227182801137096,5.167561451760597,4.934417267481051,5.324153417983694,4.994587818227142,5.880813392147701,-1
169,5.088980279967687,5.059300020717524,5.052958183122644,5.230522424197184,5.165315408561847,4.932951646382561,5.3123890243108995,5.00906993380849,5.881984818188564,-1
170,5.070566571671964,5.06660277566066,5.059130489203918,5.23755179377511,5.163458018145719,4.925312502693715,5.296756682931646,5.025449904671193,5.88346120883548,-1
171,5.059818931567249,5.06948506850621,5.062908039181241,5.2295161099166725,5.158164270863372,4.911301547086005,5.276426493316037,5.039123246611,5.892272726228362,-1
172,5.047360568136408,5.070123179165439,5.058793054511021,5.219448557699886,5.15832946865917,4.901686660734587,5.259745411048734,5.051962057467704,5.889653662069113,-1
173,5.035953292436519,5.077913907639153,5.0534176503353665,5.203653353005962,5.158791792228641,4.889215390686849,5.242229971354234,5.059493138759975,5.902851399268029,-1
174,5.02055731141522,5.0817195891593245,5.053105903193874,5.182854480953635,5.152800171593496,4.885416371807367,5.229147798060252,5.071455468326018,5.886399620310032,-1
175,5.001008649530029,5.086452178557382,5.062528582664136,5.157192891259611,5.146805320433611,4.879880910929001,5.22576826945212,5.0843743045450625,5.899178572930918,-1
176,4.977035655924931,5.1011469051658205,5.067695874084509,5.127281952468898,5.147907996058261,4.868312652805656,5.219289495138751,5.099097249839645,5.894521820551546,-1
177,4.95286572660591,5.117650437919068,5.066411675727089,5.087736143450847,5.1467887882556935,4.8550230209190826,5.220464685387696,5.109540635389286,5.899038066137848,-1
178,4.922911651278265,5.132526930953237,5.069196345354684,5.040117299434877,5.1490041403545055,4.841933759398734,5.221407374834443,5.119262950561657,5.891132804698654,-1
179,4.900484451021138,5.153896095669402,5.074454043201486,5.002113193123145,5.151980171803541,4.829584803155772,5.222823059709002,5.129504700072788,5.893645931442724,-1
180,4.889575834944868,5.172324198552136,5.075635312865271,4.972730663832039,5.142648319659713,4.814495342310088,5.227631079356049,5.137982065886068,5.899943466447448,-1
181,4.883301991862597,5.184013541175895,5.076761560753731,4.949171318990109,5.137114575640415,4.806230763314633,5.233295914579431,5.145412886621808,5.905891962081704,-1
182,4.883905243514805,5.190586785807032,5.07460833491737,4.932405908093146,5.135397612663062,4.800684689485006,5.2348372021709695,5.144346651046828,5.89367099362056,-1
183,4.8937599927220345,5.1951630663669155,5.067562370056252,4.915721646858685,5.137239093753249,4.798162711872042,5.227082198803682,5.1464230697123465,5.901418735102486,-1
184,4.915636605404122,5.196569676390758,5.060186570042064,4.904262785828701,5.1413334495295056,4.802895273977448,5.223405859378097,5.146275951952483,5.902848896112431,-1
185,4.929628205808489,5.194077167267964,5.065618788816884,4.896583817510002,5.147506012516292,4.806549107229097,5.215552344793956,5.1504753627874775,5.908514484269619,-1
186,4.944854359342832,5.201606155700867,5.078942716698482,4.896718911490492,5.148004102346475,4.810391461001631,5.198791777483024,5.1498221903365895,5.904512201819658,-1
187,4.9531240091473805,5.2007835160986975,5.0879610178740275,4.900611072602318,5.148484350161538,4.8221208824392665,5.192749990989509,5.160140374273937,5.896641746623668,-1
188,4.94427566825544,5.191645385265003,5.107765650230881,4.899369514987196,5.154960499345158,4.840804799271735,5.188920998212015,5.171612646103144,5.8982489654502,-1
189,4.943224329630011,5.18430553757121,5.120331204889236,4.8915390687473055,5.16117561680753,4.852916524777612,5.1876942349260355,5.187372379471124,5.897302917616097,-1
190,4.932719686509137,5.182329945757751,5.124524136965172,4.884112983653523,5.162215860393266,4.864258666647991,5.189171838979309,5.203084210714554,5.904924447594786,-1
191,4.920113708067225,5.175265861332778,5.119690604119445,4.887964886086022,5.161913903115316,4.873486107356094,5.195132682755264,5.214128738676696,5.912574916379178,-1
192,4.900663018500959,5.167445398088409,5.123886933220897,4.89394120072972,5.15949559233221,4.8844413102709066,5.199473554874863,5.215074951390435,5.909623469381522,-1
193,4.8912671559121605,5.171201276280671,5.115580350545201,4.89815684800654,5.152124986794161,4.8984184574350405,5.200809605115817,5.2042592284896045,5.913458995097649,-1
194,4.88446658507582,5.170728189558959,5.096154104519035,4.903258308870605,5.141792340169323,4.908429587300441,5.206719085093315,5.205888434773956,5.912008185495089,-1
195,4.888884370064229,5.176386186070966,5.0759621365664715,4.904642500618051,5.140221466106411,4.914967087903992,5.208846867607899,5.20850928515219,5.911984028306539,-1
196,4.900450139064529,5.179046637254339,5.046394087600662,4.9086682996071325,5.1350144585609305,4.923255312172653,5.20955455535937,5.213157693377758,5.909031243720604,-1
197,4.9115095811352685,5.173883773638628,5.02682111328225,4.917204749399805,5.130247708046079,4.938666320189506,5.21039378106921,5.213362498860317,5.908174133920487,-1
198,4.935093346905357,5.167241878471802,5.025481110592466,4.920384543001636,5.136400775585405,4.950917331425973,5.209861436611684,5.211307591076881,5.913907236416873,-1
199,4.960080599750153,5.161118162248055,5.029335556544034,4.919365648940612,5.141606142991279,4.9605122471930185,5.206523303233105,5.2137512229712275,5.907674894760822,-1
200,4.979645781900569,5.154955582625444,5.024036286082211,4.921439988047665,5.147210541957645,4.956122547786759,5.205043495104398,5.219825489693539,5.924635702987937,-1
201,4.9908936850290555,5.137075141578176,5.021965136145349,4.9333545550414275,5.1613567188215015,4.950122263208453,5.206702194528265,5.231048312348232,5.921264642838839,-1
202,5.009943295077079,5.1226689284706195,5.024100643299931,4.93904552011652,5.173326083975725,4.968454203990923,5.208805067514594,5.227324839917697,5.917930548580938,-1
203,5.027442865450379,5.106832189356534,5.0307579404335225,4.943000033197885,5.178840459996787,4.98394290804227,5.2127506776182715,5.214250955331013,5.910505027444909,-1
204,5.04250779518209,5.0917765331618705,5.046691591961411,4.947931679222609,5.1785188948306695,4.995452961242179,5.206162205927699,5.192562579319398,5.910647471986155,-1
205,5.048666543395405,5.074847598516554,5.067185912083092,4.956062725627834,5.174279337713957,5.005615783752473,5.202811434936353,5.181413695581966,5.91592966153345,-1
206,5.052050375230415,5.055783616692905,5.078258446284487,4.965550326587572,5.1695592848380425,5.012835628818086,5.1977223521053455,5.174452878067925,5.916446578192847,-1
207,5.052127874494318,5.030864774900257,5.085226394743591,4.978742366270205,5.169254352503577,5.019941564231528,5.19510103699162,5.154895046628468,5.922245800798264,-1
208,5.061606771793015,5.007767714344811,5.0915119678188105,4.993729625353914,5.171139997868758,5.037039795798856,5.205132785374597,5.139017628279451,5.922844297665908,-1
209,5.0875108961889906,4.993642400281934,5.10262836291785,4.999315442648707,5.159533323103341,5.059390451153083,5.208513513260685,5.118654642305055,5.914305590948015,-1
210,5.103753177133862,4.975053554426142,5.110263724598935,5.0197020876487315,5.142432713282215,5.069078756476706,5.210526526538131,5.118537130271142,5.9190338426084255,-1
211,5.115551018054023,4.96256530872222,5.109571513328669,5.051275045777128,5.123304460919546,5.0795900849627085,5.2037508916051705,5.123616689905708,5.918637113714786,-1
212,5.135191261257246,4.965365442993896,5.106117224523846,5.081328452488371,5.129883838000518,5.088898077795023,5.2039027980070856,5.136128388045512,5.927158801015034,-1
213,5.157152791902553,4.975066910335666,5.088810090022812,5.1130291912040695,5.134267154975388,5.099950989355101,5.200634855427895,5.148782629397779,5.920261698609559,-1
214,5.164732947187706,4.986972198339315,5.0740605222129,5.142293055573369,5.135104659316067,5.109257069859496,5.193578567401174,5.150047567076929,5.923487511562554,-1
215,5.176856163001648,5.012959933177344,5.069763242454937,5.171936596610249,5.11947870620415,5.117850966980749,5.191380933616154,5.156910470007381,5.918480865820617,-1
216,5.180451436426558,5.030972271716814,5.068491950204192,5.196300562188278,5.098080271522664,5.12508930243101,5.172908711732114,5.160556797843207,5.929351335518573,-1
217,5.174963977109188,5.054428694687073,5.067416176873913,5.221202499270103,5.086583581834974,5.13329541481134,5.164197782373436,5.166597078631161,5.93052948422167,-1
218,5.1758677182245405,5.071971268882168,5.0664409939675465,5.2363332585122,5.082589138323028,5.141497917960014,5.162537409648882,5.163506015801342,5.9361072100757255,-1
219,5.1737380950390195,5.090830953807327,5.065397892254094,5.239184295224797,5.081161952193148,5.145323494451383,5.1684166153689555,5.153934146408091,5.9312283088064826,-1
220,5.168746868733597,5.102891514920437,5.060498617439756,5.238207504483109,5.06151310632087,5.141707413550702,5.170217178628651,5.148188126244772,5.935188667442504,-1
221,5.154548971261361,5.112465844934397,5.0632902757472085,5.238115020906587,5.046886282183492,5.134406679804528,5.171307998560277,5.133935947713065,5.923848056923823,-1
222,5.146266101074485,5.113704827432213,5.058850808717668,5.246419129091434,5.034486505265398,5.127612190777011,5.178057880485378,5.133685216111339,5.939138225205781,-1
223,5.128143116630208,5.116155509685491,5.048971974037744,5.255523400772701,5.031097373846341,5.122933166081191,5.179821268555187,5.128338004830174,5.931995071964496,-1
224,5.110941357358529,5.12809376314394,5.047682187099477,5.262182149962418,5.02765728117629,5.1211503011188935,5.188651648137382,5.130499720207325,5.939139163382369,-1
225,5.084893907068782,5.13309181324871,5.047273429930915,5.274072984776692,5.01673882457424,5.12369386759904,5.190131993958431,5.1220628880186725,5.942391779297623,-1
226,5.063837464262433,5.143701698644765,5.038534213222536,5.274907583667045,5.00209828053618,5.122475675557333,5.185679085112109,5.105985365708079,5.935079116066673,-1
227,5.042141320931405,5.150985697391337,5.0300142343996335,5.277903292134491,4.989560322943296,5.114233166911398,5.174092230515651,5.09742398444411,5.930400256130605,-1
228,5.03448749186468,5.154817148692629,5.026446506690285,5.278138971196039,4.983579497866399,5.107871012451687,5.171621311512531,5.086317068670376,5.938193019303263,-1
229,5.033647859897377,5.163391213360643,5.015618789874005,5.277225611256351,4.9776097886000885,5.1054210789064705,5.16345407456386,5.081382475162098,5.9367466018086645,-1
230,5.040341086738378,5.172755483584248,5.009757833668039,5.275199385174397,4.970483529080581,5.10451323420568,5.152578491714949,5.073205632573837,5.951762631751704,-1
231,5.063107611871994,5.176452676423751,4.999188256502693,5.267934867159082,4.966708102338979,5.106092366300148,5.134995915027278,5.073540459789721,5.945228764421883,-1
232,5.089018613628463,5.165723748809434,4.968075700866694,5.267271514976946,4.9715140844733705,5.09946877004189,5.115684432043191,5.081461403606381,5.943888407529733,-1
233,5.124307900746331,5.1498665548789955,4.938460090062209,5.27461285292323,4.9873694005227245,5.0894706906087075,5.095997154482697,5.094017415585911,5.937830088364124,-1
234,5.1464356274731,5.132137834641683,4.91350661099466,5.291944263510196,5.021052140077495,5.085896537269704,5.084128000289194,5.113376507716179,5.936901344256038,-1
235,5.158435456469011,5.114182759436228,4.893913086258385,5.306387371506613,5.04741743710062,5.093578343052776,5.075980498397267,5.128354577145219,5.94315455967079,-1
236,5.1476725437145285,5.102805150062438,4.874073033891654,5.326908464346671,5.065591647834894,5.106086902145006,5.061468241638676,5.1362218111746065,5.9429579744106285,-1
237,5.134795762394753,5.083883160913653,4.857853549322657,5.340760838295725,5.079399370668991,5.122374846221967,5.047308940060358,5.143630177266353,5.945844147564829,-1
238,5.124984431729035,5.07860270254624,4.842332374626054,5.34897351559291,5.091990700966495,5.136250130212215,5.032557242174872,5.148775708662075,5.944907610741253,-1
239,5.11011339926794,5.075437729424913,4.821308338132258,5.35981553107835,5.092290986776295,5.144108453507446,5.026238357319561,5.161760972964407,5.941930087122993,-1
240,5.093066549542462,5.088735230419894,4.816462811049961,5.362995036082413,5.08760208466625,5.157430321427274,5.027636119836148,5.1636032525012965,5.93851960226353,-1
241,5.082232068602126,5.106901202284857,4.806165205736679,5.356439269125009,5.076264728998057,5.166131634085106,5.033400678888399,5.1802052554248395,5.947600495127945,-1
242,5.083040613903493,5.126718224415979,4.811872378911273,5.351479977246522,5.056698215165942,5.1675050298058895,5.025841393973649,5.198504447640641,5.942253768319351,-1
243,5.0947927495683984,5.144155855456997,4.813932514311318,5.35423230123587,5.0391268827593985,5.164681421148262,5.0181174074343255,5.207200320311526,5.941165725427497,-1
244,5.11512848819159,5.162256843461665,4.818089958748963,5.348928959956721,5.026298500234599,5.157501252526674,5.012801410535834,5.214169274005842,5.9596825958203015,-1
245,5.140603143136443,5.1793050619538485,4.820356049290783,5.352006554098601,5.015181528393527,5.147594894388873,5.009325797467886,5.213519991336364,5.9576690630325535,-1
246,5.157005719070029,5.183697196409644,4.826368754676344,5.354705794883259,5.002516977759872,5.139531417293116,5.0022971586194815,5.208101929425164,5.953919460590702,-1
247,5.178405290362293,5.1886255806457475,4.836830274711236,5.353494769978631,4.995241494926161,5.144423299442073,5.003215558312563,5.193510370688247,5.956483041147848,-1
248,5.195256176565505,5.1829846235922785,4.8440205566815875,5.351638714231809,4.9861203732068455,5.152040412963059,5.004001523426321,5.180742355864689,5.939917728029652,-1
249,5.210488153080093,5.179715664049677,4.852425861367083,5.345841555201789,4.975365616902538,5.1676885256675265,5.004298779409096,5.157375702648912,5.954119205439997,-1
250,5.224904312953376,5.183628856488238,4.854993075518262,5.333356564732682,4.963879340043797,5.180273975638113,5.015471641572749,5.126254322031246,5.94847914576436,-1
251,5.233558536040459,5.1838657849839915,4.864431534467881,5.312288185274022,4.956683767455961,5.189254073851675,5.022837091302223,5.0953627609165615,5.947577831186134,-1
252,5.236020072385599,5.177555467825156,4.871988536529822,5.302200351142433,4.953777777056377,5.207314305379679,5.03770641875719,5.075971489501639,5.951705612531477,-1
253,5.237365247516923,5.170293951979488,4.890032787517826,5.285909839125273,4.954515964245462,5.229772047426777,5.050324713236069,5.054587630607045,5.9493736353042825,-1
254,5.235783374797316,5.169698926851634,4.898970115058692,5.273488593563825,4.954663579921796,5.256364229318127,5.0690638288870185,5.0411126732589615,5.950756501113361,-1
255,5.232459779391776,5.1619024398191495,4.916724513552675,5.259918476930624,4.9618538531364225,5.275125627459683,5.0728275780040555,5.035415354786991,5.944979834953809,-1
256,5.234626822748163,5.166739495724348,4.92556856456893,5.236363251079755,4.975845993088463,5.284607057321973,5.073899511538865,5.025670321454323,5.947359625686714,-1
257,5.237780601203438,5.164623027788535,4.936806134148819,5.216132491746371,4.995556895068951,5.284168643929629,5.078310086458647,5.024573063193049,5.94893133993366,-1
258,5.238606399427131,5.154405085427542,4.939718121042235,5.203377725453424,5.010535784334447,5.2897768724686385,5.081404188404877,5.024877946348695,5.9532985474186875,-1
259,5.247041537417053,5.143572252074979,4.943309074105752,5.1934177208456775,5.0276562672714595,5.298246476971057,5.083927205391032,5.024959549314509,5.95415269215142,-1
260,5.2510377579591525,5.137218514948027,4.949902669903127,5.1822548980939445,5.04378891097027,5.28982290836467,5.077642778254663,5.024091659103955,5.959893156564934,-1
261,5.253499993621037,5.129221768384726,4.947806650586366,5.182594990293207,5.054653614909509,5.274719040503362,5.073001376544779,5.028764058338098,5.960990343951052,-1
262,5.26691980134083,5.117361827267539,4.956368915766372,5.180073340756178,5.060687782516735,5.2634272446105586,5.074297048712734,5.032899995011801,5.949172652512444,-1
263,5.271767334626764,5.110004478534305,4.9641589032757825,5.18594683320924,5.065567820973281,5.25279503983325,5.088062267309782,5.031232171325146,5.969310032159694,-1
264,5.279276790519621,5.097993210513864,4.9856688808208816,5.202719983718822,5.06574909315114,5.252868070017552,5.091937077891444,5.033001626854878,5.956021819709908,-1
265,5.278418627931624,5.090735095564022,5.002692309838518,5.214803668477295,5.073238734202175,5.2586673021021095,5.0937310443753505,5.029459132330171,5.96216520529605,-1
266,5.279547986263931,5.081601469266999,5.027647959945138,5.217325125393767,5.086400951201379,5.255291186808666,5.092996432075987,5.0291646544551005,5.955802382858313,-1
267,5.266969328131465,5.079640559689855,5.043697393752952,5.2208993333009595,5.097749600679661,5.2525165707462715,5.094062664248913,5.040120306187387,5.963552558137856,-1
268,5.254160708169968,5.078647993221029,5.051960921406687,5.216373172297423,5.1149828275425016,5.253856634446174,5.096342572693922,5.040792343907446,5.963040614896368,-1
269,5.241525552894915,5.085739140292998,5.065166123037796,5.208905658410572,5.14048619431942,5.2566550498522595,5.099838541450557,5.044719813114168,5.959214794365332,-1
270,5.22465731897816,5.100577662575068,5.065251045882829,5.199926378551846,5.164563926703425,5.245656959482541,5.100886458973566,5.044678891697933,5.965154678393518,-1
271,5.214384227149678,5.11098766408673,5.06640066294524,5.191174020632213,5.179136538999761,5.23428826491999,5.097362481331015,5.04401219991895,5.9544558841562925,-1
272,5.2054103784812575,5.121838406762529,5.063924480496209,5.189183709476482,5.192179188997528,5.224876322414448,5.098984141514216,5.044613997745314,5.961562045815314,-1
273,5.1936799590068325,5.140694874020468,5.0632397501574635,5.187023790363642,5.201231586001264,5.213559589079768,5.09379616755882,5.0355242630606405,5.96274021419921,-1
274,5.171010782740648,5.168215615756402,5.0540858140971165,5.182104683014468,5.2084930847198025,5.20915632994174,5.09081224646589,5.024350166354598,5.958387389238746,-1
275,5.157914054651954,5.196565740353018,5.031795894524701,5.172888622682811,5.2166519517398315,5.202607902690887,5.084781145082434,5.017238013125099,5.963434283475582,-1
276,5.156854328950337,5.21787122410172,5.011072688050168,5.176397140770428,5.223154671149593,5.206712347865723,5.073252693290469,5.018077053549588,5.960146854747305,-1
277,5.145582500137475,5.232532242637083,4.975468055675258,5.1667085863789834,5.2232232019765545,5.213260637234612,5.056026257236259,5.013049306942824,5.959169343420165,-1
278,5.135393375400403,5.243275154060068,4.946476521426454,5.1552073442107105,5.227640061896222,5.232062611538174,5.039359480750729,5.017792104312115,5.975380220642861,-1
279,5.121686892771065,5.25763285020758,4.906057075565119,5.146163327275186,5.23753757606118,5.2443312303754395,5.0255021697981705,5.021980504885598,5.968673954072521,-1
280,5.0986659654960516,5.269949958205828,4.860180756266441,5.132594526868431,5.246051150132352,5.248871768528044,5.007309769982495,5.017067841505071,5.967066288494185,-1
281,5.078004876594795,5.270033279378446,4.8234679235634115,5.117200284856062,5.2536324476181795,5.250597133076472,4.996539569593963,5.018641217371881,5.969712151525164,-1
282,5.066817333079953,5.2620643387006325,4.79201501028334,5.120163220460601,5.261135715002554,5.245913856560353,4.985984149996585,5.02051466054723,5.973058959100423,-1
283,5.061277324606975,5.253492655160191,4.778680441851547,5.121504613326172,5.267097814682807,5.241955320254538,4.984635830342544,5.0113041297536,5.968208501629701,-1
284,5.05328229902086,5.245511759049883,4.776479458141522,5.121584409091273,5.260197450322031,5.234843077702843,4.991099766661982,4.999785978398606,5.98180293510564,-1
285,5.048069629446057,5.2372661638076705,4.785142210109212,5.134479247255405,5.249230512454607,5.223045121512294,5.004325240751919,4.9925929859075415,5.9754100333940725,-1
286,5.036714973979195,5.220696011109184,4.8004722701975915,5.152020558877838,5.2433474424648825,5.200500857636907,5.0052013738459005,4.976226173230304,5.9652588862676525,-1
287,5.0292026073268365,5.21306457075391,4.8231963269456095,5.165330536459749,5.248733060293968,5.178058813443297,5.006758660007255,4.97096186852942,5.9640828430501,-1
288,5.025716269895859,5.20972069368478,4.858812663609619,5.17419959561195,5.256984336999365,5.159129644234311,5.015563233056253,4.970779654517967,5.960559555010278,-1
289,5.018909175250249,5.205715584612836,4.888353315932857,5.1907997788151246,5.260169773386902,5.137384725243746,5.019968431727403,4.964405126994051,5.968657289145558,-1
290,5.0181682897376545,5.194532488167647,4.9203142709367516,5.193828757172442,5.264718131743923,5.119751093549651,5.020210250779203,4.960572570912695,5.966471552002744,-1
291,5.011920240771473,5.182992563140081,4.950260904609354,5.191820053705717,5.2623380823878945,5.101547084670191,5.021234312642916,4.966708897466774,5.974386157404605,-1
292,5.0033167522562465,5.169745902829416,4.973056908989018,5.184611266821921,5.2591557414272785,5.07410484717375,5.024390847155424,4.969900834134747,5.974434363647792,-1
293,4.992715501059427,5.163019346644609,4.9988880181599775,5.17388147106411,5.257142153526695,5.0488226744394025,5.028179008851581,4.97759557000753,5.975563617592896,-1
294,4.987367289840394,5.1642862667496585,5.022886139551735,5.171918777851721,5.253856141967958,5.031830383653475,5.038927239458306,4.988759722214645,5.972416387524993,-1
295,4.978404699979561,5.160884577105338,5.053459361248341,5.174360725484492,5.240192480762793,5.025846817916807,5.0538429167337595,4.9905249376387175,5.961415725733406,-1
296,4.972655545953049,5.1575398978664495,5.073994150195196,5.174152372343213,5.227019646107633,5.024230127827974,5.062859167048655,4.990687709907682,5.971838514055868,-1
297,4.971056770731694,5.162861995243723,5.095972247113675,5.16393008221264,5.20780229100027,5.020914457260133,5.066285541887942,4.99333280057036,5.97662473192226,-1
298,4.965614986536629,5.179682982013149,5.109256248920358,5.16187305373621,5.187271373307671,5.029493352156529,5.076807455272706,4.997346463362109,5.968601396163783,-1
299,4.960860971463925,5.194276376408749,5.1314533722737545,5.173657675363209,5.179204140392502,5.0429435388372745,5.077741594097167,4.996092118824998,5.971092242339596,-1
300,4.964587313099442,5.211902611298871,5.153595888216117,5.18708544020442,5.180370773193111,5.061475040783538,5.073707097168029,5.000324560546905,5.979113228156892,-1
301,4.975370780761456,5.229882034891294,5.167191602172339,5.196704820949742,5.19367147899599,5.067176124921744,5.063852926785997,5.001694012027091,5.980447497785949,-1
302,4.984732597608439,5.239766477924739,5.170670352994057,5.20582166085245,5.202531693148348,5.075724507541927,5.058718329037219,5.008372819644497,5.980594661036627,-1
303,4.9847431735957155,5.244621541343556,5.166162574769102,5.20775650221916,5.2202430728718765,5.083018392219261,5.044556103115909,5.016162339828404,5.978059365888224,-1
304,4.987861435926528,5.248723375477517,5.179225311514378,5.215875179080013,5.2500529007282095,5.080097440647828,5.046089701789926,5.023208391714713,5.975746220189754,-1
305,4.99203198451789,5.244274776106861,5.1885168234577845,5.234904455806707,5.284757981927745,5.087595801752328,5.049799307926611,5.0352456970198824,5.9860375012656775,-1
306,4.991891246101201,5.2414991318683795,5.197177219690088,5.246652560383318,5.315062329959522,5.091473267109165,5.049104423689277,5.0465009689510545,5.979792384311425,-1
307,4.999916620869282,5.23526405922131,5.204765490728394,5.240235385730056,5.341372516511509,5.090635447025204,5.051833935660183,5.066144574611482,5.980201058087499,-1
308,5.003615470115079,5.223574571280757,5.205639532337591,5.233035502444352,5.372554779271042,5.087625972699552,5.059492139107664,5.076550622802593,5.974203708276924,-1
309,5.009325954672346,5.210908822870274,5.205728288847629,5.227557377486874,5.397734065165968,5.098641060102583,5.069648000830751,5.079719731171275,5.984984521276973,-1
310,5.018683974496478,5.2083983844214465,5.2082508568199986,5.2185949213255185,5.422806057408701,5.102294284589524,5.073542324372846,5.077902938268008,5.978527273625171,-1
311,5.034567215544815,5.2080905522373815,5.214065186614743,5.205659916306732,5.446639710493845,5.105566386176569,5.071691289770956,5.076248540852627,5.978959456377297,-1
312,5.040653979094001,5.20283737370207,5.207931268727126,5.189916446799921,5.452015155607879,5.1148632498840785,5.051670352734993,5.073352690284185,5.985839647622571,-1
313,5.037980325813752,5.213474032970747,5.201112458147856,5.177427525840695,5.451116423316109,5.118650457181165,5.039233112579386,5.077012836422145,5.988267056796636,-1
314,5.037444937665004,5.215699567084608,5.202871158724411,5.1678224835510935,5.456702659691973,5.111722708274986,5.020820113866343,5.077452437442286,5.985044074803146,-1
315,5.027664324298688,5.214118881519464,5.199938013234101,5.173884986446537,5.45304757043025,5.103930216041103,5.002185042917282,5.074163133053118,5.978165534402916,-1
316,5.015939799546533,5.213544987566573,5.2034201126868975,5.173689380458,5.434678174566951,5.0895433912132235,4.98112664538795,5.083887059057291,5.986367310653834,-1
317,5.005476491416013,5.208360842127204,5.209432923457714,5.165861606048467,5.410380725543684,5.070339242725973,4.961857301436404,5.092503775632434,5.977489927929145,-1
318,4.997532457298079,5.198379838150511,5.215336584075862,5.154532545978678,5.384290723762261,5.052415346493639,4.940723181631068,5.101936661783254,5.986075289717553,-1
319,4.987265703159811,5.188314510959082,5.217833973426773,5.145083313928872,5.339957466352437,5.035838407453048,4.9230828579519965,5.111255091536528,5.985772055079818,-1
320,4.9837374559391625,5.178384513276207,5.217268994340197,5.146325203434882,5.301452836894623,5.020870277711358,4.9184548504171826,5.124151788011737,5.9744591602369495,-1
321,4.985876449342032,5.159296786224304,5.215175367249002,5.142057544889043,5.276732382841398,5.01454056119452,4.919262891864325,5.135381409874416,5.9802422940904165,-1
322,4.98538604946099,5.141785713877234,5.2037478309808956,5.136624366465151,5.246038329513298,5.0133248311112055,4.9223343777904995,5.143986469390252,5.994571216798548,-1
323,4.991587325025584,5.127541099606234,5.189148476049494,5.137904101191181,5.217484833730871,5.025709934966319,4.929465519852949,5.145357527114229,5.989955639824291,-1
324,4.989764783717394,5.112183473496886,5.174546017781763,5.138493207665297,5.19398066036689,5.0477141722388446,4.938149762536211,5.13929796898603,5.97847833926175,-1
325,4.989659670591916,5.104335216468448,5.164900233201291,5.141826128375973,5.166261397441182,5.07364824110344,4.951396223112885,5.141201569058286,5.9875730438592525,-1
326,4.983735424821212,5.09846505396232,5.15192662310271,5.145035845165254,5.14167766840872,5.094516438544679,4.970104407089906,5.140848991002895,5.992472316275765,-1
327,4.98039819460121,5.089825432980312,5.13456904827641,5.144408357490184,5.133349233702367,5.106528281856687,4.991262249810866,5.144834921036824,5.987153324657402,-1
328,4.972091091003998,5.080545801943606,5.122784903557112,5.128052584412827,5.121741670768527,5.113661087675646,5.004218120658431,5.151476140565753,5.99439989764013,-1
329,4.961566760887405,5.065727988490035,5.111857772181805,5.121973459644849,5.111849395214897,5.117630731401663,5.013940333681649,5.152332600491278,5.987888251507558,-1
330,4.943388636927526,5.051437605667895,5.112914825987028,5.118690889811874,5.098291650025976,5.1280813824712315,5.033458669067007,5.161429952495037,5.984697659623409,-1
331,4.91705991150764,5.040755758988193,5.118355719873614,5.104036917274605,5.092165860954865,5.137723573110448,5.055717214957075,5.176111960665404,5.98423331919055,-1
332,4.9057357954621645,5.036165730738084,5.120378809875767,5.101837644690478,5.093056273492886,5.142063491500037,5.0702090595857605,5.195656306536732,5.982760859583295,-1
333,4.889367434429709,5.029463337799876,5.113947304476856,5.106818073452112,5.100782325858385,5.147690153730622,5.0849332684755035,5.20943182077446,5.998338622996227,-1
334,4.874639561568344,5.032030537065284,5.1137079582296625,5.107688256898317,5.113642010051688,5.153268085404425,5.096389528170703,5.2183724705556855,5.997867340166185,-1
335,4.858185908030414,5.029968949154225,5.120126895505631,5.115537120715384,5.122098567415127,5.165743652732351,5.114609071660632,5.217806883245428,5.983966783876941,-1
336,4.846819941485876,5.026191013977518,5.133867806100709,5.122836251517256,5.136108775386646,5.182258704451218,5.141884591233083,5.214006178215287,5.987813984035167,-1
337,4.8346444203064705,5.030656721566695,5.146733435731355,5.128931287271584,5.143740795852308,5.1897586566137175,5.168055018658498,5.213848745915742,5.993158377516406,-1
338,4.833366371341369,5.035480169399593,5.154431239789052,5.124503757328263,5.156829807037082,5.185147435454294,5.179373918315345,5.211281601942928,5.993627509483482,-1
339,4.835986735543919,5.039270263885193,5.155381079833275,5.127284762503963,5.163964045837757,5.161160476504593,5.182631542050478,5.207951122138031,5.992383849424681,-1
340,4.828889106154064,5.04746395942858,5.16313687039754,5.1197300337363085,5.164980911262049,5.1422995549243655,5.194985509439567,5.206278110724532,5.995645907506531,-1
341,4.82659721705575,5.049891569129214,5.190612066700963,5.115652212303202,5.160541733806559,5.117471969046517,5.205694870942265,5.201618303331192,5.993755496618181,-1
342,4.821323349252164,5.037902755278349,5.210649517635929,5.113104172785381,5.1538449178727745,5.092437497073711,5.2162189926569535,5.200272817659796,5.989098948039892,-1
343,4.8163425694495645,5.040236392392429,5.220948458381841,5.113642092273334,5.144723045607501,5.064024736744922,5.221803624817666,5.193021018351496,6.000017276500657,-1
344,4.806067417335666,5.044833892316998,5.216265219483964,5.1235927384575675,5.1252138254491575,5.0290354323713125,5.211292365412867,5.185773786956332,5.988793770198474,-1
345,4.800093329009242,5.038287938642323,5.207880014259812,5.127074053817882,5.103848752352188,4.99954643962602,5.194238095554706,5.1809021391937495,5.995064614255483,-1
346,4.799071461710107,5.031542685186994,5.2051419639320775,5.132156799516105,5.084334893474072,4.975473532746813,5.193868329914464,5.17376315628119,5.994849362797634,-1
347,4.79432206022117,5.020330552969794,5.202054305213902,5.139130105427746,5.069979515286309,4.956223705304232,5.199039961536046,5.171215192462369,5.999879814307693,-1
348,4.795426830948649,5.006030347184816,5.200970525003146,5.149430362499043,5.05939949972638,4.942037517250739,5.199346953606609,5.164650185694961,6.0020754624868875,-1
349,4.795414506864895,4.994308405893463,5.186214449371695,5.152209271679036,5.046811100534779,4.9354483338893065,5.200450193749705,5.157780326602555,5.998221954572531,-1
350,4.794885416538661,5.00136912702515,5.179102854313393,5.164963249952318,5.03200602514313,4.93218597821004,5.204652649870376,5.150178048574988,5.98859956302129,-1
351,4.7926590153546735,5.012737900110453,5.178252025214819,5.174552285418739,5.021492607260761,4.920657993125075,5.202884958601847,5.143899551870907,5.9925910921017875,-1
352,4.792600771506933,5.027904502377208,5.178623342219854,5.186010404834668,5.019893634846373,4.915684876536216,5.211727626552429,5.143109555556226,5.988782854849838,-1
353,4.799724736556318,5.050811012821392,5.1855680830296285,5.198636104679695,5.016767527053425,4.907511083980584,5.2230285611748695,5.13539621131304,5.996129650995775,-1
354,4.796556051854007,5.081138011369582,5.183960367727076,5.216602330373348,5.013538699798753,4.900239928014498,5.233400539933076,5.129723894066027,5.996165142784175,-1
355,4.797711588766512,5.111071648822203,5.186103744136305,5.226565746504903,5.00544558318604,4.910854163367679,5.242000037100716,5.1133170037476425,6.002883072945316,-1
356,4.793600902614253,5.139747574918998,5.180726361896863,5.235032412508741,4.988927361633039,4.927679860340869,5.252023800469901,5.095137838107156,5.994899774096075,-1
357,4.79109239798497,5.169686324837026,5.185051848226404,5.2445924080464685,4.993977017561701,4.933474620847564,5.256653915932119,5.08609782031711,5.998395847987952,-1
358,4.785933223102205,5.186994025105045,5.187557945155759,5.244579782509042,5.000997536265034,4.943286439337401,5.256057517486615,5.079385984328124,5.9981090287652865,-1
359,4.786985920462147,5.194307645797491,5.186822745707119,5.236951276117182,5.005919937087632,4.961649078050356,5.254453694608152,5.07723762594299,5.99783588618554,-1
360,4.789464256416971,5.205820137375068,5.188894061320707,5.228676373747928,5.004926464901217,4.977137807121704,5.248141634220463,5.078423928575068,5.99610950431854,-1
361,4.783801834517961,5.221753469735654,5.193395782319906,5.219519367604925,5.010425082711155,4.985706150349655,5.243642221174118,5.080772929959037,6.00013382320102,-1
362,4.78129738582354,5.233092241878541,5.200647749526352,5.217283169699171,5.023353289253189,4.996766053792073,5.2314731035714965,5.067036911426901,5.9928799653932385,-1
363,4.769679793418977,5.240092195892798,5.207720495079718,5.21912508487989,5.035367459755164,4.99350301421226,5.223512557140919,5.066077043346182,5.995580011141488,-1
364,4.766941003816266,5.247821058737344,5.218170087907897,5.2272986975006255,5.052447133629175,4.985130488525891,5.211057400578561,5.063037632592609,6.00174193449574,-1
365,4.755899090169822,5.241424448288471,5.217208230615967,5.243188796046555,5.051969238358884,4.988144043590183,5.198445668715264,5.0475209479812015,6.004082964425544,-1
366,4.748333573220642,5.242372903773537,5.219089443550585,5.256912071770272,5.052627052201018,4.993506023724016,5.192083860419377,5.023234736019724,5.991703808699759,-1
367,4.736877604272,5.24405221168267,5.222323731398323,5.269690936568136,5.050496008854891,5.00266199426844,5.189517227620816,4.998766136662753,6.006205225011379,-1
368,4.7311787351200145,5.228704970034565,5.219431155701656,5.281083400825641,5.052074965750282,5.006474592334112,5.188929366791842,4.9656362407338,6.0085123354477075,-1
369,4.727199383829097,5.211859568293354,5.218703116517018,5.292463581948277,5.0541508093472824,5.021127600780358,5.1864718260836815,4.936805335791759,6.001781506145531,-1
370,4.723956387278948,5.187958618962089,5.224062489255298,5.305474114157738,5.050360728057261,5.043108349220781,5.188443561266286,4.917446851252986,6.006639839720955,-1
371,4.724835478926285,5.165909764493619,5.231517886450385,5.317365920133773,5.048335781132671,5.062735392846442,5.181963082949131,4.8865262426461245,5.990514587193582,-1
372,4.719958891829451,5.148528050473359,5.23500355947192,5.32646871469446,5.0534321364468,5.081882153579784,5.176284340737188,4.859564845305446,5.997955069141225,-1
373,4.720310153350872,5.150820101964745,5.237688031884735,5.329821930902846,5.0574706253182775,5.1010883337359525,5.168968592508697,4.844787401674852,6.003071391578407,-1
374,4.719917838619058,5.154864555306055,5.23911198944415,5.3366633726524935,5.06231247257516,5.127866384435538,5.162373285369192,4.838842452626506,6.007541214365987,-1
375,4.728421159866234,5.156520230393481,5.247671561256727,5.352016814986045,5.068923560217346,5.144520809183139,5.158837096069691,4.83905945906655,6.001761656175568,-1
376,4.738447669681987,5.161087222200184,5.263024738814186,5.364684321605914,5.083292024799161,5.170660769711969,5.147263699450523,4.839882620513132,6.003495931106002,-1
377,4.74702965728565,5.166175764627781,5.266078540083037,5.371320307654999,5.091039370378439,5.200185591921211,5.135759545663738,4.842462894689438,6.000359570270724,-1
378,4.755238806825978,5.180957837953793,5.259112166137486,5.368282363267422,5.098267895066003,5.213499829779064,5.117128198147084,4.851442215156175,6.008693358180235,-1
379,4.758363699252587,5.205406335201335,5.247335671816509,5.360806708556259,5.108775754988098,5.23341208827443,5.104327275184024,4.861602889528297,6.006829159661346,-1
380,4.757880717978788,5.227846782272088,5.236619670302263,5.342979489382865,5.121840641090736,5.244949185350418,5.093782879579334,4.867016352362427,5.992471888962582,-1
381,4.75304573104194,5.241839718011316,5.232399432704139,5.31954062292691,5.141632217533168,5.249909564045932,5.0896610576104795,4.865538186768868,6.004336844399411,-1
382,4.747165059695224,5.246308805855957,5.228538178901544,5.29742985419793,5.159820794279775,5.238724999282255,5.077297401868911,4.859824385258829,6.013557568004038,-1
383,4.742138637869563,5.2440972971617885,5.222198301597385,5.26852910098631,5.170220027980054,5.2315319547226835,5.058359010849099,4.851661231823707,6.01192307831084,-1
384,4.734695177223047,5.242027778734469,5.214312369852754,5.232668998274477,5.177120058272075,5.226447074328604,5.0560212681883145,4.8485705725730215,6.000579170325876,-1
385,4.7334325072471835,5.238001175596286,5.205127702009381,5.199693459613733,5.1876737894417975,5.223278656076925,5.053396945554859,4.8311475697906445,6.002509283784842,-1
386,4.738686093517119,5.225397566468388,5.1983422662207115,5.1722723212663215,5.191544688184921,5.22230239697711,5.058393704803348,4.81671588521551,6.0033297830211785,-1
387,4.747126582966426,5.216598039012989,5.199789857895375,5.149225565436643,5.197324708472129,5.216307520636436,5.065662647163444,4.7953216483318135,6.011503663487375,-1
388,4.752529002282449,5.207610746367336,5.202844933086018,5.132095915707219,5.194722642781979,5.213405387211269,5.07793459530714,4.785119964385237,6.014567120106551,-1
389,4.763441816496639,5.205037073526108,5.192724841542887,5.112402398157247,5.189686475440549,5.228661700525237,5.0800804137045805,4.785541116140785,6.019512007402046,-1
390,4.774813746377805,5.192926292209929,5.180486479554286,5.09417324379448,5.181842090436381,5.238474112003952,5.0798769645241055,4.786076422625534,6.009630897266303,-1
391,4.782922199569941,5.186552529602072,5.169524535941431,5.072448734317976,5.183662140284015,5.245687876119044,5.082739075162981,4.792359361360935,6.007252621047043,-1
392,4.772855776615463,5.185353872472606,5.163053043246647,5.063870081232106,5.1872952452403105,5.241663400669844,5.08035796099402,4.8010714729406025,6.000451451082885,-1
393,4.7636885638787305,5.1839400206598825,5.161170074496786,5.056988113338686,5.186007045706065,5.224326073628279,5.083990850499793,4.830413659023939,6.01102369829379,-1
394,4.756159039295312,5.185137952696886,5.164319837884288,5.046834092849408,5.184253023809456,5.211318130604423,5.087393292165252,4.854691545023877,6.004499047210625,-1
395,4.754861522342809,5.175945011520129,5.154127377791895,5.041490992851366,5.18560263142317,5.184332388965384,5.090714991370395,4.8947086755606035,6.009824890257817,-1
396,4.760489423171061,5.1638160001725995,5.147628278716768,5.044302982486724,5.190418466723716,5.157840016260757,5.086024145462468,4.9282343646832745,6.007475509333571,-1
397,4.758452748581167,5.154240877659681,5.150284892639577,5.051482837294103,5.190074516629561,5.116323634815002,5.092601253578539,4.955248536452676,6.007748354100628,-1
398,4.759951708535327,5.154202318206813,5.157417069681959,5.060092219430933,5.189779977101516,5.085060924693107,5.109559281251963,4.991267667990065,6.011229492031621,-1
399,4.7586600567482975,5.156947616101236,5.163073686814879,5.071157603116136,5.184439218952623,5.052666125469098,5.137359939022253,5.022405821052649,6.019995707515961,-1
400,4.764945372932512,5.151737073217396,5.161667139694123,5.0763224346712486,5.1673566435040135,5.030006088053769,5.158560573849154,5.037315304966029,6.0132905456850105,-1
401,4.7697099628703405,5.149545712849802,5.154770735375702,5.080126327998861,5.158007477617009,5.0136752807251215,5.1822412853289155,5.046107816760425,6.013222473167398,-1
402,4.764024690388127,5.145794520302675,5.150800310842174,5.075457106865342,5.142170276100667,5.009396684906349,5.201250893188979,5.057902991037385,6.00649871566651,-1
403,4.767256800306613,5.1433296246557525,5.157978458590883,5.068609148434882,5.122369895706003,5.018171404536863,5.2066559000384265,5.0655251528190455,6.019454191733879,-1
404,4.764165952728281,5.1366143828727555,5.160047383137595,5.060066966327553,5.101823971350715,5.024655334672256,5.212515003280078,5.071251882403993,6.002725463910818,-1
405,4.7671420187488796,5.124677233917174,5.157594091455104,5.056341236317786,5.097088600871564,5.031649661639312,5.216262961942173,5.0703649651104366,6.007162326314597,-1
406,4.773748247676819,5.108054539798017,5.149488334161976,5.037053487066847,5.088603440118621,5.0450599519118455,5.215904893889932,5.067272119850806,5.999887670952341,-1
407,4.776670243161858,5.086518842045103,5.1455191976047026,5.029219476013654,5.070671843475292,5.066385496445915,5.208327001054958,5.062271668062479,6.011881388507185,-1
408,4.78564781239,5.077292331585322,5.146731089510872,5.017222263814683,5.057323345676605,5.086653261317821,5.196070766335405,5.063801075293099,6.006193207909428,-1
409,4.80707867745529,5.062865722401115,5.156468737117808,5.002385775641744,5.043123556071204,5.1043439342730546,5.175108080372814,5.047634347645218,6.00845024156297,-1
410,4.8239649150057495,5.0468007723526895,5.165016642432683,4.993762278641915,5.029118967434642,5.108434094298446,5.1604974281035,5.0316783135346,6.0049220936103636,-1
411,4.825928158119293,5.040423761552664,5.17954301621466,4.976324141401455,5.0196359978997664,5.1165338652524746,5.152732480252911,5.004834952876486,6.014537264257272,-1
412,4.827721890384631,5.042902265817633,5.187507915579958,4.962900368605516,4.996092976907809,5.131204560319522,5.14787272027856,4.978885289752743,6.012891764534937,-1
413,4.830211191099163,5.045344433253384,5.195444680949751,4.953076839928579,4.963056143406668,5.138964039401308,5.143217271901039,4.961904149413105,6.016476419292672,-1
414,4.831649653389591,5.0604521390442905,5.209110156164137,4.960881779735039,4.940369884419112,5.137950772955301,5.14432069009479,4.948972434642338,6.005307563081206,-1
415,4.842041744490842,5.079047384180218,5.2219147007897,4.967599878269099,4.933413196268106,5.139627137015118,5.151948410547519,4.939877327026844,6.006111153171135,-1
416,4.847392981660518,5.090705221505685,5.233813618938186,4.979625470647543,4.929033808138851,5.1417854504290395,5.168263874092656,4.9360506353706874,6.027802825676803,-1
417,4.8405859381564955,5.100156178348598,5.245959248923483,4.995024551457233,4.920140863347438,5.151980526987793,5.187985915203201,4.948548453610566,6.01658028936094,-1
418,4.841598315584782,5.106562745391277,5.258722533862775,5.001781649013624,4.922303834210243,5.166436809899196,5.196258454936836,4.954242256336293,6.014961172434507,-1
419,4.854867322775968,5.106364722617961,5.258613573036601,5.017895563678429,4.910090777030664,5.188292581703847,5.209995522462115,4.963861211722527,6.014747826991954,-1
420,4.883112228333685,5.109478026928153,5.263329227212699,5.036380035747938,4.905863809433887,5.213650306934309,5.21743990663492,4.964904859317024,6.020158135544882,-1
421,4.91846860303062,5.1116427581831525,5.271389774626936,5.041488495899483,4.901769102889615,5.243503851981428,5.2171723947897615,4.963897093749652,6.0152051000421185,-1
422,4.952477911509961,5.103090707446645,5.265893365190453,5.041962229687738,4.895836617396157,5.2768002272300905,5.205275970994454,4.9666982467831895,6.012270873069001,-1
423,4.979030793807749,5.102432953675865,5.257628800793434,5.0375508368976645,4.883141231928739,5.3048491876327315,5.186620115388559,4.97154720093813,6.016239490800096,-1
424,5.010562467305953,5.107239180898283,5.255310909055256,5.031603407912887,4.877357478845495,5.330525802582343,5.167484581558893,4.982498156367861,6.019039082451243,-1
425,5.048503500530748,5.118327591732681,5.248436258904448,5.018884348257984,4.870033079591037,5.345655330858485,5.152834038517988,4.992852750505155,6.013296103336545,-1
426,5.078580200277929,5.12992365222247,5.235029466584766,5.01565618084935,4.860002178795034,5.357029654102383,5.141598395049781,5.006872635911057,6.014865741353338,-1
427,5.092959017631133,5.143582944206815,5.219567698847926,5.006080986994659,4.859191299450736,5.359551011541941,5.137296581454934,5.02122665399686,6.0215764842508195,-1
428,5.091315278186178,5.143131204841922,5.212397947405233,4.990145562702273,4.859600638757724,5.359901174587556,5.1320167470526785,5.040605777265085,6.015467047928373,-1
429,5.084015030677978,5.138702706616245,5.208675965876111,4.982917071744133,4.858462857393193,5.359769460353283,5.139918793134227,5.050300470837065,6.026913726160969,-1
430,5.072457414455954,5.13139126361674,5.2126666722266854,4.9725057959619745,4.858901498587583,5.3610658133791524,5.1505252538682536,5.0543100023389,6.0097071738691605,-1
431,5.06333972829427,5.119234687761323,5.213541765232286,4.9618118304691,4.858160442193677,5.363903811826779,5.157427319537619,5.05308156317632,6.007877760794967,-1
432,5.051291696645167,5.10411041121921,5.208827671193951,4.951605758426387,4.860327911697412,5.3669334289834385,5.160146288888617,5.038572561151874,6.017574025233157,-1
433,5.026900600289834,5.093126003541079,5.201125163994625,4.940895473815548,4.868596014484918,5.376804807281866,5.1466280840151715,5.024744839152461,6.019782866522548,-1
434,5.010428536423999,5.092554147175374,5.195050391275213,4.931992681641318,4.873073594419301,5.384366697964239,5.1321781639458,5.012462528293044,6.015569744826414,-1
435,4.989921696975781,5.087568235253393,5.195552671145774,4.934142078223852,4.872012161377656,5.393269834971927,5.11294313304671,5.0006041649068464,6.015534474257851,-1
436,4.978403872875344,5.088657219485779,5.193519251572864,4.927252026441364,4.873582438595294,5.403161760497719,5.10010867432644,4.993920778580381,6.017789841566393,-1
437,4.9713760315340565,5.103002332386849,5.183401417010894,4.919374731746626,4.882200763714642,5.409864885690689,5.087693275927243,4.997346698237316,6.0185571403656075,-1
438,4.96584051113048,5.127110776348237,5.183083777929832,4.911981438153376,4.884300356728929,5.4096575145702035,5.077595937811076,4.993758914253322,6.015931723115699,-1
439,4.96168617783697,5.147161386625327,5.182573023454248,4.901973742169234,4.891838436238645,5.40407101946937,5.068166724549399,4.989864491786954,6.020042938507988,-1
440,4.95717258527162,5.1603284855189555,5.172781406919754,4.893143534705972,4.895214289208816,5.394630326865807,5.058871525404891,4.983725713253212,6.021675221183571,-1
441,4.9579608276113145,5.164545213770908,5.164555237444088,4.892907278957459,4.88852938344914,5.393166669246312,5.0634246830597265,4.975248979915222,6.017264539685353,-1
442,4.955162042582476,5.163466024468289,5.151221166481555,4.892935071291778,4.8882063573601675,5.399766435587627,5.068361968567408,4.960204501628334,6.011604576731936,-1
443,4.968770281731126,5.162070879148072,5.137209065191854,4.887912634675736,4.894495453478974,5.404337256074632,5.0765061754384595,4.94871864899406,6.023875841495175,-1
444,4.977848082808994,5.150949144332221,5.1320150047720485,4.883333035539575,4.901732787478317,5.402147261378376,5.086049011139584,4.930524272261662,6.016304631860733,-1
445,4.987038984637767,5.132801809190324,5.129555627271488,4.880915041330385,4.903626138710518,5.403185875280864,5.087722601824623,4.912700699437949,6.015414389961948,-1
446,4.987696062978399,5.106108993648229,5.124606497680905,4.888234279169772,4.914624711580927,5.40781039499687,5.100627931363604,4.903455223340273,6.0227277149384495,-1
447,4.984347963315849,5.073139388685639,5.120378968887116,4.903664286530981,4.933307152438179,5.406029064947947,5.11610581193826,4.897979655499098,6.023657215191429,-1
448,4.981521536005941,5.044747476992187,5.121885016413577,4.924413969471611,4.939955657991336,5.40499071455435,5.133786282296486,4.906693302607921,6.016629945671555,-1
449,4.974563097541959,5.009909843404529,5.131067974394554,4.941461182802017,4.9511608912480085,5.388766163318334,5.145548897609789,4.920171123437894,6.013798861919164,-1
450,4.9673885524123795,4.976666321667142,5.143874424380296,4.95809098831768,4.964782512199454,5.367812093794049,5.166861755765254,4.941361046586259,6.019030967184878,-1
451,4.947324852745501,4.942140249126175,5.160499859835247,4.979595714222092,4.969485339540847,5.345236053289045,5.17762789453553,4.960771313825842,6.029140541240161,-1
452,4.930813764369868,4.905279087604489,5.164359132701152,5.0022068955421295,4.972742748324221,5.321567124750395,5.189950651849836,4.984306231730835,6.014664822101027,-1
453,4.911809367325622,4.867721749948624,5.173091522064702,5.020915110979989,4.9681994775609155,5.3000748678518255,5.203323214610242,5.001680216556166,6.020506405671624,-1
454,4.909687357720571,4.834791806236873,5.182088778767446,5.03752558254179,4.956677236027392,5.273919064264275,5.210554166549906,5.0214512706953975,6.021562495417482,-1
455,4.910945098761597,4.820604671810536,5.196793809182895,5.05677301441638,4.9420670767256665,5.26080872420032,5.218458127971422,5.037024431962835,6.021957537153119,-1
456,4.9292587942127035,4.804041208757667,5.214251279451235,5.064494068300425,4.936024493798614,5.250386845473445,5.226204522219194,5.0407382354991945,6.028961448455005,-1
457,4.945825628890287,4.798811218220217,5.23275787943074,5.076696741407941,4.933554971267866,5.245340597694,5.237404070045034,5.037677163122269,6.026984123488918,-1
458,4.961773990041704,4.80215912239229,5.252156408667143,5.084017085040989,4.919593475764895,5.240182085575729,5.252208596464085,5.032017762808093,6.017012600669287,-1
459,4.990946411299173,4.815434404804796,5.267037765125024,5.0892526943463485,4.915854543209164,5.243443164834898,5.265325895849402,5.0250781185163875,6.023917008904005,-1
460,5.022447824015623,4.84453087137508,5.277940264957092,5.104594699013624,4.91809596587788,5.243497040001502,5.277283176913013,5.019705627716634,6.017939972658166,-1
461,5.053895515095042,4.873836800400163,5.295011886405803,5.121059984970168,4.930731186073864,5.239602845916052,5.288890918757473,5.01732039518334,6.013339501095953,-1
462,5.069832237445621,4.908680627040424,5.305419933628501,5.133264169864871,4.9398719661907675,5.243182915415872,5.299133707989447,5.0041066547184005,6.0230786969756105,-1
463,5.082881456367273,4.937551567426757,5.318170456204743,5.1452919397093355,4.938303744768565,5.244245854536741,5.299198902942636,4.994964538794064,6.021596195307551,-1
464,5.082907567359332,4.9699203438025155,5.328881650418787,5.166417677897242,4.936540453688383,5.246255180156981,5.297783820404926,5.000431649891064,6.024916093252828,-1
465,5.0866279555033564,4.994876567537447,5.342282717078232,5.1886708893887565,4.927384897177059,5.241723041240111,5.285732020231889,5.0008136703982995,6.019905916441363,-1
466,5.098837115968852,5.0136315322807965,5.356525881948195,5.212793928269432,4.930331549140147,5.236020362764534,5.26380714205119,5.009159201579081,6.020465339153226,-1
467,5.111071467158412,5.0325275651346875,5.364211525995698,5.230768287053971,4.929047663674265,5.22582242866588,5.251256153581447,5.021346169792,6.017203942625656,-1
468,5.114423064462232,5.0384331017383355,5.371832036040132,5.237606083159242,4.9139566800019425,5.212476179195526,5.227629556489529,5.031489357587351,6.023291568240224,-1
469,5.107295119428049,5.04419735634982,5.369650849208171,5.247274956659158,4.8967373090312805,5.205128037175933,5.199457290111479,5.045251956190951,6.026642893731339,-1
470,5.105327799571868,5.050065589493395,5.367708937634917,5.252341690229513,4.88441924212326,5.198084224568586,5.170496669391608,5.063617482961936,6.026250748651124,-1
471,5.111382791832858,5.054295042087663,5.360826561600618,5.245903817031918,4.873811338006408,5.192713290833347,5.147328857458616,5.080998614191281,6.018229230049792,-1
472,5.119209312306739,5.0632238917555865,5.352930302133173,5.2343371098195615,4.869324988780368,5.180229198210512,5.118832685343286,5.0944948692322924,6.035689972682805,-1
473,5.1290084245193,5.08626316539223,5.333148715763832,5.218596480673002,4.873830673777818,5.175401586930861,5.10090045820918,5.114777945979153,6.0316914906159385,-1
474,5.135272317217532,5.101303328308956,5.3148959792738655,5.202545946987851,4.8728176318691965,5.17345172187089,5.081503917315783,5.124663698887659,6.030735811334528,-1
475,5.1368981183427485,5.107540411430332,5.2967984988736445,5.183234447544018,4.86994327457939,5.16977381880365,5.061260298858315,5.12654349859603,6.029757364739568,-1
476,5.146358567810855,5.121394837324572,5.27485124688551,5.165804024193302,4.88396486714877,5.1695204934342796,5.043490680631596,5.131340747866471,6.036021255978819,-1
477,5.161580587013595,5.129459365039518,5.25456152583015,5.144500285558319,4.904389280422265,5.154444172322254,5.024231794800984,5.1353901052943165,6.020629342580717,-1
478,5.1833874023906725,5.13031755852456,5.241594071220639,5.120438293425265,4.9232126864024615,5.140876801180623,4.9980334943494205,5.12631345635598,6.0218470515814,-1
479,5.196503492927485,5.128672252524387,5.218429044882619,5.0958985360699005,4.94955298157271,5.125365145381414,4.979945730764205,5.120373245635629,6.02976146127315,-1
480,5.211910687487374,5.124701403564436,5.196758423402068,5.076576891762059,4.9794119535047106,5.112076483684632,4.973932120069942,5.106972844913859,6.022916394142231,-1
481,5.222401548857395,5.1055218371419615,5.178797537642976,5.061677790862465,5.006566467844897,5.1041451628721095,4.965979870737325,5.093627411912555,6.024578542515101,-1
482,5.227853949103932,5.098307035023769,5.1596103209148785,5.0520117121819705,5.031437619340915,5.092765224463206,4.959638192488098,5.084484680602386,6.029959719332855,-1
483,5.225894633201319,5.098451912848811,5.152134176655447,5.055258008440024,5.056662203238483,5.0861939589455964,4.950428981436117,5.082789526682526,6.027119709330066,-1
484,5.22719380444955,5.100002638786367,5.153978253310239,5.065485862743658,5.077744992246602,5.085272779545937,4.9557834412213735,5.078862468355741,6.030822431213834,-1
485,5.23046531133831,5.101099295919083,5.154682976885529,5.080355894892704,5.0848942237249535,5.094590996897222,4.971122972617555,5.068855069622849,6.0269403978826555,-1
486,5.222335544243204,5.108738123236471,5.151941207575671,5.095908694658717,5.0985418354530365,5.105890559191418,5.006257949561022,5.074653656888216,6.020100101183765,-1
487,5.214732037389832,5.112915852942356,5.157646646148681,5.11596393117812,5.11523597336741,5.125904518259576,5.041499367022245,5.07768453035272,6.029454823098046,-1
488,5.197843379569035,5.113045539973471,5.16981229939056,5.140906278535571,5.126997714553253,5.152790783721614,5.071779345385596,5.080564482469718,6.020668155622298,-1
489,5.181147408727173,5.124616758348276,5.180935115050274,5.150891809425375,5.139994710299528,5.179142695843425,5.105837032858143,5.076271219527665,6.017085310791931,-1
490,5.167509407142205,5.122857062305457,5.194518874853227,5.154185248519948,5.149826278910048,5.202829068531375,5.139478942488962,5.068036798192827,6.028542586921152,-1
491,5.166980644307965,5.111194890894212,5.206514038997832,5.153979038264259,5.161080446939774,5.222453708150564,5.175078084059257,5.052952938349858,6.030733033520159,-1
492,5.15676503714618,5.097444017318894,5.224289619363876,5.157229808801045,5.160367973436992,5.245713838335301,5.191322319631973,5.035907030355615,6.022132904508322,-1
493,5.134352748799849,5.09123792360684,5.245239221088804,5.145341761494647,5.166635438575378,5.271496330704519,5.200368908912554,5.01968488332628,6.020324777496025,-1
494,5.11985656852421,5.080863223250937,5.268384092570198,5.1454299590885135,5.165589614036696,5.287281683559945,5.191341427172962,5.009821221795336,6.017326671439765,-1
495,5.102272353429227,5.0806596603734615,5.297955651431987,5.143881800925079,5.159609253714397,5.289472161571087,5.182964919157137,4.995792639240504,6.032619103468814,-1
496,5.090182797252983,5.0798760126132505,5.323619033715544,5.134169106260093,5.144843045961389,5.279266248604373,5.172815887737615,4.988024188292996,6.030038787310794,-1
497,5.084475081699392,5.07425040966269,5.354104724517465,5.135199357417223,5.127754315946633,5.26218820350814,5.153412242075569,4.985654633457467,6.03230185389395,-1
498,5.075840482296739,5.075175938192644,5.383102032101656,5.144695039977005,5.10920389789639,5.246894653817246,5.13222789191773,4.9865571589074085,6.027468128596262,-1
499,5.060796352653806,5.083974811295578,5.4053885354556055,5.133875817743594,5.097782239716896,5.235743780494057,5.104329390752629,4.993957536487453,6.020172224202062,-1
500,5.05253178072023,5.096711873570134,5.409321161636257,5.113488750032313,5.105924168662889,5.22474801388572,5.097795207490855,4.993899800218634,6.025754337710189,-1
501,5.059768513743485,5.106851648237053,5.412269281256565,5.10942564924739,5.111461335560685,5.212765018261535,5.0961380227500825,4.993718084210401,6.023364490724411,-1
502,5.0658950861484495,5.104053977858372,5.412593882668828,5.096550444781311,5.118094960344998,5.203011539813382,5.0986468133625875,4.996639065840265,6.03110649943849,-1
503,5.07409260557854,5.094106359175331,5.402356035851948,5.079312491851059,5.124975871513322,5.198891963996855,5.095389681990248,4.999388319391998,6.030356379803033,-1
504,5.085788548745231,5.097837374338299,5.387413812456386,5.052321132795261,5.131113527402132,5.204196648301804,5.089678649377263,4.998697667778021,6.02416415480752,-1
505,5.093680978691839,5.11002450570674,5.375675311036495,5.039328331375036,5.13871591686463,5.214776864257713,5.087428650145127,5.003737093054079,6.028160054212575,-1
506,5.102554257514605,5.122674808685398,5.3605868415008855,5.0143922782905985,5.151584678202714,5.233727603863967,5.08404139639877,5.012411219906058,6.024612737393389,-1
507,5.119717049681203,5.122417191204403,5.34777757973969,4.999552691412861,5.16418169094468,5.24841814715433,5.086965095331946,5.023202946342161,6.023519698578306,-1
508,5.139082690369089,5.113718603205446,5.337625839838607,4.988665066953911,5.16271817029627,5.253861658013273,5.077362191777826,5.0418286738692535,6.017775980395945,-1
509,5.155973989371103,5.104828640654228,5.321291921079424,4.966752851655627,5.164351061723182,5.254229046823721,5.065864044718201,5.073097898072868,6.018970236241013,-1
510,5.168191603203108,5.102659646604948,5.305898784833081,4.942231010605916,5.173177324938205,5.258957167210452,5.064848039313155,5.0850019585240105,6.024586246088669,-1
511,5.1807594709091465,5.097682563831061,5.298693586657356,4.926479638082838,5.186448010143385,5.2612978915579225,5.06396628716821,5.10236016109078,6.03249301564489,-1
512,5.1855730830553615,5.089980981861645,5.291450157780226,4.920506960469602,5.20029327069487,5.264037168235721,5.068393428763653,5.122691078792053,6.027322286008898,-1
513,5.180933958726338,5.0750241068264526,5.274496198519748,4.898594203766675,5.2137682225499775,5.261570925127007,5.079132351708361,5.1389738204587,6.040550356987043,-1
514,5.175594554248304,5.059495082443667,5.256754535761134,4.873639640285341,5.2266315419451255,5.255203791039419,5.096397392213405,5.151314262121061,6.030929312649867,-1
515,5.157494696792473,5.049044220813942,5.2398532514648375,4.8483628899256415,5.2186625080830975,5.246369131420287,5.117678456225881,5.1664809279064485,6.0316649409513765,-1
516,5.133705531427166,5.038602435207142,5.233837886338278,4.826158725121612,5.210334804783671,5.235090155531264,5.143997943767839,5.18175822509579,6.022298997752056,-1
517,5.113640905656384,5.020789397048218,5.2330003884315,4.812641526179041,5.201615265470183,5.221642432452137,5.170804758293984,5.183259845299716,6.022109949754091,-1
518,5.102012462184713,5.012716554239101,5.236998819372977,4.80145328119395,5.194094426633168,5.202338622743052,5.189476104554306,5.19249546026959,6.0273160841310585,-1
519,5.084793303606119,4.998132950960393,5.240925444891058,4.78707359053715,5.186349580180296,5.184073042130986,5.212699978108744,5.206911748978206,6.028775868039444,-1
520,5.072712442868932,4.984609741902055,5.249222981027899,4.78389516283318,5.188454338911329,5.171080177654513,5.235044290837169,5.219633748454356,6.03007943128885,-1
521,5.064733939146844,4.9749863780510495,5.261264199145359,4.787158613922205,5.188908708251589,5.171860119453697,5.254315200741202,5.229269079332443,6.0280515239917145,-1
522,5.064009924691294,4.964171329663804,5.279336551530064,4.811079110948908,5.190590199316719,5.17003274481699,5.275746277784824,5.230484640923783,6.0296784482626125,-1
523,5.072143838016135,4.952774378996806,5.303607167971604,4.849104487793476,5.207106652902443,5.168531720536541,5.2920089857802495,5.220932222318296,6.02322882597079,-1
524,5.080333440383179,4.948509198163851,5.326889127824338,4.8838128371981,5.230018263933001,5.178115672042362,5.308495672476638,5.216107665013527,6.0325462951325415,-1
525,5.081581457636599,4.960666580483628,5.349101925653374,4.922671719304571,5.24676902268573,5.208036979421025,5.322474558352718,5.214248585067014,6.030571248401906,-1
526,5.083397230970531,4.973605436946503,5.358017407585893,4.9652151116363,5.255376116901874,5.241425454136589,5.343281156222774,5.205336774668868,6.037809123754046,-1
527,5.082515076492782,4.994471118411695,5.360050071535941,5.0146762889436465,5.252504410999668,5.263132785881398,5.352274300061275,5.188596968237081,6.03038651684995,-1
528,5.076886272122892,5.0093436483319955,5.365520976403232,5.052225418183644,5.244799045920278,5.271496236866532,5.353087279679112,5.160654379210004,6.025024486629424,-1
529,5.075368031602697,5.016787249874455,5.377937385229476,5.083839181373548,5.23533155544736,5.262214644645754,5.361373178864431,5.1301987827686935,6.028172724802642,-1
530,5.067664897378459,5.032870565534392,5.380983156432913,5.109675292373805,5.219187157368092,5.251671873906994,5.362925637413049,5.110135160638552,6.03325602834963,-1
531,5.054044821100246,5.052318961488464,5.375122381990239,5.128185615386399,5.20498783860183,5.239433882888774,5.360215395958041,5.091586171970186,6.023760358954361,-1
532,5.041245014279063,5.072837890332216,5.367144391076468,5.1461221892577385,5.186236379289303,5.217464450954758,5.359367814325227,5.072307135933908,6.033088893581621,-1
533,5.033348526661361,5.0897861600756755,5.36019458248512,5.15719689799297,5.17833722945009,5.181066070153954,5.3562352837588385,5.0657877852365125,6.036782236010998,-1
534,5.017610835061946,5.113671546120895,5.355378598361347,5.168215592061057,5.172207427531423,5.146824419582062,5.341882507735654,5.064160218188076,6.027128914551615,-1
535,5.006861118392529,5.133047841487587,5.353819371909743,5.174796039760823,5.174556931231884,5.127398742719322,5.340094324487018,5.055594290445312,6.037094124835663,-1
536,4.997381180680728,5.145758663470425,5.3457654174637055,5.183956108158934,5.1746577682619606,5.112006459259225,5.341617406402311,5.059513328273715,6.0378930279636505,-1
537,4.992354247872275,5.151285993010298,5.334381248101929,5.206288776491969,5.17790328766534,5.10030768218733,5.328632848678008,5.07062091926708,6.028395490490758,-1
538,4.982200073642931,5.149389945990111,5.327051186832453,5.215847663767446,5.189690297118917,5.0961046482469845,5.3124421353373545,5.08454992377717,6.032327181505278,-1
539,4.9840088813379495,5.150023874636519,5.315820695368214,5.2215563636515725,5.200773192243957,5.098040943913771,5.296845033170679,5.105614969450539,6.0340566693339515,-1
540,4.989127432831921,5.146151304816397,5.302095957432373,5.2230522767772145,5.204554915395137,5.111506036370469,5.280988994732734,5.12133569035944,6.033613705792036,-1
541,5.0021278972955585,5.139566658787073,5.281100065285344,5.227434320144793,5.201388342964443,5.122995996049597,5.2663730810021505,5.125894382929655,6.03288746736687,-1
542,5.018165315630399,5.1158137021673395,5.268319734748278,5.222485887511015,5.198430645387346,5.133048192665886,5.254233747826069,5.127800272883087,6.03371995983535,-1
543,5.046435186165967,5.100228144507849,5.26136376977701,5.2153636219184465,5.197771399745449,5.139679633764047,5.235286277408473,5.141704849918437,6.033698531929617,-1
544,5.080272930963323,5.087793625502583,5.255390742723621,5.205800204638864,5.202691958475944,5.149113858507436,5.222137479685311,5.152950589793604,6.029626149684575,-1
545,5.101454683122028,5.0838289054557055,5.2475697794849,5.186089139356927,5.197972157355004,5.160985475106915,5.214865595001249,5.161708568990373,6.022166784045429,-1
546,5.121147588776293,5.081078102520178,5.2539787201271455,5.189983771670413,5.198808652532279,5.167013067744046,5.220483649815797,5.170351357581735,6.040069668879484,-1
547,5.139831391064956,5.073622755823444,5.268848236395037,5.18638881934759,5.199390305870724,5.1781068835056985,5.2330096745502725,5.175876264597609,6.0296354305073745,-1
548,5.164240129453366,5.064022365690493,5.287059917806111,5.186941844659339,5.203860292138014,5.174978429707203,5.236997393906803,5.182128208188393,6.039268576115194,-1
549,5.176403804644558,5.058141212703663,5.316171806205591,5.185951863749674,5.207119309366115,5.175353566292118,5.2560679527162,5.184088227283447,6.034245128303729,-1
550,5.193876521095609,5.062871523041251,5.3426761498248725,5.18689154731772,5.214780477965277,5.171525587374903,5.275252455261076,5.1865391285515345,6.035967178278892,-1
551,5.199101026585077,5.067489318796962,5.375655719531841,5.189868901390408,5.226029914810317,5.171977424152741,5.290828434359239,5.184398282145722,6.034469834044081,-1
552,5.193583610805268,5.075478075510741,5.407163121520005,5.195172517638625,5.234910361729712,5.181941070468364,5.308033555360879,5.168487124338517,6.033403894250604,-1
553,5.193482342411721,5.089753039959666,5.4357588215488,5.203523136740623,5.2440253269869475,5.19174803896076,5.321985908565805,5.154753833244638,6.030874243681279,-1
554,5.198741135643349,5.102367509200624,5.452840559624126,5.1951995861327624,5.246531299740029,5.202049806220123,5.323701250660799,5.1415699157110915,6.034423869411368,-1
555,5.1925928246078925,5.117277736431357,5.468219358705659,5.202038671535125,5.2426363393037505,5.205917945719062,5.322376804750064,5.132520783104242,6.03973894745442,-1
556,5.178735499183322,5.131364665760515,5.479385283936131,5.205731394712107,5.237495360710634,5.216546363605563,5.319134627820039,5.12241517484081,6.023151759199227,-1
557,5.170596066832514,5.132719195827786,5.490741057740447,5.201378949859007,5.2331956522915135,5.235895200228204,5.30834240176031,5.116281202271342,6.038832521787356,-1
558,5.164662653717086,5.130090041666632,5.496316002505971,5.196222042624507,5.216276990201003,5.263804003802411,5.300126956725007,5.108230475625183,6.031601458797108,-1
559,5.164726912964263,5.1285151684483825,5.479847962730111,5.184161937603179,5.195918353439864,5.285275232067865,5.294690161905214,5.09106763071447,6.035745657019622,-1
560,5.170535985771341,5.13040326922359,5.4585899734140275,5.174122708854031,5.174790539129612,5.303557093557465,5.283266626765188,5.080937243092,6.032072300523116,-1
561,5.187381068014395,5.120922434966369,5.445035476410059,5.158681201416089,5.160049984984799,5.319504113263262,5.2761776453989535,5.067849948900036,6.041834373638386,-1
562,5.19844562421702,5.107726994790669,5.424287690151722,5.143859113643323,5.142875600045707,5.332688959617215,5.2755610135499165,5.061141646279191,6.034557842991729,-1
563,5.214616963494734,5.101500346381589,5.402995661385985,5.129421413525994,5.1258921424746315,5.340548577129749,5.275597787788588,5.052942671461424,6.035921528135977,-1
564,5.226345668487142,5.097630022303865,5.38805656125117,5.115992654234738,5.116674665766672,5.3443526701440796,5.286793194003234,5.041441745792976,6.040324040699223,-1
565,5.23443532863482,5.094915306095078,5.371327451180212,5.105342103483543,5.121921381237668,5.33276906556969,5.284502955744888,5.026544807548298,6.0286513537937,-1
566,5.233275059520093,5.093270759440943,5.354997878382292,5.099974587545173,5.132612264481372,5.321424282866142,5.27392020186171,5.011608639132001,6.029501615866241,-1
567,5.2349086293298095,5.091560817919079,5.344151347329499,5.102179846818455,5.142653232409084,5.307279065222466,5.267259761571403,5.0037851312548955,6.040833366238023,-1
568,5.233039826964454,5.074470985540785,5.339129529061735,5.102554405718932,5.1405340111559195,5.279111178555565,5.264210542191598,5.008850855681763,6.031163595530995,-1
569,5.223338132754031,5.070020776356906,5.335109020093725,5.108815523240192,5.13388044330752,5.247024631144378,5.267602074040029,5.0135328734385745,6.040081990078832,-1
570,5.215485059276611,5.064241967913587,5.332248662748334,5.114225049053397,5.131303630038735,5.213334383821726,5.270800716163296,5.004377948011365,6.024483673612447,-1
571,5.20677529963503,5.048015466809842,5.323606578108336,5.121334297229828,5.13621717343948,5.190688142418498,5.272800552640202,4.997196326999315,6.030433522067904,-1
572,5.204747740952993,5.0416857507382415,5.300286697403625,5.12631099078358,5.142244475598552,5.173745865724512,5.272775586781556,5.00005994448861,6.032441150620251,-1
573,5.201617962046819,5.03373141753638,5.27693907861054,5.133479650883345,5.139018240563441,5.17119978467357,5.277693459079095,4.997803879753878,6.025119237685463,-1
574,5.200921286180826,5.021511605897672,5.254632834684591,5.138729921649713,5.14306836146823,5.1642578587819035,5.292287625022902,4.999499415035746,6.039353958072582,-1
575,5.1936095193286835,5.004645280187926,5.234317901454686,5.135168275113445,5.141804683850478,5.158121753789686,5.298351367826464,4.999008584238664,6.035929175727902,-1
576,5.19285546599263,5.00207102284119,5.218137273284281,5.133252900775653,5.146752836688541,5.157880162480437,5.31342682950282,4.9924388029058155,6.033472805744381,-1
577,5.1951249104629955,4.988700636022894,5.204675162596598,5.128282085208791,5.155642390205957,5.160351961659543,5.333918801847245,4.987514609597139,6.041229010882752,-1
578,5.2010100592748225,4.984966996255979,5.188433929743134,5.127009854042069,5.165422585384258,5.163913208794748,5.350836059831296,4.988593402126332,6.033467425650903,-1
579,5.206794342621839,4.989143234688784,5.17861750961225,5.120479448258326,5.1767689303111775,5.15625479883139,5.361757628491208,4.984903424935316,6.039055115792614,-1
580,5.209896451195841,4.98349804429126,5.181348910493936,5.119794749319478,5.180560457805666,5.145142490831011,5.370734337879012,4.985812137996892,6.0336841759181485,-1
581,5.21269442718965,4.970696455043698,5.180424339592783,5.1217133574302665,5.176110301303013,5.133829990599557,5.3821823158898425,5.000233725094892,6.037502626705207,-1
582,5.204124571684342,4.9681579059502825,5.187214331583045,5.129624072029175,5.1734818172593116,5.115590211447322,5.389197453073191,5.011504009024461,6.023238886098746,-1
583,5.199045448033256,4.963140785164423,5.190283326004901,5.140160985975021,5.181162132314741,5.101589778948888,5.395867535185485,5.021832564561272,6.029934173874451,-1
584,5.186084477972753,4.95738867486748,5.19514478906278,5.148458573968479,5.197983115354003,5.083768407776172,5.388049931354567,5.0272556833279385,6.033192978813382,-1
585,5.163494988939225,4.955820684772931,5.196575791045296,5.153381382444606,5.208758705855012,5.067927424380174,5.366935141379916,5.0339690356472,6.038096873795289,-1
586,5.1493658133538975,4.949622785600773,5.208657402651927,5.15813576936189,5.216365178358529,5.050851497183795,5.3496071124088695,5.037470067099176,6.031740001168266,-1
587,5.139409231754692,4.943801955144462,5.211050789004968,5.163939101354871,5.218213708685961,5.032849402611148,5.336047053733924,5.038230504673838,6.040180601124132,-1
588,5.115519411641738,4.948202290982359,5.219298587453013,5.169597091662647,5.221640952481648,5.014669147506425,5.320043084612569,5.023582948631062,6.047008394682361,-1
589,5.0915258700820205,4.962156122172989,5.226429569463822,5.17382368058036,5.237832110254129,4.990332170512885,5.311218801115953,5.008104664794336,6.035731351802625,-1
590,5.071407353100664,4.973912554682222,5.2255063429369955,5.175310892275206,5.24194876401079,4.972263076162636,5.288435825363573,4.995811219936898,6.0425455505652845,-1
591,5.048040366530582,4.988438491341043,5.229817651165118,5.174946422823939,5.240839393345597,4.956397742499594,5.272454017445911,4.985011505574042,6.037212432120651,-1
592,5.024673718613306,4.996563741956964,5.230875257770291,5.175299102309086,5.243350335550048,4.9390357409802155,5.253402192619431,4.981318698814636,6.031825013288432,-1
593,5.00458967402929,5.003368630262627,5.227119521856457,5.17770073643803,5.254694162197695,4.928302445326052,5.232816369593422,4.976330043166749,6.03951335144737,-1
594,4.973308776220661,5.015773860255058,5.219114036065509,5.178216870594718,5.265952115542402,4.915306359513239,5.209772732162312,4.975534282493603,6.04114630807453,-1
595,4.927246524153624,5.021195737560961,5.22344965750652,5.169236562865192,5.281048108159384,4.9122146958101505,5.185898003496595,4.976786429709141,6.044350291529608,-1
596,4.89306329805787,5.015943053109385,5.217597226282701,5.157266796463649,5.290589193358013,4.915925064558412,5.1651307160206255,4.986273927769943,6.039018602618182,-1
597,4.868621999998878,5.020770003878398,5.210910039031761,5.146715140749372,5.29260356430749,4.901636428536345,5.142216008462805,4.987128098394337,6.0282796256314874,-1
598,4.847351793844547,5.019601514273421,5.204256377538974,5.133958215299969,5.3091272759139105,4.888826983819534,5.1325005059240905,4.975577511088426,6.03697464889683,-1
599,4.8320093504353325,5.013468386582181,5.204563952739647,5.1333791185232,5.313976754436434,4.874058854180642,5.127158273383029,4.970340654704511,6.0493697050051765,-1
600,4.825140534713729,5.004542822487059,5.200473816316512,5.129613835520778,5.3159728933075066,4.863871165563319,5.137718342777843,4.956188676646732,6.0417554989551485,-1
601,4.820353820409337,4.997345044835125,5.193414672813296,5.12075730814958,5.320009259852799,4.838860111426145,5.161802050863713,4.938259944936848,6.042942467939846,-1
602,4.820550168893266,4.985784914652068,5.198061798535631,5.109136394679295,5.326908328635747,4.8289219043182,5.191967218274785,4.927632296202462,6.034517971533892,-1
603,4.83196030405152,4.9845402161357075,5.204715562872879,5.108768089061335,5.317517144247597,4.825051606929666,5.227324916701997,4.920461117842405,6.0406306947101545,-1
604,4.84106945118832,4.993568386819456,5.22013900951639,5.102490248933516,5.306329509357498,4.822354086774509,5.260174065410911,4.910022294741982,6.042214983209973,-1
605,4.837645680815276,4.988817358050915,5.240099636259276,5.085721581305863,5.297409153684193,4.836373219041296,5.283751923930257,4.903159584489597,6.041303690756371,-1
606,4.836994114729594,4.990923103512915,5.2620278486259435,5.068895009900224,5.267090041206129,4.846118236139886,5.3117328546492235,4.917337896504495,6.041910480823122,-1
607,4.837012989836249,5.003359589838396,5.271479346065577,5.041702657512947,5.252089603712179,4.854079300795091,5.339790534776206,4.931852396562931,6.045632812998911,-1
608,4.837490006259701,5.009927946720257,5.287737851738941,5.010356988940741,5.232933002590271,4.864284738111184,5.359745459219538,4.952453247501161,6.038550615356311,-1
609,4.843487888233228,5.013721767458648,5.306370602598393,4.977226396053597,5.209305407853618,4.889269055528928,5.3703498138983425,4.980544484509524,6.046153225330808,-1
610,4.847119748920459,5.013164015452526,5.317366409160809,4.956326669493768,5.185267044355197,4.904822687612237,5.3732812707757445,5.000809845145533,6.031563665888663,-1
611,4.844096986736185,5.000120145878691,5.324472373359919,4.932931793872895,5.163267509205452,4.912879303143901,5.368080188023787,5.021670785348777,6.038751607396609,-1
612,4.843173085168215,4.982375229007938,5.33272554539366,4.917615225884526,5.152972472567008,4.919058098857809,5.361993758023401,5.058057407132411,6.035965509652685,-1
613,4.8457177004320675,4.965144449062858,5.345065756185949,4.915469228723644,5.134534590979469,4.923765477033296,5.345417625235118,5.096859166700277,6.048935670647445,-1
614,4.847786432870124,4.94571811178835,5.353663295979793,4.901675612551071,5.130558916457671,4.933233252730759,5.325834916159705,5.124986627141636,6.036660191674415,-1
615,4.844932746046508,4.925541744141377,5.372271859282425,4.900808412113645,5.118214529352773,4.942569810251373,5.294887728584374,5.152034693237288,6.043112513249596,-1
616,4.8372458615034635,4.90908830158932,5.3889862043982015,4.90982042099763,5.100274109873944,4.947629781285811,5.26059837120625,5.171199394047641,6.032914119129126,-1
617,4.830295232383966,4.898051240287061,5.40942557056166,4.934983139173363,5.085882902198303,4.9475161362634035,5.226456149379405,5.1969953604082075,6.040134987506609,-1
618,4.824391160273681,4.893971595916638,5.423289961799835,4.949859802693664,5.082153024463887,4.954252444234777,5.195446014904882,5.21087204015282,6.04180914945771,-1
619,4.837298372024202,4.899714743055863,5.426689838330639,4.965034702239889,5.0930764070874375,4.960983668201239,5.178971628519098,5.220108067750951,6.0382919786942315,-1
620,4.846964329673767,4.902063130632487,5.420659993284234,4.981098289384202,5.098787500321666,4.970189892403789,5.158519353709776,5.211264421138988,6.043988636353923,-1
621,4.85483990192321,4.9076638286711285,5.402064474404554,4.992048782789782,5.114921889089481,4.988177661872509,5.149484609565149,5.196973623045625,6.037270759294478,-1
622,4.859683144818395,4.918224913887103,5.38699301079904,5.008034802896866,5.1283130058200435,5.00402418665145,5.1404627434038535,5.189022916063714,6.041150386822828,-1
623,4.8645596808710065,4.927275588244128,5.366665759585259,5.010372997219671,5.147268175599046,5.02571706672535,5.127423712560779,5.176007388022999,6.036292735076261,-1
624,4.875302259664078,4.945592080055712,5.346442403794473,5.0107687736811215,5.175054771269693,5.046181364627788,5.117962408072265,5.160552791278247,6.04011494985959,-1
625,4.880110207194731,4.964370293405243,5.3284936982677955,5.002416116251434,5.20090292463061,5.064647751472371,5.106323653462714,5.137829284059123,6.033547780646853,-1
626,4.892671332327296,4.980370901517167,5.312019911567118,4.986654892835891,5.206398254981744,5.073227211790135,5.091841624795862,5.124964458902717,6.040314379139573,-1
627,4.887244716750613,4.993689761421485,5.300450701865853,4.970028623543368,5.206288697312264,5.078897712872706,5.06778896945973,5.111159730855299,6.037688984402341,-1
628,4.884155535601766,5.003275371600355,5.295609377868303,4.959394760544337,5.212243674370006,5.084816701661534,5.054537240436892,5.100266311349828,6.04010577059602,-1
629,4.8864053340529106,5.018623417283835,5.289498409870085,4.960865744337325,5.219285801904345,5.0849867902638,5.043061327235354,5.098132992145314,6.046109671221543,-1
630,4.890971813252241,5.02854869348859,5.279792488923246,4.972784166103291,5.228712726541109,5.086842807999511,5.038597310746601,5.086815832684522,6.040383204692684,-1
631,4.893421068710765,5.034569184318376,5.268666055364014,4.9947541028853,5.240817923549187,5.083703243002018,5.035329516608188,5.078941627929899,6.041641762449823,-1
632,4.89180770271491,5.0322425251146035,5.2544740426853025,5.013777178691107,5.248024093495638,5.083207224216553,5.029413409171215,5.086136818997773,6.039675887203017,-1
633,4.88454177922161,5.028615841180214,5.2264192318796265,5.016259894225852,5.255235798981259,5.083453330439084,5.0168659265848214,5.08805407145101,6.044087099975284,-1
634,4.868744515396495,5.021365668201919,5.204228529709858,5.024618427849127,5.2680710998839,5.088030216533592,4.999381300139175,5.089013430503707,6.040463917180012,-1
635,4.867414467084486,5.012711936118295,5.186843184416583,5.042960167864202,5.280862689447657,5.089018963523356,4.982205962057766,5.102453191607571,6.041657769369994,-1
636,4.872326025797051,5.007338152995889,5.160996272416051,5.051707104951894,5.288206962589933,5.087319961213254,4.956168435822973,5.121585975133502,6.038106292562083,-1
637,4.875352630790986,4.997994799915159,5.143505900584239,5.0556127380594935,5.292246331897238,5.082090343776995,4.93112587091249,5.136783158153923,6.035992934909943,-1
638,4.875462397625156,4.986297184837025,5.1297976890963195,5.060050893880098,5.2922781802765435,5.0730690051084135,4.900211027383742,5.16319981821095,6.047160668654398,-1
639,4.876957916131975,4.976301104434025,5.118197339439758,5.060091081273218,5.285924311296531,5.067086657517903,4.8798948512996105,5.178948640226931,6.042088862956018,-1
640,4.88581295673709,4.972595480980496,5.102268744623295,5.055266295978329,5.274705351234392,5.0646214564256224,4.870404704516344,5.19112983644476,6.0399277997658345,-1
641,4.89345252407085,4.967521247056852,5.095120997585201,5.066836957528307,5.259650855044974,5.054121203749469,4.867154386665008,5.209702362726431,6.047578311631615,-1
642,4.8971593726300835,4.979227250833285,5.071044149726242,5.079233490936234,5.249665059268271,5.040366686301019,4.872325427302786,5.223021527226712,6.042452243942892,-1
643,4.8932123822751645,4.989191268996279,5.05022674925143,5.074729302926735,5.232618264592159,5.029974865785724,4.88298867902265,5.2295062617156765,6.03306846858341,-1
644,4.889088348055188,4.999376756823486,5.0394373604651115,5.077787351581713,5.218883210567867,5.019534154253774,4.892084439779881,5.225612019880377,6.037774947922078,-1
645,4.882039410875391,5.018008319068289,5.031928762251321,5.07680166021045,5.200915213851586,5.00306700888456,4.898718272375721,5.223504649565401,6.045908382643261,-1
646,4.879994909239981,5.033889065135319,5.017780995104662,5.069070150005498,5.1816722459640925,4.990626547056474,4.901259342766727,5.221513525285095,6.04852228249309,-1
647,4.88314831795018,5.056878002179605,5.00590538483826,5.060869107019573,5.16356343972269,4.98065753743384,4.9013739163903,5.222549418902769,6.038341871649056,-1
648,4.8778142373872635,5.085336770299478,4.997003815268103,5.0634722827610075,5.137998259997726,4.972396701740689,4.893873210740789,5.219029985970643,6.039836483916168,-1
649,4.886396616396764,5.115619076230522,4.98217230872261,5.065539082977322,5.118118993781364,4.968608976450167,4.881025424371592,5.213821214445977,6.038394425221657,-1
650,4.899690973068902,5.132056164109911,4.982242319342904,5.0752142978303265,5.101540402693097,4.97396370182265,4.869079113024444,5.2138640753469705,6.042805328343474,-1
651,4.909614220294655,5.14325164622396,4.978080390692777,5.0940513425853995,5.089321591631195,4.980796640308227,4.859795252669213,5.204437430992827,6.047152976357338,-1
652,4.910137028635644,5.153721043908018,4.966319366939285,5.112144684702042,5.077634001562616,4.989259628387675,4.860566085283429,5.201600629435581,6.040235990472895,-1
653,4.904142203499879,5.155587958610022,4.950836451184584,5.125759220291161,5.0680433567259735,5.011471328101667,4.862598660293915,5.192258504187885,6.038678326239017,-1
654,4.899511746034947,5.160363943973712,4.937210012497619,5.141648954508043,5.058078806213007,5.030728956246702,4.87231372291815,5.180066139808935,6.038520632342492,-1
655,4.891512953372396,5.149947505505811,4.926088393570271,5.151415430286596,5.054024540465457,5.04532526167314,4.884574142053819,5.1718586552714925,6.042361840790957,-1
656,4.894477800824452,5.133520617738572,4.9138264288879725,5.161707143774837,5.066078922502371,5.061540158100111,4.9040724561394216,5.165961924101126,6.036241195449033,-1
657,4.8909460695335385,5.108294683975233,4.905050431123387,5.1710727727449175,5.083034182968718,5.0891416679207255,4.928674338222329,5.152101919800048,6.040945150826732,-1
658,4.889990877727522,5.094111360455353,4.893586714135643,5.168775300045131,5.087733565037057,5.122472176041458,4.949998463521945,5.138971525505335,6.046047820421086,-1
659,4.893083101558235,5.089645571700445,4.883888883368735,5.167377258403945,5.10046425093966,5.154887513333889,4.96842154694142,5.127841796960177,6.042104926068744,-1
660,4.894381422821806,5.078630204485688,4.87323471147075,5.168284753220834,5.11637478354114,5.184384687986366,4.974366279509986,5.112084117454357,6.042753165904151,-1
661,4.901589589906581,5.076759879179158,4.863285083571982,5.165125420412012,5.129739336244389,5.194949568030378,4.986094206226833,5.102226584257929,6.032534063769849,-1
662,4.906557727902555,5.070214961866518,4.863040190350328,5.1534384258357715,5.148295505538284,5.2076089930558185,4.989887929925249,5.087684783153361,6.0457955119378255,-1
663,4.905370749375969,5.07189003380928,4.865272553942887,5.154695840423964,5.165767849441246,5.222777139659532,4.998448404322394,5.076417701504834,6.038170757162726,-1
664,4.895030386619276,5.0800394761753065,4.863386452068458,5.146924282276081,5.177370920786079,5.234984632138345,5.00948446964791,5.072049308068462,6.042402863287189,-1
665,4.886470353785844,5.095706800803607,4.862464413272085,5.1462195365494035,5.181650327339059,5.236680735438794,5.017366881000313,5.077759308866853,6.039218211119428,-1
666,4.87779142195782,5.099186362260554,4.859589607672587,5.156157892963429,5.1875125866472835,5.223819028329379,5.030755974135518,5.070992298109147,6.046226614191624,-1
667,4.867532635282459,5.096160244363655,4.863639172847516,5.163498028979586,5.198910206977916,5.205122265113654,5.040044845940485,5.068544164421415,6.0404375116354805,-1
668,4.864456392042791,5.108719548935597,4.864868898374049,5.159339379347188,5.204674623869463,5.190157093379236,5.048396604936614,5.064100001043876,6.03337759647598,-1
669,4.859532768654829,5.114619569665722,4.861555063617367,5.168515063020421,5.223084056179168,5.190449598320165,5.055086836430077,5.057490707814322,6.047807133548099,-1
670,4.858337925938823,5.1325196301482645,4.857029713804886,5.192741105673728,5.234225142809268,5.192878823194779,5.066393715290108,5.053409871920037,6.047664570084442,-1
671,4.872146965020512,5.144367076641814,4.8493802862177615,5.206500549080903,5.231449253186417,5.19249181293204,5.071810317306108,5.045568633736112,6.042275114068143,-1
672,4.88438130206425,5.152532792020388,4.8601908899141675,5.224579336132736,5.23562942581108,5.183697126470564,5.073587970095315,5.029122492075492,6.046815465747645,-1
673,4.891257783015279,5.1588843476180575,4.876941351772477,5.234257744165309,5.239209802447786,5.1809409588003605,5.083079369828432,5.0127529687418955,6.042604827839304,-1
674,4.901801008891214,5.167835138626174,4.907806387132997,5.228155829119229,5.239908890173597,5.182448489063367,5.08232186026037,5.002250064828683,6.0439420221590945,-1
675,4.908368853310555,5.18443308999654,4.936968234671938,5.221669624329926,5.236218333740603,5.178519177114442,5.0801516973663,4.988747872964506,6.042085330437133,-1
676,4.919793766956542,5.192271838173086,4.979445600882872,5.22015512797274,5.227535268390278,5.174747180201704,5.086580734535349,4.977204186937997,6.040442614597869,-1
677,4.93671731808551,5.198946998655044,5.027096903909776,5.213422538964073,5.2059197729329965,5.164651141694945,5.089556357097427,4.961228721989059,6.0391726446652,-1
678,4.9599713448749165,5.196440964087192,5.078710994895533,5.204328153485939,5.185202258542895,5.148366999879532,5.095624201385437,4.942810008630089,6.043341801082225,-1
679,4.969363398927374,5.200928658949978,5.1234749323455056,5.197243525103764,5.177196812068137,5.132823208169625,5.099064124776657,4.921950586866628,6.043284299600588,-1
680,4.985705789160365,5.2013499055756105,5.160311502344151,5.1848245485376,5.16212785546611,5.129746692273617,5.10016548200695,4.9023456164733386,6.045164624582957,-1
681,5.002659498509765,5.204528535665145,5.20780359495142,5.175429992164491,5.153322732131162,5.127274079856869,5.090553020265812,4.873329383742412,6.045880625052527,-1
682,5.018983103057713,5.210887093943228,5.243891679689011,5.170616960466991,5.1540791384966465,5.126707193625389,5.088883087691318,4.854217182200022,6.030144657767021,-1
683,5.037837350801266,5.215449719524261,5.27566067657568,5.1625411806730215,5.156402647768834,5.12956438883077,5.082364643721169,4.843255164608224,6.046798700049577,-1
684,5.047724491284946,5.225197254344519,5.304241924018215,5.1504945026122035,5.164875598735909,5.127395417518153,5.083761036588038,4.8412831473870845,6.041767398983572,-1
685,5.060719447785803,5.240131497562835,5.3327043090235575,5.137744383318999,5.16765538522733,5.132744909251125,5.085443661073171,4.844810050105523,6.041526033314233,-1
686,5.058654565840504,5.254590492314054,5.3581475818079545,5.122153010809044,5.1777107883975315,5.135312292565491,5.082956144412648,4.851830394698829,6.042426944241464,-1
687,5.06977765672567,5.274867868163871,5.3879549600030865,5.109306584956075,5.177695079727945,5.136554222816424,5.0718151153497315,4.865866835932183,6.0371779506705465,-1
688,5.073250886848797,5.304116664764832,5.4162412277881735,5.108644703694339,5.174043963465971,5.128260990530221,5.060157662094267,4.8830432214246065,6.044644278891156,-1
689,5.089021101367288,5.329090835604605,5.430662977069653,5.103364440986247,5.164597171191606,5.115794234602611,5.05103466658929,4.894412260127986,6.041264845856259,-1
690,5.1044532486496115,5.356589863625574,5.446676326940454,5.102344894522848,5.149869311094531,5.100461527068283,5.052504445499696,4.900024280557774,6.034575795520991,-1
691,5.1182443411854095,5.384733871686082,5.453340300120466,5.097488491415525,5.124479204411021,5.091522799556596,5.057754715815097,4.906083688955322,6.046899350629861,-1
692,5.139182470343069,5.399393825404658,5.458733086109268,5.094518560396061,5.104220147353925,5.080641223503183,5.058577777513364,4.910865054698428,6.041084249547661,-1
693,5.151179618766965,5.411594642700344,5.471351808828864,5.095776299204998,5.098429946548768,5.070913732344553,5.0581142801238625,4.916762755302781,6.044110035692202,-1
694,5.16883781831296,5.423483946276812,5.482777135618711,5.105783153879866,5.088632818669099,5.066666978316006,5.054661434231886,4.917078868609232,6.042163177070248,-1
695,5.177249260125417,5.429676404698763,5.485362174647695,5.11077476978824,5.085947923016446,5.061545135304315,5.061052301028754,4.918423083569433,6.043029311487889,-1
696,5.188873253017061,5.428598520017622,5.482215611143552,5.103066245894783,5.089310229255958,5.0577924508524985,5.070883291371462,4.907977203826805,6.04198556980701,-1
697,5.182137090810337,5.420685924838378,5.475680972370499,5.09890064618352,5.089211250226006,5.046516370803671,5.092398899876694,4.904303603980815,6.040080854601582,-1
698,5.167760865772682,5.405542470422622,5.471910921593961,5.098435448148097,5.098638142433424,5.033971397534156,5.108521193950434,4.899777907560528,6.042181814372926,-1
699,5.149687687205604,5.392053983252649,5.46970421095635,5.106889392465889,5.110365105909904,5.028722213369487,5.131851791976804,4.8941110683319735,6.0486438622745,-1
700,5.131805681313536,5.3951759827930035,5.464927241701726,5.110953831544744,5.116623665074339,5.028391284012059,5.162080229459231,4.88616749747386,6.038719373676134,-1
701,5.122566175756279,5.39332988514443,5.4506106608505585,5.112827654858689,5.11258625218887,5.010284483045553,5.197566988772391,4.871710866391427,6.039439359669583,-1
702,5.113788422578931,5.391464673626457,5.436521244411831,5.103756555702,5.109790927394334,4.994341516075485,5.233379973340335,4.853738474972209,6.045140232185435,-1
703,5.109252897042523,5.385839112361127,5.420537691957732,5.090437949358339,5.109117320026096,4.977406747817923,5.2664946746851955,4.833432301894013,6.044718199262827,-1
704,5.104160535468027,5.38135579016423,5.412595749737147,5.085088716318683,5.106788272226185,4.969749822110736,5.299245668198272,4.825953242791893,6.037297369549809,-1
705,5.11036741670869,5.378426281084505,5.401575357119616,5.078986840962962,5.114785263259924,4.9651594886827635,5.328344271431926,4.825700549254896,6.0387477546539765,-1
706,5.117065857445195,5.368158096794932,5.382978554874771,5.075138655748014,5.110278178206934,4.967066471373348,5.34387300797613,4.8388242805596535,6.041504776114336,-1
707,5.129984810836584,5.350085664792848,5.376484791551862,5.07048017277981,5.101950894963575,4.964150825917111,5.3544161216572235,4.845088641661674,6.049658943783395,-1
708,5.143072515056179,5.319976706809557,5.366679694970388,5.071997813347688,5.10052336945357,4.9624096471454076,5.355497122608134,4.854465442654064,6.043753354874992,-1
709,5.145203451585168,5.292695390210772,5.360594954115637,5.0646015450773945,5.099597898780679,4.973438536375634,5.357414466448768,4.85684375657532,6.048648741122864,-1
710,5.144550268399343,5.27193975354771,5.350701676949567,5.057617550100531,5.103051627812182,4.975562622138492,5.368704107617342,4.869437814760435,6.049309662588991,-1
711,5.144067291750388,5.254163228596244,5.348785138106617,5.061155174037573,5.101343886248104,4.987210235746876,5.385005606333854,4.886641308549571,6.041119880151763,-1
712,5.147956098524742,5.2409808028518095,5.3322691147056895,5.065557026043031,5.098973602381608,4.995511411345278,5.393050084552835,4.89768913888443,6.053648213418395,-1
713,5.140374251924675,5.229635907253625,5.316545030593921,5.076625015745147,5.092682444391588,5.0149775141178825,5.3990389530518845,4.9053150598875055,6.04647873351701,-1
714,5.136779164900608,5.2236291013074405,5.30147949479826,5.080188912821764,5.08510850747448,5.022383995396192,5.4154805984213885,4.90624681745805,6.042958561522497,-1
715,5.13347277423844,5.2208986366964165,5.281148607641824,5.080412399020309,5.091395718412253,5.0213237228053735,5.429720103973118,4.906366663735484,6.040611759148448,-1
716,5.128594216735083,5.219047119257064,5.26703468351553,5.077100202335259,5.0928322229686795,5.021330332852319,5.440488516070325,4.906917317260124,6.048460467211461,-1
717,5.137312405405463,5.217034566863533,5.244288698701543,5.087003336737198,5.105129802802533,5.01891425949938,5.449438588076594,4.9156707675415525,6.041223195754759,-1
718,5.146535375771421,5.216257667616977,5.22280057408228,5.101970612650915,5.114493075731725,5.025668904970111,5.450916354886177,4.916043993599755,6.047956636067781,-1
719,5.142583252597397,5.213883995094433,5.206180008598788,5.111901221296126,5.118331481194985,5.02782128788183,5.44990734593277,4.909465346116662,6.052766524363847,-1
720,5.132848527447795,5.203633178171699,5.203657384455468,5.115309997308296,5.123445626197073,5.036195317413906,5.438432661864546,4.909201866330276,6.034232677905981,-1
721,5.126862334490211,5.202248237735402,5.207920906891434,5.10750432544649,5.121276042666169,5.031968598661667,5.421194702992986,4.911383720273942,6.049541210535627,-1
722,5.124055573362317,5.190873434906428,5.214038986429659,5.105732418276961,5.131799310548951,5.033968138846598,5.3980319491421485,4.902602585861922,6.050832767140454,-1
723,5.114173547255567,5.1780837435129285,5.22327875099587,5.100199995374726,5.138983644624245,5.047096055768709,5.374527243873382,4.90492080787431,6.043017739034138,-1
724,5.10239781434534,5.169389987170131,5.226628645362792,5.097140953820793,5.149606868129586,5.061512346387137,5.345315667452113,4.902815585030001,6.0462127523641005,-1
725,5.083920489619207,5.161522823646265,5.228370680230945,5.085495980360524,5.142554267015903,5.074867095001109,5.317998072878501,4.90429738791805,6.048203152695629,-1
726,5.066554390144874,5.14932558035418,5.230827243754558,5.070998651447487,5.13600111960125,5.0838690450399735,5.291905018891761,4.9216431201981985,6.043653263250303,-1
727,5.062062876241404,5.135154072177459,5.238496470226435,5.061635624176206,5.132101491246523,5.0945726699923535,5.263245260310577,4.927152221194938,6.052820529341818,-1
728,5.060752453772677,5.121224362965673,5.234302569976259,5.053058593452297,5.124896942787144,5.1009401988646115,5.234626803646682,4.925141280800551,6.043582227398064,-1
729,5.061989834037888,5.100730464737177,5.223403878695369,5.043813810003476,5.136276166299776,5.1081652087637215,5.206260261948638,4.924273442311157,6.047386339597938,-1
730,5.051026947831717,5.094290527442865,5.210685332798072,5.03214777319297,5.142199879968339,5.115113182260821,5.178869877049648,4.932064684083399,6.044051671045426,-1
731,5.051749455332396,5.093514741347047,5.193996368648586,5.027398435666514,5.144965642092675,5.116772042773521,5.1567035855928705,4.938098504969196,6.043013871972323,-1
732,5.052273282366206,5.095458496256226,5.185875370614342,5.021691434941158,5.140649294302041,5.11334392324264,5.155358787542319,4.942821928545951,6.044686819521617,-1
733,5.051619851623302,5.095632932467575,5.19338081774025,5.024605948594131,5.14677433290028,5.120314049098607,5.1523667754599725,4.945610030692984,6.044933587285469,-1
734,5.056309743922514,5.100862613895128,5.20818543072673,5.032742378664752,5.150979188417043,5.132165375080817,5.148146000659755,4.937504267666741,6.032344060109864,-1
735,5.068755351567223,5.101884672648942,5.221972105914459,5.038635586737724,5.152532040165642,5.14012884866039,5.143044837410067,4.948610282468229,6.043500562464333,-1
736,5.077899285873106,5.096316885928488,5.23094206578104,5.051833967532027,5.166794796351431,5.137182476505882,5.146931035876683,4.971502288836133,6.040545540317169,-1
737,5.087880056374624,5.089692934304463,5.243206878895505,5.070079411409176,5.174039250629702,5.133897268247461,5.1533259833862655,4.991592591986109,6.044961272205429,-1
738,5.101527474687473,5.085267411256959,5.259576098912165,5.084268474083284,5.175790079774287,5.131880391015501,5.164327031393137,5.015542826934085,6.049252224431174,-1
739,5.107582060500229,5.073421914735738,5.280280018507758,5.089632202452178,5.174308672548839,5.142264301569957,5.168651141776011,5.034016596421731,6.035054292692781,-1
740,5.11172542919499,5.066279495898247,5.286193563614458,5.101878707852887,5.175939021755995,5.144410807750337,5.155342313566698,5.04513666569709,6.036273360931209,-1
741,5.123286589663704,5.069087878599233,5.287459492880986,5.102135908512617,5.189601524469968,5.137196958544977,5.134409063511249,5.056583716533309,6.044337805765093,-1
742,5.129643466768217,5.064605793344395,5.279143138170174,5.102713284953994,5.197209053987945,5.131515575673367,5.114312962777749,5.065817010841811,6.0414791458219135,-1
743,5.119104227521577,5.062463588819744,5.254268994060226,5.105845952191023,5.2158799569390695,5.123337115578209,5.097614451345229,5.0783890582796545,6.0498473821612135,-1
744,5.113017378117546,5.070296312462987,5.237472033996354,5.0963386093642065,5.2255510142163,5.124389092551427,5.09040821023128,5.090744324123169,6.044291440249745,-1
745,5.115619367297831,5.0861118807330215,5.222395243034122,5.078673119677136,5.231483878156132,5.13926898331241,5.0854144203883545,5.1109396169445,6.056603758986864,-1
746,5.121105029566871,5.088923746607044,5.209460017128035,5.062049711218217,5.241782153290345,5.145900018510187,5.0755896506658305,5.132445848089775,6.042024497878724,-1
747,5.13155593753498,5.092264227305605,5.19885040838676,5.056381932200644,5.254215987018206,5.140120853367299,5.068983932174152,5.156114166183381,6.052602182849118,-1
748,5.142108578787557,5.088513150606494,5.195158873276063,5.0484630632011225,5.254010636937061,5.1470593111397065,5.062058756130078,5.18020835798623,6.0454589645462775,-1
749,5.142171645079209,5.080877778489992,5.191237146616183,5.043506228791222,5.247247519068534,5.160174071467318,5.0618041892096945,5.20183189988269,6.0506773351929946,-1
750,5.136751029935581,5.06676868150632,5.187324672661406,5.03325471603557,5.246426270179691,5.168439677885575,5.0665544335935895,5.2283917353971665,6.052457230529214,-1
751,5.134167357479765,5.0598369462517825,5.19926079422736,5.026775871860192,5.23660586031926,5.180523690448101,5.071235837172009,5.24768426861922,6.044990819890676,-1
752,5.127997857404661,5.0519671531041,5.215184889237504,5.025850891758082,5.226750344602699,5.192128117604616,5.07087941734721,5.258638294110784,6.038061499071677,-1
753,5.117537477555096,5.042030693134117,5.2246655797730295,5.0363703096531705,5.213530376467791,5.195047632276671,5.068383513580655,5.2613099002063,6.050763050474769,-1
754,5.1172627379311555,5.036579249152946,5.227241860498155,5.041113187778666,5.2073678092061995,5.211773897438403,5.068976003567353,5.262185423240571,6.048534780903359,-1
755,5.111101643257787,5.040433300531555,5.221720117219958,5.048424487774704,5.193748636478032,5.226967864429585,5.071526913600148,5.257585015748043,6.046922513139333,-1
756,5.107776747170496,5.046819900408882,5.223457865758095,5.047436718412408,5.178328548925334,5.244625047672089,5.076646822559491,5.260470748571487,6.04489077348992,-1
757,5.107590783262378,5.056870611561012,5.226274229921744,5.049828424576707,5.154690117494632,5.249661287150664,5.079300825381376,5.265117612573073,6.049697078301033,-1
758,5.1130012075260165,5.07878558004727,5.224051010313078,5.047872308134344,5.133807627483402,5.254492524919386,5.071929608979548,5.261714933179941,6.047635379615615,-1
759,5.114250711602112,5.090677853431869,5.212486251597289,5.044148550292792,5.122173066805182,5.263465391015485,5.064667911367811,5.258206018715024,6.042781229952677,-1
760,5.115616879964487,5.103870649153974,5.206687255644096,5.054619425413735,5.103093774701047,5.2645808869591075,5.054909461460728,5.250746715551615,6.048062393971708,-1
761,5.113720976621053,5.1130867877177,5.208522420657328,5.057160649779825,5.079689709459339,5.2647734791089125,5.043047725437577,5.245960178880536,6.05495788258403,-1
762,5.1022533712751805,5.129979883356779,5.2263198981836085,5.068686855847999,5.052748158695027,5.259811994389337,5.0291211802751965,5.241819466609045,6.043437686717012,-1
763,5.092023862397772,5.14211598566822,5.243500442358182,5.065904033536857,5.0416803845327305,5.2563823280740065,5.005972293446555,5.244114536539809,6.053317079393503,-1
764,5.08209745294565,5.153778209104633,5.251080494475476,5.068247822582828,5.0394000528760134,5.250125037337101,4.986114526610344,5.243539616002332,6.035806397994186,-1
765,5.072815926612873,5.16607847012846,5.257680375766271,5.075743687362651,5.039186644061576,5.241863626516644,4.976761170861666,5.242827585849501,6.042136506821821,-1
766,5.074436355073743,5.174586507124395,5.277598258761101,5.087687910070836,5.039902220497271,5.242863809194082,4.970659783932817,5.24451834151995,6.054794612772819,-1
767,5.088320084545184,5.191589516925904,5.302570918497002,5.096580725799008,5.035067323504632,5.244523159462133,4.970771589832049,5.240110422675681,6.043843352579893,-1
768,5.097974641717323,5.212202535669973,5.3264145314772495,5.089885730879313,5.044101003440053,5.255417709105865,4.976136179083742,5.231639465294244,6.0433019486974295,-1
769,5.111785829117105,5.235772976260885,5.342315177128644,5.093193167919321,5.065436041774482,5.269544956017485,4.982693366182714,5.221511790149267,6.049853501460484,-1
770,5.126482006417813,5.243997176791755,5.340895987432484,5.100627078580013,5.079510694102343,5.289553076037792,4.99285248882989,5.197259435257175,6.044134770289507,-1
771,5.139899176236817,5.254495959557792,5.3453273294319,5.121193901871798,5.088422903219415,5.303125262948026,5.01571169602012,5.161438260847802,6.048770085916365,-1
772,5.149023900267055,5.263196137323796,5.346780613408376,5.147250544844611,5.106951593248188,5.318038846627814,5.042606269007233,5.133231918944683,6.043211190255862,-1
773,5.160363900873668,5.258787226762026,5.344885229328256,5.166875040578928,5.125285322287047,5.3440927015124995,5.056662959023322,5.114362608936603,6.044196858397179,-1
774,5.166644227667673,5.256013825729255,5.337983198140368,5.186832900785961,5.129449992787519,5.358797569932457,5.0748149153263675,5.100105172787185,6.049604411159913,-1
775,5.175350109415494,5.254841800685142,5.324601312233566,5.203631046336602,5.140894267212946,5.376841351736828,5.0927607382165245,5.090670846148897,6.045030487592647,-1
776,5.186573013241147,5.250396559423586,5.312565279580818,5.216720007911515,5.140849444875933,5.395278303839627,5.105313868673887,5.092226948094858,6.049496146255251,-1
777,5.1985846466793975,5.248496357287414,5.303479360644735,5.21621757531592,5.145127113599164,5.412827790210673,5.113022196993053,5.096682119787344,6.0479034905753934,-1
778,5.205926891631957,5.262770006294454,5.293216908325026,5.216518948609106,5.152313812138023,5.414774227554431,5.115179733913404,5.102749547500803,6.045268115564291,-1
779,5.215561706068556,5.272097718165556,5.270615208398553,5.206888505013142,5.150179111110637,5.419473258700021,5.121527023386962,5.118675539881331,6.043316804219261,-1
780,5.227753985865385,5.274155558088652,5.247413816862578,5.183650207854585,5.140386346392511,5.418883873825373,5.120112869108217,5.13139832024824,6.045543515503191,-1
781,5.241881865529788,5.281036927157998,5.227181075514768,5.16694491489785,5.132336634685228,5.424319907888679,5.131865529026497,5.127735404022588,6.045938209804642,-1
782,5.250495353310801,5.278661076664194,5.21200743730671,5.1490430660627124,5.1381125730946655,5.4339228070494885,5.134893661102836,5.113507988313421,6.045053979705827,-1
783,5.250190881045127,5.273705638474313,5.198097142246439,5.134260839793998,5.149339562066519,5.432988289356213,5.129569294565027,5.1046634807376,6.045292853820956,-1
784,5.248773892554522,5.266655928263074,5.176880409638785,5.125324533676334,5.163023504707248,5.418412838321871,5.111670402836999,5.096836560379669,6.0494967245514175,-1
785,5.2474062962120795,5.25759482718137,5.148793891906721,5.134862088115338,5.168849698460125,5.39918379093049,5.106688467842325,5.081995909675471,6.049017550086175,-1
786,5.2522390975150355,5.246671246337456,5.125374930907277,5.144024631612823,5.1704071921346495,5.383177006254479,5.106793725137222,5.076425466585064,6.046353121188782,-1
787,5.256955234957217,5.236856306733512,5.115995466559715,5.14498417634393,5.174711905752634,5.380021811008441,5.090176387412392,5.067816513864586,6.04315287033243,-1
788,5.26037869837415,5.237290395798238,5.105323903866403,5.155423675696004,5.180461536467448,5.372829676472074,5.07691645009088,5.058783470383115,6.0490773465968655,-1
789,5.260340636395308,5.244673498056517,5.097560784602338,5.155470057986469,5.182246369999659,5.359150724649135,5.052293060326952,5.061265105057429,6.038417558989921,-1
790,5.253250370568074,5.257169825852104,5.085585673390203,5.15309338057563,5.1813687417683365,5.341703473881551,5.029994811068314,5.0742102417019,6.051793288149042,-1
791,5.250060613976902,5.262783024858605,5.072266099794477,5.153497804287304,5.177588239002853,5.324556807940228,5.006216286414369,5.087250482694381,6.047874430521736,-1
792,5.24859786078592,5.269436350304098,5.06015749718438,5.153821015164275,5.177722941860354,5.314517319071868,5.000814446964436,5.102733656029205,6.049203375292961,-1
793,5.242772983571734,5.277928843294876,5.051265795083593,5.141563318929023,5.181738279839097,5.305148267675963,4.994867354332291,5.121010531814418,6.04409174600615,-1
794,5.231126288327144,5.285467866849059,5.042539209570888,5.119556940039747,5.2020968537128764,5.301760961205155,4.978259523362302,5.1402989415062335,6.0449834898414405,-1
795,5.217954357599632,5.286373532831239,5.022699695445548,5.116525689146743,5.228479383332536,5.296065500026883,4.967399856253382,5.164299658084619,6.042948814660865,-1
796,5.196810051381016,5.2799797393569925,5.01312905732518,5.106295015248677,5.25949236214872,5.283868312652717,4.957361498917943,5.183874757138374,6.0431151865834885,-1
797,5.174322394259706,5.267736571857394,4.995600036696848,5.100065244449293,5.295073362635176,5.269556087195121,4.956190909621205,5.1989540946893555,6.037858341929253,-1
798,5.155748559282731,5.255244466334441,4.971984752955765,5.0905334148760994,5.331523554225889,5.25923568299538,4.957990462612733,5.209459367165235,6.043194297440227,-1
799,5.135537315419463,5.246946454702995,4.953179370884237,5.072126837503008,5.354690250359275,5.250137950137168,4.968717055420438,5.216278796213048,6.043916195512693,-1
800,5.109106480677998,5.23123767900663,4.937504182469406,5.064692142573479,5.376166173477392,5.2320221049199755,4.975999489864549,5.211330450267839,6.04632908038623,-1
801,5.079472082561422,5.21554681721037,4.928082144031091,5.055228511350968,5.387776419278255,5.211957908030926,4.981641893791507,5.215843798288828,6.049424653247889,-1
802,5.0510721430607335,5.208180119345595,4.9227610256871035,5.047403440145795,5.3933229725689324,5.193820927900713,4.992821092591665,5.218770179584238,6.046062492805187,-1
803,5.024426848148654,5.201807826447378,4.935456594864112,5.0361739798979395,5.396390825111446,5.164668775016497,4.997793628361769,5.21574418950363,6.049645094874979,-1
804,5.00466029219072,5.194785888780487,4.949970910286947,5.034001120703389,5.390451523038702,5.144543669982078,5.004785099765371,5.215512656830312,6.050925653106279,-1
805,4.982658770312654,5.184635462023693,4.965506538644217,5.029299492220979,5.396809366655221,5.123448012111954,5.00196945013373,5.223983934233511,6.043985995549897,-1
806,4.964428567756501,5.178022510031699,4.9721354009509104,5.03551775323295,5.395542849032949,5.09788324136258,5.001653862702578,5.229722418983704,6.049286939845659,-1
807,4.9523750053962035,5.179839698695307,4.980369653661266,5.045887475031078,5.399830770377752,5.066201669492413,5.0012891264721455,5.230270395296759,6.044321357037875,-1
808,4.941396551387257,5.184633420865782,4.984902447124341,5.047153181691624,5.403384321012063,5.045014278639645,5.0034674127517,5.231983189271987,6.040412482043295,-1
809,4.935032857604448,5.1897947685817405,4.98780386102413,5.054045698147464,5.411204925916455,5.024794746091806,5.000631347520267,5.22001347554685,6.0511480136021385,-1
810,4.937410833671443,5.188538383058463,4.991170324354354,5.060191528690732,5.41487957636175,5.007812145734608,4.993575859797152,5.202298682100216,6.0466292133222606,-1
811,4.931152038326328,5.184382490204375,4.97252034176583,5.067700111712751,5.42358878826917,5.002312507238027,4.9918999806697215,5.1819354480573265,6.051407120387145,-1
812,4.931248386681074,5.187141019481911,4.9462712469917225,5.068919334070074,5.433318059709663,4.995400793040259,4.984742751024735,5.165014572883647,6.045849676112731,-1
813,4.9234571690696765,5.191246772352988,4.919789996825919,5.076513596124164,5.434622852956112,4.994683313925647,4.98333057759873,5.146789559263347,6.05041976312491,-1
814,4.919873720075107,5.193758040787605,4.895583752321313,5.079136640450043,5.438941568526343,4.9977172014913,4.98505399965487,5.140521866716653,6.041643059231141,-1
815,4.916749797185358,5.196321285799994,4.873619976600269,5.082027542180688,5.442079498034768,5.0164304305440055,4.986937523940172,5.1251559689749095,6.041866496802165,-1
816,4.920330591485792,5.20267422557512,4.8531059980627465,5.084843239138037,5.438327525798308,5.030639023396746,4.991769550611524,5.111463418832718,6.040772536541626,-1
817,4.9191783748038205,5.215523932307847,4.833893221956936,5.086630135867726,5.437850456026949,5.047548405232288,4.9907427538988545,5.109319403069866,6.044871228263097,-1
818,4.914071361092957,5.22531357126918,4.807959399223744,5.082315812998582,5.430715270486628,5.06180932766586,4.986912103614662,5.102713119486564,6.046383179349864,-1
819,4.916522964084238,5.238917115332823,4.785658784099486,5.0753552970502485,5.408580441092478,5.072523205929863,4.978454171532291,5.095415667560225,6.047982027127894,-1
820,4.91348716266547,5.2520249581533935,4.766963310698709,5.071675477095465,5.3879122020754,5.090692870201943,4.9685620345073715,5.091177785189978,6.039669236156895,-1
821,4.9164438448181915,5.270853371428159,4.74676005721114,5.063121709723804,5.36197109540449,5.1007303573292795,4.954035046863839,5.083581617745657,6.044857473191013,-1
822,4.915372265732239,5.292244209447975,4.750644749194249,5.056347426687144,5.343634459640343,5.112561999552405,4.936858735086224,5.068810811093547,6.047155185190511,-1
823,4.91971473373252,5.308808237948409,4.7450187554335255,5.047989016499265,5.329908114548179,5.12069575821062,4.919603199701425,5.071436866617336,6.052491350042239,-1
824,4.917894122887316,5.321190836456156,4.7471653241430305,5.046750898708921,5.3165746275012395,5.138841142904996,4.899788224077953,5.081336039509463,6.041941915643247,-1
825,4.929310271715758,5.329781130966939,4.755006027871569,5.049713976346744,5.30542961161836,5.1572063389324825,4.8960486595345944,5.086422526161887,6.041977124873397,-1
826,4.94026276444651,5.334760006557972,4.768382582248966,5.066307954012784,5.299087428108132,5.173472726562464,4.901710505813115,5.105423720562294,6.0471780840344955,-1
827,4.955654912806294,5.342235399006991,4.786217334461803,5.08148713336732,5.303783212012424,5.185872323645799,4.909781531521959,5.125189669148817,6.051583281480299,-1
828,4.962739033009366,5.351233241315158,4.7973232181567536,5.097984999505576,5.303876048601781,5.180282316881856,4.918803125114071,5.132338448054268,6.048088295236601,-1
829,4.978303288955904,5.365967988261118,4.8215137366637855,5.121690027131493,5.304218243943357,5.179364566333726,4.92891645510912,5.146462726203207,6.050450687722364,-1
830,4.995058161178748,5.383868064270806,4.832306480848607,5.146583154030797,5.303757553207453,5.172141233140399,4.941981862354833,5.159653233137876,6.041980945567161,-1
831,4.999930136446211,5.405800538485611,4.861294725937474,5.160524404066003,5.295325307153843,5.157884613785401,4.955456056381148,5.173171683628407,6.052968268233696,-1
832,5.006205815022574,5.429622511938389,4.887530735240538,5.176387765289204,5.2961233515613255,5.140080399508684,4.96898317726874,5.178021952203949,6.048785850229739,-1
833,5.001423150387821,5.442507947568735,4.904019751575425,5.187657665511569,5.301643318907113,5.118885407592048,4.969368878583737,5.191933883170858,6.046391155242598,-1
834,5.001776854487,5.460342146958334,4.9233373172093255,5.1868788963318115,5.305286787020406,5.105926371599933,4.967138430882004,5.200156272760247,6.043530394810219,-1
835,5.001317413721149,5.484634642272069,4.934914417915616,5.181413005143587,5.308086004180914,5.097528638899839,4.975056036985383,5.20741400198211,6.050809284666546,-1
836,5.011561954779018,5.508090912481911,4.958202621263863,5.175141748394411,5.317912706037224,5.101914990102838,4.988198649440414,5.212142980145048,6.047152382623733,-1
837,5.015023951612092,5.517082248555715,4.976471141639884,5.168374938696417,5.320922812561464,5.103012312476933,5.0096551523453545,5.211991933391131,6.043611177888365,-1
838,5.022085202575152,5.5113988155498745,4.9855015872358885,5.146966035605079,5.314966190840155,5.113987497402889,5.026193320744444,5.218101404639885,6.046934300129745,-1
839,5.027533452359261,5.505641714029921,4.9835383323737314,5.132215611139059,5.310958911608184,5.123852577711255,5.038545487610158,5.220039644833767,6.040904772425019,-1
840,5.036960792969939,5.497239397546119,4.981793906790125,5.095453433285681,5.302660180468155,5.1315493674707024,5.044319582161687,5.226330097639398,6.040977972530724,-1
841,5.0468453408706395,5.483905680253073,4.984219832745079,5.063367284661999,5.285344195311295,5.135677552191717,5.067198619324833,5.222941102325038,6.0518061515404415,-1
842,5.051361733494093,5.464868804502796,4.978282574287909,5.037365092347287,5.275046825555285,5.13738101813102,5.086674861074766,5.209140613869273,6.038521558645386,-1
843,5.059136190439193,5.430881217487966,4.989207215936669,5.019213654114168,5.261402437588495,5.132411272899258,5.095795162626115,5.203943532284947,6.044899027297942,-1
844,5.068567613881842,5.393648368051377,4.994834033658368,5.00329936009927,5.249910598154136,5.135099550058642,5.1045186332423675,5.20908531487634,6.047308957314296,-1
845,5.080960500678745,5.356911236906569,4.9947689146995415,4.983893526388996,5.237787379247821,5.144784351753271,5.112059533343291,5.214366382206517,6.05566612334327,-1
846,5.091653799935454,5.33339228720478,4.993800088310952,4.9806527061059755,5.23137080014098,5.144737972704021,5.116246668045973,5.213791153630249,6.040246614657534,-1
847,5.096975059824374,5.304170243057636,4.993223214052785,4.986079816838376,5.224158844890549,5.149948453481094,5.117942745423926,5.212194804358997,6.054200695724612,-1
848,5.099446309663608,5.267931535871767,4.981786338746989,5.004897892078905,5.225063444511262,5.1498879448959665,5.130617888703638,5.204792329471173,6.045851842525449,-1
849,5.102857291998273,5.239787361583265,4.978329727206957,5.0238622121938095,5.230125381450032,5.159240108576968,5.128096545215512,5.207321569272986,6.0442827951646,-1
850,5.098498522233232,5.222844869321754,4.9776834990941605,5.0434872478127755,5.221972260569785,5.1583440297157015,5.1362895457902145,5.226305116817853,6.053326632332694,-1
851,5.087059431295559,5.222439902716547,4.971143625567885,5.062670930296565,5.218365638435307,5.1608866551116925,5.140525376967724,5.246658688465999,6.0487763190153725,-1
852,5.079253640369267,5.223121731581038,4.9614238282849135,5.079101834107627,5.211695429332322,5.158172127621024,5.141248874457915,5.2665331670270294,6.049124759227263,-1
853,5.069878227002722,5.224755737306439,4.960622021010865,5.084226724311678,5.21512339374045,5.157910564421133,5.133588478175374,5.286960452957024,6.045693258733893,-1
854,5.061319803066814,5.222832469645131,4.966137561820386,5.086729463802853,5.214607694005857,5.16437324896672,5.129238354182503,5.310819786814464,6.048959553231879,-1
855,5.051716738362133,5.22591664704227,4.971839176803664,5.083025477259246,5.209793400135159,5.1596436351012915,5.131528241729127,5.333765319279364,6.039675814947406,-1
856,5.044657935177813,5.239298444962883,4.9870258897523785,5.074426425333672,5.207859366912307,5.161060998149674,5.131008786347743,5.353587652340342,6.045848333394947,-1
857,5.038900455221674,5.259011259393165,4.995917378108129,5.057223302772861,5.2020140283041245,5.15405839647257,5.130268062064152,5.368501312160339,6.060054368639219,-1
858,5.036757411504964,5.275618755293012,5.000603271998863,5.048663106841567,5.195481187257894,5.1681911488254695,5.128103702068706,5.376731560085549,6.05481535443133,-1
859,5.029351984503873,5.285543444111564,5.001198356805343,5.03113397502805,5.1915415522002135,5.180413652747964,5.126991356791471,5.375989854532525,6.052161374589171,-1
860,5.022318458999799,5.285583671865558,5.005423077645278,5.009664153487731,5.177892408381104,5.188870349337778,5.1265461287283935,5.3695469835983065,6.045604206363091,-1
861,5.009593901666274,5.276415056523129,5.001742739407212,4.999616926755092,5.160926216516139,5.1880702179420455,5.112376937116276,5.3540607209356645,6.04850644515347,-1
862,4.989124517561712,5.262732769870202,5.001780716293425,4.994194233664624,5.150026306863847,5.18319484270377,5.100005710216685,5.334887231080395,6.058732573128683,-1
863,4.970326052082848,5.243642332837964,4.9898825616605675,4.989008228787828,5.14793046950364,5.192732180424516,5.087646207227502,5.313897703567823,6.044101233573421,-1
864,4.951719451298533,5.22854988118656,4.977310282612105,4.990787065560168,5.1363863151260345,5.200787461194665,5.0692116665367175,5.3087248975746135,6.042447130916853,-1
865,4.931093642195447,5.205272358259126,4.97103562116974,5.001959125454922,5.119250165484222,5.2189736427831415,5.056143586861958,5.291801416637146,6.050716722880874,-1
866,4.926661628183211,5.1766306691483575,4.970350452773528,5.014807050192513,5.111935651075321,5.224338140674042,5.046583898187267,5.278604229218942,6.041703563513284,-1
867,4.926934118409861,5.154485423017557,4.9707613039995575,5.030214415505179,5.097331255478585,5.227761350622783,5.041859670644975,5.266602664930433,6.046647395704139,-1
868,4.922660032080189,5.141107629028842,4.968663498541453,5.042523237538127,5.099161028660618,5.21818765157776,5.049930924302381,5.262500035633234,6.048442315138299,-1
869,4.928338528031754,5.135390377190388,4.9654508559000705,5.046950122211234,5.100086410080236,5.21626717724865,5.077830313042255,5.260985398773748,6.049565041705273,-1
870,4.938497491357488,5.1343601258266665,4.964259467325979,5.035651393836609,5.100342455010961,5.208101366739086,5.10165364116421,5.253095842054971,6.05049069525616,-1
871,4.959381657267679,5.129686168430584,4.96690663922418,5.024871165378309,5.098924809176604,5.193807232141449,5.113132207785917,5.250688568298982,6.041969463274016,-1
872,4.976875902462288,5.120150446350883,4.9713924739540385,5.016787372887953,5.105200485001885,5.182796954126901,5.123672744382709,5.23894665283453,6.043992115783436,-1
873,4.988587519490604,5.117556816395064,4.9710695389404895,5.002303721769441,5.111295135735694,5.172775875995292,5.126782215630172,5.229779947108781,6.044235899742643,-1
874,4.979849685583946,5.114937762529873,4.975876645977918,4.980063511569961,5.113628353713248,5.163773968630478,5.125020989340734,5.219093696725687,6.043447749088487,-1
875,4.972774934036907,5.105944795778562,4.9802892029527674,4.9604601482575115,5.119925816263785,5.15661768550666,5.1286147099373895,5.220204608373524,6.043543280466852,-1
876,4.969732818697405,5.099770377325631,4.988953735485264,4.945920282897886,5.125391928578974,5.160895804871091,5.124487980207778,5.22099660077815,6.050642545119167,-1
877,4.966270436018631,5.098208075193346,4.9950054107678605,4.9348297307489055,5.136878878930581,5.1548502499400435,5.117796327655418,5.224072472478493,6.050604661219172,-1
878,4.963182560585481,5.0922654322080465,4.9945832608444665,4.928119206212159,5.14981536988258,5.161618353179862,5.118709042403646,5.234480327331633,6.042080472274052,-1
879,4.950426098444287,5.092399959486102,4.995611055935585,4.9272902483077345,5.153901118459724,5.164797353669398,5.126123312997546,5.242613508049086,6.04395614034513,-1
880,4.945524683379412,5.094658953508262,4.993112598228699,4.919085967231854,5.147902642863651,5.170682344106508,5.145650284647991,5.252722234966246,6.0464919415874725,-1
881,4.955300448450557,5.091335230579437,4.980896864204237,4.914744510929208,5.143163137622148,5.173628629156492,5.166053040734858,5.254071801305847,6.055607903687668,-1
882,4.97381589611496,5.0939376446743205,4.95475357427894,4.910184111611489,5.144317070870674,5.168594340959279,5.180712488525679,5.25259681120065,6.037565979114834,-1
883,4.997896730663974,5.1046722520944625,4.929904402542892,4.911740497734653,5.150006661026223,5.16500225805021,5.192699323299683,5.242750180496829,6.049937866315372,-1
884,5.014764238275839,5.108631509741382,4.912732959737794,4.912278497785965,5.152944430675408,5.1606544166788595,5.197938903511919,5.240903952202342,6.052306412739685,-1
885,5.0389602659859385,5.107321478780398,4.901424128781323,4.911901510357513,5.1501749989744345,5.153246873848337,5.207662599379704,5.232293391853766,6.043640277272548,-1
886,5.064629721842135,5.106582437742751,4.89260702854144,4.916750471819742,5.136229670684904,5.141841033267464,5.209507630532042,5.225768785689067,6.052148430784478,-1
887,5.095946742762944,5.108667024460832,4.888110639479437,4.916460464097471,5.135560528963694,5.135820138542083,5.218692680866264,5.219077184849446,6.048681912400155,-1
888,5.128466917458642,5.110169329873089,4.886803635645769,4.92100197691691,5.142262049279605,5.1162733655305,5.230875666988825,5.215796606621849,6.052630053708638,-1
889,5.152921963305177,5.1135304811076585,4.890037176293959,4.920139882002557,5.149460979278338,5.095303541192774,5.236731592302605,5.224207512369515,6.05286245284868,-1
890,5.177756129720437,5.1100018204717275,4.891683450468929,4.923291359880278,5.16565388548059,5.083516805676905,5.253184684084976,5.2242028592676695,6.054437277117118,-1
891,5.200405489692187,5.104470415858081,4.888757504806696,4.9182109368189195,5.18014985795208,5.073899618720368,5.272477000024864,5.219783948405162,6.050051730263398,-1
892,5.22212683446169,5.110841777831281,4.877840205462192,4.921666289019756,5.195551008596689,5.066813921147479,5.298256247391299,5.209714798380155,6.053898009797226,-1
893,5.238818222286504,5.116117413390285,4.873209051535893,4.938046965873312,5.21674980757537,5.060521441043362,5.317540376947084,5.200412434969371,6.04858551851945,-1
894,5.2444542981222035,5.128089731093087,4.870516836695433,4.954041760186103,5.240478958650359,5.058377082079672,5.335459079862288,5.18493678963958,6.047493953190869,-1
895,5.241413210731085,5.137517082928306,4.877140786371762,4.969343134064289,5.242432379733935,5.06038129037613,5.342457005209292,5.167756734413517,6.049000547560146,-1
896,5.227765549885799,5.156443045020801,4.877557611521847,4.978564603579397,5.249174864578199,5.072126026788589,5.338178759809743,5.149522681306322,6.048122834951413,-1
897,5.215997068605049,5.18014786586207,4.87445406130064,4.984245372924199,5.262975960020355,5.083113837428466,5.344608737565685,5.136567862053448,6.05169258833443,-1
898,5.19858337312843,5.207853987211368,4.884594498328704,4.98876881107928,5.275404867753175,5.0887861851836815,5.351263421791407,5.124324885622232,6.046323690082115,-1
899,5.1760108524450965,5.224874189232855,4.905613527933634,4.998422756468741,5.288281903801869,5.092945064568072,5.356791547666001,5.124525018790414,6.048870315637027,-1
900,5.153871783027936,5.2231792735703255,4.930454037001393,4.99161369777046,5.290108816044382,5.093183798409348,5.355199660171122,5.129991486990399,6.041942002308316,-1
901,5.127197181658947,5.219708498761523,4.952489522773478,4.981362620016165,5.28726023263844,5.104114818596503,5.355453501248456,5.13156638889927,6.057209502208376,-1
902,5.11182740294068,5.21874529708098,4.967446266918728,4.970572311568752,5.29455189044328,5.102294974456754,5.352235418494615,5.126386373014722,6.0462513449030375,-1
903,5.097041748868325,5.216068033008701,4.9664982866262894,4.968074784998058,5.319233665987436,5.102473273787382,5.362790494884446,5.112476639359174,6.04870746406018,-1
904,5.084825746594541,5.197655906101295,4.971501665985579,4.968330768719104,5.3285130646184315,5.100631861905076,5.3685344540661895,5.091693200852099,6.047338008173617,-1
905,5.067397107299835,5.169349738065403,4.976970267546333,4.975946560885104,5.321787091053479,5.1014077009855665,5.367730170974629,5.056937296834844,6.042513253645608,-1
906,5.04137960828498,5.137705421672154,4.980626199424168,4.977582812204468,5.312177612869841,5.094814131781159,5.352531066164586,5.027957416725721,6.051673566598241,-1
907,5.019087863677806,5.109875822115432,4.98208973326634,4.982132192837215,5.301668750187579,5.085485184645186,5.344580840759583,4.9959740004629944,6.055370659175081,-1
908,5.000836919490396,5.087152977715544,4.975685768310493,4.998097739105088,5.294521309790279,5.079337719577896,5.339731420013219,4.948808947351621,6.038089010230753,-1
909,4.976926917251588,5.066340645103708,4.962175604774407,5.0025756936272225,5.29030505077187,5.071360003579043,5.326824820916697,4.917096128801208,6.052466831245415,-1
910,4.9496665568228995,5.039591598604452,4.959381638109706,5.01055028521764,5.282009234575339,5.079524742628144,5.313321576051037,4.900568650718117,6.043151730417152,-1
911,4.937210287327593,5.025128591096755,4.967763582796719,5.019368166318491,5.271260534880033,5.079630823778713,5.297524432975844,4.89099021708085,6.04478421638485,-1
912,4.93780881839387,5.0139862402759015,4.973964519477543,5.033469192614298,5.263310460279408,5.076411922649862,5.2886486984448275,4.889043703718092,6.051244301536337,-1
913,4.9508021170776715,5.009397017808921,4.980525611449901,5.05541778060598,5.275102542857547,5.072598686348393,5.289929547201342,4.892201369002427,6.0515231217473655,-1
914,4.9813710614994635,5.010026981651256,4.98722578365272,5.070168899500714,5.278340546030369,5.074790743292188,5.2965003069638605,4.905019181585881,6.044517894218583,-1
915,5.011245335601718,5.013262587501278,4.993499801511327,5.080769293097643,5.282656558727495,5.077768573078933,5.297807656545062,4.9135652590382906,6.0530293521846374,-1
916,5.041905594039111,5.022333319359044,4.999629242204823,5.094931812644622,5.294142963266652,5.077451179005401,5.293778437340128,4.929586996326942,6.041321957329336,-1
917,5.081684032986981,5.0337593270535805,5.002965630562145,5.11609876486734,5.2972973518058275,5.073598591566096,5.307016798576805,4.941473983007951,6.046972453935339,-1
918,5.116626653922101,5.049894891762588,5.00234898636801,5.1338676439840345,5.294421870045833,5.058199316045096,5.31848103610296,4.94056352813376,6.04112708963881,-1
919,5.149552038367283,5.057133072767301,4.991644819078042,5.148855198322883,5.284652521750752,5.052410275612331,5.324456521397925,4.942946134055652,6.046573781300016,-1
920,5.174412338756237,5.0757071342056514,4.985124037702268,5.156034592157945,5.284593862887828,5.049008495301695,5.3269261477008865,4.945360321549691,6.042443700231369,-1
921,5.189819426169478,5.095856130702473,4.988167577482271,5.161806230957842,5.276438683997486,5.044328026529752,5.325861370943293,4.946053342681613,6.04308980299416,-1
922,5.193292918878031,5.112641081628615,4.981033262116283,5.173679583084934,5.271742878349088,5.043629110159606,5.326729186048651,4.9364848156583365,6.04711142480982,-1
923,5.196409500156174,5.133303219685118,4.965743692233428,5.172643874456688,5.256752062584639,5.053934238505989,5.31411009368364,4.92851672041257,6.0565898216296326,-1
924,5.189087859231574,5.15654143038364,4.954542032395246,5.170161642483396,5.236960159242303,5.069860028002451,5.3096653802141445,4.9157092094979555,6.048843067025635,-1
925,5.177988898870042,5.178965321698542,4.958922138939338,5.1676433550477325,5.217308137007511,5.089214895987267,5.295175081497225,4.898993440169403,6.048242292126488,-1
926,5.1778849250022745,5.2067578012755025,4.965802232906019,5.1648033736153245,5.211580705509921,5.103612321989118,5.285570410636194,4.8865303923518875,6.045919639591675,-1
927,5.167846058241527,5.227752386108419,4.979620314283226,5.154910793550411,5.205875093213037,5.115765181396165,5.273995481854889,4.875383721248093,6.041520199478242,-1
928,5.1553106010180025,5.237968821619763,4.98853547403666,5.142705000601439,5.199591289496137,5.1258204921735055,5.271281112902712,4.865699015969935,6.045189547080279,-1
929,5.152860560880637,5.2423875141124014,4.991937951151421,5.111001234419614,5.186805472835724,5.142064715489509,5.265147440348979,4.862209230460671,6.042028210617803,-1
930,5.15618225536102,5.248660958329958,4.995689505440338,5.0802178065689025,5.170370628790055,5.153233844407118,5.254786243084637,4.863245546648196,6.045627522569733,-1
931,5.151904554807639,5.247531002297459,5.010839417702649,5.061815283941334,5.166437726175292,5.144920863137631,5.256179623717537,4.855955784907544,6.043004093004479,-1
932,5.148473652365188,5.243595230503795,5.028649561976327,5.036403144638034,5.167190111142701,5.136567586449039,5.255842997417434,4.84771835953433,6.039860042310145,-1
933,5.144196138474809,5.234749828609056,5.031292883509577,5.013312324190413,5.176836800235983,5.121374115363914,5.252812607204897,4.843098215392462,6.054710220065848,-1
934,5.136628970470561,5.218597071469457,5.024924692259829,4.997490773883752,5.170656436923733,5.1133473766450015,5.250536090733606,4.8401993264901515,6.041431578433226,-1
935,5.126442949014743,5.20047296412007,5.017539172654711,4.990194921618036,5.185925244673873,5.094730332565973,5.248268108738198,4.833156882508669,6.052822146776932,-1
936,5.12172195224289,5.184000978099976,5.014347672583268,4.984357080955468,5.19576107823366,5.071499129586323,5.236988710161073,4.816008001153459,6.044616052772957,-1
937,5.106127238864495,5.163193684033309,5.006513298119385,4.991265747116122,5.214067741233244,5.054305259200385,5.23425123559483,4.7919316420805265,6.046104391515889,-1
938,5.093175905159596,5.1483783582318985,4.9972792349689055,4.997260696578228,5.227927399107665,5.039738534393043,5.240988113466234,4.767844239765596,6.034503666195187,-1
939,5.092924392550163,5.13997477079558,4.984020065651408,5.008136680328771,5.233928755021904,5.0349037490452275,5.246042153331664,4.753633862808325,6.03969308232221,-1
940,5.096667809872762,5.129896071757173,4.971019227770086,5.026299119816028,5.238252990866893,5.023138147097258,5.245465723178047,4.730090270507937,6.056691128674004,-1
941,5.104279301075655,5.123596988510759,4.967740415429128,5.043288584326565,5.236944861561238,5.015624425022276,5.253212749743544,4.702473164003284,6.04886742620308,-1
942,5.1112412904160855,5.113132927043574,4.963240324156682,5.052643715678362,5.240747964294445,5.006596762160317,5.265989223252422,4.682373172393173,6.044576252300889,-1
943,5.1282087420656355,5.109357734902376,4.954057960253824,5.0578200749929145,5.235994919776973,5.005088380071104,5.2901061367639635,4.6755557462953625,6.04612683675776,-1
944,5.137479693088781,5.1081784039326985,4.933847378509437,5.054845499554917,5.2259754992525,5.017923982784403,5.312228409787183,4.679048067003184,6.051328409276487,-1
945,5.146488854743686,5.110575950196292,4.912107541965324,5.046608854331581,5.213654014513294,5.022575315106286,5.332521320555227,4.692637118353675,6.055780151961069,-1
946,5.1513931093276915,5.101920079697853,4.9002011787049895,5.0415055690987325,5.207483919631247,5.02611860913475,5.34851718945492,4.703473677978879,6.0556375689522985,-1
947,5.151606500589217,5.091177914081678,4.8961240297897906,5.031461540263705,5.201884451403129,5.029925649977274,5.363580575015176,4.710973576699211,6.04642570038581,-1
948,5.152753819465792,5.080760004295602,4.884834493727475,5.0124055744032985,5.1973716626964,5.0408999148108435,5.380225775778209,4.732101498940295,6.051213588336841,-1
949,5.152167642158017,5.092174374509338,4.864310777531474,4.997912596630449,5.200823437754361,5.050909128794239,5.39800909811829,4.765637243198206,6.0448075463057185,-1
950,5.143034072876214,5.101505473153319,4.851496425940523,4.977414634077563,5.204036365321477,5.068371739022756,5.408850813297611,4.793605707453626,6.0498996522424,-1
951,5.137050718158761,5.103436116904346,4.841991147112529,4.9532261717148485,5.2062287073467495,5.085670475050298,5.400307656726361,4.810726994334834,6.047950792422781,-1
952,5.129145614234121,5.111042250136052,4.839618472324193,4.938544105490863,5.225375868783304,5.092892793342996,5.39833471509948,4.823325035947753,6.042256380309987,-1
953,5.123625326884403,5.126421506284239,4.839797853929637,4.938048858199531,5.235618839133329,5.095179368569326,5.393891805222608,4.829324760817478,6.045146020057743,-1
954,5.115162480343846,5.142631058933892,4.838023143220049,4.933917372999839,5.2447271073764234,5.097869742832718,5.379957818324549,4.840551552245869,6.053804544958715,-1
955,5.107723171560949,5.147644414374367,4.8295872091369265,4.938097591963548,5.254061697910322,5.09505977152792,5.353652995075775,4.856055630324984,6.04286359297424,-1
956,5.102991243548203,5.1607514490211335,4.827112732696408,4.946508795852941,5.2672908094890705,5.09685868905944,5.3373879687577785,4.871860358206518,6.050203428389049,-1
957,5.092130495318965,5.15153716894512,4.8240808493208664,4.940145129979816,5.270619782208672,5.097448289053372,5.3162608744632935,4.86733938897895,6.056242430053737,-1
958,5.090806427648774,5.146939585852334,4.827085727630127,4.939027578105727,5.280040786927831,5.091884486867182,5.300251786963145,4.863722906139578,6.050728706436515,-1
959,5.088697970122878,5.152575778738087,4.836561525615235,4.937506201324032,5.284557827937903,5.08258349028149,5.295298156666487,4.863120713070567,6.05843440367995,-1
960,5.094465883018858,5.151721124865284,4.843482700527047,4.935186067147184,5.274324019627765,5.084330256623622,5.279547808059689,4.866185156378831,6.045381192447133,-1
961,5.103936467589166,5.136559153717908,4.853268886558496,4.929940634404823,5.269788985358216,5.093051029412118,5.266335262109165,4.874890342522808,6.050563064010131,-1
962,5.12509703895973,5.125934275032863,4.872867964184202,4.941595494123831,5.267267463491952,5.093999016359246,5.253526090719829,4.885777445549241,6.053038117825558,-1
963,5.139895575513668,5.127345182829307,4.894506113653593,4.950148703786974,5.264846201682977,5.096880875939281,5.253545973155074,4.891187133688293,6.054840324652878,-1
964,5.152839742121441,5.123402847426426,4.911243707104734,4.955571019364895,5.252763528865155,5.093056760279501,5.2456317647173005,4.901513496565928,6.049152625488088,-1
965,5.166621877108986,5.124400407416052,4.929410436554465,4.969189498731123,5.249577808618703,5.091973314680175,5.233841234560466,4.927480666160638,6.049662580089502,-1
966,5.180308704992254,5.1270201233974975,4.944200255085836,4.988986802943882,5.239083289518885,5.089428497778105,5.2289420479388005,4.95389424845467,6.05820515302247,-1
967,5.187523042950978,5.127265341049735,4.94503516694274,5.007340832432087,5.2352020844732845,5.086841378290258,5.228382578445364,4.972952528338158,6.049266926102595,-1
968,5.195456659484552,5.132936470503454,4.9440460792340994,5.0287934487017205,5.242245475973604,5.07341770414633,5.234921262868092,4.985776783559817,6.043201528159283,-1
969,5.193336202822894,5.147138173074867,4.943682009962,5.049712829127438,5.250203963103548,5.055265928779497,5.232800006531923,4.987454980613849,6.0397892746408814,-1
970,5.176390832816496,5.168253412257,4.928087520146631,5.047982861941139,5.257416552567889,5.0383257954622644,5.241253979190553,4.972443010961968,6.059281661388422,-1
971,5.159061441640499,5.187770228922283,4.918084048928464,5.033766603446241,5.264567182481141,5.028738812728863,5.24264692395084,4.962257410906412,6.0499001325185295,-1
972,5.1460879896416465,5.207191736604528,4.9038955701162905,5.027121257740061,5.284911264913971,5.0166884633582,5.2462835187877825,4.944301568031448,6.057964345902412,-1
973,5.13692566332789,5.225055000016477,4.905119224237558,5.017913626356711,5.301466756001371,5.009256062819591,5.253830973844706,4.918586184235636,6.036517639916392,-1
974,5.133015645603563,5.241290933312441,4.905006672149163,5.001281604495227,5.324348329735215,5.002430719879691,5.248367810693242,4.888482564281128,6.050538978825871,-1
975,5.119292460163175,5.256910344045959,4.9156253217067745,4.993361196944342,5.345817491426378,5.001376472119865,5.233496460372073,4.84938687492783,6.055022367881224,-1
976,5.105301027195519,5.26515143519709,4.928735214315779,4.9808137227764835,5.362173224291998,5.00620892586174,5.21021896285845,4.815617335571825,6.04844767522721,-1
977,5.093926821930156,5.279201382858799,4.944239299881811,4.961734899971122,5.372661324082135,5.0095528125786215,5.192206647967473,4.798967940034004,6.049097294566455,-1
978,5.091120163100014,5.2838648287343455,4.977886673824441,4.948398890972868,5.392022559743796,5.009769438260781,5.166907599987976,4.801386489177132,6.054804427572543,-1
979,5.0939300221972434,5.292462545292985,5.005416924241712,4.933357959623976,5.410367045740588,5.005511702337724,5.153388490714761,4.804748222531566,6.045631015656383,-1
980,5.090028900468405,5.2918251604075675,5.0347901636205545,4.916842422840085,5.41360208611208,5.011547341066522,5.1341347983436165,4.81502007357363,6.0417940851390375,-1
981,5.0912239022569175,5.29386464301486,5.053189190796172,4.89118560718584,5.413713439093426,5.011703243223474,5.114566266928824,4.829844918924532,6.055744589885759,-1
982,5.085540750273784,5.294738509244711,5.074637867143747,4.871665424519349,5.405377567794975,5.010823817992765,5.104686045609601,4.8506201972932725,6.056378516533366,-1
983,5.090432598878598,5.288617146080413,5.095490307811109,4.85197273407051,5.398110085553189,4.99983433509452,5.100084160187858,4.8735100009498735,6.046627486867344,-1
984,5.0874185891384975,5.285227846957541,5.121959173880648,4.844829051039407,5.3921136881519836,4.987408724797812,5.102687897246488,4.897044396159902,6.050907749134814,-1
985,5.0766661260806885,5.279066193583707,5.146844619842726,4.837870198684582,5.393422229033681,4.9740542996867285,5.102759883539315,4.90976927619338,6.044552973287002,-1
986,5.058700154651102,5.277896887463838,5.162920065598409,4.838427063024384,5.380492057278928,4.968563176177036,5.109154476142333,4.923016298868934,6.050313164996797,-1
987,5.044905384949665,5.268161812983849,5.16936631863885,4.843341624846508,5.361731588717718,4.964897384593436,5.104611465055024,4.925605610748603,6.0473049901482,-1
988,5.037952497300269,5.266102498512048,5.185542487823973,4.859581500153503,5.359342854817126,4.953871429156803,5.11410561329835,4.92380519988281,6.0587513063293965,-1
989,5.037107745295481,5.253570607505008,5.199123696925,4.886748672349565,5.353056900038279,4.944191989864947,5.132740390331559,4.931376862010553,6.050582996237676,-1
990,5.035389797871064,5.238557545592418,5.209565009129525,4.916605622803171,5.34841217813939,4.935896639576971,5.146953213819618,4.9254219820998015,6.047162114325841,-1
991,5.029803511614233,5.230399544188218,5.204453180093167,4.938219022643482,5.337494515833484,4.937455769349046,5.1618551472600425,4.930752757161506,6.045660996926537,-1
992,5.022495684816517,5.222627413768395,5.192490721934603,4.947525810152509,5.324125875628688,4.939359471806204,5.17819367016613,4.934316709244381,6.053406622442147,-1
993,5.030994355768666,5.214543284899336,5.178595548450239,4.957476437545397,5.314271259764722,4.943358555204099,5.202136134950721,4.935514310356034,6.0479445709536295,-1
994,5.056052049123117,5.198958709059964,5.16266862023091,4.961879596318413,5.306685544388672,4.955172700132897,5.227869575506552,4.931165493590618,6.050684438879481,-1
995,5.078029879208024,5.194592714513075,5.1540296356205735,4.975930439957132,5.306294169118677,4.969342426913947,5.260484469857149,4.936024502437387,6.062390532278801,-1
996,5.089996050515484,5.190125263909603,5.143091234644449,4.9828052012529085,5.287242501252101,4.992372000358531,5.277626747213629,4.944732990593787,6.0446434553163755,-1
997,4.454069704578753,4.542941264568793,4.490726255804171,4.361204480415463,4.622295129476644,4.376243719607008,4.62278152157601,4.317794603735065,6.0460989338385485,-1
998,3.8181018270110196,3.897634004305473,3.8373607274322286,3.7331585799937406,3.9608099427172245,3.7608070888325793,3.968960037487154,3.7029445663009253,6.048259333635652,-1
999,3.185705669182125,3.251709542735176,3.197138291287631,3.1093381147561208,3.3006333192673925,3.140560177682899,3.3133047445748782,3.0883037667559963,6.050480346407252,-1
