acc_delta,auc_delta,r2_delta
0.046800000000000064,0.040396456887944465,0.33008067257132767
