time_step,region_1_entropy,region_2_entropy,region_3_entropy,region_4_entropy,region_5_entropy,region_6_entropy,region_7_entropy,region_8_entropy,global_entropy,lock_epoch
0,2.536012914185077,2.538103867449212,2.526209346252288,2.5894650369984014,2.5293424040959147,2.6251447082029333,2.542902203283629,2.552114590828577,5.594961581910169,-1
1,3.173415736001372,3.178284834759742,3.158763169965111,3.2430190230481313,3.160351399845755,3.2813586307971137,3.1796074894364224,3.1917050421310695,5.604785431562915,-1
2,3.8064233668590317,3.817401335989605,3.787884514666228,3.898817154108924,3.798211367510868,3.9349764492334334,3.823073413367377,3.8293922949702193,5.608310028804946,-1
3,4.436085712029146,4.462209603791295,4.418186310420683,4.547823846337027,4.437695116779789,4.58837105990591,4.472051104175531,4.473125726034057,5.605151597903394,-1
4,5.066097351610016,5.108736301225945,5.05088543301936,5.197594420215092,5.0792971356293295,5.238827364920832,5.125431789832693,5.112337052887495,5.6095584867244055,-1
5,5.058443784438709,5.124389211225991,5.049114058885344,5.197575019211379,5.08500200311628,5.240246869968897,5.126390623759953,5.126289202655105,5.617888446445402,-1
6,5.0488351549145305,5.130362048759684,5.054399618944605,5.204724955693204,5.096266358006028,5.237689847507609,5.1363942871562145,5.134931279462933,5.611954136625184,-1
7,5.0480789321617765,5.134028721931336,5.062514064589499,5.203754046386208,5.10490115174715,5.236934281481593,5.149845243676276,5.137616549189176,5.615315145916778,-1
8,5.0270627463126365,5.127809372116444,5.066301533125129,5.206968845490903,5.1145837593504035,5.243376034986653,5.167795866416563,5.131781110414631,5.625000943623154,-1
9,5.008771256113063,5.1088653148990675,5.063608101424707,5.2208704929725736,5.123206050392663,5.251659580828993,5.183831725279948,5.1313871806555404,5.612902187775031,-1
10,4.994693192765937,5.0854359050724405,5.077965381757106,5.235769836873655,5.123073624208165,5.260757810780621,5.201290493057699,5.1291396087072485,5.634768304995997,-1
11,4.982732497094946,5.067270559108263,5.082386730506591,5.255402039633752,5.125311275965921,5.261358974658985,5.221300412689438,5.113851015423013,5.6222001831655035,-1
12,4.961232403523072,5.041535938880831,5.087669625860729,5.27732170221775,5.127636888775777,5.269849703498832,5.236522410453538,5.099927013693783,5.636637381619553,-1
13,4.942506366205733,5.012669913331266,5.0920365169003245,5.305826752676957,5.12572435261764,5.278510368827038,5.260574205511375,5.079427002462088,5.638017649712305,-1
14,4.928981209011081,4.995890750851148,5.103464197663448,5.335191783619262,5.122384161446252,5.287324197974705,5.279996651122946,5.060648767979117,5.635313221352745,-1
15,4.914664208542237,4.982631286062268,5.118892799926016,5.3672431757194765,5.118004167619968,5.291070089200193,5.300602634016102,5.053032610993697,5.6328569013164005,-1
16,4.917795301894118,4.96710633809767,5.133600363453317,5.394310483124523,5.114604141876329,5.296768632421057,5.308132703397548,5.0593554336325015,5.63257691294131,-1
17,4.932377853676716,4.972403248398254,5.145444186484157,5.400112110642053,5.1101979065304075,5.304886553345645,5.310226103145268,5.065028217094169,5.64060638545851,-1
18,4.945204246354994,4.976859570532285,5.135780993274828,5.404134938970239,5.104686597306693,5.3223426683393305,5.299380043242064,5.074202709751944,5.651422672787689,-1
19,4.9526431945879,4.961536195275327,5.131577566407318,5.410191948294289,5.097910071646467,5.3450345367217516,5.273664761391919,5.094668562108725,5.646574045418345,-1
20,4.965151694610262,4.960690571301993,5.121390302371726,5.4137582114234455,5.093240490994399,5.360386049199566,5.254799055993888,5.113248163616598,5.650343382881628,-1
21,4.975011307064008,4.959603617436234,5.105747141464627,5.406175465376794,5.10192166139943,5.365624063981571,5.235580651775706,5.1268160347077165,5.655203067142436,-1
22,4.9856625797208585,4.963228116973569,5.0923652195731846,5.396676412393707,5.1106922132988375,5.378606575191806,5.213232639951813,5.132127699995029,5.658731727443667,-1
23,5.000651054006702,4.959197129948119,5.074751510318702,5.376567512395376,5.116718537683571,5.385927045030574,5.18610207972784,5.133813081616343,5.6660167284389855,-1
24,5.012749925698358,4.9524002165062075,5.062311812546632,5.360535647711551,5.125996679533911,5.378324855549752,5.170387872845599,5.132747072125952,5.663725206780514,-1
25,5.015540090752918,4.9425083863068195,5.055279844446335,5.352092081033046,5.142771016480859,5.367050538931701,5.156811498639681,5.122670670867836,5.665247793817209,-1
26,5.016430095927664,4.934136013201691,5.0580943391815065,5.337531346348001,5.16758874585119,5.354765623289802,5.151965241924103,5.121719411491045,5.666380375956209,-1
27,5.022967532575932,4.931521371611022,5.060955661164938,5.322501655685448,5.180864448423523,5.349903893671176,5.151133109241291,5.1211674293585965,5.661334301985805,-1
28,5.039723311071095,4.919655300081824,5.07457080594496,5.301460415541013,5.186456499434856,5.346340559972571,5.152313846358292,5.115623822702201,5.678748454615861,-1
29,5.059094952876563,4.910842152147313,5.094947008961317,5.286348918466892,5.181533872920096,5.342620499312952,5.150622297036623,5.111296085633934,5.67584947378188,-1
30,5.070755018035725,4.900440987899863,5.117524817931848,5.2631618042248505,5.179659659688704,5.326777625015324,5.149697790512606,5.119306825507567,5.67821283228267,-1
31,5.077702312337578,4.908201769002223,5.147841625815184,5.246643326500426,5.18186741770576,5.320669117702092,5.156977150115608,5.12219724447767,5.67733509336929,-1
32,5.081290510765341,4.920745328349723,5.166684768444024,5.22048948105744,5.179872426981948,5.316819658792484,5.154256217042072,5.120026486900783,5.669141052827585,-1
33,5.07957403454291,4.920516953899892,5.179845737175735,5.195398010301751,5.16059307103752,5.3096010614000075,5.147429607331032,5.130259543101991,5.684828135688754,-1
34,5.086988880263974,4.9283548359011515,5.19361090350212,5.171557164219326,5.130470662973521,5.291266792193803,5.142661745149188,5.134259735270367,5.683528496767514,-1
35,5.103850477604361,4.937851594130173,5.213286582038002,5.151575304475142,5.105144886040704,5.268448513924266,5.142080943585599,5.1364035069314395,5.688236852565561,-1
36,5.1165150280982346,4.945427991549604,5.224018576751736,5.136442227793655,5.091434313352511,5.242651989075926,5.135599870571818,5.151115434619014,5.687545548270461,-1
37,5.120728358442854,4.948384773562673,5.225113024275998,5.122139623665786,5.074122982368131,5.21664447736302,5.130160381994424,5.169871343756467,5.689676553232761,-1
38,5.1234855656785445,4.954667384935282,5.21577813693622,5.11680471118305,5.050877002907171,5.1940683255219104,5.129239242853404,5.180990249628054,5.687281016705733,-1
39,5.11646862468869,4.942650684148728,5.196460956394136,5.110526173842583,5.0242685114479135,5.175725186407354,5.1198453665998915,5.197393094841032,5.691282010423624,-1
40,5.1073295439139965,4.9322171138583855,5.188717724546057,5.113356430548779,5.000804921948983,5.165398954871344,5.109816322850769,5.220976394250189,5.692144463942804,-1
41,5.10230509553588,4.9254596472221195,5.194736885780662,5.111672359959827,4.98982326019554,5.163310574564622,5.114095255128161,5.24007737165292,5.702112271371387,-1
42,5.0966715485570155,4.91861023151353,5.198122407763398,5.108959400277515,4.981181409951006,5.161831991382372,5.108441191245223,5.256673052615868,5.703415351700051,-1
43,5.084724673660226,4.913922702762707,5.205643337271182,5.107239217017172,4.9734876435542805,5.163862228250529,5.098700166227738,5.275222415388509,5.69809988731631,-1
44,5.0698476046503025,4.912429707112924,5.212767154288434,5.121520705450987,4.966164524675843,5.168722184306009,5.088284762686189,5.291837957234987,5.704785360712816,-1
45,5.064249841160402,4.916900426647059,5.229203225157883,5.132848536765172,4.95612457180849,5.1743711488515105,5.080508485126779,5.30586935000694,5.707609023960636,-1
46,5.062975105622558,4.919176353301183,5.237402134789219,5.149221433599922,4.955330020363082,5.185061215010081,5.082125005130746,5.322904640705257,5.706195689272725,-1
47,5.08227636234834,4.91897777769101,5.251400359284122,5.170427267665966,4.9577002158020544,5.1790262265057185,5.0865504215534925,5.330843266166123,5.715313506617102,-1
48,5.096480568820262,4.91929060427286,5.269842727515429,5.193721690457957,4.961465569446396,5.16557869675451,5.092786551210978,5.33760176962822,5.721924646332779,-1
49,5.10543721059843,4.918876497638299,5.288255537131915,5.22349784108365,4.958943454512848,5.150759591393688,5.092761371764416,5.335600247845953,5.711697126025921,-1
50,5.10053751043832,4.915121036602228,5.3058545855348,5.254292947851406,4.951208483378133,5.147387103435442,5.09190477753486,5.3381382890810505,5.712854836618714,-1
51,5.091177743473953,4.909874197321173,5.310526911346387,5.274702930961624,4.943042444417927,5.137346166208349,5.09294645480553,5.330435292379255,5.718928056839627,-1
52,5.084281891756923,4.902323503967337,5.309290136940047,5.280410237962226,4.929050063712161,5.133955317468953,5.086168941702629,5.31583345783557,5.721955261453363,-1
53,5.077001122881627,4.892039145724229,5.301513278861783,5.283031753494308,4.9231601630602055,5.129470855442159,5.089869393061626,5.293978534663846,5.726180517920415,-1
54,5.070815519219734,4.876940443861453,5.294103622753815,5.284635554363501,4.912919831042254,5.111802524410043,5.089710387815134,5.263893894897547,5.72486694856518,-1
55,5.058749170064046,4.870414156199843,5.290653913821043,5.281661187995171,4.907272434097552,5.104585570957942,5.086463172070333,5.241476774422396,5.724831180910249,-1
56,5.045246919561334,4.860597471184723,5.272214697861011,5.268118074941042,4.898915975214071,5.103989894613995,5.083625423640619,5.20754771043971,5.7404613106530045,-1
57,5.03609622879393,4.85298781869125,5.2501112391661335,5.250180861896145,4.899650156085381,5.093403860495913,5.081931941895341,5.1711133804344165,5.7344163845386324,-1
58,5.039936354695073,4.8470943917947515,5.2388075588899685,5.228394920341322,4.911485180742949,5.076288325656476,5.085381212820312,5.141765564282517,5.734237190144338,-1
59,5.058725348632093,4.8477980944812655,5.240470398307783,5.214197937946723,4.92425598326286,5.0548831334397955,5.097492099469464,5.122083738008345,5.7409841281860485,-1
60,5.076703325666203,4.846772416783677,5.238937556637814,5.194773424708633,4.931290387035988,5.036529862283755,5.115198076872007,5.110768057817676,5.738664481786732,-1
61,5.090907363417326,4.8388288649592806,5.231218380412389,5.17888835742245,4.940236114582866,5.021845430061653,5.119225163413496,5.100120728007861,5.7442158798316765,-1
62,5.106388895529268,4.828607844800796,5.234450485621701,5.152806588279309,4.941213068578749,5.0224182121506615,5.115979332748685,5.099125171244632,5.741417873163953,-1
63,5.125603540765944,4.817218667040085,5.237169923772639,5.133444792524791,4.936481797938513,5.019934190173418,5.1091079694295365,5.088019371860408,5.736320916920527,-1
64,5.147529888770763,4.8210349927975695,5.245286848815967,5.11548065487011,4.930721916738584,5.01874840958555,5.1064925825670615,5.084271323633306,5.745062075594263,-1
65,5.163290509471514,4.819484185796034,5.2412600506239135,5.10094072149161,4.910889468585184,5.02743558915135,5.097156905231279,5.088640242483103,5.740195987390534,-1
66,5.1734851935280535,4.815854925201306,5.223431656249038,5.095854777586633,4.89382824145893,5.039109282563815,5.083149077714188,5.083127156992086,5.743984125571194,-1
67,5.179761913734104,4.805242209990222,5.199875308225969,5.088218196923816,4.8813632726678575,5.056807229448288,5.064574387449781,5.074094210207439,5.749353639429706,-1
68,5.189450369420104,4.794910506084684,5.182521260969376,5.080244332704586,4.8644464208521,5.062220831422603,5.046574140456945,5.06102679900257,5.751043175254823,-1
69,5.2017595941477826,4.791306897086608,5.170926598605142,5.07289529971273,4.845041188324829,5.068180879501363,5.0353074715279025,5.052690006905239,5.7575116785941125,-1
70,5.216973903008719,4.790434938510878,5.148568119729764,5.066401162510543,4.833661048046143,5.0677500773949316,5.028173790885167,5.042638722445528,5.7562091842894265,-1
71,5.223411331201563,4.804174392530953,5.124646021192615,5.06261800736759,4.831563362688039,5.061825084974835,5.019631521400596,5.045131538600741,5.762247156288372,-1
72,5.2399132466497855,4.818816596086249,5.1044268725604525,5.058308380825192,4.83444583074008,5.055188130559582,5.0060734708977,5.047381444682217,5.753423109602243,-1
73,5.264899261076751,4.833353492310566,5.091862398535248,5.04769132266572,4.840536818924802,5.043956514232866,4.993779627084674,5.0507056087586415,5.764757797349397,-1
74,5.282358272154895,4.848641850420289,5.098983668863275,5.033572760347537,4.846763879730219,5.034368768246437,4.9887443762604855,5.057877747709413,5.759717059893905,-1
75,5.282894180749213,4.863819042469364,5.1042311472508874,5.014805892036506,4.847685471410738,5.022031725752561,4.985229876921722,5.066725717426749,5.757464541311833,-1
76,5.2904091322788895,4.888213300148721,5.1153016662404704,5.0045373671651765,4.855948903559665,5.010156457390604,4.977353246319124,5.075554424903428,5.764960681183622,-1
77,5.293917418935694,4.910547742347503,5.12007092456058,4.99205298694789,4.8596722821277964,5.001953378123913,4.964711756680506,5.089387700704105,5.754945295367596,-1
78,5.290772721624884,4.928996720294267,5.142230322268668,4.980886331893969,4.861655212653048,4.991340880847241,4.952291543064504,5.09605486518216,5.764153244777553,-1
79,5.293892382790892,4.936470088319201,5.165741094894245,4.963347916243801,4.8579049005546135,4.993138413791572,4.9587534485726685,5.098717931854081,5.781292455200927,-1
80,5.29317258490687,4.92843572047879,5.177973205231766,4.960868997327035,4.8491677553410675,5.003503040540434,4.9749803474222185,5.106454456909265,5.770799125373946,-1
81,5.2943450261601654,4.923765647464464,5.189436671970189,4.95881734369463,4.858136779148999,5.0189811213988005,4.993207478755412,5.114064743870633,5.773256514270503,-1
82,5.2993455717471685,4.910385951356055,5.17890583517735,4.959674677873751,4.853855932565571,5.02891548960458,5.0063075310336,5.118533645602632,5.77956845835783,-1
83,5.31328103105237,4.89296606060625,5.18083079279754,4.962051063737222,4.853346535587174,5.0410680611759595,5.020952372479829,5.12772626125482,5.770542028415116,-1
84,5.312295608217274,4.878292463959422,5.177295162061505,4.959416475596522,4.863728085235655,5.054516619101515,5.03944651032525,5.144062858738432,5.781390164973055,-1
85,5.312175121403526,4.87216630821935,5.18537462168422,4.967165689358892,4.884438908767727,5.067128328911562,5.058784119420976,5.154345880390922,5.773044313779355,-1
86,5.324170113981983,4.873467623070291,5.185545085623166,4.981131928487492,4.90303207408617,5.078622955888904,5.0724118503769295,5.171039585832417,5.782711785847556,-1
87,5.323374106232679,4.86707483720056,5.180454963442201,4.999038490527155,4.924528338419332,5.084331346976413,5.076416143102981,5.182860307437927,5.786503749307478,-1
88,5.31750797460483,4.870051314523411,5.1873356193132265,5.000229509742875,4.947845576394094,5.083637139205374,5.085197423523897,5.1942176737336325,5.787823349195061,-1
89,5.306387955329474,4.887858359278752,5.193456372939297,5.00847718026091,4.957769000008493,5.079126706095507,5.097576716476551,5.202364301497405,5.7965377173731225,-1
90,5.302048816648049,4.91321751856797,5.197897161791387,5.028746724595732,4.971424513065418,5.070904802295482,5.112161990058451,5.200475985393106,5.784491254805898,-1
91,5.298472187891211,4.938325330586272,5.1978477656894535,5.044795109707133,4.980486068462545,5.0640199339009015,5.124850902371509,5.186260302071623,5.795738791048975,-1
92,5.296344014977023,4.963646159451556,5.196376288407,5.069448780576653,4.974985407548776,5.059411983934819,5.139929211073307,5.172342798739124,5.793383239235556,-1
93,5.299607347370521,4.989473963742423,5.180045849045311,5.089636434267664,4.96931479331678,5.0505203730227155,5.159746563353112,5.1653045427679825,5.79944842730494,-1
94,5.296736502370823,5.004752224274456,5.160638349281272,5.107723735126084,4.960190441342627,5.05707226032651,5.178630317000996,5.163631897687685,5.797349962419302,-1
95,5.297199560308368,5.019340186566149,5.145559265224518,5.112935883809601,4.946188722297006,5.06686010828565,5.20325313295134,5.178061063122318,5.796701832674068,-1
96,5.30101492538469,5.033467180533208,5.13590119456191,5.121200142737335,4.928189349823908,5.06788450270984,5.213184671200426,5.171743365592156,5.8008035801591715,-1
97,5.3006117042100485,5.033449250859042,5.125013632948218,5.129481051729426,4.9165696592138275,5.069498389647146,5.219905835911475,5.163923031549825,5.799619695947373,-1
98,5.295618318840827,5.037723609650145,5.105166811024937,5.124101917618423,4.915245340173598,5.070542180560254,5.219962607118558,5.162894120005197,5.806619310657614,-1
99,5.29981777716178,5.060472127246262,5.0864855132364974,5.120035875170366,4.910781495179993,5.079162907924023,5.221986649512116,5.161884004469185,5.794813856300279,-1
100,5.3040392957287885,5.079005432546229,5.068112918689934,5.11528870301057,4.908035748510251,5.089122166620477,5.220718356074292,5.159829426207415,5.800570809914888,-1
101,5.31139186760371,5.082426288249779,5.063819843392443,5.11044271863232,4.903537467899181,5.106164976342967,5.217085253607251,5.155545721250102,5.808421738032713,-1
102,5.316008806905187,5.091166386394549,5.057101671689015,5.1033473546109995,4.907823775035846,5.11456204767105,5.223699676817434,5.140212528457585,5.8071516560022,-1
103,5.323255477404832,5.100655778137588,5.048664956993049,5.105147541606982,4.916210776807933,5.119391679059143,5.231083042696655,5.113103456845791,5.812974735030678,-1
104,5.328924114040124,5.0988946267651105,5.0311016615918085,5.1142699554817135,4.929141796374934,5.111488481022901,5.248426046910707,5.106329087444646,5.811471163247264,-1
105,5.335051163934532,5.099475838620522,5.013995892541027,5.114867977980782,4.930797320623849,5.101645128249395,5.265073529761314,5.105446735461953,5.8117002099785,-1
106,5.339520213925373,5.0988674999151975,5.020714588380493,5.116247386207921,4.929227414703907,5.095409621339169,5.280649012207675,5.113355336414075,5.812806473831145,-1
107,5.326482007109836,5.081419857664858,5.020374328026782,5.123107313858742,4.9339738150532515,5.076741372341845,5.2937957931961614,5.127063223840453,5.817933044052708,-1
108,5.32733135726793,5.057379504643606,5.017436442523553,5.11732885673174,4.944480279248809,5.058580604421638,5.3076275193648845,5.126629768543214,5.800776110478705,-1
109,5.319372781369827,5.047514865338063,5.011127870818174,5.109688951906458,4.955518083911712,5.039801508636237,5.31738461074227,5.122543147852721,5.812717568600254,-1
110,5.316339075720928,5.042334573390523,5.011265214110126,5.09630583790263,4.968467827341614,5.0201747566143435,5.313574194956712,5.124799532781631,5.822852770109791,-1
111,5.317387916601378,5.03981807367122,5.0174111037785245,5.0877796879791095,4.983334933159504,5.006438025426467,5.30525654478219,5.117975536894005,5.818582343243298,-1
112,5.325193995879689,5.042003069306963,5.026176946979099,5.0769494880257735,5.00395638053118,4.999561432241723,5.292435012563589,5.102811711497723,5.8190362784537815,-1
113,5.3373200732467385,5.046824803564792,5.040092385869136,5.0667332713799045,5.024986473263916,4.992151194452113,5.283166008311967,5.087088962956018,5.826858644984681,-1
114,5.351264733501832,5.049054616293249,5.039646622772284,5.063035077636029,5.040785386438163,4.9765668740272515,5.286880899200406,5.069100750765582,5.820508269619898,-1
115,5.372642856240138,5.051688478239004,5.033267750430188,5.057076879812382,5.064119976104597,4.965333040831752,5.286455492998775,5.051074387988495,5.8248657444029,-1
116,5.381443399802125,5.0699950395165985,5.032945494238159,5.065508559115507,5.092444583013485,4.953158075189764,5.286524106785698,5.044480362862816,5.828855665870353,-1
117,5.393097114758706,5.07682775795169,5.035968226965096,5.076915837359047,5.1198238576334,4.943720490193723,5.289860441540408,5.04565814140255,5.820929286414249,-1
118,5.400225914677834,5.082589305860601,5.035731780817808,5.095086825621825,5.145267108683123,4.945835314950662,5.303758747159849,5.04613401801255,5.830011552316306,-1
119,5.401608756518834,5.089411027459381,5.021347136795069,5.102846149520584,5.16213830230953,4.940691774906437,5.3136835246199405,5.050725203109838,5.827681654621623,-1
120,5.3979117351137464,5.098330196672385,5.004100108971161,5.104516124961036,5.165328099389816,4.945231512607322,5.315006200111643,5.068651257609459,5.8308219617794235,-1
121,5.3895664389789335,5.104079591382299,4.9825815450954964,5.115133165265386,5.174978359921397,4.953809489992491,5.310820128875761,5.0787749355448994,5.822981925594081,-1
122,5.377406986149041,5.113758859847978,4.972614514317473,5.118643518243544,5.184944360841377,4.974250283702383,5.309070415227836,5.087387620850223,5.831635920856438,-1
123,5.3638316281347524,5.12081617501308,4.960946914532248,5.129471882573839,5.190085432776816,4.995015764048978,5.310109878997099,5.095340329224183,5.831351641244277,-1
124,5.3396061457559965,5.113665486920631,4.951316763084523,5.126387666667081,5.187882863569684,5.022636033685918,5.308770923200206,5.097440646129406,5.834863284998233,-1
125,5.313945169993106,5.108469176849932,4.936380722887418,5.123049762229901,5.191461283860686,5.03710025230879,5.2996743352825355,5.086425032510772,5.841260098006797,-1
126,5.282784433489438,5.103296970255945,4.9230134428124686,5.123663893369709,5.189859678540672,5.041219547813981,5.27886383385313,5.087653243437961,5.844669289169048,-1
127,5.257562279205073,5.100518482814887,4.91837198815245,5.132295782188072,5.178687632440917,5.040545009776642,5.261469338422085,5.095285410778458,5.845373967350841,-1
128,5.233102111944746,5.091834234091717,4.916128536639301,5.137659589088932,5.167839185364548,5.038315107543113,5.2482535214319315,5.086025966711874,5.843966829487573,-1
129,5.205776856658571,5.086354453035828,4.914982974936925,5.141407782826398,5.152174632775355,5.03094616407014,5.227686081708031,5.07479742584519,5.846520087137319,-1
130,5.177126234692783,5.085329293025229,4.908002585532662,5.145871186189443,5.1398887112394185,5.024265267298954,5.196901741714197,5.0694477654580234,5.843848396973111,-1
131,5.148243510928051,5.0924000852979585,4.9103159521682525,5.14575180769629,5.129773395427572,5.01792071824988,5.171311570665358,5.066472447429787,5.844758779027543,-1
132,5.127338791850615,5.089828779895206,4.906894001841335,5.157740999704266,5.112499349213846,5.002359890464035,5.156505708112436,5.068023222597963,5.849435423028036,-1
133,5.11008092560807,5.084572724603846,4.910211456665865,5.1665184470883485,5.087437504222427,5.002448985765846,5.147339795304453,5.078827443181458,5.853572268416224,-1
134,5.105237737609308,5.071461638330982,4.912473909304197,5.167056371338134,5.061430573639288,4.999672810769459,5.140884993117595,5.080880671574633,5.856239001513148,-1
135,5.101313958306166,5.057624092410931,4.914673143257055,5.159437507452351,5.048013936480635,5.002831861356491,5.132468470544492,5.081876065036943,5.840842321916694,-1
136,5.09042030329891,5.046186058241107,4.917190640848835,5.161436062400146,5.029153455937594,5.002215615950144,5.135077137943565,5.090156610994948,5.844531323781452,-1
137,5.090411405200752,5.028244488766457,4.924085410542326,5.164817394446712,5.013401107722684,4.998837255225018,5.14754709397168,5.107934678372155,5.855559009284469,-1
138,5.10092032983051,4.9992980212559575,4.939911632623735,5.174082577322761,4.999601478347986,4.996081671100847,5.1551594267400676,5.1085420560254065,5.851825067121325,-1
139,5.11825728396032,4.972539861550939,4.9531184182410035,5.177431235246735,4.977601445554562,4.99460151488865,5.168563442568534,5.102511454947651,5.855714139528699,-1
140,5.1413517411230085,4.960208039218985,4.965781786779397,5.182913062536373,4.960458749384838,4.996534254058326,5.174013183899863,5.093411205538997,5.85016215708981,-1
141,5.156281288393208,4.956827823329664,4.976504703875569,5.1888243906243,4.947215242257511,4.985873416567081,5.188558582999282,5.079708114809771,5.861281464785666,-1
142,5.160920654896238,4.959886574969556,4.9995958221446815,5.189705552109888,4.939842683046214,4.966009431104068,5.20526302090623,5.072414107942097,5.855381217970143,-1
143,5.162063379636689,4.968694709742362,5.011738654879481,5.1978446152941515,4.933956755140444,4.941373453822424,5.228939892758443,5.064806737117635,5.860748417570918,-1
144,5.173966547771387,4.9765378325021095,5.026501698912027,5.203948780914266,4.933438778246589,4.9178834834801775,5.26177367594902,5.050777843189252,5.860116137153954,-1
145,5.189435185908675,4.989923996126138,5.03889565661091,5.209298134856272,4.939688961761057,4.908585549659172,5.28488128316623,5.02995554321984,5.856999452285323,-1
146,5.21244895422377,4.994073634205328,5.044349657381828,5.198822905401183,4.938954166593381,4.893392302981388,5.306706091839786,5.013261167642639,5.855394375592954,-1
147,5.231044377123463,4.991908887781803,5.05398048859456,5.201317611661466,4.931510949867697,4.880916843728917,5.3165121680839365,5.011515704819098,5.863296920676466,-1
148,5.243630338481958,4.9871071985057895,5.069900530706917,5.193188226501841,4.927265788238685,4.8655512172388296,5.32977580684787,5.018135472797708,5.860672827984693,-1
149,5.261848315717789,4.98006697039173,5.078435170606175,5.178966505163033,4.921975272658765,4.860748434106687,5.334914323461254,5.033804509632972,5.8691187221895875,-1
150,5.284904109302486,4.973077297184998,5.0798645109437155,5.1768363628819545,4.917187735192406,4.867950940862773,5.340417776205404,5.047714959771737,5.8681131965748525,-1
151,5.3053486863131365,4.961853004699973,5.094447692114714,5.164391811052255,4.900038711228842,4.892212970582138,5.338264636894075,5.065436096184374,5.858305984228785,-1
152,5.321152851107018,4.952808065235936,5.105427214358474,5.15311548498096,4.889143560883389,4.927508456874587,5.3262671428569845,5.090050736004546,5.863157897663961,-1
153,5.328541887379873,4.94788928775743,5.111793988477699,5.136276151680288,4.879671247704898,4.95245883569692,5.322246734246605,5.116246934734823,5.868196909729822,-1
154,5.3229103984556065,4.962408338991609,5.122258903333989,5.126974697123483,4.870104546810521,4.984954110156774,5.3260978024644245,5.144884204765799,5.873769239689722,-1
155,5.321405812243465,4.977361831791883,5.127784712525555,5.113890073650291,4.872245561738327,5.007709058496018,5.321212071373107,5.165576504871186,5.864426409650105,-1
156,5.322104479163338,4.9901215309334965,5.141316270133102,5.101005687535016,4.870220162622427,5.027972109212229,5.313829216833511,5.176903408009145,5.868449325003339,-1
157,5.3213648498484485,5.007836298788746,5.161258854629256,5.099849740550495,4.8575543862458135,5.044475500271444,5.309004501116232,5.178094808033021,5.88158543199712,-1
158,5.32016350606695,5.0269036090823995,5.182185945186844,5.1029962210819475,4.8477292486185934,5.045651763913009,5.30635818740293,5.171136160492006,5.87702777267952,-1
159,5.320915698052624,5.042181628573055,5.192956235625152,5.120051756990944,4.854898943703866,5.0377241293216,5.30411252852448,5.1680381728408715,5.869143393727419,-1
160,5.332544903660021,5.064164331651855,5.200636888674414,5.136079098482629,4.8630730155878865,5.025584149274809,5.2826195256558774,5.167094336533406,5.874128385526675,-1
161,5.34029547493035,5.089138207144705,5.214870558439438,5.145752802420172,4.866413779155896,5.013379945088754,5.260876201587691,5.168476747474745,5.884355732354642,-1
162,5.34997808809048,5.111932908828415,5.22013609127444,5.159125507021485,4.872351174634464,4.9885095831314565,5.242302973373461,5.167271103742152,5.881597814197657,-1
163,5.354797355190342,5.13860361036808,5.22096219199012,5.1704406600628285,4.87794784014464,4.9751764078328335,5.227340901847303,5.154943496042309,5.888196562303026,-1
164,5.351740667412347,5.165784571464367,5.213827324049966,5.183102070792289,4.876031066919147,4.9702339588880085,5.2130531328993035,5.143699594684878,5.87667455815119,-1
165,5.349043898277036,5.188932986370211,5.200611764439987,5.1869425449706235,4.872526250566301,4.965568714810134,5.192496586136098,5.128386274536606,5.8828922811103945,-1
166,5.33739025748353,5.213698834714679,5.1884654383951325,5.182413050608591,4.866113796665252,4.982452906152068,5.171861555797767,5.109171859204583,5.881841837639366,-1
167,5.328317860751982,5.243509643189101,5.18588908609459,5.171834374175861,4.857848905292991,5.0019282502739575,5.157771155415435,5.093054374470329,5.889609474809647,-1
168,5.2955392027165455,5.270999106768536,5.188475130916538,5.161664945211922,4.846272432506873,5.0200835151008025,5.157529302640784,5.083370101840167,5.891072369095352,-1
169,5.273953674452909,5.281326479544767,5.186915324731048,5.160752847149023,4.826213504214472,5.048111189927629,5.16635710685695,5.079339408735131,5.889702409022316,-1
170,5.25048571985432,5.287836404044926,5.184633873859578,5.160485805464542,4.804803971282552,5.080633441067002,5.174514729850707,5.072017288376763,5.8807280400882025,-1
171,5.2308567249263795,5.291233966760872,5.181318915538637,5.159912180179495,4.777696148989175,5.111474747755424,5.195829146314201,5.077555869341623,5.893804579191721,-1
172,5.213580245324848,5.29745615170179,5.175823429828662,5.163522632800938,4.7687173858810095,5.136059961776076,5.219648736266169,5.088885524685792,5.892243301427711,-1
173,5.191627294802406,5.303380965423453,5.172284466533375,5.166313199809107,4.766956089107819,5.146516422562579,5.252388013919535,5.105743298144236,5.878994619512226,-1
174,5.176788534841021,5.308722619965875,5.164070791616211,5.159025860501877,4.771208764778303,5.15279580610779,5.282168890248733,5.133935313148993,5.898450124784455,-1
175,5.160396356229342,5.3137567911944386,5.155407060520217,5.153647113411016,4.768204077431208,5.152877091121257,5.305874063874049,5.148073853655582,5.888061935220324,-1
176,5.155446329316985,5.3132438399900535,5.147560505434397,5.1576265937532915,4.764354263170283,5.1482418193277555,5.3327723139974985,5.148854192224919,5.893906178928449,-1
177,5.14041084985787,5.323236168362005,5.1371998085548425,5.1621575130418025,4.768023683496673,5.132196164485182,5.351122962460493,5.140538579492347,5.904652121048897,-1
178,5.125154432302291,5.337008312416158,5.131260723213199,5.173487288624341,4.779860841743528,5.12188012079418,5.374611469456896,5.136502995144669,5.897518817005097,-1
179,5.109262865695923,5.3491848322369595,5.135043318536061,5.178202307812226,4.790700660738561,5.108544299986392,5.390635257150989,5.138360319290861,5.898199471689587,-1
180,5.097442985256424,5.354609931161088,5.140594109378428,5.176709776554776,4.797524425526444,5.0964893341341275,5.402514460885973,5.138297206423717,5.896926511312313,-1
181,5.093667116609026,5.349414947059256,5.142387028747446,5.174781181265454,4.80510284130761,5.088531380045214,5.410902173426209,5.140010830368536,5.908049471683582,-1
182,5.0863070415095395,5.335251077390193,5.140313566666112,5.187273927536018,4.811670728242389,5.072624479140454,5.431922037738171,5.139470429850497,5.891931044218783,-1
183,5.081883986182627,5.3185422613665505,5.130275959091778,5.207657095130459,4.82312633721645,5.056652067212421,5.447394180560617,5.143125288695815,5.898940131802591,-1
184,5.080213617662088,5.296762668257735,5.123843180996432,5.22049777798678,4.84023815414227,5.040638909267722,5.459102460778142,5.154569264021118,5.907511595594432,-1
185,5.082851888999229,5.265210175910533,5.127648736140305,5.24091237063891,4.853989759371494,5.0232840837254145,5.47168676989399,5.176262657186046,5.900761351323306,-1
186,5.091983476356756,5.2257976073375065,5.1322652628940215,5.2522780987593265,4.854293554720829,4.999645417681773,5.473070790714161,5.200799759787844,5.912414914252149,-1
187,5.092556724644243,5.189826765773292,5.132744829779304,5.2740964693558485,4.854320126296578,4.983306520996912,5.469578629296844,5.209074974687538,5.904257271513175,-1
188,5.097958379126668,5.1504733829674825,5.134656450240658,5.296735953166785,4.845943969596127,4.9694197618030955,5.462038863828952,5.216506257459459,5.904328248385701,-1
189,5.098539563548819,5.116323901344269,5.144478824540469,5.328333443852536,4.837457770325974,4.971147357697754,5.4586652947357175,5.224017958657178,5.916386039476434,-1
190,5.104704977162655,5.092452060922786,5.149255702747842,5.353123978425557,4.8187591499661995,4.9816145001369385,5.444583885688119,5.23453122815831,5.9100974836722,-1
191,5.102078110402956,5.068853452099682,5.160617265212756,5.373198946332761,4.805280577486867,5.000577188011088,5.437135306572792,5.241533395271495,5.918458560381951,-1
192,5.094283511496032,5.061278996219292,5.161747066026768,5.381171480013151,4.789268236384613,5.024718625734131,5.428068898897762,5.246951974538275,5.9097848670390665,-1
193,5.078659932835037,5.056061624557771,5.15371984434433,5.3802350942206045,4.776986298344839,5.046591952827874,5.418459351218555,5.240221373527376,5.910939814481052,-1
194,5.059374810870208,5.059649095189425,5.145623374066834,5.378776332046284,4.780553348734431,5.071587100402526,5.406284019606594,5.231529500786888,5.913945541302822,-1
195,5.045587639747172,5.068211378930968,5.135854245970914,5.3660559779461785,4.793951345060682,5.086189356692087,5.384351658558194,5.224078728058965,5.908739982992518,-1
196,5.031999001505379,5.076629594029746,5.125092010537246,5.350157864151482,4.810952759814285,5.102727278527472,5.368061976401338,5.206703936637732,5.911569069920762,-1
197,5.021367904514186,5.079914536782281,5.12307003111437,5.325444988171496,4.829006114340297,5.108051674489375,5.348744077008282,5.186568384607671,5.914765223929791,-1
198,5.008713719220428,5.073096416249172,5.122484776674171,5.303720529257067,4.854713422181425,5.10435639087624,5.3441582519969835,5.147566159351272,5.905604845610469,-1
199,5.008527202748022,5.068076204013239,5.125506823573232,5.275825911060438,4.875071325798287,5.094279716335709,5.3416522276068195,5.118654644014588,5.918097795915347,-1
200,5.014204276543933,5.065965799036443,5.141887871572208,5.2612030754679955,4.896886055966878,5.083915302437449,5.3453501907588805,5.088833182281021,5.92230687774877,-1
201,5.022008174897977,5.061838740968893,5.168592428910514,5.2504541469211405,4.916580770126399,5.079927444252993,5.348708191880856,5.060962414848198,5.9129210258828975,-1
202,5.035993291009521,5.054884387519015,5.189834834854123,5.230408369542501,4.930803129336339,5.075537679728234,5.3544660189637545,5.036352887512798,5.913659456733406,-1
203,5.050079333316902,5.034600984748145,5.20407118759783,5.215935108485113,4.939424726785073,5.069883248905129,5.371397452469143,5.012970915942853,5.917973781855051,-1
204,5.056057886199275,5.015792335982274,5.208786189996594,5.213601236052872,4.950602172004656,5.056358188848022,5.385480228319002,4.998786496014011,5.916387148937133,-1
205,5.0659291534876285,5.007446038112708,5.200159875500152,5.204625842555522,4.963975226336786,5.05447031688179,5.395457287562194,4.985987599285369,5.927664815367103,-1
206,5.083178158789939,4.997677617885001,5.198458453060929,5.196889288178137,4.970150549456745,5.059916775128543,5.393141933378768,4.980422709807248,5.9130112679732685,-1
207,5.090096623527273,4.989543446887758,5.1869096150338905,5.193534918229784,4.968358625704809,5.060826459198301,5.375465758907888,4.964485505447977,5.918739950293763,-1
208,5.0935823741117074,4.976382956248024,5.1696873021646645,5.184848609123047,4.9696783572985845,5.057336345831326,5.3510948388986375,4.947567395739157,5.920834840073793,-1
209,5.0984141800142915,4.979019904373936,5.140011634709169,5.166197031340409,4.981275422167436,5.058142000746061,5.325395799953847,4.938591815102009,5.915442528334456,-1
210,5.0962332668189765,4.973835835826374,5.113014357812647,5.166921824753011,4.983248180502136,5.064373083405645,5.305189570991486,4.92365441677085,5.9210945819324605,-1
211,5.0941619351567935,4.983837762391275,5.0976530182256585,5.169856054376417,4.985295684030752,5.069567623377216,5.289350890522966,4.904761174718965,5.930686621134478,-1
212,5.094345247518782,5.009255615632098,5.0961016265056465,5.1638010625077175,4.979941797387186,5.072407945804842,5.270165472136124,4.89021962281153,5.932250338543191,-1
213,5.0932094672500625,5.0280918072716005,5.1027756300081615,5.173732940954034,4.963759746765075,5.060623498494786,5.249095094467585,4.8764485869323115,5.925543141719879,-1
214,5.082027864440682,5.053112140558906,5.111968157680128,5.186840623804366,4.937291424340277,5.050165805953054,5.220889431616756,4.870932837941028,5.921222273703473,-1
215,5.069854851062556,5.074835999590755,5.128189488636435,5.2055398790284855,4.914925458626351,5.04607088282369,5.208602998591598,4.872464775805989,5.920143586811116,-1
216,5.062706156380367,5.086624739773991,5.14720173078629,5.229077053619333,4.891290417421819,5.052113775929701,5.212315094348604,4.871121192387152,5.927139445427601,-1
217,5.055311937986346,5.087526401699946,5.172259459749918,5.255916847810384,4.854396991475136,5.056537645080912,5.212757677664744,4.8743769070757095,5.929405904132896,-1
218,5.04773857457823,5.0980384012045,5.193113468658682,5.264018896069122,4.832478130372212,5.051944107781877,5.2049457312596665,4.88471370958594,5.938512475503966,-1
219,5.038913485518771,5.0994998063023615,5.206942726352367,5.274665155381863,4.814329639690657,5.048139483752725,5.191333503222917,4.906114083316624,5.926064949341969,-1
220,5.0315317922123945,5.088346861120973,5.212725217475145,5.285509626125952,4.793467660827698,5.048240397821122,5.19123833929956,4.922738947575303,5.931457541608871,-1
221,5.0284600568473925,5.075013293845513,5.213434578488034,5.289390070993343,4.784596149739408,5.050438635108142,5.197971404752445,4.937600695893205,5.925606399729378,-1
222,5.021438530237233,5.063559132057515,5.210764571499658,5.297385676800769,4.781923325689538,5.055651495920485,5.209403093432199,4.952217846168584,5.932164292317177,-1
223,5.01932663236731,5.057598679621149,5.198550127951273,5.299174586149579,4.778254940104045,5.06132999567391,5.208742064950098,4.965937449464864,5.928399876891531,-1
224,5.00644701966533,5.060468091503197,5.178975114301425,5.294435306017717,4.7756663039104,5.0540501527411426,5.200845982299243,4.987378292391281,5.931030027746176,-1
225,4.99536484526325,5.066447979146632,5.1568598128929155,5.306354689529506,4.777207796874242,5.045224663434161,5.1927863273841135,5.001928237054508,5.931579598569445,-1
226,4.984876298018631,5.073802306448506,5.147265741688261,5.33248260870344,4.76761367311817,5.037633545914865,5.184612666627569,5.012810708411766,5.933970168147334,-1
227,4.973132479699565,5.074667781834287,5.137404521823243,5.362342401044131,4.754215831592854,5.030143496166113,5.185500351311296,5.023022764400017,5.932254601323705,-1
228,4.968084393256312,5.077741676056917,5.134732871333274,5.395627836046134,4.748043931480845,5.020700511915582,5.182013686128583,5.033047396087657,5.938898304712791,-1
229,4.957606606161716,5.081825016233516,5.123545718909476,5.436375996727327,4.730487787893862,5.025014815226482,5.171471440752557,5.042815831280371,5.941567763317979,-1
230,4.951742612776253,5.084310546119159,5.106970024386932,5.472233550595966,4.719207915617671,5.0182864183743074,5.16904580241519,5.048431543405404,5.9332442075739085,-1
231,4.942973726485152,5.081800925702925,5.100823260139579,5.497879962241453,4.719014034520834,5.002215523565473,5.1655469957173565,5.052482666340282,5.935204377853887,-1
232,4.941201411075943,5.078474073743807,5.097601998545505,5.532474277673821,4.713212902778787,4.994965986106333,5.156239912165091,5.051738156251321,5.933468487827506,-1
233,4.944397823531022,5.073843329990802,5.094220629978988,5.554805503103848,4.708760030579765,4.987695169120037,5.169143125959661,5.050508849583206,5.941867118302564,-1
234,4.952112427346002,5.063055782648274,5.0875934345313905,5.5688643460294465,4.710638061560205,4.984129194488363,5.176589555696166,5.052445561944162,5.937228888059931,-1
235,4.961772359293199,5.060922974666508,5.088585260772873,5.568299227733248,4.718705465000644,4.983800923174824,5.17280197757914,5.053866242630348,5.939200289808346,-1
236,4.970596440791595,5.061445156696364,5.089915630932111,5.563829833284788,4.724503884770753,4.99410385740544,5.161542342674943,5.0567346353608,5.929915898143272,-1
237,4.979509180438113,5.067429699676123,5.10057392694603,5.561281932680711,4.731685581542657,4.987672059784812,5.164797122704411,5.064508293437239,5.938863688075087,-1
238,4.9887357159301855,5.0722870943859855,5.119681467661045,5.552859457256759,4.736383300187155,4.9909345779781304,5.164645044590754,5.074888057366157,5.941877700876795,-1
239,4.994310360604683,5.074039325315724,5.1291999762471825,5.557454124024872,4.733918989351718,5.002258291390199,5.163811287589727,5.08184878151108,5.93637502501777,-1
240,4.992021302416463,5.077818399439089,5.12712681142156,5.555497094750434,4.727340347102773,5.012873775015169,5.160834569075729,5.091304714976914,5.940336132273105,-1
241,4.9779661621731055,5.084605175455507,5.124728651975648,5.550208057923634,4.717124442524833,5.030438424726201,5.144091006639896,5.097734712213837,5.945916493081428,-1
242,4.961706230295307,5.087531282028716,5.12224676277728,5.5486276993750785,4.705017021357094,5.046107380254041,5.1385508773606725,5.101617527001503,5.950808565048784,-1
243,4.948410516887478,5.0954629666784035,5.115162121684185,5.552311057955061,4.695279314019373,5.069372829216382,5.137795862408138,5.103022648651243,5.953450738220684,-1
244,4.934636168902714,5.09850473864839,5.101283035086041,5.556953953625554,4.689797193488835,5.0774368031360755,5.141309302170122,5.1085052961350375,5.947916471016831,-1
245,4.923053128716966,5.099328778072213,5.09158675065925,5.552559019888305,4.692399274328123,5.097169146740665,5.126626025895972,5.110145406180072,5.948634201567868,-1
246,4.919864550041053,5.099414064675244,5.080071135737265,5.549860244052879,4.695736230196362,5.113399164368071,5.115147778742441,5.1138603554947535,5.951721408652379,-1
247,4.923473780415435,5.100081600817131,5.079182471338049,5.535875175886019,4.692645898847013,5.128866720291658,5.114356944344294,5.1286781349315245,5.949426826923466,-1
248,4.937018046536531,5.091218644810233,5.084647717895987,5.512839437908329,4.69296467481956,5.150903488613091,5.12328433916655,5.1348290307167925,5.94720975327062,-1
249,4.956116130567956,5.076972836394389,5.088391149051909,5.492222214809463,4.698489160875054,5.1758473245089345,5.126304947681766,5.149010693393166,5.950768590702503,-1
250,4.98063767535553,5.065241861155345,5.085918700166086,5.475144116939841,4.71151252794297,5.2054626910123485,5.134126883901554,5.1659034829026504,5.948739168050507,-1
251,4.999097063929902,5.0421313701910675,5.079349447016602,5.466808570580173,4.720368009123058,5.224956236474163,5.138493116161786,5.1827503919060085,5.948316245507907,-1
252,5.018806338648954,5.0228406165126165,5.074344111624964,5.455807010184417,4.727113088530249,5.257825657695553,5.145875381124172,5.1971906904890455,5.949343228171732,-1
253,5.037761215190523,5.006417511304205,5.061433421370262,5.4471453355153345,4.724903873499558,5.277003495353502,5.164038390793369,5.203623854314314,5.9538580763884505,-1
254,5.058878013072226,4.994992392595394,5.049205729262511,5.433818038668013,4.735204589705207,5.2907526680904455,5.178343673305541,5.205192616881082,5.941875141898438,-1
255,5.072246440815097,4.983733943990141,5.0294719002444515,5.422331173176493,4.751149595384111,5.3023447306196765,5.192685938282844,5.1952109492810035,5.956782274374482,-1
256,5.077923782052775,4.978183747198111,5.010102251031702,5.415257619061279,4.770802685405039,5.302427794439929,5.200313647356833,5.191492571926674,5.9519019824012505,-1
257,5.080800142649126,4.971088546652025,4.9961823077331635,5.411023800719634,4.790242471143987,5.294157180705681,5.21115501734782,5.181129608665654,5.953237286290577,-1
258,5.077633196013685,4.9622383598887385,4.9811588849663515,5.3917309583701485,4.805081428876748,5.286929596192332,5.221628059778682,5.167822413669992,5.963262962226304,-1
259,5.081944521580602,4.95879934297619,4.9744477517944725,5.3676006849481395,4.810395412302936,5.29504072215549,5.241104992430476,5.162245788154854,5.959419562448536,-1
260,5.086858566124964,4.954560668305077,4.964552330053117,5.340083021439975,4.8110889865218525,5.30026623134269,5.253791299822643,5.149283298361985,5.946087931070152,-1
261,5.0934427318001525,4.95122312246833,4.953456724421877,5.317233987362392,4.819821834808288,5.308760093427393,5.263596386895401,5.139096340851882,5.958638832001396,-1
262,5.092505840803563,4.943623330549544,4.926631794770172,5.296869756982224,4.818829645850907,5.321955704813925,5.267123051218574,5.131611987679963,5.9586198982786405,-1
263,5.100680458111804,4.937863296950221,4.908846815067229,5.278008246577165,4.818535152267284,5.329639585267761,5.270671359367078,5.134000993291091,5.959083186415259,-1
264,5.125429942237961,4.930864821424498,4.885604006259866,5.256644926885364,4.817617587443685,5.3377383506073866,5.269381031406399,5.134468580228423,5.962745199907887,-1
265,5.159918471320681,4.931340614098014,4.863480870751892,5.236162510594858,4.8141367779007185,5.3388492053246175,5.2600035812959876,5.135757303849454,5.96720656258421,-1
266,5.196940099556253,4.9404699808215495,4.848070488965407,5.213809079648344,4.8126482245416895,5.33823337108439,5.246202889492091,5.138636972326958,5.964683030795394,-1
267,5.221316195077077,4.945887758083014,4.8360884090056215,5.191688825162107,4.817182508470525,5.320853081056641,5.217288457719351,5.138999667681123,5.971476265872916,-1
268,5.236694135687319,4.952333305163366,4.837283585698948,5.180636094843203,4.8339937892401394,5.308372123681786,5.1887981396290845,5.149569332556557,5.955468887837435,-1
269,5.253065037371954,4.953276775636832,4.846811280598674,5.177127284459994,4.851025659079207,5.28394770052802,5.164679979827834,5.163367089140526,5.959896214917354,-1
270,5.270971564932601,4.953316919922495,4.864224863241672,5.170924006293072,4.873615275460263,5.257730179136292,5.147400465061361,5.1779058369706235,5.958588474770179,-1
271,5.278713838343316,4.95509497390891,4.892245862216838,5.173108407440739,4.89275196052701,5.245078810282729,5.122237407214061,5.183677260488391,5.958877291549936,-1
272,5.269557432911246,4.9501876055974705,4.930299354383749,5.182807609008656,4.910588796827292,5.237581226270487,5.098316040538275,5.1898737482806006,5.9620055320656515,-1
273,5.260281583383507,4.946155030433447,4.959174657230711,5.187471886724888,4.926951506118466,5.233631007759282,5.086208694979374,5.192038303348211,5.959019341374189,-1
274,5.244794344889538,4.944552987701971,4.983454669576801,5.198429730105815,4.934268465496299,5.219538545566739,5.073152399205291,5.192092457466469,5.9591951231768725,-1
275,5.231847558040471,4.942152209603547,4.996288880418096,5.20142985664028,4.940848712893836,5.213175347076578,5.073919084353248,5.182634105860632,5.967596415872096,-1
276,5.222958813030946,4.932776856365211,4.994933944688685,5.198210856633222,4.947994828309872,5.191349708541121,5.080480207336784,5.161555171298302,5.961606324659203,-1
277,5.2088475261626535,4.9310613850655,4.992173072906317,5.184125013924993,4.965177385379165,5.173406345940341,5.075419469613488,5.146417857304893,5.964417645351672,-1
278,5.2005246408611745,4.932202438147691,5.001551714658479,5.181570520147182,4.980148185526015,5.154278106760897,5.0668686750627705,5.126643339671769,5.971036745529072,-1
279,5.203433392893386,4.936698511755329,4.996450550745165,5.167626204973564,5.006027038638433,5.127389571167284,5.071619664693939,5.104329575403826,5.966103253329699,-1
280,5.209223418467534,4.951058734766513,4.990725578620519,5.158651030189304,5.031823545323793,5.100864708304935,5.083088582409686,5.091059823547678,5.9762311995834345,-1
281,5.209965204215899,4.95900227517571,4.989586372497213,5.147824636424202,5.064100836387472,5.080721747906421,5.096490552997527,5.081054552177708,5.972205700018466,-1
282,5.213719815103029,4.958672910215255,4.988496379714085,5.137071718666908,5.107500295143918,5.072357598354029,5.112163261347594,5.0741005814618365,5.972610982824945,-1
283,5.219759050372149,4.964038067312389,4.991352396280379,5.143564160917588,5.1511884030640305,5.05432302153647,5.124838491888835,5.073769704658478,5.971392778054642,-1
284,5.2148213388995455,4.979195391222001,4.9989221315427415,5.154178658196081,5.18665257170293,5.03755042043,5.130260189803998,5.082602890115885,5.962074721876492,-1
285,5.21230975728602,4.980338476420023,4.999228213234929,5.166840063215267,5.198367369062071,5.039195803865877,5.134006901300799,5.094572926392258,5.972922067883807,-1
286,5.202125390416964,4.9751575334373,4.998048279059045,5.165788406787851,5.205318886258809,5.0419542024674975,5.140226153716988,5.112125578235168,5.975236182475392,-1
287,5.187862639141675,4.959010155891898,4.998273791879813,5.171768910676069,5.207854679562707,5.038955506180206,5.146219184284476,5.136404234454076,5.968926447953105,-1
288,5.1723183350943245,4.936173354559868,4.991468048728925,5.182836921580865,5.2077228828462845,5.029924475068291,5.1430146917411035,5.15760075364723,5.963819243813912,-1
289,5.15728377411675,4.916000137152366,4.991460443808229,5.201363177886022,5.197589213360877,5.018272201268975,5.135665894555444,5.199884004516571,5.963908669555301,-1
290,5.1402012558489325,4.896239962670382,4.999390748483728,5.217570881102155,5.178729734328274,5.003370213310521,5.124484155192983,5.235788058681932,5.966667941750096,-1
291,5.120330607247295,4.882976155184687,5.022357288260528,5.222953949673973,5.158900019889149,4.988758996187853,5.1075872417019195,5.262399723477342,5.972041200240116,-1
292,5.1106258424239455,4.858709961832435,5.045202843914582,5.221155694317453,5.139385630832074,4.980720130888468,5.100995187290103,5.285783484549997,5.97111306448753,-1
293,5.099637338369828,4.843075297980692,5.07039662298236,5.217570363278458,5.134320630281144,4.972280759081912,5.106131594091613,5.299010650540431,5.967571163651044,-1
294,5.08144689005734,4.84570096376761,5.086071341112244,5.218627934810983,5.1233225270656195,4.970859305103675,5.108958156231495,5.293824807078368,5.969331849193816,-1
295,5.069645037492408,4.85578127461981,5.100343691624605,5.219587821075738,5.103663850493565,4.973262140708622,5.103119705375414,5.282906723881855,5.973163537917534,-1
296,5.073257532733754,4.876171921928268,5.122341461596028,5.208780539792147,5.085567397922125,4.978465149876846,5.103363315759316,5.2717861147963045,5.96997886431474,-1
297,5.0824931829068,4.8910701267214325,5.143681801514405,5.190870673420198,5.072669787572174,4.9731895330013165,5.0978829525180345,5.23779074406564,5.9753613416424285,-1
298,5.088323016189117,4.904874607075629,5.158766448688032,5.183212965663005,5.061244813106838,4.959886109532787,5.094463331518428,5.207737754432507,5.984307658459207,-1
299,5.098725086846862,4.9153931473037815,5.166314810365584,5.173820033768569,5.052958315713864,4.958758194714072,5.0863294397103935,5.187795605186091,5.967718504554547,-1
300,5.108331042597862,4.933765180364342,5.175964156492867,5.167262205160729,5.040590360959406,4.961872064703618,5.073172512062124,5.1642983697440705,5.96898032205295,-1
301,5.111647262303903,4.954833024633139,5.183413884827314,5.157914013946599,5.0274220856226535,4.962719267687789,5.056753857099941,5.150194910733897,5.971340139766888,-1
302,5.116329939913067,4.956977727114155,5.197694775596567,5.147031323007334,5.019643453784483,4.964831612291516,5.055258018875019,5.150979301713895,5.970331416423808,-1
303,5.122329924495874,4.968383226057328,5.206147243883759,5.136921776337563,5.0147819125167015,4.971912036786999,5.058458173346191,5.154839528744542,5.974523586549984,-1
304,5.1101773806183255,4.977917158845999,5.210630413394258,5.134917298072166,5.003219720072859,4.971905616463133,5.055755125692045,5.155047575991659,5.96681422930635,-1
305,5.08401819954161,4.987834701193815,5.21126545873842,5.12810090667165,4.994563551761825,4.985524358794063,5.056336513842073,5.157241077491818,5.972485219414132,-1
306,5.06173973581041,4.99550703746128,5.20937853302221,5.121147646061645,4.984342295255802,4.99851185966767,5.056227102982976,5.157795690104169,5.980276450141325,-1
307,5.036595823330852,5.000262241012855,5.198718365754489,5.113470340953721,4.971761183941525,5.0178056216640226,5.066009360241421,5.159666632591437,5.9853214695229635,-1
308,5.008707404508044,5.003997339502931,5.189422830534887,5.112474432021994,4.955918375753084,5.036629360433572,5.073290555711808,5.167019932717573,5.9762167960066215,-1
309,4.987027059621746,5.020093292214906,5.1868802037481085,5.111909403045197,4.938856229285534,5.042563992120065,5.076885362730776,5.164387555122882,5.9829347470544025,-1
310,4.968996348364119,5.041794399166631,5.180002849619426,5.11473021984502,4.917914627628944,5.044353041380974,5.069322698244673,5.166251159383043,5.982557467056816,-1
311,4.948170299729994,5.048705749592516,5.182213758690444,5.116732569834245,4.8997791680026035,5.04997887083249,5.054614983358827,5.165498221405955,5.976377762432781,-1
312,4.943189471776011,5.0518813223697805,5.191254234782958,5.115607737131196,4.889316573535829,5.066219501780971,5.046939013413581,5.155533377402035,5.972033823369822,-1
313,4.9492468770895215,5.050601884540166,5.195163455733583,5.120512884047844,4.876006179275426,5.0805725387653435,5.043980230102377,5.144266630037509,5.984098364437309,-1
314,4.953743064161026,5.055076631542429,5.198948865393684,5.11912473333462,4.865518838013195,5.098671413769889,5.047187241823381,5.133910699807618,5.974985418692044,-1
315,4.958679748220614,5.064741664540139,5.200836533520028,5.121523536513269,4.862374635930518,5.1036839369906515,5.052885563344685,5.103184541409428,5.988904408996058,-1
316,4.969481492472265,5.077232386933362,5.1988033472423005,5.117229306834209,4.862651669680128,5.102277343674219,5.069504812725875,5.06492905311733,5.984014545800423,-1
317,4.981303882670776,5.081952746701952,5.189605378010825,5.120366796472072,4.861585322630641,5.122769443178697,5.091629470201593,5.035838607902879,5.982994896175765,-1
318,4.989169589962704,5.08728050070293,5.177279108511702,5.1263601209610075,4.8658726131528205,5.145506077738208,5.1140056909817195,5.003034835506929,5.98434307162171,-1
319,4.995266682629949,5.0951816909385546,5.1505772813166795,5.1284755312952015,4.868043758534266,5.16524512407512,5.137325358310956,4.982747236242083,5.993075719389079,-1
320,4.988171309857262,5.1034555450628485,5.11250120424761,5.129661671919593,4.863978731415134,5.176353207465119,5.154098252173872,4.970980558944576,5.993952352764341,-1
321,4.98404111322625,5.123611831540854,5.08447030941389,5.125276915077834,4.865062874165751,5.18689951114147,5.172797675407065,4.96013597227083,5.986192961149613,-1
322,4.979025425294818,5.133671860332671,5.057074200601509,5.129501161224553,4.855151301821499,5.203738841385306,5.194680061962194,4.942658291023448,5.980604095547817,-1
323,4.968751222712889,5.141429402787657,5.035982610838167,5.1360410100290235,4.832668395006751,5.2201560329474,5.214773546981879,4.945911470780579,5.974307302081006,-1
324,4.961674289864361,5.144837712910333,5.010890141386634,5.1429166556554655,4.815705165495883,5.235252557697606,5.218104279250903,4.951370344460356,5.986187642692158,-1
325,4.961618211295625,5.144449624819684,4.994261827811931,5.13714596256821,4.806174744913635,5.246273929361812,5.217702896390004,4.954261539379298,5.985933110966862,-1
326,4.966770260094395,5.149347926878203,4.979140679487678,5.122138823010934,4.802016841951771,5.249102656757114,5.205478897542733,4.959731824357423,5.986639353886303,-1
327,4.969296660103201,5.155946006225605,4.971586185244833,5.1071052674115,4.79629965863747,5.245807046959623,5.19824727547756,4.9610559184507315,5.9831843785091126,-1
328,4.9756270363278645,5.159654765664619,4.965367792703566,5.090199471642841,4.794257359999032,5.244778347331729,5.19744271021698,4.954944826277512,5.988328259836562,-1
329,4.982177374395035,5.158766218395895,4.958156713788761,5.084974000818427,4.786488396049176,5.243231608916285,5.1978744465326105,4.9513060203214545,5.984738688977855,-1
330,4.986956366519567,5.159600566581741,4.952563963843813,5.076039947064561,4.79095777843051,5.231225935722863,5.197569543629893,4.959059959751899,5.9794352100418555,-1
331,5.005308913218943,5.165989688542924,4.936277902478487,5.063730345262008,4.802647280840761,5.224724146303864,5.198492089014807,4.957741619964135,5.985069032945908,-1
332,5.016275028425886,5.175089273656753,4.926317602303392,5.054314596401622,4.811782455063563,5.225422456110376,5.211057030397262,4.965748092185554,5.982414068459206,-1
333,5.0186539755839465,5.178022704019952,4.903827548092545,5.043035266757205,4.809481766897701,5.219031430275954,5.238094431327121,4.968340466240951,5.988197389926899,-1
334,5.026831306663845,5.169286359945997,4.893861111105116,5.0348283050054485,4.802362169171706,5.210540515668991,5.28375285195621,4.959996589998998,5.9840065170903545,-1
335,5.029195655800202,5.156600128544083,4.883278666185344,5.029522239450561,4.804801488790185,5.197329202341998,5.321591447658274,4.945775257549611,5.992928039049819,-1
336,5.032283447088531,5.142530423651394,4.8681749909540475,5.028069371797946,4.806741995689336,5.1848017474263095,5.3568014177032754,4.9435638225078256,5.991650692650869,-1
337,5.024272092306651,5.126214970281962,4.85124388503559,5.024291091513828,4.805478603287179,5.173802389023033,5.382069194364742,4.94030597387115,5.995431628381938,-1
338,5.0196116912044,5.112240403614815,4.837347262896966,5.02213949679641,4.804735590050387,5.166259300742555,5.410545198974994,4.946635570925304,5.993356640209658,-1
339,5.008525471954933,5.090583383700978,4.832583789422527,5.021408437689254,4.807029539614341,5.150058920459674,5.428385201047985,4.966906730200066,5.982590315509825,-1
340,5.011221031667215,5.068225264550744,4.838153037482176,5.034302713340479,4.807913667980781,5.129034403089183,5.440774264626617,4.971042169855574,5.9999905001591,-1
341,5.020280683762037,5.048251213813792,4.85748380514806,5.046839765481415,4.824230356389158,5.103296860935302,5.439995967424067,4.979670111524887,5.988250145815461,-1
342,5.0273162412043435,5.031775499913233,4.868994286202066,5.062093584678581,4.852831189723257,5.08648591672055,5.427944893552284,4.9920360753575945,5.98615635513433,-1
343,5.041599994164619,5.026116503428002,4.886490597911058,5.077963329999439,4.876712304569109,5.079430684992052,5.426522239447584,5.000175681596946,6.001300905078169,-1
344,5.057553771947928,5.027849723706488,4.9111020759508035,5.083155342721724,4.903347673141526,5.069605936080592,5.421187350119943,4.995545112638159,5.992649879303429,-1
345,5.075747793957011,5.0351584043023,4.930332807893903,5.093748978509111,4.937900200260904,5.058375439123626,5.42146086325895,5.0008951402509325,5.995958599404304,-1
346,5.09593039539342,5.046886772006608,4.945707606799821,5.0951370525922695,4.965120197924,5.054135878016567,5.409392573865949,4.991771668678887,5.997921286637355,-1
347,5.116125114541429,5.048311325349793,4.9614512779732625,5.0923060831960685,5.002721815393483,5.0533831481628,5.398360386830606,4.980436708780239,5.987241245258262,-1
348,5.1219424075577065,5.052217411351425,4.958924962499726,5.08214558644557,5.051432512545272,5.059233203964056,5.3853564024326515,4.9839803835915255,5.997894707622296,-1
349,5.123293989277233,5.063238509826093,4.952392224585939,5.079756995969535,5.088495066460371,5.069420487281466,5.3787010813851674,4.981291871028654,5.987668553726051,-1
350,5.122107531150167,5.077163363279363,4.946454758460661,5.076114783953957,5.106100416467691,5.0828132844208875,5.372968012235592,4.978577157875833,5.988927056819219,-1
351,5.113104962542559,5.084272325651296,4.938884202994198,5.065619317073327,5.119728690109699,5.090571716563958,5.362746163969635,4.985717554718688,5.991264484975861,-1
352,5.100148973008446,5.0933777823750415,4.93009241881893,5.0563605360987385,5.133615107486305,5.094321757232122,5.357151695854995,4.99855194346236,5.992612781462936,-1
353,5.085942900663576,5.100384343452839,4.93019963583291,5.043784428593614,5.1511638777233415,5.090195917823797,5.348250900725662,5.000405884582979,5.993265252784422,-1
354,5.0737128610265865,5.101144129609329,4.9287876592388615,5.032351010852749,5.168283028949498,5.080069846387516,5.341339713383259,5.005779282604537,5.996957763344046,-1
355,5.059689883734624,5.111971998781607,4.921701420838852,5.031078919265578,5.17551232534877,5.073533879392426,5.333992150470123,4.999820204697594,5.993376304418343,-1
356,5.049641155436013,5.11499425264745,4.920667095121418,5.023586814723217,5.17265846931822,5.0700449774945495,5.329290564123421,5.001295528915059,5.995290437366943,-1
357,5.042759727348812,5.115806889492952,4.921136497135891,5.018932131015697,5.176163663615548,5.067821200955754,5.320273790966028,5.009365491162214,5.9953838328861195,-1
358,5.036441891147194,5.1161137130937835,4.914622011721511,5.016468937518306,5.187624706875298,5.06301487545586,5.312815106658778,5.022993185493172,5.991800382619632,-1
359,5.041128120495132,5.119665777048216,4.907821036372507,5.016666164984225,5.202240388970376,5.056441227953783,5.3102381074224745,5.032806072696208,5.999494344861485,-1
360,5.044356143973255,5.112148274676742,4.900796186729864,5.029482625279058,5.21131007116695,5.065769890897183,5.302591850353218,5.039852749527685,5.9970301807303,-1
361,5.051319008397058,5.107615875691486,4.886680356275485,5.038465823045194,5.213851703060622,5.072754212263335,5.2918975133855755,5.040660467205994,6.002728606207316,-1
362,5.057206431857463,5.102906633897821,4.879935477030205,5.049020225303941,5.219051838425466,5.07912612073896,5.279087358431919,5.031316135534397,5.996205966589024,-1
363,5.080393268215664,5.102791614135922,4.884064227432624,5.046407536144546,5.225619124481638,5.088595500387427,5.275956716116048,5.030883243532054,5.994179875254458,-1
364,5.09986578525662,5.100058679036761,4.892357264682564,5.043344638568476,5.240525857631494,5.087588007228399,5.272816471649878,5.020569962454129,6.001989005200042,-1
365,5.111984545501982,5.095471013182329,4.894453375224781,5.0334834918151605,5.246756337892048,5.083913375301028,5.270660675331297,5.012813481668807,6.000998116603965,-1
366,5.1215932076617845,5.091690458323209,4.896891244251278,5.0232285000569625,5.258258333710015,5.079448251034011,5.275453701748872,5.004855206917971,5.9951159999494195,-1
367,5.1258299846143105,5.0898466840677905,4.899977247419104,5.014184725048593,5.271969712828548,5.075443878488296,5.269565078337864,4.996632984839942,6.001890520473046,-1
368,5.135901547251843,5.093085566727835,4.908464351312089,4.997739808215098,5.2863129229408115,5.061837442367161,5.2701795182108775,4.993819065420402,6.0024808471568845,-1
369,5.141990538365685,5.082087576868052,4.9281457350559075,4.980737974988488,5.297203063029142,5.060367379598821,5.263023756689796,4.993033007775325,6.000464364940117,-1
370,5.136508220971835,5.076324844409625,4.942383238213356,4.9645622231342665,5.3122550520469085,5.062978012232984,5.259037594833069,5.000090261481911,6.000400085879444,-1
371,5.117557706697535,5.061425043196733,4.9462296593376776,4.956667608076383,5.315513033728094,5.055615745573965,5.251515422233019,4.995895432590704,6.006453368614095,-1
372,5.104096895534284,5.0557304147525475,4.952975852351311,4.9465718867583055,5.314888909146378,5.050014078580933,5.246450142110704,4.994414933927576,5.997614830745374,-1
373,5.090116695763814,5.047919369777504,4.965308129753776,4.949386019171833,5.321740905681483,5.049530933597344,5.234493658532294,4.991315990334624,6.000971543056853,-1
374,5.074226076083249,5.035327550878079,4.976720144071022,4.947690231430727,5.320934980954693,5.0414806816207385,5.212135876356197,4.988366155451735,5.997033951851207,-1
375,5.059487035487024,5.016539939171494,5.000137732799268,4.942887937159863,5.3095306928624,5.0385251912500095,5.189224275625955,4.992015561143979,5.996122219600205,-1
376,5.040218421461068,4.997610201810799,5.023659308258689,4.940336545471181,5.307137473292373,5.0399262911189355,5.168088201929236,4.9894080206794325,6.000380901900546,-1
377,5.015387108385362,4.9856095087349255,5.0398488417496115,4.941536673266449,5.308115988567897,5.039409729611449,5.162849529781588,4.991782657214605,5.998771750415544,-1
378,4.99981957157389,4.967902538974368,5.054568334451438,4.9467272092153785,5.30205599845813,5.037709481154202,5.154623905257496,4.9927811795017645,6.005052137027185,-1
379,4.981284219549206,4.9536305060432895,5.071275167379786,4.945523148043667,5.30260614717254,5.034852061232885,5.146759017652311,4.9969936227015515,6.003325914659952,-1
380,4.9633081322640775,4.941153516860509,5.0805001812380235,4.948605747475639,5.292948713387632,5.032775114144236,5.132488351959556,4.993825286953842,5.995924239316468,-1
381,4.941779371664906,4.924918351794306,5.079524372016146,4.946791312676041,5.271540394638298,5.022708608427033,5.122535202388779,4.9844442464620515,5.992190728876999,-1
382,4.919827925249383,4.90594655929084,5.074991944980615,4.950354864075122,5.246231842881337,5.021042956728801,5.115776475929996,4.975329123334373,6.005402837465826,-1
383,4.902516411720411,4.891008533901531,5.052178986707169,4.9565455423640365,5.2371662238805,5.018127403050138,5.116856090737426,4.960648537201154,6.007950275611279,-1
384,4.89108852779752,4.877772594133356,5.026997676721642,4.967154880394789,5.224895968878095,5.02284678240025,5.114334485126269,4.948317315556193,6.007185745390902,-1
385,4.896550407540751,4.873637884108497,4.998012108033942,4.97426689459484,5.220084917584384,5.026639731585922,5.108960561578257,4.939184212733233,6.008142681764643,-1
386,4.91098430877295,4.873465117145764,4.975993980873666,4.97882382030339,5.226019008128501,5.028960523113497,5.103907734245923,4.937092986796666,6.008492897526175,-1
387,4.9329069788888855,4.8668924168755865,4.947552488330551,4.996508009807768,5.230655451935542,5.036799074751627,5.102186832887558,4.943979818013299,6.0176742983243825,-1
388,4.963298886795059,4.857909775207068,4.924352847502392,5.0113829622937756,5.239443042102,5.048084462029179,5.104445734746241,4.956807452794645,6.0107599752316,-1
389,5.0009065594230835,4.8514971701372875,4.905381305833943,5.027206614428508,5.258689244737953,5.050397605434608,5.109265485371587,4.975030094190307,6.001565907227389,-1
390,5.040554857211356,4.846523059007916,4.893034953822408,5.046388669277427,5.286404138365645,5.037187518517689,5.120815144264061,4.995174895726285,6.000033259401833,-1
391,5.078880211393599,4.837009207400699,4.882898710539265,5.068887449463148,5.302931968212249,5.03032152538394,5.123254722050114,5.012050460848265,6.01083987561101,-1
392,5.109462989004135,4.823936457318874,4.865796374115896,5.082438882990057,5.3196898817047416,5.0155077245341975,5.123549460950704,5.0367305076485875,6.008583961272013,-1
393,5.138927277529536,4.812900458255464,4.8478556812854885,5.096377551472737,5.321234285195452,4.9987310197327,5.120835716786052,5.058523900386346,6.008817009110585,-1
394,5.163099562844944,4.80882014949508,4.819958811410455,5.1141650640114165,5.305887873467578,4.9858357162850515,5.122189968902417,5.065850212148063,6.003666008227645,-1
395,5.188190416093306,4.803907998259587,4.800534653707772,5.128999401343289,5.290419211431136,4.975869076116641,5.125756615811257,5.070905961305781,6.0150994703833565,-1
396,5.20636072862314,4.801919577885526,4.782947170745883,5.144627569350457,5.2908984552729414,4.9691824015192125,5.128839684464649,5.068720234062047,6.007205621748762,-1
397,5.220015886448647,4.801145813914397,4.7716765995306805,5.161904175278824,5.284171597827943,4.9776530509321635,5.131822003461999,5.0675513753594705,6.001239590237715,-1
398,5.237666524060426,4.804679100316995,4.760006290722489,5.172707616816901,5.273923388143762,4.9982839771520275,5.117920781699356,5.066514335222958,6.001625890347084,-1
399,5.240060101595059,4.808193355470486,4.757011498188572,5.188682716175381,5.267793349757068,5.018705913838111,5.112309511997514,5.068586273888338,6.006029224218935,-1
400,5.247834217091133,4.816485150943262,4.769107455637271,5.213580408877089,5.25287557601421,5.036588379184108,5.111934101589643,5.069396558150732,6.011351727146044,-1
401,5.246873141679066,4.822548665002266,4.776744982013619,5.23448951408895,5.2490493083411085,5.054325029082187,5.120071550632903,5.074340079419569,6.01110547574043,-1
402,5.246993165807224,4.827549402679882,4.790148667997947,5.252011560408408,5.25295454170732,5.068047890969076,5.126533257255433,5.0842187750067245,6.008511714028195,-1
403,5.231428959273765,4.843898732027282,4.814279956172644,5.263821603250354,5.25779149156134,5.082429246234743,5.121689647159689,5.089834402637708,6.005445584563321,-1
404,5.2116813837121985,4.855989225408439,4.827315424794803,5.2705257574205735,5.2489377405026225,5.097941168238386,5.1168358496067174,5.103268407918119,6.008661183659069,-1
405,5.190145622871949,4.8697482584116765,4.8390410848370005,5.270386320826687,5.239607581097524,5.1175874942409125,5.113195710280828,5.116408463135363,6.00176175002972,-1
406,5.167276137265602,4.885394512099191,4.855819923309876,5.263908208448025,5.220791492652475,5.131056882584255,5.118046421730513,5.117353455199152,6.021049880431239,-1
407,5.159092411347115,4.899622752836312,4.86349014119065,5.247430633913912,5.201439782902342,5.1428648544989315,5.1091452334055285,5.117391549873279,6.010650183878032,-1
408,5.144956442924798,4.913446195951578,4.871406003638392,5.2363013470668065,5.191751492952654,5.165586795887339,5.102402376317538,5.109475045527438,6.013809349318375,-1
409,5.132679595218903,4.922243717885194,4.88159591601879,5.226510995824947,5.180450097908033,5.192132487761269,5.085070139010454,5.0990436797688785,6.016690480957445,-1
410,5.116720721309653,4.923283681575248,4.896691192599478,5.220850378952443,5.182877157832593,5.217907733000697,5.07113575674038,5.090445816560627,6.017380911484862,-1
411,5.115424448056538,4.921435693359271,4.900398211798467,5.2115448966803,5.1858271051063864,5.252143658343388,5.064259296147372,5.075773843214082,6.014668957437576,-1
412,5.115525326398613,4.921760435274054,4.908384313326641,5.200071378833458,5.1883538361293535,5.277056681079822,5.06218228323109,5.061253606410065,6.017084373221373,-1
413,5.123955570190157,4.922360763577449,4.915711126245527,5.188665259771646,5.199896560618321,5.293419743524784,5.064316082851375,5.039365658921385,6.022203116701312,-1
414,5.128915860193398,4.91293371441793,4.922465571842169,5.19403204425878,5.211844343128608,5.3175742362714855,5.057609520470035,5.029762623031847,6.01344359803848,-1
415,5.128632038933,4.901191141441236,4.937034001835885,5.209029508387099,5.2229712734547755,5.33803005477437,5.064965759862477,5.027745069728639,6.006797057662865,-1
416,5.12649373717687,4.88285168896406,4.945245157218132,5.220167612943188,5.236432753945054,5.337288450263315,5.07017511690032,5.028289747168541,6.009138041557121,-1
417,5.1242429159077485,4.8723682275593365,4.958802052718483,5.22257988224178,5.241446970033777,5.329903894166129,5.076594304874997,5.023003014948445,6.017540209119174,-1
418,5.120691815467687,4.86766194292714,4.96486040166162,5.215872993854691,5.236818003468624,5.329638272098952,5.077632721309005,5.024935440745804,6.026714428161408,-1
419,5.112337692058433,4.855552884114422,4.965966030952337,5.206834560413866,5.241810977801501,5.321307151993941,5.07859578885387,5.031137714845722,6.009217552372118,-1
420,5.101084717635832,4.836195993390265,4.959085927805243,5.195458033382084,5.243157567994335,5.308002117900992,5.066712606613837,5.035272220726116,6.015688744431741,-1
421,5.077184134553893,4.818956303966862,4.958315726355409,5.185222107407593,5.2347987411896835,5.288988715069201,5.042574708831439,5.044118346408739,6.007383694690877,-1
422,5.053721440519782,4.8181640765223,4.952222056660177,5.1753900341348835,5.233662710585275,5.2647424057511945,5.026860151529517,5.054075028541399,6.006570341336756,-1
423,5.025053154759989,4.819244795956982,4.9382133333792675,5.15754947637351,5.2331348349742175,5.234105151066097,5.004731276974346,5.048898174674098,6.013653415879418,-1
424,5.011255965744413,4.824694608896117,4.91926106004537,5.133778845754342,5.225504010901423,5.217830685086107,4.976897268109793,5.037909294313813,6.010998429798388,-1
425,5.002296951092948,4.814066895361124,4.893721637206757,5.118170792906891,5.217749399924223,5.200104654001992,4.953230774006043,5.032137346332862,6.015296226017419,-1
426,4.993967788349375,4.797882187066981,4.874108433851523,5.111188387311717,5.213292077220943,5.172045005831825,4.9219561173688895,5.026941300242099,6.010871485310452,-1
427,4.9895935610579025,4.785858460189377,4.859645176278713,5.105831146528875,5.203185257752249,5.140357405989465,4.895741312019691,5.02923140532445,6.017202937679582,-1
428,4.98961006262704,4.775848700434485,4.847856687568041,5.1098090127002145,5.205719471832575,5.117222989455527,4.883063159046832,5.021344387630915,6.028452071386491,-1
429,4.990309061241398,4.765680969890427,4.829801488742322,5.109023352052777,5.213389437753115,5.101423337184142,4.882862249945196,5.020796769039415,6.017277086635467,-1
430,4.999832970859823,4.758283021045241,4.824911143395701,5.102589444088223,5.2257607275599245,5.087710330810044,4.884810646412777,5.016433199156954,6.017502073421879,-1
431,5.013635199515637,4.753297553995523,4.821808911576658,5.098285165647711,5.240446399809277,5.089650900608587,4.8896125178192005,5.019608994898547,6.015468486833371,-1
432,5.016701028069411,4.749856636937211,4.819750785394461,5.093253578084224,5.249651021142896,5.097223733566143,4.906751727933046,5.031648600326103,6.02212056188048,-1
433,5.006013684457585,4.763732699845465,4.8187809152356795,5.093688754674165,5.260782758867975,5.113639701920518,4.922601460816455,5.0400331044165,6.014782848953855,-1
434,4.988750985956911,4.783809993832636,4.830465186388689,5.087588588295169,5.266100674960871,5.131082461241314,4.9437935115139275,5.044804698760244,6.024223740563569,-1
435,4.972942881561011,4.808510866334453,4.8442173586239035,5.08813880671256,5.269548685741283,5.148228749105792,4.957620216589433,5.044376086076577,6.021544953018856,-1
436,4.960725654447156,4.837990465994043,4.870572955186729,5.094311685476978,5.262477264563232,5.166070448052159,4.958641396719903,5.060383685458282,6.015079760756277,-1
437,4.963539163564689,4.863607601981175,4.894414054088295,5.09979315418689,5.257450823028671,5.181484886094523,4.965321552989274,5.065271485604341,6.020921971346636,-1
438,4.9585394618008936,4.8900493924281445,4.908862035264564,5.102638547855692,5.246450734345915,5.19670426465412,4.967357231035748,5.075109596816311,6.019608072370064,-1
439,4.951000250806519,4.913355239150029,4.92210455453712,5.1053551689522365,5.220875407172797,5.206043043275474,4.973474159477346,5.075920429523688,6.015262066459158,-1
440,4.950643550634964,4.937971905533555,4.934723292444667,5.103744451953185,5.193143751513079,5.200433715574301,4.975275320918366,5.077768116781465,6.019387887701333,-1
441,4.962824096777065,4.957352729867208,4.947860916396783,5.095212563404024,5.172435633844479,5.198278016549545,4.9798949800286145,5.08224908959399,6.010274518246253,-1
442,4.985981839398789,4.963776762911291,4.95371975895386,5.095978440703231,5.149854984659787,5.204327284629136,4.98248789251001,5.098316392596624,6.015579030063219,-1
443,4.993873378276154,4.970474577136006,4.959141420504736,5.092435818417075,5.123975142311093,5.213321666069016,4.990022855451605,5.118290166417996,6.015243175906814,-1
444,4.988788133751589,4.979111857073366,4.95600797057496,5.078617620174206,5.114797202418464,5.227047111322295,5.006683717377944,5.135181272325022,6.021450731872277,-1
445,4.982819604910837,4.990665038534853,4.94805863412276,5.0698150075205,5.103291546379184,5.239014162472383,5.0172157894084215,5.164099342918842,6.0208329758554475,-1
446,4.983485197567228,4.994640922968379,4.948992356272293,5.055707082060731,5.101935231052058,5.25136259746663,5.031737457880307,5.189677206586909,6.017595824676137,-1
447,4.994978138047558,4.9999480604912785,4.9524696801685675,5.035588530160583,5.119626935115152,5.259935311050971,5.052951477855922,5.2216967227600195,6.021714044719639,-1
448,5.004208072877935,5.0031429077025775,4.9570022781950875,5.017644297445527,5.1481217996046205,5.280518839551871,5.0665818434206455,5.246350467067361,6.016640940828344,-1
449,5.020061466620696,5.0030299343810745,4.964918685077819,5.000773222811394,5.173979613815961,5.286946256079056,5.084059373446163,5.271861879729357,6.018204337832577,-1
450,5.033920953556385,5.010009577290523,4.9656718694101505,4.982445634442076,5.199036433739155,5.284534167726222,5.103984218704302,5.280886341223416,6.026975936787396,-1
451,5.058424683717731,5.021362341354092,4.966168267823914,4.969974636934177,5.2346464493285305,5.280774054890814,5.123152017997943,5.284583965087453,6.016653711291807,-1
452,5.08925930352107,5.02702397115196,4.957988922354342,4.96530007848207,5.256619554269485,5.27058204117732,5.138008215236118,5.279314077801526,6.021347020611703,-1
453,5.108979453311625,5.031896530413757,4.954507790051136,4.9590720787437785,5.276652213072604,5.26162895107059,5.148449045177248,5.267704141839107,6.0176502061651735,-1
454,5.121334866451648,5.037578761435581,4.943230728886027,4.956442042447686,5.298497405292291,5.246772025458869,5.154896523342209,5.24857345193819,6.021400892091698,-1
455,5.1269611875082965,5.043636333533281,4.932868875422288,4.9713888268597,5.310029081965249,5.232219738406731,5.1597415100295665,5.225611377145158,6.018349474020616,-1
456,5.121243883765743,5.05650333701295,4.920970819052393,4.988188665410962,5.3190153051624485,5.211848237037903,5.172911236314336,5.212794956030992,6.01919415423587,-1
457,5.106133593235862,5.075986616864496,4.914051741959842,5.007638786203791,5.314942373360103,5.192936554045969,5.176437337407659,5.20485389570946,6.020046343723424,-1
458,5.0966929962439895,5.0938684792591165,4.9156174962745585,5.023090346853549,5.315133870028049,5.181038600925298,5.185028917831302,5.197853333455102,6.024760607783253,-1
459,5.077639272121173,5.109360259471576,4.912921750733392,5.037972475776536,5.301428798954028,5.165587034511349,5.185361064045804,5.186790357346988,6.030204162644951,-1
460,5.055454749249161,5.128604399703221,4.916253091383023,5.056618176694871,5.276273171840643,5.149163911999764,5.184706492403706,5.17582873903236,6.026799262229171,-1
461,5.045392270487298,5.145242990561617,4.925661472729362,5.07196429936977,5.257515161856072,5.138292110628832,5.178235579982223,5.157596371803492,6.026570715670945,-1
462,5.036302954720174,5.150054297863674,4.9291271792896785,5.094342558857029,5.2248854588552245,5.138985119806603,5.163777825667063,5.143451808835754,6.013988466060122,-1
463,5.031578820386773,5.154055525015031,4.9401524434442665,5.107647682985445,5.199629339930589,5.146697925063387,5.145439888829748,5.137262054974917,6.016247321208981,-1
464,5.031045278370907,5.157408453867401,4.957459530474138,5.114183300652293,5.175253632867944,5.151812888448445,5.114728439496118,5.12365707574149,6.013311560600151,-1
465,5.036609421406586,5.15707606458166,4.969948254797151,5.121825083342384,5.157615414869989,5.161440823513471,5.086514077137033,5.106179670690615,6.018956994014595,-1
466,5.0372842058673974,5.158599105863517,4.976995222180622,5.136165639482681,5.14333681268108,5.164417845198765,5.0547905337234,5.093331326039888,6.028166551390397,-1
467,5.050984630916498,5.153336325787045,4.98736578316759,5.143736874252248,5.1425037236669215,5.161925409263351,5.038446403353696,5.085329485785065,6.015217872116287,-1
468,5.073036043048974,5.147167709590009,5.0075343439171425,5.14266911329937,5.153776065992909,5.156378367824848,5.018195383398824,5.080048129759744,6.022061772175364,-1
469,5.087527172848111,5.135069191162417,5.019649359660704,5.1452335153456445,5.155702691695945,5.150788955641744,5.000081114804854,5.079003708771132,6.023793686298716,-1
470,5.098518021694888,5.134424265360638,5.035100351353454,5.152495308006967,5.156633607838012,5.135597454415759,4.994495366187131,5.080080280703029,6.02432682333292,-1
471,5.110516116202041,5.133540084456393,5.041945151401499,5.155568798422145,5.150697453913672,5.116088223200068,4.991918607323789,5.074667842857471,6.018010133953593,-1
472,5.126895614570483,5.118987167931708,5.03808339157653,5.162046469073735,5.145734357543695,5.114513610246522,4.996695080607456,5.0672002706305594,6.021751196323849,-1
473,5.140971676151921,5.105342245224388,5.0386658623156295,5.168765622041944,5.14660273669509,5.110789909071729,4.999873350231094,5.0599538705733895,6.016172803215672,-1
474,5.151126667045647,5.099808655221872,5.033709522391997,5.1692939297911344,5.139721682992213,5.115571661750815,5.009197762468913,5.047841261363056,6.029469458947427,-1
475,5.166403764082982,5.093786310737695,5.032761292479963,5.1701637397543,5.131117804021052,5.124920921167795,5.0137408428095664,5.033397352309476,6.0200151068322425,-1
476,5.17394864126037,5.087385143678529,5.028717311748887,5.176962512733917,5.1224847990367905,5.1326331724181316,5.022862227209861,5.00970013799715,6.02495534495417,-1
477,5.188880468690375,5.093491252123393,5.033454062172288,5.184603515878881,5.110880054920927,5.140534844065849,5.041855925207104,4.990306391119901,6.026827238838558,-1
478,5.205051181884233,5.097279888714019,5.03810957414475,5.190051167847785,5.102774159160176,5.146389365756856,5.0605359170183135,4.973462944385539,6.010257308933075,-1
479,5.211081010449554,5.101462499974481,5.044097941218441,5.193433207826135,5.096463503775873,5.152502499253735,5.070791500274498,4.954794697506283,6.026523896999274,-1
480,5.2195107923445265,5.10560925862429,5.061014924223958,5.198537724102329,5.087019275581468,5.148654810405247,5.074058940559333,4.9448919835069995,6.02824232765977,-1
481,5.21698917246207,5.106784769390315,5.071116619021803,5.20537587588991,5.072643919466922,5.1504122325618695,5.080922757642282,4.932547687010059,6.026562064854275,-1
482,5.210501991786869,5.104010556423786,5.081137748920705,5.212153154475694,5.059508731840813,5.152803080627523,5.075007376416634,4.92297852273321,6.027066070750836,-1
483,5.195271792771701,5.0997873289772,5.090783144498973,5.223892570528308,5.045687597995661,5.163264439002795,5.06939823922672,4.9195866915681,6.024633142791705,-1
484,5.1902754321405205,5.095102075539015,5.102706770317593,5.230249656119798,5.029691744948449,5.175124038062697,5.062633041592009,4.927142317418394,6.023093337348295,-1
485,5.174539646622124,5.085014180826386,5.115511103142435,5.23200823686115,5.025754259162755,5.177039267971511,5.046500580326617,4.932991686437455,6.019679044545652,-1
486,5.154315049240201,5.074987180073383,5.127345314120198,5.226632607040747,5.026845451445753,5.186610456965836,5.027688193216933,4.935840637670444,6.024011494677726,-1
487,5.141164317112832,5.0684543333930545,5.1437015701046125,5.231018442931227,5.027401091552696,5.187335332567027,5.010363736856698,4.947074446386225,6.031630755361379,-1
488,5.125608223730815,5.064338711115166,5.150145098750317,5.227991753457005,5.027798531845591,5.187439380620402,5.000310247325682,4.95028685163972,6.029683023969129,-1
489,5.130456559857476,5.059780960864517,5.155215777574609,5.220255919577699,5.039888125280316,5.175921635066376,4.99281864488763,4.95344309017737,6.028713134350675,-1
490,5.140471677258714,5.0530605410455225,5.159868237718026,5.206100623784204,5.049224244842075,5.157075752188724,4.998657699282585,4.960454172891169,6.033042765668557,-1
491,5.160650789626376,5.047218460660066,5.167526472402285,5.180055257770201,5.049711553796903,5.140473081105908,5.005495240562116,4.965765321338942,6.017360359522286,-1
492,5.173111630689034,5.037372589661135,5.1687194446786995,5.156505297992655,5.051019533382623,5.118757087866707,5.015568828657181,4.963950315115802,6.03484735890802,-1
493,5.17929664648983,5.024879907205071,5.163512632854379,5.1308025943775695,5.043721038705864,5.098179830283253,5.036014892546956,4.9501295501740605,6.028493922345573,-1
494,5.19560303677712,5.01300104993032,5.160505979845422,5.1078765963190556,5.033264112814224,5.08362215757155,5.050442039490517,4.938364871741568,6.0362503866858175,-1
495,5.218189951344173,4.9981631403040305,5.150768735591157,5.082454514228039,5.021737622232024,5.080163997592729,5.063552949234703,4.9299303689799885,6.026190609459406,-1
496,5.245083881066469,4.984833608184558,5.1554214214838865,5.05022820768457,5.013186131736298,5.06686444664414,5.075376909679541,4.921831478716928,6.027523187531827,-1
497,5.262692521048843,4.982911058815754,5.170501987651798,5.0203393024866365,4.999927219578966,5.066351382013775,5.087744712582263,4.912386551904312,6.020052592851551,-1
498,5.283158001765019,4.987929240455992,5.179233585553549,4.992776297332067,4.993215932051026,5.0652493718669955,5.099634944522032,4.896543544977282,6.02887606433396,-1
499,5.290580922055482,4.994753331216243,5.1804720799339465,4.972719080889023,4.99299220347505,5.06571292473683,5.103366945485927,4.884309810267699,6.027276272651106,-1
500,5.297266868824327,5.009226236583465,5.181464287564133,4.954975348556795,4.99039656946798,5.073363530142484,5.09370102968703,4.872757476831865,6.032141010788208,-1
501,5.311268861676028,5.037266776545653,5.180963396177526,4.946732339179653,4.996797735342779,5.093912556390681,5.072194895199251,4.874817930206827,6.024040933968629,-1
502,5.32904185379533,5.059773166720223,5.1753694180929415,4.939388229233347,5.0126980735948745,5.110503955383854,5.0597430029799275,4.868789884944885,6.0205751656848205,-1
503,5.32870422978207,5.083985462434258,5.162877224967038,4.9274023706489904,5.025876039346379,5.126086132592943,5.060552730272769,4.854687285887962,6.034522805490277,-1
504,5.323804413654802,5.115711450283161,5.1399016744054675,4.922374356887273,5.048509509732918,5.147297066937026,5.068135007600793,4.847495596647473,6.023885256386579,-1
505,5.325614767828979,5.131356290093427,5.111417716566102,4.919930955510428,5.0669903977191595,5.167368047246705,5.07587670130501,4.8469488881122125,6.029541788341272,-1
506,5.327130706304315,5.1428419200868225,5.09467042192061,4.918471760989063,5.086264203955384,5.191939707378801,5.079421765596169,4.847819452708932,6.022459230195121,-1
507,5.335801128488079,5.156469078960755,5.074735086197121,4.917569601923501,5.1067276337928975,5.190077908055732,5.097124793157734,4.853092959642195,6.025158966965167,-1
508,5.339534336419452,5.161227970122536,5.051184625053612,4.916074666619007,5.139637291699869,5.188096647767172,5.119663095589754,4.865358847954397,6.021982771230588,-1
509,5.342048250029134,5.148292484562813,5.029790521349267,4.913082279886138,5.164663165020226,5.17734223253857,5.141288262013371,4.875980006655283,6.020771758635984,-1
510,5.327903852309985,5.131635611219666,5.01672057115363,4.903850147514416,5.176118956869438,5.1654924845826535,5.166515274394342,4.8953133150572645,6.02912479427735,-1
511,5.32543071263571,5.121680796958717,5.018441276760643,4.9086046541132715,5.188853147529643,5.150073391303145,5.181274659519152,4.917136589182706,6.02229654023456,-1
512,5.32310822487687,5.106497370252832,5.031604577215728,4.925500469251211,5.195745169872039,5.122469980029411,5.192209832865122,4.937087841504352,6.027427915995744,-1
513,5.308876074262944,5.088603977889177,5.038697015203644,4.938131144151404,5.206493395500119,5.092442638896952,5.200067040462862,4.946671189469066,6.028846798667042,-1
514,5.294091362820775,5.0756548769072545,5.042808309158539,4.951856512721108,5.222241215596789,5.063334817742283,5.2078357675688665,4.954594042716518,6.026778120217466,-1
515,5.268467840031513,5.059530628177959,5.061181908409107,4.966030635321928,5.231433537973272,5.048337080825632,5.209729704417202,4.950714267403875,6.03221533338059,-1
516,5.2510935087429935,5.048066653470516,5.087483936560737,4.975848064002359,5.228217402782359,5.03689722181459,5.226831934401688,4.951033895148774,6.023665051999645,-1
517,5.23076757153548,5.039948372007407,5.119496814283775,4.982343973648262,5.228374914326504,5.030807019108133,5.2467235697661865,4.947855046942884,6.03300739602785,-1
518,5.227660119403956,5.039697850489604,5.14791432233689,4.991795871345704,5.23190538997096,5.022821563139814,5.2622190179822725,4.942445985241727,6.027079192696925,-1
519,5.226044060608631,5.035754815540631,5.174730624692315,5.0000936298155585,5.232028642579456,5.005738508539605,5.27200510481846,4.936513078120448,6.0267102304821725,-1
520,5.222898467505173,5.034787764730597,5.191221766366155,5.001725536064551,5.22536303529291,5.002843782509762,5.282280946161958,4.930336205170123,6.024289775096093,-1
521,5.2219433672015185,5.041756840363362,5.206875804487684,5.000340345683634,5.210812731829578,5.004470155265643,5.289607209466943,4.926121251184566,6.036846835457522,-1
522,5.22561473436182,5.046666426678184,5.222060133624537,5.002034018319405,5.190009928741957,4.999672134454583,5.30015879967505,4.917831828518468,6.0332336602122245,-1
523,5.235449997604615,5.061905452213981,5.228423805408166,5.0090594100360235,5.1701153936716215,4.99241998859949,5.309008775530669,4.9217314586384395,6.0304241404097025,-1
524,5.249023450514671,5.072940504345331,5.234370342361535,5.013357727685283,5.15373376269943,4.986994677071776,5.30885237464363,4.91539762277463,6.022018663811654,-1
525,5.273055085105918,5.087523061449719,5.235782588858858,5.0319149576132425,5.142105228150028,4.9773849052448345,5.3057940025596535,4.910040314368793,6.030184895354769,-1
526,5.287754888283005,5.1048315145565795,5.2394951969264945,5.052940853606407,5.129990036539393,4.966657579288478,5.297136674515484,4.910599814302572,6.032006464947533,-1
527,5.302638203239597,5.112785722330181,5.241343357471719,5.065577817151195,5.121693561679169,4.964527285275809,5.3042950932772035,4.916937311219458,6.031903391407361,-1
528,5.316977256961475,5.11864560781358,5.248049561962194,5.068892051541497,5.119413975360065,4.965616823930955,5.314690850512109,4.925786251029273,6.037176436614972,-1
529,5.324778333140302,5.123990217497428,5.255057739178071,5.080162031614311,5.123783577129477,4.96093372018284,5.315578572780616,4.935293647411145,6.027911421767434,-1
530,5.330961958475749,5.120685870373903,5.262735594273714,5.090768529490524,5.126659608674165,4.965639980211563,5.310401280071421,4.952450970096784,6.031523912946526,-1
531,5.3317509056124495,5.10967706259331,5.274253059511236,5.103693206188587,5.135918485551368,4.974940975004829,5.305386898291954,4.962460457390246,6.0307973056565904,-1
532,5.326531721701788,5.106858508317699,5.287461564483138,5.121844653697951,5.139268879033633,4.9714940802153,5.3004242961222,4.9736121722492,6.030273493665671,-1
533,5.314625596746303,5.103737917457041,5.305597768942313,5.134708423581939,5.13929465023337,4.982610782924887,5.298109439876038,4.990356845990296,6.0308389243479485,-1
534,5.303511806988495,5.1009997304177395,5.328689399850629,5.139779825586673,5.144797118561899,4.988286232802881,5.30355375498122,5.001520674928901,6.031984555948215,-1
535,5.291826288730155,5.114429905561711,5.342964437767414,5.140681060240345,5.147545886605957,4.994990784085298,5.296550663163993,5.00995658516795,6.036751960061878,-1
536,5.277124800906176,5.131541016344316,5.356198825404243,5.151714918517586,5.159967763692193,4.9934760342630975,5.284491948946123,5.0054218706326745,6.033055379580106,-1
537,5.266431187766543,5.149112803324391,5.373895770018414,5.153644855472371,5.173111116571912,4.990722127468481,5.275739821886988,5.0114147650809455,6.0314322702383025,-1
538,5.252851923678284,5.179452087582544,5.39220592662052,5.150226458526406,5.186137128219788,4.98102161876331,5.275581728266079,5.020351511568412,6.0337259801672305,-1
539,5.242557908540727,5.207464340399131,5.410117358239504,5.137373064772089,5.193546176705901,4.977016929106366,5.267900570671766,5.019241386510744,6.029131310054444,-1
540,5.235555389475576,5.2326371995402345,5.4281938898742945,5.1276183260825405,5.209998733083792,4.9796334023318725,5.266949606525842,5.020623741882632,6.024944807241932,-1
541,5.228701598949081,5.250603821275511,5.4329413340544885,5.10981857428934,5.214636242608406,4.967970862107034,5.2677379848693775,5.022355346202145,6.023797255473736,-1
542,5.223846071668685,5.26687101277358,5.425021801348798,5.097520065131997,5.213327423182167,4.961842701897835,5.272874202493604,5.014206011003641,6.037847532683501,-1
543,5.207883036127055,5.276444154714728,5.4244314054443175,5.091382397553511,5.211835883944274,4.949596632964325,5.279150252835181,4.998966042280409,6.02692678381938,-1
544,5.193797127102347,5.271248331209842,5.42104112903071,5.0875992791574,5.1977359551871745,4.939750658931511,5.286982337073889,5.000215738208025,6.029664281753979,-1
545,5.185085927525226,5.272133481951979,5.419659264281578,5.091621731068379,5.185433349208277,4.936271560174682,5.308356262125641,4.984215646298545,6.022395429861439,-1
546,5.177188318802171,5.262406545914708,5.41625022725586,5.098925270648787,5.174680916085909,4.935451606764705,5.324320655682411,4.957430758791593,6.037779650563787,-1
547,5.167782184152336,5.2606593954524765,5.41533131955294,5.107875920187859,5.173865996186132,4.935110157669057,5.338499759852369,4.944355908362721,6.026101067644578,-1
548,5.154369032240356,5.265561941737647,5.41029035577833,5.110142083843658,5.170384103197016,4.940688925413901,5.354668625154533,4.945427360199312,6.037786257986841,-1
549,5.14425735677804,5.276054887579787,5.40901034118493,5.119661588232688,5.1748684058144825,4.949124869532606,5.374863575406194,4.9471499904142044,6.029142119808004,-1
550,5.127746798583919,5.285734565519136,5.408130449818357,5.134363052243242,5.17356250882926,4.953309733882761,5.380634189523907,4.958828890295704,6.028178060939718,-1
551,5.1229750964617216,5.283562327193566,5.3981984518426955,5.14681126835859,5.172217780882906,4.959562502684971,5.395142734045805,4.98298538603587,6.03364029327363,-1
552,5.118428104789943,5.296918241294087,5.391209866622762,5.161006638286656,5.16948562777591,4.968018478960375,5.41099378111221,4.99503768842194,6.037917769731798,-1
553,5.109065861288812,5.302523877374741,5.382282511726052,5.171515362538292,5.15830540976467,4.971233887153182,5.415848595004886,5.018469052521415,6.034462801188006,-1
554,5.097711275240619,5.309153763522184,5.370808199554858,5.191445337327678,5.141145533530826,4.981351386404186,5.416361661106672,5.050254626669027,6.035970554162342,-1
555,5.089879428257579,5.305406981483776,5.3463702973146985,5.212783242014392,5.119505296252623,4.98603843788221,5.422554485421568,5.079282485349135,6.028698087704713,-1
556,5.084820675641534,5.298949157639171,5.325519677872022,5.239120460954049,5.1012610878954785,4.983731048567716,5.4254017427873205,5.089177500898951,6.034268978146893,-1
557,5.084192491292413,5.29575413321229,5.306759732089663,5.2661655591732695,5.083256036300129,4.980119455759641,5.421967602513744,5.097741637279057,6.026817083722391,-1
558,5.0905378870299245,5.289167022134644,5.289319435033479,5.292240864070394,5.078395812391067,4.98148022154134,5.433949612560928,5.114650563956435,6.034286827009185,-1
559,5.106680518527717,5.289323116181394,5.277852172254753,5.31023479180688,5.089186068841523,4.991393624036348,5.440012818737932,5.119147087561663,6.0322457107202005,-1
560,5.128562042910585,5.285638074645873,5.2656257302840235,5.321644581520581,5.100335038715934,4.9986038986540136,5.431898379085287,5.138344094907693,6.0319399673322796,-1
561,5.15697082059776,5.286348664125049,5.258647127880106,5.3412837216358104,5.113768885446431,5.006246632794459,5.420321437133371,5.147475828701421,6.040896757479742,-1
562,5.180253720661932,5.28483590455042,5.262043981235172,5.342599084131163,5.1340590949585945,5.006475982214442,5.415279738957295,5.157746672423678,6.037455331069941,-1
563,5.1989446699687205,5.28717367402724,5.278625530856122,5.349305360231467,5.148542461401293,5.008108801283413,5.404383012903839,5.1681372691522975,6.037370886480945,-1
564,5.209498882123926,5.292957068964939,5.28995875336246,5.3553746388740855,5.16481760085745,5.01343681066387,5.388241018363373,5.188844040654185,6.039703121696901,-1
565,5.2123690066926835,5.296125495710641,5.3097166137757945,5.352060207856787,5.177482224036605,5.018076922971381,5.372883639575389,5.20063111624253,6.037233319162852,-1
566,5.216614027944106,5.300287286993837,5.324428724472336,5.346397753330764,5.185616087919408,5.017068220182853,5.35027875502037,5.206682441262773,6.037542532564782,-1
567,5.205243846015287,5.297404935986362,5.3379622991297575,5.340916048049822,5.183032885834043,5.010217670916857,5.3262812452431865,5.217224469661037,6.039557209503413,-1
568,5.192324883734993,5.2802404046708755,5.342519493545801,5.33866441925668,5.188605637831708,5.013254493484329,5.300072426246413,5.221145916430465,6.033833850719387,-1
569,5.173050311638303,5.2622533181819104,5.343222678886023,5.327424618221641,5.194503327138286,5.020819177575812,5.292403418686079,5.22976498069858,6.030980419244759,-1
570,5.152357158354377,5.244824971744517,5.327567333160553,5.3246399767958374,5.200283022382517,5.031367017667458,5.285223287911155,5.226240847038194,6.032175455841345,-1
571,5.140538075648322,5.2182194317176975,5.308694551926023,5.317821876352713,5.205271479095071,5.04792570500475,5.27475388278746,5.2205168828963835,6.032913816185887,-1
572,5.138397021478244,5.17172209753911,5.291446621691413,5.304028363965448,5.208011969231208,5.065764895089542,5.27167231254402,5.211545795655953,6.0352407265439165,-1
573,5.142275570942883,5.124185079227233,5.266108100519708,5.292426348172425,5.212267875612223,5.085818871563433,5.2674766453779895,5.201574094633422,6.043462732720236,-1
574,5.1460509912291785,5.092478051490312,5.251334057222553,5.27072958192349,5.2134979065437035,5.096767961519415,5.27111716596907,5.183913289768541,6.037639832746944,-1
575,5.155687390745092,5.074859399802802,5.2433628290470615,5.2558099216829355,5.21538545623871,5.102766684723177,5.272723840242879,5.168917610817804,6.033291758069232,-1
576,5.165100343495121,5.072195715663607,5.236044984280726,5.240646864989041,5.198877239814051,5.096206707009555,5.285405094888841,5.144525041923192,6.0417860812442665,-1
577,5.168150625185948,5.0626701462926516,5.232054534891514,5.225713371175651,5.1867624587624865,5.0972922663960265,5.297042320946975,5.119510556306716,6.039090720789348,-1
578,5.172875113406544,5.052037437523538,5.236552023821092,5.2125646055648405,5.17724002379238,5.103276253796758,5.310299555689294,5.087456300691428,6.037465742993562,-1
579,5.181191286237367,5.049343643598363,5.232519438705829,5.192092489365168,5.156635745203493,5.098894587938936,5.3313057926757255,5.0595014494306945,6.039504374880827,-1
580,5.187172351073617,5.056055352126,5.2304213193317874,5.172121999237673,5.141730069353328,5.0956671027859946,5.345240161919366,5.023928884285367,6.035812727928355,-1
581,5.200383068074389,5.066188000684495,5.227194159514626,5.160439825820695,5.130020251485054,5.087810813394353,5.361894230632962,4.998859107788016,6.032275726602316,-1
582,5.208242039944373,5.05748282435166,5.220521584026205,5.162374039151733,5.121973062871531,5.097257064379769,5.3628729439919995,4.978153972780367,6.02219042779523,-1
583,5.211765133650545,5.039813040324093,5.210649788803093,5.161525374640672,5.111357063341493,5.110598582357091,5.363369424433508,4.956433797128752,6.040054386859994,-1
584,5.221138693474325,5.016643288463888,5.196947152771729,5.156175532093744,5.103439343170738,5.1169165653643445,5.361203062900413,4.94844344271784,6.032504507954779,-1
585,5.238848805930051,4.9989542803363385,5.16860878094792,5.155953772970713,5.092432717137424,5.109790212793386,5.349044162332548,4.947710245006979,6.029946208788853,-1
586,5.2617433393513835,4.980237703617595,5.140074929879456,5.159333641346899,5.079834464269361,5.088923466291443,5.319477075924787,4.95851064118641,6.035360153435572,-1
587,5.279140261228878,4.965035728668649,5.122378558885177,5.1638044351808965,5.0820568041223675,5.074147078757475,5.281221201583195,4.957665552331914,6.027959781258341,-1
588,5.298817562455301,4.947424485076388,5.109133028395401,5.176367832854667,5.077213993540254,5.052980185680393,5.24555428197571,4.952434118132396,6.030948756337956,-1
589,5.3015525149456835,4.934158407079876,5.1019451641329745,5.175973638111554,5.075442854227514,5.037958976333677,5.208589564389231,4.932571492094303,6.030863896640416,-1
590,5.312486214879759,4.922591891156272,5.104467656114276,5.176288648896371,5.065397050865622,5.02470165591069,5.186222810498869,4.911146277663673,6.030438747249713,-1
591,5.323352888710665,4.918286959666594,5.106275254681066,5.176989611784271,5.058682189127357,5.017693073195974,5.174401769234381,4.884609938146427,6.030713211864645,-1
592,5.331770108951946,4.914916792065067,5.117038143437663,5.186908769130781,5.060913245369779,5.021792002649731,5.16779771791607,4.8554374592046745,6.028400606452361,-1
593,5.336496569283028,4.916817223473987,5.139716418209122,5.183185680555336,5.0620283178829855,5.030449926335265,5.159841689998622,4.825119015110651,6.04004614899191,-1
594,5.339357752190409,4.922222505079812,5.161070620642145,5.184039484389704,5.057180172782733,5.048317799310478,5.1673919739452,4.800586753768384,6.034081153819317,-1
595,5.3376215369157665,4.930779312286425,5.177109225835057,5.194361796260365,5.044179707815474,5.06380113619861,5.182141500371328,4.777755587407477,6.035356505720643,-1
596,5.3351198918706615,4.9542303588915075,5.190998866787508,5.195436298023732,5.036550004436009,5.082524538481345,5.1930390217609075,4.783955542447588,6.031210128815635,-1
597,5.338699103118554,4.973311271161947,5.200464714266136,5.205676829393012,5.030026590188986,5.100443061947638,5.203035663885279,4.798482762180894,6.041026084466387,-1
598,5.332257025099602,4.9971987878150195,5.2057135718357,5.209239454743107,5.0311113876170195,5.119882651609404,5.209355705801613,4.813452986032266,6.042865441526107,-1
599,5.324478997771817,5.0226388166557605,5.210041918984845,5.213159937925478,5.029585012082536,5.138362804485898,5.2059124304100814,4.840031404649118,6.040122760909564,-1
600,5.314175150344583,5.051681294386073,5.218484176633488,5.214951259257076,5.025805684503276,5.155623984939734,5.199478207584754,4.864572757670067,6.034400796470212,-1
601,5.299996376908779,5.075364555734168,5.226134906214911,5.222992762375672,5.025373002801274,5.172284248160096,5.194924263702473,4.885660477173275,6.0424053912761275,-1
602,5.290753128497886,5.107112846875466,5.235412965409623,5.225560716466605,5.028606985131502,5.181299350686301,5.184490938823669,4.908889755415354,6.038473111776836,-1
603,5.280624605107652,5.133911892170118,5.236517595426845,5.2169288887150715,5.0414690594686755,5.182385750447777,5.173266781827424,4.943470086343519,6.038970825192178,-1
604,5.2633403054917975,5.152179993576586,5.240774612846672,5.207523614940098,5.040744253345133,5.1847042468923945,5.160803540477086,4.964825084345953,6.029848521800765,-1
605,5.245079376003205,5.166090129483752,5.25310471035394,5.1921517976282185,5.039852012433827,5.182391626391405,5.151181307574354,4.987015750012357,6.0408558830144035,-1
606,5.2261442925285975,5.176875667779031,5.258468230025586,5.174883061773694,5.039661591057872,5.1806380145935815,5.1324328035133,5.006285651046506,6.036071211481557,-1
607,5.210414117037514,5.1794558865724225,5.260891473235246,5.154884082347387,5.043270704146871,5.180732572768957,5.113240545639443,5.013998206759863,6.0371081765353685,-1
608,5.186739488434305,5.185694488656696,5.2607420972019785,5.136710457050687,5.050414068286344,5.183124699124361,5.092004136708975,5.014462972143374,6.045154975399378,-1
609,5.1658467075019585,5.187982321495891,5.259761728069007,5.118613917794568,5.048847211269178,5.191625584903354,5.074514031338986,5.017256581784251,6.037308273889502,-1
610,5.140837283488985,5.1820256960724524,5.259569339732915,5.096071548568718,5.051729147196848,5.202796321909878,5.057082617002772,5.015101183308697,6.041941630521249,-1
611,5.121082718279387,5.1761337920395984,5.265186533802033,5.081003726864581,5.048530017361803,5.2155107636267,5.036762019485,5.006885354186794,6.041227397096508,-1
612,5.099749766812618,5.171161731108663,5.267103803821424,5.065351530703141,5.0604804543156705,5.228830058481654,5.023665616666788,4.982551199443912,6.038107960594535,-1
613,5.088043166761386,5.16311759695152,5.264226731573887,5.049215805376576,5.0673214489095875,5.241290673320584,5.010871852998116,4.965085386151603,6.037222145098864,-1
614,5.078570229863524,5.159446133676946,5.273920886312523,5.033895994209954,5.0745621154734515,5.251459340155133,5.0099599392553,4.938754475353439,6.041448227599167,-1
615,5.078055434891865,5.150522559788761,5.284725119367547,5.027863117825657,5.076370327581398,5.2531784834074475,5.01182835939244,4.916870625711664,6.043607198901142,-1
616,5.092074729202056,5.135287440882944,5.2922449522308295,5.023898737073786,5.082203815236098,5.254775768254374,5.02828184878147,4.899142005021994,6.042276914048399,-1
617,5.117179640714332,5.119933903496544,5.307942826486346,5.033422827728892,5.102564548641458,5.246161355625466,5.037159887424504,4.885020063493404,6.037407680144851,-1
618,5.1393121963522965,5.112879991455264,5.329128774558628,5.043470581274292,5.109964600976494,5.2341246497285026,5.052069121972495,4.87616102696141,6.043510249449729,-1
619,5.151966914687154,5.103816183169114,5.354954556534804,5.054576996445233,5.124167306953876,5.226554484281946,5.074482029726362,4.875519208638009,6.0308815342824404,-1
620,5.169766601945515,5.089347704558999,5.37297631489998,5.074288836385925,5.125925680179362,5.214740373704633,5.098592222601769,4.888290446687365,6.033687192711779,-1
621,5.1792923947449,5.085311969703367,5.39047408830064,5.097001255286534,5.127736568247265,5.2084940577030165,5.112733048314561,4.8945211546872365,6.0413546506341,-1
622,5.186787637879816,5.0781805542191165,5.3931147751364295,5.1215192543460075,5.134902644035525,5.192092425697816,5.1146426036041,4.912496635870728,6.048014988542263,-1
623,5.193671566137615,5.0820812852656685,5.394529089318714,5.139220228019125,5.141651828177089,5.177792346603351,5.1113866602596305,4.919029794410434,6.040704490878214,-1
624,5.196111958732148,5.088907146191525,5.4078443465713395,5.149907748736212,5.153058981879388,5.1590956907660805,5.100423435485244,4.9233450862090935,6.044932444796344,-1
625,5.1880363641936045,5.095254418141989,5.411566888871461,5.151773967071477,5.153798613165766,5.142068280568391,5.084627113710931,4.921851661881645,6.037315117650808,-1
626,5.185756920985719,5.096986753426308,5.407431341735065,5.162953957540899,5.164738469065334,5.142456874842209,5.072032598330792,4.914272250008261,6.03823572005738,-1
627,5.189307005177854,5.098844099986991,5.3987433469069375,5.176892025846669,5.174604995794627,5.141248326550047,5.065645547944999,4.899018768729409,6.044516022264192,-1
628,5.190457595802208,5.0993360333736195,5.392335303719775,5.1879642916438335,5.1865599204377,5.139471505878817,5.05574503282143,4.881112424541252,6.038805491746339,-1
629,5.193820813395419,5.096075195353993,5.382145147129355,5.202879440955821,5.204048350202885,5.142225871349751,5.054158127763537,4.865902223758574,6.036166715770892,-1
630,5.1972736758050875,5.100197037305898,5.385473683610941,5.217035060559638,5.217179898307149,5.151082667594678,5.056446774165617,4.85562083240885,6.037341892134277,-1
631,5.185815342965038,5.107708148999709,5.3893101187257635,5.233259124627141,5.233739987504148,5.159290665771245,5.067202555595411,4.861583134740286,6.03833807429163,-1
632,5.175961529451486,5.102207107368263,5.376186481519252,5.251334733264857,5.248313896250979,5.1747708608252,5.075949706415326,4.8743511637638175,6.033793322601164,-1
633,5.161497092632894,5.103640937331711,5.359724614972182,5.266564177285108,5.263917155904242,5.185894283180808,5.096586357838957,4.897970177562409,6.0466869210415615,-1
634,5.146880396362499,5.095585552331313,5.34355892204101,5.277573008715771,5.282581278576953,5.1860050319324005,5.119303059622474,4.929835513865393,6.033515101240662,-1
635,5.136271648132387,5.089005830776961,5.325236844223538,5.281072544856873,5.296199140448865,5.187401008737567,5.136074679593105,4.962869737175489,6.03758349717735,-1
636,5.130435143094825,5.081086313917872,5.303427830836668,5.289366372538524,5.315653517183826,5.188905715632025,5.155908414199057,4.993089621814551,6.0425457812344785,-1
637,5.117857922260508,5.074331470681193,5.288125235057987,5.288456346051568,5.331599699665521,5.181158616159565,5.174003836664087,5.013256765566892,6.035653913202299,-1
638,5.11186159154893,5.057317241735465,5.266240783359064,5.2889232480880635,5.345098697916427,5.1766466258128805,5.1972572013501335,5.0327635728007865,6.045762221734405,-1
639,5.110417688435259,5.037117995297759,5.2509361342144345,5.280273500667241,5.35421919735229,5.172985346367368,5.218300019903337,5.050439277922733,6.038989003783947,-1
640,5.110709938395698,5.0347148792316005,5.241759627149642,5.278655133905364,5.348356566181971,5.169944666054117,5.241057480880019,5.056107550390665,6.0398934761558065,-1
641,5.115190512573116,5.034146137282783,5.2363962393863135,5.274467481334848,5.34694816532285,5.172480893456719,5.263370745706132,5.057433296522546,6.039820396766381,-1
642,5.110521801855436,5.037757255077933,5.236685737327099,5.262489257601574,5.341072699403096,5.177715729028106,5.274360256735959,5.050436983610951,6.042381552039351,-1
643,5.107774387050179,5.049431253297622,5.243343610805911,5.253511857764268,5.3289411401693325,5.188078103896398,5.276891385860855,5.045903921811295,6.030657155977765,-1
644,5.1031066648725005,5.067014717923401,5.255138242404621,5.239047186172141,5.316727237116806,5.186983062569584,5.271260478009957,5.050060018591073,6.036637016738516,-1
645,5.095232372759155,5.078034115710387,5.260499921891535,5.2297380105753435,5.308609081417973,5.182241358943674,5.262429209232964,5.058983677293192,6.035654344385401,-1
646,5.087403921769793,5.102322039356865,5.268529137767601,5.224601715262446,5.300464092624285,5.180104609731767,5.24429405928897,5.063289451480704,6.045662734057985,-1
647,5.086188322595244,5.11946103590028,5.268727664917343,5.223138453606363,5.294201073738572,5.16814211830105,5.2193254924735735,5.061185725192699,6.043276864815174,-1
648,5.078083647339324,5.13760322029699,5.2648741359841305,5.2134792059022805,5.297757621116211,5.148005592602453,5.195130908892783,5.078360970368903,6.043329240426155,-1
649,5.066088069018197,5.150716807694215,5.267611122516519,5.202658162316174,5.298822306008304,5.129953040404182,5.17374571076057,5.0971004523364805,6.045671210664928,-1
650,5.068244980706335,5.156374098639771,5.256349925464549,5.193580458308104,5.29981400433525,5.106909940078939,5.150920188082772,5.116268048609651,6.040568669141228,-1
651,5.05301421050567,5.140594575914612,5.241398493442243,5.183298782380788,5.304385695090665,5.090687113053701,5.126963274366951,5.131418012124639,6.037110001293936,-1
652,5.038319711171492,5.128968054199797,5.2252561701949105,5.1716721798751975,5.303521798132709,5.085165580424841,5.11287588369605,5.139621554596921,6.03761587878809,-1
653,5.042747592230335,5.126172068099825,5.211035555450411,5.158127633462292,5.294611576559206,5.083875051340133,5.109803548671671,5.150608157101344,6.044222037328583,-1
654,5.042929518729973,5.114971096890424,5.189977202018683,5.145811398527459,5.2888413773624565,5.080356937062666,5.117742972043002,5.16843129211662,6.043843970011571,-1
655,5.034494057205031,5.098033764025761,5.181503946610159,5.132340779361607,5.282253618240249,5.084357635951529,5.12749027741718,5.187107906073937,6.038174348587315,-1
656,5.029424215519529,5.080015196428828,5.182733356573584,5.125861468198597,5.259660812977047,5.085907640923714,5.134712428365617,5.185394823768752,6.039990289778121,-1
657,5.037973462244479,5.065955314097736,5.181832460664585,5.124611563747925,5.241250604411464,5.08673314084375,5.138094370432435,5.165864005584244,6.0408931430105675,-1
658,5.036050130555616,5.068455703742579,5.200367815009251,5.125231872360641,5.222776209796913,5.093824886594836,5.146314817775013,5.148837524522202,6.041604012035303,-1
659,5.05409855674672,5.07615851409699,5.224012616636294,5.134254298309787,5.21860114446586,5.094160522377963,5.163741264062001,5.144282895473939,6.033741306793761,-1
660,5.068552179673312,5.081235353456741,5.2525388845984855,5.149250016102783,5.214078300202465,5.102268447339544,5.172943802490714,5.140302844536295,6.0476747835891915,-1
661,5.08813611085691,5.076621436469036,5.2823098013049234,5.168679695363972,5.208332469057603,5.108768566871328,5.177007491392598,5.137622727319819,6.035887439051057,-1
662,5.1092346978061265,5.068171181888292,5.325134923079759,5.175287020149852,5.199461565948891,5.107313939858321,5.1845899373134845,5.123780569776187,6.041154086957272,-1
663,5.135397438004446,5.076237379239847,5.358517010573482,5.1922319238866095,5.188570641829095,5.10801146046273,5.192724093490537,5.112197349984579,6.033987399520931,-1
664,5.15947458713747,5.077123605063098,5.39647185801414,5.203135173827723,5.184897869663489,5.1103968058606855,5.205960540609512,5.115532718198538,6.038182576815679,-1
665,5.180028201458277,5.077492115313174,5.433658441458536,5.221429866428452,5.171201423150041,5.111320323573001,5.212153252547977,5.119443416562302,6.0444477699676,-1
666,5.193402736851187,5.076817789456802,5.458551769949226,5.239304589509901,5.156928159893236,5.116686813200623,5.2141389953891455,5.122196960201002,6.04699935319493,-1
667,5.201229412245645,5.084315957252009,5.47948651177877,5.260016438604675,5.124584686078059,5.113058185383888,5.210535920073532,5.10976998628745,6.038223972113689,-1
668,5.2131366162675965,5.088967698274457,5.497426665893485,5.2779629842242715,5.09947328438711,5.094030732669718,5.201360602591876,5.09782679372117,6.0323732769687535,-1
669,5.211809844084049,5.104908513096435,5.506063506764595,5.283589770731966,5.069383666503184,5.077543968418235,5.19282966053787,5.079937400903874,6.032136534376435,-1
670,5.213279799269176,5.121811252588245,5.5092721566301766,5.289430341401669,5.046606311754767,5.071880576878817,5.175461643075013,5.06501482618228,6.049226347432573,-1
671,5.217644003758502,5.142407097684396,5.512137395631372,5.303016184065754,5.040302559878765,5.063396364845277,5.159787998190959,5.047862317887195,6.045383793696754,-1
672,5.219879804589055,5.174317753301174,5.512858834266125,5.321970285315977,5.038992777984346,5.053245294120511,5.13640067083182,5.023510068432961,6.040342819430178,-1
673,5.206899122088389,5.203797379383459,5.5124051335379765,5.325100030645175,5.044127920699481,5.037977772758582,5.120364255828363,5.003843748235597,6.040029892142351,-1
674,5.208488973981911,5.228191633534464,5.511983253850429,5.322260638690018,5.052327963935241,5.021351784834164,5.1008468268495095,4.978880423138529,6.040300812780986,-1
675,5.209490670874997,5.244028957414469,5.518705992322737,5.305833888757926,5.0685484120366295,5.0139948035937545,5.090281380016798,4.9586697526716765,6.043481291384913,-1
676,5.208546603940456,5.258031343900458,5.521878703260502,5.289003706161875,5.068040849355611,5.0201493910682125,5.087068597083988,4.939399051412495,6.044761604399058,-1
677,5.198648061611259,5.2663942595406406,5.523029423540514,5.285947702598461,5.080286022019232,5.020436753080757,5.084515533815427,4.931472960686573,6.041482733952011,-1
678,5.190755189530062,5.275802910226602,5.515677588734562,5.28655239172783,5.095497038232981,5.014612381805969,5.08661524186421,4.931615375819282,6.051592778202656,-1
679,5.193152846389625,5.2749698459486005,5.510267741339083,5.265696420600329,5.104276231628848,5.00308387480955,5.08905193439957,4.932361703866768,6.0514816046003075,-1
680,5.200888369156486,5.260278489530341,5.495740287666279,5.243067952837235,5.115044883940409,5.008558582658807,5.097135728210686,4.93318157725476,6.03965953899118,-1
681,5.219374932014793,5.247370613582093,5.486190145531265,5.22760058970916,5.127012675474772,5.018645463962727,5.101712233492517,4.950198209705382,6.042020111111811,-1
682,5.232184958766972,5.239275484195457,5.477624429449279,5.212102609936399,5.139072278780731,5.026071113265729,5.1193517690267925,4.970317634435686,6.0397539068963,-1
683,5.236404576626277,5.23720059061052,5.451453100581819,5.199958534339552,5.159722755785949,5.025342329539326,5.136776639080506,4.985021232088464,6.0408478542063095,-1
684,5.238025755439756,5.23587283446358,5.430433518953094,5.1797897116416305,5.187552734664863,5.015573812463673,5.1529373029484375,4.992222836103592,6.042037935743902,-1
685,5.25177923571939,5.225236376688979,5.4098395307740095,5.160242879732743,5.220267388120358,5.0171051723087094,5.167490358235241,4.991981872895044,6.052384735385772,-1
686,5.260447858479447,5.208795302374627,5.396781174973079,5.138830676084178,5.239925350244542,5.014426994253398,5.180607440618711,4.992378357205743,6.037415493673776,-1
687,5.258582420236638,5.195453257048531,5.384777798982193,5.118198635417097,5.252332480373111,5.016053430871143,5.197058664430513,4.990612251162472,6.047739722675426,-1
688,5.251779986890558,5.172733814066122,5.367921472722981,5.101707078922547,5.268041957024332,5.006488654686492,5.195654314242502,4.987622779453396,6.046796284863576,-1
689,5.240438693768196,5.1499936298184705,5.341187575366109,5.075786202348904,5.272195224484781,4.996234083345053,5.1882396994293405,4.973927691714019,6.043542774376534,-1
690,5.234184131557644,5.129209095928351,5.318620223979637,5.054199578917724,5.273797594438012,4.977960717009852,5.180318996984664,4.965790658387197,6.047432541437443,-1
691,5.237335982947609,5.1115939115573905,5.3082330090035965,5.0342959871473205,5.26020621398326,4.967171592758325,5.168606981190472,4.968211053386961,6.030576734246361,-1
692,5.244134486365855,5.103054514011834,5.2925111894361905,5.0290310973056735,5.249495085988726,4.95813440011698,5.158229767314653,4.972314229535281,6.0401845870561335,-1
693,5.241405523441858,5.099342387981881,5.279114223837815,5.02197414744849,5.2354796757110655,4.944120518952547,5.14743935314989,4.984714697888654,6.034510447998632,-1
694,5.239246828738397,5.104644610639274,5.25658630699856,5.025231209737084,5.22038381441856,4.937226817612197,5.134733743412568,4.993578548316721,6.047643240998182,-1
695,5.229008294492651,5.104096879150648,5.229974197111418,5.0498816318438084,5.208150115767753,4.935449345699131,5.123346229927279,5.005570627781252,6.037074121360022,-1
696,5.216692007192497,5.11840272926249,5.214172535003408,5.05949788349014,5.189192192882956,4.93529720945636,5.122027220952453,5.0185915317222,6.045755940272477,-1
697,5.211852989309089,5.124758835788419,5.201900739376341,5.078703322586225,5.172667085888703,4.941304963903177,5.137674377981686,5.02993216524943,6.037598047900481,-1
698,5.200244300570802,5.126119800103706,5.1870749611781894,5.097437315179041,5.150677055218924,4.954600355501342,5.155586342871588,5.034027895980853,6.043387022772379,-1
699,5.187827356741561,5.133118500692155,5.170027474660426,5.115467001274798,5.122593225534599,4.969560800462135,5.1719989908381265,5.032286685142092,6.051084493794837,-1
700,5.175358817095325,5.128231912660359,5.150305945337962,5.129141485871244,5.091263323115929,4.99022998136663,5.1898492343935745,5.042898493395688,6.035895782760461,-1
701,5.169604269525484,5.130478584757588,5.139898586487959,5.132217115929405,5.061273360066161,5.011535614643709,5.204921516015989,5.038696345927874,6.047779488182113,-1
702,5.163442344608928,5.129920747915284,5.127400741295919,5.129521937331793,5.034107802486845,5.031380842586268,5.2156225490577794,5.023156516637105,6.046186320703961,-1
703,5.1576813639294175,5.145377968371346,5.124816907248489,5.104954151816066,5.0124891506798175,5.048893527389381,5.2176125786912255,5.001897608131584,6.0414021901287995,-1
704,5.150764598698185,5.155118954923553,5.121940758180914,5.095825012445144,4.98997803934378,5.055165344565642,5.224482424706889,4.974414633741905,6.047217734134939,-1
705,5.147055823674499,5.172489564005004,5.109890587768835,5.0846674847272215,4.973042448856232,5.05439614854305,5.216721814151536,4.947349524070983,6.042359312360599,-1
706,5.144478615114286,5.1889636092856035,5.098868734856635,5.082999251273816,4.948253592161877,5.05073633499015,5.210625934640587,4.924044961349788,6.052377564998296,-1
707,5.135003760782354,5.198545133801495,5.093154550936019,5.067038850658207,4.932379302626701,5.040620453376791,5.210220070308644,4.896445754488723,6.035222511658382,-1
708,5.12937291500103,5.214811812011402,5.094197719915382,5.057368604319568,4.916554832567087,5.034623922042039,5.212188867639838,4.860002178037543,6.045019837048345,-1
709,5.1261825024871985,5.22547734307202,5.088310667386458,5.0581841425694565,4.899363442866461,5.0266219166739,5.21259337915345,4.8379885408676575,6.04648223744321,-1
710,5.124077422387172,5.2286645599039066,5.090364527709828,5.055003988161518,4.888006956739075,5.020871771960502,5.21218321747356,4.824151803175292,6.047445490352714,-1
711,5.120552632338491,5.226265643309402,5.090979548269856,5.0603630939173225,4.876783313638001,5.020340579012928,5.2119077621777405,4.820487586537324,6.042107088859558,-1
712,5.123639010478476,5.235285588718441,5.087910358245061,5.059370961818567,4.868082380083571,5.020753372987945,5.213031549729623,4.836118543143991,6.048298325844034,-1
713,5.126791569177238,5.235251870846885,5.100478185006267,5.063898763300901,4.868476914299119,5.021476235364989,5.216233290919114,4.850133778293297,6.041493634441943,-1
714,5.137708082979401,5.230092667687472,5.111298000221376,5.072668848263538,4.883805058117699,5.0219518027926195,5.206438603776737,4.870119650209981,6.044030973599362,-1
715,5.148647806583469,5.219201129033355,5.112391828968674,5.093276616021636,4.906269873392885,5.0315833989596666,5.184207985484969,4.888808581200175,6.040088123251579,-1
716,5.1580349327553385,5.211967604518536,5.101865442344959,5.111515203802264,4.930448608278636,5.034653664198289,5.163569446333691,4.9139067309430535,6.0474158815220465,-1
717,5.169966106430818,5.204787847766842,5.095201076397186,5.129694166196525,4.95861857051302,5.0346265052029056,5.14604682181164,4.928508824538395,6.037835395693007,-1
718,5.1860483381388915,5.208147855009768,5.090420580857798,5.1456731933801025,4.983339349479666,5.0312210010148295,5.135819650272893,4.9436768463155,6.051703393668861,-1
719,5.202526047844059,5.197623789569997,5.077953565687268,5.160796291847722,5.012398498147216,5.022500110661961,5.136882886721013,4.9527885650560055,6.050189596831534,-1
720,5.216900410438736,5.178356985069382,5.068696988147418,5.164236425201136,5.04871081901025,5.011997182117603,5.133419358530531,4.948692875419329,6.0394423089447224,-1
721,5.227511684623995,5.158017742027816,5.05043123106242,5.160831878206574,5.084789071416954,5.004745521378551,5.129243992755222,4.950003200560995,6.060077997038251,-1
722,5.240001248259473,5.140200701469371,5.0306446106398806,5.147531423276139,5.126285990686691,4.997684117482981,5.125951747966634,4.952688221791785,6.038982365081048,-1
723,5.260736459001946,5.1308536652960175,5.020541334583513,5.141822622981143,5.159849776943423,4.983606628124807,5.132648716392303,4.967591272510306,6.044226955723701,-1
724,5.271584234590732,5.121627682359844,5.021386025182513,5.125290292029971,5.193456132505138,4.970398788258213,5.131625658975867,4.977498340873203,6.04347443857249,-1
725,5.27617915995908,5.112136747221353,5.0213232790559275,5.107691178649919,5.2166551978693185,4.95140915702355,5.13162653794134,4.987279923805378,6.0377131436399125,-1
726,5.27883155154892,5.094216306370857,5.013563739994464,5.0949181315555405,5.233764628307336,4.939977312169596,5.127397084527656,4.994985142120197,6.049536150690452,-1
727,5.284477742935957,5.095156515547734,5.012012124801082,5.082416100660028,5.235811011126776,4.935326431980648,5.115896025406578,4.998694531765275,6.041413881129863,-1
728,5.294480627065888,5.084716286373293,5.004825663607596,5.086031546437019,5.230617605191165,4.939768672850513,5.104747639929673,5.0167349796903515,6.042794647438398,-1
729,5.2996182840376775,5.077891519331976,4.997512764018329,5.097709549271749,5.22717681121297,4.9462664730850046,5.10611475682945,5.038909999381142,6.0402189070787005,-1
730,5.306965750960982,5.071288802448823,5.001187126302215,5.110412424912934,5.215491284579912,4.950118549948161,5.108780577021096,5.049242320048941,6.05577923104975,-1
731,5.314855058723612,5.056004625887421,4.994392348761613,5.119585963984776,5.207650176144857,4.954555329994186,5.106136226543078,5.041685156020688,6.037046843701185,-1
732,5.328052103981117,5.030314105678455,4.989178439114788,5.129613706665169,5.204504251107911,4.966474720130478,5.109654620257516,5.03151405160694,6.0409504915159955,-1
733,5.334748967125385,5.006858680565015,4.99352669615838,5.144926250213208,5.2092245476322425,4.994353203118217,5.120609825928511,5.027286570534347,6.042947558564508,-1
734,5.337893373867509,4.985324198935498,5.009583893511827,5.161057203249779,5.204509486983518,5.017650251438343,5.130651730985894,5.027139397978431,6.043728916608205,-1
735,5.345324014943132,4.9507001688672085,5.014834922293616,5.18726808340247,5.206749466386209,5.046500031321565,5.14113790672372,5.039797993478319,6.057989181852935,-1
736,5.346016356366025,4.930923081035633,5.029396943747141,5.211157961174686,5.21198121049663,5.077195908199743,5.1526648991166875,5.044727322733644,6.054957241797486,-1
737,5.34862863600104,4.914748901364511,5.044214115791558,5.22969762255865,5.207540855243732,5.098872343840744,5.151532653862489,5.051156808175731,6.05028168933656,-1
738,5.338969788967437,4.9058434084435865,5.05180831036642,5.24227483301129,5.199835218879209,5.12218431585076,5.156049851076625,5.061189456456926,6.0462297482469385,-1
739,5.326741320809808,4.898741086202175,5.0704721116938405,5.24864876678449,5.196381027937884,5.140209891898758,5.165076126114209,5.079965850593356,6.042857129770381,-1
740,5.323357262042917,4.897064532495341,5.0801081105097,5.257913483027781,5.189889523306893,5.157947277269645,5.17482168632381,5.1045073281267035,6.04038524225865,-1
741,5.327569489146433,4.889376150728845,5.083122797661986,5.269099838521494,5.18148108138391,5.171804820062798,5.16944439854861,5.125229648892661,6.042756513284323,-1
742,5.333587000865247,4.878423189399416,5.075548939271283,5.2791614021488735,5.185467303893074,5.182080438531398,5.172703287636417,5.146275160453281,6.043603581320801,-1
743,5.333011925061678,4.881568567204567,5.078406797671103,5.279238476597717,5.191091840467388,5.1805730507088565,5.164404044197658,5.157795655694571,6.044085953627653,-1
744,5.323735207959805,4.876793192853125,5.067474937911172,5.270133137327483,5.1906962073105944,5.17932519357074,5.150355490650885,5.169287814427471,6.048543650120316,-1
745,5.310629651364028,4.87304292762881,5.055305485076219,5.258793014405473,5.192275174479055,5.186805348480074,5.148616923683993,5.166748734228449,6.050207001641524,-1
746,5.295986376630758,4.865347830797838,5.038929798736659,5.2444606020124755,5.201173063418054,5.188464308572992,5.152425586680316,5.169608987019329,6.042377191618886,-1
747,5.2778085222708615,4.855615670263588,5.021189559612783,5.232902885748774,5.208340587039226,5.199075947987491,5.158887447606574,5.176495017049637,6.042563959406124,-1
748,5.251718739019637,4.845911606270946,5.015527952341813,5.220807059831632,5.213338990028733,5.205207234380888,5.169778171469723,5.1764522703058375,6.052106226047737,-1
749,5.221924323229038,4.84652254017929,5.013957327299901,5.201905339088296,5.220031050928729,5.204878806608757,5.190651963157752,5.1722327736795854,6.043047474463122,-1
750,5.188175545689436,4.847214814370788,5.014777911033407,5.181729570613621,5.22138071196438,5.207003643671234,5.2098455798742584,5.161484284142503,6.04467360701868,-1
751,5.157522464440001,4.836482965241457,5.013131554149205,5.1474576031489105,5.216528077637159,5.209532893062008,5.2400960940845955,5.148190246050898,6.045406362459436,-1
752,5.136709059251569,4.828452826916615,5.012732091039489,5.118936218113326,5.212712524339844,5.204699563933861,5.272405231482875,5.135625421114718,6.045264389500767,-1
753,5.124201560265475,4.817571102548902,5.009760226771747,5.093612328707334,5.210135559341194,5.201647025059068,5.292298983245276,5.126921711952695,6.046730278062084,-1
754,5.114729338083402,4.8087984577543175,5.0065285501226615,5.076902781067483,5.201417161794225,5.188037470400034,5.304298953695925,5.108033704718738,6.04214202066687,-1
755,5.113129457390768,4.804468172111305,4.997022459190712,5.065072160660256,5.1894849593524395,5.169319816057217,5.319754987370047,5.088933010543215,6.047651629193061,-1
756,5.121824167809877,4.800239224957914,4.9784132451460295,5.056677008986039,5.175577440866124,5.147972815052207,5.321990176796621,5.0749318993393215,6.045117593822192,-1
757,5.126354837873549,4.798523934356377,4.9584629516340915,5.046014444100652,5.1542556258549705,5.132076527611212,5.317047937335979,5.071353222557966,6.045659388182224,-1
758,5.128816790336296,4.802213653017428,4.9474451938722925,5.038029846372412,5.136020343380946,5.1169070559374035,5.303443225458631,5.073763945735243,6.044163533344389,-1
759,5.134352692642673,4.803417033766805,4.941270643011412,5.042153433681637,5.121488766656714,5.10882700853543,5.290764262002627,5.073999627570899,6.046204922255465,-1
760,5.138067632787916,4.805226786619842,4.936403974892263,5.033740674505448,5.111848592408706,5.106051748800682,5.277179694455548,5.067170117532041,6.044266170014709,-1
761,5.133621106225518,4.80789548632992,4.942767083230328,5.018472974489159,5.094630916726459,5.092317916268797,5.268495936347161,5.066010205452015,6.0435266313163085,-1
762,5.128888070300735,4.810815034952741,4.952133261033424,4.994356900484414,5.0790295284827796,5.09573094381712,5.2570196143854995,5.0820776511668795,6.050091058056111,-1
763,5.122112198263223,4.819438232515645,4.9638051445143105,4.965405177209914,5.062895911740193,5.09820418457124,5.233491722149029,5.100195377369668,6.045994347569501,-1
764,5.10292167557223,4.829043418121302,4.978226392856413,4.944824904917072,5.048325211481822,5.105678294259166,5.210728516350314,5.1233037749773365,6.047154637040125,-1
765,5.090723897331614,4.8347089931038605,4.978600734270543,4.929030168708915,5.035860369678828,5.110222767737372,5.192508556115503,5.131990824311025,6.046361638925088,-1
766,5.079643824049581,4.848072739610259,4.975431233740263,4.916340389982544,5.027187988544882,5.118924388314857,5.181548157571543,5.124761799681697,6.038734269245862,-1
767,5.071695704926498,4.859560024185057,4.969560490039044,4.89917282118786,5.010021678453757,5.127117491878802,5.171015407524821,5.124962514293584,6.050206075432729,-1
768,5.066720347186675,4.8715907410438195,4.964369912976883,4.891888854869594,4.989846040133381,5.14039481184429,5.159131078880818,5.124022678323416,6.049069901380888,-1
769,5.0571633591396505,4.8872671898551845,4.953978243073447,4.8961634181670926,4.970699389206166,5.152311575126944,5.133632406383023,5.124378995149176,6.048249053783388,-1
770,5.047125680050771,4.897744470274023,4.949049551676411,4.909632170744848,4.956409730298519,5.168058228002901,5.108614561935346,5.116117129565913,6.040428485199722,-1
771,5.034956908514287,4.9052127420744425,4.947090388599134,4.9260732108850025,4.939017023778151,5.183067015683232,5.082708547536687,5.107933819422179,6.0471530758861105,-1
772,5.025543772229585,4.915174074315068,4.953555651243353,4.925442967660674,4.925234895968686,5.192002864501113,5.05531025427469,5.092178012268404,6.041824056293335,-1
773,5.01781824109274,4.91779875123226,4.966031227742679,4.9205261613945614,4.904915927740877,5.2036869383066024,5.027549867188637,5.088129209512558,6.050523279178885,-1
774,5.015655303679967,4.912005968617651,4.981552203250837,4.909994033457668,4.8847182032970355,5.209576629089806,5.002678035794669,5.097785453420845,6.053153890299961,-1
775,5.010749628586317,4.909439770010996,4.99875998648802,4.904901933949617,4.873485635515412,5.21015061662542,4.972157488284255,5.099794003739731,6.055987030787805,-1
776,5.007790653459729,4.905511828135393,5.015758819392939,4.9005740012055385,4.86647670492961,5.207018927255178,4.9477785433063906,5.109899392864161,6.050896091612987,-1
777,5.015655998255424,4.8987430501356,5.037621877859938,4.902907014659425,4.865762594257233,5.2096196206299155,4.935175167791286,5.1179175186184,6.043498310000686,-1
778,5.021457014852712,4.888911946400119,5.05698739050958,4.909895203986294,4.863921860691493,5.204782331355341,4.930530579144227,5.116444370277677,6.0497827620516285,-1
779,5.033552345709974,4.883043059783256,5.074237480138892,4.917385421664859,4.872622085168193,5.198887089925218,4.93320153028471,5.105714056455895,6.044967191862408,-1
780,5.051681193914225,4.873119637528534,5.0873393177643935,4.9263734241800154,4.885280152773062,5.19790247962993,4.9347334076032965,5.108157444734267,6.048811738111107,-1
781,5.061611768653684,4.869727654591256,5.096491012648812,4.944727325811782,4.910723208231315,5.198885152219353,4.938101937178036,5.119268514478373,6.0478489421655,-1
782,5.070628033645395,4.86455676020012,5.091195284235136,4.960204672381768,4.934167903257544,5.201483297256913,4.934384213115769,5.1331162600153615,6.043419062105641,-1
783,5.078212032307786,4.862327979031051,5.091664873297103,4.9732841984263105,4.956419889309787,5.19968953296153,4.931983976543954,5.151873879467078,6.0439651608652545,-1
784,5.08385995569225,4.8646545657588085,5.090314922331639,4.989017104568325,4.972910874168003,5.197336265977871,4.933739107094379,5.172086025531011,6.046821227109421,-1
785,5.095339387825255,4.870658782710272,5.080870525385494,4.9931823264762585,4.981690927164634,5.191728602118174,4.944643458089582,5.188407611499949,6.0440763526772825,-1
786,5.103738560038323,4.884273121467512,5.074405219019898,4.988830062485183,4.9968265709789215,5.1862284211688285,4.948149389966106,5.213553554726893,6.054653622753036,-1
787,5.113141251271838,4.900143848746065,5.076898891924888,4.977822796326328,5.007363607465561,5.1774349350612665,4.940757224806158,5.252477164961302,6.052887359506662,-1
788,5.126330258669427,4.909051367052843,5.075091590354971,4.982617010405677,5.012906997064381,5.167816401952955,4.942729593551006,5.2832604380035155,6.045469643226324,-1
789,5.1398402073379765,4.920913090060375,5.087553456572268,4.977724677340117,5.022838205370519,5.159582572124119,4.9489472638714105,5.296172915680279,6.050194824861406,-1
790,5.155025654319048,4.9369912479481215,5.102513968781501,4.972291764496777,5.033617650464252,5.148900115418748,4.959884474140155,5.303125236814585,6.049626228776839,-1
791,5.17178033029815,4.948749981614783,5.109400772646449,4.9697818965386436,5.049057818847355,5.137938705195079,4.977774316206957,5.310378046517158,6.047039718793847,-1
792,5.182246276080285,4.959824357016604,5.112849593803898,4.962618322934745,5.066546712048707,5.130503746708295,4.989181304353483,5.3151495319565605,6.047706052774892,-1
793,5.182369124491164,4.965527572304258,5.120764912216582,4.963525609788578,5.090548197288958,5.130359598088707,4.982920491946225,5.322336302942796,6.05237512987258,-1
794,5.187394163920288,4.973714210288259,5.127016910179162,4.971740569184444,5.101321686187505,5.136099474566755,4.9766820549705475,5.3277213774055365,6.056837883792521,-1
795,5.180079085314487,4.978617274056306,5.133262518508872,4.997205279363257,5.111488059439475,5.139093993568377,4.980143919845681,5.312221924739365,6.032634411446972,-1
796,5.17093891513299,4.990371282533764,5.145418536903127,5.009994185242356,5.125378319754291,5.134791440502653,4.9760141648066725,5.287964860393569,6.040669109995431,-1
797,5.168005620129235,4.993692790016884,5.157149878655193,5.025818739181394,5.137651654052352,5.1263496641702835,4.977336481724025,5.2737353200299015,6.043582555692003,-1
798,5.161204447672992,4.991855414595761,5.171034956623733,5.050232395489406,5.153304081305555,5.117164970641979,4.974458769376339,5.261767133452661,6.040796856213548,-1
799,5.1536541084067755,4.99341171457468,5.17709726308997,5.084850795525697,5.158874894394007,5.112501954026646,4.973240836607683,5.261303457946246,6.047959335083136,-1
800,5.15639210274155,4.992105762450403,5.18799274374399,5.119958344988456,5.175067094023369,5.101751563875806,4.978645390850592,5.255714143247012,6.050430318445508,-1
801,5.160562148819788,4.985093017020482,5.2032503304783795,5.147563336703478,5.187649071854429,5.089638675195198,4.991719795316852,5.25156839077148,6.037291447284538,-1
802,5.167643865694094,4.977017553300904,5.21557164595072,5.167486650398137,5.2008100356224,5.068967949555397,5.002518453557088,5.251189529383944,6.050404883273114,-1
803,5.1836094853638315,4.966730495677977,5.220139966389958,5.167866471839371,5.219496033125003,5.061118652232687,5.022328203449631,5.264530231909852,6.048130973889998,-1
804,5.1966058177014345,4.964186715947524,5.224108793930588,5.168682395128023,5.238068952200352,5.0566679712240985,5.041229678383197,5.282360300516932,6.0422163692483615,-1
805,5.206801551517223,4.966140136207828,5.2256455775757455,5.164717653354236,5.250136195247501,5.0496337021691104,5.0531881985958,5.299757815919741,6.048090846818272,-1
806,5.219312558217989,4.968242703076126,5.222315910365056,5.157277696516712,5.264884389305087,5.044727884506427,5.067079716922814,5.322019971455652,6.047930397368316,-1
807,5.228338240375764,4.978863242746459,5.225183604885589,5.14697779792353,5.289572376808484,5.038608167256178,5.076905795602326,5.335556606333273,6.050746055996085,-1
808,5.233897162860201,4.988297753671549,5.230748066103716,5.141969454069975,5.306478000043046,5.0368637033404635,5.085585238745548,5.351377198080861,6.0457908243278435,-1
809,5.2391445231958,5.0047290346245195,5.239043504128896,5.145128544004825,5.327776105558227,5.035321177763457,5.089779902043379,5.360222338306119,6.056694662215726,-1
810,5.247345237461768,5.009870623504652,5.2481808258156155,5.154113156252001,5.348161429386332,5.038592562530563,5.096616120112152,5.3693311757226985,6.047368979126034,-1
811,5.24658339393405,5.0116725329320735,5.253166304999852,5.165051108177254,5.36270673000213,5.041757885667467,5.09775463037103,5.374219464311314,6.0398543007881225,-1
812,5.244343392820729,5.00698138818459,5.253687845181308,5.180894601042777,5.378356755364132,5.045084556973382,5.104756050247288,5.3820993635106165,6.044254555109412,-1
813,5.234650454923045,4.9931344533346085,5.254553629147845,5.1916948773125515,5.397070253664524,5.055490477675192,5.103509704343602,5.381643404840296,6.052183109124263,-1
814,5.220148326377608,4.979490957398401,5.2593596138035394,5.20968236618508,5.408219054627683,5.063164254308335,5.097802600095355,5.378810231899666,6.057547959469629,-1
815,5.207571876462122,4.95566868602108,5.263204160524215,5.209958447102785,5.419043736357027,5.068979170024944,5.086279065548031,5.370160026958862,6.0477524134364895,-1
816,5.199889570840532,4.942585074823662,5.271586528393732,5.2104610574235775,5.415106814458556,5.072323870972292,5.079707328912022,5.348489791762619,6.047131186600069,-1
817,5.202291686675603,4.932945295521089,5.26619247668138,5.208531493139162,5.411387003497103,5.066604243975881,5.075682444209164,5.333027675532226,6.052402929296372,-1
818,5.207399460828687,4.929579039189988,5.2633020995293,5.199517761591379,5.415058000802997,5.06367556256268,5.078151019006829,5.3108138025866305,6.052194053372733,-1
819,5.217912242355537,4.923219207487707,5.262993715503157,5.200207171759897,5.404236915158797,5.059041143305608,5.078121265936915,5.2806681771751,6.044973692129176,-1
820,5.225779726312567,4.9194092729964405,5.264279313506655,5.1970465737401,5.388598977009811,5.06028406146181,5.077624309648645,5.247807833524547,6.042123473878359,-1
821,5.2464206654193335,4.926034073847934,5.265077131381746,5.2004437417350715,5.359227332483569,5.055390699702317,5.081483166155117,5.231319163377632,6.042734793245495,-1
822,5.271653228661918,4.927375978493335,5.265168864786253,5.189912989808535,5.324582662116907,5.050261388706364,5.077920602568154,5.218789045809305,6.044928303376327,-1
823,5.293863294458116,4.936771827618917,5.263783671830581,5.193849195599244,5.2753025071504664,5.041683402367872,5.071443409380158,5.194226805715976,6.046328491079623,-1
824,5.31345934588665,4.941566523937598,5.268267918143114,5.189502850935196,5.230816521266282,5.035046475398303,5.0579664590007445,5.185851068988706,6.03997124636479,-1
825,5.3237605748906445,4.949357837662961,5.279976545522527,5.189400379511457,5.1805478682555925,5.039302935237728,5.056810790547755,5.169057881651947,6.044245623189995,-1
826,5.3200211628499146,4.955890604930129,5.287537416330292,5.193762330509699,5.128059547488982,5.042302427352202,5.056258929963667,5.149651548011597,6.047950023606991,-1
827,5.319220220333632,4.970303973256503,5.295364557390646,5.183939101304196,5.097168673761825,5.04596132672128,5.046434796750852,5.1358534616698375,6.048177469307422,-1
828,5.333468133767052,4.980241713371761,5.296698046955866,5.175071306678486,5.077558817922384,5.047030343577695,5.042809331674404,5.125829394193187,6.0452536282684655,-1
829,5.35119966114724,4.9926975035782695,5.29709927255842,5.161150916896448,5.060272082826528,5.048064187650763,5.034297869974147,5.103673423007805,6.034519381401189,-1
830,5.368146735455689,5.009434638876742,5.303377028888856,5.159719093935809,5.047201462859847,5.055577704623775,5.040348186553551,5.084908327311033,6.046010625366886,-1
831,5.399056380062479,5.022327932486714,5.311193961948135,5.151135080379308,5.043275483510069,5.060831037835091,5.054327037078805,5.078464802174655,6.0384404278262425,-1
832,5.418316777455901,5.0331889266335565,5.310282452815137,5.150880496647483,5.041422569750107,5.062082157659848,5.066025697818945,5.069914145867719,6.036378523768603,-1
833,5.442978657799553,5.037908714048353,5.308407462701062,5.1350542074584995,5.034971091728055,5.060758320862625,5.074471752688446,5.068022786904093,6.036178594465977,-1
834,5.473316652342603,5.0393205176676386,5.300886589245777,5.117346172326395,5.031081718645529,5.0595266318425045,5.077319800227982,5.066966059977014,6.04679220491053,-1
835,5.493535696004205,5.040458664352098,5.2957159255199375,5.111238330289009,5.0192622546287655,5.049664476185382,5.085941674045877,5.073027886568341,6.043950131205387,-1
836,5.504112844345628,5.043795269588654,5.29354896351333,5.0972839443790665,5.00049901405039,5.030484969223884,5.0915216029757,5.084236619766129,6.042555053112278,-1
837,5.502433877749888,5.039494344078263,5.28371032770529,5.092613480180218,4.983162825657744,5.017931516258601,5.1035571121704475,5.099891036279724,6.049290509401055,-1
838,5.500735972825482,5.04175440232788,5.285753355480871,5.093478327202955,4.964046719281782,5.001774718795355,5.117779930378822,5.111940507306291,6.0552610914648355,-1
839,5.4850650158484395,5.033370201337019,5.289501068026974,5.097854953200555,4.946423867553409,4.988146628302294,5.132133415655713,5.132826803998421,6.045222570377133,-1
840,5.473647279279155,5.024500431776372,5.2887347602426065,5.087779228592969,4.937068673522191,4.972020348056484,5.14851570663828,5.154561113562089,6.043781537850322,-1
841,5.453338314120181,5.012181441237308,5.287226664546787,5.0810931319893164,4.94092479041426,4.96138405726394,5.158353964681096,5.181616098271485,6.043730768814999,-1
842,5.446710781289953,5.010181493282618,5.291929260564515,5.0769529255667525,4.95328038542108,4.94936359018228,5.1673199255131586,5.2177021747461545,6.05838899961418,-1
843,5.444826775081998,5.0043872252930965,5.291049224290413,5.074608838125703,4.966967465410477,4.946230034677271,5.181495092893828,5.249116900176453,6.051263478572477,-1
844,5.444650577062267,4.991617346380617,5.289250655559878,5.076910677449986,4.9763017640223035,4.955805040678588,5.1832971642809085,5.2667442748596685,6.043569508388342,-1
845,5.442384364447921,4.987405477384252,5.28905419644092,5.07577881553928,4.997025541560447,4.9609501028862315,5.1846920866190125,5.284603131790969,6.051919307194001,-1
846,5.4339705238320875,4.979036843973378,5.277178021143479,5.066296041596707,5.026106002388489,4.966784829053445,5.1721998481145235,5.295911390055327,6.048646458344296,-1
847,5.42675824846931,4.9711281274547146,5.252375368783996,5.063048537363345,5.056414577894596,4.974897970568655,5.160578806462824,5.298835362533636,6.051868512966688,-1
848,5.425660807662903,4.965048188265311,5.223548689551539,5.073188545418252,5.082201423748548,4.98817920994431,5.1478153315647015,5.303342413097918,6.047130263458,-1
849,5.428519795818746,4.963772928864248,5.191945325624447,5.088471145411496,5.101855093436714,4.98666243712321,5.128673347067369,5.309534996490881,6.052307497846265,-1
850,5.419994365412684,4.9548732715478625,5.165110749994439,5.098016844193411,5.111907003520431,4.99050502203197,5.112565642421298,5.311576818641669,6.034518658623562,-1
851,5.414365230481115,4.949473605939891,5.141744143708255,5.102691887958363,5.117450970856687,4.993413759167465,5.09062140538221,5.316804677085262,6.0424134043863695,-1
852,5.394186124848592,4.946151973596216,5.127548162377784,5.12008974958377,5.125545624107566,4.99345046268615,5.080389461230089,5.330403753097065,6.042565818761668,-1
853,5.373770127043011,4.939842835819687,5.116722884432939,5.141898960630652,5.131910168074984,4.99133477636384,5.068068862816882,5.336609945346057,6.045190784696519,-1
854,5.364613753540784,4.940815405711503,5.10362199371468,5.167670721190287,5.137826781847885,4.983976577335019,5.070542930737744,5.3433889727787065,6.045193558088794,-1
855,5.354107081872632,4.9451469297251895,5.098679936664451,5.189870478351639,5.138940969937505,4.985226231465828,5.073642900450332,5.35257495018724,6.044808694976273,-1
856,5.337535024284986,4.94854041219592,5.098702677653957,5.208860427782292,5.14297966114538,4.987944788481887,5.080846489785429,5.361020206130785,6.047710309488429,-1
857,5.317153754819993,4.949490034544922,5.098971835327622,5.223992257327136,5.142206701181723,5.001398229111931,5.095786049345409,5.356655837403526,6.045959550811677,-1
858,5.292888203880551,4.965645251992206,5.098833048086539,5.239283876848204,5.1408186220993315,5.013735543083034,5.101346254995562,5.347424584072089,6.046594675320553,-1
859,5.271584531683891,4.97245493894381,5.101809947286502,5.255764186887977,5.147406872443447,5.0176958571943695,5.10198571877337,5.335312748556017,6.055127119421779,-1
860,5.248725610739986,4.981151805478204,5.101082367189413,5.262919985971849,5.1492013079660195,5.017556253499001,5.102305318375654,5.327627819024676,6.048098288012782,-1
861,5.2355727273935795,4.991256059271667,5.111072820431338,5.26437624009491,5.14846034390439,5.023577176342858,5.101993655871564,5.332246830934733,6.050385115063038,-1
862,5.215902275060073,4.999164183546332,5.1226563675791805,5.2561265696674715,5.1479177638773,5.031180589450093,5.096106714904713,5.336509776231505,6.0497792025453645,-1
863,5.188872306468316,5.010266631170729,5.132149772571097,5.248668989291089,5.1578397421212445,5.028558356455919,5.085382504701522,5.337522607185619,6.052958366111405,-1
864,5.158757036400043,5.022416963597157,5.143515862245075,5.239099322594179,5.158242046049432,5.028430030005007,5.078483461539558,5.329945313968357,6.051633540257477,-1
865,5.13031793469321,5.032926051748161,5.157392941306715,5.230897051132362,5.160298664003435,5.021851710984297,5.069297651726711,5.322204131511274,6.0395076978277356,-1
866,5.106168639113845,5.038462903222383,5.1620945057654986,5.231942948883968,5.157126882352663,5.012581529040814,5.060664909849426,5.320020539330671,6.055935097098567,-1
867,5.0836765717831645,5.040668693768456,5.153409183013543,5.236078040084534,5.153165562317342,5.010650363833683,5.070364039174567,5.32213859816031,6.047396343170432,-1
868,5.072106632894351,5.0379861037055385,5.143509638531267,5.240821352347637,5.145846538513711,5.014473958413889,5.074136108713903,5.313247878741381,6.050446221640305,-1
869,5.055256266558236,5.036707528023084,5.111510248572369,5.243322551818201,5.13990796567172,5.011717073028216,5.079022207725349,5.296526450973745,6.050038755916127,-1
870,5.031912626784508,5.024508568982485,5.074962036174947,5.248110498671167,5.136427441889823,5.014151662410966,5.075673125488375,5.287037921249929,6.04691957557658,-1
871,5.038806675843691,5.011633654312153,5.0538398716965975,5.244012719582725,5.134240384113761,5.032313870081949,5.068048239139778,5.2772557894767695,6.057812285928745,-1
872,5.055599616684458,4.998452496487581,5.0404477418305245,5.242534999183713,5.142736572393544,5.043688276689875,5.055231330851775,5.263823025108729,6.049658322439012,-1
873,5.0728869222155115,4.987398788967602,5.021935836569312,5.243531550695168,5.159350570531182,5.060850727656987,5.053464135584795,5.258150065745194,6.057235431723834,-1
874,5.092536967795452,4.972189793587816,5.00529597423097,5.238760471724539,5.179280405845162,5.070044595979502,5.06762041181133,5.249865048926182,6.047237670591098,-1
875,5.111511722047396,4.9662509273436735,4.999601428002867,5.234961988999221,5.198695074493261,5.070712128066812,5.069170808358114,5.238121933350815,6.039878789155171,-1
876,5.132112609006699,4.976469280234546,4.995070644369535,5.240281119508519,5.221826402709186,5.073387559208732,5.0730268758631345,5.235956098557178,6.039218291543554,-1
877,5.151474499071227,4.987061693540855,5.0050969611872675,5.24699212226958,5.2441915522838185,5.084564081111737,5.075298241636478,5.225179595526296,6.039470743476528,-1
878,5.178917224491677,5.007328895628475,5.019293799920026,5.2592481113949265,5.252302473432143,5.086602220202782,5.088430436137142,5.20849689766735,6.046751863935618,-1
879,5.1843680468473545,5.020654555210781,5.019970928857494,5.273540242247896,5.251616916544697,5.081378850512716,5.112099832806633,5.193818050757833,6.051528515867338,-1
880,5.192678022398903,5.039836226879153,5.013654325721973,5.282023640260017,5.2420676731531906,5.07052004908199,5.129216403112389,5.188834748606802,6.046542273499095,-1
881,5.212153335483264,5.057074534067784,5.00962757045529,5.295028632871601,5.226593857111982,5.064312552387178,5.137237203061014,5.176530549644708,6.035489595516061,-1
882,5.226161294758793,5.070370591210998,5.003238735018904,5.301711914666704,5.210014288566195,5.063277198635188,5.137359911033417,5.169040895470459,6.048171544894279,-1
883,5.242437651192148,5.080677630264014,4.994155783175717,5.306952105284198,5.19047727576815,5.060062283230317,5.139712697045738,5.152794337756838,6.05180180939546,-1
884,5.250777253305121,5.084058975933996,4.9937214655872015,5.306219118738093,5.16971497514809,5.047172311772985,5.145841896365717,5.1232483675766485,6.044716431088921,-1
885,5.2527853075259925,5.077414800453392,4.992546327904556,5.303541981180667,5.148595962498729,5.034175588267271,5.160907369498572,5.103008468737906,6.032245078500225,-1
886,5.265900299775119,5.073924275420232,4.988103763413916,5.291822734389124,5.127696660958515,5.016191519603852,5.173281354246372,5.067694251776807,6.047770719768228,-1
887,5.275162278683037,5.076434334690429,4.984551408543592,5.281154626578651,5.108119794958288,4.993427566434353,5.187522680523889,5.026057239269944,6.042061772802239,-1
888,5.2773923074174816,5.069951018089825,4.9925890230204795,5.274819944143587,5.094316074767429,4.982554532479435,5.2037045287853925,4.998511754979899,6.055217430852617,-1
889,5.265580172160687,5.073457602402204,5.006110129098636,5.262493872125128,5.076721968049042,4.972184262096089,5.222197675929653,4.9778124130951955,6.043427709902185,-1
890,5.254579664356605,5.0753355126048385,5.023625542875338,5.248683568233983,5.0604188799216185,4.964050999986284,5.240235050249243,4.954043966572714,6.057713277634276,-1
891,5.24177846875983,5.077921172623092,5.044312432519113,5.2344549084965735,5.048582074923515,4.972514128960147,5.255277055424489,4.949446752157884,6.046284902069349,-1
892,5.218857744607018,5.079652676270734,5.057844176664252,5.212383355489712,5.050734461223539,4.988069868222098,5.265825941560126,4.941529343146685,6.051367746097792,-1
893,5.212651172282376,5.0821459347645,5.07898750534224,5.189930966074607,5.049830976443542,4.997388139496543,5.266812287775166,4.934229208816054,6.0534632535684105,-1
894,5.193881236575254,5.088637796629644,5.104462859646982,5.1800012990988025,5.058567405885044,5.013039993398893,5.263484431507736,4.944890498224482,6.049150734291954,-1
895,5.181810992347532,5.090262669629117,5.131278611745989,5.177843030880756,5.063832128030484,5.0280620438178785,5.255872902782953,4.961218216575077,6.050729927776138,-1
896,5.182213895791589,5.091597326019574,5.156085855452038,5.178782316417367,5.08063422454199,5.041911116741475,5.249561844152671,4.96688045415451,6.046943826861113,-1
897,5.178222637603286,5.083628314130061,5.179019648061737,5.175500482959904,5.0983777408476865,5.051151712337767,5.243395778007028,4.972909051045819,6.048767354376936,-1
898,5.175192550579354,5.075886559507868,5.2012795846911155,5.186619273731871,5.116986099416376,5.055573020366732,5.240042715988674,4.983780110297385,6.0510975335171615,-1
899,5.162964271039111,5.074208908666797,5.222752948132531,5.197059672338952,5.130535368538932,5.054404863695512,5.245108631701596,4.986320148998869,6.0568130377063865,-1
900,5.164911954579325,5.059153616973018,5.247526523637416,5.211080190686082,5.141002680223466,5.051339137443178,5.250466604742871,5.00260147980001,6.04570415183846,-1
901,5.161915402440834,5.045156283108029,5.2609706389400595,5.231594206119351,5.142259166401596,5.054311186314266,5.255174336402532,5.017442514985766,6.045645883945587,-1
902,5.154742640748365,5.019705992811812,5.2678507336506994,5.244291482524577,5.147204943830408,5.054689880706121,5.2645827279009225,5.018939380752949,6.045867200622226,-1
903,5.157640551355845,4.991186571946058,5.268607149460585,5.255623826402648,5.155321858190696,5.0575996348611145,5.2635437001606995,5.026020109572287,6.044550249983324,-1
904,5.1446042009513135,4.973670497552765,5.256797011700342,5.267617014670692,5.1572949583284045,5.051461001248121,5.261901945124521,5.0324351093106054,6.052722372960951,-1
905,5.136142452667995,4.9599189484026995,5.2487582122378775,5.292214383410193,5.1700957121304985,5.050026407898829,5.25678064580329,5.039940839665333,6.045988855431861,-1
906,5.133404272955365,4.953349986089715,5.243183178362521,5.305800250548912,5.174383038453021,5.060358737244292,5.249037411190879,5.040311504947706,6.044319554253857,-1
907,5.136341823609263,4.944460835881812,5.225787742565203,5.315597814642628,5.184120459119026,5.070122037088716,5.2320892756814965,5.04993344004297,6.044611505722773,-1
908,5.138620774255353,4.944312021556945,5.2051261594943545,5.325853431485336,5.187883386339891,5.086145717631182,5.225926138915524,5.052281797675676,6.043037734904682,-1
909,5.137035448788947,4.954373935952628,5.190007893546467,5.328239995266974,5.202492523346376,5.100036085385093,5.221339842116131,5.060818864805225,6.046829372779388,-1
910,5.1428802056399885,4.970559949359057,5.1714717026278665,5.334107354140857,5.221015133598437,5.1262347098789265,5.221511034130074,5.077626227558112,6.050256790794768,-1
911,5.138788754415305,4.997129110969962,5.155982460086895,5.329233560774669,5.236835412211284,5.151971400378718,5.235214087340469,5.097887500260519,6.051517999737016,-1
912,5.141981251190084,5.014664963255211,5.130832139697731,5.3254545718276205,5.241757570909485,5.185748133153508,5.247599550173049,5.106139286458147,6.052280530517783,-1
913,5.153802525828959,5.0308761525741765,5.095134851644354,5.315580563857582,5.2385240853097255,5.208954674970405,5.263988820002815,5.107105686275614,6.043076143174468,-1
914,5.164861750495772,5.038842816501736,5.060886984401508,5.3124362084407375,5.237114450917253,5.223364286180441,5.282997775209388,5.1081873540781215,6.028954175026119,-1
915,5.168392145434579,5.04181901834881,5.041513405003032,5.311789229006577,5.225860394729914,5.239712064909478,5.299988500111678,5.095410922678906,6.054074529431554,-1
916,5.166042310630482,5.04314696400835,5.018729568306456,5.311532910503321,5.21028045060299,5.2411949712654655,5.309611246485172,5.0892069482187265,6.048384347025049,-1
917,5.159548793862739,5.0282967928740545,5.001030726620205,5.319601346953336,5.202417376506953,5.24157055543409,5.320442866692493,5.089902247887855,6.047274445889953,-1
918,5.150199704850392,5.010316497253461,4.994392556204333,5.324521458601147,5.188242007449894,5.237585854026967,5.324424526462275,5.099288716752826,6.049585074748628,-1
919,5.1473578811115,4.998001617369446,4.996644953788943,5.3368484175540924,5.178982523651245,5.239861456503219,5.324965152416962,5.10060098410606,6.047355770003214,-1
920,5.141368961353197,4.976069357963169,5.008421965652052,5.348212292714658,5.173579295523954,5.238524756562301,5.330722848377536,5.107367535290473,6.05008649827972,-1
921,5.14033995657771,4.9595455407504705,5.023665274616598,5.350920817550371,5.167679131066778,5.238780453248229,5.323672344995211,5.113331731225188,6.037970555393153,-1
922,5.136366527825087,4.942049270659591,5.034651363513773,5.354091521729278,5.166209319533573,5.237461366991196,5.307498326169632,5.113002447423603,6.047501369724236,-1
923,5.131098201215858,4.929618648716453,5.038829404318544,5.359420607203203,5.174625746325788,5.233604329696595,5.304101035124177,5.122496831492415,6.051318546052285,-1
924,5.139479320381187,4.924115011261494,5.046872087369971,5.356072815837083,5.194167414665537,5.2414180991257355,5.295434270535577,5.126229616469967,6.063073773240903,-1
925,5.1519983375985055,4.932353429216194,5.043234968182674,5.3480523015307,5.201115725718609,5.248179584891831,5.2800914912264005,5.125874311056851,6.048512640729819,-1
926,5.16694847969778,4.945085029758507,5.040424505882942,5.33713912057122,5.202923447894943,5.2613193594250545,5.2593230090019105,5.123244182416666,6.0455694769316946,-1
927,5.177402932460078,4.950213040989626,5.034982922508445,5.322312663098684,5.199864391324054,5.268461204091577,5.238932938057239,5.116760752152571,6.0580797833469635,-1
928,5.190566858720355,4.969983944393203,5.033758543429453,5.291144777551426,5.199578979680546,5.275659343897136,5.212561146016353,5.104769221098108,6.050765895076888,-1
929,5.188850621075367,4.973268639012463,5.023107198196858,5.269885214429791,5.194298541715057,5.282862798436642,5.199867683848691,5.102816165240963,6.042648625155773,-1
930,5.179132699616019,4.975948047897137,5.013438593235069,5.250758360664275,5.1910387295815195,5.2895348651603395,5.188388800138641,5.107440720534375,6.043079544144668,-1
931,5.178356735008686,4.972918545731317,5.008672596029744,5.238690107896423,5.171238701499254,5.294192839221298,5.16510556341655,5.108878253997757,6.054148516769686,-1
932,5.171307043841907,4.970878493167528,5.0069599264852425,5.241596935256797,5.1432933948251485,5.286627038386898,5.155974779652032,5.1144705710984,6.046453946581503,-1
933,5.173427844564215,4.966915170466602,5.003206852203585,5.243589647505746,5.110354460683401,5.2753288606600695,5.145845698642919,5.1189647615004406,6.042970661746657,-1
934,5.173560335970492,4.964002569453158,4.991513483227907,5.251136463069764,5.077799289587319,5.256576804906654,5.14607081065686,5.116197646832929,6.047315434943992,-1
935,5.177122339165641,4.9658716235605205,4.9787701670152416,5.259471633415664,5.0412689455887705,5.240995487269949,5.149507060776522,5.112342743506911,6.053023195579429,-1
936,5.170989047977805,4.954076445046162,4.9674571186799374,5.276713788775079,5.016079461241905,5.236944420889497,5.149823859443893,5.1251314385981015,6.04966015220974,-1
937,5.184252293090123,4.9490147259712876,4.9678312809848055,5.2952599503850175,4.995377025407165,5.231730349113641,5.148512077046305,5.140601740468236,6.048310841926571,-1
938,5.20388468820386,4.9551769500142475,4.973246555440093,5.3077313118938445,4.972407497429853,5.226078826024422,5.145845785264349,5.161261174388768,6.0497942970958505,-1
939,5.22268989411289,4.964373846279259,4.9794076616350145,5.3089364162888355,4.960010749302349,5.229699245203917,5.145511770240723,5.173750310569584,6.045712825587173,-1
940,5.24718141810504,4.967932276002114,4.968719859266732,5.297404756536933,4.93948334548158,5.237795159258361,5.138620442248428,5.189168934362706,6.053730333197356,-1
941,5.263029387374257,4.977283121479364,4.9612661513835405,5.28470873441268,4.940926618412096,5.245468337901601,5.137552822794224,5.189840974227671,6.057872346283481,-1
942,5.28286757058577,4.978832696772112,4.9593857941910215,5.262050582672749,4.948576053907662,5.262857671308819,5.12605093638385,5.197832782116315,6.046563592943031,-1
943,5.302300348283555,4.967387552119152,4.954851421390222,5.240924535814518,4.960006507915095,5.273442154157649,5.10891846310545,5.206093237269651,6.047756411230021,-1
944,5.33394075948822,4.9662500590277405,4.9463164899347,5.225987525572335,4.960179534800071,5.267840151247726,5.098892978670428,5.204697379407874,6.040262973518725,-1
945,5.35530937812464,4.9744147506188705,4.927129919347983,5.208424976165044,4.957230875506776,5.267562002695382,5.089491084836034,5.193225801893068,6.041380215781683,-1
946,5.373807077739563,4.975011731860719,4.904625557711326,5.181412473042756,4.9588345086170715,5.27561657490484,5.080355149493852,5.181609083997341,6.043210186574397,-1
947,5.393974034420828,4.980560873261933,4.880913017801825,5.150876348845922,4.953867626753368,5.277443857017751,5.06907541099312,5.175486706870919,6.049272004010668,-1
948,5.40944816630238,4.986575402449004,4.862539416425405,5.123893630026733,4.962443499485896,5.288159592262344,5.06406690251934,5.173190276944127,6.03991382917455,-1
949,5.426016787898755,4.981949279698853,4.848095622959675,5.107653800680155,4.960954704337907,5.298408999399016,5.051892213594867,5.180506490732749,6.047550322315748,-1
950,5.434374171169151,4.9812073938284245,4.8388130249264405,5.104852710116873,4.951661254386691,5.294448144689644,5.055349651348468,5.179832919487015,6.04875294691312,-1
951,5.437435886693742,4.996786630944814,4.82438751696288,5.115758997015125,4.951431031695951,5.293863556311301,5.052579372592039,5.193120863624496,6.044541192860318,-1
952,5.43659161914419,5.003429333437143,4.820992968372556,5.125056103518247,4.954582573612419,5.28977824277427,5.047703219137752,5.203440357619057,6.051285966785951,-1
953,5.432444034791806,5.014428343184528,4.83483048361388,5.127530952317715,4.9642201640991805,5.2828650924126315,5.037950770738227,5.215413405099047,6.053605463936931,-1
954,5.428302418854902,5.026358516572378,4.860920195325958,5.131706120284588,4.976270024519226,5.270333381504684,5.028544396139748,5.2180516821250205,6.056321755550986,-1
955,5.417730948146049,5.037407211395857,4.887892736337236,5.140782425163783,4.992402090266324,5.255894257511903,5.022972585237426,5.2223810475267705,6.054795452232066,-1
956,5.402729846839368,5.047217703308245,4.918766694670751,5.154758899827556,5.009833351270646,5.23203143574213,5.013021407149954,5.216442151937834,6.03645534266409,-1
957,5.385558842088136,5.064529963924672,4.953586551073466,5.161450293475403,5.029474338223187,5.211268598842495,5.016056679199499,5.210344743896421,6.0491191550821535,-1
958,5.380265744798471,5.082947306564345,4.9836360821974015,5.167005040340068,5.046232466092852,5.196516690307587,5.016138204756606,5.2031146296918,6.0493438757750635,-1
959,5.373862786671645,5.096114747886881,5.02226340533791,5.158960436023241,5.062352582563079,5.1808609995330945,5.029822318849664,5.187802443514188,6.039596042631449,-1
960,5.366879811474234,5.123183988966336,5.056404088297574,5.154128449119774,5.0660514580600475,5.167152610501754,5.0386945329941195,5.17688915952355,6.052131256936684,-1
961,5.352859831531592,5.144597242091681,5.088237957741016,5.155002320700169,5.069010289388084,5.162462184267698,5.056162957729497,5.1591103522219015,6.04750309957935,-1
962,5.3438459012495025,5.163781964831028,5.109965266077143,5.164113450308925,5.0695429503970875,5.162915019078469,5.073086629310605,5.141806766162398,6.058442291468478,-1
963,5.341127543051302,5.187564456599752,5.128036550164235,5.170444214522107,5.082369957035158,5.1604888855646,5.090508223761323,5.124073811385818,6.044200842348796,-1
964,5.337464078947077,5.215593050708907,5.1461275051346735,5.176141561811004,5.096515856114263,5.154131994826744,5.10357014421238,5.114067159264472,6.051119052684817,-1
965,5.339161616852768,5.238058187597422,5.162701725719011,5.188438936978473,5.094742663563515,5.145680856097712,5.117625381483252,5.107750091207238,6.051506898001317,-1
966,5.327762871853248,5.258156854841463,5.1773542614731545,5.196280619974066,5.083672239979005,5.134534918856755,5.132748681093581,5.1138285654281095,6.04929408172137,-1
967,5.316605493738068,5.2816240305031075,5.1871071844920635,5.214284600050965,5.069827209504547,5.130422156557588,5.139331719111798,5.122980361608432,6.035586516095247,-1
968,5.30958164282865,5.304349011971832,5.18987168660186,5.226562394301142,5.068905052809306,5.128819055542677,5.147443719772573,5.130120297344115,6.048271415281496,-1
969,5.321325087262767,5.318229557655654,5.201458844105409,5.229662254734048,5.07851602531218,5.114249548124141,5.151152724592251,5.1371393488626085,6.04935773330272,-1
970,5.326812512688788,5.329769252854761,5.209108032430358,5.242069538247832,5.084616766464075,5.087186717363751,5.161122133862992,5.148241486005739,6.04756002766307,-1
971,5.32106816507655,5.3414274042954855,5.214724476799639,5.255928663269384,5.073513624952312,5.065537488285711,5.175667652627251,5.151839916314831,6.046812143855283,-1
972,5.311640926055161,5.354109806920219,5.207474606479856,5.263166090229699,5.055038960646013,5.051894289371887,5.186491071187444,5.143442675883213,6.047922871503411,-1
973,5.296219171615001,5.367623399246955,5.191734775251302,5.252866058003287,5.047273014911456,5.044970043848485,5.193958190279333,5.127445963644357,6.0527807079310785,-1
974,5.2797161015663185,5.38213190542638,5.1744150284394905,5.243111606628019,5.064523885772926,5.043394581592333,5.197433700707894,5.103691675796644,6.038571410029261,-1
975,5.26062286058803,5.385947747931626,5.158661692762463,5.2244300421343866,5.08757943550574,5.035777205444385,5.195892964858728,5.078017018554195,6.059366635743469,-1
976,5.234437334319027,5.377957377341312,5.144938645977812,5.199493719833214,5.104748951122023,5.028813334547336,5.206972851288613,5.055383595305097,6.040704167310939,-1
977,5.204269065309104,5.374140234418661,5.119575885845672,5.178490544439336,5.105343857658111,5.03110213714951,5.226241842812001,5.043375026624551,6.041877275727304,-1
978,5.174876824100928,5.370623310953153,5.09087646591769,5.151032431309528,5.103804882630504,5.047109062940688,5.239946091110862,5.022685459149452,6.0447000975281675,-1
979,5.151527754992695,5.357773134728099,5.063490817202905,5.124321475167387,5.104336630706385,5.0623317937978705,5.250727965005775,5.010051409373107,6.049562659238698,-1
980,5.1416000697034585,5.343680226528568,5.047393213392067,5.102869632667695,5.107871385507135,5.080198689537154,5.261493840542261,5.002141043811854,6.05461591701018,-1
981,5.13646813687297,5.328082609417842,5.041335692575268,5.092631559476411,5.114218192277255,5.096505915564967,5.2709688585349825,4.99559920593865,6.046300421931553,-1
982,5.133574662193028,5.311774248814194,5.042952157966777,5.079040231572848,5.114964513301757,5.106776565658803,5.270093784970408,4.992025417756298,6.039925388614013,-1
983,5.135527594774379,5.295233121742967,5.041277880716675,5.06226107183245,5.102050413689175,5.116481518639233,5.277430042516927,4.994015432581167,6.039061257975429,-1
984,5.13997335923663,5.285392929006246,5.04088174066982,5.0576602347320385,5.086767415226307,5.134395280006128,5.278044349065106,4.998628860134079,6.046067186978837,-1
985,5.13515298941626,5.270950154035187,5.048331527546123,5.062190298582739,5.08147563638789,5.148321882192945,5.271308192753546,4.996625895248468,6.049800402740201,-1
986,5.133825381874267,5.259614535349993,5.057400351070151,5.069868293033134,5.08231084337732,5.150405751051033,5.267191451283984,5.010414703244041,6.044727701816706,-1
987,5.137071612445795,5.261877294110611,5.070133463702641,5.078800106975063,5.090839187744877,5.149156715652539,5.255168408481916,5.02137266139615,6.053888348844111,-1
988,5.141040425187798,5.262545100488648,5.083348020009999,5.082205319490727,5.0882841435058115,5.148603425420228,5.2347916549190705,5.045131855732474,6.048271704555535,-1
989,5.137881834924246,5.260556731705477,5.08341475393416,5.083360105363997,5.07789126572418,5.143140932707319,5.216271905952288,5.065956551119306,6.046223356534573,-1
990,5.140974127168385,5.260267095422627,5.0765762369319924,5.087696971893285,5.069054465901424,5.138099760156243,5.2110683045156785,5.0836797963754305,6.043245384315694,-1
991,5.149234158656599,5.26904985939515,5.07264755787319,5.099136831911541,5.063299230274439,5.136511677677937,5.2016734372348745,5.099777084208763,6.046721653686101,-1
992,5.161660732927407,5.276128854430997,5.072435216735715,5.117845905472701,5.059705804386902,5.138028116659038,5.193639363015627,5.118742597738198,6.057282998682813,-1
993,5.171626923162662,5.296244132087721,5.064519430897415,5.128177110276482,5.053637198790652,5.139770300291724,5.179161127709996,5.1452166106430335,6.039645898994348,-1
994,5.177401031769103,5.312448291790769,5.057175584836081,5.137665021688721,5.04346800542025,5.144786537949891,5.166974586156362,5.164508184653935,6.050988452775523,-1
995,5.175986977231199,5.3102568704878035,5.0428526643235685,5.151411483857734,5.032269294681988,5.155422826303789,5.167469270646091,5.17525405795868,6.0468949238560965,-1
996,5.166065352877773,5.3085633372488,5.035021793176981,5.1713670106562235,5.029881789663244,5.160006881958408,5.182852307875744,5.177326228255752,6.05179965631083,-1
997,4.523048143662731,4.650312603314937,4.404715776618863,4.536014173954943,4.403205762229144,4.520128011823912,4.540447966048006,4.536743157585741,6.054265898705767,-1
998,3.8786724088584204,3.989879544747504,3.7763547801231967,3.89954926662079,3.7713463895775186,3.8807089712171705,3.8913532966775826,3.896157222015842,6.04334897118998,-1
999,3.2275154014069463,3.3248098595283295,3.148339917922315,3.2596060572913323,3.141131497609695,3.2386886648730218,3.2455555953918385,3.2515194354539787,6.051545585853741,-1
