{
	"universe_id":{
		"GlobalMean":5.525924603174602e3,
		"GlobalStdDev":2.515265267282456e3,
		"NumFiles":28
	},
	"E":{
		"GlobalMean":2.5369299489128842e1,
		"GlobalStdDev":1.5373214843237141e1,
		"NumFiles":23
	},
	"I":{
		"GlobalMean":0.0,
		"GlobalStdDev":0.0,
		"NumFiles":23
	},
	"lock_epoch":{
		"GlobalMean":2.2572350740740745e2,
		"GlobalStdDev":1.6982277228691134e2,
		"NumFiles":18
	},
	"q_lon_deg":{
		"GlobalMean":1.6710383726304826e2,
		"GlobalStdDev":1.0928970629576702e2,
		"NumFiles":5
	},
	"q_lat_deg":{
		"GlobalMean":2.5721365955073956e1,
		"GlobalStdDev":4.6826441171249016e1,
		"NumFiles":5
	},
	"q_T_peak":{
		"GlobalMean":-0.3101713230199771,
		"GlobalStdDev":1.0278871404646202e1,
		"NumFiles":5
	},
	"o_lon_deg":{
		"GlobalMean":1.7579605542350964e2,
		"GlobalStdDev":1.1403824537049718e2,
		"NumFiles":5
	},
	"o_lat_deg":{
		"GlobalMean":1.2170103096144263e1,
		"GlobalStdDev":3.458850054808573e1,
		"NumFiles":5
	},
	"o_T_peak":{
		"GlobalMean":1.8283968150943433,
		"GlobalStdDev":1.1058692913989383e1,
		"NumFiles":5
	},
	"angle_deg":{
		"GlobalMean":7.946061968380954e1,
		"GlobalStdDev":3.0568933953875096e1,
		"NumFiles":10
	},
	"q_lo":{
		"GlobalMean":0.45000000000000007,
		"GlobalStdDev":0.30276503540974914,
		"NumFiles":5
	},
	"q_hi":{
		"GlobalMean":0.55,
		"GlobalStdDev":0.30276503540974914,
		"NumFiles":5
	},
	"gap_lo":{
		"GlobalMean":1.3257742810222004e1,
		"GlobalStdDev":9.962808007409993,
		"NumFiles":5
	},
	"gap_hi":{
		"GlobalMean":3.6957534035418405e1,
		"GlobalStdDev":7.106169325086935e1,
		"NumFiles":5
	},
	"n":{
		"GlobalMean":4.0e3,
		"GlobalStdDev":4.832720210089665e3,
		"NumFiles":20
	},
	"k":{
		"GlobalMean":6.9138e2,
		"GlobalStdDev":9.01009170585248e2,
		"NumFiles":10
	},
	"p":{
		"GlobalMean":0.172845,
		"GlobalStdDev":0.16768994102011509,
		"NumFiles":10
	},
	"ci_lo":{
		"GlobalMean":0.15986166420238163,
		"GlobalStdDev":0.1616270613486402,
		"NumFiles":10
	},
	"ci_hi":{
		"GlobalMean":0.1869115914042227,
		"GlobalStdDev":0.1732003814447947,
		"NumFiles":10
	},
	"time":{
		"GlobalMean":2.6666666666666665,
		"GlobalStdDev":1.5923281512798235,
		"NumFiles":15
	},
	"X":{
		"GlobalMean":1.5649227706690965e1,
		"GlobalStdDev":1.1994499191776852e1,
		"NumFiles":20
	},
	"X_lock":{
		"GlobalMean":1.224931192228429e1,
		"GlobalStdDev":0.0,
		"NumFiles":5
	},
	"epoch":{
		"GlobalMean":3.995e2,
		"GlobalStdDev":2.3108440016582688e2,
		"NumFiles":5
	},
	"A":{
		"GlobalMean":1.9835709397171325e2,
		"GlobalStdDev":1.0039567459325647e2,
		"NumFiles":5
	},
	"I_track":{
		"GlobalMean":7.470491240676883e-5,
		"GlobalStdDev":7.097780194488257e-2,
		"NumFiles":5
	},
	"exp_A":{
		"GlobalMean":-8.561314525357713e-3,
		"GlobalStdDev":3.3322338071899923e-2,
		"NumFiles":5
	},
	"var_A":{
		"GlobalMean":0.9983703645493958,
		"GlobalStdDev":6.207860433014149e-3,
		"NumFiles":5
	},
	"entropy":{
		"GlobalMean":0.9640894682463174,
		"GlobalStdDev":0.123394231993747,
		"NumFiles":5
	},
	"purity":{
		"GlobalMean":0.27942657259643033,
		"GlobalStdDev":0.10130586511395537,
		"NumFiles":5
	},
	"acc_delta":{
		"GlobalMean":0.0,
		"GlobalStdDev":0,
		"NumFiles":5
	},
	"auc_delta":{
		"GlobalMean":0.0,
		"GlobalStdDev":0,
		"NumFiles":5
	},
	"r2_delta":{
		"GlobalMean":0.0,
		"GlobalStdDev":0,
		"NumFiles":5
	},
	"feature":{
		"GlobalMean":null,
		"GlobalStdDev":null,
		"NumFiles":10
	},
	"importance":{
		"GlobalMean":0.6666666666666666,
		"GlobalStdDev":0.144349686796091,
		"NumFiles":10
	},
	"label":{
		"GlobalMean":null,
		"GlobalStdDev":null,
		"NumFiles":10
	},
	"acc":{
		"GlobalMean":0.7635777777777777,
		"GlobalStdDev":0.0,
		"NumFiles":18
	},
	"auc":{
		"GlobalMean":null,
		"GlobalStdDev":null,
		"NumFiles":18
	},
	"cm":{
		"GlobalMean":null,
		"GlobalStdDev":null,
		"NumFiles":5
	},
	"r2":{
		"GlobalMean":null,
		"GlobalStdDev":null,
		"NumFiles":33
	},
	"slice":{
		"GlobalMean":null,
		"GlobalStdDev":null,
		"NumFiles":5
	},
	"eps":{
		"GlobalMean":1.200007150007143e-2,
		"GlobalStdDev":1.849943237675027e-2,
		"NumFiles":10
	},
	"target":{
		"GlobalMean":null,
		"GlobalStdDev":null,
		"NumFiles":41
	},
	"variant":{
		"GlobalMean":null,
		"GlobalStdDev":null,
		"NumFiles":44
	},
	"featset":{
		"GlobalMean":null,
		"GlobalStdDev":null,
		"NumFiles":41
	},
	"n_train":{
		"GlobalMean":5.333195121951219e3,
		"GlobalStdDev":0,
		"NumFiles":41
	},
	"n_test":{
		"GlobalMean":1.7778536585365853e3,
		"GlobalStdDev":0,
		"NumFiles":41
	},
	"seed":{
		"GlobalMean":2.14133443911696e9,
		"GlobalStdDev":1.2397242068802145e9,
		"NumFiles":15
	},
	"stable":{
		"GlobalMean":0.51824,
		"GlobalStdDev":0.4979515032034841,
		"NumFiles":10
	},
	"lockin":{
		"GlobalMean":0.23046000000000003,
		"GlobalStdDev":0.41836426831174567,
		"NumFiles":10
	},
	"stable_epoch":{
		"GlobalMean":2.8625412e2,
		"GlobalStdDev":3.1821573959904066e2,
		"NumFiles":10
	},
	"aoe_align_score":{
		"GlobalMean":0.5654679437502805,
		"GlobalStdDev":0.15261345449436486,
		"NumFiles":5
	},
	"aoe_flag":{
		"GlobalMean":3.2e-4,
		"GlobalStdDev":1.7289019924064362e-2,
		"NumFiles":5
	},
	"ft_acc_delta":{
		"GlobalMean":0.0,
		"GlobalStdDev":0.0,
		"NumFiles":5
	},
	"ft_auc_delta":{
		"GlobalMean":0.0,
		"GlobalStdDev":0.0,
		"NumFiles":5
	},
	"ft_r2_delta":{
		"GlobalMean":0.0,
		"GlobalStdDev":0.0,
		"NumFiles":5
	},
	"abs_E_minus_I":{
		"GlobalMean":1.6792653332339466e1,
		"GlobalStdDev":1.585581485626239e1,
		"NumFiles":5
	},
	"logE":{
		"GlobalMean":2.50198308181416,
		"GlobalStdDev":0.7982743479638115,
		"NumFiles":5
	},
	"logX":{
		"GlobalMean":2.50198308181416,
		"GlobalStdDev":0.7982743479638115,
		"NumFiles":5
	},
	"E_rank":{
		"GlobalMean":0.5000499999999999,
		"GlobalStdDev":0.2886895679907167,
		"NumFiles":5
	},
	"X_rank":{
		"GlobalMean":0.5000499999999999,
		"GlobalStdDev":0.2886895679907167,
		"NumFiles":5
	},
	"dist_to_goldilocks":{
		"GlobalMean":null,
		"GlobalStdDev":null,
		"NumFiles":5
	},
	"group":{
		"GlobalMean":null,
		"GlobalStdDev":null,
		"NumFiles":10
	},
	"stable_n":{
		"GlobalMean":2.5912e3,
		"GlobalStdDev":3.176762751943154e3,
		"NumFiles":10
	},
	"stable_ratio":{
		"GlobalMean":0.51824,
		"GlobalStdDev":0.0,
		"NumFiles":10
	},
	"lockin_n":{
		"GlobalMean":1.1523e3,
		"GlobalStdDev":1.4126982552732695e3,
		"NumFiles":10
	},
	"lockin_ratio":{
		"GlobalMean":0.23046000000000003,
		"GlobalStdDev":0.0,
		"NumFiles":10
	},
	"rank":{
		"GlobalMean":1.0,
		"GlobalStdDev":0.0,
		"NumFiles":3
	},
	"z_value":{
		"GlobalMean":-8.309040003324655e1,
		"GlobalStdDev":7.005182545208704,
		"NumFiles":3
	},
	"sigma_arcmin":{
		"GlobalMean":3.0e1,
		"GlobalStdDev":0.0,
		"NumFiles":3
	},
	"lon_deg":{
		"GlobalMean":1.2216766687474778e2,
		"GlobalStdDev":8.149354463817122e1,
		"NumFiles":3
	},
	"lat_deg":{
		"GlobalMean":1.3386158125575285e1,
		"GlobalStdDev":3.570823997015457e1,
		"NumFiles":3
	},
	"cold_min_z":{
		"GlobalMean":-8.393199994098848e1,
		"GlobalStdDev":7.912098976825042,
		"NumFiles":3
	},
	"cold_mean_z_topk":{
		"GlobalMean":-8.283590846734313e1,
		"GlobalStdDev":6.777235858385193,
		"NumFiles":3
	},
	"cold_count":{
		"GlobalMean":1.5,
		"GlobalStdDev":0.18257418583505536,
		"NumFiles":3
	},
	"cold_sigma_best":{
		"GlobalMean":3.0e1,
		"GlobalStdDev":0.0,
		"NumFiles":3
	},
	"cold_flag":{
		"GlobalMean":3.9999999999999996e-4,
		"GlobalStdDev":1.9708774618430517e-2,
		"NumFiles":3
	}
}